anchor_id,anchor_label,sector,abbr,ทิศ,องศา,neighbour_id,neighbour_label,neighbour_kind,ระยะเส้นตรง_กม,ระยะตามถนน_กม,detour,snap_anchor_m,snap_nbr_m
south-facilities:9001,รพ.สต./สถานีอนามัย Sampit,0,N,อุดร (เหนือ),0.0,south-facilities:9001/5,หน่วยทหาร ฐานทัพเรือสงขลา,หน่วยทหาร,8.969,13.118,1.463,33.823638752248094,223.45620966272125
south-facilities:9001,รพ.สต./สถานีอนามัย Sampit,1,NbE,เหนือค่อนอีสาน,11.25,south-facilities:9001/9,สถานีตำรวจ สถานีตํารวจภูธรเมืองสงขลา,สถานีตำรวจ,8.638,12.614,1.46,33.823638752248094,37.67396040236064
south-facilities:9001,รพ.สต./สถานีอนามัย Sampit,2,NNE,เหนือ-อีสาน,22.5,,— ว่าง —,,,,,,
south-facilities:9001,รพ.สต./สถานีอนามัย Sampit,3,NEbN,อีสานค่อนเหนือ,33.75,south-facilities:9001/3,โรงพยาบาล โรงพยาบาลฐานทัพเรือสงขลา,โรงพยาบาล,6.418,8.879,1.383,33.823638752248094,147.85443395026337
south-facilities:9001,รพ.สต./สถานีอนามัย Sampit,4,NE,อีสาน (ตอ.เฉียงเหนือ),45.0,south-facilities:9001/4,สถานีตำรวจ กน่วยกู้ชีพ เทศบาลเขารูปช้าง,สถานีตำรวจ,6.177,8.138,1.317,33.823638752248094,17.500637487933474
south-facilities:9001,รพ.สต./สถานีอนามัย Sampit,5,NEbE,อีสานค่อนบูรพา,56.25,,— ว่าง —,,,,,,
south-facilities:9001,รพ.สต./สถานีอนามัย Sampit,6,ENE,บูรพา-อีสาน,67.5,,— ว่าง —,,,,,,
south-facilities:9001,รพ.สต./สถานีอนามัย Sampit,7,EbN,บูรพาค่อนเหนือ,78.75,south-facilities:9001/7,หน่วยทหาร 5th Field Artilery Battalion,หน่วยทหาร,5.3,17.074,3.221,33.823638752248094,257.7609340848567
south-facilities:9001,รพ.สต./สถานีอนามัย Sampit,8,E,บูรพา (ตะวันออก),90.0,,— ว่าง —,,,,,,
south-facilities:9001,รพ.สต./สถานีอนามัย Sampit,9,EbS,บูรพาค่อนใต้,101.25,,— ว่าง —,,,,,,
south-facilities:9001,รพ.สต./สถานีอนามัย Sampit,10,ESE,บูรพา-อาคเนย์,112.5,,— ว่าง —,,,,,,
south-facilities:9001,รพ.สต./สถานีอนามัย Sampit,11,SEbE,อาคเนย์ค่อนบูรพา,123.75,,— ว่าง —,,,,,,
south-facilities:9001,รพ.สต./สถานีอนามัย Sampit,12,SE,อาคเนย์ (ตอ.เฉียงใต้),135.0,,— ว่าง —,,,,,,
south-facilities:9001,รพ.สต./สถานีอนามัย Sampit,13,SEbS,อาคเนย์ค่อนใต้,146.25,south-facilities:9003/2,ด่านตรวจ (ไม่ระบุชื่อ) จะนะ,ด่านตรวจ,21.17,27.167,1.283,33.823638752248094,0.03492864193374608
south-facilities:9001,รพ.สต./สถานีอนามัย Sampit,14,SSE,ใต้-อาคเนย์,157.5,,— ว่าง —,,,,,,
south-facilities:9001,รพ.สต./สถานีอนามัย Sampit,15,SbE,ใต้ค่อนบูรพา,168.75,,— ว่าง —,,,,,,
south-facilities:9001,รพ.สต./สถานีอนามัย Sampit,16,S,ทักษิณ (ใต้),180.0,south-facilities:9012,โรงพยาบาล โรงพยาบาลนาหม่อม,โรงพยาบาล,16.789,19.618,1.168,33.823638752248094,166.50934497782745
south-facilities:9001,รพ.สต./สถานีอนามัย Sampit,17,SbW,ใต้ค่อนประจิม,191.25,south-facilities:9012/2,สถานีตำรวจ (ไม่ระบุชื่อ) นาหม่อม,สถานีตำรวจ,20.008,24.194,1.209,33.823638752248094,27.68356801387466
south-facilities:9001,รพ.สต./สถานีอนามัย Sampit,18,SSW,ใต้-หรดี,202.5,,— ว่าง —,,,,,,
south-facilities:9001,รพ.สต./สถานีอนามัย Sampit,19,SWbS,หรดีค่อนใต้,213.75,south-facilities:9011/7,หน่วยทหาร ค่ายเสนาณรงค์,หน่วยทหาร,14.707,16.55,1.125,33.823638752248094,47.68297195517997
south-facilities:9001,รพ.สต./สถานีอนามัย Sampit,20,SW,หรดี (ตต.เฉียงใต้),225.0,south-facilities:9011/26,โรงพยาบาล โรงพยาบาลศิครินทร์หาดใหญ่,โรงพยาบาล,17.12,20.026,1.17,33.823638752248094,71.3143489287222
south-facilities:9001,รพ.สต./สถานีอนามัย Sampit,21,SWbW,หรดีค่อนประจิม,236.25,,— ว่าง —,,,,,,
south-facilities:9001,รพ.สต./สถานีอนามัย Sampit,22,WSW,ประจิม-หรดี,247.5,,— ว่าง —,,,,,,
south-facilities:9001,รพ.สต./สถานีอนามัย Sampit,23,WbS,ประจิมค่อนใต้,258.75,south-facilities:9014/3,โรงพยาบาล โรงพยาบาลบางกล่ำ,โรงพยาบาล,18.865,40.173,2.129,33.823638752248094,752.6748743679142
south-facilities:9001,รพ.สต./สถานีอนามัย Sampit,24,W,ประจิม (ตะวันตก),270.0,,— ว่าง —,,,,,,
south-facilities:9001,รพ.สต./สถานีอนามัย Sampit,25,WbN,ประจิมค่อนเหนือ,281.25,,— ว่าง —,,,,,,
south-facilities:9001,รพ.สต./สถานีอนามัย Sampit,26,WNW,ประจิม-พายัพ,292.5,,— ว่าง —,,,,,,
south-facilities:9001,รพ.สต./สถานีอนามัย Sampit,27,NWbW,พายัพค่อนประจิม,303.75,south-facilities:9001/6,โรงพยาบาล โรงพยาบาลสงขลา,โรงพยาบาล,1.331,2.257,1.696,33.823638752248094,312.9522554864306
south-facilities:9001,รพ.สต./สถานีอนามัย Sampit,28,NW,พายัพ (ตต.เฉียงเหนือ),315.0,,— ว่าง —,,,,,,
south-facilities:9001,รพ.สต./สถานีอนามัย Sampit,29,NWbN,พายัพค่อนเหนือ,326.25,,— ว่าง —,,,,,,
south-facilities:9001,รพ.สต./สถานีอนามัย Sampit,30,NNW,เหนือ-พายัพ,337.5,south-facilities:9015/4,โรงพยาบาล โรงพยาบาลสิงหนคร,โรงพยาบาล,12.106,15.17,1.253,33.823638752248094,567.4390063520451
south-facilities:9001,รพ.สต./สถานีอนามัย Sampit,31,NbW,เหนือค่อนประจิม,348.75,south-facilities:9015/2,รพ.สต./สถานีอนามัย (ไม่ระบุชื่อ) สิงหนคร,รพ.สต./สถานีอนามัย,6.794,17.221,2.535,33.823638752248094,219.61463642796394
south-facilities:9001/2,โรงพยาบาล โรงพยาบาลจิตเวชสงขลาราชนครินทร์,0,N,อุดร (เหนือ),0.0,,— ว่าง —,,,,,,
south-facilities:9001/2,โรงพยาบาล โรงพยาบาลจิตเวชสงขลาราชนครินทร์,1,NbE,เหนือค่อนอีสาน,11.25,,— ว่าง —,,,,,,
south-facilities:9001/2,โรงพยาบาล โรงพยาบาลจิตเวชสงขลาราชนครินทร์,2,NNE,เหนือ-อีสาน,22.5,,— ว่าง —,,,,,,
south-facilities:9001/2,โรงพยาบาล โรงพยาบาลจิตเวชสงขลาราชนครินทร์,3,NEbN,อีสานค่อนเหนือ,33.75,,— ว่าง —,,,,,,
south-facilities:9001/2,โรงพยาบาล โรงพยาบาลจิตเวชสงขลาราชนครินทร์,4,NE,อีสาน (ตอ.เฉียงเหนือ),45.0,,— ว่าง —,,,,,,
south-facilities:9001/2,โรงพยาบาล โรงพยาบาลจิตเวชสงขลาราชนครินทร์,5,NEbE,อีสานค่อนบูรพา,56.25,,— ว่าง —,,,,,,
south-facilities:9001/2,โรงพยาบาล โรงพยาบาลจิตเวชสงขลาราชนครินทร์,6,ENE,บูรพา-อีสาน,67.5,,— ว่าง —,,,,,,
south-facilities:9001/2,โรงพยาบาล โรงพยาบาลจิตเวชสงขลาราชนครินทร์,7,EbN,บูรพาค่อนเหนือ,78.75,,— ว่าง —,,,,,,
south-facilities:9001/2,โรงพยาบาล โรงพยาบาลจิตเวชสงขลาราชนครินทร์,8,E,บูรพา (ตะวันออก),90.0,,— ว่าง —,,,,,,
south-facilities:9001/2,โรงพยาบาล โรงพยาบาลจิตเวชสงขลาราชนครินทร์,9,EbS,บูรพาค่อนใต้,101.25,,— ว่าง —,,,,,,
south-facilities:9001/2,โรงพยาบาล โรงพยาบาลจิตเวชสงขลาราชนครินทร์,10,ESE,บูรพา-อาคเนย์,112.5,,— ว่าง —,,,,,,
south-facilities:9001/2,โรงพยาบาล โรงพยาบาลจิตเวชสงขลาราชนครินทร์,11,SEbE,อาคเนย์ค่อนบูรพา,123.75,,— ว่าง —,,,,,,
south-facilities:9001/2,โรงพยาบาล โรงพยาบาลจิตเวชสงขลาราชนครินทร์,12,SE,อาคเนย์ (ตอ.เฉียงใต้),135.0,,— ว่าง —,,,,,,
south-facilities:9001/2,โรงพยาบาล โรงพยาบาลจิตเวชสงขลาราชนครินทร์,13,SEbS,อาคเนย์ค่อนใต้,146.25,,— ว่าง —,,,,,,
south-facilities:9001/2,โรงพยาบาล โรงพยาบาลจิตเวชสงขลาราชนครินทร์,14,SSE,ใต้-อาคเนย์,157.5,south-facilities:9003,ด่านตรวจ (ไม่ระบุชื่อ) จะนะ,ด่านตรวจ,23.616,24.393,1.033,50.46686919075465,0.04582693977097527
south-facilities:9001/2,โรงพยาบาล โรงพยาบาลจิตเวชสงขลาราชนครินทร์,15,SbE,ใต้ค่อนบูรพา,168.75,south-facilities:9001/4,สถานีตำรวจ กน่วยกู้ชีพ เทศบาลเขารูปช้าง,สถานีตำรวจ,0.37,1.831,4.95,50.46686919075465,17.500637487933474
south-facilities:9001/2,โรงพยาบาล โรงพยาบาลจิตเวชสงขลาราชนครินทร์,16,S,ทักษิณ (ใต้),180.0,,— ว่าง —,,,,,,
south-facilities:9001/2,โรงพยาบาล โรงพยาบาลจิตเวชสงขลาราชนครินทร์,17,SbW,ใต้ค่อนประจิม,191.25,south-facilities:9012,โรงพยาบาล โรงพยาบาลนาหม่อม,โรงพยาบาล,21.785,26.033,1.195,50.46686919075465,166.50934497782745
south-facilities:9001/2,โรงพยาบาล โรงพยาบาลจิตเวชสงขลาราชนครินทร์,18,SSW,ใต้-หรดี,202.5,,— ว่าง —,,,,,,
south-facilities:9001/2,โรงพยาบาล โรงพยาบาลจิตเวชสงขลาราชนครินทร์,19,SWbS,หรดีค่อนใต้,213.75,south-facilities:9011/7,หน่วยทหาร ค่ายเสนาณรงค์,หน่วยทหาร,21.077,22.965,1.09,50.46686919075465,47.68297195517997
south-facilities:9001/2,โรงพยาบาล โรงพยาบาลจิตเวชสงขลาราชนครินทร์,20,SW,หรดี (ตต.เฉียงใต้),225.0,south-facilities:9001,รพ.สต./สถานีอนามัย Sampit,รพ.สต./สถานีอนามัย,6.406,9.663,1.508,50.46686919075465,33.823638752248094
south-facilities:9001/2,โรงพยาบาล โรงพยาบาลจิตเวชสงขลาราชนครินทร์,21,SWbW,หรดีค่อนประจิม,236.25,south-facilities:9001/6,โรงพยาบาล โรงพยาบาลสงขลา,โรงพยาบาล,6.802,9.798,1.44,50.46686919075465,312.9522554864306
south-facilities:9001/2,โรงพยาบาล โรงพยาบาลจิตเวชสงขลาราชนครินทร์,22,WSW,ประจิม-หรดี,247.5,south-facilities:9014/3,โรงพยาบาล โรงพยาบาลบางกล่ำ,โรงพยาบาล,24.412,46.6,1.909,50.46686919075465,752.6748743679142
south-facilities:9001/2,โรงพยาบาล โรงพยาบาลจิตเวชสงขลาราชนครินทร์,23,WbS,ประจิมค่อนใต้,258.75,,— ว่าง —,,,,,,
south-facilities:9001/2,โรงพยาบาล โรงพยาบาลจิตเวชสงขลาราชนครินทร์,24,W,ประจิม (ตะวันตก),270.0,,— ว่าง —,,,,,,
south-facilities:9001/2,โรงพยาบาล โรงพยาบาลจิตเวชสงขลาราชนครินทร์,25,WbN,ประจิมค่อนเหนือ,281.25,,— ว่าง —,,,,,,
south-facilities:9001/2,โรงพยาบาล โรงพยาบาลจิตเวชสงขลาราชนครินทร์,26,WNW,ประจิม-พายัพ,292.5,south-facilities:9015/2,รพ.สต./สถานีอนามัย (ไม่ระบุชื่อ) สิงหนคร,รพ.สต./สถานีอนามัย,5.761,24.763,4.299,50.46686919075465,219.61463642796394
south-facilities:9001/2,โรงพยาบาล โรงพยาบาลจิตเวชสงขลาราชนครินทร์,27,NWbW,พายัพค่อนประจิม,303.75,south-facilities:9001/3,โรงพยาบาล โรงพยาบาลฐานทัพเรือสงขลา,โรงพยาบาล,1.035,1.925,1.859,50.46686919075465,147.85443395026337
south-facilities:9001/2,โรงพยาบาล โรงพยาบาลจิตเวชสงขลาราชนครินทร์,28,NW,พายัพ (ตต.เฉียงเหนือ),315.0,south-facilities:9001/9,สถานีตำรวจ สถานีตํารวจภูธรเมืองสงขลา,สถานีตำรวจ,4.983,5.659,1.136,50.46686919075465,37.67396040236064
south-facilities:9001/2,โรงพยาบาล โรงพยาบาลจิตเวชสงขลาราชนครินทร์,29,NWbN,พายัพค่อนเหนือ,326.25,,— ว่าง —,,,,,,
south-facilities:9001/2,โรงพยาบาล โรงพยาบาลจิตเวชสงขลาราชนครินทร์,30,NNW,เหนือ-พายัพ,337.5,south-facilities:9001/8,สถานีตำรวจ (ไม่ระบุชื่อ) เมืองสงขลา,สถานีตำรวจ,4.455,5.282,1.186,50.46686919075465,16.65457506269424
south-facilities:9001/2,โรงพยาบาล โรงพยาบาลจิตเวชสงขลาราชนครินทร์,31,NbW,เหนือค่อนประจิม,348.75,,— ว่าง —,,,,,,
south-facilities:9001/3,โรงพยาบาล โรงพยาบาลฐานทัพเรือสงขลา,0,N,อุดร (เหนือ),0.0,,— ว่าง —,,,,,,
south-facilities:9001/3,โรงพยาบาล โรงพยาบาลฐานทัพเรือสงขลา,1,NbE,เหนือค่อนอีสาน,11.25,,— ว่าง —,,,,,,
south-facilities:9001/3,โรงพยาบาล โรงพยาบาลฐานทัพเรือสงขลา,2,NNE,เหนือ-อีสาน,22.5,,— ว่าง —,,,,,,
south-facilities:9001/3,โรงพยาบาล โรงพยาบาลฐานทัพเรือสงขลา,3,NEbN,อีสานค่อนเหนือ,33.75,,— ว่าง —,,,,,,
south-facilities:9001/3,โรงพยาบาล โรงพยาบาลฐานทัพเรือสงขลา,4,NE,อีสาน (ตอ.เฉียงเหนือ),45.0,,— ว่าง —,,,,,,
south-facilities:9001/3,โรงพยาบาล โรงพยาบาลฐานทัพเรือสงขลา,5,NEbE,อีสานค่อนบูรพา,56.25,,— ว่าง —,,,,,,
south-facilities:9001/3,โรงพยาบาล โรงพยาบาลฐานทัพเรือสงขลา,6,ENE,บูรพา-อีสาน,67.5,,— ว่าง —,,,,,,
south-facilities:9001/3,โรงพยาบาล โรงพยาบาลฐานทัพเรือสงขลา,7,EbN,บูรพาค่อนเหนือ,78.75,,— ว่าง —,,,,,,
south-facilities:9001/3,โรงพยาบาล โรงพยาบาลฐานทัพเรือสงขลา,8,E,บูรพา (ตะวันออก),90.0,,— ว่าง —,,,,,,
south-facilities:9001/3,โรงพยาบาล โรงพยาบาลฐานทัพเรือสงขลา,9,EbS,บูรพาค่อนใต้,101.25,,— ว่าง —,,,,,,
south-facilities:9001/3,โรงพยาบาล โรงพยาบาลฐานทัพเรือสงขลา,10,ESE,บูรพา-อาคเนย์,112.5,,— ว่าง —,,,,,,
south-facilities:9001/3,โรงพยาบาล โรงพยาบาลฐานทัพเรือสงขลา,11,SEbE,อาคเนย์ค่อนบูรพา,123.75,south-facilities:9001/2,โรงพยาบาล โรงพยาบาลจิตเวชสงขลาราชนครินทร์,โรงพยาบาล,1.035,1.064,1.028,147.85443395026337,50.46686919075465
south-facilities:9001/3,โรงพยาบาล โรงพยาบาลฐานทัพเรือสงขลา,12,SE,อาคเนย์ (ตอ.เฉียงใต้),135.0,south-facilities:9001/4,สถานีตำรวจ กน่วยกู้ชีพ เทศบาลเขารูปช้าง,สถานีตำรวจ,1.328,2.553,1.923,147.85443395026337,17.500637487933474
south-facilities:9001/3,โรงพยาบาล โรงพยาบาลฐานทัพเรือสงขลา,13,SEbS,อาคเนย์ค่อนใต้,146.25,,— ว่าง —,,,,,,
south-facilities:9001/3,โรงพยาบาล โรงพยาบาลฐานทัพเรือสงขลา,14,SSE,ใต้-อาคเนย์,157.5,south-facilities:9001/7,หน่วยทหาร 5th Field Artilery Battalion,หน่วยทหาร,4.917,13.951,2.837,147.85443395026337,257.7609340848567
south-facilities:9001/3,โรงพยาบาล โรงพยาบาลฐานทัพเรือสงขลา,15,SbE,ใต้ค่อนบูรพา,168.75,,— ว่าง —,,,,,,
south-facilities:9001/3,โรงพยาบาล โรงพยาบาลฐานทัพเรือสงขลา,16,S,ทักษิณ (ใต้),180.0,,— ว่าง —,,,,,,
south-facilities:9001/3,โรงพยาบาล โรงพยาบาลฐานทัพเรือสงขลา,17,SbW,ใต้ค่อนประจิม,191.25,south-facilities:9012,โรงพยาบาล โรงพยาบาลนาหม่อม,โรงพยาบาล,22.308,26.755,1.199,147.85443395026337,166.50934497782745
south-facilities:9001/3,โรงพยาบาล โรงพยาบาลฐานทัพเรือสงขลา,18,SSW,ใต้-หรดี,202.5,,— ว่าง —,,,,,,
south-facilities:9001/3,โรงพยาบาล โรงพยาบาลฐานทัพเรือสงขลา,19,SWbS,หรดีค่อนใต้,213.75,south-facilities:9001,รพ.สต./สถานีอนามัย Sampit,รพ.สต./สถานีอนามัย,6.418,8.552,1.333,147.85443395026337,33.823638752248094
south-facilities:9001/3,โรงพยาบาล โรงพยาบาลฐานทัพเรือสงขลา,20,SW,หรดี (ตต.เฉียงใต้),225.0,south-facilities:9001/6,โรงพยาบาล โรงพยาบาลสงขลา,โรงพยาบาล,6.61,8.688,1.314,147.85443395026337,312.9522554864306
south-facilities:9001/3,โรงพยาบาล โรงพยาบาลฐานทัพเรือสงขลา,21,SWbW,หรดีค่อนประจิม,236.25,,— ว่าง —,,,,,,
south-facilities:9001/3,โรงพยาบาล โรงพยาบาลฐานทัพเรือสงขลา,22,WSW,ประจิม-หรดี,247.5,south-facilities:9014/3,โรงพยาบาล โรงพยาบาลบางกล่ำ,โรงพยาบาล,23.911,47.322,1.979,147.85443395026337,752.6748743679142
south-facilities:9001/3,โรงพยาบาล โรงพยาบาลฐานทัพเรือสงขลา,23,WbS,ประจิมค่อนใต้,258.75,,— ว่าง —,,,,,,
south-facilities:9001/3,โรงพยาบาล โรงพยาบาลฐานทัพเรือสงขลา,24,W,ประจิม (ตะวันตก),270.0,,— ว่าง —,,,,,,
south-facilities:9001/3,โรงพยาบาล โรงพยาบาลฐานทัพเรือสงขลา,25,WbN,ประจิมค่อนเหนือ,281.25,south-facilities:9015/2,รพ.สต./สถานีอนามัย (ไม่ระบุชื่อ) สิงหนคร,รพ.สต./สถานีอนามัย,4.79,23.652,4.938,147.85443395026337,219.61463642796394
south-facilities:9001/3,โรงพยาบาล โรงพยาบาลฐานทัพเรือสงขลา,26,WNW,ประจิม-พายัพ,292.5,,— ว่าง —,,,,,,
south-facilities:9001/3,โรงพยาบาล โรงพยาบาลฐานทัพเรือสงขลา,27,NWbW,พายัพค่อนประจิม,303.75,south-facilities:9015/4,โรงพยาบาล โรงพยาบาลสิงหนคร,โรงพยาบาล,10.12,21.601,2.134,147.85443395026337,567.4390063520451
south-facilities:9001/3,โรงพยาบาล โรงพยาบาลฐานทัพเรือสงขลา,28,NW,พายัพ (ตต.เฉียงเหนือ),315.0,south-facilities:9015,รพ.สต./สถานีอนามัย (ไม่ระบุชื่อ) สิงหนคร,รพ.สต./สถานีอนามัย,12.506,24.869,1.988,147.85443395026337,34.202017944544764
south-facilities:9001/3,โรงพยาบาล โรงพยาบาลฐานทัพเรือสงขลา,29,NWbN,พายัพค่อนเหนือ,326.25,south-facilities:9001/9,สถานีตำรวจ สถานีตํารวจภูธรเมืองสงขลา,สถานีตำรวจ,3.976,4.548,1.144,147.85443395026337,37.67396040236064
south-facilities:9001/3,โรงพยาบาล โรงพยาบาลฐานทัพเรือสงขลา,30,NNW,เหนือ-พายัพ,337.5,south-facilities:9001/8,สถานีตำรวจ (ไม่ระบุชื่อ) เมืองสงขลา,สถานีตำรวจ,3.546,4.643,1.309,147.85443395026337,16.65457506269424
south-facilities:9001/3,โรงพยาบาล โรงพยาบาลฐานทัพเรือสงขลา,31,NbW,เหนือค่อนประจิม,348.75,,— ว่าง —,,,,,,
south-facilities:9001/4,สถานีตำรวจ กน่วยกู้ชีพ เทศบาลเขารูปช้าง,0,N,อุดร (เหนือ),0.0,,— ว่าง —,,,,,,
south-facilities:9001/4,สถานีตำรวจ กน่วยกู้ชีพ เทศบาลเขารูปช้าง,1,NbE,เหนือค่อนอีสาน,11.25,,— ว่าง —,,,,,,
south-facilities:9001/4,สถานีตำรวจ กน่วยกู้ชีพ เทศบาลเขารูปช้าง,2,NNE,เหนือ-อีสาน,22.5,,— ว่าง —,,,,,,
south-facilities:9001/4,สถานีตำรวจ กน่วยกู้ชีพ เทศบาลเขารูปช้าง,3,NEbN,อีสานค่อนเหนือ,33.75,,— ว่าง —,,,,,,
south-facilities:9001/4,สถานีตำรวจ กน่วยกู้ชีพ เทศบาลเขารูปช้าง,4,NE,อีสาน (ตอ.เฉียงเหนือ),45.0,,— ว่าง —,,,,,,
south-facilities:9001/4,สถานีตำรวจ กน่วยกู้ชีพ เทศบาลเขารูปช้าง,5,NEbE,อีสานค่อนบูรพา,56.25,,— ว่าง —,,,,,,
south-facilities:9001/4,สถานีตำรวจ กน่วยกู้ชีพ เทศบาลเขารูปช้าง,6,ENE,บูรพา-อีสาน,67.5,,— ว่าง —,,,,,,
south-facilities:9001/4,สถานีตำรวจ กน่วยกู้ชีพ เทศบาลเขารูปช้าง,7,EbN,บูรพาค่อนเหนือ,78.75,,— ว่าง —,,,,,,
south-facilities:9001/4,สถานีตำรวจ กน่วยกู้ชีพ เทศบาลเขารูปช้าง,8,E,บูรพา (ตะวันออก),90.0,,— ว่าง —,,,,,,
south-facilities:9001/4,สถานีตำรวจ กน่วยกู้ชีพ เทศบาลเขารูปช้าง,9,EbS,บูรพาค่อนใต้,101.25,,— ว่าง —,,,,,,
south-facilities:9001/4,สถานีตำรวจ กน่วยกู้ชีพ เทศบาลเขารูปช้าง,10,ESE,บูรพา-อาคเนย์,112.5,,— ว่าง —,,,,,,
south-facilities:9001/4,สถานีตำรวจ กน่วยกู้ชีพ เทศบาลเขารูปช้าง,11,SEbE,อาคเนย์ค่อนบูรพา,123.75,,— ว่าง —,,,,,,
south-facilities:9001/4,สถานีตำรวจ กน่วยกู้ชีพ เทศบาลเขารูปช้าง,12,SE,อาคเนย์ (ตอ.เฉียงใต้),135.0,,— ว่าง —,,,,,,
south-facilities:9001/4,สถานีตำรวจ กน่วยกู้ชีพ เทศบาลเขารูปช้าง,13,SEbS,อาคเนย์ค่อนใต้,146.25,,— ว่าง —,,,,,,
south-facilities:9001/4,สถานีตำรวจ กน่วยกู้ชีพ เทศบาลเขารูปช้าง,14,SSE,ใต้-อาคเนย์,157.5,south-facilities:9003,ด่านตรวจ (ไม่ระบุชื่อ) จะนะ,ด่านตรวจ,23.251,25.696,1.105,17.500637487933474,0.04582693977097527
south-facilities:9001/4,สถานีตำรวจ กน่วยกู้ชีพ เทศบาลเขารูปช้าง,15,SbE,ใต้ค่อนบูรพา,168.75,south-facilities:9001/7,หน่วยทหาร 5th Field Artilery Battalion,หน่วยทหาร,3.695,14.532,3.933,17.500637487933474,257.7609340848567
south-facilities:9001/4,สถานีตำรวจ กน่วยกู้ชีพ เทศบาลเขารูปช้าง,16,S,ทักษิณ (ใต้),180.0,,— ว่าง —,,,,,,
south-facilities:9001/4,สถานีตำรวจ กน่วยกู้ชีพ เทศบาลเขารูปช้าง,17,SbW,ใต้ค่อนประจิม,191.25,south-facilities:9012,โรงพยาบาล โรงพยาบาลนาหม่อม,โรงพยาบาล,21.432,25.442,1.187,17.500637487933474,166.50934497782745
south-facilities:9001/4,สถานีตำรวจ กน่วยกู้ชีพ เทศบาลเขารูปช้าง,18,SSW,ใต้-หรดี,202.5,,— ว่าง —,,,,,,
south-facilities:9001/4,สถานีตำรวจ กน่วยกู้ชีพ เทศบาลเขารูปช้าง,19,SWbS,หรดีค่อนใต้,213.75,south-facilities:9011/7,หน่วยทหาร ค่ายเสนาณรงค์,หน่วยทหาร,20.818,22.375,1.075,17.500637487933474,47.68297195517997
south-facilities:9001/4,สถานีตำรวจ กน่วยกู้ชีพ เทศบาลเขารูปช้าง,20,SW,หรดี (ตต.เฉียงใต้),225.0,south-facilities:9001,รพ.สต./สถานีอนามัย Sampit,รพ.สต./สถานีอนามัย,6.177,10.762,1.742,17.500637487933474,33.823638752248094
south-facilities:9001/4,สถานีตำรวจ กน่วยกู้ชีพ เทศบาลเขารูปช้าง,21,SWbW,หรดีค่อนประจิม,236.25,south-facilities:9001/6,โรงพยาบาล โรงพยาบาลสงขลา,โรงพยาบาล,6.633,9.943,1.499,17.500637487933474,312.9522554864306
south-facilities:9001/4,สถานีตำรวจ กน่วยกู้ชีพ เทศบาลเขารูปช้าง,22,WSW,ประจิม-หรดี,247.5,south-facilities:9014/3,โรงพยาบาล โรงพยาบาลบางกล่ำ,โรงพยาบาล,24.328,46.009,1.891,17.500637487933474,752.6748743679142
south-facilities:9001/4,สถานีตำรวจ กน่วยกู้ชีพ เทศบาลเขารูปช้าง,23,WbS,ประจิมค่อนใต้,258.75,,— ว่าง —,,,,,,
south-facilities:9001/4,สถานีตำรวจ กน่วยกู้ชีพ เทศบาลเขารูปช้าง,24,W,ประจิม (ตะวันตก),270.0,,— ว่าง —,,,,,,
south-facilities:9001/4,สถานีตำรวจ กน่วยกู้ชีพ เทศบาลเขารูปช้าง,25,WbN,ประจิมค่อนเหนือ,281.25,,— ว่าง —,,,,,,
south-facilities:9001/4,สถานีตำรวจ กน่วยกู้ชีพ เทศบาลเขารูปช้าง,26,WNW,ประจิม-พายัพ,292.5,south-facilities:9015/2,รพ.สต./สถานีอนามัย (ไม่ระบุชื่อ) สิงหนคร,รพ.สต./สถานีอนามัย,5.944,24.908,4.191,17.500637487933474,219.61463642796394
south-facilities:9001/4,สถานีตำรวจ กน่วยกู้ชีพ เทศบาลเขารูปช้าง,27,NWbW,พายัพค่อนประจิม,303.75,south-facilities:9015/4,โรงพยาบาล โรงพยาบาลสิงหนคร,โรงพยาบาล,11.408,22.857,2.004,17.500637487933474,567.4390063520451
south-facilities:9001/4,สถานีตำรวจ กน่วยกู้ชีพ เทศบาลเขารูปช้าง,28,NW,พายัพ (ตต.เฉียงเหนือ),315.0,south-facilities:9001/3,โรงพยาบาล โรงพยาบาลฐานทัพเรือสงขลา,โรงพยาบาล,1.328,3.876,2.919,17.500637487933474,147.85443395026337
south-facilities:9001/4,สถานีตำรวจ กน่วยกู้ชีพ เทศบาลเขารูปช้าง,29,NWbN,พายัพค่อนเหนือ,326.25,south-facilities:9001/9,สถานีตำรวจ สถานีตํารวจภูธรเมืองสงขลา,สถานีตำรวจ,5.302,7.61,1.435,17.500637487933474,37.67396040236064
south-facilities:9001/4,สถานีตำรวจ กน่วยกู้ชีพ เทศบาลเขารูปช้าง,30,NNW,เหนือ-พายัพ,337.5,south-facilities:9001/8,สถานีตำรวจ (ไม่ระบุชื่อ) เมืองสงขลา,สถานีตำรวจ,4.808,7.624,1.586,17.500637487933474,16.65457506269424
south-facilities:9001/4,สถานีตำรวจ กน่วยกู้ชีพ เทศบาลเขารูปช้าง,31,NbW,เหนือค่อนประจิม,348.75,south-facilities:9001/2,โรงพยาบาล โรงพยาบาลจิตเวชสงขลาราชนครินทร์,โรงพยาบาล,0.37,2.342,6.329,17.500637487933474,50.46686919075465
south-facilities:9001/5,หน่วยทหาร ฐานทัพเรือสงขลา,0,N,อุดร (เหนือ),0.0,,— ว่าง —,,,,,,
south-facilities:9001/5,หน่วยทหาร ฐานทัพเรือสงขลา,1,NbE,เหนือค่อนอีสาน,11.25,,— ว่าง —,,,,,,
south-facilities:9001/5,หน่วยทหาร ฐานทัพเรือสงขลา,2,NNE,เหนือ-อีสาน,22.5,,— ว่าง —,,,,,,
south-facilities:9001/5,หน่วยทหาร ฐานทัพเรือสงขลา,3,NEbN,อีสานค่อนเหนือ,33.75,,— ว่าง —,,,,,,
south-facilities:9001/5,หน่วยทหาร ฐานทัพเรือสงขลา,4,NE,อีสาน (ตอ.เฉียงเหนือ),45.0,,— ว่าง —,,,,,,
south-facilities:9001/5,หน่วยทหาร ฐานทัพเรือสงขลา,5,NEbE,อีสานค่อนบูรพา,56.25,,— ว่าง —,,,,,,
south-facilities:9001/5,หน่วยทหาร ฐานทัพเรือสงขลา,6,ENE,บูรพา-อีสาน,67.5,,— ว่าง —,,,,,,
south-facilities:9001/5,หน่วยทหาร ฐานทัพเรือสงขลา,7,EbN,บูรพาค่อนเหนือ,78.75,,— ว่าง —,,,,,,
south-facilities:9001/5,หน่วยทหาร ฐานทัพเรือสงขลา,8,E,บูรพา (ตะวันออก),90.0,,— ว่าง —,,,,,,
south-facilities:9001/5,หน่วยทหาร ฐานทัพเรือสงขลา,9,EbS,บูรพาค่อนใต้,101.25,south-facilities:9001/8,สถานีตำรวจ (ไม่ระบุชื่อ) เมืองสงขลา,สถานีตำรวจ,1.45,1.503,1.036,223.45620966272125,16.65457506269424
south-facilities:9001/5,หน่วยทหาร ฐานทัพเรือสงขลา,10,ESE,บูรพา-อาคเนย์,112.5,,— ว่าง —,,,,,,
south-facilities:9001/5,หน่วยทหาร ฐานทัพเรือสงขลา,11,SEbE,อาคเนย์ค่อนบูรพา,123.75,,— ว่าง —,,,,,,
south-facilities:9001/5,หน่วยทหาร ฐานทัพเรือสงขลา,12,SE,อาคเนย์ (ตอ.เฉียงใต้),135.0,south-facilities:9001/2,โรงพยาบาล โรงพยาบาลจิตเวชสงขลาราชนครินทร์,โรงพยาบาล,5.407,6.032,1.116,223.45620966272125,50.46686919075465
south-facilities:9001/5,หน่วยทหาร ฐานทัพเรือสงขลา,13,SEbS,อาคเนย์ค่อนใต้,146.25,south-facilities:9001/9,สถานีตำรวจ สถานีตํารวจภูธรเมืองสงขลา,สถานีตำรวจ,0.426,0.956,2.241,223.45620966272125,37.67396040236064
south-facilities:9001/5,หน่วยทหาร ฐานทัพเรือสงขลา,14,SSE,ใต้-อาคเนย์,157.5,,— ว่าง —,,,,,,
south-facilities:9001/5,หน่วยทหาร ฐานทัพเรือสงขลา,15,SbE,ใต้ค่อนบูรพา,168.75,,— ว่าง —,,,,,,
south-facilities:9001/5,หน่วยทหาร ฐานทัพเรือสงขลา,16,S,ทักษิณ (ใต้),180.0,south-facilities:9001,รพ.สต./สถานีอนามัย Sampit,รพ.สต./สถานีอนามัย,8.969,11.804,1.316,223.45620966272125,33.823638752248094
south-facilities:9001/5,หน่วยทหาร ฐานทัพเรือสงขลา,17,SbW,ใต้ค่อนประจิม,191.25,south-facilities:9001/6,โรงพยาบาล โรงพยาบาลสงขลา,โรงพยาบาล,8.495,11.94,1.406,223.45620966272125,312.9522554864306
south-facilities:9001/5,หน่วยทหาร ฐานทัพเรือสงขลา,18,SSW,ใต้-หรดี,202.5,south-facilities:9011/7,หน่วยทหาร ค่ายเสนาณรงค์,หน่วยทหาร,22.952,28.355,1.235,223.45620966272125,47.68297195517997
south-facilities:9001/5,หน่วยทหาร ฐานทัพเรือสงขลา,19,SWbS,หรดีค่อนใต้,213.75,south-facilities:9011/26,โรงพยาบาล โรงพยาบาลศิครินทร์หาดใหญ่,โรงพยาบาล,24.791,31.831,1.284,223.45620966272125,71.3143489287222
south-facilities:9001/5,หน่วยทหาร ฐานทัพเรือสงขลา,20,SW,หรดี (ตต.เฉียงใต้),225.0,south-facilities:9015/2,รพ.สต./สถานีอนามัย (ไม่ระบุชื่อ) สิงหนคร,รพ.สต./สถานีอนามัย,2.985,26.904,9.014,223.45620966272125,219.61463642796394
south-facilities:9001/5,หน่วยทหาร ฐานทัพเรือสงขลา,21,SWbW,หรดีค่อนประจิม,236.25,south-facilities:9014/3,โรงพยาบาล โรงพยาบาลบางกล่ำ,โรงพยาบาล,23.355,51.977,2.225,223.45620966272125,752.6748743679142
south-facilities:9001/5,หน่วยทหาร ฐานทัพเรือสงขลา,22,WSW,ประจิม-หรดี,247.5,,— ว่าง —,,,,,,
south-facilities:9001/5,หน่วยทหาร ฐานทัพเรือสงขลา,23,WbS,ประจิมค่อนใต้,258.75,,— ว่าง —,,,,,,
south-facilities:9001/5,หน่วยทหาร ฐานทัพเรือสงขลา,24,W,ประจิม (ตะวันตก),270.0,,— ว่าง —,,,,,,
south-facilities:9001/5,หน่วยทหาร ฐานทัพเรือสงขลา,25,WbN,ประจิมค่อนเหนือ,281.25,,— ว่าง —,,,,,,
south-facilities:9001/5,หน่วยทหาร ฐานทัพเรือสงขลา,26,WNW,ประจิม-พายัพ,292.5,south-facilities:9015/3,โรงพยาบาล โรงพยาบาลสิงหนคร,โรงพยาบาล,6.139,24.853,4.049,223.45620966272125,592.0251743369022
south-facilities:9001/5,หน่วยทหาร ฐานทัพเรือสงขลา,27,NWbW,พายัพค่อนประจิม,303.75,south-facilities:9015,รพ.สต./สถานีอนามัย (ไม่ระบุชื่อ) สิงหนคร,รพ.สต./สถานีอนามัย,8.201,28.121,3.429,223.45620966272125,34.202017944544764
south-facilities:9001/5,หน่วยทหาร ฐานทัพเรือสงขลา,28,NW,พายัพ (ตต.เฉียงเหนือ),315.0,,— ว่าง —,,,,,,
south-facilities:9001/5,หน่วยทหาร ฐานทัพเรือสงขลา,29,NWbN,พายัพค่อนเหนือ,326.25,,— ว่าง —,,,,,,
south-facilities:9001/5,หน่วยทหาร ฐานทัพเรือสงขลา,30,NNW,เหนือ-พายัพ,337.5,,— ว่าง —,,,,,,
south-facilities:9001/5,หน่วยทหาร ฐานทัพเรือสงขลา,31,NbW,เหนือค่อนประจิม,348.75,,— ว่าง —,,,,,,
south-facilities:9001/6,โรงพยาบาล โรงพยาบาลสงขลา,0,N,อุดร (เหนือ),0.0,south-facilities:9015/2,รพ.สต./สถานีอนามัย (ไม่ระบุชื่อ) สิงหนคร,รพ.สต./สถานีอนามัย,6.027,14.965,2.483,312.9522554864306,219.61463642796394
south-facilities:9001/6,โรงพยาบาล โรงพยาบาลสงขลา,1,NbE,เหนือค่อนอีสาน,11.25,south-facilities:9001/9,สถานีตำรวจ สถานีตํารวจภูธรเมืองสงขลา,สถานีตำรวจ,8.206,12.286,1.497,312.9522554864306,37.67396040236064
south-facilities:9001/6,โรงพยาบาล โรงพยาบาลสงขลา,2,NNE,เหนือ-อีสาน,22.5,south-facilities:9001/8,สถานีตำรวจ (ไม่ระบุชื่อ) เมืองสงขลา,สถานีตำรวจ,8.767,12.381,1.412,312.9522554864306,16.65457506269424
south-facilities:9001/6,โรงพยาบาล โรงพยาบาลสงขลา,3,NEbN,อีสานค่อนเหนือ,33.75,,— ว่าง —,,,,,,
south-facilities:9001/6,โรงพยาบาล โรงพยาบาลสงขลา,4,NE,อีสาน (ตอ.เฉียงเหนือ),45.0,south-facilities:9001/3,โรงพยาบาล โรงพยาบาลฐานทัพเรือสงขลา,โรงพยาบาล,6.61,9.479,1.434,312.9522554864306,147.85443395026337
south-facilities:9001/6,โรงพยาบาล โรงพยาบาลสงขลา,5,NEbE,อีสานค่อนบูรพา,56.25,south-facilities:9001/4,สถานีตำรวจ กน่วยกู้ชีพ เทศบาลเขารูปช้าง,สถานีตำรวจ,6.633,10.284,1.55,312.9522554864306,17.500637487933474
south-facilities:9001/6,โรงพยาบาล โรงพยาบาลสงขลา,6,ENE,บูรพา-อีสาน,67.5,,— ว่าง —,,,,,,
south-facilities:9001/6,โรงพยาบาล โรงพยาบาลสงขลา,7,EbN,บูรพาค่อนเหนือ,78.75,,— ว่าง —,,,,,,
south-facilities:9001/6,โรงพยาบาล โรงพยาบาลสงขลา,8,E,บูรพา (ตะวันออก),90.0,south-facilities:9001/7,หน่วยทหาร 5th Field Artilery Battalion,หน่วยทหาร,6.389,19.22,3.009,312.9522554864306,257.7609340848567
south-facilities:9001/6,โรงพยาบาล โรงพยาบาลสงขลา,9,EbS,บูรพาค่อนใต้,101.25,,— ว่าง —,,,,,,
south-facilities:9001/6,โรงพยาบาล โรงพยาบาลสงขลา,10,ESE,บูรพา-อาคเนย์,112.5,,— ว่าง —,,,,,,
south-facilities:9001/6,โรงพยาบาล โรงพยาบาลสงขลา,11,SEbE,อาคเนย์ค่อนบูรพา,123.75,south-facilities:9001,รพ.สต./สถานีอนามัย Sampit,รพ.สต./สถานีอนามัย,1.331,2.146,1.613,312.9522554864306,33.823638752248094
south-facilities:9001/6,โรงพยาบาล โรงพยาบาลสงขลา,12,SE,อาคเนย์ (ตอ.เฉียงใต้),135.0,,— ว่าง —,,,,,,
south-facilities:9001/6,โรงพยาบาล โรงพยาบาลสงขลา,13,SEbS,อาคเนย์ค่อนใต้,146.25,south-facilities:9003/2,ด่านตรวจ (ไม่ระบุชื่อ) จะนะ,ด่านตรวจ,22.37,29.314,1.31,312.9522554864306,0.03492864193374608
south-facilities:9001/6,โรงพยาบาล โรงพยาบาลสงขลา,14,SSE,ใต้-อาคเนย์,157.5,,— ว่าง —,,,,,,
south-facilities:9001/6,โรงพยาบาล โรงพยาบาลสงขลา,15,SbE,ใต้ค่อนบูรพา,168.75,south-facilities:9012,โรงพยาบาล โรงพยาบาลนาหม่อม,โรงพยาบาล,17.558,21.764,1.24,312.9522554864306,166.50934497782745
south-facilities:9001/6,โรงพยาบาล โรงพยาบาลสงขลา,16,S,ทักษิณ (ใต้),180.0,south-facilities:9012/2,สถานีตำรวจ (ไม่ระบุชื่อ) นาหม่อม,สถานีตำรวจ,20.545,26.34,1.282,312.9522554864306,27.68356801387466
south-facilities:9001/6,โรงพยาบาล โรงพยาบาลสงขลา,17,SbW,ใต้ค่อนประจิม,191.25,,— ว่าง —,,,,,,
south-facilities:9001/6,โรงพยาบาล โรงพยาบาลสงขลา,18,SSW,ใต้-หรดี,202.5,south-facilities:9011/3,สถานีดับเพลิง (ไม่ระบุชื่อ) หาดใหญ่,สถานีดับเพลิง,16.196,20.155,1.244,312.9522554864306,648.2703498621736
south-facilities:9001/6,โรงพยาบาล โรงพยาบาลสงขลา,19,SWbS,หรดีค่อนใต้,213.75,south-facilities:9011/7,หน่วยทหาร ค่ายเสนาณรงค์,หน่วยทหาร,14.665,18.697,1.275,312.9522554864306,47.68297195517997
south-facilities:9001/6,โรงพยาบาล โรงพยาบาลสงขลา,20,SW,หรดี (ตต.เฉียงใต้),225.0,south-facilities:9011/13,สถานีตำรวจ Checkpoint,สถานีตำรวจ,20.712,25.981,1.254,312.9522554864306,28.151848478902007
south-facilities:9001/6,โรงพยาบาล โรงพยาบาลสงขลา,21,SWbW,หรดีค่อนประจิม,236.25,,— ว่าง —,,,,,,
south-facilities:9001/6,โรงพยาบาล โรงพยาบาลสงขลา,22,WSW,ประจิม-หรดี,247.5,south-facilities:9014/3,โรงพยาบาล โรงพยาบาลบางกล่ำ,โรงพยาบาล,17.927,42.319,2.361,312.9522554864306,752.6748743679142
south-facilities:9001/6,โรงพยาบาล โรงพยาบาลสงขลา,23,WbS,ประจิมค่อนใต้,258.75,,— ว่าง —,,,,,,
south-facilities:9001/6,โรงพยาบาล โรงพยาบาลสงขลา,24,W,ประจิม (ตะวันตก),270.0,,— ว่าง —,,,,,,
south-facilities:9001/6,โรงพยาบาล โรงพยาบาลสงขลา,25,WbN,ประจิมค่อนเหนือ,281.25,south-facilities:9013,โรงพยาบาล โรงพยาบาลควนเนียง,โรงพยาบาล,24.817,43.464,1.751,312.9522554864306,89.11545967648793
south-facilities:9001/6,โรงพยาบาล โรงพยาบาลสงขลา,26,WNW,ประจิม-พายัพ,292.5,,— ว่าง —,,,,,,
south-facilities:9001/6,โรงพยาบาล โรงพยาบาลสงขลา,27,NWbW,พายัพค่อนประจิม,303.75,,— ว่าง —,,,,,,
south-facilities:9001/6,โรงพยาบาล โรงพยาบาลสงขลา,28,NW,พายัพ (ตต.เฉียงเหนือ),315.0,,— ว่าง —,,,,,,
south-facilities:9001/6,โรงพยาบาล โรงพยาบาลสงขลา,29,NWbN,พายัพค่อนเหนือ,326.25,,— ว่าง —,,,,,,
south-facilities:9001/6,โรงพยาบาล โรงพยาบาลสงขลา,30,NNW,เหนือ-พายัพ,337.5,south-facilities:9015/4,โรงพยาบาล โรงพยาบาลสิงหนคร,โรงพยาบาล,11.053,12.913,1.168,312.9522554864306,567.4390063520451
south-facilities:9001/6,โรงพยาบาล โรงพยาบาลสงขลา,31,NbW,เหนือค่อนประจิม,348.75,,— ว่าง —,,,,,,
south-facilities:9001/7,หน่วยทหาร 5th Field Artilery Battalion,0,N,อุดร (เหนือ),0.0,,— ว่าง —,,,,,,
south-facilities:9001/7,หน่วยทหาร 5th Field Artilery Battalion,1,NbE,เหนือค่อนอีสาน,11.25,,— ว่าง —,,,,,,
south-facilities:9001/7,หน่วยทหาร 5th Field Artilery Battalion,2,NNE,เหนือ-อีสาน,22.5,,— ว่าง —,,,,,,
south-facilities:9001/7,หน่วยทหาร 5th Field Artilery Battalion,3,NEbN,อีสานค่อนเหนือ,33.75,,— ว่าง —,,,,,,
south-facilities:9001/7,หน่วยทหาร 5th Field Artilery Battalion,4,NE,อีสาน (ตอ.เฉียงเหนือ),45.0,,— ว่าง —,,,,,,
south-facilities:9001/7,หน่วยทหาร 5th Field Artilery Battalion,5,NEbE,อีสานค่อนบูรพา,56.25,,— ว่าง —,,,,,,
south-facilities:9001/7,หน่วยทหาร 5th Field Artilery Battalion,6,ENE,บูรพา-อีสาน,67.5,,— ว่าง —,,,,,,
south-facilities:9001/7,หน่วยทหาร 5th Field Artilery Battalion,7,EbN,บูรพาค่อนเหนือ,78.75,,— ว่าง —,,,,,,
south-facilities:9001/7,หน่วยทหาร 5th Field Artilery Battalion,8,E,บูรพา (ตะวันออก),90.0,,— ว่าง —,,,,,,
south-facilities:9001/7,หน่วยทหาร 5th Field Artilery Battalion,9,EbS,บูรพาค่อนใต้,101.25,,— ว่าง —,,,,,,
south-facilities:9001/7,หน่วยทหาร 5th Field Artilery Battalion,10,ESE,บูรพา-อาคเนย์,112.5,,— ว่าง —,,,,,,
south-facilities:9001/7,หน่วยทหาร 5th Field Artilery Battalion,11,SEbE,อาคเนย์ค่อนบูรพา,123.75,,— ว่าง —,,,,,,
south-facilities:9001/7,หน่วยทหาร 5th Field Artilery Battalion,12,SE,อาคเนย์ (ตอ.เฉียงใต้),135.0,,— ว่าง —,,,,,,
south-facilities:9001/7,หน่วยทหาร 5th Field Artilery Battalion,13,SEbS,อาคเนย์ค่อนใต้,146.25,,— ว่าง —,,,,,,
south-facilities:9001/7,หน่วยทหาร 5th Field Artilery Battalion,14,SSE,ใต้-อาคเนย์,157.5,south-facilities:9003,ด่านตรวจ (ไม่ระบุชื่อ) จะนะ,ด่านตรวจ,19.568,19.992,1.022,257.7609340848567,0.04582693977097527
south-facilities:9001/7,หน่วยทหาร 5th Field Artilery Battalion,15,SbE,ใต้ค่อนบูรพา,168.75,,— ว่าง —,,,,,,
south-facilities:9001/7,หน่วยทหาร 5th Field Artilery Battalion,16,S,ทักษิณ (ใต้),180.0,,— ว่าง —,,,,,,
south-facilities:9001/7,หน่วยทหาร 5th Field Artilery Battalion,17,SbW,ใต้ค่อนประจิม,191.25,south-facilities:9012,โรงพยาบาล โรงพยาบาลนาหม่อม,โรงพยาบาล,18.095,26.281,1.452,257.7609340848567,166.50934497782745
south-facilities:9001/7,หน่วยทหาร 5th Field Artilery Battalion,18,SSW,ใต้-หรดี,202.5,south-facilities:9012/2,สถานีตำรวจ (ไม่ระบุชื่อ) นาหม่อม,สถานีตำรวจ,22.147,30.857,1.393,257.7609340848567,27.68356801387466
south-facilities:9001/7,หน่วยทหาร 5th Field Artilery Battalion,19,SWbS,หรดีค่อนใต้,213.75,,— ว่าง —,,,,,,
south-facilities:9001/7,หน่วยทหาร 5th Field Artilery Battalion,20,SW,หรดี (ตต.เฉียงใต้),225.0,south-facilities:9011/7,หน่วยทหาร ค่ายเสนาณรงค์,หน่วยทหาร,18.753,26.174,1.396,257.7609340848567,47.68297195517997
south-facilities:9001/7,หน่วยทหาร 5th Field Artilery Battalion,21,SWbW,หรดีค่อนประจิม,236.25,south-facilities:9011/26,โรงพยาบาล โรงพยาบาลศิครินทร์หาดใหญ่,โรงพยาบาล,21.567,29.662,1.375,257.7609340848567,71.3143489287222
south-facilities:9001/7,หน่วยทหาร 5th Field Artilery Battalion,22,WSW,ประจิม-หรดี,247.5,,— ว่าง —,,,,,,
south-facilities:9001/7,หน่วยทหาร 5th Field Artilery Battalion,23,WbS,ประจิมค่อนใต้,258.75,south-facilities:9001,รพ.สต./สถานีอนามัย Sampit,รพ.สต./สถานีอนามัย,5.3,13.604,2.567,257.7609340848567,33.823638752248094
south-facilities:9001/7,หน่วยทหาร 5th Field Artilery Battalion,24,W,ประจิม (ตะวันตก),270.0,south-facilities:9001/6,โรงพยาบาล โรงพยาบาลสงขลา,โรงพยาบาล,6.389,13.74,2.151,257.7609340848567,312.9522554864306
south-facilities:9001/7,หน่วยทหาร 5th Field Artilery Battalion,25,WbN,ประจิมค่อนเหนือ,281.25,,— ว่าง —,,,,,,
south-facilities:9001/7,หน่วยทหาร 5th Field Artilery Battalion,26,WNW,ประจิม-พายัพ,292.5,,— ว่าง —,,,,,,
south-facilities:9001/7,หน่วยทหาร 5th Field Artilery Battalion,27,NWbW,พายัพค่อนประจิม,303.75,,— ว่าง —,,,,,,
south-facilities:9001/7,หน่วยทหาร 5th Field Artilery Battalion,28,NW,พายัพ (ตต.เฉียงเหนือ),315.0,south-facilities:9015/2,รพ.สต./สถานีอนามัย (ไม่ระบุชื่อ) สิงหนคร,รพ.สต./สถานีอนามัย,8.679,28.704,3.307,257.7609340848567,219.61463642796394
south-facilities:9001/7,หน่วยทหาร 5th Field Artilery Battalion,29,NWbN,พายัพค่อนเหนือ,326.25,south-facilities:9001/9,สถานีตำรวจ สถานีตํารวจภูธรเมืองสงขลา,สถานีตำรวจ,8.807,9.6,1.09,257.7609340848567,37.67396040236064
south-facilities:9001/7,หน่วยทหาร 5th Field Artilery Battalion,30,NNW,เหนือ-พายัพ,337.5,south-facilities:9001/3,โรงพยาบาล โรงพยาบาลฐานทัพเรือสงขลา,โรงพยาบาล,4.917,5.866,1.193,257.7609340848567,147.85443395026337
south-facilities:9001/7,หน่วยทหาร 5th Field Artilery Battalion,31,NbW,เหนือค่อนประจิม,348.75,south-facilities:9001/4,สถานีตำรวจ กน่วยกู้ชีพ เทศบาลเขารูปช้าง,สถานีตำรวจ,3.695,3.799,1.028,257.7609340848567,17.500637487933474
south-facilities:9001/8,สถานีตำรวจ (ไม่ระบุชื่อ) เมืองสงขลา,0,N,อุดร (เหนือ),0.0,,— ว่าง —,,,,,,
south-facilities:9001/8,สถานีตำรวจ (ไม่ระบุชื่อ) เมืองสงขลา,1,NbE,เหนือค่อนอีสาน,11.25,,— ว่าง —,,,,,,
south-facilities:9001/8,สถานีตำรวจ (ไม่ระบุชื่อ) เมืองสงขลา,2,NNE,เหนือ-อีสาน,22.5,,— ว่าง —,,,,,,
south-facilities:9001/8,สถานีตำรวจ (ไม่ระบุชื่อ) เมืองสงขลา,3,NEbN,อีสานค่อนเหนือ,33.75,,— ว่าง —,,,,,,
south-facilities:9001/8,สถานีตำรวจ (ไม่ระบุชื่อ) เมืองสงขลา,4,NE,อีสาน (ตอ.เฉียงเหนือ),45.0,,— ว่าง —,,,,,,
south-facilities:9001/8,สถานีตำรวจ (ไม่ระบุชื่อ) เมืองสงขลา,5,NEbE,อีสานค่อนบูรพา,56.25,,— ว่าง —,,,,,,
south-facilities:9001/8,สถานีตำรวจ (ไม่ระบุชื่อ) เมืองสงขลา,6,ENE,บูรพา-อีสาน,67.5,,— ว่าง —,,,,,,
south-facilities:9001/8,สถานีตำรวจ (ไม่ระบุชื่อ) เมืองสงขลา,7,EbN,บูรพาค่อนเหนือ,78.75,,— ว่าง —,,,,,,
south-facilities:9001/8,สถานีตำรวจ (ไม่ระบุชื่อ) เมืองสงขลา,8,E,บูรพา (ตะวันออก),90.0,,— ว่าง —,,,,,,
south-facilities:9001/8,สถานีตำรวจ (ไม่ระบุชื่อ) เมืองสงขลา,9,EbS,บูรพาค่อนใต้,101.25,,— ว่าง —,,,,,,
south-facilities:9001/8,สถานีตำรวจ (ไม่ระบุชื่อ) เมืองสงขลา,10,ESE,บูรพา-อาคเนย์,112.5,,— ว่าง —,,,,,,
south-facilities:9001/8,สถานีตำรวจ (ไม่ระบุชื่อ) เมืองสงขลา,11,SEbE,อาคเนย์ค่อนบูรพา,123.75,,— ว่าง —,,,,,,
south-facilities:9001/8,สถานีตำรวจ (ไม่ระบุชื่อ) เมืองสงขลา,12,SE,อาคเนย์ (ตอ.เฉียงใต้),135.0,,— ว่าง —,,,,,,
south-facilities:9001/8,สถานีตำรวจ (ไม่ระบุชื่อ) เมืองสงขลา,13,SEbS,อาคเนย์ค่อนใต้,146.25,,— ว่าง —,,,,,,
south-facilities:9001/8,สถานีตำรวจ (ไม่ระบุชื่อ) เมืองสงขลา,14,SSE,ใต้-อาคเนย์,157.5,south-facilities:9001/3,โรงพยาบาล โรงพยาบาลฐานทัพเรือสงขลา,โรงพยาบาล,3.546,4.685,1.321,16.65457506269424,147.85443395026337
south-facilities:9001/8,สถานีตำรวจ (ไม่ระบุชื่อ) เมืองสงขลา,15,SbE,ใต้ค่อนบูรพา,168.75,,— ว่าง —,,,,,,
south-facilities:9001/8,สถานีตำรวจ (ไม่ระบุชื่อ) เมืองสงขลา,16,S,ทักษิณ (ใต้),180.0,,— ว่าง —,,,,,,
south-facilities:9001/8,สถานีตำรวจ (ไม่ระบุชื่อ) เมืองสงขลา,17,SbW,ใต้ค่อนประจิม,191.25,south-facilities:9001,รพ.สต./สถานีอนามัย Sampit,รพ.สต./สถานีอนามัย,9.032,11.522,1.276,16.65457506269424,33.823638752248094
south-facilities:9001/8,สถานีตำรวจ (ไม่ระบุชื่อ) เมืองสงขลา,18,SSW,ใต้-หรดี,202.5,south-facilities:9001/6,โรงพยาบาล โรงพยาบาลสงขลา,โรงพยาบาล,8.767,11.657,1.33,16.65457506269424,312.9522554864306
south-facilities:9001/8,สถานีตำรวจ (ไม่ระบุชื่อ) เมืองสงขลา,19,SWbS,หรดีค่อนใต้,213.75,,— ว่าง —,,,,,,
south-facilities:9001/8,สถานีตำรวจ (ไม่ระบุชื่อ) เมืองสงขลา,20,SW,หรดี (ตต.เฉียงใต้),225.0,,— ว่าง —,,,,,,
south-facilities:9001/8,สถานีตำรวจ (ไม่ระบุชื่อ) เมืองสงขลา,21,SWbW,หรดีค่อนประจิม,236.25,south-facilities:9015/2,รพ.สต./สถานีอนามัย (ไม่ระบุชื่อ) สิงหนคร,รพ.สต./สถานีอนามัย,3.983,26.622,6.685,16.65457506269424,219.61463642796394
south-facilities:9001/8,สถานีตำรวจ (ไม่ระบุชื่อ) เมืองสงขลา,22,WSW,ประจิม-หรดี,247.5,,— ว่าง —,,,,,,
south-facilities:9001/8,สถานีตำรวจ (ไม่ระบุชื่อ) เมืองสงขลา,23,WbS,ประจิมค่อนใต้,258.75,south-facilities:9001/9,สถานีตำรวจ สถานีตํารวจภูธรเมืองสงขลา,สถานีตำรวจ,1.218,1.591,1.306,16.65457506269424,37.67396040236064
south-facilities:9001/8,สถานีตำรวจ (ไม่ระบุชื่อ) เมืองสงขลา,24,W,ประจิม (ตะวันตก),270.0,,— ว่าง —,,,,,,
south-facilities:9001/8,สถานีตำรวจ (ไม่ระบุชื่อ) เมืองสงขลา,25,WbN,ประจิมค่อนเหนือ,281.25,south-facilities:9001/5,หน่วยทหาร ฐานทัพเรือสงขลา,หน่วยทหาร,1.45,1.662,1.146,16.65457506269424,223.45620966272125
south-facilities:9001/8,สถานีตำรวจ (ไม่ระบุชื่อ) เมืองสงขลา,26,WNW,ประจิม-พายัพ,292.5,south-facilities:9015/3,โรงพยาบาล โรงพยาบาลสิงหนคร,โรงพยาบาล,7.558,24.571,3.251,16.65457506269424,592.0251743369022
south-facilities:9001/8,สถานีตำรวจ (ไม่ระบุชื่อ) เมืองสงขลา,27,NWbW,พายัพค่อนประจิม,303.75,south-facilities:9015,รพ.สต./สถานีอนามัย (ไม่ระบุชื่อ) สิงหนคร,รพ.สต./สถานีอนามัย,9.474,27.838,2.938,16.65457506269424,34.202017944544764
south-facilities:9001/8,สถานีตำรวจ (ไม่ระบุชื่อ) เมืองสงขลา,28,NW,พายัพ (ตต.เฉียงเหนือ),315.0,,— ว่าง —,,,,,,
south-facilities:9001/8,สถานีตำรวจ (ไม่ระบุชื่อ) เมืองสงขลา,29,NWbN,พายัพค่อนเหนือ,326.25,,— ว่าง —,,,,,,
south-facilities:9001/8,สถานีตำรวจ (ไม่ระบุชื่อ) เมืองสงขลา,30,NNW,เหนือ-พายัพ,337.5,,— ว่าง —,,,,,,
south-facilities:9001/8,สถานีตำรวจ (ไม่ระบุชื่อ) เมืองสงขลา,31,NbW,เหนือค่อนประจิม,348.75,,— ว่าง —,,,,,,
south-facilities:9001/9,สถานีตำรวจ สถานีตํารวจภูธรเมืองสงขลา,0,N,อุดร (เหนือ),0.0,,— ว่าง —,,,,,,
south-facilities:9001/9,สถานีตำรวจ สถานีตํารวจภูธรเมืองสงขลา,1,NbE,เหนือค่อนอีสาน,11.25,,— ว่าง —,,,,,,
south-facilities:9001/9,สถานีตำรวจ สถานีตํารวจภูธรเมืองสงขลา,2,NNE,เหนือ-อีสาน,22.5,,— ว่าง —,,,,,,
south-facilities:9001/9,สถานีตำรวจ สถานีตํารวจภูธรเมืองสงขลา,3,NEbN,อีสานค่อนเหนือ,33.75,,— ว่าง —,,,,,,
south-facilities:9001/9,สถานีตำรวจ สถานีตํารวจภูธรเมืองสงขลา,4,NE,อีสาน (ตอ.เฉียงเหนือ),45.0,,— ว่าง —,,,,,,
south-facilities:9001/9,สถานีตำรวจ สถานีตํารวจภูธรเมืองสงขลา,5,NEbE,อีสานค่อนบูรพา,56.25,,— ว่าง —,,,,,,
south-facilities:9001/9,สถานีตำรวจ สถานีตํารวจภูธรเมืองสงขลา,6,ENE,บูรพา-อีสาน,67.5,,— ว่าง —,,,,,,
south-facilities:9001/9,สถานีตำรวจ สถานีตํารวจภูธรเมืองสงขลา,7,EbN,บูรพาค่อนเหนือ,78.75,south-facilities:9001/8,สถานีตำรวจ (ไม่ระบุชื่อ) เมืองสงขลา,สถานีตำรวจ,1.218,1.432,1.175,37.67396040236064,16.65457506269424
south-facilities:9001/9,สถานีตำรวจ สถานีตํารวจภูธรเมืองสงขลา,8,E,บูรพา (ตะวันออก),90.0,,— ว่าง —,,,,,,
south-facilities:9001/9,สถานีตำรวจ สถานีตํารวจภูธรเมืองสงขลา,9,EbS,บูรพาค่อนใต้,101.25,,— ว่าง —,,,,,,
south-facilities:9001/9,สถานีตำรวจ สถานีตํารวจภูธรเมืองสงขลา,10,ESE,บูรพา-อาคเนย์,112.5,,— ว่าง —,,,,,,
south-facilities:9001/9,สถานีตำรวจ สถานีตํารวจภูธรเมืองสงขลา,11,SEbE,อาคเนย์ค่อนบูรพา,123.75,,— ว่าง —,,,,,,
south-facilities:9001/9,สถานีตำรวจ สถานีตํารวจภูธรเมืองสงขลา,12,SE,อาคเนย์ (ตอ.เฉียงใต้),135.0,south-facilities:9001/2,โรงพยาบาล โรงพยาบาลจิตเวชสงขลาราชนครินทร์,โรงพยาบาล,4.983,5.558,1.115,37.67396040236064,50.46686919075465
south-facilities:9001/9,สถานีตำรวจ สถานีตํารวจภูธรเมืองสงขลา,13,SEbS,อาคเนย์ค่อนใต้,146.25,south-facilities:9001/3,โรงพยาบาล โรงพยาบาลฐานทัพเรือสงขลา,โรงพยาบาล,3.976,4.493,1.13,37.67396040236064,147.85443395026337
south-facilities:9001/9,สถานีตำรวจ สถานีตํารวจภูธรเมืองสงขลา,14,SSE,ใต้-อาคเนย์,157.5,,— ว่าง —,,,,,,
south-facilities:9001/9,สถานีตำรวจ สถานีตํารวจภูธรเมืองสงขลา,15,SbE,ใต้ค่อนบูรพา,168.75,,— ว่าง —,,,,,,
south-facilities:9001/9,สถานีตำรวจ สถานีตํารวจภูธรเมืองสงขลา,16,S,ทักษิณ (ใต้),180.0,,— ว่าง —,,,,,,
south-facilities:9001/9,สถานีตำรวจ สถานีตํารวจภูธรเมืองสงขลา,17,SbW,ใต้ค่อนประจิม,191.25,south-facilities:9001/6,โรงพยาบาล โรงพยาบาลสงขลา,โรงพยาบาล,8.206,11.466,1.397,37.67396040236064,312.9522554864306
south-facilities:9001/9,สถานีตำรวจ สถานีตํารวจภูธรเมืองสงขลา,18,SSW,ใต้-หรดี,202.5,south-facilities:9011/7,หน่วยทหาร ค่ายเสนาณรงค์,หน่วยทหาร,22.719,27.88,1.227,37.67396040236064,47.68297195517997
south-facilities:9001/9,สถานีตำรวจ สถานีตํารวจภูธรเมืองสงขลา,19,SWbS,หรดีค่อนใต้,213.75,south-facilities:9011/26,โรงพยาบาล โรงพยาบาลศิครินทร์หาดใหญ่,โรงพยาบาล,24.604,31.357,1.274,37.67396040236064,71.3143489287222
south-facilities:9001/9,สถานีตำรวจ สถานีตํารวจภูธรเมืองสงขลา,20,SW,หรดี (ตต.เฉียงใต้),225.0,south-facilities:9015/2,รพ.สต./สถานีอนามัย (ไม่ระบุชื่อ) สิงหนคร,รพ.สต./สถานีอนามัย,2.899,26.43,9.116,37.67396040236064,219.61463642796394
south-facilities:9001/9,สถานีตำรวจ สถานีตํารวจภูธรเมืองสงขลา,21,SWbW,หรดีค่อนประจิม,236.25,south-facilities:9014/3,โรงพยาบาล โรงพยาบาลบางกล่ำ,โรงพยาบาล,23.345,51.503,2.206,37.67396040236064,752.6748743679142
south-facilities:9001/9,สถานีตำรวจ สถานีตํารวจภูธรเมืองสงขลา,22,WSW,ประจิม-หรดี,247.5,,— ว่าง —,,,,,,
south-facilities:9001/9,สถานีตำรวจ สถานีตํารวจภูธรเมืองสงขลา,23,WbS,ประจิมค่อนใต้,258.75,,— ว่าง —,,,,,,
south-facilities:9001/9,สถานีตำรวจ สถานีตํารวจภูธรเมืองสงขลา,24,W,ประจิม (ตะวันตก),270.0,,— ว่าง —,,,,,,
south-facilities:9001/9,สถานีตำรวจ สถานีตํารวจภูธรเมืองสงขลา,25,WbN,ประจิมค่อนเหนือ,281.25,,— ว่าง —,,,,,,
south-facilities:9001/9,สถานีตำรวจ สถานีตํารวจภูธรเมืองสงขลา,26,WNW,ประจิม-พายัพ,292.5,south-facilities:9015/3,โรงพยาบาล โรงพยาบาลสิงหนคร,โรงพยาบาล,6.486,24.379,3.759,37.67396040236064,592.0251743369022
south-facilities:9001/9,สถานีตำรวจ สถานีตํารวจภูธรเมืองสงขลา,27,NWbW,พายัพค่อนประจิม,303.75,south-facilities:9015,รพ.สต./สถานีอนามัย (ไม่ระบุชื่อ) สิงหนคร,รพ.สต./สถานีอนามัย,8.606,27.647,3.212,37.67396040236064,34.202017944544764
south-facilities:9001/9,สถานีตำรวจ สถานีตํารวจภูธรเมืองสงขลา,28,NW,พายัพ (ตต.เฉียงเหนือ),315.0,,— ว่าง —,,,,,,
south-facilities:9001/9,สถานีตำรวจ สถานีตํารวจภูธรเมืองสงขลา,29,NWbN,พายัพค่อนเหนือ,326.25,south-facilities:9001/5,หน่วยทหาร ฐานทัพเรือสงขลา,หน่วยทหาร,0.426,0.956,2.241,37.67396040236064,223.45620966272125
south-facilities:9001/9,สถานีตำรวจ สถานีตํารวจภูธรเมืองสงขลา,30,NNW,เหนือ-พายัพ,337.5,,— ว่าง —,,,,,,
south-facilities:9001/9,สถานีตำรวจ สถานีตํารวจภูธรเมืองสงขลา,31,NbW,เหนือค่อนประจิม,348.75,,— ว่าง —,,,,,,
south-facilities:9002,โรงพยาบาล (ไม่ระบุชื่อ) สทิงพระ,0,N,อุดร (เหนือ),0.0,,— ว่าง —,,,,,,
south-facilities:9002,โรงพยาบาล (ไม่ระบุชื่อ) สทิงพระ,1,NbE,เหนือค่อนอีสาน,11.25,,— ว่าง —,,,,,,
south-facilities:9002,โรงพยาบาล (ไม่ระบุชื่อ) สทิงพระ,2,NNE,เหนือ-อีสาน,22.5,,— ว่าง —,,,,,,
south-facilities:9002,โรงพยาบาล (ไม่ระบุชื่อ) สทิงพระ,3,NEbN,อีสานค่อนเหนือ,33.75,,— ว่าง —,,,,,,
south-facilities:9002,โรงพยาบาล (ไม่ระบุชื่อ) สทิงพระ,4,NE,อีสาน (ตอ.เฉียงเหนือ),45.0,,— ว่าง —,,,,,,
south-facilities:9002,โรงพยาบาล (ไม่ระบุชื่อ) สทิงพระ,5,NEbE,อีสานค่อนบูรพา,56.25,,— ว่าง —,,,,,,
south-facilities:9002,โรงพยาบาล (ไม่ระบุชื่อ) สทิงพระ,6,ENE,บูรพา-อีสาน,67.5,,— ว่าง —,,,,,,
south-facilities:9002,โรงพยาบาล (ไม่ระบุชื่อ) สทิงพระ,7,EbN,บูรพาค่อนเหนือ,78.75,,— ว่าง —,,,,,,
south-facilities:9002,โรงพยาบาล (ไม่ระบุชื่อ) สทิงพระ,8,E,บูรพา (ตะวันออก),90.0,,— ว่าง —,,,,,,
south-facilities:9002,โรงพยาบาล (ไม่ระบุชื่อ) สทิงพระ,9,EbS,บูรพาค่อนใต้,101.25,,— ว่าง —,,,,,,
south-facilities:9002,โรงพยาบาล (ไม่ระบุชื่อ) สทิงพระ,10,ESE,บูรพา-อาคเนย์,112.5,,— ว่าง —,,,,,,
south-facilities:9002,โรงพยาบาล (ไม่ระบุชื่อ) สทิงพระ,11,SEbE,อาคเนย์ค่อนบูรพา,123.75,,— ว่าง —,,,,,,
south-facilities:9002,โรงพยาบาล (ไม่ระบุชื่อ) สทิงพระ,12,SE,อาคเนย์ (ตอ.เฉียงใต้),135.0,,— ว่าง —,,,,,,
south-facilities:9002,โรงพยาบาล (ไม่ระบุชื่อ) สทิงพระ,13,SEbS,อาคเนย์ค่อนใต้,146.25,,— ว่าง —,,,,,,
south-facilities:9002,โรงพยาบาล (ไม่ระบุชื่อ) สทิงพระ,14,SSE,ใต้-อาคเนย์,157.5,south-facilities:9015,รพ.สต./สถานีอนามัย (ไม่ระบุชื่อ) สิงหนคร,รพ.สต./สถานีอนามัย,23.413,38.369,1.639,82.54352610257637,34.202017944544764
south-facilities:9002,โรงพยาบาล (ไม่ระบุชื่อ) สทิงพระ,15,SbE,ใต้ค่อนบูรพา,168.75,,— ว่าง —,,,,,,
south-facilities:9002,โรงพยาบาล (ไม่ระบุชื่อ) สทิงพระ,16,S,ทักษิณ (ใต้),180.0,,— ว่าง —,,,,,,
south-facilities:9002,โรงพยาบาล (ไม่ระบุชื่อ) สทิงพระ,17,SbW,ใต้ค่อนประจิม,191.25,,— ว่าง —,,,,,,
south-facilities:9002,โรงพยาบาล (ไม่ระบุชื่อ) สทิงพระ,18,SSW,ใต้-หรดี,202.5,,— ว่าง —,,,,,,
south-facilities:9002,โรงพยาบาล (ไม่ระบุชื่อ) สทิงพระ,19,SWbS,หรดีค่อนใต้,213.75,,— ว่าง —,,,,,,
south-facilities:9002,โรงพยาบาล (ไม่ระบุชื่อ) สทิงพระ,20,SW,หรดี (ตต.เฉียงใต้),225.0,,— ว่าง —,,,,,,
south-facilities:9002,โรงพยาบาล (ไม่ระบุชื่อ) สทิงพระ,21,SWbW,หรดีค่อนประจิม,236.25,,— ว่าง —,,,,,,
south-facilities:9002,โรงพยาบาล (ไม่ระบุชื่อ) สทิงพระ,22,WSW,ประจิม-หรดี,247.5,,— ว่าง —,,,,,,
south-facilities:9002,โรงพยาบาล (ไม่ระบุชื่อ) สทิงพระ,23,WbS,ประจิมค่อนใต้,258.75,,— ว่าง —,,,,,,
south-facilities:9002,โรงพยาบาล (ไม่ระบุชื่อ) สทิงพระ,24,W,ประจิม (ตะวันตก),270.0,,— ว่าง —,,,,,,
south-facilities:9002,โรงพยาบาล (ไม่ระบุชื่อ) สทิงพระ,25,WbN,ประจิมค่อนเหนือ,281.25,,— ว่าง —,,,,,,
south-facilities:9002,โรงพยาบาล (ไม่ระบุชื่อ) สทิงพระ,26,WNW,ประจิม-พายัพ,292.5,,— ว่าง —,,,,,,
south-facilities:9002,โรงพยาบาล (ไม่ระบุชื่อ) สทิงพระ,27,NWbW,พายัพค่อนประจิม,303.75,,— ว่าง —,,,,,,
south-facilities:9002,โรงพยาบาล (ไม่ระบุชื่อ) สทิงพระ,28,NW,พายัพ (ตต.เฉียงเหนือ),315.0,,— ว่าง —,,,,,,
south-facilities:9002,โรงพยาบาล (ไม่ระบุชื่อ) สทิงพระ,29,NWbN,พายัพค่อนเหนือ,326.25,south-facilities:9008,โรงพยาบาล โรงพยาบาลกระแสสินธุ์,โรงพยาบาล,22.294,28.038,1.258,82.54352610257637,151.1756528480857
south-facilities:9002,โรงพยาบาล (ไม่ระบุชื่อ) สทิงพระ,30,NNW,เหนือ-พายัพ,337.5,,— ว่าง —,,,,,,
south-facilities:9002,โรงพยาบาล (ไม่ระบุชื่อ) สทิงพระ,31,NbW,เหนือค่อนประจิม,348.75,,— ว่าง —,,,,,,
south-facilities:9003,ด่านตรวจ (ไม่ระบุชื่อ) จะนะ,0,N,อุดร (เหนือ),0.0,,— ว่าง —,,,,,,
south-facilities:9003,ด่านตรวจ (ไม่ระบุชื่อ) จะนะ,1,NbE,เหนือค่อนอีสาน,11.25,,— ว่าง —,,,,,,
south-facilities:9003,ด่านตรวจ (ไม่ระบุชื่อ) จะนะ,2,NNE,เหนือ-อีสาน,22.5,,— ว่าง —,,,,,,
south-facilities:9003,ด่านตรวจ (ไม่ระบุชื่อ) จะนะ,3,NEbN,อีสานค่อนเหนือ,33.75,,— ว่าง —,,,,,,
south-facilities:9003,ด่านตรวจ (ไม่ระบุชื่อ) จะนะ,4,NE,อีสาน (ตอ.เฉียงเหนือ),45.0,,— ว่าง —,,,,,,
south-facilities:9003,ด่านตรวจ (ไม่ระบุชื่อ) จะนะ,5,NEbE,อีสานค่อนบูรพา,56.25,,— ว่าง —,,,,,,
south-facilities:9003,ด่านตรวจ (ไม่ระบุชื่อ) จะนะ,6,ENE,บูรพา-อีสาน,67.5,,— ว่าง —,,,,,,
south-facilities:9003,ด่านตรวจ (ไม่ระบุชื่อ) จะนะ,7,EbN,บูรพาค่อนเหนือ,78.75,,— ว่าง —,,,,,,
south-facilities:9003,ด่านตรวจ (ไม่ระบุชื่อ) จะนะ,8,E,บูรพา (ตะวันออก),90.0,,— ว่าง —,,,,,,
south-facilities:9003,ด่านตรวจ (ไม่ระบุชื่อ) จะนะ,9,EbS,บูรพาค่อนใต้,101.25,,— ว่าง —,,,,,,
south-facilities:9003,ด่านตรวจ (ไม่ระบุชื่อ) จะนะ,10,ESE,บูรพา-อาคเนย์,112.5,,— ว่าง —,,,,,,
south-facilities:9003,ด่านตรวจ (ไม่ระบุชื่อ) จะนะ,11,SEbE,อาคเนย์ค่อนบูรพา,123.75,,— ว่าง —,,,,,,
south-facilities:9003,ด่านตรวจ (ไม่ระบุชื่อ) จะนะ,12,SE,อาคเนย์ (ตอ.เฉียงใต้),135.0,south-facilities:9003/4,โรงพยาบาล โรงพยาบาลจะนะ,โรงพยาบาล,9.368,11.36,1.213,0.04582693977097527,212.80165186549672
south-facilities:9003,ด่านตรวจ (ไม่ระบุชื่อ) จะนะ,13,SEbS,อาคเนย์ค่อนใต้,146.25,,— ว่าง —,,,,,,
south-facilities:9003,ด่านตรวจ (ไม่ระบุชื่อ) จะนะ,14,SSE,ใต้-อาคเนย์,157.5,south-facilities:9003/3,สถานีตำรวจ (ไม่ระบุชื่อ) จะนะ,สถานีตำรวจ,2.249,8.522,3.79,0.04582693977097527,11.798903484653987
south-facilities:9003,ด่านตรวจ (ไม่ระบุชื่อ) จะนะ,15,SbE,ใต้ค่อนบูรพา,168.75,,— ว่าง —,,,,,,
south-facilities:9003,ด่านตรวจ (ไม่ระบุชื่อ) จะนะ,16,S,ทักษิณ (ใต้),180.0,,— ว่าง —,,,,,,
south-facilities:9003,ด่านตรวจ (ไม่ระบุชื่อ) จะนะ,17,SbW,ใต้ค่อนประจิม,191.25,,— ว่าง —,,,,,,
south-facilities:9003,ด่านตรวจ (ไม่ระบุชื่อ) จะนะ,18,SSW,ใต้-หรดี,202.5,,— ว่าง —,,,,,,
south-facilities:9003,ด่านตรวจ (ไม่ระบุชื่อ) จะนะ,19,SWbS,หรดีค่อนใต้,213.75,,— ว่าง —,,,,,,
south-facilities:9003,ด่านตรวจ (ไม่ระบุชื่อ) จะนะ,20,SW,หรดี (ตต.เฉียงใต้),225.0,,— ว่าง —,,,,,,
south-facilities:9003,ด่านตรวจ (ไม่ระบุชื่อ) จะนะ,21,SWbW,หรดีค่อนประจิม,236.25,,— ว่าง —,,,,,,
south-facilities:9003,ด่านตรวจ (ไม่ระบุชื่อ) จะนะ,22,WSW,ประจิม-หรดี,247.5,south-facilities:9003/2,ด่านตรวจ (ไม่ระบุชื่อ) จะนะ,ด่านตรวจ,0.02,3.802,187.736,0.04582693977097527,0.03492864193374608
south-facilities:9003,ด่านตรวจ (ไม่ระบุชื่อ) จะนะ,23,WbS,ประจิมค่อนใต้,258.75,south-facilities:9012/2,สถานีตำรวจ (ไม่ระบุชื่อ) นาหม่อม,สถานีตำรวจ,14.671,20.577,1.402,0.04582693977097527,27.68356801387466
south-facilities:9003,ด่านตรวจ (ไม่ระบุชื่อ) จะนะ,24,W,ประจิม (ตะวันตก),270.0,south-facilities:9012,โรงพยาบาล โรงพยาบาลนาหม่อม,โรงพยาบาล,10.768,15.198,1.411,0.04582693977097527,166.50934497782745
south-facilities:9003,ด่านตรวจ (ไม่ระบุชื่อ) จะนะ,25,WbN,ประจิมค่อนเหนือ,281.25,south-facilities:9011/3,สถานีดับเพลิง (ไม่ระบุชื่อ) หาดใหญ่,สถานีดับเพลิง,20.503,33.437,1.631,0.04582693977097527,648.2703498621736
south-facilities:9003,ด่านตรวจ (ไม่ระบุชื่อ) จะนะ,26,WNW,ประจิม-พายัพ,292.5,,— ว่าง —,,,,,,
south-facilities:9003,ด่านตรวจ (ไม่ระบุชื่อ) จะนะ,27,NWbW,พายัพค่อนประจิม,303.75,,— ว่าง —,,,,,,
south-facilities:9003,ด่านตรวจ (ไม่ระบุชื่อ) จะนะ,28,NW,พายัพ (ตต.เฉียงเหนือ),315.0,,— ว่าง —,,,,,,
south-facilities:9003,ด่านตรวจ (ไม่ระบุชื่อ) จะนะ,29,NWbN,พายัพค่อนเหนือ,326.25,south-facilities:9001,รพ.สต./สถานีอนามัย Sampit,รพ.สต./สถานีอนามัย,21.172,29.285,1.383,0.04582693977097527,33.823638752248094
south-facilities:9003,ด่านตรวจ (ไม่ระบุชื่อ) จะนะ,30,NNW,เหนือ-พายัพ,337.5,south-facilities:9001/7,หน่วยทหาร 5th Field Artilery Battalion,หน่วยทหาร,19.568,23.844,1.219,0.04582693977097527,257.7609340848567
south-facilities:9003,ด่านตรวจ (ไม่ระบุชื่อ) จะนะ,31,NbW,เหนือค่อนประจิม,348.75,,— ว่าง —,,,,,,
south-facilities:9003/2,ด่านตรวจ (ไม่ระบุชื่อ) จะนะ,0,N,อุดร (เหนือ),0.0,,— ว่าง —,,,,,,
south-facilities:9003/2,ด่านตรวจ (ไม่ระบุชื่อ) จะนะ,1,NbE,เหนือค่อนอีสาน,11.25,,— ว่าง —,,,,,,
south-facilities:9003/2,ด่านตรวจ (ไม่ระบุชื่อ) จะนะ,2,NNE,เหนือ-อีสาน,22.5,,— ว่าง —,,,,,,
south-facilities:9003/2,ด่านตรวจ (ไม่ระบุชื่อ) จะนะ,3,NEbN,อีสานค่อนเหนือ,33.75,,— ว่าง —,,,,,,
south-facilities:9003/2,ด่านตรวจ (ไม่ระบุชื่อ) จะนะ,4,NE,อีสาน (ตอ.เฉียงเหนือ),45.0,,— ว่าง —,,,,,,
south-facilities:9003/2,ด่านตรวจ (ไม่ระบุชื่อ) จะนะ,5,NEbE,อีสานค่อนบูรพา,56.25,,— ว่าง —,,,,,,
south-facilities:9003/2,ด่านตรวจ (ไม่ระบุชื่อ) จะนะ,6,ENE,บูรพา-อีสาน,67.5,south-facilities:9003,ด่านตรวจ (ไม่ระบุชื่อ) จะนะ,ด่านตรวจ,0.02,0.977,48.247,0.03492864193374608,0.04582693977097527
south-facilities:9003/2,ด่านตรวจ (ไม่ระบุชื่อ) จะนะ,7,EbN,บูรพาค่อนเหนือ,78.75,,— ว่าง —,,,,,,
south-facilities:9003/2,ด่านตรวจ (ไม่ระบุชื่อ) จะนะ,8,E,บูรพา (ตะวันออก),90.0,,— ว่าง —,,,,,,
south-facilities:9003/2,ด่านตรวจ (ไม่ระบุชื่อ) จะนะ,9,EbS,บูรพาค่อนใต้,101.25,,— ว่าง —,,,,,,
south-facilities:9003/2,ด่านตรวจ (ไม่ระบุชื่อ) จะนะ,10,ESE,บูรพา-อาคเนย์,112.5,,— ว่าง —,,,,,,
south-facilities:9003/2,ด่านตรวจ (ไม่ระบุชื่อ) จะนะ,11,SEbE,อาคเนย์ค่อนบูรพา,123.75,,— ว่าง —,,,,,,
south-facilities:9003/2,ด่านตรวจ (ไม่ระบุชื่อ) จะนะ,12,SE,อาคเนย์ (ตอ.เฉียงใต้),135.0,south-facilities:9003/4,โรงพยาบาล โรงพยาบาลจะนะ,โรงพยาบาล,9.373,12.337,1.316,0.03492864193374608,212.80165186549672
south-facilities:9003/2,ด่านตรวจ (ไม่ระบุชื่อ) จะนะ,13,SEbS,อาคเนย์ค่อนใต้,146.25,,— ว่าง —,,,,,,
south-facilities:9003/2,ด่านตรวจ (ไม่ระบุชื่อ) จะนะ,14,SSE,ใต้-อาคเนย์,157.5,south-facilities:9003/3,สถานีตำรวจ (ไม่ระบุชื่อ) จะนะ,สถานีตำรวจ,2.245,9.499,4.231,0.03492864193374608,11.798903484653987
south-facilities:9003/2,ด่านตรวจ (ไม่ระบุชื่อ) จะนะ,15,SbE,ใต้ค่อนบูรพา,168.75,,— ว่าง —,,,,,,
south-facilities:9003/2,ด่านตรวจ (ไม่ระบุชื่อ) จะนะ,16,S,ทักษิณ (ใต้),180.0,,— ว่าง —,,,,,,
south-facilities:9003/2,ด่านตรวจ (ไม่ระบุชื่อ) จะนะ,17,SbW,ใต้ค่อนประจิม,191.25,,— ว่าง —,,,,,,
south-facilities:9003/2,ด่านตรวจ (ไม่ระบุชื่อ) จะนะ,18,SSW,ใต้-หรดี,202.5,,— ว่าง —,,,,,,
south-facilities:9003/2,ด่านตรวจ (ไม่ระบุชื่อ) จะนะ,19,SWbS,หรดีค่อนใต้,213.75,,— ว่าง —,,,,,,
south-facilities:9003/2,ด่านตรวจ (ไม่ระบุชื่อ) จะนะ,20,SW,หรดี (ตต.เฉียงใต้),225.0,,— ว่าง —,,,,,,
south-facilities:9003/2,ด่านตรวจ (ไม่ระบุชื่อ) จะนะ,21,SWbW,หรดีค่อนประจิม,236.25,,— ว่าง —,,,,,,
south-facilities:9003/2,ด่านตรวจ (ไม่ระบุชื่อ) จะนะ,22,WSW,ประจิม-หรดี,247.5,,— ว่าง —,,,,,,
south-facilities:9003/2,ด่านตรวจ (ไม่ระบุชื่อ) จะนะ,23,WbS,ประจิมค่อนใต้,258.75,south-facilities:9012/2,สถานีตำรวจ (ไม่ระบุชื่อ) นาหม่อม,สถานีตำรวจ,14.652,16.774,1.145,0.03492864193374608,27.68356801387466
south-facilities:9003/2,ด่านตรวจ (ไม่ระบุชื่อ) จะนะ,24,W,ประจิม (ตะวันตก),270.0,south-facilities:9012,โรงพยาบาล โรงพยาบาลนาหม่อม,โรงพยาบาล,10.75,11.396,1.06,0.03492864193374608,166.50934497782745
south-facilities:9003/2,ด่านตรวจ (ไม่ระบุชื่อ) จะนะ,25,WbN,ประจิมค่อนเหนือ,281.25,south-facilities:9011/3,สถานีดับเพลิง (ไม่ระบุชื่อ) หาดใหญ่,สถานีดับเพลิง,20.487,29.634,1.447,0.03492864193374608,648.2703498621736
south-facilities:9003/2,ด่านตรวจ (ไม่ระบุชื่อ) จะนะ,26,WNW,ประจิม-พายัพ,292.5,,— ว่าง —,,,,,,
south-facilities:9003/2,ด่านตรวจ (ไม่ระบุชื่อ) จะนะ,27,NWbW,พายัพค่อนประจิม,303.75,,— ว่าง —,,,,,,
south-facilities:9003/2,ด่านตรวจ (ไม่ระบุชื่อ) จะนะ,28,NW,พายัพ (ตต.เฉียงเหนือ),315.0,,— ว่าง —,,,,,,
south-facilities:9003/2,ด่านตรวจ (ไม่ระบุชื่อ) จะนะ,29,NWbN,พายัพค่อนเหนือ,326.25,south-facilities:9001,รพ.สต./สถานีอนามัย Sampit,รพ.สต./สถานีอนามัย,21.17,25.482,1.204,0.03492864193374608,33.823638752248094
south-facilities:9003/2,ด่านตรวจ (ไม่ระบุชื่อ) จะนะ,30,NNW,เหนือ-พายัพ,337.5,south-facilities:9001/7,หน่วยทหาร 5th Field Artilery Battalion,หน่วยทหาร,19.571,20.042,1.024,0.03492864193374608,257.7609340848567
south-facilities:9003/2,ด่านตรวจ (ไม่ระบุชื่อ) จะนะ,31,NbW,เหนือค่อนประจิม,348.75,,— ว่าง —,,,,,,
south-facilities:9003/3,สถานีตำรวจ (ไม่ระบุชื่อ) จะนะ,0,N,อุดร (เหนือ),0.0,,— ว่าง —,,,,,,
south-facilities:9003/3,สถานีตำรวจ (ไม่ระบุชื่อ) จะนะ,1,NbE,เหนือค่อนอีสาน,11.25,,— ว่าง —,,,,,,
south-facilities:9003/3,สถานีตำรวจ (ไม่ระบุชื่อ) จะนะ,2,NNE,เหนือ-อีสาน,22.5,,— ว่าง —,,,,,,
south-facilities:9003/3,สถานีตำรวจ (ไม่ระบุชื่อ) จะนะ,3,NEbN,อีสานค่อนเหนือ,33.75,,— ว่าง —,,,,,,
south-facilities:9003/3,สถานีตำรวจ (ไม่ระบุชื่อ) จะนะ,4,NE,อีสาน (ตอ.เฉียงเหนือ),45.0,,— ว่าง —,,,,,,
south-facilities:9003/3,สถานีตำรวจ (ไม่ระบุชื่อ) จะนะ,5,NEbE,อีสานค่อนบูรพา,56.25,,— ว่าง —,,,,,,
south-facilities:9003/3,สถานีตำรวจ (ไม่ระบุชื่อ) จะนะ,6,ENE,บูรพา-อีสาน,67.5,,— ว่าง —,,,,,,
south-facilities:9003/3,สถานีตำรวจ (ไม่ระบุชื่อ) จะนะ,7,EbN,บูรพาค่อนเหนือ,78.75,,— ว่าง —,,,,,,
south-facilities:9003/3,สถานีตำรวจ (ไม่ระบุชื่อ) จะนะ,8,E,บูรพา (ตะวันออก),90.0,,— ว่าง —,,,,,,
south-facilities:9003/3,สถานีตำรวจ (ไม่ระบุชื่อ) จะนะ,9,EbS,บูรพาค่อนใต้,101.25,,— ว่าง —,,,,,,
south-facilities:9003/3,สถานีตำรวจ (ไม่ระบุชื่อ) จะนะ,10,ESE,บูรพา-อาคเนย์,112.5,,— ว่าง —,,,,,,
south-facilities:9003/3,สถานีตำรวจ (ไม่ระบุชื่อ) จะนะ,11,SEbE,อาคเนย์ค่อนบูรพา,123.75,,— ว่าง —,,,,,,
south-facilities:9003/3,สถานีตำรวจ (ไม่ระบุชื่อ) จะนะ,12,SE,อาคเนย์ (ตอ.เฉียงใต้),135.0,south-facilities:9003/4,โรงพยาบาล โรงพยาบาลจะนะ,โรงพยาบาล,7.399,9.838,1.33,11.798903484653987,212.80165186549672
south-facilities:9003/3,สถานีตำรวจ (ไม่ระบุชื่อ) จะนะ,13,SEbS,อาคเนย์ค่อนใต้,146.25,,— ว่าง —,,,,,,
south-facilities:9003/3,สถานีตำรวจ (ไม่ระบุชื่อ) จะนะ,14,SSE,ใต้-อาคเนย์,157.5,,— ว่าง —,,,,,,
south-facilities:9003/3,สถานีตำรวจ (ไม่ระบุชื่อ) จะนะ,15,SbE,ใต้ค่อนบูรพา,168.75,,— ว่าง —,,,,,,
south-facilities:9003/3,สถานีตำรวจ (ไม่ระบุชื่อ) จะนะ,16,S,ทักษิณ (ใต้),180.0,,— ว่าง —,,,,,,
south-facilities:9003/3,สถานีตำรวจ (ไม่ระบุชื่อ) จะนะ,17,SbW,ใต้ค่อนประจิม,191.25,,— ว่าง —,,,,,,
south-facilities:9003/3,สถานีตำรวจ (ไม่ระบุชื่อ) จะนะ,18,SSW,ใต้-หรดี,202.5,,— ว่าง —,,,,,,
south-facilities:9003/3,สถานีตำรวจ (ไม่ระบุชื่อ) จะนะ,19,SWbS,หรดีค่อนใต้,213.75,,— ว่าง —,,,,,,
south-facilities:9003/3,สถานีตำรวจ (ไม่ระบุชื่อ) จะนะ,20,SW,หรดี (ตต.เฉียงใต้),225.0,,— ว่าง —,,,,,,
south-facilities:9003/3,สถานีตำรวจ (ไม่ระบุชื่อ) จะนะ,21,SWbW,หรดีค่อนประจิม,236.25,,— ว่าง —,,,,,,
south-facilities:9003/3,สถานีตำรวจ (ไม่ระบุชื่อ) จะนะ,22,WSW,ประจิม-หรดี,247.5,,— ว่าง —,,,,,,
south-facilities:9003/3,สถานีตำรวจ (ไม่ระบุชื่อ) จะนะ,23,WbS,ประจิมค่อนใต้,258.75,,— ว่าง —,,,,,,
south-facilities:9003/3,สถานีตำรวจ (ไม่ระบุชื่อ) จะนะ,24,W,ประจิม (ตะวันตก),270.0,south-facilities:9012/2,สถานีตำรวจ (ไม่ระบุชื่อ) นาหม่อม,สถานีตำรวจ,15.146,19.014,1.255,11.798903484653987,27.68356801387466
south-facilities:9003/3,สถานีตำรวจ (ไม่ระบุชื่อ) จะนะ,25,WbN,ประจิมค่อนเหนือ,281.25,south-facilities:9012,โรงพยาบาล โรงพยาบาลนาหม่อม,โรงพยาบาล,11.766,13.636,1.159,11.798903484653987,166.50934497782745
south-facilities:9003/3,สถานีตำรวจ (ไม่ระบุชื่อ) จะนะ,26,WNW,ประจิม-พายัพ,292.5,south-facilities:9011/9,โรงพยาบาล โรงพยาบาลค่ายเสนาณรงค์,โรงพยาบาล,22.047,32.295,1.465,11.798903484653987,106.89281366922243
south-facilities:9003/3,สถานีตำรวจ (ไม่ระบุชื่อ) จะนะ,27,NWbW,พายัพค่อนประจิม,303.75,,— ว่าง —,,,,,,
south-facilities:9003/3,สถานีตำรวจ (ไม่ระบุชื่อ) จะนะ,28,NW,พายัพ (ตต.เฉียงเหนือ),315.0,,— ว่าง —,,,,,,
south-facilities:9003/3,สถานีตำรวจ (ไม่ระบุชื่อ) จะนะ,29,NWbN,พายัพค่อนเหนือ,326.25,south-facilities:9001,รพ.สต./สถานีอนามัย Sampit,รพ.สต./สถานีอนามัย,23.33,27.722,1.188,11.798903484653987,33.823638752248094
south-facilities:9003/3,สถานีตำรวจ (ไม่ระบุชื่อ) จะนะ,30,NNW,เหนือ-พายัพ,337.5,south-facilities:9003/2,ด่านตรวจ (ไม่ระบุชื่อ) จะนะ,ด่านตรวจ,2.245,2.24,0.998,11.798903484653987,0.03492864193374608
south-facilities:9003/3,สถานีตำรวจ (ไม่ระบุชื่อ) จะนะ,31,NbW,เหนือค่อนประจิม,348.75,,— ว่าง —,,,,,,
south-facilities:9003/4,โรงพยาบาล โรงพยาบาลจะนะ,0,N,อุดร (เหนือ),0.0,,— ว่าง —,,,,,,
south-facilities:9003/4,โรงพยาบาล โรงพยาบาลจะนะ,1,NbE,เหนือค่อนอีสาน,11.25,,— ว่าง —,,,,,,
south-facilities:9003/4,โรงพยาบาล โรงพยาบาลจะนะ,2,NNE,เหนือ-อีสาน,22.5,,— ว่าง —,,,,,,
south-facilities:9003/4,โรงพยาบาล โรงพยาบาลจะนะ,3,NEbN,อีสานค่อนเหนือ,33.75,,— ว่าง —,,,,,,
south-facilities:9003/4,โรงพยาบาล โรงพยาบาลจะนะ,4,NE,อีสาน (ตอ.เฉียงเหนือ),45.0,,— ว่าง —,,,,,,
south-facilities:9003/4,โรงพยาบาล โรงพยาบาลจะนะ,5,NEbE,อีสานค่อนบูรพา,56.25,,— ว่าง —,,,,,,
south-facilities:9003/4,โรงพยาบาล โรงพยาบาลจะนะ,6,ENE,บูรพา-อีสาน,67.5,,— ว่าง —,,,,,,
south-facilities:9003/4,โรงพยาบาล โรงพยาบาลจะนะ,7,EbN,บูรพาค่อนเหนือ,78.75,,— ว่าง —,,,,,,
south-facilities:9003/4,โรงพยาบาล โรงพยาบาลจะนะ,8,E,บูรพา (ตะวันออก),90.0,,— ว่าง —,,,,,,
south-facilities:9003/4,โรงพยาบาล โรงพยาบาลจะนะ,9,EbS,บูรพาค่อนใต้,101.25,,— ว่าง —,,,,,,
south-facilities:9003/4,โรงพยาบาล โรงพยาบาลจะนะ,10,ESE,บูรพา-อาคเนย์,112.5,,— ว่าง —,,,,,,
south-facilities:9003/4,โรงพยาบาล โรงพยาบาลจะนะ,11,SEbE,อาคเนย์ค่อนบูรพา,123.75,,— ว่าง —,,,,,,
south-facilities:9003/4,โรงพยาบาล โรงพยาบาลจะนะ,12,SE,อาคเนย์ (ตอ.เฉียงใต้),135.0,,— ว่าง —,,,,,,
south-facilities:9003/4,โรงพยาบาล โรงพยาบาลจะนะ,13,SEbS,อาคเนย์ค่อนใต้,146.25,,— ว่าง —,,,,,,
south-facilities:9003/4,โรงพยาบาล โรงพยาบาลจะนะ,14,SSE,ใต้-อาคเนย์,157.5,,— ว่าง —,,,,,,
south-facilities:9003/4,โรงพยาบาล โรงพยาบาลจะนะ,15,SbE,ใต้ค่อนบูรพา,168.75,,— ว่าง —,,,,,,
south-facilities:9003/4,โรงพยาบาล โรงพยาบาลจะนะ,16,S,ทักษิณ (ใต้),180.0,,— ว่าง —,,,,,,
south-facilities:9003/4,โรงพยาบาล โรงพยาบาลจะนะ,17,SbW,ใต้ค่อนประจิม,191.25,south-facilities:9004,โรงพยาบาล โรงพยาบาลสมเด็จพระบรมราชินีนาถ,โรงพยาบาล,21.277,24.242,1.139,212.80165186549672,95.41247166473471
south-facilities:9003/4,โรงพยาบาล โรงพยาบาลจะนะ,18,SSW,ใต้-หรดี,202.5,,— ว่าง —,,,,,,
south-facilities:9003/4,โรงพยาบาล โรงพยาบาลจะนะ,19,SWbS,หรดีค่อนใต้,213.75,,— ว่าง —,,,,,,
south-facilities:9003/4,โรงพยาบาล โรงพยาบาลจะนะ,20,SW,หรดี (ตต.เฉียงใต้),225.0,,— ว่าง —,,,,,,
south-facilities:9003/4,โรงพยาบาล โรงพยาบาลจะนะ,21,SWbW,หรดีค่อนประจิม,236.25,,— ว่าง —,,,,,,
south-facilities:9003/4,โรงพยาบาล โรงพยาบาลจะนะ,22,WSW,ประจิม-หรดี,247.5,,— ว่าง —,,,,,,
south-facilities:9003/4,โรงพยาบาล โรงพยาบาลจะนะ,23,WbS,ประจิมค่อนใต้,258.75,,— ว่าง —,,,,,,
south-facilities:9003/4,โรงพยาบาล โรงพยาบาลจะนะ,24,W,ประจิม (ตะวันตก),270.0,,— ว่าง —,,,,,,
south-facilities:9003/4,โรงพยาบาล โรงพยาบาลจะนะ,25,WbN,ประจิมค่อนเหนือ,281.25,south-facilities:9012/2,สถานีตำรวจ (ไม่ระบุชื่อ) นาหม่อม,สถานีตำรวจ,21.304,26.699,1.253,212.80165186549672,27.68356801387466
south-facilities:9003/4,โรงพยาบาล โรงพยาบาลจะนะ,26,WNW,ประจิม-พายัพ,292.5,south-facilities:9012,โรงพยาบาล โรงพยาบาลนาหม่อม,โรงพยาบาล,18.708,21.321,1.14,212.80165186549672,166.50934497782745
south-facilities:9003/4,โรงพยาบาล โรงพยาบาลจะนะ,27,NWbW,พายัพค่อนประจิม,303.75,,— ว่าง —,,,,,,
south-facilities:9003/4,โรงพยาบาล โรงพยาบาลจะนะ,28,NW,พายัพ (ตต.เฉียงเหนือ),315.0,south-facilities:9003/3,สถานีตำรวจ (ไม่ระบุชื่อ) จะนะ,สถานีตำรวจ,7.399,7.685,1.039,212.80165186549672,11.798903484653987
south-facilities:9003/4,โรงพยาบาล โรงพยาบาลจะนะ,29,NWbN,พายัพค่อนเหนือ,326.25,,— ว่าง —,,,,,,
south-facilities:9003/4,โรงพยาบาล โรงพยาบาลจะนะ,30,NNW,เหนือ-พายัพ,337.5,,— ว่าง —,,,,,,
south-facilities:9003/4,โรงพยาบาล โรงพยาบาลจะนะ,31,NbW,เหนือค่อนประจิม,348.75,,— ว่าง —,,,,,,
south-facilities:9004,โรงพยาบาล โรงพยาบาลสมเด็จพระบรมราชินีนาถ,0,N,อุดร (เหนือ),0.0,,— ว่าง —,,,,,,
south-facilities:9004,โรงพยาบาล โรงพยาบาลสมเด็จพระบรมราชินีนาถ,1,NbE,เหนือค่อนอีสาน,11.25,south-facilities:9003/4,โรงพยาบาล โรงพยาบาลจะนะ,โรงพยาบาล,21.277,24.42,1.148,95.41247166473471,212.80165186549672
south-facilities:9004,โรงพยาบาล โรงพยาบาลสมเด็จพระบรมราชินีนาถ,2,NNE,เหนือ-อีสาน,22.5,,— ว่าง —,,,,,,
south-facilities:9004,โรงพยาบาล โรงพยาบาลสมเด็จพระบรมราชินีนาถ,3,NEbN,อีสานค่อนเหนือ,33.75,,— ว่าง —,,,,,,
south-facilities:9004,โรงพยาบาล โรงพยาบาลสมเด็จพระบรมราชินีนาถ,4,NE,อีสาน (ตอ.เฉียงเหนือ),45.0,,— ว่าง —,,,,,,
south-facilities:9004,โรงพยาบาล โรงพยาบาลสมเด็จพระบรมราชินีนาถ,5,NEbE,อีสานค่อนบูรพา,56.25,,— ว่าง —,,,,,,
south-facilities:9004,โรงพยาบาล โรงพยาบาลสมเด็จพระบรมราชินีนาถ,6,ENE,บูรพา-อีสาน,67.5,,— ว่าง —,,,,,,
south-facilities:9004,โรงพยาบาล โรงพยาบาลสมเด็จพระบรมราชินีนาถ,7,EbN,บูรพาค่อนเหนือ,78.75,,— ว่าง —,,,,,,
south-facilities:9004,โรงพยาบาล โรงพยาบาลสมเด็จพระบรมราชินีนาถ,8,E,บูรพา (ตะวันออก),90.0,,— ว่าง —,,,,,,
south-facilities:9004,โรงพยาบาล โรงพยาบาลสมเด็จพระบรมราชินีนาถ,9,EbS,บูรพาค่อนใต้,101.25,,— ว่าง —,,,,,,
south-facilities:9004,โรงพยาบาล โรงพยาบาลสมเด็จพระบรมราชินีนาถ,10,ESE,บูรพา-อาคเนย์,112.5,,— ว่าง —,,,,,,
south-facilities:9004,โรงพยาบาล โรงพยาบาลสมเด็จพระบรมราชินีนาถ,11,SEbE,อาคเนย์ค่อนบูรพา,123.75,,— ว่าง —,,,,,,
south-facilities:9004,โรงพยาบาล โรงพยาบาลสมเด็จพระบรมราชินีนาถ,12,SE,อาคเนย์ (ตอ.เฉียงใต้),135.0,,— ว่าง —,,,,,,
south-facilities:9004,โรงพยาบาล โรงพยาบาลสมเด็จพระบรมราชินีนาถ,13,SEbS,อาคเนย์ค่อนใต้,146.25,,— ว่าง —,,,,,,
south-facilities:9004,โรงพยาบาล โรงพยาบาลสมเด็จพระบรมราชินีนาถ,14,SSE,ใต้-อาคเนย์,157.5,,— ว่าง —,,,,,,
south-facilities:9004,โรงพยาบาล โรงพยาบาลสมเด็จพระบรมราชินีนาถ,15,SbE,ใต้ค่อนบูรพา,168.75,,— ว่าง —,,,,,,
south-facilities:9004,โรงพยาบาล โรงพยาบาลสมเด็จพระบรมราชินีนาถ,16,S,ทักษิณ (ใต้),180.0,,— ว่าง —,,,,,,
south-facilities:9004,โรงพยาบาล โรงพยาบาลสมเด็จพระบรมราชินีนาถ,17,SbW,ใต้ค่อนประจิม,191.25,,— ว่าง —,,,,,,
south-facilities:9004,โรงพยาบาล โรงพยาบาลสมเด็จพระบรมราชินีนาถ,18,SSW,ใต้-หรดี,202.5,,— ว่าง —,,,,,,
south-facilities:9004,โรงพยาบาล โรงพยาบาลสมเด็จพระบรมราชินีนาถ,19,SWbS,หรดีค่อนใต้,213.75,,— ว่าง —,,,,,,
south-facilities:9004,โรงพยาบาล โรงพยาบาลสมเด็จพระบรมราชินีนาถ,20,SW,หรดี (ตต.เฉียงใต้),225.0,,— ว่าง —,,,,,,
south-facilities:9004,โรงพยาบาล โรงพยาบาลสมเด็จพระบรมราชินีนาถ,21,SWbW,หรดีค่อนประจิม,236.25,,— ว่าง —,,,,,,
south-facilities:9004,โรงพยาบาล โรงพยาบาลสมเด็จพระบรมราชินีนาถ,22,WSW,ประจิม-หรดี,247.5,,— ว่าง —,,,,,,
south-facilities:9004,โรงพยาบาล โรงพยาบาลสมเด็จพระบรมราชินีนาถ,23,WbS,ประจิมค่อนใต้,258.75,,— ว่าง —,,,,,,
south-facilities:9004,โรงพยาบาล โรงพยาบาลสมเด็จพระบรมราชินีนาถ,24,W,ประจิม (ตะวันตก),270.0,,— ว่าง —,,,,,,
south-facilities:9004,โรงพยาบาล โรงพยาบาลสมเด็จพระบรมราชินีนาถ,25,WbN,ประจิมค่อนเหนือ,281.25,,— ว่าง —,,,,,,
south-facilities:9004,โรงพยาบาล โรงพยาบาลสมเด็จพระบรมราชินีนาถ,26,WNW,ประจิม-พายัพ,292.5,,— ว่าง —,,,,,,
south-facilities:9004,โรงพยาบาล โรงพยาบาลสมเด็จพระบรมราชินีนาถ,27,NWbW,พายัพค่อนประจิม,303.75,,— ว่าง —,,,,,,
south-facilities:9004,โรงพยาบาล โรงพยาบาลสมเด็จพระบรมราชินีนาถ,28,NW,พายัพ (ตต.เฉียงเหนือ),315.0,,— ว่าง —,,,,,,
south-facilities:9004,โรงพยาบาล โรงพยาบาลสมเด็จพระบรมราชินีนาถ,29,NWbN,พายัพค่อนเหนือ,326.25,,— ว่าง —,,,,,,
south-facilities:9004,โรงพยาบาล โรงพยาบาลสมเด็จพระบรมราชินีนาถ,30,NNW,เหนือ-พายัพ,337.5,,— ว่าง —,,,,,,
south-facilities:9004,โรงพยาบาล โรงพยาบาลสมเด็จพระบรมราชินีนาถ,31,NbW,เหนือค่อนประจิม,348.75,,— ว่าง —,,,,,,
south-facilities:9005,โรงพยาบาล โรงพยาบาลเทพา,0,N,อุดร (เหนือ),0.0,,— ว่าง —,,,,,,
south-facilities:9005,โรงพยาบาล โรงพยาบาลเทพา,1,NbE,เหนือค่อนอีสาน,11.25,,— ว่าง —,,,,,,
south-facilities:9005,โรงพยาบาล โรงพยาบาลเทพา,2,NNE,เหนือ-อีสาน,22.5,,— ว่าง —,,,,,,
south-facilities:9005,โรงพยาบาล โรงพยาบาลเทพา,3,NEbN,อีสานค่อนเหนือ,33.75,,— ว่าง —,,,,,,
south-facilities:9005,โรงพยาบาล โรงพยาบาลเทพา,4,NE,อีสาน (ตอ.เฉียงเหนือ),45.0,,— ว่าง —,,,,,,
south-facilities:9005,โรงพยาบาล โรงพยาบาลเทพา,5,NEbE,อีสานค่อนบูรพา,56.25,,— ว่าง —,,,,,,
south-facilities:9005,โรงพยาบาล โรงพยาบาลเทพา,6,ENE,บูรพา-อีสาน,67.5,,— ว่าง —,,,,,,
south-facilities:9005,โรงพยาบาล โรงพยาบาลเทพา,7,EbN,บูรพาค่อนเหนือ,78.75,south-facilities:9403/3,ด่านตรวจ (ไม่ระบุชื่อ) หนองจิก,ด่านตรวจ,11.761,23.343,1.985,121.25604158907183,0.07100315476226833
south-facilities:9005,โรงพยาบาล โรงพยาบาลเทพา,8,E,บูรพา (ตะวันออก),90.0,south-facilities:9005/2,โรงพยาบาล โรงพยาบาลเทพา,โรงพยาบาล,0.081,0.0,0.0,121.25604158907183,199.934273707303
south-facilities:9005,โรงพยาบาล โรงพยาบาลเทพา,9,EbS,บูรพาค่อนใต้,101.25,south-facilities:9403/7,หน่วยทหาร ค่ายสมเด็จพระศรีสุริโยทัย,หน่วยทหาร,21.635,34.826,1.61,121.25604158907183,586.9212521507228
south-facilities:9005,โรงพยาบาล โรงพยาบาลเทพา,10,ESE,บูรพา-อาคเนย์,112.5,south-facilities:9402,โรงพยาบาล โรงพยาบาลโคกโพธิ์,โรงพยาบาล,19.65,28.002,1.425,121.25604158907183,110.57702669796572
south-facilities:9005,โรงพยาบาล โรงพยาบาลเทพา,11,SEbE,อาคเนย์ค่อนบูรพา,123.75,,— ว่าง —,,,,,,
south-facilities:9005,โรงพยาบาล โรงพยาบาลเทพา,12,SE,อาคเนย์ (ตอ.เฉียงใต้),135.0,,— ว่าง —,,,,,,
south-facilities:9005,โรงพยาบาล โรงพยาบาลเทพา,13,SEbS,อาคเนย์ค่อนใต้,146.25,,— ว่าง —,,,,,,
south-facilities:9005,โรงพยาบาล โรงพยาบาลเทพา,14,SSE,ใต้-อาคเนย์,157.5,,— ว่าง —,,,,,,
south-facilities:9005,โรงพยาบาล โรงพยาบาลเทพา,15,SbE,ใต้ค่อนบูรพา,168.75,,— ว่าง —,,,,,,
south-facilities:9005,โรงพยาบาล โรงพยาบาลเทพา,16,S,ทักษิณ (ใต้),180.0,south-facilities:9006,โรงพยาบาล โรงพยาบาลสะบ้าย้อย,โรงพยาบาล,20.057,21.503,1.072,121.25604158907183,63.12117679673584
south-facilities:9005,โรงพยาบาล โรงพยาบาลเทพา,17,SbW,ใต้ค่อนประจิม,191.25,,— ว่าง —,,,,,,
south-facilities:9005,โรงพยาบาล โรงพยาบาลเทพา,18,SSW,ใต้-หรดี,202.5,,— ว่าง —,,,,,,
south-facilities:9005,โรงพยาบาล โรงพยาบาลเทพา,19,SWbS,หรดีค่อนใต้,213.75,,— ว่าง —,,,,,,
south-facilities:9005,โรงพยาบาล โรงพยาบาลเทพา,20,SW,หรดี (ตต.เฉียงใต้),225.0,,— ว่าง —,,,,,,
south-facilities:9005,โรงพยาบาล โรงพยาบาลเทพา,21,SWbW,หรดีค่อนประจิม,236.25,,— ว่าง —,,,,,,
south-facilities:9005,โรงพยาบาล โรงพยาบาลเทพา,22,WSW,ประจิม-หรดี,247.5,,— ว่าง —,,,,,,
south-facilities:9005,โรงพยาบาล โรงพยาบาลเทพา,23,WbS,ประจิมค่อนใต้,258.75,,— ว่าง —,,,,,,
south-facilities:9005,โรงพยาบาล โรงพยาบาลเทพา,24,W,ประจิม (ตะวันตก),270.0,,— ว่าง —,,,,,,
south-facilities:9005,โรงพยาบาล โรงพยาบาลเทพา,25,WbN,ประจิมค่อนเหนือ,281.25,,— ว่าง —,,,,,,
south-facilities:9005,โรงพยาบาล โรงพยาบาลเทพา,26,WNW,ประจิม-พายัพ,292.5,,— ว่าง —,,,,,,
south-facilities:9005,โรงพยาบาล โรงพยาบาลเทพา,27,NWbW,พายัพค่อนประจิม,303.75,,— ว่าง —,,,,,,
south-facilities:9005,โรงพยาบาล โรงพยาบาลเทพา,28,NW,พายัพ (ตต.เฉียงเหนือ),315.0,,— ว่าง —,,,,,,
south-facilities:9005,โรงพยาบาล โรงพยาบาลเทพา,29,NWbN,พายัพค่อนเหนือ,326.25,,— ว่าง —,,,,,,
south-facilities:9005,โรงพยาบาล โรงพยาบาลเทพา,30,NNW,เหนือ-พายัพ,337.5,,— ว่าง —,,,,,,
south-facilities:9005,โรงพยาบาล โรงพยาบาลเทพา,31,NbW,เหนือค่อนประจิม,348.75,,— ว่าง —,,,,,,
south-facilities:9005/2,โรงพยาบาล โรงพยาบาลเทพา,0,N,อุดร (เหนือ),0.0,,— ว่าง —,,,,,,
south-facilities:9005/2,โรงพยาบาล โรงพยาบาลเทพา,1,NbE,เหนือค่อนอีสาน,11.25,,— ว่าง —,,,,,,
south-facilities:9005/2,โรงพยาบาล โรงพยาบาลเทพา,2,NNE,เหนือ-อีสาน,22.5,,— ว่าง —,,,,,,
south-facilities:9005/2,โรงพยาบาล โรงพยาบาลเทพา,3,NEbN,อีสานค่อนเหนือ,33.75,,— ว่าง —,,,,,,
south-facilities:9005/2,โรงพยาบาล โรงพยาบาลเทพา,4,NE,อีสาน (ตอ.เฉียงเหนือ),45.0,,— ว่าง —,,,,,,
south-facilities:9005/2,โรงพยาบาล โรงพยาบาลเทพา,5,NEbE,อีสานค่อนบูรพา,56.25,,— ว่าง —,,,,,,
south-facilities:9005/2,โรงพยาบาล โรงพยาบาลเทพา,6,ENE,บูรพา-อีสาน,67.5,,— ว่าง —,,,,,,
south-facilities:9005/2,โรงพยาบาล โรงพยาบาลเทพา,7,EbN,บูรพาค่อนเหนือ,78.75,south-facilities:9403/3,ด่านตรวจ (ไม่ระบุชื่อ) หนองจิก,ด่านตรวจ,11.681,23.343,1.998,199.934273707303,0.07100315476226833
south-facilities:9005/2,โรงพยาบาล โรงพยาบาลเทพา,8,E,บูรพา (ตะวันออก),90.0,south-facilities:9403/6,หน่วยทหาร มณฑลทหารบกที่ 46 - ค่ายอิงคยุทธบริหาร,หน่วยทหาร,20.633,35.19,1.706,199.934273707303,493.1170496324994
south-facilities:9005/2,โรงพยาบาล โรงพยาบาลเทพา,9,EbS,บูรพาค่อนใต้,101.25,south-facilities:9403/7,หน่วยทหาร ค่ายสมเด็จพระศรีสุริโยทัย,หน่วยทหาร,21.555,34.826,1.616,199.934273707303,586.9212521507228
south-facilities:9005/2,โรงพยาบาล โรงพยาบาลเทพา,10,ESE,บูรพา-อาคเนย์,112.5,south-facilities:9402,โรงพยาบาล โรงพยาบาลโคกโพธิ์,โรงพยาบาล,19.577,28.002,1.43,199.934273707303,110.57702669796572
south-facilities:9005/2,โรงพยาบาล โรงพยาบาลเทพา,11,SEbE,อาคเนย์ค่อนบูรพา,123.75,,— ว่าง —,,,,,,
south-facilities:9005/2,โรงพยาบาล โรงพยาบาลเทพา,12,SE,อาคเนย์ (ตอ.เฉียงใต้),135.0,,— ว่าง —,,,,,,
south-facilities:9005/2,โรงพยาบาล โรงพยาบาลเทพา,13,SEbS,อาคเนย์ค่อนใต้,146.25,,— ว่าง —,,,,,,
south-facilities:9005/2,โรงพยาบาล โรงพยาบาลเทพา,14,SSE,ใต้-อาคเนย์,157.5,,— ว่าง —,,,,,,
south-facilities:9005/2,โรงพยาบาล โรงพยาบาลเทพา,15,SbE,ใต้ค่อนบูรพา,168.75,,— ว่าง —,,,,,,
south-facilities:9005/2,โรงพยาบาล โรงพยาบาลเทพา,16,S,ทักษิณ (ใต้),180.0,south-facilities:9006,โรงพยาบาล โรงพยาบาลสะบ้าย้อย,โรงพยาบาล,20.063,21.503,1.072,199.934273707303,63.12117679673584
south-facilities:9005/2,โรงพยาบาล โรงพยาบาลเทพา,17,SbW,ใต้ค่อนประจิม,191.25,,— ว่าง —,,,,,,
south-facilities:9005/2,โรงพยาบาล โรงพยาบาลเทพา,18,SSW,ใต้-หรดี,202.5,,— ว่าง —,,,,,,
south-facilities:9005/2,โรงพยาบาล โรงพยาบาลเทพา,19,SWbS,หรดีค่อนใต้,213.75,,— ว่าง —,,,,,,
south-facilities:9005/2,โรงพยาบาล โรงพยาบาลเทพา,20,SW,หรดี (ตต.เฉียงใต้),225.0,,— ว่าง —,,,,,,
south-facilities:9005/2,โรงพยาบาล โรงพยาบาลเทพา,21,SWbW,หรดีค่อนประจิม,236.25,,— ว่าง —,,,,,,
south-facilities:9005/2,โรงพยาบาล โรงพยาบาลเทพา,22,WSW,ประจิม-หรดี,247.5,,— ว่าง —,,,,,,
south-facilities:9005/2,โรงพยาบาล โรงพยาบาลเทพา,23,WbS,ประจิมค่อนใต้,258.75,,— ว่าง —,,,,,,
south-facilities:9005/2,โรงพยาบาล โรงพยาบาลเทพา,24,W,ประจิม (ตะวันตก),270.0,south-facilities:9005,โรงพยาบาล โรงพยาบาลเทพา,โรงพยาบาล,0.081,0.0,0.0,199.934273707303,121.25604158907183
south-facilities:9005/2,โรงพยาบาล โรงพยาบาลเทพา,25,WbN,ประจิมค่อนเหนือ,281.25,,— ว่าง —,,,,,,
south-facilities:9005/2,โรงพยาบาล โรงพยาบาลเทพา,26,WNW,ประจิม-พายัพ,292.5,,— ว่าง —,,,,,,
south-facilities:9005/2,โรงพยาบาล โรงพยาบาลเทพา,27,NWbW,พายัพค่อนประจิม,303.75,,— ว่าง —,,,,,,
south-facilities:9005/2,โรงพยาบาล โรงพยาบาลเทพา,28,NW,พายัพ (ตต.เฉียงเหนือ),315.0,,— ว่าง —,,,,,,
south-facilities:9005/2,โรงพยาบาล โรงพยาบาลเทพา,29,NWbN,พายัพค่อนเหนือ,326.25,,— ว่าง —,,,,,,
south-facilities:9005/2,โรงพยาบาล โรงพยาบาลเทพา,30,NNW,เหนือ-พายัพ,337.5,,— ว่าง —,,,,,,
south-facilities:9005/2,โรงพยาบาล โรงพยาบาลเทพา,31,NbW,เหนือค่อนประจิม,348.75,,— ว่าง —,,,,,,
south-facilities:9006,โรงพยาบาล โรงพยาบาลสะบ้าย้อย,0,N,อุดร (เหนือ),0.0,south-facilities:9005,โรงพยาบาล โรงพยาบาลเทพา,โรงพยาบาล,20.057,21.51,1.072,63.12117679673584,121.25604158907183
south-facilities:9006,โรงพยาบาล โรงพยาบาลสะบ้าย้อย,1,NbE,เหนือค่อนอีสาน,11.25,,— ว่าง —,,,,,,
south-facilities:9006,โรงพยาบาล โรงพยาบาลสะบ้าย้อย,2,NNE,เหนือ-อีสาน,22.5,,— ว่าง —,,,,,,
south-facilities:9006,โรงพยาบาล โรงพยาบาลสะบ้าย้อย,3,NEbN,อีสานค่อนเหนือ,33.75,,— ว่าง —,,,,,,
south-facilities:9006,โรงพยาบาล โรงพยาบาลสะบ้าย้อย,4,NE,อีสาน (ตอ.เฉียงเหนือ),45.0,,— ว่าง —,,,,,,
south-facilities:9006,โรงพยาบาล โรงพยาบาลสะบ้าย้อย,5,NEbE,อีสานค่อนบูรพา,56.25,south-facilities:9402,โรงพยาบาล โรงพยาบาลโคกโพธิ์,โรงพยาบาล,22.451,28.73,1.28,63.12117679673584,110.57702669796572
south-facilities:9006,โรงพยาบาล โรงพยาบาลสะบ้าย้อย,6,ENE,บูรพา-อีสาน,67.5,,— ว่าง —,,,,,,
south-facilities:9006,โรงพยาบาล โรงพยาบาลสะบ้าย้อย,7,EbN,บูรพาค่อนเหนือ,78.75,,— ว่าง —,,,,,,
south-facilities:9006,โรงพยาบาล โรงพยาบาลสะบ้าย้อย,8,E,บูรพา (ตะวันออก),90.0,,— ว่าง —,,,,,,
south-facilities:9006,โรงพยาบาล โรงพยาบาลสะบ้าย้อย,9,EbS,บูรพาค่อนใต้,101.25,,— ว่าง —,,,,,,
south-facilities:9006,โรงพยาบาล โรงพยาบาลสะบ้าย้อย,10,ESE,บูรพา-อาคเนย์,112.5,south-facilities:9006/2,โรงพยาบาล โรงพยาบาลสะบ้าย้อย,โรงพยาบาล,0.046,0.0,0.0,63.12117679673584,109.1222685433677
south-facilities:9006,โรงพยาบาล โรงพยาบาลสะบ้าย้อย,11,SEbE,อาคเนย์ค่อนบูรพา,123.75,south-facilities:9505,โรงพยาบาล (ไม่ระบุชื่อ) ยะหา,โรงพยาบาล,24.424,31.973,1.309,63.12117679673584,59.737005230787936
south-facilities:9006,โรงพยาบาล โรงพยาบาลสะบ้าย้อย,12,SE,อาคเนย์ (ตอ.เฉียงใต้),135.0,,— ว่าง —,,,,,,
south-facilities:9006,โรงพยาบาล โรงพยาบาลสะบ้าย้อย,13,SEbS,อาคเนย์ค่อนใต้,146.25,,— ว่าง —,,,,,,
south-facilities:9006,โรงพยาบาล โรงพยาบาลสะบ้าย้อย,14,SSE,ใต้-อาคเนย์,157.5,south-facilities:9507,โรงพยาบาล โรงพยาบาลกาบัง,โรงพยาบาล,23.042,26.444,1.148,63.12117679673584,65.30527889155283
south-facilities:9006,โรงพยาบาล โรงพยาบาลสะบ้าย้อย,15,SbE,ใต้ค่อนบูรพา,168.75,,— ว่าง —,,,,,,
south-facilities:9006,โรงพยาบาล โรงพยาบาลสะบ้าย้อย,16,S,ทักษิณ (ใต้),180.0,,— ว่าง —,,,,,,
south-facilities:9006,โรงพยาบาล โรงพยาบาลสะบ้าย้อย,17,SbW,ใต้ค่อนประจิม,191.25,,— ว่าง —,,,,,,
south-facilities:9006,โรงพยาบาล โรงพยาบาลสะบ้าย้อย,18,SSW,ใต้-หรดี,202.5,,— ว่าง —,,,,,,
south-facilities:9006,โรงพยาบาล โรงพยาบาลสะบ้าย้อย,19,SWbS,หรดีค่อนใต้,213.75,,— ว่าง —,,,,,,
south-facilities:9006,โรงพยาบาล โรงพยาบาลสะบ้าย้อย,20,SW,หรดี (ตต.เฉียงใต้),225.0,,— ว่าง —,,,,,,
south-facilities:9006,โรงพยาบาล โรงพยาบาลสะบ้าย้อย,21,SWbW,หรดีค่อนประจิม,236.25,,— ว่าง —,,,,,,
south-facilities:9006,โรงพยาบาล โรงพยาบาลสะบ้าย้อย,22,WSW,ประจิม-หรดี,247.5,,— ว่าง —,,,,,,
south-facilities:9006,โรงพยาบาล โรงพยาบาลสะบ้าย้อย,23,WbS,ประจิมค่อนใต้,258.75,,— ว่าง —,,,,,,
south-facilities:9006,โรงพยาบาล โรงพยาบาลสะบ้าย้อย,24,W,ประจิม (ตะวันตก),270.0,,— ว่าง —,,,,,,
south-facilities:9006,โรงพยาบาล โรงพยาบาลสะบ้าย้อย,25,WbN,ประจิมค่อนเหนือ,281.25,,— ว่าง —,,,,,,
south-facilities:9006,โรงพยาบาล โรงพยาบาลสะบ้าย้อย,26,WNW,ประจิม-พายัพ,292.5,,— ว่าง —,,,,,,
south-facilities:9006,โรงพยาบาล โรงพยาบาลสะบ้าย้อย,27,NWbW,พายัพค่อนประจิม,303.75,,— ว่าง —,,,,,,
south-facilities:9006,โรงพยาบาล โรงพยาบาลสะบ้าย้อย,28,NW,พายัพ (ตต.เฉียงเหนือ),315.0,,— ว่าง —,,,,,,
south-facilities:9006,โรงพยาบาล โรงพยาบาลสะบ้าย้อย,29,NWbN,พายัพค่อนเหนือ,326.25,,— ว่าง —,,,,,,
south-facilities:9006,โรงพยาบาล โรงพยาบาลสะบ้าย้อย,30,NNW,เหนือ-พายัพ,337.5,,— ว่าง —,,,,,,
south-facilities:9006,โรงพยาบาล โรงพยาบาลสะบ้าย้อย,31,NbW,เหนือค่อนประจิม,348.75,,— ว่าง —,,,,,,
south-facilities:9006/2,โรงพยาบาล โรงพยาบาลสะบ้าย้อย,0,N,อุดร (เหนือ),0.0,south-facilities:9005,โรงพยาบาล โรงพยาบาลเทพา,โรงพยาบาล,20.074,21.51,1.072,109.1222685433677,121.25604158907183
south-facilities:9006/2,โรงพยาบาล โรงพยาบาลสะบ้าย้อย,1,NbE,เหนือค่อนอีสาน,11.25,,— ว่าง —,,,,,,
south-facilities:9006/2,โรงพยาบาล โรงพยาบาลสะบ้าย้อย,2,NNE,เหนือ-อีสาน,22.5,,— ว่าง —,,,,,,
south-facilities:9006/2,โรงพยาบาล โรงพยาบาลสะบ้าย้อย,3,NEbN,อีสานค่อนเหนือ,33.75,,— ว่าง —,,,,,,
south-facilities:9006/2,โรงพยาบาล โรงพยาบาลสะบ้าย้อย,4,NE,อีสาน (ตอ.เฉียงเหนือ),45.0,,— ว่าง —,,,,,,
south-facilities:9006/2,โรงพยาบาล โรงพยาบาลสะบ้าย้อย,5,NEbE,อีสานค่อนบูรพา,56.25,south-facilities:9402,โรงพยาบาล โรงพยาบาลโคกโพธิ์,โรงพยาบาล,22.426,28.73,1.281,109.1222685433677,110.57702669796572
south-facilities:9006/2,โรงพยาบาล โรงพยาบาลสะบ้าย้อย,6,ENE,บูรพา-อีสาน,67.5,,— ว่าง —,,,,,,
south-facilities:9006/2,โรงพยาบาล โรงพยาบาลสะบ้าย้อย,7,EbN,บูรพาค่อนเหนือ,78.75,,— ว่าง —,,,,,,
south-facilities:9006/2,โรงพยาบาล โรงพยาบาลสะบ้าย้อย,8,E,บูรพา (ตะวันออก),90.0,,— ว่าง —,,,,,,
south-facilities:9006/2,โรงพยาบาล โรงพยาบาลสะบ้าย้อย,9,EbS,บูรพาค่อนใต้,101.25,,— ว่าง —,,,,,,
south-facilities:9006/2,โรงพยาบาล โรงพยาบาลสะบ้าย้อย,10,ESE,บูรพา-อาคเนย์,112.5,,— ว่าง —,,,,,,
south-facilities:9006/2,โรงพยาบาล โรงพยาบาลสะบ้าย้อย,11,SEbE,อาคเนย์ค่อนบูรพา,123.75,south-facilities:9505,โรงพยาบาล (ไม่ระบุชื่อ) ยะหา,โรงพยาบาล,24.379,31.973,1.311,109.1222685433677,59.737005230787936
south-facilities:9006/2,โรงพยาบาล โรงพยาบาลสะบ้าย้อย,12,SE,อาคเนย์ (ตอ.เฉียงใต้),135.0,,— ว่าง —,,,,,,
south-facilities:9006/2,โรงพยาบาล โรงพยาบาลสะบ้าย้อย,13,SEbS,อาคเนย์ค่อนใต้,146.25,,— ว่าง —,,,,,,
south-facilities:9006/2,โรงพยาบาล โรงพยาบาลสะบ้าย้อย,14,SSE,ใต้-อาคเนย์,157.5,south-facilities:9507,โรงพยาบาล โรงพยาบาลกาบัง,โรงพยาบาล,23.009,26.444,1.149,109.1222685433677,65.30527889155283
south-facilities:9006/2,โรงพยาบาล โรงพยาบาลสะบ้าย้อย,15,SbE,ใต้ค่อนบูรพา,168.75,,— ว่าง —,,,,,,
south-facilities:9006/2,โรงพยาบาล โรงพยาบาลสะบ้าย้อย,16,S,ทักษิณ (ใต้),180.0,,— ว่าง —,,,,,,
south-facilities:9006/2,โรงพยาบาล โรงพยาบาลสะบ้าย้อย,17,SbW,ใต้ค่อนประจิม,191.25,,— ว่าง —,,,,,,
south-facilities:9006/2,โรงพยาบาล โรงพยาบาลสะบ้าย้อย,18,SSW,ใต้-หรดี,202.5,,— ว่าง —,,,,,,
south-facilities:9006/2,โรงพยาบาล โรงพยาบาลสะบ้าย้อย,19,SWbS,หรดีค่อนใต้,213.75,,— ว่าง —,,,,,,
south-facilities:9006/2,โรงพยาบาล โรงพยาบาลสะบ้าย้อย,20,SW,หรดี (ตต.เฉียงใต้),225.0,,— ว่าง —,,,,,,
south-facilities:9006/2,โรงพยาบาล โรงพยาบาลสะบ้าย้อย,21,SWbW,หรดีค่อนประจิม,236.25,,— ว่าง —,,,,,,
south-facilities:9006/2,โรงพยาบาล โรงพยาบาลสะบ้าย้อย,22,WSW,ประจิม-หรดี,247.5,,— ว่าง —,,,,,,
south-facilities:9006/2,โรงพยาบาล โรงพยาบาลสะบ้าย้อย,23,WbS,ประจิมค่อนใต้,258.75,,— ว่าง —,,,,,,
south-facilities:9006/2,โรงพยาบาล โรงพยาบาลสะบ้าย้อย,24,W,ประจิม (ตะวันตก),270.0,,— ว่าง —,,,,,,
south-facilities:9006/2,โรงพยาบาล โรงพยาบาลสะบ้าย้อย,25,WbN,ประจิมค่อนเหนือ,281.25,,— ว่าง —,,,,,,
south-facilities:9006/2,โรงพยาบาล โรงพยาบาลสะบ้าย้อย,26,WNW,ประจิม-พายัพ,292.5,south-facilities:9006,โรงพยาบาล โรงพยาบาลสะบ้าย้อย,โรงพยาบาล,0.046,0.0,0.0,109.1222685433677,63.12117679673584
south-facilities:9006/2,โรงพยาบาล โรงพยาบาลสะบ้าย้อย,27,NWbW,พายัพค่อนประจิม,303.75,,— ว่าง —,,,,,,
south-facilities:9006/2,โรงพยาบาล โรงพยาบาลสะบ้าย้อย,28,NW,พายัพ (ตต.เฉียงเหนือ),315.0,,— ว่าง —,,,,,,
south-facilities:9006/2,โรงพยาบาล โรงพยาบาลสะบ้าย้อย,29,NWbN,พายัพค่อนเหนือ,326.25,,— ว่าง —,,,,,,
south-facilities:9006/2,โรงพยาบาล โรงพยาบาลสะบ้าย้อย,30,NNW,เหนือ-พายัพ,337.5,,— ว่าง —,,,,,,
south-facilities:9006/2,โรงพยาบาล โรงพยาบาลสะบ้าย้อย,31,NbW,เหนือค่อนประจิม,348.75,,— ว่าง —,,,,,,
south-facilities:9007,โรงพยาบาล โรงพยาบาลระโนด,0,N,อุดร (เหนือ),0.0,,— ว่าง —,,,,,,
south-facilities:9007,โรงพยาบาล โรงพยาบาลระโนด,1,NbE,เหนือค่อนอีสาน,11.25,,— ว่าง —,,,,,,
south-facilities:9007,โรงพยาบาล โรงพยาบาลระโนด,2,NNE,เหนือ-อีสาน,22.5,,— ว่าง —,,,,,,
south-facilities:9007,โรงพยาบาล โรงพยาบาลระโนด,3,NEbN,อีสานค่อนเหนือ,33.75,,— ว่าง —,,,,,,
south-facilities:9007,โรงพยาบาล โรงพยาบาลระโนด,4,NE,อีสาน (ตอ.เฉียงเหนือ),45.0,,— ว่าง —,,,,,,
south-facilities:9007,โรงพยาบาล โรงพยาบาลระโนด,5,NEbE,อีสานค่อนบูรพา,56.25,,— ว่าง —,,,,,,
south-facilities:9007,โรงพยาบาล โรงพยาบาลระโนด,6,ENE,บูรพา-อีสาน,67.5,,— ว่าง —,,,,,,
south-facilities:9007,โรงพยาบาล โรงพยาบาลระโนด,7,EbN,บูรพาค่อนเหนือ,78.75,,— ว่าง —,,,,,,
south-facilities:9007,โรงพยาบาล โรงพยาบาลระโนด,8,E,บูรพา (ตะวันออก),90.0,,— ว่าง —,,,,,,
south-facilities:9007,โรงพยาบาล โรงพยาบาลระโนด,9,EbS,บูรพาค่อนใต้,101.25,,— ว่าง —,,,,,,
south-facilities:9007,โรงพยาบาล โรงพยาบาลระโนด,10,ESE,บูรพา-อาคเนย์,112.5,,— ว่าง —,,,,,,
south-facilities:9007,โรงพยาบาล โรงพยาบาลระโนด,11,SEbE,อาคเนย์ค่อนบูรพา,123.75,,— ว่าง —,,,,,,
south-facilities:9007,โรงพยาบาล โรงพยาบาลระโนด,12,SE,อาคเนย์ (ตอ.เฉียงใต้),135.0,,— ว่าง —,,,,,,
south-facilities:9007,โรงพยาบาล โรงพยาบาลระโนด,13,SEbS,อาคเนย์ค่อนใต้,146.25,,— ว่าง —,,,,,,
south-facilities:9007,โรงพยาบาล โรงพยาบาลระโนด,14,SSE,ใต้-อาคเนย์,157.5,,— ว่าง —,,,,,,
south-facilities:9007,โรงพยาบาล โรงพยาบาลระโนด,15,SbE,ใต้ค่อนบูรพา,168.75,,— ว่าง —,,,,,,
south-facilities:9007,โรงพยาบาล โรงพยาบาลระโนด,16,S,ทักษิณ (ใต้),180.0,south-facilities:9008,โรงพยาบาล โรงพยาบาลกระแสสินธุ์,โรงพยาบาล,18.1,20.189,1.115,103.4303286791016,151.1756528480857
south-facilities:9007,โรงพยาบาล โรงพยาบาลระโนด,17,SbW,ใต้ค่อนประจิม,191.25,,— ว่าง —,,,,,,
south-facilities:9007,โรงพยาบาล โรงพยาบาลระโนด,18,SSW,ใต้-หรดี,202.5,,— ว่าง —,,,,,,
south-facilities:9007,โรงพยาบาล โรงพยาบาลระโนด,19,SWbS,หรดีค่อนใต้,213.75,,— ว่าง —,,,,,,
south-facilities:9007,โรงพยาบาล โรงพยาบาลระโนด,20,SW,หรดี (ตต.เฉียงใต้),225.0,,— ว่าง —,,,,,,
south-facilities:9007,โรงพยาบาล โรงพยาบาลระโนด,21,SWbW,หรดีค่อนประจิม,236.25,,— ว่าง —,,,,,,
south-facilities:9007,โรงพยาบาล โรงพยาบาลระโนด,22,WSW,ประจิม-หรดี,247.5,south-facilities:9007/2,สถานีตำรวจ (ไม่ระบุชื่อ) ระโนด,สถานีตำรวจ,2.215,2.249,1.015,103.4303286791016,40.33953140497647
south-facilities:9007,โรงพยาบาล โรงพยาบาลระโนด,23,WbS,ประจิมค่อนใต้,258.75,,— ว่าง —,,,,,,
south-facilities:9007,โรงพยาบาล โรงพยาบาลระโนด,24,W,ประจิม (ตะวันตก),270.0,,— ว่าง —,,,,,,
south-facilities:9007,โรงพยาบาล โรงพยาบาลระโนด,25,WbN,ประจิมค่อนเหนือ,281.25,,— ว่าง —,,,,,,
south-facilities:9007,โรงพยาบาล โรงพยาบาลระโนด,26,WNW,ประจิม-พายัพ,292.5,,— ว่าง —,,,,,,
south-facilities:9007,โรงพยาบาล โรงพยาบาลระโนด,27,NWbW,พายัพค่อนประจิม,303.75,,— ว่าง —,,,,,,
south-facilities:9007,โรงพยาบาล โรงพยาบาลระโนด,28,NW,พายัพ (ตต.เฉียงเหนือ),315.0,,— ว่าง —,,,,,,
south-facilities:9007,โรงพยาบาล โรงพยาบาลระโนด,29,NWbN,พายัพค่อนเหนือ,326.25,,— ว่าง —,,,,,,
south-facilities:9007,โรงพยาบาล โรงพยาบาลระโนด,30,NNW,เหนือ-พายัพ,337.5,,— ว่าง —,,,,,,
south-facilities:9007,โรงพยาบาล โรงพยาบาลระโนด,31,NbW,เหนือค่อนประจิม,348.75,,— ว่าง —,,,,,,
south-facilities:9007/2,สถานีตำรวจ (ไม่ระบุชื่อ) ระโนด,0,N,อุดร (เหนือ),0.0,,— ว่าง —,,,,,,
south-facilities:9007/2,สถานีตำรวจ (ไม่ระบุชื่อ) ระโนด,1,NbE,เหนือค่อนอีสาน,11.25,,— ว่าง —,,,,,,
south-facilities:9007/2,สถานีตำรวจ (ไม่ระบุชื่อ) ระโนด,2,NNE,เหนือ-อีสาน,22.5,,— ว่าง —,,,,,,
south-facilities:9007/2,สถานีตำรวจ (ไม่ระบุชื่อ) ระโนด,3,NEbN,อีสานค่อนเหนือ,33.75,,— ว่าง —,,,,,,
south-facilities:9007/2,สถานีตำรวจ (ไม่ระบุชื่อ) ระโนด,4,NE,อีสาน (ตอ.เฉียงเหนือ),45.0,,— ว่าง —,,,,,,
south-facilities:9007/2,สถานีตำรวจ (ไม่ระบุชื่อ) ระโนด,5,NEbE,อีสานค่อนบูรพา,56.25,,— ว่าง —,,,,,,
south-facilities:9007/2,สถานีตำรวจ (ไม่ระบุชื่อ) ระโนด,6,ENE,บูรพา-อีสาน,67.5,south-facilities:9007,โรงพยาบาล โรงพยาบาลระโนด,โรงพยาบาล,2.215,2.239,1.011,40.33953140497647,103.4303286791016
south-facilities:9007/2,สถานีตำรวจ (ไม่ระบุชื่อ) ระโนด,7,EbN,บูรพาค่อนเหนือ,78.75,,— ว่าง —,,,,,,
south-facilities:9007/2,สถานีตำรวจ (ไม่ระบุชื่อ) ระโนด,8,E,บูรพา (ตะวันออก),90.0,,— ว่าง —,,,,,,
south-facilities:9007/2,สถานีตำรวจ (ไม่ระบุชื่อ) ระโนด,9,EbS,บูรพาค่อนใต้,101.25,,— ว่าง —,,,,,,
south-facilities:9007/2,สถานีตำรวจ (ไม่ระบุชื่อ) ระโนด,10,ESE,บูรพา-อาคเนย์,112.5,,— ว่าง —,,,,,,
south-facilities:9007/2,สถานีตำรวจ (ไม่ระบุชื่อ) ระโนด,11,SEbE,อาคเนย์ค่อนบูรพา,123.75,,— ว่าง —,,,,,,
south-facilities:9007/2,สถานีตำรวจ (ไม่ระบุชื่อ) ระโนด,12,SE,อาคเนย์ (ตอ.เฉียงใต้),135.0,,— ว่าง —,,,,,,
south-facilities:9007/2,สถานีตำรวจ (ไม่ระบุชื่อ) ระโนด,13,SEbS,อาคเนย์ค่อนใต้,146.25,,— ว่าง —,,,,,,
south-facilities:9007/2,สถานีตำรวจ (ไม่ระบุชื่อ) ระโนด,14,SSE,ใต้-อาคเนย์,157.5,,— ว่าง —,,,,,,
south-facilities:9007/2,สถานีตำรวจ (ไม่ระบุชื่อ) ระโนด,15,SbE,ใต้ค่อนบูรพา,168.75,,— ว่าง —,,,,,,
south-facilities:9007/2,สถานีตำรวจ (ไม่ระบุชื่อ) ระโนด,16,S,ทักษิณ (ใต้),180.0,south-facilities:9008,โรงพยาบาล โรงพยาบาลกระแสสินธุ์,โรงพยาบาล,17.316,18.055,1.043,40.33953140497647,151.1756528480857
south-facilities:9007/2,สถานีตำรวจ (ไม่ระบุชื่อ) ระโนด,17,SbW,ใต้ค่อนประจิม,191.25,,— ว่าง —,,,,,,
south-facilities:9007/2,สถานีตำรวจ (ไม่ระบุชื่อ) ระโนด,18,SSW,ใต้-หรดี,202.5,,— ว่าง —,,,,,,
south-facilities:9007/2,สถานีตำรวจ (ไม่ระบุชื่อ) ระโนด,19,SWbS,หรดีค่อนใต้,213.75,,— ว่าง —,,,,,,
south-facilities:9007/2,สถานีตำรวจ (ไม่ระบุชื่อ) ระโนด,20,SW,หรดี (ตต.เฉียงใต้),225.0,,— ว่าง —,,,,,,
south-facilities:9007/2,สถานีตำรวจ (ไม่ระบุชื่อ) ระโนด,21,SWbW,หรดีค่อนประจิม,236.25,,— ว่าง —,,,,,,
south-facilities:9007/2,สถานีตำรวจ (ไม่ระบุชื่อ) ระโนด,22,WSW,ประจิม-หรดี,247.5,,— ว่าง —,,,,,,
south-facilities:9007/2,สถานีตำรวจ (ไม่ระบุชื่อ) ระโนด,23,WbS,ประจิมค่อนใต้,258.75,,— ว่าง —,,,,,,
south-facilities:9007/2,สถานีตำรวจ (ไม่ระบุชื่อ) ระโนด,24,W,ประจิม (ตะวันตก),270.0,,— ว่าง —,,,,,,
south-facilities:9007/2,สถานีตำรวจ (ไม่ระบุชื่อ) ระโนด,25,WbN,ประจิมค่อนเหนือ,281.25,,— ว่าง —,,,,,,
south-facilities:9007/2,สถานีตำรวจ (ไม่ระบุชื่อ) ระโนด,26,WNW,ประจิม-พายัพ,292.5,,— ว่าง —,,,,,,
south-facilities:9007/2,สถานีตำรวจ (ไม่ระบุชื่อ) ระโนด,27,NWbW,พายัพค่อนประจิม,303.75,,— ว่าง —,,,,,,
south-facilities:9007/2,สถานีตำรวจ (ไม่ระบุชื่อ) ระโนด,28,NW,พายัพ (ตต.เฉียงเหนือ),315.0,,— ว่าง —,,,,,,
south-facilities:9007/2,สถานีตำรวจ (ไม่ระบุชื่อ) ระโนด,29,NWbN,พายัพค่อนเหนือ,326.25,,— ว่าง —,,,,,,
south-facilities:9007/2,สถานีตำรวจ (ไม่ระบุชื่อ) ระโนด,30,NNW,เหนือ-พายัพ,337.5,,— ว่าง —,,,,,,
south-facilities:9007/2,สถานีตำรวจ (ไม่ระบุชื่อ) ระโนด,31,NbW,เหนือค่อนประจิม,348.75,,— ว่าง —,,,,,,
south-facilities:9008,โรงพยาบาล โรงพยาบาลกระแสสินธุ์,0,N,อุดร (เหนือ),0.0,south-facilities:9007/2,สถานีตำรวจ (ไม่ระบุชื่อ) ระโนด,สถานีตำรวจ,17.316,18.055,1.043,151.1756528480857,40.33953140497647
south-facilities:9008,โรงพยาบาล โรงพยาบาลกระแสสินธุ์,1,NbE,เหนือค่อนอีสาน,11.25,,— ว่าง —,,,,,,
south-facilities:9008,โรงพยาบาล โรงพยาบาลกระแสสินธุ์,2,NNE,เหนือ-อีสาน,22.5,,— ว่าง —,,,,,,
south-facilities:9008,โรงพยาบาล โรงพยาบาลกระแสสินธุ์,3,NEbN,อีสานค่อนเหนือ,33.75,,— ว่าง —,,,,,,
south-facilities:9008,โรงพยาบาล โรงพยาบาลกระแสสินธุ์,4,NE,อีสาน (ตอ.เฉียงเหนือ),45.0,,— ว่าง —,,,,,,
south-facilities:9008,โรงพยาบาล โรงพยาบาลกระแสสินธุ์,5,NEbE,อีสานค่อนบูรพา,56.25,,— ว่าง —,,,,,,
south-facilities:9008,โรงพยาบาล โรงพยาบาลกระแสสินธุ์,6,ENE,บูรพา-อีสาน,67.5,,— ว่าง —,,,,,,
south-facilities:9008,โรงพยาบาล โรงพยาบาลกระแสสินธุ์,7,EbN,บูรพาค่อนเหนือ,78.75,,— ว่าง —,,,,,,
south-facilities:9008,โรงพยาบาล โรงพยาบาลกระแสสินธุ์,8,E,บูรพา (ตะวันออก),90.0,,— ว่าง —,,,,,,
south-facilities:9008,โรงพยาบาล โรงพยาบาลกระแสสินธุ์,9,EbS,บูรพาค่อนใต้,101.25,,— ว่าง —,,,,,,
south-facilities:9008,โรงพยาบาล โรงพยาบาลกระแสสินธุ์,10,ESE,บูรพา-อาคเนย์,112.5,,— ว่าง —,,,,,,
south-facilities:9008,โรงพยาบาล โรงพยาบาลกระแสสินธุ์,11,SEbE,อาคเนย์ค่อนบูรพา,123.75,,— ว่าง —,,,,,,
south-facilities:9008,โรงพยาบาล โรงพยาบาลกระแสสินธุ์,12,SE,อาคเนย์ (ตอ.เฉียงใต้),135.0,,— ว่าง —,,,,,,
south-facilities:9008,โรงพยาบาล โรงพยาบาลกระแสสินธุ์,13,SEbS,อาคเนย์ค่อนใต้,146.25,south-facilities:9002,โรงพยาบาล (ไม่ระบุชื่อ) สทิงพระ,โรงพยาบาล,22.294,37.847,1.698,151.1756528480857,82.54352610257637
south-facilities:9008,โรงพยาบาล โรงพยาบาลกระแสสินธุ์,14,SSE,ใต้-อาคเนย์,157.5,,— ว่าง —,,,,,,
south-facilities:9008,โรงพยาบาล โรงพยาบาลกระแสสินธุ์,15,SbE,ใต้ค่อนบูรพา,168.75,,— ว่าง —,,,,,,
south-facilities:9008,โรงพยาบาล โรงพยาบาลกระแสสินธุ์,16,S,ทักษิณ (ใต้),180.0,,— ว่าง —,,,,,,
south-facilities:9008,โรงพยาบาล โรงพยาบาลกระแสสินธุ์,17,SbW,ใต้ค่อนประจิม,191.25,,— ว่าง —,,,,,,
south-facilities:9008,โรงพยาบาล โรงพยาบาลกระแสสินธุ์,18,SSW,ใต้-หรดี,202.5,,— ว่าง —,,,,,,
south-facilities:9008,โรงพยาบาล โรงพยาบาลกระแสสินธุ์,19,SWbS,หรดีค่อนใต้,213.75,,— ว่าง —,,,,,,
south-facilities:9008,โรงพยาบาล โรงพยาบาลกระแสสินธุ์,20,SW,หรดี (ตต.เฉียงใต้),225.0,,— ว่าง —,,,,,,
south-facilities:9008,โรงพยาบาล โรงพยาบาลกระแสสินธุ์,21,SWbW,หรดีค่อนประจิม,236.25,,— ว่าง —,,,,,,
south-facilities:9008,โรงพยาบาล โรงพยาบาลกระแสสินธุ์,22,WSW,ประจิม-หรดี,247.5,,— ว่าง —,,,,,,
south-facilities:9008,โรงพยาบาล โรงพยาบาลกระแสสินธุ์,23,WbS,ประจิมค่อนใต้,258.75,,— ว่าง —,,,,,,
south-facilities:9008,โรงพยาบาล โรงพยาบาลกระแสสินธุ์,24,W,ประจิม (ตะวันตก),270.0,,— ว่าง —,,,,,,
south-facilities:9008,โรงพยาบาล โรงพยาบาลกระแสสินธุ์,25,WbN,ประจิมค่อนเหนือ,281.25,,— ว่าง —,,,,,,
south-facilities:9008,โรงพยาบาล โรงพยาบาลกระแสสินธุ์,26,WNW,ประจิม-พายัพ,292.5,,— ว่าง —,,,,,,
south-facilities:9008,โรงพยาบาล โรงพยาบาลกระแสสินธุ์,27,NWbW,พายัพค่อนประจิม,303.75,,— ว่าง —,,,,,,
south-facilities:9008,โรงพยาบาล โรงพยาบาลกระแสสินธุ์,28,NW,พายัพ (ตต.เฉียงเหนือ),315.0,,— ว่าง —,,,,,,
south-facilities:9008,โรงพยาบาล โรงพยาบาลกระแสสินธุ์,29,NWbN,พายัพค่อนเหนือ,326.25,,— ว่าง —,,,,,,
south-facilities:9008,โรงพยาบาล โรงพยาบาลกระแสสินธุ์,30,NNW,เหนือ-พายัพ,337.5,,— ว่าง —,,,,,,
south-facilities:9008,โรงพยาบาล โรงพยาบาลกระแสสินธุ์,31,NbW,เหนือค่อนประจิม,348.75,,— ว่าง —,,,,,,
south-facilities:9009,สถานีตำรวจ (ไม่ระบุชื่อ) รัตภูมิ,0,N,อุดร (เหนือ),0.0,,— ว่าง —,,,,,,
south-facilities:9009,สถานีตำรวจ (ไม่ระบุชื่อ) รัตภูมิ,1,NbE,เหนือค่อนอีสาน,11.25,,— ว่าง —,,,,,,
south-facilities:9009,สถานีตำรวจ (ไม่ระบุชื่อ) รัตภูมิ,2,NNE,เหนือ-อีสาน,22.5,,— ว่าง —,,,,,,
south-facilities:9009,สถานีตำรวจ (ไม่ระบุชื่อ) รัตภูมิ,3,NEbN,อีสานค่อนเหนือ,33.75,,— ว่าง —,,,,,,
south-facilities:9009,สถานีตำรวจ (ไม่ระบุชื่อ) รัตภูมิ,4,NE,อีสาน (ตอ.เฉียงเหนือ),45.0,,— ว่าง —,,,,,,
south-facilities:9009,สถานีตำรวจ (ไม่ระบุชื่อ) รัตภูมิ,5,NEbE,อีสานค่อนบูรพา,56.25,,— ว่าง —,,,,,,
south-facilities:9009,สถานีตำรวจ (ไม่ระบุชื่อ) รัตภูมิ,6,ENE,บูรพา-อีสาน,67.5,,— ว่าง —,,,,,,
south-facilities:9009,สถานีตำรวจ (ไม่ระบุชื่อ) รัตภูมิ,7,EbN,บูรพาค่อนเหนือ,78.75,,— ว่าง —,,,,,,
south-facilities:9009,สถานีตำรวจ (ไม่ระบุชื่อ) รัตภูมิ,8,E,บูรพา (ตะวันออก),90.0,south-facilities:9013,โรงพยาบาล โรงพยาบาลควนเนียง,โรงพยาบาล,12.391,14.281,1.153,135.67651722321787,89.11545967648793
south-facilities:9009,สถานีตำรวจ (ไม่ระบุชื่อ) รัตภูมิ,9,EbS,บูรพาค่อนใต้,101.25,,— ว่าง —,,,,,,
south-facilities:9009,สถานีตำรวจ (ไม่ระบุชื่อ) รัตภูมิ,10,ESE,บูรพา-อาคเนย์,112.5,south-facilities:9014/2,โรงพยาบาล (ไม่ระบุชื่อ) บางกล่ำ,โรงพยาบาล,21.798,25.859,1.186,135.67651722321787,699.7846369631073
south-facilities:9009,สถานีตำรวจ (ไม่ระบุชื่อ) รัตภูมิ,11,SEbE,อาคเนย์ค่อนบูรพา,123.75,,— ว่าง —,,,,,,
south-facilities:9009,สถานีตำรวจ (ไม่ระบุชื่อ) รัตภูมิ,12,SE,อาคเนย์ (ตอ.เฉียงใต้),135.0,,— ว่าง —,,,,,,
south-facilities:9009,สถานีตำรวจ (ไม่ระบุชื่อ) รัตภูมิ,13,SEbS,อาคเนย์ค่อนใต้,146.25,,— ว่าง —,,,,,,
south-facilities:9009,สถานีตำรวจ (ไม่ระบุชื่อ) รัตภูมิ,14,SSE,ใต้-อาคเนย์,157.5,south-facilities:9009/2,โรงพยาบาล โรงพยาบาลรัตภูมิ,โรงพยาบาล,6.203,13.237,2.134,135.67651722321787,55.91900298429288
south-facilities:9009,สถานีตำรวจ (ไม่ระบุชื่อ) รัตภูมิ,15,SbE,ใต้ค่อนบูรพา,168.75,,— ว่าง —,,,,,,
south-facilities:9009,สถานีตำรวจ (ไม่ระบุชื่อ) รัตภูมิ,16,S,ทักษิณ (ใต้),180.0,,— ว่าง —,,,,,,
south-facilities:9009,สถานีตำรวจ (ไม่ระบุชื่อ) รัตภูมิ,17,SbW,ใต้ค่อนประจิม,191.25,,— ว่าง —,,,,,,
south-facilities:9009,สถานีตำรวจ (ไม่ระบุชื่อ) รัตภูมิ,18,SSW,ใต้-หรดี,202.5,,— ว่าง —,,,,,,
south-facilities:9009,สถานีตำรวจ (ไม่ระบุชื่อ) รัตภูมิ,19,SWbS,หรดีค่อนใต้,213.75,,— ว่าง —,,,,,,
south-facilities:9009,สถานีตำรวจ (ไม่ระบุชื่อ) รัตภูมิ,20,SW,หรดี (ตต.เฉียงใต้),225.0,,— ว่าง —,,,,,,
south-facilities:9009,สถานีตำรวจ (ไม่ระบุชื่อ) รัตภูมิ,21,SWbW,หรดีค่อนประจิม,236.25,,— ว่าง —,,,,,,
south-facilities:9009,สถานีตำรวจ (ไม่ระบุชื่อ) รัตภูมิ,22,WSW,ประจิม-หรดี,247.5,,— ว่าง —,,,,,,
south-facilities:9009,สถานีตำรวจ (ไม่ระบุชื่อ) รัตภูมิ,23,WbS,ประจิมค่อนใต้,258.75,south-facilities:9009/3,สถานีตำรวจ (ไม่ระบุชื่อ) รัตภูมิ,สถานีตำรวจ,0.003,0.0,0.0,135.67651722321787,132.74761787615844
south-facilities:9009,สถานีตำรวจ (ไม่ระบุชื่อ) รัตภูมิ,24,W,ประจิม (ตะวันตก),270.0,,— ว่าง —,,,,,,
south-facilities:9009,สถานีตำรวจ (ไม่ระบุชื่อ) รัตภูมิ,25,WbN,ประจิมค่อนเหนือ,281.25,,— ว่าง —,,,,,,
south-facilities:9009,สถานีตำรวจ (ไม่ระบุชื่อ) รัตภูมิ,26,WNW,ประจิม-พายัพ,292.5,,— ว่าง —,,,,,,
south-facilities:9009,สถานีตำรวจ (ไม่ระบุชื่อ) รัตภูมิ,27,NWbW,พายัพค่อนประจิม,303.75,,— ว่าง —,,,,,,
south-facilities:9009,สถานีตำรวจ (ไม่ระบุชื่อ) รัตภูมิ,28,NW,พายัพ (ตต.เฉียงเหนือ),315.0,,— ว่าง —,,,,,,
south-facilities:9009,สถานีตำรวจ (ไม่ระบุชื่อ) รัตภูมิ,29,NWbN,พายัพค่อนเหนือ,326.25,,— ว่าง —,,,,,,
south-facilities:9009,สถานีตำรวจ (ไม่ระบุชื่อ) รัตภูมิ,30,NNW,เหนือ-พายัพ,337.5,,— ว่าง —,,,,,,
south-facilities:9009,สถานีตำรวจ (ไม่ระบุชื่อ) รัตภูมิ,31,NbW,เหนือค่อนประจิม,348.75,,— ว่าง —,,,,,,
south-facilities:9009/2,โรงพยาบาล โรงพยาบาลรัตภูมิ,0,N,อุดร (เหนือ),0.0,,— ว่าง —,,,,,,
south-facilities:9009/2,โรงพยาบาล โรงพยาบาลรัตภูมิ,1,NbE,เหนือค่อนอีสาน,11.25,,— ว่าง —,,,,,,
south-facilities:9009/2,โรงพยาบาล โรงพยาบาลรัตภูมิ,2,NNE,เหนือ-อีสาน,22.5,,— ว่าง —,,,,,,
south-facilities:9009/2,โรงพยาบาล โรงพยาบาลรัตภูมิ,3,NEbN,อีสานค่อนเหนือ,33.75,,— ว่าง —,,,,,,
south-facilities:9009/2,โรงพยาบาล โรงพยาบาลรัตภูมิ,4,NE,อีสาน (ตอ.เฉียงเหนือ),45.0,,— ว่าง —,,,,,,
south-facilities:9009/2,โรงพยาบาล โรงพยาบาลรัตภูมิ,5,NEbE,อีสานค่อนบูรพา,56.25,south-facilities:9013,โรงพยาบาล โรงพยาบาลควนเนียง,โรงพยาบาล,12.475,13.958,1.119,55.91900298429288,89.11545967648793
south-facilities:9009/2,โรงพยาบาล โรงพยาบาลรัตภูมิ,6,ENE,บูรพา-อีสาน,67.5,,— ว่าง —,,,,,,
south-facilities:9009/2,โรงพยาบาล โรงพยาบาลรัตภูมิ,7,EbN,บูรพาค่อนเหนือ,78.75,,— ว่าง —,,,,,,
south-facilities:9009/2,โรงพยาบาล โรงพยาบาลรัตภูมิ,8,E,บูรพา (ตะวันออก),90.0,,— ว่าง —,,,,,,
south-facilities:9009/2,โรงพยาบาล โรงพยาบาลรัตภูมิ,9,EbS,บูรพาค่อนใต้,101.25,south-facilities:9014/2,โรงพยาบาล (ไม่ระบุชื่อ) บางกล่ำ,โรงพยาบาล,17.78,21.858,1.229,55.91900298429288,699.7846369631073
south-facilities:9009/2,โรงพยาบาล โรงพยาบาลรัตภูมิ,10,ESE,บูรพา-อาคเนย์,112.5,,— ว่าง —,,,,,,
south-facilities:9009/2,โรงพยาบาล โรงพยาบาลรัตภูมิ,11,SEbE,อาคเนย์ค่อนบูรพา,123.75,,— ว่าง —,,,,,,
south-facilities:9009/2,โรงพยาบาล โรงพยาบาลรัตภูมิ,12,SE,อาคเนย์ (ตอ.เฉียงใต้),135.0,,— ว่าง —,,,,,,
south-facilities:9009/2,โรงพยาบาล โรงพยาบาลรัตภูมิ,13,SEbS,อาคเนย์ค่อนใต้,146.25,south-facilities:9011/6,จุดบรรเทาทุกข์ (ไม่ระบุชื่อ) หาดใหญ่,จุดบรรเทาทุกข์,19.419,26.337,1.356,55.91900298429288,1543.4484554191997
south-facilities:9009/2,โรงพยาบาล โรงพยาบาลรัตภูมิ,14,SSE,ใต้-อาคเนย์,157.5,south-facilities:9011/27,สถานีตำรวจ (ไม่ระบุชื่อ) หาดใหญ่,สถานีตำรวจ,15.555,18.544,1.192,55.91900298429288,340.30750717626415
south-facilities:9009/2,โรงพยาบาล โรงพยาบาลรัตภูมิ,15,SbE,ใต้ค่อนบูรพา,168.75,,— ว่าง —,,,,,,
south-facilities:9009/2,โรงพยาบาล โรงพยาบาลรัตภูมิ,16,S,ทักษิณ (ใต้),180.0,,— ว่าง —,,,,,,
south-facilities:9009/2,โรงพยาบาล โรงพยาบาลรัตภูมิ,17,SbW,ใต้ค่อนประจิม,191.25,,— ว่าง —,,,,,,
south-facilities:9009/2,โรงพยาบาล โรงพยาบาลรัตภูมิ,18,SSW,ใต้-หรดี,202.5,south-facilities:9009/4,โรงพยาบาล โรงพยาบาลรัตภูมิ,โรงพยาบาล,0.048,0.201,4.164,55.91900298429288,84.17320888145477
south-facilities:9009/2,โรงพยาบาล โรงพยาบาลรัตภูมิ,19,SWbS,หรดีค่อนใต้,213.75,,— ว่าง —,,,,,,
south-facilities:9009/2,โรงพยาบาล โรงพยาบาลรัตภูมิ,20,SW,หรดี (ตต.เฉียงใต้),225.0,,— ว่าง —,,,,,,
south-facilities:9009/2,โรงพยาบาล โรงพยาบาลรัตภูมิ,21,SWbW,หรดีค่อนประจิม,236.25,,— ว่าง —,,,,,,
south-facilities:9009/2,โรงพยาบาล โรงพยาบาลรัตภูมิ,22,WSW,ประจิม-หรดี,247.5,,— ว่าง —,,,,,,
south-facilities:9009/2,โรงพยาบาล โรงพยาบาลรัตภูมิ,23,WbS,ประจิมค่อนใต้,258.75,,— ว่าง —,,,,,,
south-facilities:9009/2,โรงพยาบาล โรงพยาบาลรัตภูมิ,24,W,ประจิม (ตะวันตก),270.0,,— ว่าง —,,,,,,
south-facilities:9009/2,โรงพยาบาล โรงพยาบาลรัตภูมิ,25,WbN,ประจิมค่อนเหนือ,281.25,,— ว่าง —,,,,,,
south-facilities:9009/2,โรงพยาบาล โรงพยาบาลรัตภูมิ,26,WNW,ประจิม-พายัพ,292.5,,— ว่าง —,,,,,,
south-facilities:9009/2,โรงพยาบาล โรงพยาบาลรัตภูมิ,27,NWbW,พายัพค่อนประจิม,303.75,,— ว่าง —,,,,,,
south-facilities:9009/2,โรงพยาบาล โรงพยาบาลรัตภูมิ,28,NW,พายัพ (ตต.เฉียงเหนือ),315.0,,— ว่าง —,,,,,,
south-facilities:9009/2,โรงพยาบาล โรงพยาบาลรัตภูมิ,29,NWbN,พายัพค่อนเหนือ,326.25,,— ว่าง —,,,,,,
south-facilities:9009/2,โรงพยาบาล โรงพยาบาลรัตภูมิ,30,NNW,เหนือ-พายัพ,337.5,south-facilities:9009,สถานีตำรวจ (ไม่ระบุชื่อ) รัตภูมิ,สถานีตำรวจ,6.203,9.334,1.505,55.91900298429288,135.67651722321787
south-facilities:9009/2,โรงพยาบาล โรงพยาบาลรัตภูมิ,31,NbW,เหนือค่อนประจิม,348.75,,— ว่าง —,,,,,,
south-facilities:9009/3,สถานีตำรวจ (ไม่ระบุชื่อ) รัตภูมิ,0,N,อุดร (เหนือ),0.0,,— ว่าง —,,,,,,
south-facilities:9009/3,สถานีตำรวจ (ไม่ระบุชื่อ) รัตภูมิ,1,NbE,เหนือค่อนอีสาน,11.25,,— ว่าง —,,,,,,
south-facilities:9009/3,สถานีตำรวจ (ไม่ระบุชื่อ) รัตภูมิ,2,NNE,เหนือ-อีสาน,22.5,,— ว่าง —,,,,,,
south-facilities:9009/3,สถานีตำรวจ (ไม่ระบุชื่อ) รัตภูมิ,3,NEbN,อีสานค่อนเหนือ,33.75,,— ว่าง —,,,,,,
south-facilities:9009/3,สถานีตำรวจ (ไม่ระบุชื่อ) รัตภูมิ,4,NE,อีสาน (ตอ.เฉียงเหนือ),45.0,,— ว่าง —,,,,,,
south-facilities:9009/3,สถานีตำรวจ (ไม่ระบุชื่อ) รัตภูมิ,5,NEbE,อีสานค่อนบูรพา,56.25,,— ว่าง —,,,,,,
south-facilities:9009/3,สถานีตำรวจ (ไม่ระบุชื่อ) รัตภูมิ,6,ENE,บูรพา-อีสาน,67.5,,— ว่าง —,,,,,,
south-facilities:9009/3,สถานีตำรวจ (ไม่ระบุชื่อ) รัตภูมิ,7,EbN,บูรพาค่อนเหนือ,78.75,south-facilities:9009,สถานีตำรวจ (ไม่ระบุชื่อ) รัตภูมิ,สถานีตำรวจ,0.003,0.0,0.0,132.74761787615844,135.67651722321787
south-facilities:9009/3,สถานีตำรวจ (ไม่ระบุชื่อ) รัตภูมิ,8,E,บูรพา (ตะวันออก),90.0,south-facilities:9013,โรงพยาบาล โรงพยาบาลควนเนียง,โรงพยาบาล,12.394,14.281,1.152,132.74761787615844,89.11545967648793
south-facilities:9009/3,สถานีตำรวจ (ไม่ระบุชื่อ) รัตภูมิ,9,EbS,บูรพาค่อนใต้,101.25,,— ว่าง —,,,,,,
south-facilities:9009/3,สถานีตำรวจ (ไม่ระบุชื่อ) รัตภูมิ,10,ESE,บูรพา-อาคเนย์,112.5,south-facilities:9014/2,โรงพยาบาล (ไม่ระบุชื่อ) บางกล่ำ,โรงพยาบาล,21.8,25.859,1.186,132.74761787615844,699.7846369631073
south-facilities:9009/3,สถานีตำรวจ (ไม่ระบุชื่อ) รัตภูมิ,11,SEbE,อาคเนย์ค่อนบูรพา,123.75,,— ว่าง —,,,,,,
south-facilities:9009/3,สถานีตำรวจ (ไม่ระบุชื่อ) รัตภูมิ,12,SE,อาคเนย์ (ตอ.เฉียงใต้),135.0,,— ว่าง —,,,,,,
south-facilities:9009/3,สถานีตำรวจ (ไม่ระบุชื่อ) รัตภูมิ,13,SEbS,อาคเนย์ค่อนใต้,146.25,,— ว่าง —,,,,,,
south-facilities:9009/3,สถานีตำรวจ (ไม่ระบุชื่อ) รัตภูมิ,14,SSE,ใต้-อาคเนย์,157.5,south-facilities:9009/2,โรงพยาบาล โรงพยาบาลรัตภูมิ,โรงพยาบาล,6.203,13.237,2.134,132.74761787615844,55.91900298429288
south-facilities:9009/3,สถานีตำรวจ (ไม่ระบุชื่อ) รัตภูมิ,15,SbE,ใต้ค่อนบูรพา,168.75,,— ว่าง —,,,,,,
south-facilities:9009/3,สถานีตำรวจ (ไม่ระบุชื่อ) รัตภูมิ,16,S,ทักษิณ (ใต้),180.0,,— ว่าง —,,,,,,
south-facilities:9009/3,สถานีตำรวจ (ไม่ระบุชื่อ) รัตภูมิ,17,SbW,ใต้ค่อนประจิม,191.25,,— ว่าง —,,,,,,
south-facilities:9009/3,สถานีตำรวจ (ไม่ระบุชื่อ) รัตภูมิ,18,SSW,ใต้-หรดี,202.5,,— ว่าง —,,,,,,
south-facilities:9009/3,สถานีตำรวจ (ไม่ระบุชื่อ) รัตภูมิ,19,SWbS,หรดีค่อนใต้,213.75,,— ว่าง —,,,,,,
south-facilities:9009/3,สถานีตำรวจ (ไม่ระบุชื่อ) รัตภูมิ,20,SW,หรดี (ตต.เฉียงใต้),225.0,,— ว่าง —,,,,,,
south-facilities:9009/3,สถานีตำรวจ (ไม่ระบุชื่อ) รัตภูมิ,21,SWbW,หรดีค่อนประจิม,236.25,,— ว่าง —,,,,,,
south-facilities:9009/3,สถานีตำรวจ (ไม่ระบุชื่อ) รัตภูมิ,22,WSW,ประจิม-หรดี,247.5,,— ว่าง —,,,,,,
south-facilities:9009/3,สถานีตำรวจ (ไม่ระบุชื่อ) รัตภูมิ,23,WbS,ประจิมค่อนใต้,258.75,,— ว่าง —,,,,,,
south-facilities:9009/3,สถานีตำรวจ (ไม่ระบุชื่อ) รัตภูมิ,24,W,ประจิม (ตะวันตก),270.0,,— ว่าง —,,,,,,
south-facilities:9009/3,สถานีตำรวจ (ไม่ระบุชื่อ) รัตภูมิ,25,WbN,ประจิมค่อนเหนือ,281.25,,— ว่าง —,,,,,,
south-facilities:9009/3,สถานีตำรวจ (ไม่ระบุชื่อ) รัตภูมิ,26,WNW,ประจิม-พายัพ,292.5,,— ว่าง —,,,,,,
south-facilities:9009/3,สถานีตำรวจ (ไม่ระบุชื่อ) รัตภูมิ,27,NWbW,พายัพค่อนประจิม,303.75,,— ว่าง —,,,,,,
south-facilities:9009/3,สถานีตำรวจ (ไม่ระบุชื่อ) รัตภูมิ,28,NW,พายัพ (ตต.เฉียงเหนือ),315.0,,— ว่าง —,,,,,,
south-facilities:9009/3,สถานีตำรวจ (ไม่ระบุชื่อ) รัตภูมิ,29,NWbN,พายัพค่อนเหนือ,326.25,,— ว่าง —,,,,,,
south-facilities:9009/3,สถานีตำรวจ (ไม่ระบุชื่อ) รัตภูมิ,30,NNW,เหนือ-พายัพ,337.5,,— ว่าง —,,,,,,
south-facilities:9009/3,สถานีตำรวจ (ไม่ระบุชื่อ) รัตภูมิ,31,NbW,เหนือค่อนประจิม,348.75,,— ว่าง —,,,,,,
south-facilities:9009/4,โรงพยาบาล โรงพยาบาลรัตภูมิ,0,N,อุดร (เหนือ),0.0,,— ว่าง —,,,,,,
south-facilities:9009/4,โรงพยาบาล โรงพยาบาลรัตภูมิ,1,NbE,เหนือค่อนอีสาน,11.25,,— ว่าง —,,,,,,
south-facilities:9009/4,โรงพยาบาล โรงพยาบาลรัตภูมิ,2,NNE,เหนือ-อีสาน,22.5,south-facilities:9009/2,โรงพยาบาล โรงพยาบาลรัตภูมิ,โรงพยาบาล,0.048,1.829,37.856,84.17320888145477,55.91900298429288
south-facilities:9009/4,โรงพยาบาล โรงพยาบาลรัตภูมิ,3,NEbN,อีสานค่อนเหนือ,33.75,,— ว่าง —,,,,,,
south-facilities:9009/4,โรงพยาบาล โรงพยาบาลรัตภูมิ,4,NE,อีสาน (ตอ.เฉียงเหนือ),45.0,,— ว่าง —,,,,,,
south-facilities:9009/4,โรงพยาบาล โรงพยาบาลรัตภูมิ,5,NEbE,อีสานค่อนบูรพา,56.25,south-facilities:9013,โรงพยาบาล โรงพยาบาลควนเนียง,โรงพยาบาล,12.517,15.787,1.261,84.17320888145477,89.11545967648793
south-facilities:9009/4,โรงพยาบาล โรงพยาบาลรัตภูมิ,6,ENE,บูรพา-อีสาน,67.5,,— ว่าง —,,,,,,
south-facilities:9009/4,โรงพยาบาล โรงพยาบาลรัตภูมิ,7,EbN,บูรพาค่อนเหนือ,78.75,,— ว่าง —,,,,,,
south-facilities:9009/4,โรงพยาบาล โรงพยาบาลรัตภูมิ,8,E,บูรพา (ตะวันออก),90.0,,— ว่าง —,,,,,,
south-facilities:9009/4,โรงพยาบาล โรงพยาบาลรัตภูมิ,9,EbS,บูรพาค่อนใต้,101.25,south-facilities:9014/2,โรงพยาบาล (ไม่ระบุชื่อ) บางกล่ำ,โรงพยาบาล,17.789,23.687,1.332,84.17320888145477,699.7846369631073
south-facilities:9009/4,โรงพยาบาล โรงพยาบาลรัตภูมิ,10,ESE,บูรพา-อาคเนย์,112.5,,— ว่าง —,,,,,,
south-facilities:9009/4,โรงพยาบาล โรงพยาบาลรัตภูมิ,11,SEbE,อาคเนย์ค่อนบูรพา,123.75,,— ว่าง —,,,,,,
south-facilities:9009/4,โรงพยาบาล โรงพยาบาลรัตภูมิ,12,SE,อาคเนย์ (ตอ.เฉียงใต้),135.0,,— ว่าง —,,,,,,
south-facilities:9009/4,โรงพยาบาล โรงพยาบาลรัตภูมิ,13,SEbS,อาคเนย์ค่อนใต้,146.25,south-facilities:9011/6,จุดบรรเทาทุกข์ (ไม่ระบุชื่อ) หาดใหญ่,จุดบรรเทาทุกข์,19.397,26.136,1.347,84.17320888145477,1543.4484554191997
south-facilities:9009/4,โรงพยาบาล โรงพยาบาลรัตภูมิ,14,SSE,ใต้-อาคเนย์,157.5,south-facilities:9011/27,สถานีตำรวจ (ไม่ระบุชื่อ) หาดใหญ่,สถานีตำรวจ,15.522,18.343,1.182,84.17320888145477,340.30750717626415
south-facilities:9009/4,โรงพยาบาล โรงพยาบาลรัตภูมิ,15,SbE,ใต้ค่อนบูรพา,168.75,,— ว่าง —,,,,,,
south-facilities:9009/4,โรงพยาบาล โรงพยาบาลรัตภูมิ,16,S,ทักษิณ (ใต้),180.0,,— ว่าง —,,,,,,
south-facilities:9009/4,โรงพยาบาล โรงพยาบาลรัตภูมิ,17,SbW,ใต้ค่อนประจิม,191.25,,— ว่าง —,,,,,,
south-facilities:9009/4,โรงพยาบาล โรงพยาบาลรัตภูมิ,18,SSW,ใต้-หรดี,202.5,,— ว่าง —,,,,,,
south-facilities:9009/4,โรงพยาบาล โรงพยาบาลรัตภูมิ,19,SWbS,หรดีค่อนใต้,213.75,,— ว่าง —,,,,,,
south-facilities:9009/4,โรงพยาบาล โรงพยาบาลรัตภูมิ,20,SW,หรดี (ตต.เฉียงใต้),225.0,,— ว่าง —,,,,,,
south-facilities:9009/4,โรงพยาบาล โรงพยาบาลรัตภูมิ,21,SWbW,หรดีค่อนประจิม,236.25,,— ว่าง —,,,,,,
south-facilities:9009/4,โรงพยาบาล โรงพยาบาลรัตภูมิ,22,WSW,ประจิม-หรดี,247.5,,— ว่าง —,,,,,,
south-facilities:9009/4,โรงพยาบาล โรงพยาบาลรัตภูมิ,23,WbS,ประจิมค่อนใต้,258.75,,— ว่าง —,,,,,,
south-facilities:9009/4,โรงพยาบาล โรงพยาบาลรัตภูมิ,24,W,ประจิม (ตะวันตก),270.0,,— ว่าง —,,,,,,
south-facilities:9009/4,โรงพยาบาล โรงพยาบาลรัตภูมิ,25,WbN,ประจิมค่อนเหนือ,281.25,,— ว่าง —,,,,,,
south-facilities:9009/4,โรงพยาบาล โรงพยาบาลรัตภูมิ,26,WNW,ประจิม-พายัพ,292.5,,— ว่าง —,,,,,,
south-facilities:9009/4,โรงพยาบาล โรงพยาบาลรัตภูมิ,27,NWbW,พายัพค่อนประจิม,303.75,,— ว่าง —,,,,,,
south-facilities:9009/4,โรงพยาบาล โรงพยาบาลรัตภูมิ,28,NW,พายัพ (ตต.เฉียงเหนือ),315.0,,— ว่าง —,,,,,,
south-facilities:9009/4,โรงพยาบาล โรงพยาบาลรัตภูมิ,29,NWbN,พายัพค่อนเหนือ,326.25,,— ว่าง —,,,,,,
south-facilities:9009/4,โรงพยาบาล โรงพยาบาลรัตภูมิ,30,NNW,เหนือ-พายัพ,337.5,south-facilities:9009,สถานีตำรวจ (ไม่ระบุชื่อ) รัตภูมิ,สถานีตำรวจ,6.238,11.163,1.789,84.17320888145477,135.67651722321787
south-facilities:9009/4,โรงพยาบาล โรงพยาบาลรัตภูมิ,31,NbW,เหนือค่อนประจิม,348.75,,— ว่าง —,,,,,,
south-facilities:9010,สถานีตำรวจ (ไม่ระบุชื่อ) สะเดา,0,N,อุดร (เหนือ),0.0,south-facilities:9010/6,โรงพยาบาล โรงพยาบาลพัชรเวช,โรงพยาบาล,12.709,13.798,1.086,10.639175543435245,232.0427386903962
south-facilities:9010,สถานีตำรวจ (ไม่ระบุชื่อ) สะเดา,1,NbE,เหนือค่อนอีสาน,11.25,,— ว่าง —,,,,,,
south-facilities:9010,สถานีตำรวจ (ไม่ระบุชื่อ) สะเดา,2,NNE,เหนือ-อีสาน,22.5,,— ว่าง —,,,,,,
south-facilities:9010,สถานีตำรวจ (ไม่ระบุชื่อ) สะเดา,3,NEbN,อีสานค่อนเหนือ,33.75,,— ว่าง —,,,,,,
south-facilities:9010,สถานีตำรวจ (ไม่ระบุชื่อ) สะเดา,4,NE,อีสาน (ตอ.เฉียงเหนือ),45.0,,— ว่าง —,,,,,,
south-facilities:9010,สถานีตำรวจ (ไม่ระบุชื่อ) สะเดา,5,NEbE,อีสานค่อนบูรพา,56.25,,— ว่าง —,,,,,,
south-facilities:9010,สถานีตำรวจ (ไม่ระบุชื่อ) สะเดา,6,ENE,บูรพา-อีสาน,67.5,,— ว่าง —,,,,,,
south-facilities:9010,สถานีตำรวจ (ไม่ระบุชื่อ) สะเดา,7,EbN,บูรพาค่อนเหนือ,78.75,,— ว่าง —,,,,,,
south-facilities:9010,สถานีตำรวจ (ไม่ระบุชื่อ) สะเดา,8,E,บูรพา (ตะวันออก),90.0,,— ว่าง —,,,,,,
south-facilities:9010,สถานีตำรวจ (ไม่ระบุชื่อ) สะเดา,9,EbS,บูรพาค่อนใต้,101.25,,— ว่าง —,,,,,,
south-facilities:9010,สถานีตำรวจ (ไม่ระบุชื่อ) สะเดา,10,ESE,บูรพา-อาคเนย์,112.5,,— ว่าง —,,,,,,
south-facilities:9010,สถานีตำรวจ (ไม่ระบุชื่อ) สะเดา,11,SEbE,อาคเนย์ค่อนบูรพา,123.75,,— ว่าง —,,,,,,
south-facilities:9010,สถานีตำรวจ (ไม่ระบุชื่อ) สะเดา,12,SE,อาคเนย์ (ตอ.เฉียงใต้),135.0,,— ว่าง —,,,,,,
south-facilities:9010,สถานีตำรวจ (ไม่ระบุชื่อ) สะเดา,13,SEbS,อาคเนย์ค่อนใต้,146.25,,— ว่าง —,,,,,,
south-facilities:9010,สถานีตำรวจ (ไม่ระบุชื่อ) สะเดา,14,SSE,ใต้-อาคเนย์,157.5,,— ว่าง —,,,,,,
south-facilities:9010,สถานีตำรวจ (ไม่ระบุชื่อ) สะเดา,15,SbE,ใต้ค่อนบูรพา,168.75,,— ว่าง —,,,,,,
south-facilities:9010,สถานีตำรวจ (ไม่ระบุชื่อ) สะเดา,16,S,ทักษิณ (ใต้),180.0,,— ว่าง —,,,,,,
south-facilities:9010,สถานีตำรวจ (ไม่ระบุชื่อ) สะเดา,17,SbW,ใต้ค่อนประจิม,191.25,,— ว่าง —,,,,,,
south-facilities:9010,สถานีตำรวจ (ไม่ระบุชื่อ) สะเดา,18,SSW,ใต้-หรดี,202.5,,— ว่าง —,,,,,,
south-facilities:9010,สถานีตำรวจ (ไม่ระบุชื่อ) สะเดา,19,SWbS,หรดีค่อนใต้,213.75,,— ว่าง —,,,,,,
south-facilities:9010,สถานีตำรวจ (ไม่ระบุชื่อ) สะเดา,20,SW,หรดี (ตต.เฉียงใต้),225.0,,— ว่าง —,,,,,,
south-facilities:9010,สถานีตำรวจ (ไม่ระบุชื่อ) สะเดา,21,SWbW,หรดีค่อนประจิม,236.25,,— ว่าง —,,,,,,
south-facilities:9010,สถานีตำรวจ (ไม่ระบุชื่อ) สะเดา,22,WSW,ประจิม-หรดี,247.5,,— ว่าง —,,,,,,
south-facilities:9010,สถานีตำรวจ (ไม่ระบุชื่อ) สะเดา,23,WbS,ประจิมค่อนใต้,258.75,,— ว่าง —,,,,,,
south-facilities:9010,สถานีตำรวจ (ไม่ระบุชื่อ) สะเดา,24,W,ประจิม (ตะวันตก),270.0,,— ว่าง —,,,,,,
south-facilities:9010,สถานีตำรวจ (ไม่ระบุชื่อ) สะเดา,25,WbN,ประจิมค่อนเหนือ,281.25,,— ว่าง —,,,,,,
south-facilities:9010,สถานีตำรวจ (ไม่ระบุชื่อ) สะเดา,26,WNW,ประจิม-พายัพ,292.5,,— ว่าง —,,,,,,
south-facilities:9010,สถานีตำรวจ (ไม่ระบุชื่อ) สะเดา,27,NWbW,พายัพค่อนประจิม,303.75,,— ว่าง —,,,,,,
south-facilities:9010,สถานีตำรวจ (ไม่ระบุชื่อ) สะเดา,28,NW,พายัพ (ตต.เฉียงเหนือ),315.0,,— ว่าง —,,,,,,
south-facilities:9010,สถานีตำรวจ (ไม่ระบุชื่อ) สะเดา,29,NWbN,พายัพค่อนเหนือ,326.25,south-facilities:9010/5,โรงพยาบาล โรงพยาบาลปาดังเบซาร์,โรงพยาบาล,17.004,22.331,1.313,10.639175543435245,95.25860348301602
south-facilities:9010,สถานีตำรวจ (ไม่ระบุชื่อ) สะเดา,30,NNW,เหนือ-พายัพ,337.5,,— ว่าง —,,,,,,
south-facilities:9010,สถานีตำรวจ (ไม่ระบุชื่อ) สะเดา,31,NbW,เหนือค่อนประจิม,348.75,south-facilities:9010/2,สถานีตำรวจ ด่านตรวจ,สถานีตำรวจ,1.102,1.138,1.032,10.639175543435245,31.08080883588319
south-facilities:9010/2,สถานีตำรวจ ด่านตรวจ,0,N,อุดร (เหนือ),0.0,south-facilities:9010/6,โรงพยาบาล โรงพยาบาลพัชรเวช,โรงพยาบาล,11.619,12.66,1.09,31.08080883588319,232.0427386903962
south-facilities:9010/2,สถานีตำรวจ ด่านตรวจ,1,NbE,เหนือค่อนอีสาน,11.25,,— ว่าง —,,,,,,
south-facilities:9010/2,สถานีตำรวจ ด่านตรวจ,2,NNE,เหนือ-อีสาน,22.5,,— ว่าง —,,,,,,
south-facilities:9010/2,สถานีตำรวจ ด่านตรวจ,3,NEbN,อีสานค่อนเหนือ,33.75,,— ว่าง —,,,,,,
south-facilities:9010/2,สถานีตำรวจ ด่านตรวจ,4,NE,อีสาน (ตอ.เฉียงเหนือ),45.0,,— ว่าง —,,,,,,
south-facilities:9010/2,สถานีตำรวจ ด่านตรวจ,5,NEbE,อีสานค่อนบูรพา,56.25,,— ว่าง —,,,,,,
south-facilities:9010/2,สถานีตำรวจ ด่านตรวจ,6,ENE,บูรพา-อีสาน,67.5,,— ว่าง —,,,,,,
south-facilities:9010/2,สถานีตำรวจ ด่านตรวจ,7,EbN,บูรพาค่อนเหนือ,78.75,,— ว่าง —,,,,,,
south-facilities:9010/2,สถานีตำรวจ ด่านตรวจ,8,E,บูรพา (ตะวันออก),90.0,,— ว่าง —,,,,,,
south-facilities:9010/2,สถานีตำรวจ ด่านตรวจ,9,EbS,บูรพาค่อนใต้,101.25,,— ว่าง —,,,,,,
south-facilities:9010/2,สถานีตำรวจ ด่านตรวจ,10,ESE,บูรพา-อาคเนย์,112.5,,— ว่าง —,,,,,,
south-facilities:9010/2,สถานีตำรวจ ด่านตรวจ,11,SEbE,อาคเนย์ค่อนบูรพา,123.75,,— ว่าง —,,,,,,
south-facilities:9010/2,สถานีตำรวจ ด่านตรวจ,12,SE,อาคเนย์ (ตอ.เฉียงใต้),135.0,,— ว่าง —,,,,,,
south-facilities:9010/2,สถานีตำรวจ ด่านตรวจ,13,SEbS,อาคเนย์ค่อนใต้,146.25,,— ว่าง —,,,,,,
south-facilities:9010/2,สถานีตำรวจ ด่านตรวจ,14,SSE,ใต้-อาคเนย์,157.5,,— ว่าง —,,,,,,
south-facilities:9010/2,สถานีตำรวจ ด่านตรวจ,15,SbE,ใต้ค่อนบูรพา,168.75,south-facilities:9010,สถานีตำรวจ (ไม่ระบุชื่อ) สะเดา,สถานีตำรวจ,1.102,4.105,3.725,31.08080883588319,10.639175543435245
south-facilities:9010/2,สถานีตำรวจ ด่านตรวจ,16,S,ทักษิณ (ใต้),180.0,,— ว่าง —,,,,,,
south-facilities:9010/2,สถานีตำรวจ ด่านตรวจ,17,SbW,ใต้ค่อนประจิม,191.25,,— ว่าง —,,,,,,
south-facilities:9010/2,สถานีตำรวจ ด่านตรวจ,18,SSW,ใต้-หรดี,202.5,,— ว่าง —,,,,,,
south-facilities:9010/2,สถานีตำรวจ ด่านตรวจ,19,SWbS,หรดีค่อนใต้,213.75,,— ว่าง —,,,,,,
south-facilities:9010/2,สถานีตำรวจ ด่านตรวจ,20,SW,หรดี (ตต.เฉียงใต้),225.0,,— ว่าง —,,,,,,
south-facilities:9010/2,สถานีตำรวจ ด่านตรวจ,21,SWbW,หรดีค่อนประจิม,236.25,,— ว่าง —,,,,,,
south-facilities:9010/2,สถานีตำรวจ ด่านตรวจ,22,WSW,ประจิม-หรดี,247.5,,— ว่าง —,,,,,,
south-facilities:9010/2,สถานีตำรวจ ด่านตรวจ,23,WbS,ประจิมค่อนใต้,258.75,,— ว่าง —,,,,,,
south-facilities:9010/2,สถานีตำรวจ ด่านตรวจ,24,W,ประจิม (ตะวันตก),270.0,,— ว่าง —,,,,,,
south-facilities:9010/2,สถานีตำรวจ ด่านตรวจ,25,WbN,ประจิมค่อนเหนือ,281.25,,— ว่าง —,,,,,,
south-facilities:9010/2,สถานีตำรวจ ด่านตรวจ,26,WNW,ประจิม-พายัพ,292.5,,— ว่าง —,,,,,,
south-facilities:9010/2,สถานีตำรวจ ด่านตรวจ,27,NWbW,พายัพค่อนประจิม,303.75,,— ว่าง —,,,,,,
south-facilities:9010/2,สถานีตำรวจ ด่านตรวจ,28,NW,พายัพ (ตต.เฉียงเหนือ),315.0,,— ว่าง —,,,,,,
south-facilities:9010/2,สถานีตำรวจ ด่านตรวจ,29,NWbN,พายัพค่อนเหนือ,326.25,south-facilities:9010/5,โรงพยาบาล โรงพยาบาลปาดังเบซาร์,โรงพยาบาล,15.987,21.193,1.326,31.08080883588319,95.25860348301602
south-facilities:9010/2,สถานีตำรวจ ด่านตรวจ,30,NNW,เหนือ-พายัพ,337.5,,— ว่าง —,,,,,,
south-facilities:9010/2,สถานีตำรวจ ด่านตรวจ,31,NbW,เหนือค่อนประจิม,348.75,south-facilities:9010/3,สถานีตำรวจ (ไม่ระบุชื่อ) สะเดา,สถานีตำรวจ,0.938,2.055,2.192,31.08080883588319,52.719647133372916
south-facilities:9010/3,สถานีตำรวจ (ไม่ระบุชื่อ) สะเดา,0,N,อุดร (เหนือ),0.0,south-facilities:9010/8,สถานีตำรวจ (ไม่ระบุชื่อ) สะเดา,สถานีตำรวจ,0.656,2.832,4.314,52.719647133372916,103.61054137364012
south-facilities:9010/3,สถานีตำรวจ (ไม่ระบุชื่อ) สะเดา,1,NbE,เหนือค่อนอีสาน,11.25,,— ว่าง —,,,,,,
south-facilities:9010/3,สถานีตำรวจ (ไม่ระบุชื่อ) สะเดา,2,NNE,เหนือ-อีสาน,22.5,,— ว่าง —,,,,,,
south-facilities:9010/3,สถานีตำรวจ (ไม่ระบุชื่อ) สะเดา,3,NEbN,อีสานค่อนเหนือ,33.75,,— ว่าง —,,,,,,
south-facilities:9010/3,สถานีตำรวจ (ไม่ระบุชื่อ) สะเดา,4,NE,อีสาน (ตอ.เฉียงเหนือ),45.0,,— ว่าง —,,,,,,
south-facilities:9010/3,สถานีตำรวจ (ไม่ระบุชื่อ) สะเดา,5,NEbE,อีสานค่อนบูรพา,56.25,,— ว่าง —,,,,,,
south-facilities:9010/3,สถานีตำรวจ (ไม่ระบุชื่อ) สะเดา,6,ENE,บูรพา-อีสาน,67.5,,— ว่าง —,,,,,,
south-facilities:9010/3,สถานีตำรวจ (ไม่ระบุชื่อ) สะเดา,7,EbN,บูรพาค่อนเหนือ,78.75,,— ว่าง —,,,,,,
south-facilities:9010/3,สถานีตำรวจ (ไม่ระบุชื่อ) สะเดา,8,E,บูรพา (ตะวันออก),90.0,,— ว่าง —,,,,,,
south-facilities:9010/3,สถานีตำรวจ (ไม่ระบุชื่อ) สะเดา,9,EbS,บูรพาค่อนใต้,101.25,,— ว่าง —,,,,,,
south-facilities:9010/3,สถานีตำรวจ (ไม่ระบุชื่อ) สะเดา,10,ESE,บูรพา-อาคเนย์,112.5,,— ว่าง —,,,,,,
south-facilities:9010/3,สถานีตำรวจ (ไม่ระบุชื่อ) สะเดา,11,SEbE,อาคเนย์ค่อนบูรพา,123.75,,— ว่าง —,,,,,,
south-facilities:9010/3,สถานีตำรวจ (ไม่ระบุชื่อ) สะเดา,12,SE,อาคเนย์ (ตอ.เฉียงใต้),135.0,,— ว่าง —,,,,,,
south-facilities:9010/3,สถานีตำรวจ (ไม่ระบุชื่อ) สะเดา,13,SEbS,อาคเนย์ค่อนใต้,146.25,,— ว่าง —,,,,,,
south-facilities:9010/3,สถานีตำรวจ (ไม่ระบุชื่อ) สะเดา,14,SSE,ใต้-อาคเนย์,157.5,,— ว่าง —,,,,,,
south-facilities:9010/3,สถานีตำรวจ (ไม่ระบุชื่อ) สะเดา,15,SbE,ใต้ค่อนบูรพา,168.75,south-facilities:9010/2,สถานีตำรวจ ด่านตรวจ,สถานีตำรวจ,0.938,1.16,1.238,52.719647133372916,31.08080883588319
south-facilities:9010/3,สถานีตำรวจ (ไม่ระบุชื่อ) สะเดา,16,S,ทักษิณ (ใต้),180.0,,— ว่าง —,,,,,,
south-facilities:9010/3,สถานีตำรวจ (ไม่ระบุชื่อ) สะเดา,17,SbW,ใต้ค่อนประจิม,191.25,,— ว่าง —,,,,,,
south-facilities:9010/3,สถานีตำรวจ (ไม่ระบุชื่อ) สะเดา,18,SSW,ใต้-หรดี,202.5,,— ว่าง —,,,,,,
south-facilities:9010/3,สถานีตำรวจ (ไม่ระบุชื่อ) สะเดา,19,SWbS,หรดีค่อนใต้,213.75,,— ว่าง —,,,,,,
south-facilities:9010/3,สถานีตำรวจ (ไม่ระบุชื่อ) สะเดา,20,SW,หรดี (ตต.เฉียงใต้),225.0,,— ว่าง —,,,,,,
south-facilities:9010/3,สถานีตำรวจ (ไม่ระบุชื่อ) สะเดา,21,SWbW,หรดีค่อนประจิม,236.25,,— ว่าง —,,,,,,
south-facilities:9010/3,สถานีตำรวจ (ไม่ระบุชื่อ) สะเดา,22,WSW,ประจิม-หรดี,247.5,,— ว่าง —,,,,,,
south-facilities:9010/3,สถานีตำรวจ (ไม่ระบุชื่อ) สะเดา,23,WbS,ประจิมค่อนใต้,258.75,,— ว่าง —,,,,,,
south-facilities:9010/3,สถานีตำรวจ (ไม่ระบุชื่อ) สะเดา,24,W,ประจิม (ตะวันตก),270.0,,— ว่าง —,,,,,,
south-facilities:9010/3,สถานีตำรวจ (ไม่ระบุชื่อ) สะเดา,25,WbN,ประจิมค่อนเหนือ,281.25,,— ว่าง —,,,,,,
south-facilities:9010/3,สถานีตำรวจ (ไม่ระบุชื่อ) สะเดา,26,WNW,ประจิม-พายัพ,292.5,,— ว่าง —,,,,,,
south-facilities:9010/3,สถานีตำรวจ (ไม่ระบุชื่อ) สะเดา,27,NWbW,พายัพค่อนประจิม,303.75,,— ว่าง —,,,,,,
south-facilities:9010/3,สถานีตำรวจ (ไม่ระบุชื่อ) สะเดา,28,NW,พายัพ (ตต.เฉียงเหนือ),315.0,,— ว่าง —,,,,,,
south-facilities:9010/3,สถานีตำรวจ (ไม่ระบุชื่อ) สะเดา,29,NWbN,พายัพค่อนเหนือ,326.25,south-facilities:9010/5,โรงพยาบาล โรงพยาบาลปาดังเบซาร์,โรงพยาบาล,15.106,22.353,1.48,52.719647133372916,95.25860348301602
south-facilities:9010/3,สถานีตำรวจ (ไม่ระบุชื่อ) สะเดา,30,NNW,เหนือ-พายัพ,337.5,,— ว่าง —,,,,,,
south-facilities:9010/3,สถานีตำรวจ (ไม่ระบุชื่อ) สะเดา,31,NbW,เหนือค่อนประจิม,348.75,,— ว่าง —,,,,,,
south-facilities:9010/4,สถานีตำรวจ (ไม่ระบุชื่อ) สะเดา,0,N,อุดร (เหนือ),0.0,south-facilities:9011/12,ด่านตรวจ (ไม่ระบุชื่อ) หาดใหญ่,ด่านตรวจ,21.456,25.789,1.202,42.88331437548496,42.819859452539404
south-facilities:9010/4,สถานีตำรวจ (ไม่ระบุชื่อ) สะเดา,1,NbE,เหนือค่อนอีสาน,11.25,south-facilities:9011/24,สถานีตำรวจ Police station bike rest spot,สถานีตำรวจ,4.419,10.647,2.41,42.88331437548496,27.542385122872986
south-facilities:9010/4,สถานีตำรวจ (ไม่ระบุชื่อ) สะเดา,2,NNE,เหนือ-อีสาน,22.5,,— ว่าง —,,,,,,
south-facilities:9010/4,สถานีตำรวจ (ไม่ระบุชื่อ) สะเดา,3,NEbN,อีสานค่อนเหนือ,33.75,south-facilities:9012/2,สถานีตำรวจ (ไม่ระบุชื่อ) นาหม่อม,สถานีตำรวจ,21.772,30.707,1.41,42.88331437548496,27.68356801387466
south-facilities:9010/4,สถานีตำรวจ (ไม่ระบุชื่อ) สะเดา,4,NE,อีสาน (ตอ.เฉียงเหนือ),45.0,,— ว่าง —,,,,,,
south-facilities:9010/4,สถานีตำรวจ (ไม่ระบุชื่อ) สะเดา,5,NEbE,อีสานค่อนบูรพา,56.25,,— ว่าง —,,,,,,
south-facilities:9010/4,สถานีตำรวจ (ไม่ระบุชื่อ) สะเดา,6,ENE,บูรพา-อีสาน,67.5,,— ว่าง —,,,,,,
south-facilities:9010/4,สถานีตำรวจ (ไม่ระบุชื่อ) สะเดา,7,EbN,บูรพาค่อนเหนือ,78.75,,— ว่าง —,,,,,,
south-facilities:9010/4,สถานีตำรวจ (ไม่ระบุชื่อ) สะเดา,8,E,บูรพา (ตะวันออก),90.0,,— ว่าง —,,,,,,
south-facilities:9010/4,สถานีตำรวจ (ไม่ระบุชื่อ) สะเดา,9,EbS,บูรพาค่อนใต้,101.25,,— ว่าง —,,,,,,
south-facilities:9010/4,สถานีตำรวจ (ไม่ระบุชื่อ) สะเดา,10,ESE,บูรพา-อาคเนย์,112.5,,— ว่าง —,,,,,,
south-facilities:9010/4,สถานีตำรวจ (ไม่ระบุชื่อ) สะเดา,11,SEbE,อาคเนย์ค่อนบูรพา,123.75,,— ว่าง —,,,,,,
south-facilities:9010/4,สถานีตำรวจ (ไม่ระบุชื่อ) สะเดา,12,SE,อาคเนย์ (ตอ.เฉียงใต้),135.0,,— ว่าง —,,,,,,
south-facilities:9010/4,สถานีตำรวจ (ไม่ระบุชื่อ) สะเดา,13,SEbS,อาคเนย์ค่อนใต้,146.25,,— ว่าง —,,,,,,
south-facilities:9010/4,สถานีตำรวจ (ไม่ระบุชื่อ) สะเดา,14,SSE,ใต้-อาคเนย์,157.5,,— ว่าง —,,,,,,
south-facilities:9010/4,สถานีตำรวจ (ไม่ระบุชื่อ) สะเดา,15,SbE,ใต้ค่อนบูรพา,168.75,,— ว่าง —,,,,,,
south-facilities:9010/4,สถานีตำรวจ (ไม่ระบุชื่อ) สะเดา,16,S,ทักษิณ (ใต้),180.0,,— ว่าง —,,,,,,
south-facilities:9010/4,สถานีตำรวจ (ไม่ระบุชื่อ) สะเดา,17,SbW,ใต้ค่อนประจิม,191.25,south-facilities:9010/9,สถานีตำรวจ กองร้อยตำรวจตระเวนชายแดนที่ 437,สถานีตำรวจ,16.891,18.402,1.089,42.88331437548496,234.40606007277853
south-facilities:9010/4,สถานีตำรวจ (ไม่ระบุชื่อ) สะเดา,18,SSW,ใต้-หรดี,202.5,south-facilities:9010/11,โรงพยาบาล โรงพยาบาลสะเดา,โรงพยาบาล,17.443,19.825,1.137,42.88331437548496,214.47661481882633
south-facilities:9010/4,สถานีตำรวจ (ไม่ระบุชื่อ) สะเดา,19,SWbS,หรดีค่อนใต้,213.75,,— ว่าง —,,,,,,
south-facilities:9010/4,สถานีตำรวจ (ไม่ระบุชื่อ) สะเดา,20,SW,หรดี (ตต.เฉียงใต้),225.0,south-facilities:9010/12,สถานีตำรวจ (ไม่ระบุชื่อ) สะเดา,สถานีตำรวจ,19.324,23.558,1.219,42.88331437548496,41.20980299806808
south-facilities:9010/4,สถานีตำรวจ (ไม่ระบุชื่อ) สะเดา,21,SWbW,หรดีค่อนประจิม,236.25,,— ว่าง —,,,,,,
south-facilities:9010/4,สถานีตำรวจ (ไม่ระบุชื่อ) สะเดา,22,WSW,ประจิม-หรดี,247.5,,— ว่าง —,,,,,,
south-facilities:9010/4,สถานีตำรวจ (ไม่ระบุชื่อ) สะเดา,23,WbS,ประจิมค่อนใต้,258.75,,— ว่าง —,,,,,,
south-facilities:9010/4,สถานีตำรวจ (ไม่ระบุชื่อ) สะเดา,24,W,ประจิม (ตะวันตก),270.0,,— ว่าง —,,,,,,
south-facilities:9010/4,สถานีตำรวจ (ไม่ระบุชื่อ) สะเดา,25,WbN,ประจิมค่อนเหนือ,281.25,,— ว่าง —,,,,,,
south-facilities:9010/4,สถานีตำรวจ (ไม่ระบุชื่อ) สะเดา,26,WNW,ประจิม-พายัพ,292.5,,— ว่าง —,,,,,,
south-facilities:9010/4,สถานีตำรวจ (ไม่ระบุชื่อ) สะเดา,27,NWbW,พายัพค่อนประจิม,303.75,,— ว่าง —,,,,,,
south-facilities:9010/4,สถานีตำรวจ (ไม่ระบุชื่อ) สะเดา,28,NW,พายัพ (ตต.เฉียงเหนือ),315.0,south-facilities:9016/4,หน่วยทหาร ค่ายรัตนพล,หน่วยทหาร,12.146,18.348,1.511,42.88331437548496,533.0847319357273
south-facilities:9010/4,สถานีตำรวจ (ไม่ระบุชื่อ) สะเดา,29,NWbN,พายัพค่อนเหนือ,326.25,south-facilities:9016/5,หน่วยทหาร กองทัพน้อยที่ 4,หน่วยทหาร,12.574,17.501,1.392,42.88331437548496,557.0568803553997
south-facilities:9010/4,สถานีตำรวจ (ไม่ระบุชื่อ) สะเดา,30,NNW,เหนือ-พายัพ,337.5,south-facilities:9016,โรงพยาบาล โรงพยาบาลคลองหอยโข่ง,โรงพยาบาล,14.595,20.312,1.392,42.88331437548496,84.70693826449626
south-facilities:9010/4,สถานีตำรวจ (ไม่ระบุชื่อ) สะเดา,31,NbW,เหนือค่อนประจิม,348.75,,— ว่าง —,,,,,,
south-facilities:9010/5,โรงพยาบาล โรงพยาบาลปาดังเบซาร์,0,N,อุดร (เหนือ),0.0,,— ว่าง —,,,,,,
south-facilities:9010/5,โรงพยาบาล โรงพยาบาลปาดังเบซาร์,1,NbE,เหนือค่อนอีสาน,11.25,south-facilities:9016/4,หน่วยทหาร ค่ายรัตนพล,หน่วยทหาร,24.298,37.155,1.529,95.25860348301602,533.0847319357273
south-facilities:9010/5,โรงพยาบาล โรงพยาบาลปาดังเบซาร์,2,NNE,เหนือ-อีสาน,22.5,,— ว่าง —,,,,,,
south-facilities:9010/5,โรงพยาบาล โรงพยาบาลปาดังเบซาร์,3,NEbN,อีสานค่อนเหนือ,33.75,south-facilities:9011/24,สถานีตำรวจ Police station bike rest spot,สถานีตำรวจ,23.402,34.55,1.476,95.25860348301602,27.542385122872986
south-facilities:9010/5,โรงพยาบาล โรงพยาบาลปาดังเบซาร์,4,NE,อีสาน (ตอ.เฉียงเหนือ),45.0,south-facilities:9010/4,สถานีตำรวจ (ไม่ระบุชื่อ) สะเดา,สถานีตำรวจ,19.427,25.225,1.298,95.25860348301602,42.88331437548496
south-facilities:9010/5,โรงพยาบาล โรงพยาบาลปาดังเบซาร์,5,NEbE,อีสานค่อนบูรพา,56.25,,— ว่าง —,,,,,,
south-facilities:9010/5,โรงพยาบาล โรงพยาบาลปาดังเบซาร์,6,ENE,บูรพา-อีสาน,67.5,,— ว่าง —,,,,,,
south-facilities:9010/5,โรงพยาบาล โรงพยาบาลปาดังเบซาร์,7,EbN,บูรพาค่อนเหนือ,78.75,,— ว่าง —,,,,,,
south-facilities:9010/5,โรงพยาบาล โรงพยาบาลปาดังเบซาร์,8,E,บูรพา (ตะวันออก),90.0,,— ว่าง —,,,,,,
south-facilities:9010/5,โรงพยาบาล โรงพยาบาลปาดังเบซาร์,9,EbS,บูรพาค่อนใต้,101.25,south-facilities:9010/11,โรงพยาบาล โรงพยาบาลสะเดา,โรงพยาบาล,7.391,7.892,1.068,95.25860348301602,214.47661481882633
south-facilities:9010/5,โรงพยาบาล โรงพยาบาลปาดังเบซาร์,10,ESE,บูรพา-อาคเนย์,112.5,,— ว่าง —,,,,,,
south-facilities:9010/5,โรงพยาบาล โรงพยาบาลปาดังเบซาร์,11,SEbE,อาคเนย์ค่อนบูรพา,123.75,,— ว่าง —,,,,,,
south-facilities:9010/5,โรงพยาบาล โรงพยาบาลปาดังเบซาร์,12,SE,อาคเนย์ (ตอ.เฉียงใต้),135.0,,— ว่าง —,,,,,,
south-facilities:9010/5,โรงพยาบาล โรงพยาบาลปาดังเบซาร์,13,SEbS,อาคเนย์ค่อนใต้,146.25,south-facilities:9010/8,สถานีตำรวจ (ไม่ระบุชื่อ) สะเดา,สถานีตำรวจ,14.58,19.716,1.352,95.25860348301602,103.61054137364012
south-facilities:9010/5,โรงพยาบาล โรงพยาบาลปาดังเบซาร์,14,SSE,ใต้-อาคเนย์,157.5,,— ว่าง —,,,,,,
south-facilities:9010/5,โรงพยาบาล โรงพยาบาลปาดังเบซาร์,15,SbE,ใต้ค่อนบูรพา,168.75,,— ว่าง —,,,,,,
south-facilities:9010/5,โรงพยาบาล โรงพยาบาลปาดังเบซาร์,16,S,ทักษิณ (ใต้),180.0,,— ว่าง —,,,,,,
south-facilities:9010/5,โรงพยาบาล โรงพยาบาลปาดังเบซาร์,17,SbW,ใต้ค่อนประจิม,191.25,,— ว่าง —,,,,,,
south-facilities:9010/5,โรงพยาบาล โรงพยาบาลปาดังเบซาร์,18,SSW,ใต้-หรดี,202.5,,— ว่าง —,,,,,,
south-facilities:9010/5,โรงพยาบาล โรงพยาบาลปาดังเบซาร์,19,SWbS,หรดีค่อนใต้,213.75,,— ว่าง —,,,,,,
south-facilities:9010/5,โรงพยาบาล โรงพยาบาลปาดังเบซาร์,20,SW,หรดี (ตต.เฉียงใต้),225.0,,— ว่าง —,,,,,,
south-facilities:9010/5,โรงพยาบาล โรงพยาบาลปาดังเบซาร์,21,SWbW,หรดีค่อนประจิม,236.25,,— ว่าง —,,,,,,
south-facilities:9010/5,โรงพยาบาล โรงพยาบาลปาดังเบซาร์,22,WSW,ประจิม-หรดี,247.5,,— ว่าง —,,,,,,
south-facilities:9010/5,โรงพยาบาล โรงพยาบาลปาดังเบซาร์,23,WbS,ประจิมค่อนใต้,258.75,,— ว่าง —,,,,,,
south-facilities:9010/5,โรงพยาบาล โรงพยาบาลปาดังเบซาร์,24,W,ประจิม (ตะวันตก),270.0,,— ว่าง —,,,,,,
south-facilities:9010/5,โรงพยาบาล โรงพยาบาลปาดังเบซาร์,25,WbN,ประจิมค่อนเหนือ,281.25,,— ว่าง —,,,,,,
south-facilities:9010/5,โรงพยาบาล โรงพยาบาลปาดังเบซาร์,26,WNW,ประจิม-พายัพ,292.5,,— ว่าง —,,,,,,
south-facilities:9010/5,โรงพยาบาล โรงพยาบาลปาดังเบซาร์,27,NWbW,พายัพค่อนประจิม,303.75,,— ว่าง —,,,,,,
south-facilities:9010/5,โรงพยาบาล โรงพยาบาลปาดังเบซาร์,28,NW,พายัพ (ตต.เฉียงเหนือ),315.0,south-facilities:9010/12,สถานีตำรวจ (ไม่ระบุชื่อ) สะเดา,สถานีตำรวจ,2.106,2.471,1.173,95.25860348301602,41.20980299806808
south-facilities:9010/5,โรงพยาบาล โรงพยาบาลปาดังเบซาร์,29,NWbN,พายัพค่อนเหนือ,326.25,,— ว่าง —,,,,,,
south-facilities:9010/5,โรงพยาบาล โรงพยาบาลปาดังเบซาร์,30,NNW,เหนือ-พายัพ,337.5,,— ว่าง —,,,,,,
south-facilities:9010/5,โรงพยาบาล โรงพยาบาลปาดังเบซาร์,31,NbW,เหนือค่อนประจิม,348.75,,— ว่าง —,,,,,,
south-facilities:9010/6,โรงพยาบาล โรงพยาบาลพัชรเวช,0,N,อุดร (เหนือ),0.0,,— ว่าง —,,,,,,
south-facilities:9010/6,โรงพยาบาล โรงพยาบาลพัชรเวช,1,NbE,เหนือค่อนอีสาน,11.25,south-facilities:9010/4,สถานีตำรวจ (ไม่ระบุชื่อ) สะเดา,สถานีตำรวจ,17.411,18.561,1.066,232.0427386903962,42.88331437548496
south-facilities:9010/6,โรงพยาบาล โรงพยาบาลพัชรเวช,2,NNE,เหนือ-อีสาน,22.5,south-facilities:9010/9,สถานีตำรวจ กองร้อยตำรวจตระเวนชายแดนที่ 437,สถานีตำรวจ,0.53,0.266,0.502,232.0427386903962,234.40606007277853
south-facilities:9010/6,โรงพยาบาล โรงพยาบาลพัชรเวช,3,NEbN,อีสานค่อนเหนือ,33.75,,— ว่าง —,,,,,,
south-facilities:9010/6,โรงพยาบาล โรงพยาบาลพัชรเวช,4,NE,อีสาน (ตอ.เฉียงเหนือ),45.0,,— ว่าง —,,,,,,
south-facilities:9010/6,โรงพยาบาล โรงพยาบาลพัชรเวช,5,NEbE,อีสานค่อนบูรพา,56.25,south-facilities:9010/10,สถานีตำรวจ (ไม่ระบุชื่อ) สะเดา,สถานีตำรวจ,0.523,0.692,1.324,232.0427386903962,42.72858746175519
south-facilities:9010/6,โรงพยาบาล โรงพยาบาลพัชรเวช,6,ENE,บูรพา-อีสาน,67.5,,— ว่าง —,,,,,,
south-facilities:9010/6,โรงพยาบาล โรงพยาบาลพัชรเวช,7,EbN,บูรพาค่อนเหนือ,78.75,,— ว่าง —,,,,,,
south-facilities:9010/6,โรงพยาบาล โรงพยาบาลพัชรเวช,8,E,บูรพา (ตะวันออก),90.0,,— ว่าง —,,,,,,
south-facilities:9010/6,โรงพยาบาล โรงพยาบาลพัชรเวช,9,EbS,บูรพาค่อนใต้,101.25,,— ว่าง —,,,,,,
south-facilities:9010/6,โรงพยาบาล โรงพยาบาลพัชรเวช,10,ESE,บูรพา-อาคเนย์,112.5,,— ว่าง —,,,,,,
south-facilities:9010/6,โรงพยาบาล โรงพยาบาลพัชรเวช,11,SEbE,อาคเนย์ค่อนบูรพา,123.75,,— ว่าง —,,,,,,
south-facilities:9010/6,โรงพยาบาล โรงพยาบาลพัชรเวช,12,SE,อาคเนย์ (ตอ.เฉียงใต้),135.0,,— ว่าง —,,,,,,
south-facilities:9010/6,โรงพยาบาล โรงพยาบาลพัชรเวช,13,SEbS,อาคเนย์ค่อนใต้,146.25,,— ว่าง —,,,,,,
south-facilities:9010/6,โรงพยาบาล โรงพยาบาลพัชรเวช,14,SSE,ใต้-อาคเนย์,157.5,,— ว่าง —,,,,,,
south-facilities:9010/6,โรงพยาบาล โรงพยาบาลพัชรเวช,15,SbE,ใต้ค่อนบูรพา,168.75,,— ว่าง —,,,,,,
south-facilities:9010/6,โรงพยาบาล โรงพยาบาลพัชรเวช,16,S,ทักษิณ (ใต้),180.0,south-facilities:9010/8,สถานีตำรวจ (ไม่ระบุชื่อ) สะเดา,สถานีตำรวจ,10.051,11.077,1.102,232.0427386903962,103.61054137364012
south-facilities:9010/6,โรงพยาบาล โรงพยาบาลพัชรเวช,17,SbW,ใต้ค่อนประจิม,191.25,,— ว่าง —,,,,,,
south-facilities:9010/6,โรงพยาบาล โรงพยาบาลพัชรเวช,18,SSW,ใต้-หรดี,202.5,,— ว่าง —,,,,,,
south-facilities:9010/6,โรงพยาบาล โรงพยาบาลพัชรเวช,19,SWbS,หรดีค่อนใต้,213.75,,— ว่าง —,,,,,,
south-facilities:9010/6,โรงพยาบาล โรงพยาบาลพัชรเวช,20,SW,หรดี (ตต.เฉียงใต้),225.0,,— ว่าง —,,,,,,
south-facilities:9010/6,โรงพยาบาล โรงพยาบาลพัชรเวช,21,SWbW,หรดีค่อนประจิม,236.25,,— ว่าง —,,,,,,
south-facilities:9010/6,โรงพยาบาล โรงพยาบาลพัชรเวช,22,WSW,ประจิม-หรดี,247.5,,— ว่าง —,,,,,,
south-facilities:9010/6,โรงพยาบาล โรงพยาบาลพัชรเวช,23,WbS,ประจิมค่อนใต้,258.75,,— ว่าง —,,,,,,
south-facilities:9010/6,โรงพยาบาล โรงพยาบาลพัชรเวช,24,W,ประจิม (ตะวันตก),270.0,,— ว่าง —,,,,,,
south-facilities:9010/6,โรงพยาบาล โรงพยาบาลพัชรเวช,25,WbN,ประจิมค่อนเหนือ,281.25,south-facilities:9010/7,โรงพยาบาล โรงพยาบาลสะเดา,โรงพยาบาล,1.306,1.69,1.294,232.0427386903962,73.84669417055689
south-facilities:9010/6,โรงพยาบาล โรงพยาบาลพัชรเวช,26,WNW,ประจิม-พายัพ,292.5,south-facilities:9010/12,สถานีตำรวจ (ไม่ระบุชื่อ) สะเดา,สถานีตำรวจ,10.587,11.368,1.074,232.0427386903962,41.20980299806808
south-facilities:9010/6,โรงพยาบาล โรงพยาบาลพัชรเวช,27,NWbW,พายัพค่อนประจิม,303.75,,— ว่าง —,,,,,,
south-facilities:9010/6,โรงพยาบาล โรงพยาบาลพัชรเวช,28,NW,พายัพ (ตต.เฉียงเหนือ),315.0,,— ว่าง —,,,,,,
south-facilities:9010/6,โรงพยาบาล โรงพยาบาลพัชรเวช,29,NWbN,พายัพค่อนเหนือ,326.25,,— ว่าง —,,,,,,
south-facilities:9010/6,โรงพยาบาล โรงพยาบาลพัชรเวช,30,NNW,เหนือ-พายัพ,337.5,,— ว่าง —,,,,,,
south-facilities:9010/6,โรงพยาบาล โรงพยาบาลพัชรเวช,31,NbW,เหนือค่อนประจิม,348.75,,— ว่าง —,,,,,,
south-facilities:9010/7,โรงพยาบาล โรงพยาบาลสะเดา,0,N,อุดร (เหนือ),0.0,,— ว่าง —,,,,,,
south-facilities:9010/7,โรงพยาบาล โรงพยาบาลสะเดา,1,NbE,เหนือค่อนอีสาน,11.25,south-facilities:9011/24,สถานีตำรวจ Police station bike rest spot,สถานีตำรวจ,21.969,29.147,1.327,73.84669417055689,27.542385122872986
south-facilities:9010/7,โรงพยาบาล โรงพยาบาลสะเดา,2,NNE,เหนือ-อีสาน,22.5,south-facilities:9010/4,สถานีตำรวจ (ไม่ระบุชื่อ) สะเดา,สถานีตำรวจ,17.57,19.823,1.128,73.84669417055689,42.88331437548496
south-facilities:9010/7,โรงพยาบาล โรงพยาบาลสะเดา,3,NEbN,อีสานค่อนเหนือ,33.75,,— ว่าง —,,,,,,
south-facilities:9010/7,โรงพยาบาล โรงพยาบาลสะเดา,4,NE,อีสาน (ตอ.เฉียงเหนือ),45.0,,— ว่าง —,,,,,,
south-facilities:9010/7,โรงพยาบาล โรงพยาบาลสะเดา,5,NEbE,อีสานค่อนบูรพา,56.25,,— ว่าง —,,,,,,
south-facilities:9010/7,โรงพยาบาล โรงพยาบาลสะเดา,6,ENE,บูรพา-อีสาน,67.5,,— ว่าง —,,,,,,
south-facilities:9010/7,โรงพยาบาล โรงพยาบาลสะเดา,7,EbN,บูรพาค่อนเหนือ,78.75,south-facilities:9010/9,สถานีตำรวจ กองร้อยตำรวจตระเวนชายแดนที่ 437,สถานีตำรวจ,1.537,1.527,0.993,73.84669417055689,234.40606007277853
south-facilities:9010/7,โรงพยาบาล โรงพยาบาลสะเดา,8,E,บูรพา (ตะวันออก),90.0,south-facilities:9010/10,สถานีตำรวจ (ไม่ระบุชื่อ) สะเดา,สถานีตำรวจ,1.729,1.954,1.13,73.84669417055689,42.72858746175519
south-facilities:9010/7,โรงพยาบาล โรงพยาบาลสะเดา,9,EbS,บูรพาค่อนใต้,101.25,south-facilities:9010/6,โรงพยาบาล โรงพยาบาลพัชรเวช,โรงพยาบาล,1.306,1.287,0.985,73.84669417055689,232.0427386903962
south-facilities:9010/7,โรงพยาบาล โรงพยาบาลสะเดา,10,ESE,บูรพา-อาคเนย์,112.5,,— ว่าง —,,,,,,
south-facilities:9010/7,โรงพยาบาล โรงพยาบาลสะเดา,11,SEbE,อาคเนย์ค่อนบูรพา,123.75,,— ว่าง —,,,,,,
south-facilities:9010/7,โรงพยาบาล โรงพยาบาลสะเดา,12,SE,อาคเนย์ (ตอ.เฉียงใต้),135.0,,— ว่าง —,,,,,,
south-facilities:9010/7,โรงพยาบาล โรงพยาบาลสะเดา,13,SEbS,อาคเนย์ค่อนใต้,146.25,,— ว่าง —,,,,,,
south-facilities:9010/7,โรงพยาบาล โรงพยาบาลสะเดา,14,SSE,ใต้-อาคเนย์,157.5,,— ว่าง —,,,,,,
south-facilities:9010/7,โรงพยาบาล โรงพยาบาลสะเดา,15,SbE,ใต้ค่อนบูรพา,168.75,south-facilities:9010/8,สถานีตำรวจ (ไม่ระบุชื่อ) สะเดา,สถานีตำรวจ,10.274,12.05,1.173,73.84669417055689,103.61054137364012
south-facilities:9010/7,โรงพยาบาล โรงพยาบาลสะเดา,16,S,ทักษิณ (ใต้),180.0,south-facilities:9010/3,สถานีตำรวจ (ไม่ระบุชื่อ) สะเดา,สถานีตำรวจ,10.924,12.746,1.167,73.84669417055689,52.719647133372916
south-facilities:9010/7,โรงพยาบาล โรงพยาบาลสะเดา,17,SbW,ใต้ค่อนประจิม,191.25,,— ว่าง —,,,,,,
south-facilities:9010/7,โรงพยาบาล โรงพยาบาลสะเดา,18,SSW,ใต้-หรดี,202.5,,— ว่าง —,,,,,,
south-facilities:9010/7,โรงพยาบาล โรงพยาบาลสะเดา,19,SWbS,หรดีค่อนใต้,213.75,,— ว่าง —,,,,,,
south-facilities:9010/7,โรงพยาบาล โรงพยาบาลสะเดา,20,SW,หรดี (ตต.เฉียงใต้),225.0,,— ว่าง —,,,,,,
south-facilities:9010/7,โรงพยาบาล โรงพยาบาลสะเดา,21,SWbW,หรดีค่อนประจิม,236.25,,— ว่าง —,,,,,,
south-facilities:9010/7,โรงพยาบาล โรงพยาบาลสะเดา,22,WSW,ประจิม-หรดี,247.5,,— ว่าง —,,,,,,
south-facilities:9010/7,โรงพยาบาล โรงพยาบาลสะเดา,23,WbS,ประจิมค่อนใต้,258.75,,— ว่าง —,,,,,,
south-facilities:9010/7,โรงพยาบาล โรงพยาบาลสะเดา,24,W,ประจิม (ตะวันตก),270.0,,— ว่าง —,,,,,,
south-facilities:9010/7,โรงพยาบาล โรงพยาบาลสะเดา,25,WbN,ประจิมค่อนเหนือ,281.25,south-facilities:9010/5,โรงพยาบาล โรงพยาบาลปาดังเบซาร์,โรงพยาบาล,7.447,9.414,1.264,73.84669417055689,95.25860348301602
south-facilities:9010/7,โรงพยาบาล โรงพยาบาลสะเดา,26,WNW,ประจิม-พายัพ,292.5,south-facilities:9010/12,สถานีตำรวจ (ไม่ระบุชื่อ) สะเดา,สถานีตำรวจ,9.31,11.268,1.21,73.84669417055689,41.20980299806808
south-facilities:9010/7,โรงพยาบาล โรงพยาบาลสะเดา,27,NWbW,พายัพค่อนประจิม,303.75,,— ว่าง —,,,,,,
south-facilities:9010/7,โรงพยาบาล โรงพยาบาลสะเดา,28,NW,พายัพ (ตต.เฉียงเหนือ),315.0,,— ว่าง —,,,,,,
south-facilities:9010/7,โรงพยาบาล โรงพยาบาลสะเดา,29,NWbN,พายัพค่อนเหนือ,326.25,,— ว่าง —,,,,,,
south-facilities:9010/7,โรงพยาบาล โรงพยาบาลสะเดา,30,NNW,เหนือ-พายัพ,337.5,,— ว่าง —,,,,,,
south-facilities:9010/7,โรงพยาบาล โรงพยาบาลสะเดา,31,NbW,เหนือค่อนประจิม,348.75,south-facilities:9010/11,โรงพยาบาล โรงพยาบาลสะเดา,โรงพยาบาล,0.142,0.0,0.0,73.84669417055689,214.47661481882633
south-facilities:9010/8,สถานีตำรวจ (ไม่ระบุชื่อ) สะเดา,0,N,อุดร (เหนือ),0.0,south-facilities:9010/6,โรงพยาบาล โรงพยาบาลพัชรเวช,โรงพยาบาล,10.051,11.054,1.1,103.61054137364012,232.0427386903962
south-facilities:9010/8,สถานีตำรวจ (ไม่ระบุชื่อ) สะเดา,1,NbE,เหนือค่อนอีสาน,11.25,,— ว่าง —,,,,,,
south-facilities:9010/8,สถานีตำรวจ (ไม่ระบุชื่อ) สะเดา,2,NNE,เหนือ-อีสาน,22.5,,— ว่าง —,,,,,,
south-facilities:9010/8,สถานีตำรวจ (ไม่ระบุชื่อ) สะเดา,3,NEbN,อีสานค่อนเหนือ,33.75,,— ว่าง —,,,,,,
south-facilities:9010/8,สถานีตำรวจ (ไม่ระบุชื่อ) สะเดา,4,NE,อีสาน (ตอ.เฉียงเหนือ),45.0,,— ว่าง —,,,,,,
south-facilities:9010/8,สถานีตำรวจ (ไม่ระบุชื่อ) สะเดา,5,NEbE,อีสานค่อนบูรพา,56.25,,— ว่าง —,,,,,,
south-facilities:9010/8,สถานีตำรวจ (ไม่ระบุชื่อ) สะเดา,6,ENE,บูรพา-อีสาน,67.5,,— ว่าง —,,,,,,
south-facilities:9010/8,สถานีตำรวจ (ไม่ระบุชื่อ) สะเดา,7,EbN,บูรพาค่อนเหนือ,78.75,,— ว่าง —,,,,,,
south-facilities:9010/8,สถานีตำรวจ (ไม่ระบุชื่อ) สะเดา,8,E,บูรพา (ตะวันออก),90.0,,— ว่าง —,,,,,,
south-facilities:9010/8,สถานีตำรวจ (ไม่ระบุชื่อ) สะเดา,9,EbS,บูรพาค่อนใต้,101.25,,— ว่าง —,,,,,,
south-facilities:9010/8,สถานีตำรวจ (ไม่ระบุชื่อ) สะเดา,10,ESE,บูรพา-อาคเนย์,112.5,,— ว่าง —,,,,,,
south-facilities:9010/8,สถานีตำรวจ (ไม่ระบุชื่อ) สะเดา,11,SEbE,อาคเนย์ค่อนบูรพา,123.75,,— ว่าง —,,,,,,
south-facilities:9010/8,สถานีตำรวจ (ไม่ระบุชื่อ) สะเดา,12,SE,อาคเนย์ (ตอ.เฉียงใต้),135.0,,— ว่าง —,,,,,,
south-facilities:9010/8,สถานีตำรวจ (ไม่ระบุชื่อ) สะเดา,13,SEbS,อาคเนย์ค่อนใต้,146.25,,— ว่าง —,,,,,,
south-facilities:9010/8,สถานีตำรวจ (ไม่ระบุชื่อ) สะเดา,14,SSE,ใต้-อาคเนย์,157.5,,— ว่าง —,,,,,,
south-facilities:9010/8,สถานีตำรวจ (ไม่ระบุชื่อ) สะเดา,15,SbE,ใต้ค่อนบูรพา,168.75,south-facilities:9010/2,สถานีตำรวจ ด่านตรวจ,สถานีตำรวจ,1.58,1.856,1.175,103.61054137364012,31.08080883588319
south-facilities:9010/8,สถานีตำรวจ (ไม่ระบุชื่อ) สะเดา,16,S,ทักษิณ (ใต้),180.0,south-facilities:9010/3,สถานีตำรวจ (ไม่ระบุชื่อ) สะเดา,สถานีตำรวจ,0.656,0.695,1.059,103.61054137364012,52.719647133372916
south-facilities:9010/8,สถานีตำรวจ (ไม่ระบุชื่อ) สะเดา,17,SbW,ใต้ค่อนประจิม,191.25,,— ว่าง —,,,,,,
south-facilities:9010/8,สถานีตำรวจ (ไม่ระบุชื่อ) สะเดา,18,SSW,ใต้-หรดี,202.5,,— ว่าง —,,,,,,
south-facilities:9010/8,สถานีตำรวจ (ไม่ระบุชื่อ) สะเดา,19,SWbS,หรดีค่อนใต้,213.75,,— ว่าง —,,,,,,
south-facilities:9010/8,สถานีตำรวจ (ไม่ระบุชื่อ) สะเดา,20,SW,หรดี (ตต.เฉียงใต้),225.0,,— ว่าง —,,,,,,
south-facilities:9010/8,สถานีตำรวจ (ไม่ระบุชื่อ) สะเดา,21,SWbW,หรดีค่อนประจิม,236.25,,— ว่าง —,,,,,,
south-facilities:9010/8,สถานีตำรวจ (ไม่ระบุชื่อ) สะเดา,22,WSW,ประจิม-หรดี,247.5,,— ว่าง —,,,,,,
south-facilities:9010/8,สถานีตำรวจ (ไม่ระบุชื่อ) สะเดา,23,WbS,ประจิมค่อนใต้,258.75,,— ว่าง —,,,,,,
south-facilities:9010/8,สถานีตำรวจ (ไม่ระบุชื่อ) สะเดา,24,W,ประจิม (ตะวันตก),270.0,,— ว่าง —,,,,,,
south-facilities:9010/8,สถานีตำรวจ (ไม่ระบุชื่อ) สะเดา,25,WbN,ประจิมค่อนเหนือ,281.25,,— ว่าง —,,,,,,
south-facilities:9010/8,สถานีตำรวจ (ไม่ระบุชื่อ) สะเดา,26,WNW,ประจิม-พายัพ,292.5,,— ว่าง —,,,,,,
south-facilities:9010/8,สถานีตำรวจ (ไม่ระบุชื่อ) สะเดา,27,NWbW,พายัพค่อนประจิม,303.75,,— ว่าง —,,,,,,
south-facilities:9010/8,สถานีตำรวจ (ไม่ระบุชื่อ) สะเดา,28,NW,พายัพ (ตต.เฉียงเหนือ),315.0,,— ว่าง —,,,,,,
south-facilities:9010/8,สถานีตำรวจ (ไม่ระบุชื่อ) สะเดา,29,NWbN,พายัพค่อนเหนือ,326.25,south-facilities:9010/5,โรงพยาบาล โรงพยาบาลปาดังเบซาร์,โรงพยาบาล,14.58,19.587,1.343,103.61054137364012,95.25860348301602
south-facilities:9010/8,สถานีตำรวจ (ไม่ระบุชื่อ) สะเดา,30,NNW,เหนือ-พายัพ,337.5,,— ว่าง —,,,,,,
south-facilities:9010/8,สถานีตำรวจ (ไม่ระบุชื่อ) สะเดา,31,NbW,เหนือค่อนประจิม,348.75,south-facilities:9010/7,โรงพยาบาล โรงพยาบาลสะเดา,โรงพยาบาล,10.274,12.45,1.212,103.61054137364012,73.84669417055689
south-facilities:9010/9,สถานีตำรวจ กองร้อยตำรวจตระเวนชายแดนที่ 437,0,N,อุดร (เหนือ),0.0,,— ว่าง —,,,,,,
south-facilities:9010/9,สถานีตำรวจ กองร้อยตำรวจตระเวนชายแดนที่ 437,1,NbE,เหนือค่อนอีสาน,11.25,south-facilities:9010/4,สถานีตำรวจ (ไม่ระบุชื่อ) สะเดา,สถานีตำรวจ,16.891,18.295,1.083,234.40606007277853,42.88331437548496
south-facilities:9010/9,สถานีตำรวจ กองร้อยตำรวจตระเวนชายแดนที่ 437,2,NNE,เหนือ-อีสาน,22.5,,— ว่าง —,,,,,,
south-facilities:9010/9,สถานีตำรวจ กองร้อยตำรวจตระเวนชายแดนที่ 437,3,NEbN,อีสานค่อนเหนือ,33.75,,— ว่าง —,,,,,,
south-facilities:9010/9,สถานีตำรวจ กองร้อยตำรวจตระเวนชายแดนที่ 437,4,NE,อีสาน (ตอ.เฉียงเหนือ),45.0,,— ว่าง —,,,,,,
south-facilities:9010/9,สถานีตำรวจ กองร้อยตำรวจตระเวนชายแดนที่ 437,5,NEbE,อีสานค่อนบูรพา,56.25,,— ว่าง —,,,,,,
south-facilities:9010/9,สถานีตำรวจ กองร้อยตำรวจตระเวนชายแดนที่ 437,6,ENE,บูรพา-อีสาน,67.5,,— ว่าง —,,,,,,
south-facilities:9010/9,สถานีตำรวจ กองร้อยตำรวจตระเวนชายแดนที่ 437,7,EbN,บูรพาค่อนเหนือ,78.75,,— ว่าง —,,,,,,
south-facilities:9010/9,สถานีตำรวจ กองร้อยตำรวจตระเวนชายแดนที่ 437,8,E,บูรพา (ตะวันออก),90.0,,— ว่าง —,,,,,,
south-facilities:9010/9,สถานีตำรวจ กองร้อยตำรวจตระเวนชายแดนที่ 437,9,EbS,บูรพาค่อนใต้,101.25,,— ว่าง —,,,,,,
south-facilities:9010/9,สถานีตำรวจ กองร้อยตำรวจตระเวนชายแดนที่ 437,10,ESE,บูรพา-อาคเนย์,112.5,,— ว่าง —,,,,,,
south-facilities:9010/9,สถานีตำรวจ กองร้อยตำรวจตระเวนชายแดนที่ 437,11,SEbE,อาคเนย์ค่อนบูรพา,123.75,south-facilities:9010/16,สถานีตำรวจ (ไม่ระบุชื่อ) สะเดา,สถานีตำรวจ,0.323,0.257,0.795,234.40606007277853,59.60972274064979
south-facilities:9010/9,สถานีตำรวจ กองร้อยตำรวจตระเวนชายแดนที่ 437,12,SE,อาคเนย์ (ตอ.เฉียงใต้),135.0,south-facilities:9010/10,สถานีตำรวจ (ไม่ระบุชื่อ) สะเดา,สถานีตำรวจ,0.29,0.426,1.472,234.40606007277853,42.72858746175519
south-facilities:9010/9,สถานีตำรวจ กองร้อยตำรวจตระเวนชายแดนที่ 437,13,SEbS,อาคเนย์ค่อนใต้,146.25,,— ว่าง —,,,,,,
south-facilities:9010/9,สถานีตำรวจ กองร้อยตำรวจตระเวนชายแดนที่ 437,14,SSE,ใต้-อาคเนย์,157.5,,— ว่าง —,,,,,,
south-facilities:9010/9,สถานีตำรวจ กองร้อยตำรวจตระเวนชายแดนที่ 437,15,SbE,ใต้ค่อนบูรพา,168.75,,— ว่าง —,,,,,,
south-facilities:9010/9,สถานีตำรวจ กองร้อยตำรวจตระเวนชายแดนที่ 437,16,S,ทักษิณ (ใต้),180.0,south-facilities:9010/8,สถานีตำรวจ (ไม่ระบุชื่อ) สะเดา,สถานีตำรวจ,10.544,10.811,1.025,234.40606007277853,103.61054137364012
south-facilities:9010/9,สถานีตำรวจ กองร้อยตำรวจตระเวนชายแดนที่ 437,17,SbW,ใต้ค่อนประจิม,191.25,,— ว่าง —,,,,,,
south-facilities:9010/9,สถานีตำรวจ กองร้อยตำรวจตระเวนชายแดนที่ 437,18,SSW,ใต้-หรดี,202.5,south-facilities:9010/6,โรงพยาบาล โรงพยาบาลพัชรเวช,โรงพยาบาล,0.53,0.397,0.749,234.40606007277853,232.0427386903962
south-facilities:9010/9,สถานีตำรวจ กองร้อยตำรวจตระเวนชายแดนที่ 437,19,SWbS,หรดีค่อนใต้,213.75,,— ว่าง —,,,,,,
south-facilities:9010/9,สถานีตำรวจ กองร้อยตำรวจตระเวนชายแดนที่ 437,20,SW,หรดี (ตต.เฉียงใต้),225.0,,— ว่าง —,,,,,,
south-facilities:9010/9,สถานีตำรวจ กองร้อยตำรวจตระเวนชายแดนที่ 437,21,SWbW,หรดีค่อนประจิม,236.25,,— ว่าง —,,,,,,
south-facilities:9010/9,สถานีตำรวจ กองร้อยตำรวจตระเวนชายแดนที่ 437,22,WSW,ประจิม-หรดี,247.5,,— ว่าง —,,,,,,
south-facilities:9010/9,สถานีตำรวจ กองร้อยตำรวจตระเวนชายแดนที่ 437,23,WbS,ประจิมค่อนใต้,258.75,south-facilities:9010/7,โรงพยาบาล โรงพยาบาลสะเดา,โรงพยาบาล,1.537,2.087,1.357,234.40606007277853,73.84669417055689
south-facilities:9010/9,สถานีตำรวจ กองร้อยตำรวจตระเวนชายแดนที่ 437,24,W,ประจิม (ตะวันตก),270.0,,— ว่าง —,,,,,,
south-facilities:9010/9,สถานีตำรวจ กองร้อยตำรวจตระเวนชายแดนที่ 437,25,WbN,ประจิมค่อนเหนือ,281.25,south-facilities:9010/5,โรงพยาบาล โรงพยาบาลปาดังเบซาร์,โรงพยาบาล,8.859,9.911,1.119,234.40606007277853,95.25860348301602
south-facilities:9010/9,สถานีตำรวจ กองร้อยตำรวจตระเวนชายแดนที่ 437,26,WNW,ประจิม-พายัพ,292.5,,— ว่าง —,,,,,,
south-facilities:9010/9,สถานีตำรวจ กองร้อยตำรวจตระเวนชายแดนที่ 437,27,NWbW,พายัพค่อนประจิม,303.75,,— ว่าง —,,,,,,
south-facilities:9010/9,สถานีตำรวจ กองร้อยตำรวจตระเวนชายแดนที่ 437,28,NW,พายัพ (ตต.เฉียงเหนือ),315.0,,— ว่าง —,,,,,,
south-facilities:9010/9,สถานีตำรวจ กองร้อยตำรวจตระเวนชายแดนที่ 437,29,NWbN,พายัพค่อนเหนือ,326.25,,— ว่าง —,,,,,,
south-facilities:9010/9,สถานีตำรวจ กองร้อยตำรวจตระเวนชายแดนที่ 437,30,NNW,เหนือ-พายัพ,337.5,,— ว่าง —,,,,,,
south-facilities:9010/9,สถานีตำรวจ กองร้อยตำรวจตระเวนชายแดนที่ 437,31,NbW,เหนือค่อนประจิม,348.75,,— ว่าง —,,,,,,
south-facilities:9010/10,สถานีตำรวจ (ไม่ระบุชื่อ) สะเดา,0,N,อุดร (เหนือ),0.0,,— ว่าง —,,,,,,
south-facilities:9010/10,สถานีตำรวจ (ไม่ระบุชื่อ) สะเดา,1,NbE,เหนือค่อนอีสาน,11.25,south-facilities:9010/4,สถานีตำรวจ (ไม่ระบุชื่อ) สะเดา,สถานีตำรวจ,17.032,18.394,1.08,42.72858746175519,42.88331437548496
south-facilities:9010/10,สถานีตำรวจ (ไม่ระบุชื่อ) สะเดา,2,NNE,เหนือ-อีสาน,22.5,,— ว่าง —,,,,,,
south-facilities:9010/10,สถานีตำรวจ (ไม่ระบุชื่อ) สะเดา,3,NEbN,อีสานค่อนเหนือ,33.75,,— ว่าง —,,,,,,
south-facilities:9010/10,สถานีตำรวจ (ไม่ระบุชื่อ) สะเดา,4,NE,อีสาน (ตอ.เฉียงเหนือ),45.0,,— ว่าง —,,,,,,
south-facilities:9010/10,สถานีตำรวจ (ไม่ระบุชื่อ) สะเดา,5,NEbE,อีสานค่อนบูรพา,56.25,,— ว่าง —,,,,,,
south-facilities:9010/10,สถานีตำรวจ (ไม่ระบุชื่อ) สะเดา,6,ENE,บูรพา-อีสาน,67.5,south-facilities:9010/16,สถานีตำรวจ (ไม่ระบุชื่อ) สะเดา,สถานีตำรวจ,0.063,0.355,5.63,42.72858746175519,59.60972274064979
south-facilities:9010/10,สถานีตำรวจ (ไม่ระบุชื่อ) สะเดา,7,EbN,บูรพาค่อนเหนือ,78.75,south-facilities:9010/15,สถานีตำรวจ (ไม่ระบุชื่อ) สะเดา,สถานีตำรวจ,0.065,0.355,5.441,42.72858746175519,53.85850779513406
south-facilities:9010/10,สถานีตำรวจ (ไม่ระบุชื่อ) สะเดา,8,E,บูรพา (ตะวันออก),90.0,south-facilities:9010/14,สถานีตำรวจ (ไม่ระบุชื่อ) สะเดา,สถานีตำรวจ,0.066,0.355,5.354,42.72858746175519,46.19791899225746
south-facilities:9010/10,สถานีตำรวจ (ไม่ระบุชื่อ) สะเดา,9,EbS,บูรพาค่อนใต้,101.25,,— ว่าง —,,,,,,
south-facilities:9010/10,สถานีตำรวจ (ไม่ระบุชื่อ) สะเดา,10,ESE,บูรพา-อาคเนย์,112.5,,— ว่าง —,,,,,,
south-facilities:9010/10,สถานีตำรวจ (ไม่ระบุชื่อ) สะเดา,11,SEbE,อาคเนย์ค่อนบูรพา,123.75,,— ว่าง —,,,,,,
south-facilities:9010/10,สถานีตำรวจ (ไม่ระบุชื่อ) สะเดา,12,SE,อาคเนย์ (ตอ.เฉียงใต้),135.0,,— ว่าง —,,,,,,
south-facilities:9010/10,สถานีตำรวจ (ไม่ระบุชื่อ) สะเดา,13,SEbS,อาคเนย์ค่อนใต้,146.25,,— ว่าง —,,,,,,
south-facilities:9010/10,สถานีตำรวจ (ไม่ระบุชื่อ) สะเดา,14,SSE,ใต้-อาคเนย์,157.5,,— ว่าง —,,,,,,
south-facilities:9010/10,สถานีตำรวจ (ไม่ระบุชื่อ) สะเดา,15,SbE,ใต้ค่อนบูรพา,168.75,,— ว่าง —,,,,,,
south-facilities:9010/10,สถานีตำรวจ (ไม่ระบุชื่อ) สะเดา,16,S,ทักษิณ (ใต้),180.0,south-facilities:9010/8,สถานีตำรวจ (ไม่ระบุชื่อ) สะเดา,สถานีตำรวจ,10.367,10.91,1.052,42.72858746175519,103.61054137364012
south-facilities:9010/10,สถานีตำรวจ (ไม่ระบุชื่อ) สะเดา,17,SbW,ใต้ค่อนประจิม,191.25,,— ว่าง —,,,,,,
south-facilities:9010/10,สถานีตำรวจ (ไม่ระบุชื่อ) สะเดา,18,SSW,ใต้-หรดี,202.5,,— ว่าง —,,,,,,
south-facilities:9010/10,สถานีตำรวจ (ไม่ระบุชื่อ) สะเดา,19,SWbS,หรดีค่อนใต้,213.75,,— ว่าง —,,,,,,
south-facilities:9010/10,สถานีตำรวจ (ไม่ระบุชื่อ) สะเดา,20,SW,หรดี (ตต.เฉียงใต้),225.0,,— ว่าง —,,,,,,
south-facilities:9010/10,สถานีตำรวจ (ไม่ระบุชื่อ) สะเดา,21,SWbW,หรดีค่อนประจิม,236.25,south-facilities:9010/6,โรงพยาบาล โรงพยาบาลพัชรเวช,โรงพยาบาล,0.523,0.479,0.916,42.72858746175519,232.0427386903962
south-facilities:9010/10,สถานีตำรวจ (ไม่ระบุชื่อ) สะเดา,22,WSW,ประจิม-หรดี,247.5,,— ว่าง —,,,,,,
south-facilities:9010/10,สถานีตำรวจ (ไม่ระบุชื่อ) สะเดา,23,WbS,ประจิมค่อนใต้,258.75,,— ว่าง —,,,,,,
south-facilities:9010/10,สถานีตำรวจ (ไม่ระบุชื่อ) สะเดา,24,W,ประจิม (ตะวันตก),270.0,south-facilities:9010/7,โรงพยาบาล โรงพยาบาลสะเดา,โรงพยาบาล,1.729,2.168,1.254,42.72858746175519,73.84669417055689
south-facilities:9010/10,สถานีตำรวจ (ไม่ระบุชื่อ) สะเดา,25,WbN,ประจิมค่อนเหนือ,281.25,south-facilities:9010/5,โรงพยาบาล โรงพยาบาลปาดังเบซาร์,โรงพยาบาล,9.107,9.992,1.097,42.72858746175519,95.25860348301602
south-facilities:9010/10,สถานีตำรวจ (ไม่ระบุชื่อ) สะเดา,26,WNW,ประจิม-พายัพ,292.5,south-facilities:9010/12,สถานีตำรวจ (ไม่ระบุชื่อ) สะเดา,สถานีตำรวจ,10.905,11.847,1.086,42.72858746175519,41.20980299806808
south-facilities:9010/10,สถานีตำรวจ (ไม่ระบุชื่อ) สะเดา,27,NWbW,พายัพค่อนประจิม,303.75,,— ว่าง —,,,,,,
south-facilities:9010/10,สถานีตำรวจ (ไม่ระบุชื่อ) สะเดา,28,NW,พายัพ (ตต.เฉียงเหนือ),315.0,south-facilities:9010/9,สถานีตำรวจ กองร้อยตำรวจตระเวนชายแดนที่ 437,สถานีตำรวจ,0.29,0.745,2.571,42.72858746175519,234.40606007277853
south-facilities:9010/10,สถานีตำรวจ (ไม่ระบุชื่อ) สะเดา,29,NWbN,พายัพค่อนเหนือ,326.25,,— ว่าง —,,,,,,
south-facilities:9010/10,สถานีตำรวจ (ไม่ระบุชื่อ) สะเดา,30,NNW,เหนือ-พายัพ,337.5,,— ว่าง —,,,,,,
south-facilities:9010/10,สถานีตำรวจ (ไม่ระบุชื่อ) สะเดา,31,NbW,เหนือค่อนประจิม,348.75,,— ว่าง —,,,,,,
south-facilities:9010/11,โรงพยาบาล โรงพยาบาลสะเดา,0,N,อุดร (เหนือ),0.0,,— ว่าง —,,,,,,
south-facilities:9010/11,โรงพยาบาล โรงพยาบาลสะเดา,1,NbE,เหนือค่อนอีสาน,11.25,south-facilities:9011/24,สถานีตำรวจ Police station bike rest spot,สถานีตำรวจ,21.841,29.147,1.335,214.47661481882633,27.542385122872986
south-facilities:9010/11,โรงพยาบาล โรงพยาบาลสะเดา,2,NNE,เหนือ-อีสาน,22.5,south-facilities:9010/4,สถานีตำรวจ (ไม่ระบุชื่อ) สะเดา,สถานีตำรวจ,17.443,19.823,1.136,214.47661481882633,42.88331437548496
south-facilities:9010/11,โรงพยาบาล โรงพยาบาลสะเดา,3,NEbN,อีสานค่อนเหนือ,33.75,,— ว่าง —,,,,,,
south-facilities:9010/11,โรงพยาบาล โรงพยาบาลสะเดา,4,NE,อีสาน (ตอ.เฉียงเหนือ),45.0,,— ว่าง —,,,,,,
south-facilities:9010/11,โรงพยาบาล โรงพยาบาลสะเดา,5,NEbE,อีสานค่อนบูรพา,56.25,,— ว่าง —,,,,,,
south-facilities:9010/11,โรงพยาบาล โรงพยาบาลสะเดา,6,ENE,บูรพา-อีสาน,67.5,,— ว่าง —,,,,,,
south-facilities:9010/11,โรงพยาบาล โรงพยาบาลสะเดา,7,EbN,บูรพาค่อนเหนือ,78.75,south-facilities:9010/9,สถานีตำรวจ กองร้อยตำรวจตระเวนชายแดนที่ 437,สถานีตำรวจ,1.539,1.527,0.992,214.47661481882633,234.40606007277853
south-facilities:9010/11,โรงพยาบาล โรงพยาบาลสะเดา,8,E,บูรพา (ตะวันออก),90.0,south-facilities:9010/10,สถานีตำรวจ (ไม่ระบุชื่อ) สะเดา,สถานีตำรวจ,1.749,1.954,1.117,214.47661481882633,42.72858746175519
south-facilities:9010/11,โรงพยาบาล โรงพยาบาลสะเดา,9,EbS,บูรพาค่อนใต้,101.25,south-facilities:9010/6,โรงพยาบาล โรงพยาบาลพัชรเวช,โรงพยาบาล,1.355,1.287,0.95,214.47661481882633,232.0427386903962
south-facilities:9010/11,โรงพยาบาล โรงพยาบาลสะเดา,10,ESE,บูรพา-อาคเนย์,112.5,,— ว่าง —,,,,,,
south-facilities:9010/11,โรงพยาบาล โรงพยาบาลสะเดา,11,SEbE,อาคเนย์ค่อนบูรพา,123.75,,— ว่าง —,,,,,,
south-facilities:9010/11,โรงพยาบาล โรงพยาบาลสะเดา,12,SE,อาคเนย์ (ตอ.เฉียงใต้),135.0,,— ว่าง —,,,,,,
south-facilities:9010/11,โรงพยาบาล โรงพยาบาลสะเดา,13,SEbS,อาคเนย์ค่อนใต้,146.25,,— ว่าง —,,,,,,
south-facilities:9010/11,โรงพยาบาล โรงพยาบาลสะเดา,14,SSE,ใต้-อาคเนย์,157.5,,— ว่าง —,,,,,,
south-facilities:9010/11,โรงพยาบาล โรงพยาบาลสะเดา,15,SbE,ใต้ค่อนบูรพา,168.75,south-facilities:9010/7,โรงพยาบาล โรงพยาบาลสะเดา,โรงพยาบาล,0.142,0.0,0.0,214.47661481882633,73.84669417055689
south-facilities:9010/11,โรงพยาบาล โรงพยาบาลสะเดา,16,S,ทักษิณ (ใต้),180.0,south-facilities:9010/3,สถานีตำรวจ (ไม่ระบุชื่อ) สะเดา,สถานีตำรวจ,11.065,12.746,1.152,214.47661481882633,52.719647133372916
south-facilities:9010/11,โรงพยาบาล โรงพยาบาลสะเดา,17,SbW,ใต้ค่อนประจิม,191.25,,— ว่าง —,,,,,,
south-facilities:9010/11,โรงพยาบาล โรงพยาบาลสะเดา,18,SSW,ใต้-หรดี,202.5,,— ว่าง —,,,,,,
south-facilities:9010/11,โรงพยาบาล โรงพยาบาลสะเดา,19,SWbS,หรดีค่อนใต้,213.75,,— ว่าง —,,,,,,
south-facilities:9010/11,โรงพยาบาล โรงพยาบาลสะเดา,20,SW,หรดี (ตต.เฉียงใต้),225.0,,— ว่าง —,,,,,,
south-facilities:9010/11,โรงพยาบาล โรงพยาบาลสะเดา,21,SWbW,หรดีค่อนประจิม,236.25,,— ว่าง —,,,,,,
south-facilities:9010/11,โรงพยาบาล โรงพยาบาลสะเดา,22,WSW,ประจิม-หรดี,247.5,,— ว่าง —,,,,,,
south-facilities:9010/11,โรงพยาบาล โรงพยาบาลสะเดา,23,WbS,ประจิมค่อนใต้,258.75,,— ว่าง —,,,,,,
south-facilities:9010/11,โรงพยาบาล โรงพยาบาลสะเดา,24,W,ประจิม (ตะวันตก),270.0,,— ว่าง —,,,,,,
south-facilities:9010/11,โรงพยาบาล โรงพยาบาลสะเดา,25,WbN,ประจิมค่อนเหนือ,281.25,south-facilities:9010/5,โรงพยาบาล โรงพยาบาลปาดังเบซาร์,โรงพยาบาล,7.391,9.414,1.274,214.47661481882633,95.25860348301602
south-facilities:9010/11,โรงพยาบาล โรงพยาบาลสะเดา,26,WNW,ประจิม-พายัพ,292.5,south-facilities:9010/12,สถานีตำรวจ (ไม่ระบุชื่อ) สะเดา,สถานีตำรวจ,9.239,11.268,1.22,214.47661481882633,41.20980299806808
south-facilities:9010/11,โรงพยาบาล โรงพยาบาลสะเดา,27,NWbW,พายัพค่อนประจิม,303.75,,— ว่าง —,,,,,,
south-facilities:9010/11,โรงพยาบาล โรงพยาบาลสะเดา,28,NW,พายัพ (ตต.เฉียงเหนือ),315.0,,— ว่าง —,,,,,,
south-facilities:9010/11,โรงพยาบาล โรงพยาบาลสะเดา,29,NWbN,พายัพค่อนเหนือ,326.25,,— ว่าง —,,,,,,
south-facilities:9010/11,โรงพยาบาล โรงพยาบาลสะเดา,30,NNW,เหนือ-พายัพ,337.5,,— ว่าง —,,,,,,
south-facilities:9010/11,โรงพยาบาล โรงพยาบาลสะเดา,31,NbW,เหนือค่อนประจิม,348.75,,— ว่าง —,,,,,,
south-facilities:9010/12,สถานีตำรวจ (ไม่ระบุชื่อ) สะเดา,0,N,อุดร (เหนือ),0.0,,— ว่าง —,,,,,,
south-facilities:9010/12,สถานีตำรวจ (ไม่ระบุชื่อ) สะเดา,1,NbE,เหนือค่อนอีสาน,11.25,south-facilities:9016/4,หน่วยทหาร ค่ายรัตนพล,หน่วยทหาร,23.136,34.814,1.505,41.20980299806808,533.0847319357273
south-facilities:9010/12,สถานีตำรวจ (ไม่ระบุชื่อ) สะเดา,2,NNE,เหนือ-อีสาน,22.5,,— ว่าง —,,,,,,
south-facilities:9010/12,สถานีตำรวจ (ไม่ระบุชื่อ) สะเดา,3,NEbN,อีสานค่อนเหนือ,33.75,,— ว่าง —,,,,,,
south-facilities:9010/12,สถานีตำรวจ (ไม่ระบุชื่อ) สะเดา,4,NE,อีสาน (ตอ.เฉียงเหนือ),45.0,south-facilities:9010/4,สถานีตำรวจ (ไม่ระบุชื่อ) สะเดา,สถานีตำรวจ,19.324,22.884,1.184,41.20980299806808,42.88331437548496
south-facilities:9010/12,สถานีตำรวจ (ไม่ระบุชื่อ) สะเดา,5,NEbE,อีสานค่อนบูรพา,56.25,,— ว่าง —,,,,,,
south-facilities:9010/12,สถานีตำรวจ (ไม่ระบุชื่อ) สะเดา,6,ENE,บูรพา-อีสาน,67.5,,— ว่าง —,,,,,,
south-facilities:9010/12,สถานีตำรวจ (ไม่ระบุชื่อ) สะเดา,7,EbN,บูรพาค่อนเหนือ,78.75,,— ว่าง —,,,,,,
south-facilities:9010/12,สถานีตำรวจ (ไม่ระบุชื่อ) สะเดา,8,E,บูรพา (ตะวันออก),90.0,,— ว่าง —,,,,,,
south-facilities:9010/12,สถานีตำรวจ (ไม่ระบุชื่อ) สะเดา,9,EbS,บูรพาค่อนใต้,101.25,south-facilities:9010/9,สถานีตำรวจ กองร้อยตำรวจตระเวนชายแดนที่ 437,สถานีตำรวจ,10.641,11.506,1.081,41.20980299806808,234.40606007277853
south-facilities:9010/12,สถานีตำรวจ (ไม่ระบุชื่อ) สะเดา,10,ESE,บูรพา-อาคเนย์,112.5,south-facilities:9010/11,โรงพยาบาล โรงพยาบาลสะเดา,โรงพยาบาล,9.239,9.979,1.08,41.20980299806808,214.47661481882633
south-facilities:9010/12,สถานีตำรวจ (ไม่ระบุชื่อ) สะเดา,11,SEbE,อาคเนย์ค่อนบูรพา,123.75,,— ว่าง —,,,,,,
south-facilities:9010/12,สถานีตำรวจ (ไม่ระบุชื่อ) สะเดา,12,SE,อาคเนย์ (ตอ.เฉียงใต้),135.0,south-facilities:9010/5,โรงพยาบาล โรงพยาบาลปาดังเบซาร์,โรงพยาบาล,2.106,2.087,0.991,41.20980299806808,95.25860348301602
south-facilities:9010/12,สถานีตำรวจ (ไม่ระบุชื่อ) สะเดา,13,SEbS,อาคเนย์ค่อนใต้,146.25,south-facilities:9010/8,สถานีตำรวจ (ไม่ระบุชื่อ) สะเดา,สถานีตำรวจ,16.656,21.802,1.309,41.20980299806808,103.61054137364012
south-facilities:9010/12,สถานีตำรวจ (ไม่ระบุชื่อ) สะเดา,14,SSE,ใต้-อาคเนย์,157.5,,— ว่าง —,,,,,,
south-facilities:9010/12,สถานีตำรวจ (ไม่ระบุชื่อ) สะเดา,15,SbE,ใต้ค่อนบูรพา,168.75,,— ว่าง —,,,,,,
south-facilities:9010/12,สถานีตำรวจ (ไม่ระบุชื่อ) สะเดา,16,S,ทักษิณ (ใต้),180.0,,— ว่าง —,,,,,,
south-facilities:9010/12,สถานีตำรวจ (ไม่ระบุชื่อ) สะเดา,17,SbW,ใต้ค่อนประจิม,191.25,,— ว่าง —,,,,,,
south-facilities:9010/12,สถานีตำรวจ (ไม่ระบุชื่อ) สะเดา,18,SSW,ใต้-หรดี,202.5,,— ว่าง —,,,,,,
south-facilities:9010/12,สถานีตำรวจ (ไม่ระบุชื่อ) สะเดา,19,SWbS,หรดีค่อนใต้,213.75,,— ว่าง —,,,,,,
south-facilities:9010/12,สถานีตำรวจ (ไม่ระบุชื่อ) สะเดา,20,SW,หรดี (ตต.เฉียงใต้),225.0,,— ว่าง —,,,,,,
south-facilities:9010/12,สถานีตำรวจ (ไม่ระบุชื่อ) สะเดา,21,SWbW,หรดีค่อนประจิม,236.25,,— ว่าง —,,,,,,
south-facilities:9010/12,สถานีตำรวจ (ไม่ระบุชื่อ) สะเดา,22,WSW,ประจิม-หรดี,247.5,,— ว่าง —,,,,,,
south-facilities:9010/12,สถานีตำรวจ (ไม่ระบุชื่อ) สะเดา,23,WbS,ประจิมค่อนใต้,258.75,,— ว่าง —,,,,,,
south-facilities:9010/12,สถานีตำรวจ (ไม่ระบุชื่อ) สะเดา,24,W,ประจิม (ตะวันตก),270.0,,— ว่าง —,,,,,,
south-facilities:9010/12,สถานีตำรวจ (ไม่ระบุชื่อ) สะเดา,25,WbN,ประจิมค่อนเหนือ,281.25,,— ว่าง —,,,,,,
south-facilities:9010/12,สถานีตำรวจ (ไม่ระบุชื่อ) สะเดา,26,WNW,ประจิม-พายัพ,292.5,,— ว่าง —,,,,,,
south-facilities:9010/12,สถานีตำรวจ (ไม่ระบุชื่อ) สะเดา,27,NWbW,พายัพค่อนประจิม,303.75,south-facilities:9010/13,สถานีตำรวจ ด่านตรวจคนเข้าเมืองปาดังเบซาร์,สถานีตำรวจ,0.333,0.36,1.082,41.20980299806808,35.952523701866454
south-facilities:9010/12,สถานีตำรวจ (ไม่ระบุชื่อ) สะเดา,28,NW,พายัพ (ตต.เฉียงเหนือ),315.0,,— ว่าง —,,,,,,
south-facilities:9010/12,สถานีตำรวจ (ไม่ระบุชื่อ) สะเดา,29,NWbN,พายัพค่อนเหนือ,326.25,,— ว่าง —,,,,,,
south-facilities:9010/12,สถานีตำรวจ (ไม่ระบุชื่อ) สะเดา,30,NNW,เหนือ-พายัพ,337.5,,— ว่าง —,,,,,,
south-facilities:9010/12,สถานีตำรวจ (ไม่ระบุชื่อ) สะเดา,31,NbW,เหนือค่อนประจิม,348.75,,— ว่าง —,,,,,,
south-facilities:9010/13,สถานีตำรวจ ด่านตรวจคนเข้าเมืองปาดังเบซาร์,0,N,อุดร (เหนือ),0.0,,— ว่าง —,,,,,,
south-facilities:9010/13,สถานีตำรวจ ด่านตรวจคนเข้าเมืองปาดังเบซาร์,1,NbE,เหนือค่อนอีสาน,11.25,south-facilities:9016/4,หน่วยทหาร ค่ายรัตนพล,หน่วยทหาร,23.053,34.454,1.495,35.952523701866454,533.0847319357273
south-facilities:9010/13,สถานีตำรวจ ด่านตรวจคนเข้าเมืองปาดังเบซาร์,2,NNE,เหนือ-อีสาน,22.5,,— ว่าง —,,,,,,
south-facilities:9010/13,สถานีตำรวจ ด่านตรวจคนเข้าเมืองปาดังเบซาร์,3,NEbN,อีสานค่อนเหนือ,33.75,,— ว่าง —,,,,,,
south-facilities:9010/13,สถานีตำรวจ ด่านตรวจคนเข้าเมืองปาดังเบซาร์,4,NE,อีสาน (ตอ.เฉียงเหนือ),45.0,south-facilities:9010/4,สถานีตำรวจ (ไม่ระบุชื่อ) สะเดา,สถานีตำรวจ,19.423,22.524,1.16,35.952523701866454,42.88331437548496
south-facilities:9010/13,สถานีตำรวจ ด่านตรวจคนเข้าเมืองปาดังเบซาร์,5,NEbE,อีสานค่อนบูรพา,56.25,,— ว่าง —,,,,,,
south-facilities:9010/13,สถานีตำรวจ ด่านตรวจคนเข้าเมืองปาดังเบซาร์,6,ENE,บูรพา-อีสาน,67.5,,— ว่าง —,,,,,,
south-facilities:9010/13,สถานีตำรวจ ด่านตรวจคนเข้าเมืองปาดังเบซาร์,7,EbN,บูรพาค่อนเหนือ,78.75,,— ว่าง —,,,,,,
south-facilities:9010/13,สถานีตำรวจ ด่านตรวจคนเข้าเมืองปาดังเบซาร์,8,E,บูรพา (ตะวันออก),90.0,,— ว่าง —,,,,,,
south-facilities:9010/13,สถานีตำรวจ ด่านตรวจคนเข้าเมืองปาดังเบซาร์,9,EbS,บูรพาค่อนใต้,101.25,south-facilities:9010/9,สถานีตำรวจ กองร้อยตำรวจตระเวนชายแดนที่ 437,สถานีตำรวจ,10.967,11.841,1.08,35.952523701866454,234.40606007277853
south-facilities:9010/13,สถานีตำรวจ ด่านตรวจคนเข้าเมืองปาดังเบซาร์,10,ESE,บูรพา-อาคเนย์,112.5,south-facilities:9010/11,โรงพยาบาล โรงพยาบาลสะเดา,โรงพยาบาล,9.569,10.314,1.078,35.952523701866454,214.47661481882633
south-facilities:9010/13,สถานีตำรวจ ด่านตรวจคนเข้าเมืองปาดังเบซาร์,11,SEbE,อาคเนย์ค่อนบูรพา,123.75,south-facilities:9010/12,สถานีตำรวจ (ไม่ระบุชื่อ) สะเดา,สถานีตำรวจ,0.333,0.335,1.006,35.952523701866454,41.20980299806808
south-facilities:9010/13,สถานีตำรวจ ด่านตรวจคนเข้าเมืองปาดังเบซาร์,12,SE,อาคเนย์ (ตอ.เฉียงใต้),135.0,south-facilities:9010/5,โรงพยาบาล โรงพยาบาลปาดังเบซาร์,โรงพยาบาล,2.427,2.422,0.998,35.952523701866454,95.25860348301602
south-facilities:9010/13,สถานีตำรวจ ด่านตรวจคนเข้าเมืองปาดังเบซาร์,13,SEbS,อาคเนย์ค่อนใต้,146.25,south-facilities:9010/8,สถานีตำรวจ (ไม่ระบุชื่อ) สะเดา,สถานีตำรวจ,16.957,22.137,1.305,35.952523701866454,103.61054137364012
south-facilities:9010/13,สถานีตำรวจ ด่านตรวจคนเข้าเมืองปาดังเบซาร์,14,SSE,ใต้-อาคเนย์,157.5,,— ว่าง —,,,,,,
south-facilities:9010/13,สถานีตำรวจ ด่านตรวจคนเข้าเมืองปาดังเบซาร์,15,SbE,ใต้ค่อนบูรพา,168.75,,— ว่าง —,,,,,,
south-facilities:9010/13,สถานีตำรวจ ด่านตรวจคนเข้าเมืองปาดังเบซาร์,16,S,ทักษิณ (ใต้),180.0,,— ว่าง —,,,,,,
south-facilities:9010/13,สถานีตำรวจ ด่านตรวจคนเข้าเมืองปาดังเบซาร์,17,SbW,ใต้ค่อนประจิม,191.25,,— ว่าง —,,,,,,
south-facilities:9010/13,สถานีตำรวจ ด่านตรวจคนเข้าเมืองปาดังเบซาร์,18,SSW,ใต้-หรดี,202.5,,— ว่าง —,,,,,,
south-facilities:9010/13,สถานีตำรวจ ด่านตรวจคนเข้าเมืองปาดังเบซาร์,19,SWbS,หรดีค่อนใต้,213.75,,— ว่าง —,,,,,,
south-facilities:9010/13,สถานีตำรวจ ด่านตรวจคนเข้าเมืองปาดังเบซาร์,20,SW,หรดี (ตต.เฉียงใต้),225.0,,— ว่าง —,,,,,,
south-facilities:9010/13,สถานีตำรวจ ด่านตรวจคนเข้าเมืองปาดังเบซาร์,21,SWbW,หรดีค่อนประจิม,236.25,,— ว่าง —,,,,,,
south-facilities:9010/13,สถานีตำรวจ ด่านตรวจคนเข้าเมืองปาดังเบซาร์,22,WSW,ประจิม-หรดี,247.5,,— ว่าง —,,,,,,
south-facilities:9010/13,สถานีตำรวจ ด่านตรวจคนเข้าเมืองปาดังเบซาร์,23,WbS,ประจิมค่อนใต้,258.75,,— ว่าง —,,,,,,
south-facilities:9010/13,สถานีตำรวจ ด่านตรวจคนเข้าเมืองปาดังเบซาร์,24,W,ประจิม (ตะวันตก),270.0,,— ว่าง —,,,,,,
south-facilities:9010/13,สถานีตำรวจ ด่านตรวจคนเข้าเมืองปาดังเบซาร์,25,WbN,ประจิมค่อนเหนือ,281.25,,— ว่าง —,,,,,,
south-facilities:9010/13,สถานีตำรวจ ด่านตรวจคนเข้าเมืองปาดังเบซาร์,26,WNW,ประจิม-พายัพ,292.5,,— ว่าง —,,,,,,
south-facilities:9010/13,สถานีตำรวจ ด่านตรวจคนเข้าเมืองปาดังเบซาร์,27,NWbW,พายัพค่อนประจิม,303.75,,— ว่าง —,,,,,,
south-facilities:9010/13,สถานีตำรวจ ด่านตรวจคนเข้าเมืองปาดังเบซาร์,28,NW,พายัพ (ตต.เฉียงเหนือ),315.0,,— ว่าง —,,,,,,
south-facilities:9010/13,สถานีตำรวจ ด่านตรวจคนเข้าเมืองปาดังเบซาร์,29,NWbN,พายัพค่อนเหนือ,326.25,,— ว่าง —,,,,,,
south-facilities:9010/13,สถานีตำรวจ ด่านตรวจคนเข้าเมืองปาดังเบซาร์,30,NNW,เหนือ-พายัพ,337.5,,— ว่าง —,,,,,,
south-facilities:9010/13,สถานีตำรวจ ด่านตรวจคนเข้าเมืองปาดังเบซาร์,31,NbW,เหนือค่อนประจิม,348.75,,— ว่าง —,,,,,,
south-facilities:9010/14,สถานีตำรวจ (ไม่ระบุชื่อ) สะเดา,0,N,อุดร (เหนือ),0.0,,— ว่าง —,,,,,,
south-facilities:9010/14,สถานีตำรวจ (ไม่ระบุชื่อ) สะเดา,1,NbE,เหนือค่อนอีสาน,11.25,south-facilities:9010/4,สถานีตำรวจ (ไม่ระบุชื่อ) สะเดา,สถานีตำรวจ,17.014,18.039,1.06,46.19791899225746,42.88331437548496
south-facilities:9010/14,สถานีตำรวจ (ไม่ระบุชื่อ) สะเดา,2,NNE,เหนือ-อีสาน,22.5,,— ว่าง —,,,,,,
south-facilities:9010/14,สถานีตำรวจ (ไม่ระบุชื่อ) สะเดา,3,NEbN,อีสานค่อนเหนือ,33.75,,— ว่าง —,,,,,,
south-facilities:9010/14,สถานีตำรวจ (ไม่ระบุชื่อ) สะเดา,4,NE,อีสาน (ตอ.เฉียงเหนือ),45.0,,— ว่าง —,,,,,,
south-facilities:9010/14,สถานีตำรวจ (ไม่ระบุชื่อ) สะเดา,5,NEbE,อีสานค่อนบูรพา,56.25,,— ว่าง —,,,,,,
south-facilities:9010/14,สถานีตำรวจ (ไม่ระบุชื่อ) สะเดา,6,ENE,บูรพา-อีสาน,67.5,,— ว่าง —,,,,,,
south-facilities:9010/14,สถานีตำรวจ (ไม่ระบุชื่อ) สะเดา,7,EbN,บูรพาค่อนเหนือ,78.75,,— ว่าง —,,,,,,
south-facilities:9010/14,สถานีตำรวจ (ไม่ระบุชื่อ) สะเดา,8,E,บูรพา (ตะวันออก),90.0,,— ว่าง —,,,,,,
south-facilities:9010/14,สถานีตำรวจ (ไม่ระบุชื่อ) สะเดา,9,EbS,บูรพาค่อนใต้,101.25,,— ว่าง —,,,,,,
south-facilities:9010/14,สถานีตำรวจ (ไม่ระบุชื่อ) สะเดา,10,ESE,บูรพา-อาคเนย์,112.5,,— ว่าง —,,,,,,
south-facilities:9010/14,สถานีตำรวจ (ไม่ระบุชื่อ) สะเดา,11,SEbE,อาคเนย์ค่อนบูรพา,123.75,,— ว่าง —,,,,,,
south-facilities:9010/14,สถานีตำรวจ (ไม่ระบุชื่อ) สะเดา,12,SE,อาคเนย์ (ตอ.เฉียงใต้),135.0,,— ว่าง —,,,,,,
south-facilities:9010/14,สถานีตำรวจ (ไม่ระบุชื่อ) สะเดา,13,SEbS,อาคเนย์ค่อนใต้,146.25,,— ว่าง —,,,,,,
south-facilities:9010/14,สถานีตำรวจ (ไม่ระบุชื่อ) สะเดา,14,SSE,ใต้-อาคเนย์,157.5,,— ว่าง —,,,,,,
south-facilities:9010/14,สถานีตำรวจ (ไม่ระบุชื่อ) สะเดา,15,SbE,ใต้ค่อนบูรพา,168.75,,— ว่าง —,,,,,,
south-facilities:9010/14,สถานีตำรวจ (ไม่ระบุชื่อ) สะเดา,16,S,ทักษิณ (ใต้),180.0,south-facilities:9010/8,สถานีตำรวจ (ไม่ระบุชื่อ) สะเดา,สถานีตำรวจ,10.377,10.555,1.017,46.19791899225746,103.61054137364012
south-facilities:9010/14,สถานีตำรวจ (ไม่ระบุชื่อ) สะเดา,17,SbW,ใต้ค่อนประจิม,191.25,,— ว่าง —,,,,,,
south-facilities:9010/14,สถานีตำรวจ (ไม่ระบุชื่อ) สะเดา,18,SSW,ใต้-หรดี,202.5,,— ว่าง —,,,,,,
south-facilities:9010/14,สถานีตำรวจ (ไม่ระบุชื่อ) สะเดา,19,SWbS,หรดีค่อนใต้,213.75,,— ว่าง —,,,,,,
south-facilities:9010/14,สถานีตำรวจ (ไม่ระบุชื่อ) สะเดา,20,SW,หรดี (ตต.เฉียงใต้),225.0,,— ว่าง —,,,,,,
south-facilities:9010/14,สถานีตำรวจ (ไม่ระบุชื่อ) สะเดา,21,SWbW,หรดีค่อนประจิม,236.25,south-facilities:9010/6,โรงพยาบาล โรงพยาบาลพัชรเวช,โรงพยาบาล,0.581,0.648,1.115,46.19791899225746,232.0427386903962
south-facilities:9010/14,สถานีตำรวจ (ไม่ระบุชื่อ) สะเดา,22,WSW,ประจิม-หรดี,247.5,,— ว่าง —,,,,,,
south-facilities:9010/14,สถานีตำรวจ (ไม่ระบุชื่อ) สะเดา,23,WbS,ประจิมค่อนใต้,258.75,,— ว่าง —,,,,,,
south-facilities:9010/14,สถานีตำรวจ (ไม่ระบุชื่อ) สะเดา,24,W,ประจิม (ตะวันตก),270.0,south-facilities:9010/10,สถานีตำรวจ (ไม่ระบุชื่อ) สะเดา,สถานีตำรวจ,0.066,0.17,2.557,46.19791899225746,42.72858746175519
south-facilities:9010/14,สถานีตำรวจ (ไม่ระบุชื่อ) สะเดา,25,WbN,ประจิมค่อนเหนือ,281.25,south-facilities:9010/5,โรงพยาบาล โรงพยาบาลปาดังเบซาร์,โรงพยาบาล,9.171,10.162,1.108,46.19791899225746,95.25860348301602
south-facilities:9010/14,สถานีตำรวจ (ไม่ระบุชื่อ) สะเดา,26,WNW,ประจิม-พายัพ,292.5,south-facilities:9010/13,สถานีตำรวจ ด่านตรวจคนเข้าเมืองปาดังเบซาร์,สถานีตำรวจ,11.293,12.246,1.084,46.19791899225746,35.952523701866454
south-facilities:9010/14,สถานีตำรวจ (ไม่ระบุชื่อ) สะเดา,27,NWbW,พายัพค่อนประจิม,303.75,south-facilities:9010/9,สถานีตำรวจ กองร้อยตำรวจตระเวนชายแดนที่ 437,สถานีตำรวจ,0.339,0.914,2.694,46.19791899225746,234.40606007277853
south-facilities:9010/14,สถานีตำรวจ (ไม่ระบุชื่อ) สะเดา,28,NW,พายัพ (ตต.เฉียงเหนือ),315.0,,— ว่าง —,,,,,,
south-facilities:9010/14,สถานีตำรวจ (ไม่ระบุชื่อ) สะเดา,29,NWbN,พายัพค่อนเหนือ,326.25,,— ว่าง —,,,,,,
south-facilities:9010/14,สถานีตำรวจ (ไม่ระบุชื่อ) สะเดา,30,NNW,เหนือ-พายัพ,337.5,south-facilities:9010/16,สถานีตำรวจ (ไม่ระบุชื่อ) สะเดา,สถานีตำรวจ,0.02,0.0,0.0,46.19791899225746,59.60972274064979
south-facilities:9010/14,สถานีตำรวจ (ไม่ระบุชื่อ) สะเดา,31,NbW,เหนือค่อนประจิม,348.75,south-facilities:9010/15,สถานีตำรวจ (ไม่ระบุชื่อ) สะเดา,สถานีตำรวจ,0.011,0.0,0.0,46.19791899225746,53.85850779513406
south-facilities:9010/15,สถานีตำรวจ (ไม่ระบุชื่อ) สะเดา,0,N,อุดร (เหนือ),0.0,,— ว่าง —,,,,,,
south-facilities:9010/15,สถานีตำรวจ (ไม่ระบุชื่อ) สะเดา,1,NbE,เหนือค่อนอีสาน,11.25,south-facilities:9010/4,สถานีตำรวจ (ไม่ระบุชื่อ) สะเดา,สถานีตำรวจ,17.004,18.039,1.061,53.85850779513406,42.88331437548496
south-facilities:9010/15,สถานีตำรวจ (ไม่ระบุชื่อ) สะเดา,2,NNE,เหนือ-อีสาน,22.5,,— ว่าง —,,,,,,
south-facilities:9010/15,สถานีตำรวจ (ไม่ระบุชื่อ) สะเดา,3,NEbN,อีสานค่อนเหนือ,33.75,,— ว่าง —,,,,,,
south-facilities:9010/15,สถานีตำรวจ (ไม่ระบุชื่อ) สะเดา,4,NE,อีสาน (ตอ.เฉียงเหนือ),45.0,,— ว่าง —,,,,,,
south-facilities:9010/15,สถานีตำรวจ (ไม่ระบุชื่อ) สะเดา,5,NEbE,อีสานค่อนบูรพา,56.25,,— ว่าง —,,,,,,
south-facilities:9010/15,สถานีตำรวจ (ไม่ระบุชื่อ) สะเดา,6,ENE,บูรพา-อีสาน,67.5,,— ว่าง —,,,,,,
south-facilities:9010/15,สถานีตำรวจ (ไม่ระบุชื่อ) สะเดา,7,EbN,บูรพาค่อนเหนือ,78.75,,— ว่าง —,,,,,,
south-facilities:9010/15,สถานีตำรวจ (ไม่ระบุชื่อ) สะเดา,8,E,บูรพา (ตะวันออก),90.0,,— ว่าง —,,,,,,
south-facilities:9010/15,สถานีตำรวจ (ไม่ระบุชื่อ) สะเดา,9,EbS,บูรพาค่อนใต้,101.25,,— ว่าง —,,,,,,
south-facilities:9010/15,สถานีตำรวจ (ไม่ระบุชื่อ) สะเดา,10,ESE,บูรพา-อาคเนย์,112.5,,— ว่าง —,,,,,,
south-facilities:9010/15,สถานีตำรวจ (ไม่ระบุชื่อ) สะเดา,11,SEbE,อาคเนย์ค่อนบูรพา,123.75,,— ว่าง —,,,,,,
south-facilities:9010/15,สถานีตำรวจ (ไม่ระบุชื่อ) สะเดา,12,SE,อาคเนย์ (ตอ.เฉียงใต้),135.0,,— ว่าง —,,,,,,
south-facilities:9010/15,สถานีตำรวจ (ไม่ระบุชื่อ) สะเดา,13,SEbS,อาคเนย์ค่อนใต้,146.25,,— ว่าง —,,,,,,
south-facilities:9010/15,สถานีตำรวจ (ไม่ระบุชื่อ) สะเดา,14,SSE,ใต้-อาคเนย์,157.5,,— ว่าง —,,,,,,
south-facilities:9010/15,สถานีตำรวจ (ไม่ระบุชื่อ) สะเดา,15,SbE,ใต้ค่อนบูรพา,168.75,south-facilities:9010/14,สถานีตำรวจ (ไม่ระบุชื่อ) สะเดา,สถานีตำรวจ,0.011,0.0,0.0,53.85850779513406,46.19791899225746
south-facilities:9010/15,สถานีตำรวจ (ไม่ระบุชื่อ) สะเดา,16,S,ทักษิณ (ใต้),180.0,south-facilities:9010/8,สถานีตำรวจ (ไม่ระบุชื่อ) สะเดา,สถานีตำรวจ,10.387,10.555,1.016,53.85850779513406,103.61054137364012
south-facilities:9010/15,สถานีตำรวจ (ไม่ระบุชื่อ) สะเดา,17,SbW,ใต้ค่อนประจิม,191.25,,— ว่าง —,,,,,,
south-facilities:9010/15,สถานีตำรวจ (ไม่ระบุชื่อ) สะเดา,18,SSW,ใต้-หรดี,202.5,,— ว่าง —,,,,,,
south-facilities:9010/15,สถานีตำรวจ (ไม่ระบุชื่อ) สะเดา,19,SWbS,หรดีค่อนใต้,213.75,,— ว่าง —,,,,,,
south-facilities:9010/15,สถานีตำรวจ (ไม่ระบุชื่อ) สะเดา,20,SW,หรดี (ตต.เฉียงใต้),225.0,,— ว่าง —,,,,,,
south-facilities:9010/15,สถานีตำรวจ (ไม่ระบุชื่อ) สะเดา,21,SWbW,หรดีค่อนประจิม,236.25,south-facilities:9010/6,โรงพยาบาล โรงพยาบาลพัชรเวช,โรงพยาบาล,0.584,0.648,1.109,53.85850779513406,232.0427386903962
south-facilities:9010/15,สถานีตำรวจ (ไม่ระบุชื่อ) สะเดา,22,WSW,ประจิม-หรดี,247.5,,— ว่าง —,,,,,,
south-facilities:9010/15,สถานีตำรวจ (ไม่ระบุชื่อ) สะเดา,23,WbS,ประจิมค่อนใต้,258.75,south-facilities:9010/10,สถานีตำรวจ (ไม่ระบุชื่อ) สะเดา,สถานีตำรวจ,0.065,0.17,2.599,53.85850779513406,42.72858746175519
south-facilities:9010/15,สถานีตำรวจ (ไม่ระบุชื่อ) สะเดา,24,W,ประจิม (ตะวันตก),270.0,south-facilities:9010/7,โรงพยาบาล โรงพยาบาลสะเดา,โรงพยาบาล,1.793,2.338,1.304,53.85850779513406,73.84669417055689
south-facilities:9010/15,สถานีตำรวจ (ไม่ระบุชื่อ) สะเดา,25,WbN,ประจิมค่อนเหนือ,281.25,south-facilities:9010/5,โรงพยาบาล โรงพยาบาลปาดังเบซาร์,โรงพยาบาล,9.167,10.162,1.109,53.85850779513406,95.25860348301602
south-facilities:9010/15,สถานีตำรวจ (ไม่ระบุชื่อ) สะเดา,26,WNW,ประจิม-พายัพ,292.5,south-facilities:9010/13,สถานีตำรวจ ด่านตรวจคนเข้าเมืองปาดังเบซาร์,สถานีตำรวจ,11.287,12.246,1.085,53.85850779513406,35.952523701866454
south-facilities:9010/15,สถานีตำรวจ (ไม่ระบุชื่อ) สะเดา,27,NWbW,พายัพค่อนประจิม,303.75,south-facilities:9010/9,สถานีตำรวจ กองร้อยตำรวจตระเวนชายแดนที่ 437,สถานีตำรวจ,0.331,0.914,2.758,53.85850779513406,234.40606007277853
south-facilities:9010/15,สถานีตำรวจ (ไม่ระบุชื่อ) สะเดา,28,NW,พายัพ (ตต.เฉียงเหนือ),315.0,,— ว่าง —,,,,,,
south-facilities:9010/15,สถานีตำรวจ (ไม่ระบุชื่อ) สะเดา,29,NWbN,พายัพค่อนเหนือ,326.25,south-facilities:9010/16,สถานีตำรวจ (ไม่ระบุชื่อ) สะเดา,สถานีตำรวจ,0.009,0.0,0.0,53.85850779513406,59.60972274064979
south-facilities:9010/15,สถานีตำรวจ (ไม่ระบุชื่อ) สะเดา,30,NNW,เหนือ-พายัพ,337.5,,— ว่าง —,,,,,,
south-facilities:9010/15,สถานีตำรวจ (ไม่ระบุชื่อ) สะเดา,31,NbW,เหนือค่อนประจิม,348.75,,— ว่าง —,,,,,,
south-facilities:9010/16,สถานีตำรวจ (ไม่ระบุชื่อ) สะเดา,0,N,อุดร (เหนือ),0.0,,— ว่าง —,,,,,,
south-facilities:9010/16,สถานีตำรวจ (ไม่ระบุชื่อ) สะเดา,1,NbE,เหนือค่อนอีสาน,11.25,south-facilities:9010/4,สถานีตำรวจ (ไม่ระบุชื่อ) สะเดา,สถานีตำรวจ,16.997,18.039,1.061,59.60972274064979,42.88331437548496
south-facilities:9010/16,สถานีตำรวจ (ไม่ระบุชื่อ) สะเดา,2,NNE,เหนือ-อีสาน,22.5,,— ว่าง —,,,,,,
south-facilities:9010/16,สถานีตำรวจ (ไม่ระบุชื่อ) สะเดา,3,NEbN,อีสานค่อนเหนือ,33.75,,— ว่าง —,,,,,,
south-facilities:9010/16,สถานีตำรวจ (ไม่ระบุชื่อ) สะเดา,4,NE,อีสาน (ตอ.เฉียงเหนือ),45.0,,— ว่าง —,,,,,,
south-facilities:9010/16,สถานีตำรวจ (ไม่ระบุชื่อ) สะเดา,5,NEbE,อีสานค่อนบูรพา,56.25,,— ว่าง —,,,,,,
south-facilities:9010/16,สถานีตำรวจ (ไม่ระบุชื่อ) สะเดา,6,ENE,บูรพา-อีสาน,67.5,,— ว่าง —,,,,,,
south-facilities:9010/16,สถานีตำรวจ (ไม่ระบุชื่อ) สะเดา,7,EbN,บูรพาค่อนเหนือ,78.75,,— ว่าง —,,,,,,
south-facilities:9010/16,สถานีตำรวจ (ไม่ระบุชื่อ) สะเดา,8,E,บูรพา (ตะวันออก),90.0,,— ว่าง —,,,,,,
south-facilities:9010/16,สถานีตำรวจ (ไม่ระบุชื่อ) สะเดา,9,EbS,บูรพาค่อนใต้,101.25,,— ว่าง —,,,,,,
south-facilities:9010/16,สถานีตำรวจ (ไม่ระบุชื่อ) สะเดา,10,ESE,บูรพา-อาคเนย์,112.5,,— ว่าง —,,,,,,
south-facilities:9010/16,สถานีตำรวจ (ไม่ระบุชื่อ) สะเดา,11,SEbE,อาคเนย์ค่อนบูรพา,123.75,,— ว่าง —,,,,,,
south-facilities:9010/16,สถานีตำรวจ (ไม่ระบุชื่อ) สะเดา,12,SE,อาคเนย์ (ตอ.เฉียงใต้),135.0,,— ว่าง —,,,,,,
south-facilities:9010/16,สถานีตำรวจ (ไม่ระบุชื่อ) สะเดา,13,SEbS,อาคเนย์ค่อนใต้,146.25,south-facilities:9010/15,สถานีตำรวจ (ไม่ระบุชื่อ) สะเดา,สถานีตำรวจ,0.009,0.0,0.0,59.60972274064979,53.85850779513406
south-facilities:9010/16,สถานีตำรวจ (ไม่ระบุชื่อ) สะเดา,14,SSE,ใต้-อาคเนย์,157.5,south-facilities:9010/14,สถานีตำรวจ (ไม่ระบุชื่อ) สะเดา,สถานีตำรวจ,0.02,0.0,0.0,59.60972274064979,46.19791899225746
south-facilities:9010/16,สถานีตำรวจ (ไม่ระบุชื่อ) สะเดา,15,SbE,ใต้ค่อนบูรพา,168.75,,— ว่าง —,,,,,,
south-facilities:9010/16,สถานีตำรวจ (ไม่ระบุชื่อ) สะเดา,16,S,ทักษิณ (ใต้),180.0,south-facilities:9010/8,สถานีตำรวจ (ไม่ระบุชื่อ) สะเดา,สถานีตำรวจ,10.395,10.555,1.015,59.60972274064979,103.61054137364012
south-facilities:9010/16,สถานีตำรวจ (ไม่ระบุชื่อ) สะเดา,17,SbW,ใต้ค่อนประจิม,191.25,,— ว่าง —,,,,,,
south-facilities:9010/16,สถานีตำรวจ (ไม่ระบุชื่อ) สะเดา,18,SSW,ใต้-หรดี,202.5,,— ว่าง —,,,,,,
south-facilities:9010/16,สถานีตำรวจ (ไม่ระบุชื่อ) สะเดา,19,SWbS,หรดีค่อนใต้,213.75,,— ว่าง —,,,,,,
south-facilities:9010/16,สถานีตำรวจ (ไม่ระบุชื่อ) สะเดา,20,SW,หรดี (ตต.เฉียงใต้),225.0,,— ว่าง —,,,,,,
south-facilities:9010/16,สถานีตำรวจ (ไม่ระบุชื่อ) สะเดา,21,SWbW,หรดีค่อนประจิม,236.25,south-facilities:9010/6,โรงพยาบาล โรงพยาบาลพัชรเวช,โรงพยาบาล,0.585,0.648,1.109,59.60972274064979,232.0427386903962
south-facilities:9010/16,สถานีตำรวจ (ไม่ระบุชื่อ) สะเดา,22,WSW,ประจิม-หรดี,247.5,south-facilities:9010/10,สถานีตำรวจ (ไม่ระบุชื่อ) สะเดา,สถานีตำรวจ,0.063,0.17,2.689,59.60972274064979,42.72858746175519
south-facilities:9010/16,สถานีตำรวจ (ไม่ระบุชื่อ) สะเดา,23,WbS,ประจิมค่อนใต้,258.75,,— ว่าง —,,,,,,
south-facilities:9010/16,สถานีตำรวจ (ไม่ระบุชื่อ) สะเดา,24,W,ประจิม (ตะวันตก),270.0,south-facilities:9010/7,โรงพยาบาล โรงพยาบาลสะเดา,โรงพยาบาล,1.789,2.338,1.307,59.60972274064979,73.84669417055689
south-facilities:9010/16,สถานีตำรวจ (ไม่ระบุชื่อ) สะเดา,25,WbN,ประจิมค่อนเหนือ,281.25,south-facilities:9010/5,โรงพยาบาล โรงพยาบาลปาดังเบซาร์,โรงพยาบาล,9.16,10.162,1.109,59.60972274064979,95.25860348301602
south-facilities:9010/16,สถานีตำรวจ (ไม่ระบุชื่อ) สะเดา,26,WNW,ประจิม-พายัพ,292.5,south-facilities:9010/13,สถานีตำรวจ ด่านตรวจคนเข้าเมืองปาดังเบซาร์,สถานีตำรวจ,11.28,12.246,1.086,59.60972274064979,35.952523701866454
south-facilities:9010/16,สถานีตำรวจ (ไม่ระบุชื่อ) สะเดา,27,NWbW,พายัพค่อนประจิม,303.75,south-facilities:9010/9,สถานีตำรวจ กองร้อยตำรวจตระเวนชายแดนที่ 437,สถานีตำรวจ,0.323,0.914,2.83,59.60972274064979,234.40606007277853
south-facilities:9010/16,สถานีตำรวจ (ไม่ระบุชื่อ) สะเดา,28,NW,พายัพ (ตต.เฉียงเหนือ),315.0,,— ว่าง —,,,,,,
south-facilities:9010/16,สถานีตำรวจ (ไม่ระบุชื่อ) สะเดา,29,NWbN,พายัพค่อนเหนือ,326.25,,— ว่าง —,,,,,,
south-facilities:9010/16,สถานีตำรวจ (ไม่ระบุชื่อ) สะเดา,30,NNW,เหนือ-พายัพ,337.5,,— ว่าง —,,,,,,
south-facilities:9010/16,สถานีตำรวจ (ไม่ระบุชื่อ) สะเดา,31,NbW,เหนือค่อนประจิม,348.75,,— ว่าง —,,,,,,
south-facilities:9011,รพ.สต./สถานีอนามัย โพลีคลินิคเพชระหาดใหญ่,0,N,อุดร (เหนือ),0.0,,— ว่าง —,,,,,,
south-facilities:9011,รพ.สต./สถานีอนามัย โพลีคลินิคเพชระหาดใหญ่,1,NbE,เหนือค่อนอีสาน,11.25,,— ว่าง —,,,,,,
south-facilities:9011,รพ.สต./สถานีอนามัย โพลีคลินิคเพชระหาดใหญ่,2,NNE,เหนือ-อีสาน,22.5,south-facilities:9015/2,รพ.สต./สถานีอนามัย (ไม่ระบุชื่อ) สิงหนคร,รพ.สต./สถานีอนามัย,22.295,35.916,1.611,35.39812252279343,219.61463642796394
south-facilities:9011,รพ.สต./สถานีอนามัย โพลีคลินิคเพชระหาดใหญ่,3,NEbN,อีสานค่อนเหนือ,33.75,south-facilities:9001/6,โรงพยาบาล โรงพยาบาลสงขลา,โรงพยาบาล,17.149,20.951,1.222,35.39812252279343,312.9522554864306
south-facilities:9011,รพ.สต./สถานีอนามัย โพลีคลินิคเพชระหาดใหญ่,4,NE,อีสาน (ตอ.เฉียงเหนือ),45.0,south-facilities:9001,รพ.สต./สถานีอนามัย Sampit,รพ.สต./สถานีอนามัย,17.34,21.77,1.255,35.39812252279343,33.823638752248094
south-facilities:9011,รพ.สต./สถานีอนามัย โพลีคลินิคเพชระหาดใหญ่,5,NEbE,อีสานค่อนบูรพา,56.25,,— ว่าง —,,,,,,
south-facilities:9011,รพ.สต./สถานีอนามัย โพลีคลินิคเพชระหาดใหญ่,6,ENE,บูรพา-อีสาน,67.5,south-facilities:9011/7,หน่วยทหาร ค่ายเสนาณรงค์,หน่วยทหาร,3.125,3.382,1.082,35.39812252279343,47.68297195517997
south-facilities:9011,รพ.สต./สถานีอนามัย โพลีคลินิคเพชระหาดใหญ่,7,EbN,บูรพาค่อนเหนือ,78.75,south-facilities:9011/9,โรงพยาบาล โรงพยาบาลค่ายเสนาณรงค์,โรงพยาบาล,2.787,3.116,1.118,35.39812252279343,106.89281366922243
south-facilities:9011,รพ.สต./สถานีอนามัย โพลีคลินิคเพชระหาดใหญ่,8,E,บูรพา (ตะวันออก),90.0,south-facilities:9011/33,โรงพยาบาล โรงพยาบาลกรุงเทพ-หาดใหญ่,โรงพยาบาล,1.323,1.808,1.367,35.39812252279343,40.19709403236935
south-facilities:9011,รพ.สต./สถานีอนามัย โพลีคลินิคเพชระหาดใหญ่,9,EbS,บูรพาค่อนใต้,101.25,south-facilities:9011/3,สถานีดับเพลิง (ไม่ระบุชื่อ) หาดใหญ่,สถานีดับเพลิง,2.912,3.377,1.16,35.39812252279343,648.2703498621736
south-facilities:9011,รพ.สต./สถานีอนามัย โพลีคลินิคเพชระหาดใหญ่,10,ESE,บูรพา-อาคเนย์,112.5,south-facilities:9011/10,สถานีดับเพลิง (ไม่ระบุชื่อ) หาดใหญ่,สถานีดับเพลิง,0.634,1.139,1.797,35.39812252279343,33.12103267884463
south-facilities:9011,รพ.สต./สถานีอนามัย โพลีคลินิคเพชระหาดใหญ่,11,SEbE,อาคเนย์ค่อนบูรพา,123.75,south-facilities:9011/4,รพ.สต./สถานีอนามัย The V-Sage clinic Hatyai เดอะวีสาจคลินิกหาดใหญ่,รพ.สต./สถานีอนามัย,2.233,3.142,1.407,35.39812252279343,19.074237954171714
south-facilities:9011,รพ.สต./สถานีอนามัย โพลีคลินิคเพชระหาดใหญ่,12,SE,อาคเนย์ (ตอ.เฉียงใต้),135.0,,— ว่าง —,,,,,,
south-facilities:9011,รพ.สต./สถานีอนามัย โพลีคลินิคเพชระหาดใหญ่,13,SEbS,อาคเนย์ค่อนใต้,146.25,,— ว่าง —,,,,,,
south-facilities:9011,รพ.สต./สถานีอนามัย โพลีคลินิคเพชระหาดใหญ่,14,SSE,ใต้-อาคเนย์,157.5,south-facilities:9011/28,โรงพยาบาล โรงพยาบาลราษฎร์ยินดี,โรงพยาบาล,1.79,3.221,1.799,35.39812252279343,61.821339235119034
south-facilities:9011,รพ.สต./สถานีอนามัย โพลีคลินิคเพชระหาดใหญ่,15,SbE,ใต้ค่อนบูรพา,168.75,,— ว่าง —,,,,,,
south-facilities:9011,รพ.สต./สถานีอนามัย โพลีคลินิคเพชระหาดใหญ่,16,S,ทักษิณ (ใต้),180.0,south-facilities:9011/5,โรงพยาบาล สกรีนเมดคลินิก สาขาบ้านพรุ,โรงพยาบาล,7.732,9.556,1.236,35.39812252279343,29.68656475967559
south-facilities:9011,รพ.สต./สถานีอนามัย โพลีคลินิคเพชระหาดใหญ่,17,SbW,ใต้ค่อนประจิม,191.25,south-facilities:9011/22,รพ.สต./สถานีอนามัย ชัชปวิตร,รพ.สต./สถานีอนามัย,1.659,2.232,1.346,35.39812252279343,32.78644715430826
south-facilities:9011,รพ.สต./สถานีอนามัย โพลีคลินิคเพชระหาดใหญ่,18,SSW,ใต้-หรดี,202.5,,— ว่าง —,,,,,,
south-facilities:9011,รพ.สต./สถานีอนามัย โพลีคลินิคเพชระหาดใหญ่,19,SWbS,หรดีค่อนใต้,213.75,south-facilities:9011/15,รพ.สต./สถานีอนามัย สมาคมวางแผนครอบครัวแห่งประเทศไทย สวท,รพ.สต./สถานีอนามัย,1.925,2.746,1.426,35.39812252279343,104.03189787623155
south-facilities:9011,รพ.สต./สถานีอนามัย โพลีคลินิคเพชระหาดใหญ่,20,SW,หรดี (ตต.เฉียงใต้),225.0,south-facilities:9011/2,สถานีตำรวจ (ไม่ระบุชื่อ) หาดใหญ่,สถานีตำรวจ,1.489,1.841,1.236,35.39812252279343,54.994619553540105
south-facilities:9011,รพ.สต./สถานีอนามัย โพลีคลินิคเพชระหาดใหญ่,21,SWbW,หรดีค่อนประจิม,236.25,south-facilities:9011/19,รพ.สต./สถานีอนามัย ศูนย์บริการสาธารณสุขตลาดพ่อพรหม,รพ.สต./สถานีอนามัย,2.86,3.235,1.131,35.39812252279343,174.20009021554694
south-facilities:9011,รพ.สต./สถานีอนามัย โพลีคลินิคเพชระหาดใหญ่,22,WSW,ประจิม-หรดี,247.5,,— ว่าง —,,,,,,
south-facilities:9011,รพ.สต./สถานีอนามัย โพลีคลินิคเพชระหาดใหญ่,23,WbS,ประจิมค่อนใต้,258.75,south-facilities:9011/6,จุดบรรเทาทุกข์ (ไม่ระบุชื่อ) หาดใหญ่,จุดบรรเทาทุกข์,12.482,13.721,1.099,35.39812252279343,1543.4484554191997
south-facilities:9011,รพ.สต./สถานีอนามัย โพลีคลินิคเพชระหาดใหญ่,24,W,ประจิม (ตะวันตก),270.0,south-facilities:9011/27,สถานีตำรวจ (ไม่ระบุชื่อ) หาดใหญ่,สถานีตำรวจ,18.421,21.058,1.143,35.39812252279343,340.30750717626415
south-facilities:9011,รพ.สต./สถานีอนามัย โพลีคลินิคเพชระหาดใหญ่,25,WbN,ประจิมค่อนเหนือ,281.25,south-facilities:9011/30,โรงพยาบาล โรงพยาบาลหาดใหญ่,โรงพยาบาล,0.622,0.772,1.241,35.39812252279343,72.95603788261168
south-facilities:9011,รพ.สต./สถานีอนามัย โพลีคลินิคเพชระหาดใหญ่,26,WNW,ประจิม-พายัพ,292.5,,— ว่าง —,,,,,,
south-facilities:9011,รพ.สต./สถานีอนามัย โพลีคลินิคเพชระหาดใหญ่,27,NWbW,พายัพค่อนประจิม,303.75,,— ว่าง —,,,,,,
south-facilities:9011,รพ.สต./สถานีอนามัย โพลีคลินิคเพชระหาดใหญ่,28,NW,พายัพ (ตต.เฉียงเหนือ),315.0,south-facilities:9014/2,โรงพยาบาล (ไม่ระบุชื่อ) บางกล่ำ,โรงพยาบาล,11.215,23.689,2.112,35.39812252279343,699.7846369631073
south-facilities:9011,รพ.สต./สถานีอนามัย โพลีคลินิคเพชระหาดใหญ่,29,NWbN,พายัพค่อนเหนือ,326.25,south-facilities:9011/26,โรงพยาบาล โรงพยาบาลศิครินทร์หาดใหญ่,โรงพยาบาล,0.911,1.096,1.203,35.39812252279343,71.3143489287222
south-facilities:9011,รพ.สต./สถานีอนามัย โพลีคลินิคเพชระหาดใหญ่,30,NNW,เหนือ-พายัพ,337.5,,— ว่าง —,,,,,,
south-facilities:9011,รพ.สต./สถานีอนามัย โพลีคลินิคเพชระหาดใหญ่,31,NbW,เหนือค่อนประจิม,348.75,,— ว่าง —,,,,,,
south-facilities:9011/2,สถานีตำรวจ (ไม่ระบุชื่อ) หาดใหญ่,0,N,อุดร (เหนือ),0.0,,— ว่าง —,,,,,,
south-facilities:9011/2,สถานีตำรวจ (ไม่ระบุชื่อ) หาดใหญ่,1,NbE,เหนือค่อนอีสาน,11.25,south-facilities:9011/8,โรงพยาบาล โรงพยาบาลหาดใหญ่,โรงพยาบาล,1.193,1.858,1.557,54.994619553540105,67.15513309458458
south-facilities:9011/2,สถานีตำรวจ (ไม่ระบุชื่อ) หาดใหญ่,2,NNE,เหนือ-อีสาน,22.5,south-facilities:9011/30,โรงพยาบาล โรงพยาบาลหาดใหญ่,โรงพยาบาล,1.26,1.953,1.55,54.994619553540105,72.95603788261168
south-facilities:9011/2,สถานีตำรวจ (ไม่ระบุชื่อ) หาดใหญ่,3,NEbN,อีสานค่อนเหนือ,33.75,south-facilities:9001/6,โรงพยาบาล โรงพยาบาลสงขลา,โรงพยาบาล,18.619,22.818,1.226,54.994619553540105,312.9522554864306
south-facilities:9011/2,สถานีตำรวจ (ไม่ระบุชื่อ) หาดใหญ่,4,NE,อีสาน (ตอ.เฉียงเหนือ),45.0,south-facilities:9011,รพ.สต./สถานีอนามัย โพลีคลินิคเพชระหาดใหญ่,รพ.สต./สถานีอนามัย,1.489,1.867,1.253,54.994619553540105,35.39812252279343
south-facilities:9011/2,สถานีตำรวจ (ไม่ระบุชื่อ) หาดใหญ่,5,NEbE,อีสานค่อนบูรพา,56.25,,— ว่าง —,,,,,,
south-facilities:9011/2,สถานีตำรวจ (ไม่ระบุชื่อ) หาดใหญ่,6,ENE,บูรพา-อีสาน,67.5,south-facilities:9011/10,สถานีดับเพลิง (ไม่ระบุชื่อ) หาดใหญ่,สถานีดับเพลิง,1.819,2.875,1.581,54.994619553540105,33.12103267884463
south-facilities:9011/2,สถานีตำรวจ (ไม่ระบุชื่อ) หาดใหญ่,7,EbN,บูรพาค่อนเหนือ,78.75,south-facilities:9011/3,สถานีดับเพลิง (ไม่ระบุชื่อ) หาดใหญ่,สถานีดับเพลิง,3.936,3.824,0.971,54.994619553540105,648.2703498621736
south-facilities:9011/2,สถานีตำรวจ (ไม่ระบุชื่อ) หาดใหญ่,8,E,บูรพา (ตะวันออก),90.0,south-facilities:9011/4,รพ.สต./สถานีอนามัย The V-Sage clinic Hatyai เดอะวีสาจคลินิกหาดใหญ่,รพ.สต./สถานีอนามัย,2.944,3.512,1.193,54.994619553540105,19.074237954171714
south-facilities:9011/2,สถานีตำรวจ (ไม่ระบุชื่อ) หาดใหญ่,9,EbS,บูรพาค่อนใต้,101.25,south-facilities:9012,โรงพยาบาล โรงพยาบาลนาหม่อม,โรงพยาบาล,13.566,19.472,1.435,54.994619553540105,166.50934497782745
south-facilities:9011/2,สถานีตำรวจ (ไม่ระบุชื่อ) หาดใหญ่,10,ESE,บูรพา-อาคเนย์,112.5,south-facilities:9011/28,โรงพยาบาล โรงพยาบาลราษฎร์ยินดี,โรงพยาบาล,1.834,3.001,1.637,54.994619553540105,61.821339235119034
south-facilities:9011/2,สถานีตำรวจ (ไม่ระบุชื่อ) หาดใหญ่,11,SEbE,อาคเนย์ค่อนบูรพา,123.75,south-facilities:9012/2,สถานีตำรวจ (ไม่ระบุชื่อ) นาหม่อม,สถานีตำรวจ,11.068,14.1,1.274,54.994619553540105,27.68356801387466
south-facilities:9011/2,สถานีตำรวจ (ไม่ระบุชื่อ) หาดใหญ่,12,SE,อาคเนย์ (ตอ.เฉียงใต้),135.0,south-facilities:9011/22,รพ.สต./สถานีอนามัย ชัชปวิตร,รพ.สต./สถานีอนามัย,0.859,1.739,2.024,54.994619553540105,32.78644715430826
south-facilities:9011/2,สถานีตำรวจ (ไม่ระบุชื่อ) หาดใหญ่,13,SEbS,อาคเนย์ค่อนใต้,146.25,,— ว่าง —,,,,,,
south-facilities:9011/2,สถานีตำรวจ (ไม่ระบุชื่อ) หาดใหญ่,14,SSE,ใต้-อาคเนย์,157.5,,— ว่าง —,,,,,,
south-facilities:9011/2,สถานีตำรวจ (ไม่ระบุชื่อ) หาดใหญ่,15,SbE,ใต้ค่อนบูรพา,168.75,south-facilities:9011/5,โรงพยาบาล สกรีนเมดคลินิก สาขาบ้านพรุ,โรงพยาบาล,6.73,8.188,1.217,54.994619553540105,29.68656475967559
south-facilities:9011/2,สถานีตำรวจ (ไม่ระบุชื่อ) หาดใหญ่,16,S,ทักษิณ (ใต้),180.0,south-facilities:9011/12,ด่านตรวจ (ไม่ระบุชื่อ) หาดใหญ่,ด่านตรวจ,2.983,7.261,2.434,54.994619553540105,42.819859452539404
south-facilities:9011/2,สถานีตำรวจ (ไม่ระบุชื่อ) หาดใหญ่,17,SbW,ใต้ค่อนประจิม,191.25,south-facilities:9011/15,รพ.สต./สถานีอนามัย สมาคมวางแผนครอบครัวแห่งประเทศไทย สวท,รพ.สต./สถานีอนามัย,0.519,0.906,1.744,54.994619553540105,104.03189787623155
south-facilities:9011/2,สถานีตำรวจ (ไม่ระบุชื่อ) หาดใหญ่,18,SSW,ใต้-หรดี,202.5,south-facilities:9011/21,รพ.สต./สถานีอนามัย สมาคมวางแผนครอบครัว สวท,รพ.สต./สถานีอนามัย,0.624,0.993,1.592,54.994619553540105,57.46313055844702
south-facilities:9011/2,สถานีตำรวจ (ไม่ระบุชื่อ) หาดใหญ่,19,SWbS,หรดีค่อนใต้,213.75,south-facilities:9016/3,โรงพยาบาล โรงพยาบาลกองบิน 56,โรงพยาบาล,10.509,13.547,1.289,54.994619553540105,701.182485491723
south-facilities:9011/2,สถานีตำรวจ (ไม่ระบุชื่อ) หาดใหญ่,20,SW,หรดี (ตต.เฉียงใต้),225.0,south-facilities:9011/16,รพ.สต./สถานีอนามัย ศูนย์บริการสาธารณสุขโรงเรียนเทศบาล 2,รพ.สต./สถานีอนามัย,0.77,0.982,1.275,54.994619553540105,37.47768614583841
south-facilities:9011/2,สถานีตำรวจ (ไม่ระบุชื่อ) หาดใหญ่,21,SWbW,หรดีค่อนประจิม,236.25,south-facilities:9011/19,รพ.สต./สถานีอนามัย ศูนย์บริการสาธารณสุขตลาดพ่อพรหม,รพ.สต./สถานีอนามัย,1.386,1.394,1.006,54.994619553540105,174.20009021554694
south-facilities:9011/2,สถานีตำรวจ (ไม่ระบุชื่อ) หาดใหญ่,22,WSW,ประจิม-หรดี,247.5,south-facilities:9011/11,สถานีตำรวจ (ไม่ระบุชื่อ) หาดใหญ่,สถานีตำรวจ,1.885,4.243,2.25,54.994619553540105,10.724869544255613
south-facilities:9011/2,สถานีตำรวจ (ไม่ระบุชื่อ) หาดใหญ่,23,WbS,ประจิมค่อนใต้,258.75,south-facilities:9011/20,สถานีตำรวจ POLICE,สถานีตำรวจ,0.022,,,54.994619553540105,50.25064802016581
south-facilities:9011/2,สถานีตำรวจ (ไม่ระบุชื่อ) หาดใหญ่,24,W,ประจิม (ตะวันตก),270.0,south-facilities:9011/27,สถานีตำรวจ (ไม่ระบุชื่อ) หาดใหญ่,สถานีตำรวจ,17.314,19.218,1.11,54.994619553540105,340.30750717626415
south-facilities:9011/2,สถานีตำรวจ (ไม่ระบุชื่อ) หาดใหญ่,25,WbN,ประจิมค่อนเหนือ,281.25,,— ว่าง —,,,,,,
south-facilities:9011/2,สถานีตำรวจ (ไม่ระบุชื่อ) หาดใหญ่,26,WNW,ประจิม-พายัพ,292.5,,— ว่าง —,,,,,,
south-facilities:9011/2,สถานีตำรวจ (ไม่ระบุชื่อ) หาดใหญ่,27,NWbW,พายัพค่อนประจิม,303.75,,— ว่าง —,,,,,,
south-facilities:9011/2,สถานีตำรวจ (ไม่ระบุชื่อ) หาดใหญ่,28,NW,พายัพ (ตต.เฉียงเหนือ),315.0,,— ว่าง —,,,,,,
south-facilities:9011/2,สถานีตำรวจ (ไม่ระบุชื่อ) หาดใหญ่,29,NWbN,พายัพค่อนเหนือ,326.25,south-facilities:9014/2,โรงพยาบาล (ไม่ระบุชื่อ) บางกล่ำ,โรงพยาบาล,11.434,22.12,1.935,54.994619553540105,699.7846369631073
south-facilities:9011/2,สถานีตำรวจ (ไม่ระบุชื่อ) หาดใหญ่,30,NNW,เหนือ-พายัพ,337.5,,— ว่าง —,,,,,,
south-facilities:9011/2,สถานีตำรวจ (ไม่ระบุชื่อ) หาดใหญ่,31,NbW,เหนือค่อนประจิม,348.75,,— ว่าง —,,,,,,
south-facilities:9011/3,สถานีดับเพลิง (ไม่ระบุชื่อ) หาดใหญ่,0,N,อุดร (เหนือ),0.0,south-facilities:9011/9,โรงพยาบาล โรงพยาบาลค่ายเสนาณรงค์,โรงพยาบาล,1.103,1.458,1.322,648.2703498621736,106.89281366922243
south-facilities:9011/3,สถานีดับเพลิง (ไม่ระบุชื่อ) หาดใหญ่,1,NbE,เหนือค่อนอีสาน,11.25,,— ว่าง —,,,,,,
south-facilities:9011/3,สถานีดับเพลิง (ไม่ระบุชื่อ) หาดใหญ่,2,NNE,เหนือ-อีสาน,22.5,south-facilities:9001/6,โรงพยาบาล โรงพยาบาลสงขลา,โรงพยาบาล,16.196,19.293,1.191,648.2703498621736,312.9522554864306
south-facilities:9011/3,สถานีดับเพลิง (ไม่ระบุชื่อ) หาดใหญ่,3,NEbN,อีสานค่อนเหนือ,33.75,south-facilities:9001,รพ.สต./สถานีอนามัย Sampit,รพ.สต./สถานีอนามัย,16.172,20.112,1.244,648.2703498621736,33.823638752248094
south-facilities:9011/3,สถานีดับเพลิง (ไม่ระบุชื่อ) หาดใหญ่,4,NE,อีสาน (ตอ.เฉียงเหนือ),45.0,south-facilities:9001/7,หน่วยทหาร 5th Field Artilery Battalion,หน่วยทหาร,20.018,30.976,1.547,648.2703498621736,257.7609340848567
south-facilities:9011/3,สถานีดับเพลิง (ไม่ระบุชื่อ) หาดใหญ่,5,NEbE,อีสานค่อนบูรพา,56.25,,— ว่าง —,,,,,,
south-facilities:9011/3,สถานีดับเพลิง (ไม่ระบุชื่อ) หาดใหญ่,6,ENE,บูรพา-อีสาน,67.5,,— ว่าง —,,,,,,
south-facilities:9011/3,สถานีดับเพลิง (ไม่ระบุชื่อ) หาดใหญ่,7,EbN,บูรพาค่อนเหนือ,78.75,,— ว่าง —,,,,,,
south-facilities:9011/3,สถานีดับเพลิง (ไม่ระบุชื่อ) หาดใหญ่,8,E,บูรพา (ตะวันออก),90.0,,— ว่าง —,,,,,,
south-facilities:9011/3,สถานีดับเพลิง (ไม่ระบุชื่อ) หาดใหญ่,9,EbS,บูรพาค่อนใต้,101.25,south-facilities:9003/2,ด่านตรวจ (ไม่ระบุชื่อ) จะนะ,ด่านตรวจ,20.487,33.35,1.628,648.2703498621736,0.03492864193374608
south-facilities:9011/3,สถานีดับเพลิง (ไม่ระบุชื่อ) หาดใหญ่,10,ESE,บูรพา-อาคเนย์,112.5,south-facilities:9012,โรงพยาบาล โรงพยาบาลนาหม่อม,โรงพยาบาล,9.863,18.136,1.839,648.2703498621736,166.50934497782745
south-facilities:9011/3,สถานีดับเพลิง (ไม่ระบุชื่อ) หาดใหญ่,11,SEbE,อาคเนย์ค่อนบูรพา,123.75,,— ว่าง —,,,,,,
south-facilities:9011/3,สถานีดับเพลิง (ไม่ระบุชื่อ) หาดใหญ่,12,SE,อาคเนย์ (ตอ.เฉียงใต้),135.0,south-facilities:9012/2,สถานีตำรวจ (ไม่ระบุชื่อ) นาหม่อม,สถานีตำรวจ,8.236,12.765,1.55,648.2703498621736,27.68356801387466
south-facilities:9011/3,สถานีดับเพลิง (ไม่ระบุชื่อ) หาดใหญ่,13,SEbS,อาคเนย์ค่อนใต้,146.25,,— ว่าง —,,,,,,
south-facilities:9011/3,สถานีดับเพลิง (ไม่ระบุชื่อ) หาดใหญ่,14,SSE,ใต้-อาคเนย์,157.5,,— ว่าง —,,,,,,
south-facilities:9011/3,สถานีดับเพลิง (ไม่ระบุชื่อ) หาดใหญ่,15,SbE,ใต้ค่อนบูรพา,168.75,,— ว่าง —,,,,,,
south-facilities:9011/3,สถานีดับเพลิง (ไม่ระบุชื่อ) หาดใหญ่,16,S,ทักษิณ (ใต้),180.0,,— ว่าง —,,,,,,
south-facilities:9011/3,สถานีดับเพลิง (ไม่ระบุชื่อ) หาดใหญ่,17,SbW,ใต้ค่อนประจิม,191.25,south-facilities:9011/24,สถานีตำรวจ Police station bike rest spot,สถานีตำรวจ,20.947,21.39,1.021,648.2703498621736,27.542385122872986
south-facilities:9011/3,สถานีดับเพลิง (ไม่ระบุชื่อ) หาดใหญ่,18,SSW,ใต้-หรดี,202.5,south-facilities:9011/5,โรงพยาบาล สกรีนเมดคลินิก สาขาบ้านพรุ,โรงพยาบาล,7.775,7.727,0.994,648.2703498621736,29.68656475967559
south-facilities:9011/3,สถานีดับเพลิง (ไม่ระบุชื่อ) หาดใหญ่,19,SWbS,หรดีค่อนใต้,213.75,,— ว่าง —,,,,,,
south-facilities:9011/3,สถานีดับเพลิง (ไม่ระบุชื่อ) หาดใหญ่,20,SW,หรดี (ตต.เฉียงใต้),225.0,south-facilities:9011/12,ด่านตรวจ (ไม่ระบุชื่อ) หาดใหญ่,ด่านตรวจ,5.084,8.741,1.72,648.2703498621736,42.819859452539404
south-facilities:9011/3,สถานีดับเพลิง (ไม่ระบุชื่อ) หาดใหญ่,21,SWbW,หรดีค่อนประจิม,236.25,south-facilities:9011/25,โรงพยาบาล โรงพยาบาลทันตกรรม,โรงพยาบาล,0.495,0.307,0.62,648.2703498621736,280.08748391911394
south-facilities:9011/3,สถานีดับเพลิง (ไม่ระบุชื่อ) หาดใหญ่,22,WSW,ประจิม-หรดี,247.5,south-facilities:9011/28,โรงพยาบาล โรงพยาบาลราษฎร์ยินดี,โรงพยาบาล,2.429,2.963,1.22,648.2703498621736,61.821339235119034
south-facilities:9011/3,สถานีดับเพลิง (ไม่ระบุชื่อ) หาดใหญ่,23,WbS,ประจิมค่อนใต้,258.75,south-facilities:9011/2,สถานีตำรวจ (ไม่ระบุชื่อ) หาดใหญ่,สถานีตำรวจ,3.936,3.886,0.987,648.2703498621736,54.994619553540105
south-facilities:9011/3,สถานีดับเพลิง (ไม่ระบุชื่อ) หาดใหญ่,24,W,ประจิม (ตะวันตก),270.0,south-facilities:9011/27,สถานีตำรวจ (ไม่ระบุชื่อ) หาดใหญ่,สถานีตำรวจ,21.235,23.104,1.088,648.2703498621736,340.30750717626415
south-facilities:9011/3,สถานีดับเพลิง (ไม่ระบุชื่อ) หาดใหญ่,25,WbN,ประจิมค่อนเหนือ,281.25,south-facilities:9011/10,สถานีดับเพลิง (ไม่ระบุชื่อ) หาดใหญ่,สถานีดับเพลิง,2.297,3.104,1.352,648.2703498621736,33.12103267884463
south-facilities:9011/3,สถานีดับเพลิง (ไม่ระบุชื่อ) หาดใหญ่,26,WNW,ประจิม-พายัพ,292.5,south-facilities:9011/33,โรงพยาบาล โรงพยาบาลกรุงเทพ-หาดใหญ่,โรงพยาบาล,1.659,2.174,1.31,648.2703498621736,40.19709403236935
south-facilities:9011/3,สถานีดับเพลิง (ไม่ระบุชื่อ) หาดใหญ่,27,NWbW,พายัพค่อนประจิม,303.75,,— ว่าง —,,,,,,
south-facilities:9011/3,สถานีดับเพลิง (ไม่ระบุชื่อ) หาดใหญ่,28,NW,พายัพ (ตต.เฉียงเหนือ),315.0,south-facilities:9014/2,โรงพยาบาล (ไม่ระบุชื่อ) บางกล่ำ,โรงพยาบาล,13.62,26.006,1.909,648.2703498621736,699.7846369631073
south-facilities:9011/3,สถานีดับเพลิง (ไม่ระบุชื่อ) หาดใหญ่,29,NWbN,พายัพค่อนเหนือ,326.25,,— ว่าง —,,,,,,
south-facilities:9011/3,สถานีดับเพลิง (ไม่ระบุชื่อ) หาดใหญ่,30,NNW,เหนือ-พายัพ,337.5,,— ว่าง —,,,,,,
south-facilities:9011/3,สถานีดับเพลิง (ไม่ระบุชื่อ) หาดใหญ่,31,NbW,เหนือค่อนประจิม,348.75,,— ว่าง —,,,,,,
south-facilities:9011/4,รพ.สต./สถานีอนามัย The V-Sage clinic Hatyai เดอะวีสาจคลินิกหาดใหญ่,0,N,อุดร (เหนือ),0.0,,— ว่าง —,,,,,,
south-facilities:9011/4,รพ.สต./สถานีอนามัย The V-Sage clinic Hatyai เดอะวีสาจคลินิกหาดใหญ่,1,NbE,เหนือค่อนอีสาน,11.25,,— ว่าง —,,,,,,
south-facilities:9011/4,รพ.สต./สถานีอนามัย The V-Sage clinic Hatyai เดอะวีสาจคลินิกหาดใหญ่,2,NNE,เหนือ-อีสาน,22.5,south-facilities:9011/9,โรงพยาบาล โรงพยาบาลค่ายเสนาณรงค์,โรงพยาบาล,1.912,2.297,1.201,19.074237954171714,106.89281366922243
south-facilities:9011/4,รพ.สต./สถานีอนามัย The V-Sage clinic Hatyai เดอะวีสาจคลินิกหาดใหญ่,3,NEbN,อีสานค่อนเหนือ,33.75,south-facilities:9001/6,โรงพยาบาล โรงพยาบาลสงขลา,โรงพยาบาล,17.181,20.132,1.172,19.074237954171714,312.9522554864306
south-facilities:9011/4,รพ.สต./สถานีอนามัย The V-Sage clinic Hatyai เดอะวีสาจคลินิกหาดใหญ่,4,NE,อีสาน (ตอ.เฉียงเหนือ),45.0,south-facilities:9001/7,หน่วยทหาร 5th Field Artilery Battalion,หน่วยทหาร,21.125,30.362,1.437,19.074237954171714,257.7609340848567
south-facilities:9011/4,รพ.สต./สถานีอนามัย The V-Sage clinic Hatyai เดอะวีสาจคลินิกหาดใหญ่,5,NEbE,อีสานค่อนบูรพา,56.25,south-facilities:9011/32,โรงพยาบาล โรงพยาบาลสงขลานครินทร์,โรงพยาบาล,0.404,0.76,1.881,19.074237954171714,146.08742612568585
south-facilities:9011/4,รพ.สต./สถานีอนามัย The V-Sage clinic Hatyai เดอะวีสาจคลินิกหาดใหญ่,6,ENE,บูรพา-อีสาน,67.5,,— ว่าง —,,,,,,
south-facilities:9011/4,รพ.สต./สถานีอนามัย The V-Sage clinic Hatyai เดอะวีสาจคลินิกหาดใหญ่,7,EbN,บูรพาค่อนเหนือ,78.75,,— ว่าง —,,,,,,
south-facilities:9011/4,รพ.สต./สถานีอนามัย The V-Sage clinic Hatyai เดอะวีสาจคลินิกหาดใหญ่,8,E,บูรพา (ตะวันออก),90.0,,— ว่าง —,,,,,,
south-facilities:9011/4,รพ.สต./สถานีอนามัย The V-Sage clinic Hatyai เดอะวีสาจคลินิกหาดใหญ่,9,EbS,บูรพาค่อนใต้,101.25,south-facilities:9012,โรงพยาบาล โรงพยาบาลนาหม่อม,โรงพยาบาล,10.651,17.522,1.645,19.074237954171714,166.50934497782745
south-facilities:9011/4,รพ.สต./สถานีอนามัย The V-Sage clinic Hatyai เดอะวีสาจคลินิกหาดใหญ่,10,ESE,บูรพา-อาคเนย์,112.5,,— ว่าง —,,,,,,
south-facilities:9011/4,รพ.สต./สถานีอนามัย The V-Sage clinic Hatyai เดอะวีสาจคลินิกหาดใหญ่,11,SEbE,อาคเนย์ค่อนบูรพา,123.75,south-facilities:9012/2,สถานีตำรวจ (ไม่ระบุชื่อ) นาหม่อม,สถานีตำรวจ,8.541,12.151,1.423,19.074237954171714,27.68356801387466
south-facilities:9011/4,รพ.สต./สถานีอนามัย The V-Sage clinic Hatyai เดอะวีสาจคลินิกหาดใหญ่,12,SE,อาคเนย์ (ตอ.เฉียงใต้),135.0,,— ว่าง —,,,,,,
south-facilities:9011/4,รพ.สต./สถานีอนามัย The V-Sage clinic Hatyai เดอะวีสาจคลินิกหาดใหญ่,13,SEbS,อาคเนย์ค่อนใต้,146.25,,— ว่าง —,,,,,,
south-facilities:9011/4,รพ.สต./สถานีอนามัย The V-Sage clinic Hatyai เดอะวีสาจคลินิกหาดใหญ่,14,SSE,ใต้-อาคเนย์,157.5,,— ว่าง —,,,,,,
south-facilities:9011/4,รพ.สต./สถานีอนามัย The V-Sage clinic Hatyai เดอะวีสาจคลินิกหาดใหญ่,15,SbE,ใต้ค่อนบูรพา,168.75,,— ว่าง —,,,,,,
south-facilities:9011/4,รพ.สต./สถานีอนามัย The V-Sage clinic Hatyai เดอะวีสาจคลินิกหาดใหญ่,16,S,ทักษิณ (ใต้),180.0,,— ว่าง —,,,,,,
south-facilities:9011/4,รพ.สต./สถานีอนามัย The V-Sage clinic Hatyai เดอะวีสาจคลินิกหาดใหญ่,17,SbW,ใต้ค่อนประจิม,191.25,south-facilities:9011/24,สถานีตำรวจ Police station bike rest spot,สถานีตำรวจ,20.168,20.776,1.03,19.074237954171714,27.542385122872986
south-facilities:9011/4,รพ.สต./สถานีอนามัย The V-Sage clinic Hatyai เดอะวีสาจคลินิกหาดใหญ่,18,SSW,ใต้-หรดี,202.5,south-facilities:9011/5,โรงพยาบาล สกรีนเมดคลินิก สาขาบ้านพรุ,โรงพยาบาล,6.86,7.113,1.037,19.074237954171714,29.68656475967559
south-facilities:9011/4,รพ.สต./สถานีอนามัย The V-Sage clinic Hatyai เดอะวีสาจคลินิกหาดใหญ่,19,SWbS,หรดีค่อนใต้,213.75,south-facilities:9016/4,หน่วยทหาร ค่ายรัตนพล,หน่วยทหาร,19.681,24.261,1.233,19.074237954171714,533.0847319357273
south-facilities:9011/4,รพ.สต./สถานีอนามัย The V-Sage clinic Hatyai เดอะวีสาจคลินิกหาดใหญ่,20,SW,หรดี (ตต.เฉียงใต้),225.0,south-facilities:9011/12,ด่านตรวจ (ไม่ระบุชื่อ) หาดใหญ่,ด่านตรวจ,3.961,8.127,2.052,19.074237954171714,42.819859452539404
south-facilities:9011/4,รพ.สต./สถานีอนามัย The V-Sage clinic Hatyai เดอะวีสาจคลินิกหาดใหญ่,21,SWbW,หรดีค่อนประจิม,236.25,south-facilities:9011/31,รพ.สต./สถานีอนามัย (ไม่ระบุชื่อ) หาดใหญ่,รพ.สต./สถานีอนามัย,4.997,7.125,1.426,19.074237954171714,14.447365474444437
south-facilities:9011/4,รพ.สต./สถานีอนามัย The V-Sage clinic Hatyai เดอะวีสาจคลินิกหาดใหญ่,22,WSW,ประจิม-หรดี,247.5,south-facilities:9011/28,โรงพยาบาล โรงพยาบาลราษฎร์ยินดี,โรงพยาบาล,1.295,2.349,1.815,19.074237954171714,61.821339235119034
south-facilities:9011/4,รพ.สต./สถานีอนามัย The V-Sage clinic Hatyai เดอะวีสาจคลินิกหาดใหญ่,23,WbS,ประจิมค่อนใต้,258.75,south-facilities:9011/29,สถานีตำรวจ (ไม่ระบุชื่อ) หาดใหญ่,สถานีตำรวจ,2.258,3.088,1.368,19.074237954171714,27.54552175293736
south-facilities:9011/4,รพ.สต./สถานีอนามัย The V-Sage clinic Hatyai เดอะวีสาจคลินิกหาดใหญ่,24,W,ประจิม (ตะวันตก),270.0,south-facilities:9011/2,สถานีตำรวจ (ไม่ระบุชื่อ) หาดใหญ่,สถานีตำรวจ,2.944,3.697,1.256,19.074237954171714,54.994619553540105
south-facilities:9011/4,รพ.สต./สถานีอนามัย The V-Sage clinic Hatyai เดอะวีสาจคลินิกหาดใหญ่,25,WbN,ประจิมค่อนเหนือ,281.25,,— ว่าง —,,,,,,
south-facilities:9011/4,รพ.สต./สถานีอนามัย The V-Sage clinic Hatyai เดอะวีสาจคลินิกหาดใหญ่,26,WNW,ประจิม-พายัพ,292.5,south-facilities:9011/8,โรงพยาบาล โรงพยาบาลหาดใหญ่,โรงพยาบาล,2.954,4.111,1.392,19.074237954171714,67.15513309458458
south-facilities:9011/4,รพ.สต./สถานีอนามัย The V-Sage clinic Hatyai เดอะวีสาจคลินิกหาดใหญ่,27,NWbW,พายัพค่อนประจิม,303.75,south-facilities:9011/10,สถานีดับเพลิง (ไม่ระบุชื่อ) หาดใหญ่,สถานีดับเพลิง,1.61,3.116,1.936,19.074237954171714,33.12103267884463
south-facilities:9011/4,รพ.สต./สถานีอนามัย The V-Sage clinic Hatyai เดอะวีสาจคลินิกหาดใหญ่,28,NW,พายัพ (ตต.เฉียงเหนือ),315.0,south-facilities:9014/2,โรงพยาบาล (ไม่ระบุชื่อ) บางกล่ำ,โรงพยาบาล,13.362,25.817,1.932,19.074237954171714,699.7846369631073
south-facilities:9011/4,รพ.สต./สถานีอนามัย The V-Sage clinic Hatyai เดอะวีสาจคลินิกหาดใหญ่,29,NWbN,พายัพค่อนเหนือ,326.25,,— ว่าง —,,,,,,
south-facilities:9011/4,รพ.สต./สถานีอนามัย The V-Sage clinic Hatyai เดอะวีสาจคลินิกหาดใหญ่,30,NNW,เหนือ-พายัพ,337.5,south-facilities:9011/33,โรงพยาบาล โรงพยาบาลกรุงเทพ-หาดใหญ่,โรงพยาบาล,1.372,2.186,1.593,19.074237954171714,40.19709403236935
south-facilities:9011/4,รพ.สต./สถานีอนามัย The V-Sage clinic Hatyai เดอะวีสาจคลินิกหาดใหญ่,31,NbW,เหนือค่อนประจิม,348.75,,— ว่าง —,,,,,,
south-facilities:9011/5,โรงพยาบาล สกรีนเมดคลินิก สาขาบ้านพรุ,0,N,อุดร (เหนือ),0.0,south-facilities:9011/14,สถานีดับเพลิง สถานีดับเพลิง ศรีภูวนารถ,สถานีดับเพลิง,5.738,8.802,1.534,29.68656475967559,21.10762502846869
south-facilities:9011/5,โรงพยาบาล สกรีนเมดคลินิก สาขาบ้านพรุ,1,NbE,เหนือค่อนอีสาน,11.25,south-facilities:9011/28,โรงพยาบาล โรงพยาบาลราษฎร์ยินดี,โรงพยาบาล,6.136,9.173,1.495,29.68656475967559,61.821339235119034
south-facilities:9011/5,โรงพยาบาล สกรีนเมดคลินิก สาขาบ้านพรุ,2,NNE,เหนือ-อีสาน,22.5,south-facilities:9011/4,รพ.สต./สถานีอนามัย The V-Sage clinic Hatyai เดอะวีสาจคลินิกหาดใหญ่,รพ.สต./สถานีอนามัย,6.86,9.284,1.353,29.68656475967559,19.074237954171714
south-facilities:9011/5,โรงพยาบาล สกรีนเมดคลินิก สาขาบ้านพรุ,3,NEbN,อีสานค่อนเหนือ,33.75,south-facilities:9001,รพ.สต./สถานีอนามัย Sampit,รพ.สต./สถานีอนามัย,23.904,29.392,1.23,29.68656475967559,33.823638752248094
south-facilities:9011/5,โรงพยาบาล สกรีนเมดคลินิก สาขาบ้านพรุ,4,NE,อีสาน (ตอ.เฉียงเหนือ),45.0,,— ว่าง —,,,,,,
south-facilities:9011/5,โรงพยาบาล สกรีนเมดคลินิก สาขาบ้านพรุ,5,NEbE,อีสานค่อนบูรพา,56.25,,— ว่าง —,,,,,,
south-facilities:9011/5,โรงพยาบาล สกรีนเมดคลินิก สาขาบ้านพรุ,6,ENE,บูรพา-อีสาน,67.5,south-facilities:9012,โรงพยาบาล โรงพยาบาลนาหม่อม,โรงพยาบาล,13.245,18.577,1.403,29.68656475967559,166.50934497782745
south-facilities:9011/5,โรงพยาบาล สกรีนเมดคลินิก สาขาบ้านพรุ,7,EbN,บูรพาค่อนเหนือ,78.75,south-facilities:9012/2,สถานีตำรวจ (ไม่ระบุชื่อ) นาหม่อม,สถานีตำรวจ,8.871,13.206,1.489,29.68656475967559,27.68356801387466
south-facilities:9011/5,โรงพยาบาล สกรีนเมดคลินิก สาขาบ้านพรุ,8,E,บูรพา (ตะวันออก),90.0,south-facilities:9003/3,สถานีตำรวจ (ไม่ระบุชื่อ) จะนะ,สถานีตำรวจ,23.975,38.51,1.606,29.68656475967559,11.798903484653987
south-facilities:9011/5,โรงพยาบาล สกรีนเมดคลินิก สาขาบ้านพรุ,9,EbS,บูรพาค่อนใต้,101.25,,— ว่าง —,,,,,,
south-facilities:9011/5,โรงพยาบาล สกรีนเมดคลินิก สาขาบ้านพรุ,10,ESE,บูรพา-อาคเนย์,112.5,,— ว่าง —,,,,,,
south-facilities:9011/5,โรงพยาบาล สกรีนเมดคลินิก สาขาบ้านพรุ,11,SEbE,อาคเนย์ค่อนบูรพา,123.75,,— ว่าง —,,,,,,
south-facilities:9011/5,โรงพยาบาล สกรีนเมดคลินิก สาขาบ้านพรุ,12,SE,อาคเนย์ (ตอ.เฉียงใต้),135.0,,— ว่าง —,,,,,,
south-facilities:9011/5,โรงพยาบาล สกรีนเมดคลินิก สาขาบ้านพรุ,13,SEbS,อาคเนย์ค่อนใต้,146.25,,— ว่าง —,,,,,,
south-facilities:9011/5,โรงพยาบาล สกรีนเมดคลินิก สาขาบ้านพรุ,14,SSE,ใต้-อาคเนย์,157.5,,— ว่าง —,,,,,,
south-facilities:9011/5,โรงพยาบาล สกรีนเมดคลินิก สาขาบ้านพรุ,15,SbE,ใต้ค่อนบูรพา,168.75,,— ว่าง —,,,,,,
south-facilities:9011/5,โรงพยาบาล สกรีนเมดคลินิก สาขาบ้านพรุ,16,S,ทักษิณ (ใต้),180.0,south-facilities:9011/24,สถานีตำรวจ Police station bike rest spot,สถานีตำรวจ,13.423,13.663,1.018,29.68656475967559,27.542385122872986
south-facilities:9011/5,โรงพยาบาล สกรีนเมดคลินิก สาขาบ้านพรุ,17,SbW,ใต้ค่อนประจิม,191.25,south-facilities:9010/4,สถานีตำรวจ (ไม่ระบุชื่อ) สะเดา,สถานีตำรวจ,17.825,18.185,1.02,29.68656475967559,42.88331437548496
south-facilities:9011/5,โรงพยาบาล สกรีนเมดคลินิก สาขาบ้านพรุ,18,SSW,ใต้-หรดี,202.5,,— ว่าง —,,,,,,
south-facilities:9011/5,โรงพยาบาล สกรีนเมดคลินิก สาขาบ้านพรุ,19,SWbS,หรดีค่อนใต้,213.75,,— ว่าง —,,,,,,
south-facilities:9011/5,โรงพยาบาล สกรีนเมดคลินิก สาขาบ้านพรุ,20,SW,หรดี (ตต.เฉียงใต้),225.0,south-facilities:9016/4,หน่วยทหาร ค่ายรัตนพล,หน่วยทหาร,13.499,17.148,1.27,29.68656475967559,533.0847319357273
south-facilities:9011/5,โรงพยาบาล สกรีนเมดคลินิก สาขาบ้านพรุ,21,SWbW,หรดีค่อนประจิม,236.25,south-facilities:9016,โรงพยาบาล โรงพยาบาลคลองหอยโข่ง,โรงพยาบาล,9.477,11.316,1.194,29.68656475967559,84.70693826449626
south-facilities:9011/5,โรงพยาบาล สกรีนเมดคลินิก สาขาบ้านพรุ,22,WSW,ประจิม-หรดี,247.5,,— ว่าง —,,,,,,
south-facilities:9011/5,โรงพยาบาล สกรีนเมดคลินิก สาขาบ้านพรุ,23,WbS,ประจิมค่อนใต้,258.75,south-facilities:9016/3,โรงพยาบาล โรงพยาบาลกองบิน 56,โรงพยาบาล,7.15,8.039,1.124,29.68656475967559,701.182485491723
south-facilities:9011/5,โรงพยาบาล สกรีนเมดคลินิก สาขาบ้านพรุ,24,W,ประจิม (ตะวันตก),270.0,,— ว่าง —,,,,,,
south-facilities:9011/5,โรงพยาบาล สกรีนเมดคลินิก สาขาบ้านพรุ,25,WbN,ประจิมค่อนเหนือ,281.25,,— ว่าง —,,,,,,
south-facilities:9011/5,โรงพยาบาล สกรีนเมดคลินิก สาขาบ้านพรุ,26,WNW,ประจิม-พายัพ,292.5,south-facilities:9011/6,จุดบรรเทาทุกข์ (ไม่ระบุชื่อ) หาดใหญ่,จุดบรรเทาทุกข์,13.255,17.675,1.334,29.68656475967559,1543.4484554191997
south-facilities:9011/5,โรงพยาบาล สกรีนเมดคลินิก สาขาบ้านพรุ,27,NWbW,พายัพค่อนประจิม,303.75,,— ว่าง —,,,,,,
south-facilities:9011/5,โรงพยาบาล สกรีนเมดคลินิก สาขาบ้านพรุ,28,NW,พายัพ (ตต.เฉียงเหนือ),315.0,,— ว่าง —,,,,,,
south-facilities:9011/5,โรงพยาบาล สกรีนเมดคลินิก สาขาบ้านพรุ,29,NWbN,พายัพค่อนเหนือ,326.25,south-facilities:9011/31,รพ.สต./สถานีอนามัย (ไม่ระบุชื่อ) หาดใหญ่,รพ.สต./สถานีอนามัย,4.534,7.286,1.607,29.68656475967559,14.447365474444437
south-facilities:9011/5,โรงพยาบาล สกรีนเมดคลินิก สาขาบ้านพรุ,30,NNW,เหนือ-พายัพ,337.5,south-facilities:9011/19,รพ.สต./สถานีอนามัย ศูนย์บริการสาธารณสุขตลาดพ่อพรหม,รพ.สต./สถานีอนามัย,6.251,8.906,1.425,29.68656475967559,174.20009021554694
south-facilities:9011/5,โรงพยาบาล สกรีนเมดคลินิก สาขาบ้านพรุ,31,NbW,เหนือค่อนประจิม,348.75,south-facilities:9011/12,ด่านตรวจ (ไม่ระบุชื่อ) หาดใหญ่,ด่านตรวจ,3.76,8.288,2.204,29.68656475967559,42.819859452539404
south-facilities:9011/6,จุดบรรเทาทุกข์ (ไม่ระบุชื่อ) หาดใหญ่,0,N,อุดร (เหนือ),0.0,south-facilities:9013,โรงพยาบาล โรงพยาบาลควนเนียง,โรงพยาบาล,22.226,36.383,1.637,1543.4484554191997,89.11545967648793
south-facilities:9011/6,จุดบรรเทาทุกข์ (ไม่ระบุชื่อ) หาดใหญ่,1,NbE,เหนือค่อนอีสาน,11.25,,— ว่าง —,,,,,,
south-facilities:9011/6,จุดบรรเทาทุกข์ (ไม่ระบุชื่อ) หาดใหญ่,2,NNE,เหนือ-อีสาน,22.5,south-facilities:9014/2,โรงพยาบาล (ไม่ระบุชื่อ) บางกล่ำ,โรงพยาบาล,11.935,22.499,1.885,1543.4484554191997,699.7846369631073
south-facilities:9011/6,จุดบรรเทาทุกข์ (ไม่ระบุชื่อ) หาดใหญ่,3,NEbN,อีสานค่อนเหนือ,33.75,,— ว่าง —,,,,,,
south-facilities:9011/6,จุดบรรเทาทุกข์ (ไม่ระบุชื่อ) หาดใหญ่,4,NE,อีสาน (ตอ.เฉียงเหนือ),45.0,,— ว่าง —,,,,,,
south-facilities:9011/6,จุดบรรเทาทุกข์ (ไม่ระบุชื่อ) หาดใหญ่,5,NEbE,อีสานค่อนบูรพา,56.25,,— ว่าง —,,,,,,
south-facilities:9011/6,จุดบรรเทาทุกข์ (ไม่ระบุชื่อ) หาดใหญ่,6,ENE,บูรพา-อีสาน,67.5,,— ว่าง —,,,,,,
south-facilities:9011/6,จุดบรรเทาทุกข์ (ไม่ระบุชื่อ) หาดใหญ่,7,EbN,บูรพาค่อนเหนือ,78.75,south-facilities:9011/20,สถานีตำรวจ POLICE,สถานีตำรวจ,11.265,,,1543.4484554191997,50.25064802016581
south-facilities:9011/6,จุดบรรเทาทุกข์ (ไม่ระบุชื่อ) หาดใหญ่,8,E,บูรพา (ตะวันออก),90.0,south-facilities:9011/13,สถานีตำรวจ Checkpoint,สถานีตำรวจ,8.927,10.229,1.146,1543.4484554191997,28.151848478902007
south-facilities:9011/6,จุดบรรเทาทุกข์ (ไม่ระบุชื่อ) หาดใหญ่,9,EbS,บูรพาค่อนใต้,101.25,south-facilities:9011/31,รพ.สต./สถานีอนามัย (ไม่ระบุชื่อ) หาดใหญ่,รพ.สต./สถานีอนามัย,9.991,10.33,1.034,1543.4484554191997,14.447365474444437
south-facilities:9011/6,จุดบรรเทาทุกข์ (ไม่ระบุชื่อ) หาดใหญ่,10,ESE,บูรพา-อาคเนย์,112.5,south-facilities:9011/5,โรงพยาบาล สกรีนเมดคลินิก สาขาบ้านพรุ,โรงพยาบาล,13.255,16.335,1.232,1543.4484554191997,29.68656475967559
south-facilities:9011/6,จุดบรรเทาทุกข์ (ไม่ระบุชื่อ) หาดใหญ่,11,SEbE,อาคเนย์ค่อนบูรพา,123.75,,— ว่าง —,,,,,,
south-facilities:9011/6,จุดบรรเทาทุกข์ (ไม่ระบุชื่อ) หาดใหญ่,12,SE,อาคเนย์ (ตอ.เฉียงใต้),135.0,,— ว่าง —,,,,,,
south-facilities:9011/6,จุดบรรเทาทุกข์ (ไม่ระบุชื่อ) หาดใหญ่,13,SEbS,อาคเนย์ค่อนใต้,146.25,south-facilities:9016/3,โรงพยาบาล โรงพยาบาลกองบิน 56,โรงพยาบาล,9.035,15.911,1.761,1543.4484554191997,701.182485491723
south-facilities:9011/6,จุดบรรเทาทุกข์ (ไม่ระบุชื่อ) หาดใหญ่,14,SSE,ใต้-อาคเนย์,157.5,south-facilities:9016/2,หน่วยทหาร กองบิน 56,หน่วยทหาร,8.576,17.563,2.048,1543.4484554191997,414.33047122410613
south-facilities:9011/6,จุดบรรเทาทุกข์ (ไม่ระบุชื่อ) หาดใหญ่,15,SbE,ใต้ค่อนบูรพา,168.75,south-facilities:9016/5,หน่วยทหาร กองทัพน้อยที่ 4,หน่วยทหาร,13.416,25.473,1.899,1543.4484554191997,557.0568803553997
south-facilities:9011/6,จุดบรรเทาทุกข์ (ไม่ระบุชื่อ) หาดใหญ่,16,S,ทักษิณ (ใต้),180.0,,— ว่าง —,,,,,,
south-facilities:9011/6,จุดบรรเทาทุกข์ (ไม่ระบุชื่อ) หาดใหญ่,17,SbW,ใต้ค่อนประจิม,191.25,,— ว่าง —,,,,,,
south-facilities:9011/6,จุดบรรเทาทุกข์ (ไม่ระบุชื่อ) หาดใหญ่,18,SSW,ใต้-หรดี,202.5,,— ว่าง —,,,,,,
south-facilities:9011/6,จุดบรรเทาทุกข์ (ไม่ระบุชื่อ) หาดใหญ่,19,SWbS,หรดีค่อนใต้,213.75,,— ว่าง —,,,,,,
south-facilities:9011/6,จุดบรรเทาทุกข์ (ไม่ระบุชื่อ) หาดใหญ่,20,SW,หรดี (ตต.เฉียงใต้),225.0,,— ว่าง —,,,,,,
south-facilities:9011/6,จุดบรรเทาทุกข์ (ไม่ระบุชื่อ) หาดใหญ่,21,SWbW,หรดีค่อนประจิม,236.25,,— ว่าง —,,,,,,
south-facilities:9011/6,จุดบรรเทาทุกข์ (ไม่ระบุชื่อ) หาดใหญ่,22,WSW,ประจิม-หรดี,247.5,,— ว่าง —,,,,,,
south-facilities:9011/6,จุดบรรเทาทุกข์ (ไม่ระบุชื่อ) หาดใหญ่,23,WbS,ประจิมค่อนใต้,258.75,,— ว่าง —,,,,,,
south-facilities:9011/6,จุดบรรเทาทุกข์ (ไม่ระบุชื่อ) หาดใหญ่,24,W,ประจิม (ตะวันตก),270.0,,— ว่าง —,,,,,,
south-facilities:9011/6,จุดบรรเทาทุกข์ (ไม่ระบุชื่อ) หาดใหญ่,25,WbN,ประจิมค่อนเหนือ,281.25,south-facilities:9011/27,สถานีตำรวจ (ไม่ระบุชื่อ) หาดใหญ่,สถานีตำรวจ,6.139,9.321,1.518,1543.4484554191997,340.30750717626415
south-facilities:9011/6,จุดบรรเทาทุกข์ (ไม่ระบุชื่อ) หาดใหญ่,26,WNW,ประจิม-พายัพ,292.5,,— ว่าง —,,,,,,
south-facilities:9011/6,จุดบรรเทาทุกข์ (ไม่ระบุชื่อ) หาดใหญ่,27,NWbW,พายัพค่อนประจิม,303.75,,— ว่าง —,,,,,,
south-facilities:9011/6,จุดบรรเทาทุกข์ (ไม่ระบุชื่อ) หาดใหญ่,28,NW,พายัพ (ตต.เฉียงเหนือ),315.0,,— ว่าง —,,,,,,
south-facilities:9011/6,จุดบรรเทาทุกข์ (ไม่ระบุชื่อ) หาดใหญ่,29,NWbN,พายัพค่อนเหนือ,326.25,south-facilities:9009/4,โรงพยาบาล โรงพยาบาลรัตภูมิ,โรงพยาบาล,19.397,27.987,1.443,1543.4484554191997,84.17320888145477
south-facilities:9011/6,จุดบรรเทาทุกข์ (ไม่ระบุชื่อ) หาดใหญ่,30,NNW,เหนือ-พายัพ,337.5,,— ว่าง —,,,,,,
south-facilities:9011/6,จุดบรรเทาทุกข์ (ไม่ระบุชื่อ) หาดใหญ่,31,NbW,เหนือค่อนประจิม,348.75,,— ว่าง —,,,,,,
south-facilities:9011/7,หน่วยทหาร ค่ายเสนาณรงค์,0,N,อุดร (เหนือ),0.0,,— ว่าง —,,,,,,
south-facilities:9011/7,หน่วยทหาร ค่ายเสนาณรงค์,1,NbE,เหนือค่อนอีสาน,11.25,south-facilities:9015/4,โรงพยาบาล โรงพยาบาลสิงหนคร,โรงพยาบาล,23.411,30.483,1.302,47.68297195517997,567.4390063520451
south-facilities:9011/7,หน่วยทหาร ค่ายเสนาณรงค์,2,NNE,เหนือ-อีสาน,22.5,south-facilities:9015/2,รพ.สต./สถานีอนามัย (ไม่ระบุชื่อ) สิงหนคร,รพ.สต./สถานีอนามัย,20.133,32.534,1.616,47.68297195517997,219.61463642796394
south-facilities:9011/7,หน่วยทหาร ค่ายเสนาณรงค์,3,NEbN,อีสานค่อนเหนือ,33.75,south-facilities:9001/6,โรงพยาบาล โรงพยาบาลสงขลา,โรงพยาบาล,14.665,17.569,1.198,47.68297195517997,312.9522554864306
south-facilities:9011/7,หน่วยทหาร ค่ายเสนาณรงค์,4,NE,อีสาน (ตอ.เฉียงเหนือ),45.0,south-facilities:9001/7,หน่วยทหาร 5th Field Artilery Battalion,หน่วยทหาร,18.753,30.237,1.612,47.68297195517997,257.7609340848567
south-facilities:9011/7,หน่วยทหาร ค่ายเสนาณรงค์,5,NEbE,อีสานค่อนบูรพา,56.25,,— ว่าง —,,,,,,
south-facilities:9011/7,หน่วยทหาร ค่ายเสนาณรงค์,6,ENE,บูรพา-อีสาน,67.5,,— ว่าง —,,,,,,
south-facilities:9011/7,หน่วยทหาร ค่ายเสนาณรงค์,7,EbN,บูรพาค่อนเหนือ,78.75,,— ว่าง —,,,,,,
south-facilities:9011/7,หน่วยทหาร ค่ายเสนาณรงค์,8,E,บูรพา (ตะวันออก),90.0,,— ว่าง —,,,,,,
south-facilities:9011/7,หน่วยทหาร ค่ายเสนาณรงค์,9,EbS,บูรพาค่อนใต้,101.25,south-facilities:9003/2,ด่านตรวจ (ไม่ระบุชื่อ) จะนะ,ด่านตรวจ,20.775,33.254,1.601,47.68297195517997,0.03492864193374608
south-facilities:9011/7,หน่วยทหาร ค่ายเสนาณรงค์,10,ESE,บูรพา-อาคเนย์,112.5,south-facilities:9012,โรงพยาบาล โรงพยาบาลนาหม่อม,โรงพยาบาล,10.405,20.752,1.995,47.68297195517997,166.50934497782745
south-facilities:9011/7,หน่วยทหาร ค่ายเสนาณรงค์,11,SEbE,อาคเนย์ค่อนบูรพา,123.75,,— ว่าง —,,,,,,
south-facilities:9011/7,หน่วยทหาร ค่ายเสนาณรงค์,12,SE,อาคเนย์ (ตอ.เฉียงใต้),135.0,,— ว่าง —,,,,,,
south-facilities:9011/7,หน่วยทหาร ค่ายเสนาณรงค์,13,SEbS,อาคเนย์ค่อนใต้,146.25,south-facilities:9012/2,สถานีตำรวจ (ไม่ระบุชื่อ) นาหม่อม,สถานีตำรวจ,9.476,15.657,1.652,47.68297195517997,27.68356801387466
south-facilities:9011/7,หน่วยทหาร ค่ายเสนาณรงค์,14,SSE,ใต้-อาคเนย์,157.5,,— ว่าง —,,,,,,
south-facilities:9011/7,หน่วยทหาร ค่ายเสนาณรงค์,15,SbE,ใต้ค่อนบูรพา,168.75,,— ว่าง —,,,,,,
south-facilities:9011/7,หน่วยทหาร ค่ายเสนาณรงค์,16,S,ทักษิณ (ใต้),180.0,south-facilities:9011/3,สถานีดับเพลิง (ไม่ระบุชื่อ) หาดใหญ่,สถานีดับเพลิง,1.685,2.892,1.716,47.68297195517997,648.2703498621736
south-facilities:9011/7,หน่วยทหาร ค่ายเสนาณรงค์,17,SbW,ใต้ค่อนประจิม,191.25,south-facilities:9011/25,โรงพยาบาล โรงพยาบาลทันตกรรม,โรงพยาบาล,2.004,3.2,1.596,47.68297195517997,280.08748391911394
south-facilities:9011/7,หน่วยทหาร ค่ายเสนาณรงค์,18,SSW,ใต้-หรดี,202.5,south-facilities:9011/9,โรงพยาบาล โรงพยาบาลค่ายเสนาณรงค์,โรงพยาบาล,0.616,1.753,2.848,47.68297195517997,106.89281366922243
south-facilities:9011/7,หน่วยทหาร ค่ายเสนาณรงค์,19,SWbS,หรดีค่อนใต้,213.75,south-facilities:9011/12,ด่านตรวจ (ไม่ระบุชื่อ) หาดใหญ่,ด่านตรวจ,6.389,11.634,1.821,47.68297195517997,42.819859452539404
south-facilities:9011/7,หน่วยทหาร ค่ายเสนาณรงค์,20,SW,หรดี (ตต.เฉียงใต้),225.0,south-facilities:9011/28,โรงพยาบาล โรงพยาบาลราษฎร์ยินดี,โรงพยาบาล,3.559,5.856,1.645,47.68297195517997,61.821339235119034
south-facilities:9011/7,หน่วยทหาร ค่ายเสนาณรงค์,21,SWbW,หรดีค่อนประจิม,236.25,south-facilities:9011/33,โรงพยาบาล โรงพยาบาลกรุงเทพ-หาดใหญ่,โรงพยาบาล,1.915,3.494,1.825,47.68297195517997,40.19709403236935
south-facilities:9011/7,หน่วยทหาร ค่ายเสนาณรงค์,22,WSW,ประจิม-หรดี,247.5,south-facilities:9011,รพ.สต./สถานีอนามัย โพลีคลินิคเพชระหาดใหญ่,รพ.สต./สถานีอนามัย,3.125,4.914,1.572,47.68297195517997,35.39812252279343
south-facilities:9011/7,หน่วยทหาร ค่ายเสนาณรงค์,23,WbS,ประจิมค่อนใต้,258.75,south-facilities:9011/30,โรงพยาบาล โรงพยาบาลหาดใหญ่,โรงพยาบาล,3.666,5.386,1.469,47.68297195517997,72.95603788261168
south-facilities:9011/7,หน่วยทหาร ค่ายเสนาณรงค์,24,W,ประจิม (ตะวันตก),270.0,south-facilities:9011/26,โรงพยาบาล โรงพยาบาลศิครินทร์หาดใหญ่,โรงพยาบาล,3.464,5.46,1.576,47.68297195517997,71.3143489287222
south-facilities:9011/7,หน่วยทหาร ค่ายเสนาณรงค์,25,WbN,ประจิมค่อนเหนือ,281.25,,— ว่าง —,,,,,,
south-facilities:9011/7,หน่วยทหาร ค่ายเสนาณรงค์,26,WNW,ประจิม-พายัพ,292.5,,— ว่าง —,,,,,,
south-facilities:9011/7,หน่วยทหาร ค่ายเสนาณรงค์,27,NWbW,พายัพค่อนประจิม,303.75,south-facilities:9014/2,โรงพยาบาล (ไม่ระบุชื่อ) บางกล่ำ,โรงพยาบาล,12.608,28.118,2.23,47.68297195517997,699.7846369631073
south-facilities:9011/7,หน่วยทหาร ค่ายเสนาณรงค์,28,NW,พายัพ (ตต.เฉียงเหนือ),315.0,,— ว่าง —,,,,,,
south-facilities:9011/7,หน่วยทหาร ค่ายเสนาณรงค์,29,NWbN,พายัพค่อนเหนือ,326.25,,— ว่าง —,,,,,,
south-facilities:9011/7,หน่วยทหาร ค่ายเสนาณรงค์,30,NNW,เหนือ-พายัพ,337.5,,— ว่าง —,,,,,,
south-facilities:9011/7,หน่วยทหาร ค่ายเสนาณรงค์,31,NbW,เหนือค่อนประจิม,348.75,,— ว่าง —,,,,,,
south-facilities:9011/8,โรงพยาบาล โรงพยาบาลหาดใหญ่,0,N,อุดร (เหนือ),0.0,,— ว่าง —,,,,,,
south-facilities:9011/8,โรงพยาบาล โรงพยาบาลหาดใหญ่,1,NbE,เหนือค่อนอีสาน,11.25,,— ว่าง —,,,,,,
south-facilities:9011/8,โรงพยาบาล โรงพยาบาลหาดใหญ่,2,NNE,เหนือ-อีสาน,22.5,south-facilities:9011/26,โรงพยาบาล โรงพยาบาลศิครินทร์หาดใหญ่,โรงพยาบาล,0.686,1.075,1.567,67.15513309458458,71.3143489287222
south-facilities:9011/8,โรงพยาบาล โรงพยาบาลหาดใหญ่,3,NEbN,อีสานค่อนเหนือ,33.75,south-facilities:9001/6,โรงพยาบาล โรงพยาบาลสงขลา,โรงพยาบาล,17.518,22.024,1.257,67.15513309458458,312.9522554864306
south-facilities:9011/8,โรงพยาบาล โรงพยาบาลหาดใหญ่,4,NE,อีสาน (ตอ.เฉียงเหนือ),45.0,south-facilities:9001,รพ.สต./สถานีอนามัย Sampit,รพ.สต./สถานีอนามัย,17.759,22.842,1.286,67.15513309458458,33.823638752248094
south-facilities:9011/8,โรงพยาบาล โรงพยาบาลหาดใหญ่,5,NEbE,อีสานค่อนบูรพา,56.25,south-facilities:9001/7,หน่วยทหาร 5th Field Artilery Battalion,หน่วยทหาร,22.161,34.298,1.548,67.15513309458458,257.7609340848567
south-facilities:9011/8,โรงพยาบาล โรงพยาบาลหาดใหญ่,6,ENE,บูรพา-อีสาน,67.5,,— ว่าง —,,,,,,
south-facilities:9011/8,โรงพยาบาล โรงพยาบาลหาดใหญ่,7,EbN,บูรพาค่อนเหนือ,78.75,south-facilities:9011/30,โรงพยาบาล โรงพยาบาลหาดใหญ่,โรงพยาบาล,0.157,0.334,2.125,67.15513309458458,72.95603788261168
south-facilities:9011/8,โรงพยาบาล โรงพยาบาลหาดใหญ่,8,E,บูรพา (ตะวันออก),90.0,south-facilities:9011/33,โรงพยาบาล โรงพยาบาลกรุงเทพ-หาดใหญ่,โรงพยาบาล,2.088,2.915,1.396,67.15513309458458,40.19709403236935
south-facilities:9011/8,โรงพยาบาล โรงพยาบาลหาดใหญ่,9,EbS,บูรพาค่อนใต้,101.25,south-facilities:9011,รพ.สต./สถานีอนามัย โพลีคลินิคเพชระหาดใหญ่,รพ.สต./สถานีอนามัย,0.772,1.106,1.432,67.15513309458458,35.39812252279343
south-facilities:9011/8,โรงพยาบาล โรงพยาบาลหาดใหญ่,10,ESE,บูรพา-อาคเนย์,112.5,south-facilities:9011/4,รพ.สต./สถานีอนามัย The V-Sage clinic Hatyai เดอะวีสาจคลินิกหาดใหญ่,รพ.สต./สถานีอนามัย,2.954,3.936,1.333,67.15513309458458,19.074237954171714
south-facilities:9011/8,โรงพยาบาล โรงพยาบาลหาดใหญ่,11,SEbE,อาคเนย์ค่อนบูรพา,123.75,south-facilities:9012/2,สถานีตำรวจ (ไม่ระบุชื่อ) นาหม่อม,สถานีตำรวจ,11.444,14.525,1.269,67.15513309458458,27.68356801387466
south-facilities:9011/8,โรงพยาบาล โรงพยาบาลหาดใหญ่,12,SE,อาคเนย์ (ตอ.เฉียงใต้),135.0,,— ว่าง —,,,,,,
south-facilities:9011/8,โรงพยาบาล โรงพยาบาลหาดใหญ่,13,SEbS,อาคเนย์ค่อนใต้,146.25,south-facilities:9011/28,โรงพยาบาล โรงพยาบาลราษฎร์ยินดี,โรงพยาบาล,2.277,3.425,1.504,67.15513309458458,61.821339235119034
south-facilities:9011/8,โรงพยาบาล โรงพยาบาลหาดใหญ่,14,SSE,ใต้-อาคเนย์,157.5,,— ว่าง —,,,,,,
south-facilities:9011/8,โรงพยาบาล โรงพยาบาลหาดใหญ่,15,SbE,ใต้ค่อนบูรพา,168.75,south-facilities:9011/22,รพ.สต./สถานีอนามัย ชัชปวิตร,รพ.สต./สถานีอนามัย,1.754,2.163,1.233,67.15513309458458,32.78644715430826
south-facilities:9011/8,โรงพยาบาล โรงพยาบาลหาดใหญ่,16,S,ทักษิณ (ใต้),180.0,south-facilities:9011/12,ด่านตรวจ (ไม่ระบุชื่อ) หาดใหญ่,ด่านตรวจ,4.137,8.544,2.065,67.15513309458458,42.819859452539404
south-facilities:9011/8,โรงพยาบาล โรงพยาบาลหาดใหญ่,17,SbW,ใต้ค่อนประจิม,191.25,south-facilities:9011/2,สถานีตำรวจ (ไม่ระบุชื่อ) หาดใหญ่,สถานีตำรวจ,1.193,1.629,1.365,67.15513309458458,54.994619553540105
south-facilities:9011/8,โรงพยาบาล โรงพยาบาลหาดใหญ่,18,SSW,ใต้-หรดี,202.5,south-facilities:9011/21,รพ.สต./สถานีอนามัย สมาคมวางแผนครอบครัว สวท,รพ.สต./สถานีอนามัย,1.813,2.622,1.447,67.15513309458458,57.46313055844702
south-facilities:9011/8,โรงพยาบาล โรงพยาบาลหาดใหญ่,19,SWbS,หรดีค่อนใต้,213.75,south-facilities:9011/19,รพ.สต./สถานีอนามัย ศูนย์บริการสาธารณสุขตลาดพ่อพรหม,รพ.สต./สถานีอนามัย,2.402,3.023,1.259,67.15513309458458,174.20009021554694
south-facilities:9011/8,โรงพยาบาล โรงพยาบาลหาดใหญ่,20,SW,หรดี (ตต.เฉียงใต้),225.0,south-facilities:9011/11,สถานีตำรวจ (ไม่ระบุชื่อ) หาดใหญ่,สถานีตำรวจ,2.792,5.871,2.103,67.15513309458458,10.724869544255613
south-facilities:9011/8,โรงพยาบาล โรงพยาบาลหาดใหญ่,21,SWbW,หรดีค่อนประจิม,236.25,south-facilities:9011/13,สถานีตำรวจ Checkpoint,สถานีตำรวจ,3.283,4.16,1.267,67.15513309458458,28.151848478902007
south-facilities:9011/8,โรงพยาบาล โรงพยาบาลหาดใหญ่,22,WSW,ประจิม-หรดี,247.5,,— ว่าง —,,,,,,
south-facilities:9011/8,โรงพยาบาล โรงพยาบาลหาดใหญ่,23,WbS,ประจิมค่อนใต้,258.75,south-facilities:9011/6,จุดบรรเทาทุกข์ (ไม่ระบุชื่อ) หาดใหญ่,จุดบรรเทาทุกข์,11.751,13.51,1.15,67.15513309458458,1543.4484554191997
south-facilities:9011/8,โรงพยาบาล โรงพยาบาลหาดใหญ่,24,W,ประจิม (ตะวันตก),270.0,south-facilities:9011/27,สถานีตำรวจ (ไม่ระบุชื่อ) หาดใหญ่,สถานีตำรวจ,17.667,20.847,1.18,67.15513309458458,340.30750717626415
south-facilities:9011/8,โรงพยาบาล โรงพยาบาลหาดใหญ่,25,WbN,ประจิมค่อนเหนือ,281.25,,— ว่าง —,,,,,,
south-facilities:9011/8,โรงพยาบาล โรงพยาบาลหาดใหญ่,26,WNW,ประจิม-พายัพ,292.5,,— ว่าง —,,,,,,
south-facilities:9011/8,โรงพยาบาล โรงพยาบาลหาดใหญ่,27,NWbW,พายัพค่อนประจิม,303.75,,— ว่าง —,,,,,,
south-facilities:9011/8,โรงพยาบาล โรงพยาบาลหาดใหญ่,28,NW,พายัพ (ตต.เฉียงเหนือ),315.0,,— ว่าง —,,,,,,
south-facilities:9011/8,โรงพยาบาล โรงพยาบาลหาดใหญ่,29,NWbN,พายัพค่อนเหนือ,326.25,south-facilities:9014/2,โรงพยาบาล (ไม่ระบุชื่อ) บางกล่ำ,โรงพยาบาล,10.652,22.75,2.136,67.15513309458458,699.7846369631073
south-facilities:9011/8,โรงพยาบาล โรงพยาบาลหาดใหญ่,30,NNW,เหนือ-พายัพ,337.5,,— ว่าง —,,,,,,
south-facilities:9011/8,โรงพยาบาล โรงพยาบาลหาดใหญ่,31,NbW,เหนือค่อนประจิม,348.75,,— ว่าง —,,,,,,
south-facilities:9011/9,โรงพยาบาล โรงพยาบาลค่ายเสนาณรงค์,0,N,อุดร (เหนือ),0.0,,— ว่าง —,,,,,,
south-facilities:9011/9,โรงพยาบาล โรงพยาบาลค่ายเสนาณรงค์,1,NbE,เหนือค่อนอีสาน,11.25,south-facilities:9015/4,โรงพยาบาล โรงพยาบาลสิงหนคร,โรงพยาบาล,24.017,31.302,1.303,106.89281366922243,567.4390063520451
south-facilities:9011/9,โรงพยาบาล โรงพยาบาลค่ายเสนาณรงค์,2,NNE,เหนือ-อีสาน,22.5,south-facilities:9011/7,หน่วยทหาร ค่ายเสนาณรงค์,หน่วยทหาร,0.616,0.82,1.332,106.89281366922243,47.68297195517997
south-facilities:9011/9,โรงพยาบาล โรงพยาบาลค่ายเสนาณรงค์,3,NEbN,อีสานค่อนเหนือ,33.75,south-facilities:9001/6,โรงพยาบาล โรงพยาบาลสงขลา,โรงพยาบาล,15.27,18.389,1.204,106.89281366922243,312.9522554864306
south-facilities:9011/9,โรงพยาบาล โรงพยาบาลค่ายเสนาณรงค์,4,NE,อีสาน (ตอ.เฉียงเหนือ),45.0,south-facilities:9001/7,หน่วยทหาร 5th Field Artilery Battalion,หน่วยทหาร,19.299,31.056,1.609,106.89281366922243,257.7609340848567
south-facilities:9011/9,โรงพยาบาล โรงพยาบาลค่ายเสนาณรงค์,5,NEbE,อีสานค่อนบูรพา,56.25,,— ว่าง —,,,,,,
south-facilities:9011/9,โรงพยาบาล โรงพยาบาลค่ายเสนาณรงค์,6,ENE,บูรพา-อีสาน,67.5,,— ว่าง —,,,,,,
south-facilities:9011/9,โรงพยาบาล โรงพยาบาลค่ายเสนาณรงค์,7,EbN,บูรพาค่อนเหนือ,78.75,,— ว่าง —,,,,,,
south-facilities:9011/9,โรงพยาบาล โรงพยาบาลค่ายเสนาณรงค์,8,E,บูรพา (ตะวันออก),90.0,,— ว่าง —,,,,,,
south-facilities:9011/9,โรงพยาบาล โรงพยาบาลค่ายเสนาณรงค์,9,EbS,บูรพาค่อนใต้,101.25,south-facilities:9003/2,ด่านตรวจ (ไม่ระบุชื่อ) จะนะ,ด่านตรวจ,20.816,34.074,1.637,106.89281366922243,0.03492864193374608
south-facilities:9011/9,โรงพยาบาล โรงพยาบาลค่ายเสนาณรงค์,10,ESE,บูรพา-อาคเนย์,112.5,south-facilities:9012,โรงพยาบาล โรงพยาบาลนาหม่อม,โรงพยาบาล,10.336,19.275,1.865,106.89281366922243,166.50934497782745
south-facilities:9011/9,โรงพยาบาล โรงพยาบาลค่ายเสนาณรงค์,11,SEbE,อาคเนย์ค่อนบูรพา,123.75,,— ว่าง —,,,,,,
south-facilities:9011/9,โรงพยาบาล โรงพยาบาลค่ายเสนาณรงค์,12,SE,อาคเนย์ (ตอ.เฉียงใต้),135.0,south-facilities:9012/2,สถานีตำรวจ (ไม่ระบุชื่อ) นาหม่อม,สถานีตำรวจ,9.13,13.904,1.523,106.89281366922243,27.68356801387466
south-facilities:9011/9,โรงพยาบาล โรงพยาบาลค่ายเสนาณรงค์,13,SEbS,อาคเนย์ค่อนใต้,146.25,,— ว่าง —,,,,,,
south-facilities:9011/9,โรงพยาบาล โรงพยาบาลค่ายเสนาณรงค์,14,SSE,ใต้-อาคเนย์,157.5,,— ว่าง —,,,,,,
south-facilities:9011/9,โรงพยาบาล โรงพยาบาลค่ายเสนาณรงค์,15,SbE,ใต้ค่อนบูรพา,168.75,,— ว่าง —,,,,,,
south-facilities:9011/9,โรงพยาบาล โรงพยาบาลค่ายเสนาณรงค์,16,S,ทักษิณ (ใต้),180.0,south-facilities:9011/3,สถานีดับเพลิง (ไม่ระบุชื่อ) หาดใหญ่,สถานีดับเพลิง,1.103,1.139,1.033,106.89281366922243,648.2703498621736
south-facilities:9011/9,โรงพยาบาล โรงพยาบาลค่ายเสนาณรงค์,17,SbW,ใต้ค่อนประจิม,191.25,south-facilities:9011/25,โรงพยาบาล โรงพยาบาลทันตกรรม,โรงพยาบาล,1.39,1.446,1.04,106.89281366922243,280.08748391911394
south-facilities:9011/9,โรงพยาบาล โรงพยาบาลค่ายเสนาณรงค์,18,SSW,ใต้-หรดี,202.5,south-facilities:9011/32,โรงพยาบาล โรงพยาบาลสงขลานครินทร์,โรงพยาบาล,1.586,1.647,1.038,106.89281366922243,146.08742612568585
south-facilities:9011/9,โรงพยาบาล โรงพยาบาลค่ายเสนาณรงค์,19,SWbS,หรดีค่อนใต้,213.75,south-facilities:9011/12,ด่านตรวจ (ไม่ระบุชื่อ) หาดใหญ่,ด่านตรวจ,5.811,9.881,1.7,106.89281366922243,42.819859452539404
south-facilities:9011/9,โรงพยาบาล โรงพยาบาลค่ายเสนาณรงค์,20,SW,หรดี (ตต.เฉียงใต้),225.0,south-facilities:9011/28,โรงพยาบาล โรงพยาบาลราษฎร์ยินดี,โรงพยาบาล,2.996,4.102,1.369,106.89281366922243,61.821339235119034
south-facilities:9011/9,โรงพยาบาล โรงพยาบาลค่ายเสนาณรงค์,21,SWbW,หรดีค่อนประจิม,236.25,south-facilities:9011/22,รพ.สต./สถานีอนามัย ชัชปวิตร,รพ.สต./สถานีอนามัย,3.792,4.787,1.262,106.89281366922243,32.78644715430826
south-facilities:9011/9,โรงพยาบาล โรงพยาบาลค่ายเสนาณรงค์,22,WSW,ประจิม-หรดี,247.5,south-facilities:9011/33,โรงพยาบาล โรงพยาบาลกรุงเทพ-หาดใหญ่,โรงพยาบาล,1.49,1.74,1.168,106.89281366922243,40.19709403236935
south-facilities:9011/9,โรงพยาบาล โรงพยาบาลค่ายเสนาณรงค์,23,WbS,ประจิมค่อนใต้,258.75,south-facilities:9011,รพ.สต./สถานีอนามัย โพลีคลินิคเพชระหาดใหญ่,รพ.สต./สถานีอนามัย,2.787,3.16,1.134,106.89281366922243,35.39812252279343
south-facilities:9011/9,โรงพยาบาล โรงพยาบาลค่ายเสนาณรงค์,24,W,ประจิม (ตะวันตก),270.0,south-facilities:9011/26,โรงพยาบาล โรงพยาบาลศิครินทร์หาดใหญ่,โรงพยาบาล,3.269,4.008,1.226,106.89281366922243,71.3143489287222
south-facilities:9011/9,โรงพยาบาล โรงพยาบาลค่ายเสนาณรงค์,25,WbN,ประจิมค่อนเหนือ,281.25,,— ว่าง —,,,,,,
south-facilities:9011/9,โรงพยาบาล โรงพยาบาลค่ายเสนาณรงค์,26,WNW,ประจิม-พายัพ,292.5,,— ว่าง —,,,,,,
south-facilities:9011/9,โรงพยาบาล โรงพยาบาลค่ายเสนาณรงค์,27,NWbW,พายัพค่อนประจิม,303.75,south-facilities:9014/2,โรงพยาบาล (ไม่ระบุชื่อ) บางกล่ำ,โรงพยาบาล,12.82,26.554,2.071,106.89281366922243,699.7846369631073
south-facilities:9011/9,โรงพยาบาล โรงพยาบาลค่ายเสนาณรงค์,28,NW,พายัพ (ตต.เฉียงเหนือ),315.0,south-facilities:9014/3,โรงพยาบาล โรงพยาบาลบางกล่ำ,โรงพยาบาล,12.826,26.599,2.074,106.89281366922243,752.6748743679142
south-facilities:9011/9,โรงพยาบาล โรงพยาบาลค่ายเสนาณรงค์,29,NWbN,พายัพค่อนเหนือ,326.25,,— ว่าง —,,,,,,
south-facilities:9011/9,โรงพยาบาล โรงพยาบาลค่ายเสนาณรงค์,30,NNW,เหนือ-พายัพ,337.5,,— ว่าง —,,,,,,
south-facilities:9011/9,โรงพยาบาล โรงพยาบาลค่ายเสนาณรงค์,31,NbW,เหนือค่อนประจิม,348.75,,— ว่าง —,,,,,,
south-facilities:9011/10,สถานีดับเพลิง (ไม่ระบุชื่อ) หาดใหญ่,0,N,อุดร (เหนือ),0.0,,— ว่าง —,,,,,,
south-facilities:9011/10,สถานีดับเพลิง (ไม่ระบุชื่อ) หาดใหญ่,1,NbE,เหนือค่อนอีสาน,11.25,,— ว่าง —,,,,,,
south-facilities:9011/10,สถานีดับเพลิง (ไม่ระบุชื่อ) หาดใหญ่,2,NNE,เหนือ-อีสาน,22.5,south-facilities:9015/2,รพ.สต./สถานีอนามัย (ไม่ระบุชื่อ) สิงหนคร,รพ.สต./สถานีอนามัย,22.278,36.52,1.639,33.12103267884463,219.61463642796394
south-facilities:9011/10,สถานีดับเพลิง (ไม่ระบุชื่อ) หาดใหญ่,3,NEbN,อีสานค่อนเหนือ,33.75,south-facilities:9001/6,โรงพยาบาล โรงพยาบาลสงขลา,โรงพยาบาล,17.033,21.555,1.265,33.12103267884463,312.9522554864306
south-facilities:9011/10,สถานีดับเพลิง (ไม่ระบุชื่อ) หาดใหญ่,4,NE,อีสาน (ตอ.เฉียงเหนือ),45.0,south-facilities:9001/7,หน่วยทหาร 5th Field Artilery Battalion,หน่วยทหาร,21.386,33.19,1.552,33.12103267884463,257.7609340848567
south-facilities:9011/10,สถานีดับเพลิง (ไม่ระบุชื่อ) หาดใหญ่,5,NEbE,อีสานค่อนบูรพา,56.25,south-facilities:9011/7,หน่วยทหาร ค่ายเสนาณรงค์,หน่วยทหาร,2.709,3.986,1.472,33.12103267884463,47.68297195517997
south-facilities:9011/10,สถานีดับเพลิง (ไม่ระบุชื่อ) หาดใหญ่,6,ENE,บูรพา-อีสาน,67.5,south-facilities:9011/33,โรงพยาบาล โรงพยาบาลกรุงเทพ-หาดใหญ่,โรงพยาบาล,0.804,2.412,3.002,33.12103267884463,40.19709403236935
south-facilities:9011/10,สถานีดับเพลิง (ไม่ระบุชื่อ) หาดใหญ่,7,EbN,บูรพาค่อนเหนือ,78.75,,— ว่าง —,,,,,,
south-facilities:9011/10,สถานีดับเพลิง (ไม่ระบุชื่อ) หาดใหญ่,8,E,บูรพา (ตะวันออก),90.0,,— ว่าง —,,,,,,
south-facilities:9011/10,สถานีดับเพลิง (ไม่ระบุชื่อ) หาดใหญ่,9,EbS,บูรพาค่อนใต้,101.25,south-facilities:9011/3,สถานีดับเพลิง (ไม่ระบุชื่อ) หาดใหญ่,สถานีดับเพลิง,2.297,3.063,1.334,33.12103267884463,648.2703498621736
south-facilities:9011/10,สถานีดับเพลิง (ไม่ระบุชื่อ) หาดใหญ่,10,ESE,บูรพา-อาคเนย์,112.5,south-facilities:9011/32,โรงพยาบาล โรงพยาบาลสงขลานครินทร์,โรงพยาบาล,1.807,2.959,1.637,33.12103267884463,146.08742612568585
south-facilities:9011/10,สถานีดับเพลิง (ไม่ระบุชื่อ) หาดใหญ่,11,SEbE,อาคเนย์ค่อนบูรพา,123.75,south-facilities:9011/4,รพ.สต./สถานีอนามัย The V-Sage clinic Hatyai เดอะวีสาจคลินิกหาดใหญ่,รพ.สต./สถานีอนามัย,1.61,2.828,1.757,33.12103267884463,19.074237954171714
south-facilities:9011/10,สถานีดับเพลิง (ไม่ระบุชื่อ) หาดใหญ่,12,SE,อาคเนย์ (ตอ.เฉียงใต้),135.0,,— ว่าง —,,,,,,
south-facilities:9011/10,สถานีดับเพลิง (ไม่ระบุชื่อ) หาดใหญ่,13,SEbS,อาคเนย์ค่อนใต้,146.25,,— ว่าง —,,,,,,
south-facilities:9011/10,สถานีดับเพลิง (ไม่ระบุชื่อ) หาดใหญ่,14,SSE,ใต้-อาคเนย์,157.5,,— ว่าง —,,,,,,
south-facilities:9011/10,สถานีดับเพลิง (ไม่ระบุชื่อ) หาดใหญ่,15,SbE,ใต้ค่อนบูรพา,168.75,,— ว่าง —,,,,,,
south-facilities:9011/10,สถานีดับเพลิง (ไม่ระบุชื่อ) หาดใหญ่,16,S,ทักษิณ (ใต้),180.0,south-facilities:9011/28,โรงพยาบาล โรงพยาบาลราษฎร์ยินดี,โรงพยาบาล,1.406,2.907,2.068,33.12103267884463,61.821339235119034
south-facilities:9011/10,สถานีดับเพลิง (ไม่ระบุชื่อ) หาดใหญ่,17,SbW,ใต้ค่อนประจิม,191.25,south-facilities:9011/5,โรงพยาบาล สกรีนเมดคลินิก สาขาบ้านพรุ,โรงพยาบาล,7.515,9.609,1.279,33.12103267884463,29.68656475967559
south-facilities:9011/10,สถานีดับเพลิง (ไม่ระบุชื่อ) หาดใหญ่,18,SSW,ใต้-หรดี,202.5,south-facilities:9011/23,สถานีดับเพลิง Fire Station,สถานีดับเพลิง,1.904,3.237,1.7,33.12103267884463,11.38623467224762
south-facilities:9011/10,สถานีดับเพลิง (ไม่ระบุชื่อ) หาดใหญ่,19,SWbS,หรดีค่อนใต้,213.75,south-facilities:9011/22,รพ.สต./สถานีอนามัย ชัชปวิตร,รพ.สต./สถานีอนามัย,1.673,2.632,1.573,33.12103267884463,32.78644715430826
south-facilities:9011/10,สถานีดับเพลิง (ไม่ระบุชื่อ) หาดใหญ่,20,SW,หรดี (ตต.เฉียงใต้),225.0,south-facilities:9011/18,รพ.สต./สถานีอนามัย ศูนย์สาธารณสุขมูลฐานชุมชนชุมชนไทยโฮเต็ล,รพ.สต./สถานีอนามัย,2.574,3.668,1.425,33.12103267884463,38.31334955770438
south-facilities:9011/10,สถานีดับเพลิง (ไม่ระบุชื่อ) หาดใหญ่,21,SWbW,หรดีค่อนประจิม,236.25,south-facilities:9011/15,รพ.สต./สถานีอนามัย สมาคมวางแผนครอบครัวแห่งประเทศไทย สวท,รพ.สต./สถานีอนามัย,2.146,3.146,1.465,33.12103267884463,104.03189787623155
south-facilities:9011/10,สถานีดับเพลิง (ไม่ระบุชื่อ) หาดใหญ่,22,WSW,ประจิม-หรดี,247.5,south-facilities:9011/2,สถานีตำรวจ (ไม่ระบุชื่อ) หาดใหญ่,สถานีตำรวจ,1.819,2.24,1.231,33.12103267884463,54.994619553540105
south-facilities:9011/10,สถานีดับเพลิง (ไม่ระบุชื่อ) หาดใหญ่,23,WbS,ประจิมค่อนใต้,258.75,south-facilities:9011/6,จุดบรรเทาทุกข์ (ไม่ระบุชื่อ) หาดใหญ่,จุดบรรเทาทุกข์,13.012,14.121,1.085,33.12103267884463,1543.4484554191997
south-facilities:9011/10,สถานีดับเพลิง (ไม่ระบุชื่อ) หาดใหญ่,24,W,ประจิม (ตะวันตก),270.0,south-facilities:9011/27,สถานีตำรวจ (ไม่ระบุชื่อ) หาดใหญ่,สถานีตำรวจ,18.982,21.458,1.13,33.12103267884463,340.30750717626415
south-facilities:9011/10,สถานีดับเพลิง (ไม่ระบุชื่อ) หาดใหญ่,25,WbN,ประจิมค่อนเหนือ,281.25,south-facilities:9011/8,โรงพยาบาล โรงพยาบาลหาดใหญ่,โรงพยาบาล,1.393,1.819,1.306,33.12103267884463,67.15513309458458
south-facilities:9011/10,สถานีดับเพลิง (ไม่ระบุชื่อ) หาดใหญ่,26,WNW,ประจิม-พายัพ,292.5,south-facilities:9011,รพ.สต./สถานีอนามัย โพลีคลินิคเพชระหาดใหญ่,รพ.สต./สถานีอนามัย,0.634,1.139,1.796,33.12103267884463,35.39812252279343
south-facilities:9011/10,สถานีดับเพลิง (ไม่ระบุชื่อ) หาดใหญ่,27,NWbW,พายัพค่อนประจิม,303.75,,— ว่าง —,,,,,,
south-facilities:9011/10,สถานีดับเพลิง (ไม่ระบุชื่อ) หาดใหญ่,28,NW,พายัพ (ตต.เฉียงเหนือ),315.0,south-facilities:9011/26,โรงพยาบาล โรงพยาบาลศิครินทร์หาดใหญ่,โรงพยาบาล,1.489,2.004,1.345,33.12103267884463,71.3143489287222
south-facilities:9011/10,สถานีดับเพลิง (ไม่ระบุชื่อ) หาดใหญ่,29,NWbN,พายัพค่อนเหนือ,326.25,south-facilities:9013,โรงพยาบาล โรงพยาบาลควนเนียง,โรงพยาบาล,24.988,38.243,1.53,33.12103267884463,89.11545967648793
south-facilities:9011/10,สถานีดับเพลิง (ไม่ระบุชื่อ) หาดใหญ่,30,NNW,เหนือ-พายัพ,337.5,,— ว่าง —,,,,,,
south-facilities:9011/10,สถานีดับเพลิง (ไม่ระบุชื่อ) หาดใหญ่,31,NbW,เหนือค่อนประจิม,348.75,,— ว่าง —,,,,,,
south-facilities:9011/11,สถานีตำรวจ (ไม่ระบุชื่อ) หาดใหญ่,0,N,อุดร (เหนือ),0.0,,— ว่าง —,,,,,,
south-facilities:9011/11,สถานีตำรวจ (ไม่ระบุชื่อ) หาดใหญ่,1,NbE,เหนือค่อนอีสาน,11.25,,— ว่าง —,,,,,,
south-facilities:9011/11,สถานีตำรวจ (ไม่ระบุชื่อ) หาดใหญ่,2,NNE,เหนือ-อีสาน,22.5,,— ว่าง —,,,,,,
south-facilities:9011/11,สถานีตำรวจ (ไม่ระบุชื่อ) หาดใหญ่,3,NEbN,อีสานค่อนเหนือ,33.75,south-facilities:9001/6,โรงพยาบาล โรงพยาบาลสงขลา,โรงพยาบาล,20.285,24.499,1.208,10.724869544255613,312.9522554864306
south-facilities:9011/11,สถานีตำรวจ (ไม่ระบุชื่อ) หาดใหญ่,4,NE,อีสาน (ตอ.เฉียงเหนือ),45.0,south-facilities:9011/8,โรงพยาบาล โรงพยาบาลหาดใหญ่,โรงพยาบาล,2.792,3.532,1.265,10.724869544255613,67.15513309458458
south-facilities:9011/11,สถานีตำรวจ (ไม่ระบุชื่อ) หาดใหญ่,5,NEbE,อีสานค่อนบูรพา,56.25,south-facilities:9011,รพ.สต./สถานีอนามัย โพลีคลินิคเพชระหาดใหญ่,รพ.สต./สถานีอนามัย,3.323,3.547,1.067,10.724869544255613,35.39812252279343
south-facilities:9011/11,สถานีตำรวจ (ไม่ระบุชื่อ) หาดใหญ่,6,ENE,บูรพา-อีสาน,67.5,south-facilities:9011/20,สถานีตำรวจ POLICE,สถานีตำรวจ,1.864,,,10.724869544255613,50.25064802016581
south-facilities:9011/11,สถานีตำรวจ (ไม่ระบุชื่อ) หาดใหญ่,7,EbN,บูรพาค่อนเหนือ,78.75,south-facilities:9011/16,รพ.สต./สถานีอนามัย ศูนย์บริการสาธารณสุขโรงเรียนเทศบาล 2,รพ.สต./สถานีอนามัย,1.176,1.289,1.096,10.724869544255613,37.47768614583841
south-facilities:9011/11,สถานีตำรวจ (ไม่ระบุชื่อ) หาดใหญ่,8,E,บูรพา (ตะวันออก),90.0,south-facilities:9011/19,รพ.สต./สถานีอนามัย ศูนย์บริการสาธารณสุขตลาดพ่อพรหม,รพ.สต./สถานีอนามัย,0.552,1.702,3.08,10.724869544255613,174.20009021554694
south-facilities:9011/11,สถานีตำรวจ (ไม่ระบุชื่อ) หาดใหญ่,9,EbS,บูรพาค่อนใต้,101.25,south-facilities:9011/17,รพ.สต./สถานีอนามัย ศูนย์สุขภาพชุมชนวัดท่าเคียน,รพ.สต./สถานีอนามัย,0.852,1.975,2.318,10.724869544255613,37.32585428552144
south-facilities:9011/11,สถานีตำรวจ (ไม่ระบุชื่อ) หาดใหญ่,10,ESE,บูรพา-อาคเนย์,112.5,south-facilities:9012/2,สถานีตำรวจ (ไม่ระบุชื่อ) นาหม่อม,สถานีตำรวจ,12.265,15.149,1.235,10.724869544255613,27.68356801387466
south-facilities:9011/11,สถานีตำรวจ (ไม่ระบุชื่อ) หาดใหญ่,11,SEbE,อาคเนย์ค่อนบูรพา,123.75,,— ว่าง —,,,,,,
south-facilities:9011/11,สถานีตำรวจ (ไม่ระบุชื่อ) หาดใหญ่,12,SE,อาคเนย์ (ตอ.เฉียงใต้),135.0,south-facilities:9011/12,ด่านตรวจ (ไม่ระบุชื่อ) หาดใหญ่,ด่านตรวจ,2.889,7.442,2.576,10.724869544255613,42.819859452539404
south-facilities:9011/11,สถานีตำรวจ (ไม่ระบุชื่อ) หาดใหญ่,13,SEbS,อาคเนย์ค่อนใต้,146.25,,— ว่าง —,,,,,,
south-facilities:9011/11,สถานีตำรวจ (ไม่ระบุชื่อ) หาดใหญ่,14,SSE,ใต้-อาคเนย์,157.5,south-facilities:9011/5,โรงพยาบาล สกรีนเมดคลินิก สาขาบ้านพรุ,โรงพยาบาล,6.42,8.495,1.323,10.724869544255613,29.68656475967559
south-facilities:9011/11,สถานีตำรวจ (ไม่ระบุชื่อ) หาดใหญ่,15,SbE,ใต้ค่อนบูรพา,168.75,south-facilities:9011/31,รพ.สต./สถานีอนามัย (ไม่ระบุชื่อ) หาดใหญ่,รพ.สต./สถานีอนามัย,1.955,6.111,3.126,10.724869544255613,14.447365474444437
south-facilities:9011/11,สถานีตำรวจ (ไม่ระบุชื่อ) หาดใหญ่,16,S,ทักษิณ (ใต้),180.0,south-facilities:9011/24,สถานีตำรวจ Police station bike rest spot,สถานีตำรวจ,19.315,22.159,1.147,10.724869544255613,27.542385122872986
south-facilities:9011/11,สถานีตำรวจ (ไม่ระบุชื่อ) หาดใหญ่,17,SbW,ใต้ค่อนประจิม,191.25,,— ว่าง —,,,,,,
south-facilities:9011/11,สถานีตำรวจ (ไม่ระบุชื่อ) หาดใหญ่,18,SSW,ใต้-หรดี,202.5,south-facilities:9016/5,หน่วยทหาร กองทัพน้อยที่ 4,หน่วยทหาร,15.271,21.301,1.395,10.724869544255613,557.0568803553997
south-facilities:9011/11,สถานีตำรวจ (ไม่ระบุชื่อ) หาดใหญ่,19,SWbS,หรดีค่อนใต้,213.75,south-facilities:9016/3,โรงพยาบาล โรงพยาบาลกองบิน 56,โรงพยาบาล,8.93,11.738,1.315,10.724869544255613,701.182485491723
south-facilities:9011/11,สถานีตำรวจ (ไม่ระบุชื่อ) หาดใหญ่,20,SW,หรดี (ตต.เฉียงใต้),225.0,,— ว่าง —,,,,,,
south-facilities:9011/11,สถานีตำรวจ (ไม่ระบุชื่อ) หาดใหญ่,21,SWbW,หรดีค่อนประจิม,236.25,,— ว่าง —,,,,,,
south-facilities:9011/11,สถานีตำรวจ (ไม่ระบุชื่อ) หาดใหญ่,22,WSW,ประจิม-หรดี,247.5,,— ว่าง —,,,,,,
south-facilities:9011/11,สถานีตำรวจ (ไม่ระบุชื่อ) หาดใหญ่,23,WbS,ประจิมค่อนใต้,258.75,south-facilities:9011/13,สถานีตำรวจ Checkpoint,สถานีตำรวจ,0.594,0.723,1.217,10.724869544255613,28.151848478902007
south-facilities:9011/11,สถานีตำรวจ (ไม่ระบุชื่อ) หาดใหญ่,24,W,ประจิม (ตะวันตก),270.0,south-facilities:9011/6,จุดบรรเทาทุกข์ (ไม่ระบุชื่อ) หาดใหญ่,จุดบรรเทาทุกข์,9.519,10.072,1.058,10.724869544255613,1543.4484554191997
south-facilities:9011/11,สถานีตำรวจ (ไม่ระบุชื่อ) หาดใหญ่,25,WbN,ประจิมค่อนเหนือ,281.25,,— ว่าง —,,,,,,
south-facilities:9011/11,สถานีตำรวจ (ไม่ระบุชื่อ) หาดใหญ่,26,WNW,ประจิม-พายัพ,292.5,,— ว่าง —,,,,,,
south-facilities:9011/11,สถานีตำรวจ (ไม่ระบุชื่อ) หาดใหญ่,27,NWbW,พายัพค่อนประจิม,303.75,,— ว่าง —,,,,,,
south-facilities:9011/11,สถานีตำรวจ (ไม่ระบุชื่อ) หาดใหญ่,28,NW,พายัพ (ตต.เฉียงเหนือ),315.0,,— ว่าง —,,,,,,
south-facilities:9011/11,สถานีตำรวจ (ไม่ระบุชื่อ) หาดใหญ่,29,NWbN,พายัพค่อนเหนือ,326.25,,— ว่าง —,,,,,,
south-facilities:9011/11,สถานีตำรวจ (ไม่ระบุชื่อ) หาดใหญ่,30,NNW,เหนือ-พายัพ,337.5,south-facilities:9014/2,โรงพยาบาล (ไม่ระบุชื่อ) บางกล่ำ,โรงพยาบาล,11.327,20.312,1.793,10.724869544255613,699.7846369631073
south-facilities:9011/11,สถานีตำรวจ (ไม่ระบุชื่อ) หาดใหญ่,31,NbW,เหนือค่อนประจิม,348.75,,— ว่าง —,,,,,,
south-facilities:9011/12,ด่านตรวจ (ไม่ระบุชื่อ) หาดใหญ่,0,N,อุดร (เหนือ),0.0,south-facilities:9011/15,รพ.สต./สถานีอนามัย สมาคมวางแผนครอบครัวแห่งประเทศไทย สวท,รพ.สต./สถานีอนามัย,2.474,3.653,1.477,42.819859452539404,104.03189787623155
south-facilities:9011/12,ด่านตรวจ (ไม่ระบุชื่อ) หาดใหญ่,1,NbE,เหนือค่อนอีสาน,11.25,south-facilities:9011/29,สถานีตำรวจ (ไม่ระบุชื่อ) หาดใหญ่,สถานีตำรวจ,2.279,4.591,2.015,42.819859452539404,27.54552175293736
south-facilities:9011/12,ด่านตรวจ (ไม่ระบุชื่อ) หาดใหญ่,2,NNE,เหนือ-อีสาน,22.5,south-facilities:9011/14,สถานีดับเพลิง สถานีดับเพลิง ศรีภูวนารถ,สถานีดับเพลิง,2.142,4.262,1.989,42.819859452539404,21.10762502846869
south-facilities:9011/12,ด่านตรวจ (ไม่ระบุชื่อ) หาดใหญ่,3,NEbN,อีสานค่อนเหนือ,33.75,south-facilities:9011/28,โรงพยาบาล โรงพยาบาลราษฎร์ยินดี,โรงพยาบาล,2.838,5.039,1.775,42.819859452539404,61.821339235119034
south-facilities:9011/12,ด่านตรวจ (ไม่ระบุชื่อ) หาดใหญ่,4,NE,อีสาน (ตอ.เฉียงเหนือ),45.0,south-facilities:9011/4,รพ.สต./สถานีอนามัย The V-Sage clinic Hatyai เดอะวีสาจคลินิกหาดใหญ่,รพ.สต./สถานีอนามัย,3.961,5.971,1.507,42.819859452539404,19.074237954171714
south-facilities:9011/12,ด่านตรวจ (ไม่ระบุชื่อ) หาดใหญ่,5,NEbE,อีสานค่อนบูรพา,56.25,,— ว่าง —,,,,,,
south-facilities:9011/12,ด่านตรวจ (ไม่ระบุชื่อ) หาดใหญ่,6,ENE,บูรพา-อีสาน,67.5,,— ว่าง —,,,,,,
south-facilities:9011/12,ด่านตรวจ (ไม่ระบุชื่อ) หาดใหญ่,7,EbN,บูรพาค่อนเหนือ,78.75,,— ว่าง —,,,,,,
south-facilities:9011/12,ด่านตรวจ (ไม่ระบุชื่อ) หาดใหญ่,8,E,บูรพา (ตะวันออก),90.0,south-facilities:9012,โรงพยาบาล โรงพยาบาลนาหม่อม,โรงพยาบาล,13.204,15.287,1.158,42.819859452539404,166.50934497782745
south-facilities:9011/12,ด่านตรวจ (ไม่ระบุชื่อ) หาดใหญ่,9,EbS,บูรพาค่อนใต้,101.25,south-facilities:9012/2,สถานีตำรวจ (ไม่ระบุชื่อ) นาหม่อม,สถานีตำรวจ,9.777,9.915,1.014,42.819859452539404,27.68356801387466
south-facilities:9011/12,ด่านตรวจ (ไม่ระบุชื่อ) หาดใหญ่,10,ESE,บูรพา-อาคเนย์,112.5,,— ว่าง —,,,,,,
south-facilities:9011/12,ด่านตรวจ (ไม่ระบุชื่อ) หาดใหญ่,11,SEbE,อาคเนย์ค่อนบูรพา,123.75,,— ว่าง —,,,,,,
south-facilities:9011/12,ด่านตรวจ (ไม่ระบุชื่อ) หาดใหญ่,12,SE,อาคเนย์ (ตอ.เฉียงใต้),135.0,,— ว่าง —,,,,,,
south-facilities:9011/12,ด่านตรวจ (ไม่ระบุชื่อ) หาดใหญ่,13,SEbS,อาคเนย์ค่อนใต้,146.25,,— ว่าง —,,,,,,
south-facilities:9011/12,ด่านตรวจ (ไม่ระบุชื่อ) หาดใหญ่,14,SSE,ใต้-อาคเนย์,157.5,,— ว่าง —,,,,,,
south-facilities:9011/12,ด่านตรวจ (ไม่ระบุชื่อ) หาดใหญ่,15,SbE,ใต้ค่อนบูรพา,168.75,south-facilities:9011/5,โรงพยาบาล สกรีนเมดคลินิก สาขาบ้านพรุ,โรงพยาบาล,3.76,4.675,1.243,42.819859452539404,29.68656475967559
south-facilities:9011/12,ด่านตรวจ (ไม่ระบุชื่อ) หาดใหญ่,16,S,ทักษิณ (ใต้),180.0,south-facilities:9011/24,สถานีตำรวจ Police station bike rest spot,สถานีตำรวจ,17.08,18.338,1.074,42.819859452539404,27.542385122872986
south-facilities:9011/12,ด่านตรวจ (ไม่ระบุชื่อ) หาดใหญ่,17,SbW,ใต้ค่อนประจิม,191.25,,— ว่าง —,,,,,,
south-facilities:9011/12,ด่านตรวจ (ไม่ระบุชื่อ) หาดใหญ่,18,SSW,ใต้-หรดี,202.5,,— ว่าง —,,,,,,
south-facilities:9011/12,ด่านตรวจ (ไม่ระบุชื่อ) หาดใหญ่,19,SWbS,หรดีค่อนใต้,213.75,south-facilities:9016/5,หน่วยทหาร กองทัพน้อยที่ 4,หน่วยทหาร,14.435,21.675,1.502,42.819859452539404,557.0568803553997
south-facilities:9011/12,ด่านตรวจ (ไม่ระบุชื่อ) หาดใหญ่,20,SW,หรดี (ตต.เฉียงใต้),225.0,south-facilities:9016/3,โรงพยาบาล โรงพยาบาลกองบิน 56,โรงพยาบาล,8.379,12.714,1.517,42.819859452539404,701.182485491723
south-facilities:9011/12,ด่านตรวจ (ไม่ระบุชื่อ) หาดใหญ่,21,SWbW,หรดีค่อนประจิม,236.25,south-facilities:9016/2,หน่วยทหาร กองบิน 56,หน่วยทหาร,9.848,14.366,1.459,42.819859452539404,414.33047122410613
south-facilities:9011/12,ด่านตรวจ (ไม่ระบุชื่อ) หาดใหญ่,22,WSW,ประจิม-หรดี,247.5,,— ว่าง —,,,,,,
south-facilities:9011/12,ด่านตรวจ (ไม่ระบุชื่อ) หาดใหญ่,23,WbS,ประจิมค่อนใต้,258.75,,— ว่าง —,,,,,,
south-facilities:9011/12,ด่านตรวจ (ไม่ระบุชื่อ) หาดใหญ่,24,W,ประจิม (ตะวันตก),270.0,,— ว่าง —,,,,,,
south-facilities:9011/12,ด่านตรวจ (ไม่ระบุชื่อ) หาดใหญ่,25,WbN,ประจิมค่อนเหนือ,281.25,south-facilities:9011/31,รพ.สต./สถานีอนามัย (ไม่ระบุชื่อ) หาดใหญ่,รพ.สต./สถานีอนามัย,1.544,2.681,1.737,42.819859452539404,14.447365474444437
south-facilities:9011/12,ด่านตรวจ (ไม่ระบุชื่อ) หาดใหญ่,26,WNW,ประจิม-พายัพ,292.5,,— ว่าง —,,,,,,
south-facilities:9011/12,ด่านตรวจ (ไม่ระบุชื่อ) หาดใหญ่,27,NWbW,พายัพค่อนประจิม,303.75,,— ว่าง —,,,,,,
south-facilities:9011/12,ด่านตรวจ (ไม่ระบุชื่อ) หาดใหญ่,28,NW,พายัพ (ตต.เฉียงเหนือ),315.0,south-facilities:9011/11,สถานีตำรวจ (ไม่ระบุชื่อ) หาดใหญ่,สถานีตำรวจ,2.889,7.214,2.497,42.819859452539404,10.724869544255613
south-facilities:9011/12,ด่านตรวจ (ไม่ระบุชื่อ) หาดใหญ่,29,NWbN,พายัพค่อนเหนือ,326.25,south-facilities:9011/19,รพ.สต./สถานีอนามัย ศูนย์บริการสาธารณสุขตลาดพ่อพรหม,รพ.สต./สถานีอนามัย,2.59,4.366,1.686,42.819859452539404,174.20009021554694
south-facilities:9011/12,ด่านตรวจ (ไม่ระบุชื่อ) หาดใหญ่,30,NNW,เหนือ-พายัพ,337.5,south-facilities:9011/17,รพ.สต./สถานีอนามัย ศูนย์สุขภาพชุมชนวัดท่าเคียน,รพ.สต./สถานีอนามัย,2.24,3.976,1.775,42.819859452539404,37.32585428552144
south-facilities:9011/12,ด่านตรวจ (ไม่ระบุชื่อ) หาดใหญ่,31,NbW,เหนือค่อนประจิม,348.75,south-facilities:9011/18,รพ.สต./สถานีอนามัย ศูนย์สาธารณสุขมูลฐานชุมชนชุมชนไทยโฮเต็ล,รพ.สต./สถานีอนามัย,1.974,2.915,1.477,42.819859452539404,38.31334955770438
south-facilities:9011/13,สถานีตำรวจ Checkpoint,0,N,อุดร (เหนือ),0.0,,— ว่าง —,,,,,,
south-facilities:9011/13,สถานีตำรวจ Checkpoint,1,NbE,เหนือค่อนอีสาน,11.25,,— ว่าง —,,,,,,
south-facilities:9011/13,สถานีตำรวจ Checkpoint,2,NNE,เหนือ-อีสาน,22.5,,— ว่าง —,,,,,,
south-facilities:9011/13,สถานีตำรวจ Checkpoint,3,NEbN,อีสานค่อนเหนือ,33.75,,— ว่าง —,,,,,,
south-facilities:9011/13,สถานีตำรวจ Checkpoint,4,NE,อีสาน (ตอ.เฉียงเหนือ),45.0,south-facilities:9011/26,โรงพยาบาล โรงพยาบาลศิครินทร์หาดใหญ่,โรงพยาบาล,3.886,5.836,1.502,28.151848478902007,71.3143489287222
south-facilities:9011/13,สถานีตำรวจ Checkpoint,5,NEbE,อีสานค่อนบูรพา,56.25,south-facilities:9011/8,โรงพยาบาล โรงพยาบาลหาดใหญ่,โรงพยาบาล,3.283,5.244,1.597,28.151848478902007,67.15513309458458
south-facilities:9011/13,สถานีตำรวจ Checkpoint,6,ENE,บูรพา-อีสาน,67.5,south-facilities:9011/20,สถานีตำรวจ POLICE,สถานีตำรวจ,2.436,,,28.151848478902007,50.25064802016581
south-facilities:9011/13,สถานีตำรวจ Checkpoint,7,EbN,บูรพาค่อนเหนือ,78.75,south-facilities:9011/11,สถานีตำรวจ (ไม่ระบุชื่อ) หาดใหญ่,สถานีตำรวจ,0.594,1.712,2.883,28.151848478902007,10.724869544255613
south-facilities:9011/13,สถานีตำรวจ Checkpoint,8,E,บูรพา (ตะวันออก),90.0,south-facilities:9011/19,รพ.สต./สถานีอนามัย ศูนย์บริการสาธารณสุขตลาดพ่อพรหม,รพ.สต./สถานีอนามัย,1.146,3.413,2.979,28.151848478902007,174.20009021554694
south-facilities:9011/13,สถานีตำรวจ Checkpoint,9,EbS,บูรพาค่อนใต้,101.25,south-facilities:9011/17,รพ.สต./สถานีอนามัย ศูนย์สุขภาพชุมชนวัดท่าเคียน,รพ.สต./สถานีอนามัย,1.421,3.686,2.594,28.151848478902007,37.32585428552144
south-facilities:9011/13,สถานีตำรวจ Checkpoint,10,ESE,บูรพา-อาคเนย์,112.5,south-facilities:9012/2,สถานีตำรวจ (ไม่ระบุชื่อ) นาหม่อม,สถานีตำรวจ,12.787,16.635,1.301,28.151848478902007,27.68356801387466
south-facilities:9011/13,สถานีตำรวจ Checkpoint,11,SEbE,อาคเนย์ค่อนบูรพา,123.75,,— ว่าง —,,,,,,
south-facilities:9011/13,สถานีตำรวจ Checkpoint,12,SE,อาคเนย์ (ตอ.เฉียงใต้),135.0,south-facilities:9011/12,ด่านตรวจ (ไม่ระบุชื่อ) หาดใหญ่,ด่านตรวจ,3.258,6.719,2.062,28.151848478902007,42.819859452539404
south-facilities:9011/13,สถานีตำรวจ Checkpoint,13,SEbS,อาคเนย์ค่อนใต้,146.25,,— ว่าง —,,,,,,
south-facilities:9011/13,สถานีตำรวจ Checkpoint,14,SSE,ใต้-อาคเนย์,157.5,south-facilities:9011/31,รพ.สต./สถานีอนามัย (ไม่ระบุชื่อ) หาดใหญ่,รพ.สต./สถานีอนามัย,2.083,5.389,2.587,28.151848478902007,14.447365474444437
south-facilities:9011/13,สถานีตำรวจ Checkpoint,15,SbE,ใต้ค่อนบูรพา,168.75,south-facilities:9011/24,สถานีตำรวจ Police station bike rest spot,สถานีตำรวจ,19.298,23.87,1.237,28.151848478902007,27.542385122872986
south-facilities:9011/13,สถานีตำรวจ Checkpoint,16,S,ทักษิณ (ใต้),180.0,south-facilities:9010/4,สถานีตำรวจ (ไม่ระบุชื่อ) สะเดา,สถานีตำรวจ,23.568,28.392,1.205,28.151848478902007,42.88331437548496
south-facilities:9011/13,สถานีตำรวจ Checkpoint,17,SbW,ใต้ค่อนประจิม,191.25,,— ว่าง —,,,,,,
south-facilities:9011/13,สถานีตำรวจ Checkpoint,18,SSW,ใต้-หรดี,202.5,south-facilities:9016/3,โรงพยาบาล โรงพยาบาลกองบิน 56,โรงพยาบาล,8.596,11.016,1.281,28.151848478902007,701.182485491723
south-facilities:9011/13,สถานีตำรวจ Checkpoint,19,SWbS,หรดีค่อนใต้,213.75,south-facilities:9016/2,หน่วยทหาร กองบิน 56,หน่วยทหาร,9.718,12.668,1.304,28.151848478902007,414.33047122410613
south-facilities:9011/13,สถานีตำรวจ Checkpoint,20,SW,หรดี (ตต.เฉียงใต้),225.0,,— ว่าง —,,,,,,
south-facilities:9011/13,สถานีตำรวจ Checkpoint,21,SWbW,หรดีค่อนประจิม,236.25,,— ว่าง —,,,,,,
south-facilities:9011/13,สถานีตำรวจ Checkpoint,22,WSW,ประจิม-หรดี,247.5,,— ว่าง —,,,,,,
south-facilities:9011/13,สถานีตำรวจ Checkpoint,23,WbS,ประจิมค่อนใต้,258.75,,— ว่าง —,,,,,,
south-facilities:9011/13,สถานีตำรวจ Checkpoint,24,W,ประจิม (ตะวันตก),270.0,south-facilities:9011/6,จุดบรรเทาทุกข์ (ไม่ระบุชื่อ) หาดใหญ่,จุดบรรเทาทุกข์,8.927,9.35,1.047,28.151848478902007,1543.4484554191997
south-facilities:9011/13,สถานีตำรวจ Checkpoint,25,WbN,ประจิมค่อนเหนือ,281.25,,— ว่าง —,,,,,,
south-facilities:9011/13,สถานีตำรวจ Checkpoint,26,WNW,ประจิม-พายัพ,292.5,,— ว่าง —,,,,,,
south-facilities:9011/13,สถานีตำรวจ Checkpoint,27,NWbW,พายัพค่อนประจิม,303.75,,— ว่าง —,,,,,,
south-facilities:9011/13,สถานีตำรวจ Checkpoint,28,NW,พายัพ (ตต.เฉียงเหนือ),315.0,,— ว่าง —,,,,,,
south-facilities:9011/13,สถานีตำรวจ Checkpoint,29,NWbN,พายัพค่อนเหนือ,326.25,,— ว่าง —,,,,,,
south-facilities:9011/13,สถานีตำรวจ Checkpoint,30,NNW,เหนือ-พายัพ,337.5,south-facilities:9014/2,โรงพยาบาล (ไม่ระบุชื่อ) บางกล่ำ,โรงพยาบาล,11.173,19.589,1.753,28.151848478902007,699.7846369631073
south-facilities:9011/13,สถานีตำรวจ Checkpoint,31,NbW,เหนือค่อนประจิม,348.75,,— ว่าง —,,,,,,
south-facilities:9011/14,สถานีดับเพลิง สถานีดับเพลิง ศรีภูวนารถ,0,N,อุดร (เหนือ),0.0,,— ว่าง —,,,,,,
south-facilities:9011/14,สถานีดับเพลิง สถานีดับเพลิง ศรีภูวนารถ,1,NbE,เหนือค่อนอีสาน,11.25,south-facilities:9011,รพ.สต./สถานีอนามัย โพลีคลินิคเพชระหาดใหญ่,รพ.สต./สถานีอนามัย,2.004,2.484,1.24,21.10762502846869,35.39812252279343
south-facilities:9011/14,สถานีดับเพลิง สถานีดับเพลิง ศรีภูวนารถ,2,NNE,เหนือ-อีสาน,22.5,south-facilities:9011/10,สถานีดับเพลิง (ไม่ระบุชื่อ) หาดใหญ่,สถานีดับเพลิง,1.913,3.378,1.766,21.10762502846869,33.12103267884463
south-facilities:9011/14,สถานีดับเพลิง สถานีดับเพลิง ศรีภูวนารถ,3,NEbN,อีสานค่อนเหนือ,33.75,south-facilities:9011/33,โรงพยาบาล โรงพยาบาลกรุงเทพ-หาดใหญ่,โรงพยาบาล,2.563,3.581,1.397,21.10762502846869,40.19709403236935
south-facilities:9011/14,สถานีดับเพลิง สถานีดับเพลิง ศรีภูวนารถ,4,NE,อีสาน (ตอ.เฉียงเหนือ),45.0,south-facilities:9011/23,สถานีดับเพลิง Fire Station,สถานีดับเพลิง,0.01,0.0,0.0,21.10762502846869,11.38623467224762
south-facilities:9011/14,สถานีดับเพลิง สถานีดับเพลิง ศรีภูวนารถ,5,NEbE,อีสานค่อนบูรพา,56.25,,— ว่าง —,,,,,,
south-facilities:9011/14,สถานีดับเพลิง สถานีดับเพลิง ศรีภูวนารถ,6,ENE,บูรพา-อีสาน,67.5,south-facilities:9011/28,โรงพยาบาล โรงพยาบาลราษฎร์ยินดี,โรงพยาบาล,0.959,1.425,1.487,21.10762502846869,61.821339235119034
south-facilities:9011/14,สถานีดับเพลิง สถานีดับเพลิง ศรีภูวนารถ,7,EbN,บูรพาค่อนเหนือ,78.75,,— ว่าง —,,,,,,
south-facilities:9011/14,สถานีดับเพลิง สถานีดับเพลิง ศรีภูวนารถ,8,E,บูรพา (ตะวันออก),90.0,south-facilities:9003/2,ด่านตรวจ (ไม่ระบุชื่อ) จะนะ,ด่านตรวจ,23.353,32.807,1.405,21.10762502846869,0.03492864193374608
south-facilities:9011/14,สถานีดับเพลิง สถานีดับเพลิง ศรีภูวนารถ,9,EbS,บูรพาค่อนใต้,101.25,south-facilities:9012,โรงพยาบาล โรงพยาบาลนาหม่อม,โรงพยาบาล,12.608,17.593,1.395,21.10762502846869,166.50934497782745
south-facilities:9011/14,สถานีดับเพลิง สถานีดับเพลิง ศรีภูวนารถ,10,ESE,บูรพา-อาคเนย์,112.5,south-facilities:9012/2,สถานีตำรวจ (ไม่ระบุชื่อ) นาหม่อม,สถานีตำรวจ,9.889,12.222,1.236,21.10762502846869,27.68356801387466
south-facilities:9011/14,สถานีดับเพลิง สถานีดับเพลิง ศรีภูวนารถ,11,SEbE,อาคเนย์ค่อนบูรพา,123.75,,— ว่าง —,,,,,,
south-facilities:9011/14,สถานีดับเพลิง สถานีดับเพลิง ศรีภูวนารถ,12,SE,อาคเนย์ (ตอ.เฉียงใต้),135.0,,— ว่าง —,,,,,,
south-facilities:9011/14,สถานีดับเพลิง สถานีดับเพลิง ศรีภูวนารถ,13,SEbS,อาคเนย์ค่อนใต้,146.25,,— ว่าง —,,,,,,
south-facilities:9011/14,สถานีดับเพลิง สถานีดับเพลิง ศรีภูวนารถ,14,SSE,ใต้-อาคเนย์,157.5,,— ว่าง —,,,,,,
south-facilities:9011/14,สถานีดับเพลิง สถานีดับเพลิง ศรีภูวนารถ,15,SbE,ใต้ค่อนบูรพา,168.75,,— ว่าง —,,,,,,
south-facilities:9011/14,สถานีดับเพลิง สถานีดับเพลิง ศรีภูวนารถ,16,S,ทักษิณ (ใต้),180.0,south-facilities:9011/5,โรงพยาบาล สกรีนเมดคลินิก สาขาบ้านพรุ,โรงพยาบาล,5.738,7.184,1.252,21.10762502846869,29.68656475967559
south-facilities:9011/14,สถานีดับเพลิง สถานีดับเพลิง ศรีภูวนารถ,17,SbW,ใต้ค่อนประจิม,191.25,,— ว่าง —,,,,,,
south-facilities:9011/14,สถานีดับเพลิง สถานีดับเพลิง ศรีภูวนารถ,18,SSW,ใต้-หรดี,202.5,south-facilities:9011/12,ด่านตรวจ (ไม่ระบุชื่อ) หาดใหญ่,ด่านตรวจ,2.142,6.585,3.074,21.10762502846869,42.819859452539404
south-facilities:9011/14,สถานีดับเพลิง สถานีดับเพลิง ศรีภูวนารถ,19,SWbS,หรดีค่อนใต้,213.75,south-facilities:9016,โรงพยาบาล โรงพยาบาลคลองหอยโข่ง,โรงพยาบาล,13.231,17.061,1.289,21.10762502846869,84.70693826449626
south-facilities:9011/14,สถานีดับเพลิง สถานีดับเพลิง ศรีภูวนารถ,20,SW,หรดี (ตต.เฉียงใต้),225.0,south-facilities:9016/3,โรงพยาบาล โรงพยาบาลกองบิน 56,โรงพยาบาล,10.291,13.784,1.339,21.10762502846869,701.182485491723
south-facilities:9011/14,สถานีดับเพลิง สถานีดับเพลิง ศรีภูวนารถ,21,SWbW,หรดีค่อนประจิม,236.25,south-facilities:9011/31,รพ.สต./สถานีอนามัย (ไม่ระบุชื่อ) หาดใหญ่,รพ.สต./สถานีอนามัย,2.808,5.583,1.988,21.10762502846869,14.447365474444437
south-facilities:9011/14,สถานีดับเพลิง สถานีดับเพลิง ศรีภูวนารถ,22,WSW,ประจิม-หรดี,247.5,,— ว่าง —,,,,,,
south-facilities:9011/14,สถานีดับเพลิง สถานีดับเพลิง ศรีภูวนารถ,23,WbS,ประจิมค่อนใต้,258.75,,— ว่าง —,,,,,,
south-facilities:9011/14,สถานีดับเพลิง สถานีดับเพลิง ศรีภูวนารถ,24,W,ประจิม (ตะวันตก),270.0,south-facilities:9011/18,รพ.สต./สถานีอนามัย ศูนย์สาธารณสุขมูลฐานชุมชนชุมชนไทยโฮเต็ล,รพ.สต./สถานีอนามัย,1.01,1.097,1.086,21.10762502846869,38.31334955770438
south-facilities:9011/14,สถานีดับเพลิง สถานีดับเพลิง ศรีภูวนารถ,25,WbN,ประจิมค่อนเหนือ,281.25,,— ว่าง —,,,,,,
south-facilities:9011/14,สถานีดับเพลิง สถานีดับเพลิง ศรีภูวนารถ,26,WNW,ประจิม-พายัพ,292.5,south-facilities:9011/15,รพ.สต./สถานีอนามัย สมาคมวางแผนครอบครัวแห่งประเทศไทย สวท,รพ.สต./สถานีอนามัย,0.991,1.329,1.341,21.10762502846869,104.03189787623155
south-facilities:9011/14,สถานีดับเพลิง สถานีดับเพลิง ศรีภูวนารถ,27,NWbW,พายัพค่อนประจิม,303.75,,— ว่าง —,,,,,,
south-facilities:9011/14,สถานีดับเพลิง สถานีดับเพลิง ศรีภูวนารถ,28,NW,พายัพ (ตต.เฉียงเหนือ),315.0,south-facilities:9011/2,สถานีตำรวจ (ไม่ระบุชื่อ) หาดใหญ่,สถานีตำรวจ,1.255,1.801,1.435,21.10762502846869,54.994619553540105
south-facilities:9011/14,สถานีดับเพลิง สถานีดับเพลิง ศรีภูวนารถ,29,NWbN,พายัพค่อนเหนือ,326.25,south-facilities:9014/2,โรงพยาบาล (ไม่ระบุชื่อ) บางกล่ำ,โรงพยาบาล,12.676,23.274,1.836,21.10762502846869,699.7846369631073
south-facilities:9011/14,สถานีดับเพลิง สถานีดับเพลิง ศรีภูวนารถ,30,NNW,เหนือ-พายัพ,337.5,south-facilities:9011/29,สถานีตำรวจ (ไม่ระบุชื่อ) หาดใหญ่,สถานีตำรวจ,0.17,0.978,5.765,21.10762502846869,27.54552175293736
south-facilities:9011/14,สถานีดับเพลิง สถานีดับเพลิง ศรีภูวนารถ,31,NbW,เหนือค่อนประจิม,348.75,south-facilities:9011/30,โรงพยาบาล โรงพยาบาลหาดใหญ่,โรงพยาบาล,2.153,2.57,1.194,21.10762502846869,72.95603788261168
south-facilities:9011/15,รพ.สต./สถานีอนามัย สมาคมวางแผนครอบครัวแห่งประเทศไทย สวท,0,N,อุดร (เหนือ),0.0,south-facilities:9011/20,สถานีตำรวจ POLICE,สถานีตำรวจ,0.513,,,104.03189787623155,50.25064802016581
south-facilities:9011/15,รพ.สต./สถานีอนามัย สมาคมวางแผนครอบครัวแห่งประเทศไทย สวท,1,NbE,เหนือค่อนอีสาน,11.25,south-facilities:9011/2,สถานีตำรวจ (ไม่ระบุชื่อ) หาดใหญ่,สถานีตำรวจ,0.519,1.908,3.675,104.03189787623155,54.994619553540105
south-facilities:9011/15,รพ.สต./สถานีอนามัย สมาคมวางแผนครอบครัวแห่งประเทศไทย สวท,2,NNE,เหนือ-อีสาน,22.5,south-facilities:9011/30,โรงพยาบาล โรงพยาบาลหาดใหญ่,โรงพยาบาล,1.769,2.657,1.502,104.03189787623155,72.95603788261168
south-facilities:9011/15,รพ.สต./สถานีอนามัย สมาคมวางแผนครอบครัวแห่งประเทศไทย สวท,3,NEbN,อีสานค่อนเหนือ,33.75,south-facilities:9011,รพ.สต./สถานีอนามัย โพลีคลินิคเพชระหาดใหญ่,รพ.สต./สถานีอนามัย,1.925,2.57,1.335,104.03189787623155,35.39812252279343
south-facilities:9011/15,รพ.สต./สถานีอนามัย สมาคมวางแผนครอบครัวแห่งประเทศไทย สวท,4,NE,อีสาน (ตอ.เฉียงเหนือ),45.0,south-facilities:9001,รพ.สต./สถานีอนามัย Sampit,รพ.สต./สถานีอนามัย,19.261,24.34,1.264,104.03189787623155,33.823638752248094
south-facilities:9011/15,รพ.สต./สถานีอนามัย สมาคมวางแผนครอบครัวแห่งประเทศไทย สวท,5,NEbE,อีสานค่อนบูรพา,56.25,south-facilities:9011/10,สถานีดับเพลิง (ไม่ระบุชื่อ) หาดใหญ่,สถานีดับเพลิง,2.146,3.579,1.667,104.03189787623155,33.12103267884463
south-facilities:9011/15,รพ.สต./สถานีอนามัย สมาคมวางแผนครอบครัวแห่งประเทศไทย สวท,6,ENE,บูรพา-อีสาน,67.5,south-facilities:9011/9,โรงพยาบาล โรงพยาบาลค่ายเสนาณรงค์,โรงพยาบาล,4.384,5.686,1.297,104.03189787623155,106.89281366922243
south-facilities:9011/15,รพ.สต./สถานีอนามัย สมาคมวางแผนครอบครัวแห่งประเทศไทย สวท,7,EbN,บูรพาค่อนเหนือ,78.75,south-facilities:9011/4,รพ.สต./สถานีอนามัย The V-Sage clinic Hatyai เดอะวีสาจคลินิกหาดใหญ่,รพ.สต./สถานีอนามัย,3.027,4.037,1.334,104.03189787623155,19.074237954171714
south-facilities:9011/15,รพ.สต./สถานีอนามัย สมาคมวางแผนครอบครัวแห่งประเทศไทย สวท,8,E,บูรพา (ตะวันออก),90.0,south-facilities:9011/22,รพ.สต./สถานีอนามัย ชัชปวิตร,รพ.สต./สถานีอนามัย,0.718,1.552,2.161,104.03189787623155,32.78644715430826
south-facilities:9011/15,รพ.สต./สถานีอนามัย สมาคมวางแผนครอบครัวแห่งประเทศไทย สวท,9,EbS,บูรพาค่อนใต้,101.25,south-facilities:9012,โรงพยาบาล โรงพยาบาลนาหม่อม,โรงพยาบาล,13.549,18.742,1.383,104.03189787623155,166.50934497782745
south-facilities:9011/15,รพ.สต./สถานีอนามัย สมาคมวางแผนครอบครัวแห่งประเทศไทย สวท,10,ESE,บูรพา-อาคเนย์,112.5,south-facilities:9011/29,สถานีตำรวจ (ไม่ระบุชื่อ) หาดใหญ่,สถานีตำรวจ,0.879,1.979,2.252,104.03189787623155,27.54552175293736
south-facilities:9011/15,รพ.สต./สถานีอนามัย สมาคมวางแผนครอบครัวแห่งประเทศไทย สวท,11,SEbE,อาคเนย์ค่อนบูรพา,123.75,,— ว่าง —,,,,,,
south-facilities:9011/15,รพ.สต./สถานีอนามัย สมาคมวางแผนครอบครัวแห่งประเทศไทย สวท,12,SE,อาคเนย์ (ตอ.เฉียงใต้),135.0,,— ว่าง —,,,,,,
south-facilities:9011/15,รพ.สต./สถานีอนามัย สมาคมวางแผนครอบครัวแห่งประเทศไทย สวท,13,SEbS,อาคเนย์ค่อนใต้,146.25,,— ว่าง —,,,,,,
south-facilities:9011/15,รพ.สต./สถานีอนามัย สมาคมวางแผนครอบครัวแห่งประเทศไทย สวท,14,SSE,ใต้-อาคเนย์,157.5,,— ว่าง —,,,,,,
south-facilities:9011/15,รพ.สต./สถานีอนามัย สมาคมวางแผนครอบครัวแห่งประเทศไทย สวท,15,SbE,ใต้ค่อนบูรพา,168.75,south-facilities:9011/5,โรงพยาบาล สกรีนเมดคลินิก สาขาบ้านพรุ,โรงพยาบาล,6.228,7.29,1.17,104.03189787623155,29.68656475967559
south-facilities:9011/15,รพ.สต./สถานีอนามัย สมาคมวางแผนครอบครัวแห่งประเทศไทย สวท,16,S,ทักษิณ (ใต้),180.0,south-facilities:9011/12,ด่านตรวจ (ไม่ระบุชื่อ) หาดใหญ่,ด่านตรวจ,2.474,6.363,2.572,104.03189787623155,42.819859452539404
south-facilities:9011/15,รพ.สต./สถานีอนามัย สมาคมวางแผนครอบครัวแห่งประเทศไทย สวท,17,SbW,ใต้ค่อนประจิม,191.25,south-facilities:9011/18,รพ.สต./สถานีอนามัย ศูนย์สาธารณสุขมูลฐานชุมชนชุมชนไทยโฮเต็ล,รพ.สต./สถานีอนามัย,0.53,0.876,1.651,104.03189787623155,38.31334955770438
south-facilities:9011/15,รพ.สต./สถานีอนามัย สมาคมวางแผนครอบครัวแห่งประเทศไทย สวท,18,SSW,ใต้-หรดี,202.5,,— ว่าง —,,,,,,
south-facilities:9011/15,รพ.สต./สถานีอนามัย สมาคมวางแผนครอบครัวแห่งประเทศไทย สวท,19,SWbS,หรดีค่อนใต้,213.75,south-facilities:9011/31,รพ.สต./สถานีอนามัย (ไม่ระบุชื่อ) หาดใหญ่,รพ.สต./สถานีอนามัย,2.542,5.361,2.109,104.03189787623155,14.447365474444437
south-facilities:9011/15,รพ.สต./สถานีอนามัย สมาคมวางแผนครอบครัวแห่งประเทศไทย สวท,20,SW,หรดี (ตต.เฉียงใต้),225.0,south-facilities:9016/2,หน่วยทหาร กองบิน 56,หน่วยทหาร,11.357,15.214,1.34,104.03189787623155,414.33047122410613
south-facilities:9011/15,รพ.สต./สถานีอนามัย สมาคมวางแผนครอบครัวแห่งประเทศไทย สวท,21,SWbW,หรดีค่อนประจิม,236.25,south-facilities:9011/17,รพ.สต./สถานีอนามัย ศูนย์สุขภาพชุมชนวัดท่าเคียน,รพ.สต./สถานีอนามัย,0.959,1.723,1.796,104.03189787623155,37.32585428552144
south-facilities:9011/15,รพ.สต./สถานีอนามัย สมาคมวางแผนครอบครัวแห่งประเทศไทย สวท,22,WSW,ประจิม-หรดี,247.5,south-facilities:9011/21,รพ.สต./สถานีอนามัย สมาคมวางแผนครอบครัว สวท,รพ.สต./สถานีอนามัย,0.187,1.049,5.612,104.03189787623155,57.46313055844702
south-facilities:9011/15,รพ.สต./สถานีอนามัย สมาคมวางแผนครอบครัวแห่งประเทศไทย สวท,23,WbS,ประจิมค่อนใต้,258.75,south-facilities:9011/19,รพ.สต./สถานีอนามัย ศูนย์บริการสาธารณสุขตลาดพ่อพรหม,รพ.สต./สถานีอนามัย,1.124,1.45,1.29,104.03189787623155,174.20009021554694
south-facilities:9011/15,รพ.สต./สถานีอนามัย สมาคมวางแผนครอบครัวแห่งประเทศไทย สวท,24,W,ประจิม (ตะวันตก),270.0,south-facilities:9011/16,รพ.สต./สถานีอนามัย ศูนย์บริการสาธารณสุขโรงเรียนเทศบาล 2,รพ.สต./สถานีอนามัย,0.504,1.037,2.056,104.03189787623155,37.47768614583841
south-facilities:9011/15,รพ.สต./สถานีอนามัย สมาคมวางแผนครอบครัวแห่งประเทศไทย สวท,25,WbN,ประจิมค่อนเหนือ,281.25,,— ว่าง —,,,,,,
south-facilities:9011/15,รพ.สต./สถานีอนามัย สมาคมวางแผนครอบครัวแห่งประเทศไทย สวท,26,WNW,ประจิม-พายัพ,292.5,,— ว่าง —,,,,,,
south-facilities:9011/15,รพ.สต./สถานีอนามัย สมาคมวางแผนครอบครัวแห่งประเทศไทย สวท,27,NWbW,พายัพค่อนประจิม,303.75,,— ว่าง —,,,,,,
south-facilities:9011/15,รพ.สต./สถานีอนามัย สมาคมวางแผนครอบครัวแห่งประเทศไทย สวท,28,NW,พายัพ (ตต.เฉียงเหนือ),315.0,,— ว่าง —,,,,,,
south-facilities:9011/15,รพ.สต./สถานีอนามัย สมาคมวางแผนครอบครัวแห่งประเทศไทย สวท,29,NWbN,พายัพค่อนเหนือ,326.25,south-facilities:9014/2,โรงพยาบาล (ไม่ระบุชื่อ) บางกล่ำ,โรงพยาบาล,11.838,22.175,1.873,104.03189787623155,699.7846369631073
south-facilities:9011/15,รพ.สต./สถานีอนามัย สมาคมวางแผนครอบครัวแห่งประเทศไทย สวท,30,NNW,เหนือ-พายัพ,337.5,,— ว่าง —,,,,,,
south-facilities:9011/15,รพ.สต./สถานีอนามัย สมาคมวางแผนครอบครัวแห่งประเทศไทย สวท,31,NbW,เหนือค่อนประจิม,348.75,,— ว่าง —,,,,,,
south-facilities:9011/16,รพ.สต./สถานีอนามัย ศูนย์บริการสาธารณสุขโรงเรียนเทศบาล 2,0,N,อุดร (เหนือ),0.0,,— ว่าง —,,,,,,
south-facilities:9011/16,รพ.สต./สถานีอนามัย ศูนย์บริการสาธารณสุขโรงเรียนเทศบาล 2,1,NbE,เหนือค่อนอีสาน,11.25,,— ว่าง —,,,,,,
south-facilities:9011/16,รพ.สต./สถานีอนามัย ศูนย์บริการสาธารณสุขโรงเรียนเทศบาล 2,2,NNE,เหนือ-อีสาน,22.5,south-facilities:9011/8,โรงพยาบาล โรงพยาบาลหาดใหญ่,โรงพยาบาล,1.884,2.627,1.395,37.47768614583841,67.15513309458458
south-facilities:9011/16,รพ.สต./สถานีอนามัย ศูนย์บริการสาธารณสุขโรงเรียนเทศบาล 2,3,NEbN,อีสานค่อนเหนือ,33.75,south-facilities:9011/30,โรงพยาบาล โรงพยาบาลหาดใหญ่,โรงพยาบาล,1.977,2.729,1.38,37.47768614583841,72.95603788261168
south-facilities:9011/16,รพ.สต./สถานีอนามัย ศูนย์บริการสาธารณสุขโรงเรียนเทศบาล 2,4,NE,อีสาน (ตอ.เฉียงเหนือ),45.0,south-facilities:9011/20,สถานีตำรวจ POLICE,สถานีตำรวจ,0.751,,,37.47768614583841,50.25064802016581
south-facilities:9011/16,รพ.สต./สถานีอนามัย ศูนย์บริการสาธารณสุขโรงเรียนเทศบาล 2,5,NEbE,อีสานค่อนบูรพา,56.25,south-facilities:9011/10,สถานีดับเพลิง (ไม่ระบุชื่อ) หาดใหญ่,สถานีดับเพลิง,2.566,3.651,1.423,37.47768614583841,33.12103267884463
south-facilities:9011/16,รพ.สต./สถานีอนามัย ศูนย์บริการสาธารณสุขโรงเรียนเทศบาล 2,6,ENE,บูรพา-อีสาน,67.5,south-facilities:9011/9,โรงพยาบาล โรงพยาบาลค่ายเสนาณรงค์,โรงพยาบาล,4.835,5.758,1.191,37.47768614583841,106.89281366922243
south-facilities:9011/16,รพ.สต./สถานีอนามัย ศูนย์บริการสาธารณสุขโรงเรียนเทศบาล 2,7,EbN,บูรพาค่อนเหนือ,78.75,south-facilities:9011/4,รพ.สต./สถานีอนามัย The V-Sage clinic Hatyai เดอะวีสาจคลินิกหาดใหญ่,รพ.สต./สถานีอนามัย,3.528,4.288,1.215,37.47768614583841,19.074237954171714
south-facilities:9011/16,รพ.สต./สถานีอนามัย ศูนย์บริการสาธารณสุขโรงเรียนเทศบาล 2,8,E,บูรพา (ตะวันออก),90.0,south-facilities:9011/15,รพ.สต./สถานีอนามัย สมาคมวางแผนครอบครัวแห่งประเทศไทย สวท,รพ.สต./สถานีอนามัย,0.504,1.068,2.117,37.47768614583841,104.03189787623155
south-facilities:9011/16,รพ.สต./สถานีอนามัย ศูนย์บริการสาธารณสุขโรงเรียนเทศบาล 2,9,EbS,บูรพาค่อนใต้,101.25,south-facilities:9011/21,รพ.สต./สถานีอนามัย สมาคมวางแผนครอบครัว สวท,รพ.สต./สถานีอนามัย,0.332,1.155,3.48,37.47768614583841,57.46313055844702
south-facilities:9011/16,รพ.สต./สถานีอนามัย ศูนย์บริการสาธารณสุขโรงเรียนเทศบาล 2,10,ESE,บูรพา-อาคเนย์,112.5,south-facilities:9011/14,สถานีดับเพลิง สถานีดับเพลิง ศรีภูวนารถ,สถานีดับเพลิง,1.462,2.139,1.463,37.47768614583841,21.10762502846869
south-facilities:9011/16,รพ.สต./สถานีอนามัย ศูนย์บริการสาธารณสุขโรงเรียนเทศบาล 2,11,SEbE,อาคเนย์ค่อนบูรพา,123.75,,— ว่าง —,,,,,,
south-facilities:9011/16,รพ.สต./สถานีอนามัย ศูนย์บริการสาธารณสุขโรงเรียนเทศบาล 2,12,SE,อาคเนย์ (ตอ.เฉียงใต้),135.0,,— ว่าง —,,,,,,
south-facilities:9011/16,รพ.สต./สถานีอนามัย ศูนย์บริการสาธารณสุขโรงเรียนเทศบาล 2,13,SEbS,อาคเนย์ค่อนใต้,146.25,south-facilities:9011/18,รพ.สต./สถานีอนามัย ศูนย์สาธารณสุขมูลฐานชุมชนชุมชนไทยโฮเต็ล,รพ.สต./สถานีอนามัย,0.649,0.685,1.056,37.47768614583841,38.31334955770438
south-facilities:9011/16,รพ.สต./สถานีอนามัย ศูนย์บริการสาธารณสุขโรงเรียนเทศบาล 2,14,SSE,ใต้-อาคเนย์,157.5,,— ว่าง —,,,,,,
south-facilities:9011/16,รพ.สต./สถานีอนามัย ศูนย์บริการสาธารณสุขโรงเรียนเทศบาล 2,15,SbE,ใต้ค่อนบูรพา,168.75,south-facilities:9011/12,ด่านตรวจ (ไม่ระบุชื่อ) หาดใหญ่,ด่านตรวจ,2.567,6.28,2.446,37.47768614583841,42.819859452539404
south-facilities:9011/16,รพ.สต./สถานีอนามัย ศูนย์บริการสาธารณสุขโรงเรียนเทศบาล 2,16,S,ทักษิณ (ใต้),180.0,south-facilities:9011/24,สถานีตำรวจ Police station bike rest spot,สถานีตำรวจ,19.534,20.87,1.068,37.47768614583841,27.542385122872986
south-facilities:9011/16,รพ.สต./สถานีอนามัย ศูนย์บริการสาธารณสุขโรงเรียนเทศบาล 2,17,SbW,ใต้ค่อนประจิม,191.25,,— ว่าง —,,,,,,
south-facilities:9011/16,รพ.สต./สถานีอนามัย ศูนย์บริการสาธารณสุขโรงเรียนเทศบาล 2,18,SSW,ใต้-หรดี,202.5,south-facilities:9011/31,รพ.สต./สถานีอนามัย (ไม่ระบุชื่อ) หาดใหญ่,รพ.สต./สถานีอนามัย,2.325,5.278,2.27,37.47768614583841,14.447365474444437
south-facilities:9011/16,รพ.สต./สถานีอนามัย ศูนย์บริการสาธารณสุขโรงเรียนเทศบาล 2,19,SWbS,หรดีค่อนใต้,213.75,south-facilities:9011/17,รพ.สต./สถานีอนามัย ศูนย์สุขภาพชุมชนวัดท่าเคียน,รพ.สต./สถานีอนามัย,0.582,1.039,1.785,37.47768614583841,37.32585428552144
south-facilities:9011/16,รพ.สต./สถานีอนามัย ศูนย์บริการสาธารณสุขโรงเรียนเทศบาล 2,20,SW,หรดี (ตต.เฉียงใต้),225.0,south-facilities:9016/2,หน่วยทหาร กองบิน 56,หน่วยทหาร,11.025,14.57,1.322,37.47768614583841,414.33047122410613
south-facilities:9011/16,รพ.สต./สถานีอนามัย ศูนย์บริการสาธารณสุขโรงเรียนเทศบาล 2,21,SWbW,หรดีค่อนประจิม,236.25,,— ว่าง —,,,,,,
south-facilities:9011/16,รพ.สต./สถานีอนามัย ศูนย์บริการสาธารณสุขโรงเรียนเทศบาล 2,22,WSW,ประจิม-หรดี,247.5,south-facilities:9011/19,รพ.สต./สถานีอนามัย ศูนย์บริการสาธารณสุขตลาดพ่อพรหม,รพ.สต./สถานีอนามัย,0.639,0.766,1.198,37.47768614583841,174.20009021554694
south-facilities:9011/16,รพ.สต./สถานีอนามัย ศูนย์บริการสาธารณสุขโรงเรียนเทศบาล 2,23,WbS,ประจิมค่อนใต้,258.75,south-facilities:9011/11,สถานีตำรวจ (ไม่ระบุชื่อ) หาดใหญ่,สถานีตำรวจ,1.176,3.614,3.073,37.47768614583841,10.724869544255613
south-facilities:9011/16,รพ.สต./สถานีอนามัย ศูนย์บริการสาธารณสุขโรงเรียนเทศบาล 2,24,W,ประจิม (ตะวันตก),270.0,south-facilities:9011/6,จุดบรรเทาทุกข์ (ไม่ระบุชื่อ) หาดใหญ่,จุดบรรเทาทุกข์,10.677,11.252,1.054,37.47768614583841,1543.4484554191997
south-facilities:9011/16,รพ.สต./สถานีอนามัย ศูนย์บริการสาธารณสุขโรงเรียนเทศบาล 2,25,WbN,ประจิมค่อนเหนือ,281.25,,— ว่าง —,,,,,,
south-facilities:9011/16,รพ.สต./สถานีอนามัย ศูนย์บริการสาธารณสุขโรงเรียนเทศบาล 2,26,WNW,ประจิม-พายัพ,292.5,,— ว่าง —,,,,,,
south-facilities:9011/16,รพ.สต./สถานีอนามัย ศูนย์บริการสาธารณสุขโรงเรียนเทศบาล 2,27,NWbW,พายัพค่อนประจิม,303.75,,— ว่าง —,,,,,,
south-facilities:9011/16,รพ.สต./สถานีอนามัย ศูนย์บริการสาธารณสุขโรงเรียนเทศบาล 2,28,NW,พายัพ (ตต.เฉียงเหนือ),315.0,,— ว่าง —,,,,,,
south-facilities:9011/16,รพ.สต./สถานีอนามัย ศูนย์บริการสาธารณสุขโรงเรียนเทศบาล 2,29,NWbN,พายัพค่อนเหนือ,326.25,south-facilities:9014/2,โรงพยาบาล (ไม่ระบุชื่อ) บางกล่ำ,โรงพยาบาล,11.589,21.491,1.854,37.47768614583841,699.7846369631073
south-facilities:9011/16,รพ.สต./สถานีอนามัย ศูนย์บริการสาธารณสุขโรงเรียนเทศบาล 2,30,NNW,เหนือ-พายัพ,337.5,,— ว่าง —,,,,,,
south-facilities:9011/16,รพ.สต./สถานีอนามัย ศูนย์บริการสาธารณสุขโรงเรียนเทศบาล 2,31,NbW,เหนือค่อนประจิม,348.75,,— ว่าง —,,,,,,
south-facilities:9011/17,รพ.สต./สถานีอนามัย ศูนย์สุขภาพชุมชนวัดท่าเคียน,0,N,อุดร (เหนือ),0.0,,— ว่าง —,,,,,,
south-facilities:9011/17,รพ.สต./สถานีอนามัย ศูนย์สุขภาพชุมชนวัดท่าเคียน,1,NbE,เหนือค่อนอีสาน,11.25,,— ว่าง —,,,,,,
south-facilities:9011/17,รพ.สต./สถานีอนามัย ศูนย์สุขภาพชุมชนวัดท่าเคียน,2,NNE,เหนือ-อีสาน,22.5,south-facilities:9011/26,โรงพยาบาล โรงพยาบาลศิครินทร์หาดใหญ่,โรงพยาบาล,3.144,4.402,1.4,37.32585428552144,71.3143489287222
south-facilities:9011/17,รพ.สต./สถานีอนามัย ศูนย์สุขภาพชุมชนวัดท่าเคียน,3,NEbN,อีสานค่อนเหนือ,33.75,south-facilities:9011/16,รพ.สต./สถานีอนามัย ศูนย์บริการสาธารณสุขโรงเรียนเทศบาล 2,รพ.สต./สถานีอนามัย,0.582,1.566,2.692,37.32585428552144,37.47768614583841
south-facilities:9011/17,รพ.สต./สถานีอนามัย ศูนย์สุขภาพชุมชนวัดท่าเคียน,4,NE,อีสาน (ตอ.เฉียงเหนือ),45.0,south-facilities:9011/20,สถานีตำรวจ POLICE,สถานีตำรวจ,1.324,,,37.32585428552144,50.25064802016581
south-facilities:9011/17,รพ.สต./สถานีอนามัย ศูนย์สุขภาพชุมชนวัดท่าเคียน,5,NEbE,อีสานค่อนบูรพา,56.25,south-facilities:9011/21,รพ.สต./สถานีอนามัย สมาคมวางแผนครอบครัว สวท,รพ.สต./สถานีอนามัย,0.777,2.338,3.008,37.32585428552144,57.46313055844702
south-facilities:9011/17,รพ.สต./สถานีอนามัย ศูนย์สุขภาพชุมชนวัดท่าเคียน,6,ENE,บูรพา-อีสาน,67.5,,— ว่าง —,,,,,,
south-facilities:9011/17,รพ.สต./สถานีอนามัย ศูนย์สุขภาพชุมชนวัดท่าเคียน,7,EbN,บูรพาค่อนเหนือ,78.75,south-facilities:9011/22,รพ.สต./สถานีอนามัย ชัชปวิตร,รพ.สต./สถานีอนามัย,1.605,2.402,1.496,37.32585428552144,32.78644715430826
south-facilities:9011/17,รพ.สต./สถานีอนามัย ศูนย์สุขภาพชุมชนวัดท่าเคียน,8,E,บูรพา (ตะวันออก),90.0,south-facilities:9011/18,รพ.สต./สถานีอนามัย ศูนย์สาธารณสุขมูลฐานชุมชนชุมชนไทยโฮเต็ล,รพ.สต./สถานีอนามัย,0.716,1.152,1.61,37.32585428552144,38.31334955770438
south-facilities:9011/17,รพ.สต./สถานีอนามัย ศูนย์สุขภาพชุมชนวัดท่าเคียน,9,EbS,บูรพาค่อนใต้,101.25,south-facilities:9012,โรงพยาบาล โรงพยาบาลนาหม่อม,โรงพยาบาล,14.313,19.592,1.369,37.32585428552144,166.50934497782745
south-facilities:9011/17,รพ.สต./สถานีอนามัย ศูนย์สุขภาพชุมชนวัดท่าเคียน,10,ESE,บูรพา-อาคเนย์,112.5,south-facilities:9012/2,สถานีตำรวจ (ไม่ระบุชื่อ) นาหม่อม,สถานีตำรวจ,11.422,14.22,1.245,37.32585428552144,27.68356801387466
south-facilities:9011/17,รพ.สต./สถานีอนามัย ศูนย์สุขภาพชุมชนวัดท่าเคียน,11,SEbE,อาคเนย์ค่อนบูรพา,123.75,,— ว่าง —,,,,,,
south-facilities:9011/17,รพ.สต./สถานีอนามัย ศูนย์สุขภาพชุมชนวัดท่าเคียน,12,SE,อาคเนย์ (ตอ.เฉียงใต้),135.0,,— ว่าง —,,,,,,
south-facilities:9011/17,รพ.สต./สถานีอนามัย ศูนย์สุขภาพชุมชนวัดท่าเคียน,13,SEbS,อาคเนย์ค่อนใต้,146.25,,— ว่าง —,,,,,,
south-facilities:9011/17,รพ.สต./สถานีอนามัย ศูนย์สุขภาพชุมชนวัดท่าเคียน,14,SSE,ใต้-อาคเนย์,157.5,south-facilities:9011/12,ด่านตรวจ (ไม่ระบุชื่อ) หาดใหญ่,ด่านตรวจ,2.24,6.64,2.964,37.32585428552144,42.819859452539404
south-facilities:9011/17,รพ.สต./สถานีอนามัย ศูนย์สุขภาพชุมชนวัดท่าเคียน,15,SbE,ใต้ค่อนบูรพา,168.75,south-facilities:9011/5,โรงพยาบาล สกรีนเมดคลินิก สาขาบ้านพรุ,โรงพยาบาล,5.931,7.567,1.276,37.32585428552144,29.68656475967559
south-facilities:9011/17,รพ.สต./สถานีอนามัย ศูนย์สุขภาพชุมชนวัดท่าเคียน,16,S,ทักษิณ (ใต้),180.0,south-facilities:9011/24,สถานีตำรวจ Police station bike rest spot,สถานีตำรวจ,19.056,21.23,1.114,37.32585428552144,27.542385122872986
south-facilities:9011/17,รพ.สต./สถานีอนามัย ศูนย์สุขภาพชุมชนวัดท่าเคียน,17,SbW,ใต้ค่อนประจิม,191.25,south-facilities:9011/31,รพ.สต./สถานีอนามัย (ไม่ระบุชื่อ) หาดใหญ่,รพ.สต./สถานีอนามัย,1.765,5.638,3.194,37.32585428552144,14.447365474444437
south-facilities:9011/17,รพ.สต./สถานีอนามัย ศูนย์สุขภาพชุมชนวัดท่าเคียน,18,SSW,ใต้-หรดี,202.5,,— ว่าง —,,,,,,
south-facilities:9011/17,รพ.สต./สถานีอนามัย ศูนย์สุขภาพชุมชนวัดท่าเคียน,19,SWbS,หรดีค่อนใต้,213.75,south-facilities:9016/3,โรงพยาบาล โรงพยาบาลกองบิน 56,โรงพยาบาล,9.177,12.294,1.34,37.32585428552144,701.182485491723
south-facilities:9011/17,รพ.สต./สถานีอนามัย ศูนย์สุขภาพชุมชนวัดท่าเคียน,20,SW,หรดี (ตต.เฉียงใต้),225.0,south-facilities:9016/2,หน่วยทหาร กองบิน 56,หน่วยทหาร,10.447,13.947,1.335,37.32585428552144,414.33047122410613
south-facilities:9011/17,รพ.สต./สถานีอนามัย ศูนย์สุขภาพชุมชนวัดท่าเคียน,21,SWbW,หรดีค่อนประจิม,236.25,,— ว่าง —,,,,,,
south-facilities:9011/17,รพ.สต./สถานีอนามัย ศูนย์สุขภาพชุมชนวัดท่าเคียน,22,WSW,ประจิม-หรดี,247.5,,— ว่าง —,,,,,,
south-facilities:9011/17,รพ.สต./สถานีอนามัย ศูนย์สุขภาพชุมชนวัดท่าเคียน,23,WbS,ประจิมค่อนใต้,258.75,,— ว่าง —,,,,,,
south-facilities:9011/17,รพ.สต./สถานีอนามัย ศูนย์สุขภาพชุมชนวัดท่าเคียน,24,W,ประจิม (ตะวันตก),270.0,south-facilities:9011/6,จุดบรรเทาทุกข์ (ไม่ระบุชื่อ) หาดใหญ่,จุดบรรเทาทุกข์,10.336,11.284,1.092,37.32585428552144,1543.4484554191997
south-facilities:9011/17,รพ.สต./สถานีอนามัย ศูนย์สุขภาพชุมชนวัดท่าเคียน,25,WbN,ประจิมค่อนเหนือ,281.25,south-facilities:9011/11,สถานีตำรวจ (ไม่ระบุชื่อ) หาดใหญ่,สถานีตำรวจ,0.852,3.646,4.279,37.32585428552144,10.724869544255613
south-facilities:9011/17,รพ.สต./สถานีอนามัย ศูนย์สุขภาพชุมชนวัดท่าเคียน,26,WNW,ประจิม-พายัพ,292.5,,— ว่าง —,,,,,,
south-facilities:9011/17,รพ.สต./สถานีอนามัย ศูนย์สุขภาพชุมชนวัดท่าเคียน,27,NWbW,พายัพค่อนประจิม,303.75,,— ว่าง —,,,,,,
south-facilities:9011/17,รพ.สต./สถานีอนามัย ศูนย์สุขภาพชุมชนวัดท่าเคียน,28,NW,พายัพ (ตต.เฉียงเหนือ),315.0,south-facilities:9011/19,รพ.สต./สถานีอนามัย ศูนย์บริการสาธารณสุขตลาดพ่อพรหม,รพ.สต./สถานีอนามัย,0.368,0.797,2.165,37.32585428552144,174.20009021554694
south-facilities:9011/17,รพ.สต./สถานีอนามัย ศูนย์สุขภาพชุมชนวัดท่าเคียน,29,NWbN,พายัพค่อนเหนือ,326.25,,— ว่าง —,,,,,,
south-facilities:9011/17,รพ.สต./สถานีอนามัย ศูนย์สุขภาพชุมชนวัดท่าเคียน,30,NNW,เหนือ-พายัพ,337.5,south-facilities:9014/2,โรงพยาบาล (ไม่ระบุชื่อ) บางกล่ำ,โรงพยาบาล,11.87,21.523,1.813,37.32585428552144,699.7846369631073
south-facilities:9011/17,รพ.สต./สถานีอนามัย ศูนย์สุขภาพชุมชนวัดท่าเคียน,31,NbW,เหนือค่อนประจิม,348.75,,— ว่าง —,,,,,,
south-facilities:9011/18,รพ.สต./สถานีอนามัย ศูนย์สาธารณสุขมูลฐานชุมชนชุมชนไทยโฮเต็ล,0,N,อุดร (เหนือ),0.0,,— ว่าง —,,,,,,
south-facilities:9011/18,รพ.สต./สถานีอนามัย ศูนย์สาธารณสุขมูลฐานชุมชนชุมชนไทยโฮเต็ล,1,NbE,เหนือค่อนอีสาน,11.25,south-facilities:9011/15,รพ.สต./สถานีอนามัย สมาคมวางแผนครอบครัวแห่งประเทศไทย สวท,รพ.สต./สถานีอนามัย,0.53,0.845,1.593,38.31334955770438,104.03189787623155
south-facilities:9011/18,รพ.สต./สถานีอนามัย ศูนย์สาธารณสุขมูลฐานชุมชนชุมชนไทยโฮเต็ล,2,NNE,เหนือ-อีสาน,22.5,south-facilities:9015/2,รพ.สต./สถานีอนามัย (ไม่ระบุชื่อ) สิงหนคร,รพ.สต./สถานีอนามัย,24.71,38.699,1.566,38.31334955770438,219.61463642796394
south-facilities:9011/18,รพ.สต./สถานีอนามัย ศูนย์สาธารณสุขมูลฐานชุมชนชุมชนไทยโฮเต็ล,3,NEbN,อีสานค่อนเหนือ,33.75,south-facilities:9011,รพ.สต./สถานีอนามัย โพลีคลินิคเพชระหาดใหญ่,รพ.สต./สถานีอนามัย,2.421,3.288,1.358,38.31334955770438,35.39812252279343
south-facilities:9011/18,รพ.สต./สถานีอนามัย ศูนย์สาธารณสุขมูลฐานชุมชนชุมชนไทยโฮเต็ล,4,NE,อีสาน (ตอ.เฉียงเหนือ),45.0,south-facilities:9011/10,สถานีดับเพลิง (ไม่ระบุชื่อ) หาดใหญ่,สถานีดับเพลิง,2.574,4.182,1.625,38.31334955770438,33.12103267884463
south-facilities:9011/18,รพ.สต./สถานีอนามัย ศูนย์สาธารณสุขมูลฐานชุมชนชุมชนไทยโฮเต็ล,5,NEbE,อีสานค่อนบูรพา,56.25,south-facilities:9011/22,รพ.สต./สถานีอนามัย ชัชปวิตร,รพ.สต./สถานีอนามัย,0.954,1.356,1.422,38.31334955770438,32.78644715430826
south-facilities:9011/18,รพ.สต./สถานีอนามัย ศูนย์สาธารณสุขมูลฐานชุมชนชุมชนไทยโฮเต็ล,6,ENE,บูรพา-อีสาน,67.5,south-facilities:9011/32,โรงพยาบาล โรงพยาบาลสงขลานครินทร์,โรงพยาบาล,3.63,4.362,1.202,38.31334955770438,146.08742612568585
south-facilities:9011/18,รพ.สต./สถานีอนามัย ศูนย์สาธารณสุขมูลฐานชุมชนชุมชนไทยโฮเต็ล,7,EbN,บูรพาค่อนเหนือ,78.75,south-facilities:9011/29,สถานีตำรวจ (ไม่ระบุชื่อ) หาดใหญ่,สถานีตำรวจ,0.981,1.783,1.817,38.31334955770438,27.54552175293736
south-facilities:9011/18,รพ.สต./สถานีอนามัย ศูนย์สาธารณสุขมูลฐานชุมชนชุมชนไทยโฮเต็ล,8,E,บูรพา (ตะวันออก),90.0,south-facilities:9011/14,สถานีดับเพลิง สถานีดับเพลิง ศรีภูวนารถ,สถานีดับเพลิง,1.01,1.454,1.439,38.31334955770438,21.10762502846869
south-facilities:9011/18,รพ.สต./สถานีอนามัย ศูนย์สาธารณสุขมูลฐานชุมชนชุมชนไทยโฮเต็ล,9,EbS,บูรพาค่อนใต้,101.25,south-facilities:9012,โรงพยาบาล โรงพยาบาลนาหม่อม,โรงพยาบาล,13.598,18.546,1.364,38.31334955770438,166.50934497782745
south-facilities:9011/18,รพ.สต./สถานีอนามัย ศูนย์สาธารณสุขมูลฐานชุมชนชุมชนไทยโฮเต็ล,10,ESE,บูรพา-อาคเนย์,112.5,south-facilities:9012/2,สถานีตำรวจ (ไม่ระบุชื่อ) นาหม่อม,สถานีตำรวจ,10.754,13.175,1.225,38.31334955770438,27.68356801387466
south-facilities:9011/18,รพ.สต./สถานีอนามัย ศูนย์สาธารณสุขมูลฐานชุมชนชุมชนไทยโฮเต็ล,11,SEbE,อาคเนย์ค่อนบูรพา,123.75,,— ว่าง —,,,,,,
south-facilities:9011/18,รพ.สต./สถานีอนามัย ศูนย์สาธารณสุขมูลฐานชุมชนชุมชนไทยโฮเต็ล,12,SE,อาคเนย์ (ตอ.เฉียงใต้),135.0,,— ว่าง —,,,,,,
south-facilities:9011/18,รพ.สต./สถานีอนามัย ศูนย์สาธารณสุขมูลฐานชุมชนชุมชนไทยโฮเต็ล,13,SEbS,อาคเนย์ค่อนใต้,146.25,,— ว่าง —,,,,,,
south-facilities:9011/18,รพ.สต./สถานีอนามัย ศูนย์สาธารณสุขมูลฐานชุมชนชุมชนไทยโฮเต็ล,14,SSE,ใต้-อาคเนย์,157.5,,— ว่าง —,,,,,,
south-facilities:9011/18,รพ.สต./สถานีอนามัย ศูนย์สาธารณสุขมูลฐานชุมชนชุมชนไทยโฮเต็ล,15,SbE,ใต้ค่อนบูรพา,168.75,south-facilities:9011/12,ด่านตรวจ (ไม่ระบุชื่อ) หาดใหญ่,ด่านตรวจ,1.974,5.595,2.834,38.31334955770438,42.819859452539404
south-facilities:9011/18,รพ.สต./สถานีอนามัย ศูนย์สาธารณสุขมูลฐานชุมชนชุมชนไทยโฮเต็ล,16,S,ทักษิณ (ใต้),180.0,south-facilities:9011/24,สถานีตำรวจ Police station bike rest spot,สถานีตำรวจ,19.017,20.185,1.061,38.31334955770438,27.542385122872986
south-facilities:9011/18,รพ.สต./สถานีอนามัย ศูนย์สาธารณสุขมูลฐานชุมชนชุมชนไทยโฮเต็ล,17,SbW,ใต้ค่อนประจิม,191.25,,— ว่าง —,,,,,,
south-facilities:9011/18,รพ.สต./สถานีอนามัย ศูนย์สาธารณสุขมูลฐานชุมชนชุมชนไทยโฮเต็ล,18,SSW,ใต้-หรดี,202.5,,— ว่าง —,,,,,,
south-facilities:9011/18,รพ.สต./สถานีอนามัย ศูนย์สาธารณสุขมูลฐานชุมชนชุมชนไทยโฮเต็ล,19,SWbS,หรดีค่อนใต้,213.75,south-facilities:9011/31,รพ.สต./สถานีอนามัย (ไม่ระบุชื่อ) หาดใหญ่,รพ.สต./สถานีอนามัย,2.046,4.593,2.245,38.31334955770438,14.447365474444437
south-facilities:9011/18,รพ.สต./สถานีอนามัย ศูนย์สาธารณสุขมูลฐานชุมชนชุมชนไทยโฮเต็ล,20,SW,หรดี (ตต.เฉียงใต้),225.0,south-facilities:9016/2,หน่วยทหาร กองบิน 56,หน่วยทหาร,10.9,14.445,1.325,38.31334955770438,414.33047122410613
south-facilities:9011/18,รพ.สต./สถานีอนามัย ศูนย์สาธารณสุขมูลฐานชุมชนชุมชนไทยโฮเต็ล,21,SWbW,หรดีค่อนประจิม,236.25,,— ว่าง —,,,,,,
south-facilities:9011/18,รพ.สต./สถานีอนามัย ศูนย์สาธารณสุขมูลฐานชุมชนชุมชนไทยโฮเต็ล,22,WSW,ประจิม-หรดี,247.5,,— ว่าง —,,,,,,
south-facilities:9011/18,รพ.สต./สถานีอนามัย ศูนย์สาธารณสุขมูลฐานชุมชนชุมชนไทยโฮเต็ล,23,WbS,ประจิมค่อนใต้,258.75,,— ว่าง —,,,,,,
south-facilities:9011/18,รพ.สต./สถานีอนามัย ศูนย์สาธารณสุขมูลฐานชุมชนชุมชนไทยโฮเต็ล,24,W,ประจิม (ตะวันตก),270.0,south-facilities:9011/17,รพ.สต./สถานีอนามัย ศูนย์สุขภาพชุมชนวัดท่าเคียน,รพ.สต./สถานีอนามัย,0.716,1.168,1.632,38.31334955770438,37.32585428552144
south-facilities:9011/18,รพ.สต./สถานีอนามัย ศูนย์สาธารณสุขมูลฐานชุมชนชุมชนไทยโฮเต็ล,25,WbN,ประจิมค่อนเหนือ,281.25,south-facilities:9011/19,รพ.สต./สถานีอนามัย ศูนย์บริการสาธารณสุขตลาดพ่อพรหม,รพ.สต./สถานีอนามัย,1.026,1.451,1.414,38.31334955770438,174.20009021554694
south-facilities:9011/18,รพ.สต./สถานีอนามัย ศูนย์สาธารณสุขมูลฐานชุมชนชุมชนไทยโฮเต็ล,26,WNW,ประจิม-พายัพ,292.5,,— ว่าง —,,,,,,
south-facilities:9011/18,รพ.สต./สถานีอนามัย ศูนย์สาธารณสุขมูลฐานชุมชนชุมชนไทยโฮเต็ล,27,NWbW,พายัพค่อนประจิม,303.75,,— ว่าง —,,,,,,
south-facilities:9011/18,รพ.สต./สถานีอนามัย ศูนย์สาธารณสุขมูลฐานชุมชนชุมชนไทยโฮเต็ล,28,NW,พายัพ (ตต.เฉียงเหนือ),315.0,,— ว่าง —,,,,,,
south-facilities:9011/18,รพ.สต./สถานีอนามัย ศูนย์สาธารณสุขมูลฐานชุมชนชุมชนไทยโฮเต็ล,29,NWbN,พายัพค่อนเหนือ,326.25,south-facilities:9011/16,รพ.สต./สถานีอนามัย ศูนย์บริการสาธารณสุขโรงเรียนเทศบาล 2,รพ.สต./สถานีอนามัย,0.649,0.685,1.056,38.31334955770438,37.47768614583841
south-facilities:9011/18,รพ.สต./สถานีอนามัย ศูนย์สาธารณสุขมูลฐานชุมชนชุมชนไทยโฮเต็ล,30,NNW,เหนือ-พายัพ,337.5,,— ว่าง —,,,,,,
south-facilities:9011/18,รพ.สต./สถานีอนามัย ศูนย์สาธารณสุขมูลฐานชุมชนชุมชนไทยโฮเต็ล,31,NbW,เหนือค่อนประจิม,348.75,south-facilities:9011/21,รพ.สต./สถานีอนามัย สมาคมวางแผนครอบครัว สวท,รพ.สต./สถานีอนามัย,0.464,1.841,3.97,38.31334955770438,57.46313055844702
south-facilities:9011/19,รพ.สต./สถานีอนามัย ศูนย์บริการสาธารณสุขตลาดพ่อพรหม,0,N,อุดร (เหนือ),0.0,,— ว่าง —,,,,,,
south-facilities:9011/19,รพ.สต./สถานีอนามัย ศูนย์บริการสาธารณสุขตลาดพ่อพรหม,1,NbE,เหนือค่อนอีสาน,11.25,,— ว่าง —,,,,,,
south-facilities:9011/19,รพ.สต./สถานีอนามัย ศูนย์บริการสาธารณสุขตลาดพ่อพรหม,2,NNE,เหนือ-อีสาน,22.5,,— ว่าง —,,,,,,
south-facilities:9011/19,รพ.สต./สถานีอนามัย ศูนย์บริการสาธารณสุขตลาดพ่อพรหม,3,NEbN,อีสานค่อนเหนือ,33.75,south-facilities:9011/8,โรงพยาบาล โรงพยาบาลหาดใหญ่,โรงพยาบาล,2.402,3.653,1.521,174.20009021554694,67.15513309458458
south-facilities:9011/19,รพ.สต./สถานีอนามัย ศูนย์บริการสาธารณสุขตลาดพ่อพรหม,4,NE,อีสาน (ตอ.เฉียงเหนือ),45.0,south-facilities:9011/30,โรงพยาบาล โรงพยาบาลหาดใหญ่,โรงพยาบาล,2.515,3.755,1.493,174.20009021554694,72.95603788261168
south-facilities:9011/19,รพ.สต./สถานีอนามัย ศูนย์บริการสาธารณสุขตลาดพ่อพรหม,5,NEbE,อีสานค่อนบูรพา,56.25,south-facilities:9011/20,สถานีตำรวจ POLICE,สถานีตำรวจ,1.366,,,174.20009021554694,50.25064802016581
south-facilities:9011/19,รพ.สต./สถานีอนามัย ศูนย์บริการสาธารณสุขตลาดพ่อพรหม,6,ENE,บูรพา-อีสาน,67.5,south-facilities:9011/16,รพ.สต./สถานีอนามัย ศูนย์บริการสาธารณสุขโรงเรียนเทศบาล 2,รพ.สต./สถานีอนามัย,0.639,1.41,2.206,174.20009021554694,37.47768614583841
south-facilities:9011/19,รพ.สต./สถานีอนามัย ศูนย์บริการสาธารณสุขตลาดพ่อพรหม,7,EbN,บูรพาค่อนเหนือ,78.75,south-facilities:9011/21,รพ.สต./สถานีอนามัย สมาคมวางแผนครอบครัว สวท,รพ.สต./สถานีอนามัย,0.938,2.181,2.325,174.20009021554694,57.46313055844702
south-facilities:9011/19,รพ.สต./สถานีอนามัย ศูนย์บริการสาธารณสุขตลาดพ่อพรหม,8,E,บูรพา (ตะวันออก),90.0,south-facilities:9011/29,สถานีตำรวจ (ไม่ระบุชื่อ) หาดใหญ่,สถานีตำรวจ,1.935,3.594,1.857,174.20009021554694,27.54552175293736
south-facilities:9011/19,รพ.สต./สถานีอนามัย ศูนย์บริการสาธารณสุขตลาดพ่อพรหม,9,EbS,บูรพาค่อนใต้,101.25,south-facilities:9011/18,รพ.สต./สถานีอนามัย ศูนย์สาธารณสุขมูลฐานชุมชนชุมชนไทยโฮเต็ล,รพ.สต./สถานีอนามัย,1.026,2.095,2.043,174.20009021554694,38.31334955770438
south-facilities:9011/19,รพ.สต./สถานีอนามัย ศูนย์บริการสาธารณสุขตลาดพ่อพรหม,10,ESE,บูรพา-อาคเนย์,112.5,south-facilities:9012/2,สถานีตำรวจ (ไม่ระบุชื่อ) นาหม่อม,สถานีตำรวจ,11.77,15.27,1.297,174.20009021554694,27.68356801387466
south-facilities:9011/19,รพ.สต./สถานีอนามัย ศูนย์บริการสาธารณสุขตลาดพ่อพรหม,11,SEbE,อาคเนย์ค่อนบูรพา,123.75,,— ว่าง —,,,,,,
south-facilities:9011/19,รพ.สต./สถานีอนามัย ศูนย์บริการสาธารณสุขตลาดพ่อพรหม,12,SE,อาคเนย์ (ตอ.เฉียงใต้),135.0,south-facilities:9011/17,รพ.สต./สถานีอนามัย ศูนย์สุขภาพชุมชนวัดท่าเคียน,รพ.สต./สถานีอนามัย,0.368,2.096,5.69,174.20009021554694,37.32585428552144
south-facilities:9011/19,รพ.สต./สถานีอนามัย ศูนย์บริการสาธารณสุขตลาดพ่อพรหม,13,SEbS,อาคเนย์ค่อนใต้,146.25,south-facilities:9011/12,ด่านตรวจ (ไม่ระบุชื่อ) หาดใหญ่,ด่านตรวจ,2.59,7.69,2.969,174.20009021554694,42.819859452539404
south-facilities:9011/19,รพ.สต./สถานีอนามัย ศูนย์บริการสาธารณสุขตลาดพ่อพรหม,14,SSE,ใต้-อาคเนย์,157.5,south-facilities:9011/5,โรงพยาบาล สกรีนเมดคลินิก สาขาบ้านพรุ,โรงพยาบาล,6.251,8.617,1.378,174.20009021554694,29.68656475967559
south-facilities:9011/19,รพ.สต./สถานีอนามัย ศูนย์บริการสาธารณสุขตลาดพ่อพรหม,15,SbE,ใต้ค่อนบูรพา,168.75,,— ว่าง —,,,,,,
south-facilities:9011/19,รพ.สต./สถานีอนามัย ศูนย์บริการสาธารณสุขตลาดพ่อพรหม,16,S,ทักษิณ (ใต้),180.0,south-facilities:9011/24,สถานีตำรวจ Police station bike rest spot,สถานีตำรวจ,19.314,22.28,1.154,174.20009021554694,27.542385122872986
south-facilities:9011/19,รพ.สต./สถานีอนามัย ศูนย์บริการสาธารณสุขตลาดพ่อพรหม,17,SbW,ใต้ค่อนประจิม,191.25,south-facilities:9011/31,รพ.สต./สถานีอนามัย (ไม่ระบุชื่อ) หาดใหญ่,รพ.สต./สถานีอนามัย,1.961,6.525,3.327,174.20009021554694,14.447365474444437
south-facilities:9011/19,รพ.สต./สถานีอนามัย ศูนย์บริการสาธารณสุขตลาดพ่อพรหม,18,SSW,ใต้-หรดี,202.5,,— ว่าง —,,,,,,
south-facilities:9011/19,รพ.สต./สถานีอนามัย ศูนย์บริการสาธารณสุขตลาดพ่อพรหม,19,SWbS,หรดีค่อนใต้,213.75,south-facilities:9016/3,โรงพยาบาล โรงพยาบาลกองบิน 56,โรงพยาบาล,9.236,12.152,1.316,174.20009021554694,701.182485491723
south-facilities:9011/19,รพ.สต./สถานีอนามัย ศูนย์บริการสาธารณสุขตลาดพ่อพรหม,20,SW,หรดี (ตต.เฉียงใต้),225.0,,— ว่าง —,,,,,,
south-facilities:9011/19,รพ.สต./สถานีอนามัย ศูนย์บริการสาธารณสุขตลาดพ่อพรหม,21,SWbW,หรดีค่อนประจิม,236.25,,— ว่าง —,,,,,,
south-facilities:9011/19,รพ.สต./สถานีอนามัย ศูนย์บริการสาธารณสุขตลาดพ่อพรหม,22,WSW,ประจิม-หรดี,247.5,,— ว่าง —,,,,,,
south-facilities:9011/19,รพ.สต./สถานีอนามัย ศูนย์บริการสาธารณสุขตลาดพ่อพรหม,23,WbS,ประจิมค่อนใต้,258.75,,— ว่าง —,,,,,,
south-facilities:9011/19,รพ.สต./สถานีอนามัย ศูนย์บริการสาธารณสุขตลาดพ่อพรหม,24,W,ประจิม (ตะวันตก),270.0,south-facilities:9011/11,สถานีตำรวจ (ไม่ระบุชื่อ) หาดใหญ่,สถานีตำรวจ,0.552,2.848,5.156,174.20009021554694,10.724869544255613
south-facilities:9011/19,รพ.สต./สถานีอนามัย ศูนย์บริการสาธารณสุขตลาดพ่อพรหม,25,WbN,ประจิมค่อนเหนือ,281.25,,— ว่าง —,,,,,,
south-facilities:9011/19,รพ.สต./สถานีอนามัย ศูนย์บริการสาธารณสุขตลาดพ่อพรหม,26,WNW,ประจิม-พายัพ,292.5,,— ว่าง —,,,,,,
south-facilities:9011/19,รพ.สต./สถานีอนามัย ศูนย์บริการสาธารณสุขตลาดพ่อพรหม,27,NWbW,พายัพค่อนประจิม,303.75,,— ว่าง —,,,,,,
south-facilities:9011/19,รพ.สต./สถานีอนามัย ศูนย์บริการสาธารณสุขตลาดพ่อพรหม,28,NW,พายัพ (ตต.เฉียงเหนือ),315.0,,— ว่าง —,,,,,,
south-facilities:9011/19,รพ.สต./สถานีอนามัย ศูนย์บริการสาธารณสุขตลาดพ่อพรหม,29,NWbN,พายัพค่อนเหนือ,326.25,south-facilities:9013,โรงพยาบาล โรงพยาบาลควนเนียง,โรงพยาบาล,24.792,34.609,1.396,174.20009021554694,89.11545967648793
south-facilities:9011/19,รพ.สต./สถานีอนามัย ศูนย์บริการสาธารณสุขตลาดพ่อพรหม,30,NNW,เหนือ-พายัพ,337.5,south-facilities:9014/2,โรงพยาบาล (ไม่ระบุชื่อ) บางกล่ำ,โรงพยาบาล,11.528,20.726,1.798,174.20009021554694,699.7846369631073
south-facilities:9011/19,รพ.สต./สถานีอนามัย ศูนย์บริการสาธารณสุขตลาดพ่อพรหม,31,NbW,เหนือค่อนประจิม,348.75,,— ว่าง —,,,,,,
south-facilities:9011/20,สถานีตำรวจ POLICE,0,N,อุดร (เหนือ),0.0,,— ว่าง —,,,,,,
south-facilities:9011/20,สถานีตำรวจ POLICE,1,NbE,เหนือค่อนอีสาน,11.25,south-facilities:9011/8,โรงพยาบาล โรงพยาบาลหาดใหญ่,โรงพยาบาล,1.203,,,50.25064802016581,67.15513309458458
south-facilities:9011/20,สถานีตำรวจ POLICE,2,NNE,เหนือ-อีสาน,22.5,south-facilities:9011/30,โรงพยาบาล โรงพยาบาลหาดใหญ่,โรงพยาบาล,1.272,,,50.25064802016581,72.95603788261168
south-facilities:9011/20,สถานีตำรวจ POLICE,3,NEbN,อีสานค่อนเหนือ,33.75,south-facilities:9001/6,โรงพยาบาล โรงพยาบาลสงขลา,โรงพยาบาล,18.635,,,50.25064802016581,312.9522554864306
south-facilities:9011/20,สถานีตำรวจ POLICE,4,NE,อีสาน (ตอ.เฉียงเหนือ),45.0,south-facilities:9011,รพ.สต./สถานีอนามัย โพลีคลินิคเพชระหาดใหญ่,รพ.สต./สถานีอนามัย,1.508,,,50.25064802016581,35.39812252279343
south-facilities:9011/20,สถานีตำรวจ POLICE,5,NEbE,อีสานค่อนบูรพา,56.25,,— ว่าง —,,,,,,
south-facilities:9011/20,สถานีตำรวจ POLICE,6,ENE,บูรพา-อีสาน,67.5,south-facilities:9011/10,สถานีดับเพลิง (ไม่ระบุชื่อ) หาดใหญ่,สถานีดับเพลิง,1.84,,,50.25064802016581,33.12103267884463
south-facilities:9011/20,สถานีตำรวจ POLICE,7,EbN,บูรพาค่อนเหนือ,78.75,south-facilities:9011/2,สถานีตำรวจ (ไม่ระบุชื่อ) หาดใหญ่,สถานีตำรวจ,0.022,,,50.25064802016581,54.994619553540105
south-facilities:9011/20,สถานีตำรวจ POLICE,8,E,บูรพา (ตะวันออก),90.0,south-facilities:9011/4,รพ.สต./สถานีอนามัย The V-Sage clinic Hatyai เดอะวีสาจคลินิกหาดใหญ่,รพ.สต./สถานีอนามัย,2.965,,,50.25064802016581,19.074237954171714
south-facilities:9011/20,สถานีตำรวจ POLICE,9,EbS,บูรพาค่อนใต้,101.25,south-facilities:9012,โรงพยาบาล โรงพยาบาลนาหม่อม,โรงพยาบาล,13.586,,,50.25064802016581,166.50934497782745
south-facilities:9011/20,สถานีตำรวจ POLICE,10,ESE,บูรพา-อาคเนย์,112.5,south-facilities:9011/28,โรงพยาบาล โรงพยาบาลราษฎร์ยินดี,โรงพยาบาล,1.852,,,50.25064802016581,61.821339235119034
south-facilities:9011/20,สถานีตำรวจ POLICE,11,SEbE,อาคเนย์ค่อนบูรพา,123.75,south-facilities:9012/2,สถานีตำรวจ (ไม่ระบุชื่อ) นาหม่อม,สถานีตำรวจ,11.084,,,50.25064802016581,27.68356801387466
south-facilities:9011/20,สถานีตำรวจ POLICE,12,SE,อาคเนย์ (ตอ.เฉียงใต้),135.0,south-facilities:9011/22,รพ.สต./สถานีอนามัย ชัชปวิตร,รพ.สต./สถานีอนามัย,0.873,,,50.25064802016581,32.78644715430826
south-facilities:9011/20,สถานีตำรวจ POLICE,13,SEbS,อาคเนย์ค่อนใต้,146.25,,— ว่าง —,,,,,,
south-facilities:9011/20,สถานีตำรวจ POLICE,14,SSE,ใต้-อาคเนย์,157.5,,— ว่าง —,,,,,,
south-facilities:9011/20,สถานีตำรวจ POLICE,15,SbE,ใต้ค่อนบูรพา,168.75,south-facilities:9011/5,โรงพยาบาล สกรีนเมดคลินิก สาขาบ้านพรุ,โรงพยาบาล,6.729,,,50.25064802016581,29.68656475967559
south-facilities:9011/20,สถานีตำรวจ POLICE,16,S,ทักษิณ (ใต้),180.0,south-facilities:9011/15,รพ.สต./สถานีอนามัย สมาคมวางแผนครอบครัวแห่งประเทศไทย สวท,รพ.สต./สถานีอนามัย,0.513,,,50.25064802016581,104.03189787623155
south-facilities:9011/20,สถานีตำรวจ POLICE,17,SbW,ใต้ค่อนประจิม,191.25,south-facilities:9011/18,รพ.สต./สถานีอนามัย ศูนย์สาธารณสุขมูลฐานชุมชนชุมชนไทยโฮเต็ล,รพ.สต./สถานีอนามัย,1.041,,,50.25064802016581,38.31334955770438
south-facilities:9011/20,สถานีตำรวจ POLICE,18,SSW,ใต้-หรดี,202.5,south-facilities:9011/21,รพ.สต./สถานีอนามัย สมาคมวางแผนครอบครัว สวท,รพ.สต./สถานีอนามัย,0.612,,,50.25064802016581,57.46313055844702
south-facilities:9011/20,สถานีตำรวจ POLICE,19,SWbS,หรดีค่อนใต้,213.75,south-facilities:9016/3,โรงพยาบาล โรงพยาบาลกองบิน 56,โรงพยาบาล,10.493,,,50.25064802016581,701.182485491723
south-facilities:9011/20,สถานีตำรวจ POLICE,20,SW,หรดี (ตต.เฉียงใต้),225.0,south-facilities:9011/16,รพ.สต./สถานีอนามัย ศูนย์บริการสาธารณสุขโรงเรียนเทศบาล 2,รพ.สต./สถานีอนามัย,0.751,,,50.25064802016581,37.47768614583841
south-facilities:9011/20,สถานีตำรวจ POLICE,21,SWbW,หรดีค่อนประจิม,236.25,south-facilities:9011/19,รพ.สต./สถานีอนามัย ศูนย์บริการสาธารณสุขตลาดพ่อพรหม,รพ.สต./สถานีอนามัย,1.366,,,50.25064802016581,174.20009021554694
south-facilities:9011/20,สถานีตำรวจ POLICE,22,WSW,ประจิม-หรดี,247.5,south-facilities:9011/11,สถานีตำรวจ (ไม่ระบุชื่อ) หาดใหญ่,สถานีตำรวจ,1.864,,,50.25064802016581,10.724869544255613
south-facilities:9011/20,สถานีตำรวจ POLICE,23,WbS,ประจิมค่อนใต้,258.75,south-facilities:9011/6,จุดบรรเทาทุกข์ (ไม่ระบุชื่อ) หาดใหญ่,จุดบรรเทาทุกข์,11.265,,,50.25064802016581,1543.4484554191997
south-facilities:9011/20,สถานีตำรวจ POLICE,24,W,ประจิม (ตะวันตก),270.0,south-facilities:9011/27,สถานีตำรวจ (ไม่ระบุชื่อ) หาดใหญ่,สถานีตำรวจ,17.293,,,50.25064802016581,340.30750717626415
south-facilities:9011/20,สถานีตำรวจ POLICE,25,WbN,ประจิมค่อนเหนือ,281.25,,— ว่าง —,,,,,,
south-facilities:9011/20,สถานีตำรวจ POLICE,26,WNW,ประจิม-พายัพ,292.5,,— ว่าง —,,,,,,
south-facilities:9011/20,สถานีตำรวจ POLICE,27,NWbW,พายัพค่อนประจิม,303.75,,— ว่าง —,,,,,,
south-facilities:9011/20,สถานีตำรวจ POLICE,28,NW,พายัพ (ตต.เฉียงเหนือ),315.0,,— ว่าง —,,,,,,
south-facilities:9011/20,สถานีตำรวจ POLICE,29,NWbN,พายัพค่อนเหนือ,326.25,south-facilities:9014/2,โรงพยาบาล (ไม่ระบุชื่อ) บางกล่ำ,โรงพยาบาล,11.427,,,50.25064802016581,699.7846369631073
south-facilities:9011/20,สถานีตำรวจ POLICE,30,NNW,เหนือ-พายัพ,337.5,,— ว่าง —,,,,,,
south-facilities:9011/20,สถานีตำรวจ POLICE,31,NbW,เหนือค่อนประจิม,348.75,,— ว่าง —,,,,,,
south-facilities:9011/21,รพ.สต./สถานีอนามัย สมาคมวางแผนครอบครัว สวท,0,N,อุดร (เหนือ),0.0,,— ว่าง —,,,,,,
south-facilities:9011/21,รพ.สต./สถานีอนามัย สมาคมวางแผนครอบครัว สวท,1,NbE,เหนือค่อนอีสาน,11.25,,— ว่าง —,,,,,,
south-facilities:9011/21,รพ.สต./สถานีอนามัย สมาคมวางแผนครอบครัว สวท,2,NNE,เหนือ-อีสาน,22.5,south-facilities:9011/20,สถานีตำรวจ POLICE,สถานีตำรวจ,0.612,,,57.46313055844702,50.25064802016581
south-facilities:9011/21,รพ.สต./สถานีอนามัย สมาคมวางแผนครอบครัว สวท,3,NEbN,อีสานค่อนเหนือ,33.75,south-facilities:9011,รพ.สต./สถานีอนามัย โพลีคลินิคเพชระหาดใหญ่,รพ.สต./สถานีอนามัย,2.08,3.158,1.518,57.46313055844702,35.39812252279343
south-facilities:9011/21,รพ.สต./สถานีอนามัย สมาคมวางแผนครอบครัว สวท,4,NE,อีสาน (ตอ.เฉียงเหนือ),45.0,south-facilities:9001,รพ.สต./สถานีอนามัย Sampit,รพ.สต./สถานีอนามัย,19.42,24.927,1.284,57.46313055844702,33.823638752248094
south-facilities:9011/21,รพ.สต./สถานีอนามัย สมาคมวางแผนครอบครัว สวท,5,NEbE,อีสานค่อนบูรพา,56.25,south-facilities:9011/10,สถานีดับเพลิง (ไม่ระบุชื่อ) หาดใหญ่,สถานีดับเพลิง,2.324,4.166,1.793,57.46313055844702,33.12103267884463
south-facilities:9011/21,รพ.สต./สถานีอนามัย สมาคมวางแผนครอบครัว สวท,6,ENE,บูรพา-อีสาน,67.5,south-facilities:9011/15,รพ.สต./สถานีอนามัย สมาคมวางแผนครอบครัวแห่งประเทศไทย สวท,รพ.สต./สถานีอนามัย,0.187,1.583,8.468,57.46313055844702,104.03189787623155
south-facilities:9011/21,รพ.สต./สถานีอนามัย สมาคมวางแผนครอบครัว สวท,7,EbN,บูรพาค่อนเหนือ,78.75,south-facilities:9011/4,รพ.สต./สถานีอนามัย The V-Sage clinic Hatyai เดอะวีสาจคลินิกหาดใหญ่,รพ.สต./สถานีอนามัย,3.21,4.803,1.496,57.46313055844702,19.074237954171714
south-facilities:9011/21,รพ.สต./สถานีอนามัย สมาคมวางแผนครอบครัว สวท,8,E,บูรพา (ตะวันออก),90.0,south-facilities:9011/22,รพ.สต./สถานีอนามัย ชัชปวิตร,รพ.สต./สถานีอนามัย,0.894,2.909,3.254,57.46313055844702,32.78644715430826
south-facilities:9011/21,รพ.สต./สถานีอนามัย สมาคมวางแผนครอบครัว สวท,9,EbS,บูรพาค่อนใต้,101.25,south-facilities:9011/29,สถานีตำรวจ (ไม่ระบุชื่อ) หาดใหญ่,สถานีตำรวจ,1.035,3.083,2.979,57.46313055844702,27.54552175293736
south-facilities:9011/21,รพ.สต./สถานีอนามัย สมาคมวางแผนครอบครัว สวท,10,ESE,บูรพา-อาคเนย์,112.5,south-facilities:9011/14,สถานีดับเพลิง สถานีดับเพลิง ศรีภูวนารถ,สถานีดับเพลิง,1.133,3.006,2.654,57.46313055844702,21.10762502846869
south-facilities:9011/21,รพ.สต./สถานีอนามัย สมาคมวางแผนครอบครัว สวท,11,SEbE,อาคเนย์ค่อนบูรพา,123.75,,— ว่าง —,,,,,,
south-facilities:9011/21,รพ.สต./สถานีอนามัย สมาคมวางแผนครอบครัว สวท,12,SE,อาคเนย์ (ตอ.เฉียงใต้),135.0,,— ว่าง —,,,,,,
south-facilities:9011/21,รพ.สต./สถานีอนามัย สมาคมวางแผนครอบครัว สวท,13,SEbS,อาคเนย์ค่อนใต้,146.25,,— ว่าง —,,,,,,
south-facilities:9011/21,รพ.สต./สถานีอนามัย สมาคมวางแผนครอบครัว สวท,14,SSE,ใต้-อาคเนย์,157.5,,— ว่าง —,,,,,,
south-facilities:9011/21,รพ.สต./สถานีอนามัย สมาคมวางแผนครอบครัว สวท,15,SbE,ใต้ค่อนบูรพา,168.75,south-facilities:9011/18,รพ.สต./สถานีอนามัย ศูนย์สาธารณสุขมูลฐานชุมชนชุมชนไทยโฮเต็ล,รพ.สต./สถานีอนามัย,0.464,1.553,3.35,57.46313055844702,38.31334955770438
south-facilities:9011/21,รพ.สต./สถานีอนามัย สมาคมวางแผนครอบครัว สวท,16,S,ทักษิณ (ใต้),180.0,south-facilities:9011/24,สถานีตำรวจ Police station bike rest spot,สถานีตำรวจ,19.476,21.738,1.116,57.46313055844702,27.542385122872986
south-facilities:9011/21,รพ.สต./สถานีอนามัย สมาคมวางแผนครอบครัว สวท,17,SbW,ใต้ค่อนประจิม,191.25,,— ว่าง —,,,,,,
south-facilities:9011/21,รพ.สต./สถานีอนามัย สมาคมวางแผนครอบครัว สวท,18,SSW,ใต้-หรดี,202.5,south-facilities:9011/31,รพ.สต./สถานีอนามัย (ไม่ระบุชื่อ) หาดใหญ่,รพ.สต./สถานีอนามัย,2.404,6.146,2.557,57.46313055844702,14.447365474444437
south-facilities:9011/21,รพ.สต./สถานีอนามัย สมาคมวางแผนครอบครัว สวท,19,SWbS,หรดีค่อนใต้,213.75,south-facilities:9016/3,โรงพยาบาล โรงพยาบาลกองบิน 56,โรงพยาบาล,9.901,13.433,1.357,57.46313055844702,701.182485491723
south-facilities:9011/21,รพ.สต./สถานีอนามัย สมาคมวางแผนครอบครัว สวท,20,SW,หรดี (ตต.เฉียงใต้),225.0,south-facilities:9016/2,หน่วยทหาร กองบิน 56,หน่วยทหาร,11.195,15.085,1.347,57.46313055844702,414.33047122410613
south-facilities:9011/21,รพ.สต./สถานีอนามัย สมาคมวางแผนครอบครัว สวท,21,SWbW,หรดีค่อนประจิม,236.25,south-facilities:9011/17,รพ.สต./สถานีอนามัย ศูนย์สุขภาพชุมชนวัดท่าเคียน,รพ.สต./สถานีอนามัย,0.777,1.554,1.999,57.46313055844702,37.32585428552144
south-facilities:9011/21,รพ.สต./สถานีอนามัย สมาคมวางแผนครอบครัว สวท,22,WSW,ประจิม-หรดี,247.5,,— ว่าง —,,,,,,
south-facilities:9011/21,รพ.สต./สถานีอนามัย สมาคมวางแผนครอบครัว สวท,23,WbS,ประจิมค่อนใต้,258.75,south-facilities:9011/19,รพ.สต./สถานีอนามัย ศูนย์บริการสาธารณสุขตลาดพ่อพรหม,รพ.สต./สถานีอนามัย,0.938,1.281,1.365,57.46313055844702,174.20009021554694
south-facilities:9011/21,รพ.สต./สถานีอนามัย สมาคมวางแผนครอบครัว สวท,24,W,ประจิม (ตะวันตก),270.0,south-facilities:9011/6,จุดบรรเทาทุกข์ (ไม่ระบุชื่อ) หาดใหญ่,จุดบรรเทาทุกข์,11.0,11.767,1.07,57.46313055844702,1543.4484554191997
south-facilities:9011/21,รพ.สต./สถานีอนามัย สมาคมวางแผนครอบครัว สวท,25,WbN,ประจิมค่อนเหนือ,281.25,south-facilities:9011/16,รพ.สต./สถานีอนามัย ศูนย์บริการสาธารณสุขโรงเรียนเทศบาล 2,รพ.สต./สถานีอนามัย,0.332,0.868,2.613,57.46313055844702,37.47768614583841
south-facilities:9011/21,รพ.สต./สถานีอนามัย สมาคมวางแผนครอบครัว สวท,26,WNW,ประจิม-พายัพ,292.5,,— ว่าง —,,,,,,
south-facilities:9011/21,รพ.สต./สถานีอนามัย สมาคมวางแผนครอบครัว สวท,27,NWbW,พายัพค่อนประจิม,303.75,,— ว่าง —,,,,,,
south-facilities:9011/21,รพ.สต./สถานีอนามัย สมาคมวางแผนครอบครัว สวท,28,NW,พายัพ (ตต.เฉียงเหนือ),315.0,,— ว่าง —,,,,,,
south-facilities:9011/21,รพ.สต./สถานีอนามัย สมาคมวางแผนครอบครัว สวท,29,NWbN,พายัพค่อนเหนือ,326.25,south-facilities:9014/2,โรงพยาบาล (ไม่ระบุชื่อ) บางกล่ำ,โรงพยาบาล,11.8,22.006,1.865,57.46313055844702,699.7846369631073
south-facilities:9011/21,รพ.สต./สถานีอนามัย สมาคมวางแผนครอบครัว สวท,30,NNW,เหนือ-พายัพ,337.5,,— ว่าง —,,,,,,
south-facilities:9011/21,รพ.สต./สถานีอนามัย สมาคมวางแผนครอบครัว สวท,31,NbW,เหนือค่อนประจิม,348.75,,— ว่าง —,,,,,,
south-facilities:9011/22,รพ.สต./สถานีอนามัย ชัชปวิตร,0,N,อุดร (เหนือ),0.0,south-facilities:9011/26,โรงพยาบาล โรงพยาบาลศิครินทร์หาดใหญ่,โรงพยาบาล,2.36,2.509,1.063,32.78644715430826,71.3143489287222
south-facilities:9011/22,รพ.สต./สถานีอนามัย ชัชปวิตร,1,NbE,เหนือค่อนอีสาน,11.25,south-facilities:9011,รพ.สต./สถานีอนามัย โพลีคลินิคเพชระหาดใหญ่,รพ.สต./สถานีอนามัย,1.659,1.932,1.165,32.78644715430826,35.39812252279343
south-facilities:9011/22,รพ.สต./สถานีอนามัย ชัชปวิตร,2,NNE,เหนือ-อีสาน,22.5,south-facilities:9015/2,รพ.สต./สถานีอนามัย (ไม่ระบุชื่อ) สิงหนคร,รพ.สต./สถานีอนามัย,23.92,37.713,1.577,32.78644715430826,219.61463642796394
south-facilities:9011/22,รพ.สต./สถานีอนามัย ชัชปวิตร,3,NEbN,อีสานค่อนเหนือ,33.75,south-facilities:9011/10,สถานีดับเพลิง (ไม่ระบุชื่อ) หาดใหญ่,สถานีดับเพลิง,1.673,2.826,1.689,32.78644715430826,33.12103267884463
south-facilities:9011/22,รพ.สต./สถานีอนามัย ชัชปวิตร,4,NE,อีสาน (ตอ.เฉียงเหนือ),45.0,south-facilities:9011/33,โรงพยาบาล โรงพยาบาลกรุงเทพ-หาดใหญ่,โรงพยาบาล,2.396,3.176,1.326,32.78644715430826,40.19709403236935
south-facilities:9011/22,รพ.สต./สถานีอนามัย ชัชปวิตร,5,NEbE,อีสานค่อนบูรพา,56.25,south-facilities:9011/9,โรงพยาบาล โรงพยาบาลค่ายเสนาณรงค์,โรงพยาบาล,3.792,4.913,1.296,32.78644715430826,106.89281366922243
south-facilities:9011/22,รพ.สต./สถานีอนามัย ชัชปวิตร,6,ENE,บูรพา-อีสาน,67.5,south-facilities:9011/3,สถานีดับเพลิง (ไม่ระบุชื่อ) หาดใหญ่,สถานีดับเพลิง,3.413,3.481,1.02,32.78644715430826,648.2703498621736
south-facilities:9011/22,รพ.สต./สถานีอนามัย ชัชปวิตร,7,EbN,บูรพาค่อนเหนือ,78.75,south-facilities:9011/4,รพ.สต./สถานีอนามัย The V-Sage clinic Hatyai เดอะวีสาจคลินิกหาดใหญ่,รพ.สต./สถานีอนามัย,2.325,2.631,1.132,32.78644715430826,19.074237954171714
south-facilities:9011/22,รพ.สต./สถานีอนามัย ชัชปวิตร,8,E,บูรพา (ตะวันออก),90.0,south-facilities:9011/28,โรงพยาบาล โรงพยาบาลราษฎร์ยินดี,โรงพยาบาล,1.079,1.635,1.516,32.78644715430826,61.821339235119034
south-facilities:9011/22,รพ.สต./สถานีอนามัย ชัชปวิตร,9,EbS,บูรพาค่อนใต้,101.25,south-facilities:9012,โรงพยาบาล โรงพยาบาลนาหม่อม,โรงพยาบาล,12.833,18.106,1.411,32.78644715430826,166.50934497782745
south-facilities:9011/22,รพ.สต./สถานีอนามัย ชัชปวิตร,10,ESE,บูรพา-อาคเนย์,112.5,,— ว่าง —,,,,,,
south-facilities:9011/22,รพ.สต./สถานีอนามัย ชัชปวิตร,11,SEbE,อาคเนย์ค่อนบูรพา,123.75,south-facilities:9012/2,สถานีตำรวจ (ไม่ระบุชื่อ) นาหม่อม,สถานีตำรวจ,10.226,12.734,1.245,32.78644715430826,27.68356801387466
south-facilities:9011/22,รพ.สต./สถานีอนามัย ชัชปวิตร,12,SE,อาคเนย์ (ตอ.เฉียงใต้),135.0,,— ว่าง —,,,,,,
south-facilities:9011/22,รพ.สต./สถานีอนามัย ชัชปวิตร,13,SEbS,อาคเนย์ค่อนใต้,146.25,south-facilities:9011/29,สถานีตำรวจ (ไม่ระบุชื่อ) หาดใหญ่,สถานีตำรวจ,0.253,0.427,1.688,32.78644715430826,27.54552175293736
south-facilities:9011/22,รพ.สต./สถานีอนามัย ชัชปวิตร,14,SSE,ใต้-อาคเนย์,157.5,south-facilities:9011/23,สถานีดับเพลิง Fire Station,สถานีดับเพลิง,0.418,0.978,2.34,32.78644715430826,11.38623467224762
south-facilities:9011/22,รพ.สต./สถานีอนามัย ชัชปวิตร,15,SbE,ใต้ค่อนบูรพา,168.75,,— ว่าง —,,,,,,
south-facilities:9011/22,รพ.สต./สถานีอนามัย ชัชปวิตร,16,S,ทักษิณ (ใต้),180.0,south-facilities:9011/5,โรงพยาบาล สกรีนเมดคลินิก สาขาบ้านพรุ,โรงพยาบาล,6.122,7.696,1.257,32.78644715430826,29.68656475967559
south-facilities:9011/22,รพ.สต./สถานีอนามัย ชัชปวิตร,17,SbW,ใต้ค่อนประจิม,191.25,south-facilities:9011/12,ด่านตรวจ (ไม่ระบุชื่อ) หาดใหญ่,ด่านตรวจ,2.467,7.048,2.857,32.78644715430826,42.819859452539404
south-facilities:9011/22,รพ.สต./สถานีอนามัย ชัชปวิตร,18,SSW,ใต้-หรดี,202.5,,— ว่าง —,,,,,,
south-facilities:9011/22,รพ.สต./สถานีอนามัย ชัชปวิตร,19,SWbS,หรดีค่อนใต้,213.75,south-facilities:9016,โรงพยาบาล โรงพยาบาลคลองหอยโข่ง,โรงพยาบาล,13.422,17.524,1.306,32.78644715430826,84.70693826449626
south-facilities:9011/22,รพ.สต./สถานีอนามัย ชัชปวิตร,20,SW,หรดี (ตต.เฉียงใต้),225.0,south-facilities:9011/31,รพ.สต./สถานีอนามัย (ไม่ระบุชื่อ) หาดใหญ่,รพ.สต./สถานีอนามัย,2.938,6.046,2.058,32.78644715430826,14.447365474444437
south-facilities:9011/22,รพ.สต./สถานีอนามัย ชัชปวิตร,21,SWbW,หรดีค่อนประจิม,236.25,south-facilities:9011/18,รพ.สต./สถานีอนามัย ศูนย์สาธารณสุขมูลฐานชุมชนชุมชนไทยโฮเต็ล,รพ.สต./สถานีอนามัย,0.954,1.56,1.635,32.78644715430826,38.31334955770438
south-facilities:9011/22,รพ.สต./สถานีอนามัย ชัชปวิตร,22,WSW,ประจิม-หรดี,247.5,,— ว่าง —,,,,,,
south-facilities:9011/22,รพ.สต./สถานีอนามัย ชัชปวิตร,23,WbS,ประจิมค่อนใต้,258.75,south-facilities:9011/17,รพ.สต./สถานีอนามัย ศูนย์สุขภาพชุมชนวัดท่าเคียน,รพ.สต./สถานีอนามัย,1.605,2.621,1.633,32.78644715430826,37.32585428552144
south-facilities:9011/22,รพ.สต./สถานีอนามัย ชัชปวิตร,24,W,ประจิม (ตะวันตก),270.0,south-facilities:9011/15,รพ.สต./สถานีอนามัย สมาคมวางแผนครอบครัวแห่งประเทศไทย สวท,รพ.สต./สถานีอนามัย,0.718,1.792,2.495,32.78644715430826,104.03189787623155
south-facilities:9011/22,รพ.สต./สถานีอนามัย ชัชปวิตร,25,WbN,ประจิมค่อนเหนือ,281.25,,— ว่าง —,,,,,,
south-facilities:9011/22,รพ.สต./สถานีอนามัย ชัชปวิตร,26,WNW,ประจิม-พายัพ,292.5,,— ว่าง —,,,,,,
south-facilities:9011/22,รพ.สต./สถานีอนามัย ชัชปวิตร,27,NWbW,พายัพค่อนประจิม,303.75,,— ว่าง —,,,,,,
south-facilities:9011/22,รพ.สต./สถานีอนามัย ชัชปวิตร,28,NW,พายัพ (ตต.เฉียงเหนือ),315.0,south-facilities:9011/2,สถานีตำรวจ (ไม่ระบุชื่อ) หาดใหญ่,สถานีตำรวจ,0.859,1.249,1.454,32.78644715430826,54.994619553540105
south-facilities:9011/22,รพ.สต./สถานีอนามัย ชัชปวิตร,29,NWbN,พายัพค่อนเหนือ,326.25,south-facilities:9014/2,โรงพยาบาล (ไม่ระบุชื่อ) บางกล่ำ,โรงพยาบาล,12.26,23.37,1.906,32.78644715430826,699.7846369631073
south-facilities:9011/22,รพ.สต./สถานีอนามัย ชัชปวิตร,30,NNW,เหนือ-พายัพ,337.5,,— ว่าง —,,,,,,
south-facilities:9011/22,รพ.สต./สถานีอนามัย ชัชปวิตร,31,NbW,เหนือค่อนประจิม,348.75,south-facilities:9011/30,โรงพยาบาล โรงพยาบาลหาดใหญ่,โรงพยาบาล,1.749,2.018,1.154,32.78644715430826,72.95603788261168
south-facilities:9011/23,สถานีดับเพลิง Fire Station,0,N,อุดร (เหนือ),0.0,,— ว่าง —,,,,,,
south-facilities:9011/23,สถานีดับเพลิง Fire Station,1,NbE,เหนือค่อนอีสาน,11.25,south-facilities:9011,รพ.สต./สถานีอนามัย โพลีคลินิคเพชระหาดใหญ่,รพ.สต./สถานีอนามัย,1.996,2.484,1.244,11.38623467224762,35.39812252279343
south-facilities:9011/23,สถานีดับเพลิง Fire Station,2,NNE,เหนือ-อีสาน,22.5,south-facilities:9011/10,สถานีดับเพลิง (ไม่ระบุชื่อ) หาดใหญ่,สถานีดับเพลิง,1.904,3.378,1.774,11.38623467224762,33.12103267884463
south-facilities:9011/23,สถานีดับเพลิง Fire Station,3,NEbN,อีสานค่อนเหนือ,33.75,south-facilities:9011/33,โรงพยาบาล โรงพยาบาลกรุงเทพ-หาดใหญ่,โรงพยาบาล,2.554,3.581,1.402,11.38623467224762,40.19709403236935
south-facilities:9011/23,สถานีดับเพลิง Fire Station,4,NE,อีสาน (ตอ.เฉียงเหนือ),45.0,south-facilities:9011/9,โรงพยาบาล โรงพยาบาลค่ายเสนาณรงค์,โรงพยาบาล,3.87,5.094,1.316,11.38623467224762,106.89281366922243
south-facilities:9011/23,สถานีดับเพลิง Fire Station,5,NEbE,อีสานค่อนบูรพา,56.25,,— ว่าง —,,,,,,
south-facilities:9011/23,สถานีดับเพลิง Fire Station,6,ENE,บูรพา-อีสาน,67.5,south-facilities:9011/28,โรงพยาบาล โรงพยาบาลราษฎร์ยินดี,โรงพยาบาล,0.95,1.425,1.501,11.38623467224762,61.821339235119034
south-facilities:9011/23,สถานีดับเพลิง Fire Station,7,EbN,บูรพาค่อนเหนือ,78.75,,— ว่าง —,,,,,,
south-facilities:9011/23,สถานีดับเพลิง Fire Station,8,E,บูรพา (ตะวันออก),90.0,south-facilities:9003/2,ด่านตรวจ (ไม่ระบุชื่อ) จะนะ,ด่านตรวจ,23.346,32.807,1.405,11.38623467224762,0.03492864193374608
south-facilities:9011/23,สถานีดับเพลิง Fire Station,9,EbS,บูรพาค่อนใต้,101.25,south-facilities:9012,โรงพยาบาล โรงพยาบาลนาหม่อม,โรงพยาบาล,12.602,17.593,1.396,11.38623467224762,166.50934497782745
south-facilities:9011/23,สถานีดับเพลิง Fire Station,10,ESE,บูรพา-อาคเนย์,112.5,south-facilities:9012/2,สถานีตำรวจ (ไม่ระบุชื่อ) นาหม่อม,สถานีตำรวจ,9.886,12.222,1.236,11.38623467224762,27.68356801387466
south-facilities:9011/23,สถานีดับเพลิง Fire Station,11,SEbE,อาคเนย์ค่อนบูรพา,123.75,,— ว่าง —,,,,,,
south-facilities:9011/23,สถานีดับเพลิง Fire Station,12,SE,อาคเนย์ (ตอ.เฉียงใต้),135.0,,— ว่าง —,,,,,,
south-facilities:9011/23,สถานีดับเพลิง Fire Station,13,SEbS,อาคเนย์ค่อนใต้,146.25,,— ว่าง —,,,,,,
south-facilities:9011/23,สถานีดับเพลิง Fire Station,14,SSE,ใต้-อาคเนย์,157.5,,— ว่าง —,,,,,,
south-facilities:9011/23,สถานีดับเพลิง Fire Station,15,SbE,ใต้ค่อนบูรพา,168.75,,— ว่าง —,,,,,,
south-facilities:9011/23,สถานีดับเพลิง Fire Station,16,S,ทักษิณ (ใต้),180.0,south-facilities:9011/5,โรงพยาบาล สกรีนเมดคลินิก สาขาบ้านพรุ,โรงพยาบาล,5.744,7.184,1.251,11.38623467224762,29.68656475967559
south-facilities:9011/23,สถานีดับเพลิง Fire Station,17,SbW,ใต้ค่อนประจิม,191.25,,— ว่าง —,,,,,,
south-facilities:9011/23,สถานีดับเพลิง Fire Station,18,SSW,ใต้-หรดี,202.5,south-facilities:9011/12,ด่านตรวจ (ไม่ระบุชื่อ) หาดใหญ่,ด่านตรวจ,2.151,6.585,3.061,11.38623467224762,42.819859452539404
south-facilities:9011/23,สถานีดับเพลิง Fire Station,19,SWbS,หรดีค่อนใต้,213.75,south-facilities:9016,โรงพยาบาล โรงพยาบาลคลองหอยโข่ง,โรงพยาบาล,13.241,17.061,1.289,11.38623467224762,84.70693826449626
south-facilities:9011/23,สถานีดับเพลิง Fire Station,20,SW,หรดี (ตต.เฉียงใต้),225.0,south-facilities:9011/14,สถานีดับเพลิง สถานีดับเพลิง ศรีภูวนารถ,สถานีดับเพลิง,0.01,0.0,0.0,11.38623467224762,21.10762502846869
south-facilities:9011/23,สถานีดับเพลิง Fire Station,21,SWbW,หรดีค่อนประจิม,236.25,south-facilities:9011/31,รพ.สต./สถานีอนามัย (ไม่ระบุชื่อ) หาดใหญ่,รพ.สต./สถานีอนามัย,2.818,5.583,1.981,11.38623467224762,14.447365474444437
south-facilities:9011/23,สถานีดับเพลิง Fire Station,22,WSW,ประจิม-หรดี,247.5,,— ว่าง —,,,,,,
south-facilities:9011/23,สถานีดับเพลิง Fire Station,23,WbS,ประจิมค่อนใต้,258.75,,— ว่าง —,,,,,,
south-facilities:9011/23,สถานีดับเพลิง Fire Station,24,W,ประจิม (ตะวันตก),270.0,south-facilities:9011/18,รพ.สต./สถานีอนามัย ศูนย์สาธารณสุขมูลฐานชุมชนชุมชนไทยโฮเต็ล,รพ.สต./สถานีอนามัย,1.018,1.097,1.078,11.38623467224762,38.31334955770438
south-facilities:9011/23,สถานีดับเพลิง Fire Station,25,WbN,ประจิมค่อนเหนือ,281.25,south-facilities:9011/16,รพ.สต./สถานีอนามัย ศูนย์บริการสาธารณสุขโรงเรียนเทศบาล 2,รพ.สต./สถานีอนามัย,1.466,1.783,1.216,11.38623467224762,37.47768614583841
south-facilities:9011/23,สถานีดับเพลิง Fire Station,26,WNW,ประจิม-พายัพ,292.5,south-facilities:9011/15,รพ.สต./สถานีอนามัย สมาคมวางแผนครอบครัวแห่งประเทศไทย สวท,รพ.สต./สถานีอนามัย,0.995,1.329,1.336,11.38623467224762,104.03189787623155
south-facilities:9011/23,สถานีดับเพลิง Fire Station,27,NWbW,พายัพค่อนประจิม,303.75,,— ว่าง —,,,,,,
south-facilities:9011/23,สถานีดับเพลิง Fire Station,28,NW,พายัพ (ตต.เฉียงเหนือ),315.0,south-facilities:9011/2,สถานีตำรวจ (ไม่ระบุชื่อ) หาดใหญ่,สถานีตำรวจ,1.255,1.801,1.435,11.38623467224762,54.994619553540105
south-facilities:9011/23,สถานีดับเพลิง Fire Station,29,NWbN,พายัพค่อนเหนือ,326.25,south-facilities:9014/2,โรงพยาบาล (ไม่ระบุชื่อ) บางกล่ำ,โรงพยาบาล,12.674,23.274,1.836,11.38623467224762,699.7846369631073
south-facilities:9011/23,สถานีดับเพลิง Fire Station,30,NNW,เหนือ-พายัพ,337.5,south-facilities:9011/29,สถานีตำรวจ (ไม่ระบุชื่อ) หาดใหญ่,สถานีตำรวจ,0.166,0.978,5.895,11.38623467224762,27.54552175293736
south-facilities:9011/23,สถานีดับเพลิง Fire Station,31,NbW,เหนือค่อนประจิม,348.75,south-facilities:9011/30,โรงพยาบาล โรงพยาบาลหาดใหญ่,โรงพยาบาล,2.148,2.57,1.197,11.38623467224762,72.95603788261168
south-facilities:9011/24,สถานีตำรวจ Police station bike rest spot,0,N,อุดร (เหนือ),0.0,south-facilities:9011/5,โรงพยาบาล สกรีนเมดคลินิก สาขาบ้านพรุ,โรงพยาบาล,13.423,20.184,1.504,27.542385122872986,29.68656475967559
south-facilities:9011/24,สถานีตำรวจ Police station bike rest spot,1,NbE,เหนือค่อนอีสาน,11.25,south-facilities:9011/28,โรงพยาบาล โรงพยาบาลราษฎร์ยินดี,โรงพยาบาล,19.551,25.175,1.288,27.542385122872986,61.821339235119034
south-facilities:9011/24,สถานีตำรวจ Police station bike rest spot,2,NNE,เหนือ-อีสาน,22.5,,— ว่าง —,,,,,,
south-facilities:9011/24,สถานีตำรวจ Police station bike rest spot,3,NEbN,อีสานค่อนเหนือ,33.75,south-facilities:9012/2,สถานีตำรวจ (ไม่ระบุชื่อ) นาหม่อม,สถานีตำรวจ,17.653,29.208,1.655,27.542385122872986,27.68356801387466
south-facilities:9011/24,สถานีตำรวจ Police station bike rest spot,4,NE,อีสาน (ตอ.เฉียงเหนือ),45.0,,— ว่าง —,,,,,,
south-facilities:9011/24,สถานีตำรวจ Police station bike rest spot,5,NEbE,อีสานค่อนบูรพา,56.25,,— ว่าง —,,,,,,
south-facilities:9011/24,สถานีตำรวจ Police station bike rest spot,6,ENE,บูรพา-อีสาน,67.5,,— ว่าง —,,,,,,
south-facilities:9011/24,สถานีตำรวจ Police station bike rest spot,7,EbN,บูรพาค่อนเหนือ,78.75,,— ว่าง —,,,,,,
south-facilities:9011/24,สถานีตำรวจ Police station bike rest spot,8,E,บูรพา (ตะวันออก),90.0,,— ว่าง —,,,,,,
south-facilities:9011/24,สถานีตำรวจ Police station bike rest spot,9,EbS,บูรพาค่อนใต้,101.25,,— ว่าง —,,,,,,
south-facilities:9011/24,สถานีตำรวจ Police station bike rest spot,10,ESE,บูรพา-อาคเนย์,112.5,,— ว่าง —,,,,,,
south-facilities:9011/24,สถานีตำรวจ Police station bike rest spot,11,SEbE,อาคเนย์ค่อนบูรพา,123.75,,— ว่าง —,,,,,,
south-facilities:9011/24,สถานีตำรวจ Police station bike rest spot,12,SE,อาคเนย์ (ตอ.เฉียงใต้),135.0,,— ว่าง —,,,,,,
south-facilities:9011/24,สถานีตำรวจ Police station bike rest spot,13,SEbS,อาคเนย์ค่อนใต้,146.25,,— ว่าง —,,,,,,
south-facilities:9011/24,สถานีตำรวจ Police station bike rest spot,14,SSE,ใต้-อาคเนย์,157.5,,— ว่าง —,,,,,,
south-facilities:9011/24,สถานีตำรวจ Police station bike rest spot,15,SbE,ใต้ค่อนบูรพา,168.75,,— ว่าง —,,,,,,
south-facilities:9011/24,สถานีตำรวจ Police station bike rest spot,16,S,ทักษิณ (ใต้),180.0,,— ว่าง —,,,,,,
south-facilities:9011/24,สถานีตำรวจ Police station bike rest spot,17,SbW,ใต้ค่อนประจิม,191.25,south-facilities:9010/4,สถานีตำรวจ (ไม่ระบุชื่อ) สะเดา,สถานีตำรวจ,4.419,4.522,1.023,27.542385122872986,42.88331437548496
south-facilities:9011/24,สถานีตำรวจ Police station bike rest spot,18,SSW,ใต้-หรดี,202.5,,— ว่าง —,,,,,,
south-facilities:9011/24,สถานีตำรวจ Police station bike rest spot,19,SWbS,หรดีค่อนใต้,213.75,south-facilities:9010/5,โรงพยาบาล โรงพยาบาลปาดังเบซาร์,โรงพยาบาล,23.402,30.166,1.289,27.542385122872986,95.25860348301602
south-facilities:9011/24,สถานีตำรวจ Police station bike rest spot,20,SW,หรดี (ตต.เฉียงใต้),225.0,south-facilities:9010/12,สถานีตำรวจ (ไม่ระบุชื่อ) สะเดา,สถานีตำรวจ,23.089,28.08,1.216,27.542385122872986,41.20980299806808
south-facilities:9011/24,สถานีตำรวจ Police station bike rest spot,21,SWbW,หรดีค่อนประจิม,236.25,,— ว่าง —,,,,,,
south-facilities:9011/24,สถานีตำรวจ Police station bike rest spot,22,WSW,ประจิม-หรดี,247.5,,— ว่าง —,,,,,,
south-facilities:9011/24,สถานีตำรวจ Police station bike rest spot,23,WbS,ประจิมค่อนใต้,258.75,,— ว่าง —,,,,,,
south-facilities:9011/24,สถานีตำรวจ Police station bike rest spot,24,W,ประจิม (ตะวันตก),270.0,,— ว่าง —,,,,,,
south-facilities:9011/24,สถานีตำรวจ Police station bike rest spot,25,WbN,ประจิมค่อนเหนือ,281.25,,— ว่าง —,,,,,,
south-facilities:9011/24,สถานีตำรวจ Police station bike rest spot,26,WNW,ประจิม-พายัพ,292.5,south-facilities:9016/4,หน่วยทหาร ค่ายรัตนพล,หน่วยทหาร,10.153,17.323,1.706,27.542385122872986,533.0847319357273
south-facilities:9011/24,สถานีตำรวจ Police station bike rest spot,27,NWbW,พายัพค่อนประจิม,303.75,south-facilities:9016/5,หน่วยทหาร กองทัพน้อยที่ 4,หน่วยทหาร,10.137,16.476,1.625,27.542385122872986,557.0568803553997
south-facilities:9011/24,สถานีตำรวจ Police station bike rest spot,28,NW,พายัพ (ตต.เฉียงเหนือ),315.0,,— ว่าง —,,,,,,
south-facilities:9011/24,สถานีตำรวจ Police station bike rest spot,29,NWbN,พายัพค่อนเหนือ,326.25,south-facilities:9016,โรงพยาบาล โรงพยาบาลคลองหอยโข่ง,โรงพยาบาล,11.34,19.287,1.701,27.542385122872986,84.70693826449626
south-facilities:9011/24,สถานีตำรวจ Police station bike rest spot,30,NNW,เหนือ-พายัพ,337.5,south-facilities:9016/3,โรงพยาบาล โรงพยาบาลกองบิน 56,โรงพยาบาล,12.813,18.905,1.475,27.542385122872986,701.182485491723
south-facilities:9011/24,สถานีตำรวจ Police station bike rest spot,31,NbW,เหนือค่อนประจิม,348.75,south-facilities:9011/13,สถานีตำรวจ Checkpoint,สถานีตำรวจ,19.298,26.046,1.35,27.542385122872986,28.151848478902007
south-facilities:9011/25,โรงพยาบาล โรงพยาบาลทันตกรรม,0,N,อุดร (เหนือ),0.0,,— ว่าง —,,,,,,
south-facilities:9011/25,โรงพยาบาล โรงพยาบาลทันตกรรม,1,NbE,เหนือค่อนอีสาน,11.25,south-facilities:9011/9,โรงพยาบาล โรงพยาบาลค่ายเสนาณรงค์,โรงพยาบาล,1.39,1.787,1.286,280.08748391911394,106.89281366922243
south-facilities:9011/25,โรงพยาบาล โรงพยาบาลทันตกรรม,2,NNE,เหนือ-อีสาน,22.5,south-facilities:9001/6,โรงพยาบาล โรงพยาบาลสงขลา,โรงพยาบาล,16.615,19.623,1.181,280.08748391911394,312.9522554864306
south-facilities:9011/25,โรงพยาบาล โรงพยาบาลทันตกรรม,3,NEbN,อีสานค่อนเหนือ,33.75,south-facilities:9001,รพ.สต./สถานีอนามัย Sampit,รพ.สต./สถานีอนามัย,16.611,20.441,1.231,280.08748391911394,33.823638752248094
south-facilities:9011/25,โรงพยาบาล โรงพยาบาลทันตกรรม,4,NE,อีสาน (ตอ.เฉียงเหนือ),45.0,south-facilities:9001/7,หน่วยทหาร 5th Field Artilery Battalion,หน่วยทหาร,20.494,30.669,1.497,280.08748391911394,257.7609340848567
south-facilities:9011/25,โรงพยาบาล โรงพยาบาลทันตกรรม,5,NEbE,อีสานค่อนบูรพา,56.25,south-facilities:9011/3,สถานีดับเพลิง (ไม่ระบุชื่อ) หาดใหญ่,สถานีดับเพลิง,0.495,0.355,0.717,280.08748391911394,648.2703498621736
south-facilities:9011/25,โรงพยาบาล โรงพยาบาลทันตกรรม,6,ENE,บูรพา-อีสาน,67.5,,— ว่าง —,,,,,,
south-facilities:9011/25,โรงพยาบาล โรงพยาบาลทันตกรรม,7,EbN,บูรพาค่อนเหนือ,78.75,,— ว่าง —,,,,,,
south-facilities:9011/25,โรงพยาบาล โรงพยาบาลทันตกรรม,8,E,บูรพา (ตะวันออก),90.0,,— ว่าง —,,,,,,
south-facilities:9011/25,โรงพยาบาล โรงพยาบาลทันตกรรม,9,EbS,บูรพาค่อนใต้,101.25,south-facilities:9012,โรงพยาบาล โรงพยาบาลนาหม่อม,โรงพยาบาล,10.201,17.829,1.748,280.08748391911394,166.50934497782745
south-facilities:9011/25,โรงพยาบาล โรงพยาบาลทันตกรรม,10,ESE,บูรพา-อาคเนย์,112.5,,— ว่าง —,,,,,,
south-facilities:9011/25,โรงพยาบาล โรงพยาบาลทันตกรรม,11,SEbE,อาคเนย์ค่อนบูรพา,123.75,,— ว่าง —,,,,,,
south-facilities:9011/25,โรงพยาบาล โรงพยาบาลทันตกรรม,12,SE,อาคเนย์ (ตอ.เฉียงใต้),135.0,south-facilities:9012/2,สถานีตำรวจ (ไม่ระบุชื่อ) นาหม่อม,สถานีตำรวจ,8.357,12.457,1.491,280.08748391911394,27.68356801387466
south-facilities:9011/25,โรงพยาบาล โรงพยาบาลทันตกรรม,13,SEbS,อาคเนย์ค่อนใต้,146.25,,— ว่าง —,,,,,,
south-facilities:9011/25,โรงพยาบาล โรงพยาบาลทันตกรรม,14,SSE,ใต้-อาคเนย์,157.5,,— ว่าง —,,,,,,
south-facilities:9011/25,โรงพยาบาล โรงพยาบาลทันตกรรม,15,SbE,ใต้ค่อนบูรพา,168.75,,— ว่าง —,,,,,,
south-facilities:9011/25,โรงพยาบาล โรงพยาบาลทันตกรรม,16,S,ทักษิณ (ใต้),180.0,,— ว่าง —,,,,,,
south-facilities:9011/25,โรงพยาบาล โรงพยาบาลทันตกรรม,17,SbW,ใต้ค่อนประจิม,191.25,south-facilities:9011/24,สถานีตำรวจ Police station bike rest spot,สถานีตำรวจ,20.612,21.083,1.023,280.08748391911394,27.542385122872986
south-facilities:9011/25,โรงพยาบาล โรงพยาบาลทันตกรรม,18,SSW,ใต้-หรดี,202.5,south-facilities:9011/5,โรงพยาบาล สกรีนเมดคลินิก สาขาบ้านพรุ,โรงพยาบาล,7.377,7.42,1.006,280.08748391911394,29.68656475967559
south-facilities:9011/25,โรงพยาบาล โรงพยาบาลทันตกรรม,19,SWbS,หรดีค่อนใต้,213.75,,— ว่าง —,,,,,,
south-facilities:9011/25,โรงพยาบาล โรงพยาบาลทันตกรรม,20,SW,หรดี (ตต.เฉียงใต้),225.0,south-facilities:9011/12,ด่านตรวจ (ไม่ระบุชื่อ) หาดใหญ่,ด่านตรวจ,4.599,8.434,1.834,280.08748391911394,42.819859452539404
south-facilities:9011/25,โรงพยาบาล โรงพยาบาลทันตกรรม,21,SWbW,หรดีค่อนประจิม,236.25,south-facilities:9011/32,โรงพยาบาล โรงพยาบาลสงขลานครินทร์,โรงพยาบาล,0.248,0.201,0.809,280.08748391911394,146.08742612568585
south-facilities:9011/25,โรงพยาบาล โรงพยาบาลทันตกรรม,22,WSW,ประจิม-หรดี,247.5,south-facilities:9011/28,โรงพยาบาล โรงพยาบาลราษฎร์ยินดี,โรงพยาบาล,1.936,2.656,1.372,280.08748391911394,61.821339235119034
south-facilities:9011/25,โรงพยาบาล โรงพยาบาลทันตกรรม,23,WbS,ประจิมค่อนใต้,258.75,south-facilities:9011/22,รพ.สต./สถานีอนามัย ชัชปวิตร,รพ.สต./สถานีอนามัย,2.935,3.341,1.138,280.08748391911394,32.78644715430826
south-facilities:9011/25,โรงพยาบาล โรงพยาบาลทันตกรรม,24,W,ประจิม (ตะวันตก),270.0,south-facilities:9011/2,สถานีตำรวจ (ไม่ระบุชื่อ) หาดใหญ่,สถานีตำรวจ,3.493,3.579,1.025,280.08748391911394,54.994619553540105
south-facilities:9011/25,โรงพยาบาล โรงพยาบาลทันตกรรม,25,WbN,ประจิมค่อนเหนือ,281.25,south-facilities:9011/8,โรงพยาบาล โรงพยาบาลหาดใหญ่,โรงพยาบาล,3.334,3.792,1.137,280.08748391911394,67.15513309458458
south-facilities:9011/25,โรงพยาบาล โรงพยาบาลทันตกรรม,26,WNW,ประจิม-พายัพ,292.5,south-facilities:9011/10,สถานีดับเพลิง (ไม่ระบุชื่อ) หาดใหญ่,สถานีดับเพลิง,1.942,2.797,1.44,280.08748391911394,33.12103267884463
south-facilities:9011/25,โรงพยาบาล โรงพยาบาลทันตกรรม,27,NWbW,พายัพค่อนประจิม,303.75,south-facilities:9011/33,โรงพยาบาล โรงพยาบาลกรุงเทพ-หาดใหญ่,โรงพยาบาล,1.426,1.867,1.309,280.08748391911394,40.19709403236935
south-facilities:9011/25,โรงพยาบาล โรงพยาบาลทันตกรรม,28,NW,พายัพ (ตต.เฉียงเหนือ),315.0,south-facilities:9014/2,โรงพยาบาล (ไม่ระบุชื่อ) บางกล่ำ,โรงพยาบาล,13.49,25.699,1.905,280.08748391911394,699.7846369631073
south-facilities:9011/25,โรงพยาบาล โรงพยาบาลทันตกรรม,29,NWbN,พายัพค่อนเหนือ,326.25,,— ว่าง —,,,,,,
south-facilities:9011/25,โรงพยาบาล โรงพยาบาลทันตกรรม,30,NNW,เหนือ-พายัพ,337.5,,— ว่าง —,,,,,,
south-facilities:9011/25,โรงพยาบาล โรงพยาบาลทันตกรรม,31,NbW,เหนือค่อนประจิม,348.75,,— ว่าง —,,,,,,
south-facilities:9011/26,โรงพยาบาล โรงพยาบาลศิครินทร์หาดใหญ่,0,N,อุดร (เหนือ),0.0,,— ว่าง —,,,,,,
south-facilities:9011/26,โรงพยาบาล โรงพยาบาลศิครินทร์หาดใหญ่,1,NbE,เหนือค่อนอีสาน,11.25,south-facilities:9015/4,โรงพยาบาล โรงพยาบาลสิงหนคร,โรงพยาบาล,24.441,34.19,1.399,71.3143489287222,567.4390063520451
south-facilities:9011/26,โรงพยาบาล โรงพยาบาลศิครินทร์หาดใหญ่,2,NNE,เหนือ-อีสาน,22.5,,— ว่าง —,,,,,,
south-facilities:9011/26,โรงพยาบาล โรงพยาบาลศิครินทร์หาดใหญ่,3,NEbN,อีสานค่อนเหนือ,33.75,south-facilities:9001/6,โรงพยาบาล โรงพยาบาลสงขลา,โรงพยาบาล,16.862,21.276,1.262,71.3143489287222,312.9522554864306
south-facilities:9011/26,โรงพยาบาล โรงพยาบาลศิครินทร์หาดใหญ่,4,NE,อีสาน (ตอ.เฉียงเหนือ),45.0,south-facilities:9001,รพ.สต./สถานีอนามัย Sampit,รพ.สต./สถานีอนามัย,17.12,22.095,1.291,71.3143489287222,33.823638752248094
south-facilities:9011/26,โรงพยาบาล โรงพยาบาลศิครินทร์หาดใหญ่,5,NEbE,อีสานค่อนบูรพา,56.25,south-facilities:9001/7,หน่วยทหาร 5th Field Artilery Battalion,หน่วยทหาร,21.567,34.519,1.601,71.3143489287222,257.7609340848567
south-facilities:9011/26,โรงพยาบาล โรงพยาบาลศิครินทร์หาดใหญ่,6,ENE,บูรพา-อีสาน,67.5,,— ว่าง —,,,,,,
south-facilities:9011/26,โรงพยาบาล โรงพยาบาลศิครินทร์หาดใหญ่,7,EbN,บูรพาค่อนเหนือ,78.75,,— ว่าง —,,,,,,
south-facilities:9011/26,โรงพยาบาล โรงพยาบาลศิครินทร์หาดใหญ่,8,E,บูรพา (ตะวันออก),90.0,south-facilities:9011/9,โรงพยาบาล โรงพยาบาลค่ายเสนาณรงค์,โรงพยาบาล,3.269,4.212,1.289,71.3143489287222,106.89281366922243
south-facilities:9011/26,โรงพยาบาล โรงพยาบาลศิครินทร์หาดใหญ่,9,EbS,บูรพาค่อนใต้,101.25,south-facilities:9003/2,ด่านตรวจ (ไม่ระบุชื่อ) จะนะ,ด่านตรวจ,24.051,35.6,1.48,71.3143489287222,0.03492864193374608
south-facilities:9011/26,โรงพยาบาล โรงพยาบาลศิครินทร์หาดใหญ่,10,ESE,บูรพา-อาคเนย์,112.5,south-facilities:9011/33,โรงพยาบาล โรงพยาบาลกรุงเทพ-หาดใหญ่,โรงพยาบาล,1.969,2.904,1.475,71.3143489287222,40.19709403236935
south-facilities:9011/26,โรงพยาบาล โรงพยาบาลศิครินทร์หาดใหญ่,11,SEbE,อาคเนย์ค่อนบูรพา,123.75,south-facilities:9011/4,รพ.สต./สถานีอนามัย The V-Sage clinic Hatyai เดอะวีสาจคลินิกหาดใหญ่,รพ.สต./สถานีอนามัย,3.094,4.238,1.37,71.3143489287222,19.074237954171714
south-facilities:9011/26,โรงพยาบาล โรงพยาบาลศิครินทร์หาดใหญ่,12,SE,อาคเนย์ (ตอ.เฉียงใต้),135.0,south-facilities:9011/10,สถานีดับเพลิง (ไม่ระบุชื่อ) หาดใหญ่,สถานีดับเพลิง,1.489,2.235,1.501,71.3143489287222,33.12103267884463
south-facilities:9011/26,โรงพยาบาล โรงพยาบาลศิครินทร์หาดใหญ่,13,SEbS,อาคเนย์ค่อนใต้,146.25,south-facilities:9011,รพ.สต./สถานีอนามัย โพลีคลินิคเพชระหาดใหญ่,รพ.สต./สถานีอนามัย,0.911,1.096,1.203,71.3143489287222,35.39812252279343
south-facilities:9011/26,โรงพยาบาล โรงพยาบาลศิครินทร์หาดใหญ่,14,SSE,ใต้-อาคเนย์,157.5,south-facilities:9011/28,โรงพยาบาล โรงพยาบาลราษฎร์ยินดี,โรงพยาบาล,2.686,3.916,1.458,71.3143489287222,61.821339235119034
south-facilities:9011/26,โรงพยาบาล โรงพยาบาลศิครินทร์หาดใหญ่,15,SbE,ใต้ค่อนบูรพา,168.75,south-facilities:9011/23,สถานีดับเพลิง Fire Station,สถานีดับเพลิง,2.749,3.259,1.186,71.3143489287222,11.38623467224762
south-facilities:9011/26,โรงพยาบาล โรงพยาบาลศิครินทร์หาดใหญ่,16,S,ทักษิณ (ใต้),180.0,south-facilities:9011/22,รพ.สต./สถานีอนามัย ชัชปวิตร,รพ.สต./สถานีอนามัย,2.36,2.654,1.124,71.3143489287222,32.78644715430826
south-facilities:9011/26,โรงพยาบาล โรงพยาบาลศิครินทร์หาดใหญ่,17,SbW,ใต้ค่อนประจิม,191.25,south-facilities:9011/30,โรงพยาบาล โรงพยาบาลหาดใหญ่,โรงพยาบาล,0.627,0.867,1.383,71.3143489287222,72.95603788261168
south-facilities:9011/26,โรงพยาบาล โรงพยาบาลศิครินทร์หาดใหญ่,18,SSW,ใต้-หรดี,202.5,south-facilities:9011/8,โรงพยาบาล โรงพยาบาลหาดใหญ่,โรงพยาบาล,0.686,1.075,1.567,71.3143489287222,67.15513309458458
south-facilities:9011/26,โรงพยาบาล โรงพยาบาลศิครินทร์หาดใหญ่,19,SWbS,หรดีค่อนใต้,213.75,south-facilities:9011/19,รพ.สต./สถานีอนามัย ศูนย์บริการสาธารณสุขตลาดพ่อพรหม,รพ.สต./สถานีอนามัย,3.067,3.656,1.192,71.3143489287222,174.20009021554694
south-facilities:9011/26,โรงพยาบาล โรงพยาบาลศิครินทร์หาดใหญ่,20,SW,หรดี (ตต.เฉียงใต้),225.0,south-facilities:9011/11,สถานีตำรวจ (ไม่ระบุชื่อ) หาดใหญ่,สถานีตำรวจ,3.426,6.504,1.898,71.3143489287222,10.724869544255613
south-facilities:9011/26,โรงพยาบาล โรงพยาบาลศิครินทร์หาดใหญ่,21,SWbW,หรดีค่อนประจิม,236.25,,— ว่าง —,,,,,,
south-facilities:9011/26,โรงพยาบาล โรงพยาบาลศิครินทร์หาดใหญ่,22,WSW,ประจิม-หรดี,247.5,,— ว่าง —,,,,,,
south-facilities:9011/26,โรงพยาบาล โรงพยาบาลศิครินทร์หาดใหญ่,23,WbS,ประจิมค่อนใต้,258.75,south-facilities:9011/6,จุดบรรเทาทุกข์ (ไม่ระบุชื่อ) หาดใหญ่,จุดบรรเทาทุกข์,12.132,14.143,1.166,71.3143489287222,1543.4484554191997
south-facilities:9011/26,โรงพยาบาล โรงพยาบาลศิครินทร์หาดใหญ่,24,W,ประจิม (ตะวันตก),270.0,,— ว่าง —,,,,,,
south-facilities:9011/26,โรงพยาบาล โรงพยาบาลศิครินทร์หาดใหญ่,25,WbN,ประจิมค่อนเหนือ,281.25,,— ว่าง —,,,,,,
south-facilities:9011/26,โรงพยาบาล โรงพยาบาลศิครินทร์หาดใหญ่,26,WNW,ประจิม-พายัพ,292.5,,— ว่าง —,,,,,,
south-facilities:9011/26,โรงพยาบาล โรงพยาบาลศิครินทร์หาดใหญ่,27,NWbW,พายัพค่อนประจิม,303.75,,— ว่าง —,,,,,,
south-facilities:9011/26,โรงพยาบาล โรงพยาบาลศิครินทร์หาดใหญ่,28,NW,พายัพ (ตต.เฉียงเหนือ),315.0,south-facilities:9014/2,โรงพยาบาล (ไม่ระบุชื่อ) บางกล่ำ,โรงพยาบาล,10.308,22.825,2.214,71.3143489287222,699.7846369631073
south-facilities:9011/26,โรงพยาบาล โรงพยาบาลศิครินทร์หาดใหญ่,29,NWbN,พายัพค่อนเหนือ,326.25,south-facilities:9013,โรงพยาบาล โรงพยาบาลควนเนียง,โรงพยาบาล,23.53,36.708,1.56,71.3143489287222,89.11545967648793
south-facilities:9011/26,โรงพยาบาล โรงพยาบาลศิครินทร์หาดใหญ่,30,NNW,เหนือ-พายัพ,337.5,,— ว่าง —,,,,,,
south-facilities:9011/26,โรงพยาบาล โรงพยาบาลศิครินทร์หาดใหญ่,31,NbW,เหนือค่อนประจิม,348.75,,— ว่าง —,,,,,,
south-facilities:9011/27,สถานีตำรวจ (ไม่ระบุชื่อ) หาดใหญ่,0,N,อุดร (เหนือ),0.0,,— ว่าง —,,,,,,
south-facilities:9011/27,สถานีตำรวจ (ไม่ระบุชื่อ) หาดใหญ่,1,NbE,เหนือค่อนอีสาน,11.25,south-facilities:9013,โรงพยาบาล โรงพยาบาลควนเนียง,โรงพยาบาล,21.746,31.439,1.446,340.30750717626415,89.11545967648793
south-facilities:9011/27,สถานีตำรวจ (ไม่ระบุชื่อ) หาดใหญ่,2,NNE,เหนือ-อีสาน,22.5,,— ว่าง —,,,,,,
south-facilities:9011/27,สถานีตำรวจ (ไม่ระบุชื่อ) หาดใหญ่,3,NEbN,อีสานค่อนเหนือ,33.75,,— ว่าง —,,,,,,
south-facilities:9011/27,สถานีตำรวจ (ไม่ระบุชื่อ) หาดใหญ่,4,NE,อีสาน (ตอ.เฉียงเหนือ),45.0,south-facilities:9014/2,โรงพยาบาล (ไม่ระบุชื่อ) บางกล่ำ,โรงพยาบาล,14.974,30.292,2.023,340.30750717626415,699.7846369631073
south-facilities:9011/27,สถานีตำรวจ (ไม่ระบุชื่อ) หาดใหญ่,5,NEbE,อีสานค่อนบูรพา,56.25,,— ว่าง —,,,,,,
south-facilities:9011/27,สถานีตำรวจ (ไม่ระบุชื่อ) หาดใหญ่,6,ENE,บูรพา-อีสาน,67.5,,— ว่าง —,,,,,,
south-facilities:9011/27,สถานีตำรวจ (ไม่ระบุชื่อ) หาดใหญ่,7,EbN,บูรพาค่อนเหนือ,78.75,south-facilities:9011/26,โรงพยาบาล โรงพยาบาลศิครินทร์หาดใหญ่,โรงพยาบาล,17.977,21.424,1.192,340.30750717626415,71.3143489287222
south-facilities:9011/27,สถานีตำรวจ (ไม่ระบุชื่อ) หาดใหญ่,8,E,บูรพา (ตะวันออก),90.0,south-facilities:9011/13,สถานีตำรวจ Checkpoint,สถานีตำรวจ,15.014,18.022,1.2,340.30750717626415,28.151848478902007
south-facilities:9011/27,สถานีตำรวจ (ไม่ระบุชื่อ) หาดใหญ่,9,EbS,บูรพาค่อนใต้,101.25,south-facilities:9011/6,จุดบรรเทาทุกข์ (ไม่ระบุชื่อ) หาดใหญ่,จุดบรรเทาทุกข์,6.139,7.793,1.27,340.30750717626415,1543.4484554191997
south-facilities:9011/27,สถานีตำรวจ (ไม่ระบุชื่อ) หาดใหญ่,10,ESE,บูรพา-อาคเนย์,112.5,south-facilities:9011/5,โรงพยาบาล สกรีนเมดคลินิก สาขาบ้านพรุ,โรงพยาบาล,19.21,24.128,1.256,340.30750717626415,29.68656475967559
south-facilities:9011/27,สถานีตำรวจ (ไม่ระบุชื่อ) หาดใหญ่,11,SEbE,อาคเนย์ค่อนบูรพา,123.75,south-facilities:9016/3,โรงพยาบาล โรงพยาบาลกองบิน 56,โรงพยาบาล,13.937,18.748,1.345,340.30750717626415,701.182485491723
south-facilities:9011/27,สถานีตำรวจ (ไม่ระบุชื่อ) หาดใหญ่,12,SE,อาคเนย์ (ตอ.เฉียงใต้),135.0,south-facilities:9016/2,หน่วยทหาร กองบิน 56,หน่วยทหาร,12.939,20.4,1.577,340.30750717626415,414.33047122410613
south-facilities:9011/27,สถานีตำรวจ (ไม่ระบุชื่อ) หาดใหญ่,13,SEbS,อาคเนย์ค่อนใต้,146.25,south-facilities:9016/5,หน่วยทหาร กองทัพน้อยที่ 4,หน่วยทหาร,16.418,28.31,1.724,340.30750717626415,557.0568803553997
south-facilities:9011/27,สถานีตำรวจ (ไม่ระบุชื่อ) หาดใหญ่,14,SSE,ใต้-อาคเนย์,157.5,south-facilities:9016/4,หน่วยทหาร ค่ายรัตนพล,หน่วยทหาร,17.062,27.857,1.633,340.30750717626415,533.0847319357273
south-facilities:9011/27,สถานีตำรวจ (ไม่ระบุชื่อ) หาดใหญ่,15,SbE,ใต้ค่อนบูรพา,168.75,,— ว่าง —,,,,,,
south-facilities:9011/27,สถานีตำรวจ (ไม่ระบุชื่อ) หาดใหญ่,16,S,ทักษิณ (ใต้),180.0,,— ว่าง —,,,,,,
south-facilities:9011/27,สถานีตำรวจ (ไม่ระบุชื่อ) หาดใหญ่,17,SbW,ใต้ค่อนประจิม,191.25,,— ว่าง —,,,,,,
south-facilities:9011/27,สถานีตำรวจ (ไม่ระบุชื่อ) หาดใหญ่,18,SSW,ใต้-หรดี,202.5,,— ว่าง —,,,,,,
south-facilities:9011/27,สถานีตำรวจ (ไม่ระบุชื่อ) หาดใหญ่,19,SWbS,หรดีค่อนใต้,213.75,,— ว่าง —,,,,,,
south-facilities:9011/27,สถานีตำรวจ (ไม่ระบุชื่อ) หาดใหญ่,20,SW,หรดี (ตต.เฉียงใต้),225.0,,— ว่าง —,,,,,,
south-facilities:9011/27,สถานีตำรวจ (ไม่ระบุชื่อ) หาดใหญ่,21,SWbW,หรดีค่อนประจิม,236.25,,— ว่าง —,,,,,,
south-facilities:9011/27,สถานีตำรวจ (ไม่ระบุชื่อ) หาดใหญ่,22,WSW,ประจิม-หรดี,247.5,,— ว่าง —,,,,,,
south-facilities:9011/27,สถานีตำรวจ (ไม่ระบุชื่อ) หาดใหญ่,23,WbS,ประจิมค่อนใต้,258.75,,— ว่าง —,,,,,,
south-facilities:9011/27,สถานีตำรวจ (ไม่ระบุชื่อ) หาดใหญ่,24,W,ประจิม (ตะวันตก),270.0,,— ว่าง —,,,,,,
south-facilities:9011/27,สถานีตำรวจ (ไม่ระบุชื่อ) หาดใหญ่,25,WbN,ประจิมค่อนเหนือ,281.25,,— ว่าง —,,,,,,
south-facilities:9011/27,สถานีตำรวจ (ไม่ระบุชื่อ) หาดใหญ่,26,WNW,ประจิม-พายัพ,292.5,,— ว่าง —,,,,,,
south-facilities:9011/27,สถานีตำรวจ (ไม่ระบุชื่อ) หาดใหญ่,27,NWbW,พายัพค่อนประจิม,303.75,,— ว่าง —,,,,,,
south-facilities:9011/27,สถานีตำรวจ (ไม่ระบุชื่อ) หาดใหญ่,28,NW,พายัพ (ตต.เฉียงเหนือ),315.0,,— ว่าง —,,,,,,
south-facilities:9011/27,สถานีตำรวจ (ไม่ระบุชื่อ) หาดใหญ่,29,NWbN,พายัพค่อนเหนือ,326.25,,— ว่าง —,,,,,,
south-facilities:9011/27,สถานีตำรวจ (ไม่ระบุชื่อ) หาดใหญ่,30,NNW,เหนือ-พายัพ,337.5,south-facilities:9009/4,โรงพยาบาล โรงพยาบาลรัตภูมิ,โรงพยาบาล,15.522,18.667,1.203,340.30750717626415,84.17320888145477
south-facilities:9011/27,สถานีตำรวจ (ไม่ระบุชื่อ) หาดใหญ่,31,NbW,เหนือค่อนประจิม,348.75,,— ว่าง —,,,,,,
south-facilities:9011/28,โรงพยาบาล โรงพยาบาลราษฎร์ยินดี,0,N,อุดร (เหนือ),0.0,south-facilities:9011/10,สถานีดับเพลิง (ไม่ระบุชื่อ) หาดใหญ่,สถานีดับเพลิง,1.406,,,61.821339235119034,33.12103267884463
south-facilities:9011/28,โรงพยาบาล โรงพยาบาลราษฎร์ยินดี,1,NbE,เหนือค่อนอีสาน,11.25,,— ว่าง —,,,,,,
south-facilities:9011/28,โรงพยาบาล โรงพยาบาลราษฎร์ยินดี,2,NNE,เหนือ-อีสาน,22.5,south-facilities:9011/33,โรงพยาบาล โรงพยาบาลกรุงเทพ-หาดใหญ่,โรงพยาบาล,1.83,,,61.821339235119034,40.19709403236935
south-facilities:9011/28,โรงพยาบาล โรงพยาบาลราษฎร์ยินดี,3,NEbN,อีสานค่อนเหนือ,33.75,south-facilities:9001/6,โรงพยาบาล โรงพยาบาลสงขลา,โรงพยาบาล,18.174,,,61.821339235119034,312.9522554864306
south-facilities:9011/28,โรงพยาบาล โรงพยาบาลราษฎร์ยินดี,4,NE,อีสาน (ตอ.เฉียงเหนือ),45.0,south-facilities:9011/9,โรงพยาบาล โรงพยาบาลค่ายเสนาณรงค์,โรงพยาบาล,2.996,,,61.821339235119034,106.89281366922243
south-facilities:9011/28,โรงพยาบาล โรงพยาบาลราษฎร์ยินดี,5,NEbE,อีสานค่อนบูรพา,56.25,,— ว่าง —,,,,,,
south-facilities:9011/28,โรงพยาบาล โรงพยาบาลราษฎร์ยินดี,6,ENE,บูรพา-อีสาน,67.5,south-facilities:9011/4,รพ.สต./สถานีอนามัย The V-Sage clinic Hatyai เดอะวีสาจคลินิกหาดใหญ่,รพ.สต./สถานีอนามัย,1.295,,,61.821339235119034,19.074237954171714
south-facilities:9011/28,โรงพยาบาล โรงพยาบาลราษฎร์ยินดี,7,EbN,บูรพาค่อนเหนือ,78.75,,— ว่าง —,,,,,,
south-facilities:9011/28,โรงพยาบาล โรงพยาบาลราษฎร์ยินดี,8,E,บูรพา (ตะวันออก),90.0,,— ว่าง —,,,,,,
south-facilities:9011/28,โรงพยาบาล โรงพยาบาลราษฎร์ยินดี,9,EbS,บูรพาค่อนใต้,101.25,south-facilities:9012,โรงพยาบาล โรงพยาบาลนาหม่อม,โรงพยาบาล,11.76,,,61.821339235119034,166.50934497782745
south-facilities:9011/28,โรงพยาบาล โรงพยาบาลราษฎร์ยินดี,10,ESE,บูรพา-อาคเนย์,112.5,,— ว่าง —,,,,,,
south-facilities:9011/28,โรงพยาบาล โรงพยาบาลราษฎร์ยินดี,11,SEbE,อาคเนย์ค่อนบูรพา,123.75,south-facilities:9012/2,สถานีตำรวจ (ไม่ระบุชื่อ) นาหม่อม,สถานีตำรวจ,9.269,,,61.821339235119034,27.68356801387466
south-facilities:9011/28,โรงพยาบาล โรงพยาบาลราษฎร์ยินดี,12,SE,อาคเนย์ (ตอ.เฉียงใต้),135.0,,— ว่าง —,,,,,,
south-facilities:9011/28,โรงพยาบาล โรงพยาบาลราษฎร์ยินดี,13,SEbS,อาคเนย์ค่อนใต้,146.25,,— ว่าง —,,,,,,
south-facilities:9011/28,โรงพยาบาล โรงพยาบาลราษฎร์ยินดี,14,SSE,ใต้-อาคเนย์,157.5,,— ว่าง —,,,,,,
south-facilities:9011/28,โรงพยาบาล โรงพยาบาลราษฎร์ยินดี,15,SbE,ใต้ค่อนบูรพา,168.75,,— ว่าง —,,,,,,
south-facilities:9011/28,โรงพยาบาล โรงพยาบาลราษฎร์ยินดี,16,S,ทักษิณ (ใต้),180.0,,— ว่าง —,,,,,,
south-facilities:9011/28,โรงพยาบาล โรงพยาบาลราษฎร์ยินดี,17,SbW,ใต้ค่อนประจิม,191.25,south-facilities:9011/5,โรงพยาบาล สกรีนเมดคลินิก สาขาบ้านพรุ,โรงพยาบาล,6.136,,,61.821339235119034,29.68656475967559
south-facilities:9011/28,โรงพยาบาล โรงพยาบาลราษฎร์ยินดี,18,SSW,ใต้-หรดี,202.5,,— ว่าง —,,,,,,
south-facilities:9011/28,โรงพยาบาล โรงพยาบาลราษฎร์ยินดี,19,SWbS,หรดีค่อนใต้,213.75,south-facilities:9011/12,ด่านตรวจ (ไม่ระบุชื่อ) หาดใหญ่,ด่านตรวจ,2.838,,,61.821339235119034,42.819859452539404
south-facilities:9011/28,โรงพยาบาล โรงพยาบาลราษฎร์ยินดี,20,SW,หรดี (ตต.เฉียงใต้),225.0,south-facilities:9016/3,โรงพยาบาล โรงพยาบาลกองบิน 56,โรงพยาบาล,11.149,,,61.821339235119034,701.182485491723
south-facilities:9011/28,โรงพยาบาล โรงพยาบาลราษฎร์ยินดี,21,SWbW,หรดีค่อนประจิม,236.25,south-facilities:9011/31,รพ.สต./สถานีอนามัย (ไม่ระบุชื่อ) หาดใหญ่,รพ.สต./สถานีอนามัย,3.729,,,61.821339235119034,14.447365474444437
south-facilities:9011/28,โรงพยาบาล โรงพยาบาลราษฎร์ยินดี,22,WSW,ประจิม-หรดี,247.5,south-facilities:9011/23,สถานีดับเพลิง Fire Station,สถานีดับเพลิง,0.95,,,61.821339235119034,11.38623467224762
south-facilities:9011/28,โรงพยาบาล โรงพยาบาลราษฎร์ยินดี,23,WbS,ประจิมค่อนใต้,258.75,south-facilities:9011/29,สถานีตำรวจ (ไม่ระบุชื่อ) หาดใหญ่,สถานีตำรวจ,0.972,,,61.821339235119034,27.54552175293736
south-facilities:9011/28,โรงพยาบาล โรงพยาบาลราษฎร์ยินดี,24,W,ประจิม (ตะวันตก),270.0,south-facilities:9011/22,รพ.สต./สถานีอนามัย ชัชปวิตร,รพ.สต./สถานีอนามัย,1.079,,,61.821339235119034,32.78644715430826
south-facilities:9011/28,โรงพยาบาล โรงพยาบาลราษฎร์ยินดี,25,WbN,ประจิมค่อนเหนือ,281.25,,— ว่าง —,,,,,,
south-facilities:9011/28,โรงพยาบาล โรงพยาบาลราษฎร์ยินดี,26,WNW,ประจิม-พายัพ,292.5,south-facilities:9011/2,สถานีตำรวจ (ไม่ระบุชื่อ) หาดใหญ่,สถานีตำรวจ,1.834,,,61.821339235119034,54.994619553540105
south-facilities:9011/28,โรงพยาบาล โรงพยาบาลราษฎร์ยินดี,27,NWbW,พายัพค่อนประจิม,303.75,,— ว่าง —,,,,,,
south-facilities:9011/28,โรงพยาบาล โรงพยาบาลราษฎร์ยินดี,28,NW,พายัพ (ตต.เฉียงเหนือ),315.0,,— ว่าง —,,,,,,
south-facilities:9011/28,โรงพยาบาล โรงพยาบาลราษฎร์ยินดี,29,NWbN,พายัพค่อนเหนือ,326.25,south-facilities:9011/30,โรงพยาบาล โรงพยาบาลหาดใหญ่,โรงพยาบาล,2.199,,,61.821339235119034,72.95603788261168
south-facilities:9011/28,โรงพยาบาล โรงพยาบาลราษฎร์ยินดี,30,NNW,เหนือ-พายัพ,337.5,south-facilities:9011,รพ.สต./สถานีอนามัย โพลีคลินิคเพชระหาดใหญ่,รพ.สต./สถานีอนามัย,1.79,,,61.821339235119034,35.39812252279343
south-facilities:9011/28,โรงพยาบาล โรงพยาบาลราษฎร์ยินดี,31,NbW,เหนือค่อนประจิม,348.75,,— ว่าง —,,,,,,
south-facilities:9011/29,สถานีตำรวจ (ไม่ระบุชื่อ) หาดใหญ่,0,N,อุดร (เหนือ),0.0,south-facilities:9011/26,โรงพยาบาล โรงพยาบาลศิครินทร์หาดใหญ่,โรงพยาบาล,2.59,2.942,1.136,27.54552175293736,71.3143489287222
south-facilities:9011/29,สถานีตำรวจ (ไม่ระบุชื่อ) หาดใหญ่,1,NbE,เหนือค่อนอีสาน,11.25,south-facilities:9011,รพ.สต./สถานีอนามัย โพลีคลินิคเพชระหาดใหญ่,รพ.สต./สถานีอนามัย,1.853,2.365,1.276,27.54552175293736,35.39812252279343
south-facilities:9011/29,สถานีตำรวจ (ไม่ระบุชื่อ) หาดใหญ่,2,NNE,เหนือ-อีสาน,22.5,south-facilities:9015/2,รพ.สต./สถานีอนามัย (ไม่ระบุชื่อ) สิงหนคร,รพ.สต./สถานีอนามัย,24.07,37.832,1.572,27.54552175293736,219.61463642796394
south-facilities:9011/29,สถานีตำรวจ (ไม่ระบุชื่อ) หาดใหญ่,3,NEbN,อีสานค่อนเหนือ,33.75,south-facilities:9011/10,สถานีดับเพลิง (ไม่ระบุชื่อ) หาดใหญ่,สถานีดับเพลิง,1.796,3.259,1.814,27.54552175293736,33.12103267884463
south-facilities:9011/29,สถานีตำรวจ (ไม่ระบุชื่อ) หาดใหญ่,4,NE,อีสาน (ตอ.เฉียงเหนือ),45.0,south-facilities:9011/33,โรงพยาบาล โรงพยาบาลกรุงเทพ-หาดใหญ่,โรงพยาบาล,2.475,3.365,1.359,27.54552175293736,40.19709403236935
south-facilities:9011/29,สถานีตำรวจ (ไม่ระบุชื่อ) หาดใหญ่,5,NEbE,อีสานค่อนบูรพา,56.25,south-facilities:9011/9,โรงพยาบาล โรงพยาบาลค่ายเสนาณรงค์,โรงพยาบาล,3.824,5.032,1.316,27.54552175293736,106.89281366922243
south-facilities:9011/29,สถานีตำรวจ (ไม่ระบุชื่อ) หาดใหญ่,6,ENE,บูรพา-อีสาน,67.5,south-facilities:9011/32,โรงพยาบาล โรงพยาบาลสงขลานครินทร์,โรงพยาบาล,2.651,3.495,1.319,27.54552175293736,146.08742612568585
south-facilities:9011/29,สถานีตำรวจ (ไม่ระบุชื่อ) หาดใหญ่,7,EbN,บูรพาค่อนเหนือ,78.75,south-facilities:9011/28,โรงพยาบาล โรงพยาบาลราษฎร์ยินดี,โรงพยาบาล,0.972,1.363,1.402,27.54552175293736,61.821339235119034
south-facilities:9011/29,สถานีตำรวจ (ไม่ระบุชื่อ) หาดใหญ่,8,E,บูรพา (ตะวันออก),90.0,,— ว่าง —,,,,,,
south-facilities:9011/29,สถานีตำรวจ (ไม่ระบุชื่อ) หาดใหญ่,9,EbS,บูรพาค่อนใต้,101.25,south-facilities:9012,โรงพยาบาล โรงพยาบาลนาหม่อม,โรงพยาบาล,12.684,17.679,1.394,27.54552175293736,166.50934497782745
south-facilities:9011/29,สถานีตำรวจ (ไม่ระบุชื่อ) หาดใหญ่,10,ESE,บูรพา-อาคเนย์,112.5,,— ว่าง —,,,,,,
south-facilities:9011/29,สถานีตำรวจ (ไม่ระบุชื่อ) หาดใหญ่,11,SEbE,อาคเนย์ค่อนบูรพา,123.75,south-facilities:9012/2,สถานีตำรวจ (ไม่ระบุชื่อ) นาหม่อม,สถานีตำรวจ,10.014,12.308,1.229,27.54552175293736,27.68356801387466
south-facilities:9011/29,สถานีตำรวจ (ไม่ระบุชื่อ) หาดใหญ่,12,SE,อาคเนย์ (ตอ.เฉียงใต้),135.0,,— ว่าง —,,,,,,
south-facilities:9011/29,สถานีตำรวจ (ไม่ระบุชื่อ) หาดใหญ่,13,SEbS,อาคเนย์ค่อนใต้,146.25,,— ว่าง —,,,,,,
south-facilities:9011/29,สถานีตำรวจ (ไม่ระบุชื่อ) หาดใหญ่,14,SSE,ใต้-อาคเนย์,157.5,south-facilities:9011/23,สถานีดับเพลิง Fire Station,สถานีดับเพลิง,0.166,0.586,3.535,27.54552175293736,11.38623467224762
south-facilities:9011/29,สถานีตำรวจ (ไม่ระบุชื่อ) หาดใหญ่,15,SbE,ใต้ค่อนบูรพา,168.75,,— ว่าง —,,,,,,
south-facilities:9011/29,สถานีตำรวจ (ไม่ระบุชื่อ) หาดใหญ่,16,S,ทักษิณ (ใต้),180.0,south-facilities:9011/5,โรงพยาบาล สกรีนเมดคลินิก สาขาบ้านพรุ,โรงพยาบาล,5.898,7.27,1.233,27.54552175293736,29.68656475967559
south-facilities:9011/29,สถานีตำรวจ (ไม่ระบุชื่อ) หาดใหญ่,17,SbW,ใต้ค่อนประจิม,191.25,south-facilities:9011/12,ด่านตรวจ (ไม่ระบุชื่อ) หาดใหญ่,ด่านตรวจ,2.279,6.671,2.928,27.54552175293736,42.819859452539404
south-facilities:9011/29,สถานีตำรวจ (ไม่ระบุชื่อ) หาดใหญ่,18,SSW,ใต้-หรดี,202.5,,— ว่าง —,,,,,,
south-facilities:9011/29,สถานีตำรวจ (ไม่ระบุชื่อ) หาดใหญ่,19,SWbS,หรดีค่อนใต้,213.75,south-facilities:9016,โรงพยาบาล โรงพยาบาลคลองหอยโข่ง,โรงพยาบาล,13.32,17.147,1.287,27.54552175293736,84.70693826449626
south-facilities:9011/29,สถานีตำรวจ (ไม่ระบุชื่อ) หาดใหญ่,20,SW,หรดี (ตต.เฉียงใต้),225.0,south-facilities:9011/31,รพ.สต./สถานีอนามัย (ไม่ระบุชื่อ) หาดใหญ่,รพ.สต./สถานีอนามัย,2.868,5.669,1.977,27.54552175293736,14.447365474444437
south-facilities:9011/29,สถานีตำรวจ (ไม่ระบุชื่อ) หาดใหญ่,21,SWbW,หรดีค่อนประจิม,236.25,,— ว่าง —,,,,,,
south-facilities:9011/29,สถานีตำรวจ (ไม่ระบุชื่อ) หาดใหญ่,22,WSW,ประจิม-หรดี,247.5,,— ว่าง —,,,,,,
south-facilities:9011/29,สถานีตำรวจ (ไม่ระบุชื่อ) หาดใหญ่,23,WbS,ประจิมค่อนใต้,258.75,south-facilities:9011/18,รพ.สต./สถานีอนามัย ศูนย์สาธารณสุขมูลฐานชุมชนชุมชนไทยโฮเต็ล,รพ.สต./สถานีอนามัย,0.981,1.183,1.206,27.54552175293736,38.31334955770438
south-facilities:9011/29,สถานีตำรวจ (ไม่ระบุชื่อ) หาดใหญ่,24,W,ประจิม (ตะวันตก),270.0,south-facilities:9011/19,รพ.สต./สถานีอนามัย ศูนย์บริการสาธารณสุขตลาดพ่อพรหม,รพ.สต./สถานีอนามัย,1.935,2.634,1.361,27.54552175293736,174.20009021554694
south-facilities:9011/29,สถานีตำรวจ (ไม่ระบุชื่อ) หาดใหญ่,25,WbN,ประจิมค่อนเหนือ,281.25,south-facilities:9011/21,รพ.สต./สถานีอนามัย สมาคมวางแผนครอบครัว สวท,รพ.สต./สถานีอนามัย,1.035,2.448,2.365,27.54552175293736,57.46313055844702
south-facilities:9011/29,สถานีตำรวจ (ไม่ระบุชื่อ) หาดใหญ่,26,WNW,ประจิม-พายัพ,292.5,south-facilities:9011/15,รพ.สต./สถานีอนามัย สมาคมวางแผนครอบครัวแห่งประเทศไทย สวท,รพ.สต./สถานีอนามัย,0.879,1.415,1.61,27.54552175293736,104.03189787623155
south-facilities:9011/29,สถานีตำรวจ (ไม่ระบุชื่อ) หาดใหญ่,27,NWbW,พายัพค่อนประจิม,303.75,,— ว่าง —,,,,,,
south-facilities:9011/29,สถานีตำรวจ (ไม่ระบุชื่อ) หาดใหญ่,28,NW,พายัพ (ตต.เฉียงเหนือ),315.0,south-facilities:9011/2,สถานีตำรวจ (ไม่ระบุชื่อ) หาดใหญ่,สถานีตำรวจ,1.099,1.683,1.531,27.54552175293736,54.994619553540105
south-facilities:9011/29,สถานีตำรวจ (ไม่ระบุชื่อ) หาดใหญ่,29,NWbN,พายัพค่อนเหนือ,326.25,south-facilities:9011/22,รพ.สต./สถานีอนามัย ชัชปวิตร,รพ.สต./สถานีอนามัย,0.253,0.433,1.714,27.54552175293736,32.78644715430826
south-facilities:9011/29,สถานีตำรวจ (ไม่ระบุชื่อ) หาดใหญ่,30,NNW,เหนือ-พายัพ,337.5,,— ว่าง —,,,,,,
south-facilities:9011/29,สถานีตำรวจ (ไม่ระบุชื่อ) หาดใหญ่,31,NbW,เหนือค่อนประจิม,348.75,south-facilities:9011/30,โรงพยาบาล โรงพยาบาลหาดใหญ่,โรงพยาบาล,1.986,2.452,1.234,27.54552175293736,72.95603788261168
south-facilities:9011/30,โรงพยาบาล โรงพยาบาลหาดใหญ่,0,N,อุดร (เหนือ),0.0,,— ว่าง —,,,,,,
south-facilities:9011/30,โรงพยาบาล โรงพยาบาลหาดใหญ่,1,NbE,เหนือค่อนอีสาน,11.25,south-facilities:9011/26,โรงพยาบาล โรงพยาบาลศิครินทร์หาดใหญ่,โรงพยาบาล,0.627,0.867,1.383,72.95603788261168,71.3143489287222
south-facilities:9011/30,โรงพยาบาล โรงพยาบาลหาดใหญ่,2,NNE,เหนือ-อีสาน,22.5,south-facilities:9015/2,รพ.สต./สถานีอนามัย (ไม่ระบุชื่อ) สิงหนคร,รพ.สต./สถานีอนามัย,22.457,36.688,1.634,72.95603788261168,219.61463642796394
south-facilities:9011/30,โรงพยาบาล โรงพยาบาลหาดใหญ่,3,NEbN,อีสานค่อนเหนือ,33.75,south-facilities:9001/6,โรงพยาบาล โรงพยาบาลสงขลา,โรงพยาบาล,17.407,21.724,1.248,72.95603788261168,312.9522554864306
south-facilities:9011/30,โรงพยาบาล โรงพยาบาลหาดใหญ่,4,NE,อีสาน (ตอ.เฉียงเหนือ),45.0,south-facilities:9001,รพ.สต./สถานีอนามัย Sampit,รพ.สต./สถานีอนามัย,17.64,22.542,1.278,72.95603788261168,33.823638752248094
south-facilities:9011/30,โรงพยาบาล โรงพยาบาลหาดใหญ่,5,NEbE,อีสานค่อนบูรพา,56.25,,— ว่าง —,,,,,,
south-facilities:9011/30,โรงพยาบาล โรงพยาบาลหาดใหญ่,6,ENE,บูรพา-อีสาน,67.5,,— ว่าง —,,,,,,
south-facilities:9011/30,โรงพยาบาล โรงพยาบาลหาดใหญ่,7,EbN,บูรพาค่อนเหนือ,78.75,south-facilities:9011/9,โรงพยาบาล โรงพยาบาลค่ายเสนาณรงค์,โรงพยาบาล,3.371,3.888,1.153,72.95603788261168,106.89281366922243
south-facilities:9011/30,โรงพยาบาล โรงพยาบาลหาดใหญ่,8,E,บูรพา (ตะวันออก),90.0,south-facilities:9011/33,โรงพยาบาล โรงพยาบาลกรุงเทพ-หาดใหญ่,โรงพยาบาล,1.933,2.581,1.335,72.95603788261168,40.19709403236935
south-facilities:9011/30,โรงพยาบาล โรงพยาบาลหาดใหญ่,9,EbS,บูรพาค่อนใต้,101.25,south-facilities:9011,รพ.สต./สถานีอนามัย โพลีคลินิคเพชระหาดใหญ่,รพ.สต./สถานีอนามัย,0.622,0.772,1.241,72.95603788261168,35.39812252279343
south-facilities:9011/30,โรงพยาบาล โรงพยาบาลหาดใหญ่,10,ESE,บูรพา-อาคเนย์,112.5,south-facilities:9011/10,สถานีดับเพลิง (ไม่ระบุชื่อ) หาดใหญ่,สถานีดับเพลิง,1.25,1.824,1.459,72.95603788261168,33.12103267884463
south-facilities:9011/30,โรงพยาบาล โรงพยาบาลหาดใหญ่,11,SEbE,อาคเนย์ค่อนบูรพา,123.75,south-facilities:9011/4,รพ.สต./สถานีอนามัย The V-Sage clinic Hatyai เดอะวีสาจคลินิกหาดใหญ่,รพ.สต./สถานีอนามัย,2.824,3.756,1.33,72.95603788261168,19.074237954171714
south-facilities:9011/30,โรงพยาบาล โรงพยาบาลหาดใหญ่,12,SE,อาคเนย์ (ตอ.เฉียงใต้),135.0,,— ว่าง —,,,,,,
south-facilities:9011/30,โรงพยาบาล โรงพยาบาลหาดใหญ่,13,SEbS,อาคเนย์ค่อนใต้,146.25,south-facilities:9011/28,โรงพยาบาล โรงพยาบาลราษฎร์ยินดี,โรงพยาบาล,2.199,3.425,1.558,72.95603788261168,61.821339235119034
south-facilities:9011/30,โรงพยาบาล โรงพยาบาลหาดใหญ่,14,SSE,ใต้-อาคเนย์,157.5,,— ว่าง —,,,,,,
south-facilities:9011/30,โรงพยาบาล โรงพยาบาลหาดใหญ่,15,SbE,ใต้ค่อนบูรพา,168.75,south-facilities:9011/22,รพ.สต./สถานีอนามัย ชัชปวิตร,รพ.สต./สถานีอนามัย,1.749,2.163,1.237,72.95603788261168,32.78644715430826
south-facilities:9011/30,โรงพยาบาล โรงพยาบาลหาดใหญ่,16,S,ทักษิณ (ใต้),180.0,south-facilities:9011/12,ด่านตรวจ (ไม่ระบุชื่อ) หาดใหญ่,ด่านตรวจ,4.165,8.687,2.085,72.95603788261168,42.819859452539404
south-facilities:9011/30,โรงพยาบาล โรงพยาบาลหาดใหญ่,17,SbW,ใต้ค่อนประจิม,191.25,south-facilities:9011/18,รพ.สต./สถานีอนามัย ศูนย์สาธารณสุขมูลฐานชุมชนชุมชนไทยโฮเต็ล,รพ.สต./สถานีอนามัย,2.298,3.199,1.392,72.95603788261168,38.31334955770438
south-facilities:9011/30,โรงพยาบาล โรงพยาบาลหาดใหญ่,18,SSW,ใต้-หรดี,202.5,south-facilities:9011/2,สถานีตำรวจ (ไม่ระบุชื่อ) หาดใหญ่,สถานีตำรวจ,1.26,1.771,1.406,72.95603788261168,54.994619553540105
south-facilities:9011/30,โรงพยาบาล โรงพยาบาลหาดใหญ่,19,SWbS,หรดีค่อนใต้,213.75,south-facilities:9011/16,รพ.สต./สถานีอนามัย ศูนย์บริการสาธารณสุขโรงเรียนเทศบาล 2,รพ.สต./สถานีอนามัย,1.977,2.753,1.392,72.95603788261168,37.47768614583841
south-facilities:9011/30,โรงพยาบาล โรงพยาบาลหาดใหญ่,20,SW,หรดี (ตต.เฉียงใต้),225.0,south-facilities:9011/19,รพ.สต./สถานีอนามัย ศูนย์บริการสาธารณสุขตลาดพ่อพรหม,รพ.สต./สถานีอนามัย,2.515,3.166,1.258,72.95603788261168,174.20009021554694
south-facilities:9011/30,โรงพยาบาล โรงพยาบาลหาดใหญ่,21,SWbW,หรดีค่อนประจิม,236.25,south-facilities:9011/13,สถานีตำรวจ Checkpoint,สถานีตำรวจ,3.42,4.302,1.258,72.95603788261168,28.151848478902007
south-facilities:9011/30,โรงพยาบาล โรงพยาบาลหาดใหญ่,22,WSW,ประจิม-หรดี,247.5,,— ว่าง —,,,,,,
south-facilities:9011/30,โรงพยาบาล โรงพยาบาลหาดใหญ่,23,WbS,ประจิมค่อนใต้,258.75,south-facilities:9011/8,โรงพยาบาล โรงพยาบาลหาดใหญ่,โรงพยาบาล,0.157,0.334,2.125,72.95603788261168,67.15513309458458
south-facilities:9011/30,โรงพยาบาล โรงพยาบาลหาดใหญ่,24,W,ประจิม (ตะวันตก),270.0,south-facilities:9011/27,สถานีตำรวจ (ไม่ระบุชื่อ) หาดใหญ่,สถานีตำรวจ,17.824,20.989,1.178,72.95603788261168,340.30750717626415
south-facilities:9011/30,โรงพยาบาล โรงพยาบาลหาดใหญ่,25,WbN,ประจิมค่อนเหนือ,281.25,,— ว่าง —,,,,,,
south-facilities:9011/30,โรงพยาบาล โรงพยาบาลหาดใหญ่,26,WNW,ประจิม-พายัพ,292.5,,— ว่าง —,,,,,,
south-facilities:9011/30,โรงพยาบาล โรงพยาบาลหาดใหญ่,27,NWbW,พายัพค่อนประจิม,303.75,,— ว่าง —,,,,,,
south-facilities:9011/30,โรงพยาบาล โรงพยาบาลหาดใหญ่,28,NW,พายัพ (ตต.เฉียงเหนือ),315.0,,— ว่าง —,,,,,,
south-facilities:9011/30,โรงพยาบาล โรงพยาบาลหาดใหญ่,29,NWbN,พายัพค่อนเหนือ,326.25,south-facilities:9014/2,โรงพยาบาล (ไม่ระบุชื่อ) บางกล่ำ,โรงพยาบาล,10.731,23.084,2.151,72.95603788261168,699.7846369631073
south-facilities:9011/30,โรงพยาบาล โรงพยาบาลหาดใหญ่,30,NNW,เหนือ-พายัพ,337.5,,— ว่าง —,,,,,,
south-facilities:9011/30,โรงพยาบาล โรงพยาบาลหาดใหญ่,31,NbW,เหนือค่อนประจิม,348.75,,— ว่าง —,,,,,,
south-facilities:9011/31,รพ.สต./สถานีอนามัย (ไม่ระบุชื่อ) หาดใหญ่,0,N,อุดร (เหนือ),0.0,,— ว่าง —,,,,,,
south-facilities:9011/31,รพ.สต./สถานีอนามัย (ไม่ระบุชื่อ) หาดใหญ่,1,NbE,เหนือค่อนอีสาน,11.25,south-facilities:9011/17,รพ.สต./สถานีอนามัย ศูนย์สุขภาพชุมชนวัดท่าเคียน,รพ.สต./สถานีอนามัย,1.765,5.719,3.24,14.447365474444437,37.32585428552144
south-facilities:9011/31,รพ.สต./สถานีอนามัย (ไม่ระบุชื่อ) หาดใหญ่,2,NNE,เหนือ-อีสาน,22.5,south-facilities:9011/16,รพ.สต./สถานีอนามัย ศูนย์บริการสาธารณสุขโรงเรียนเทศบาล 2,รพ.สต./สถานีอนามัย,2.325,5.343,2.299,14.447365474444437,37.47768614583841
south-facilities:9011/31,รพ.สต./สถานีอนามัย (ไม่ระบุชื่อ) หาดใหญ่,3,NEbN,อีสานค่อนเหนือ,33.75,south-facilities:9011/18,รพ.สต./สถานีอนามัย ศูนย์สาธารณสุขมูลฐานชุมชนชุมชนไทยโฮเต็ล,รพ.สต./สถานีอนามัย,2.046,4.658,2.277,14.447365474444437,38.31334955770438
south-facilities:9011/31,รพ.สต./สถานีอนามัย (ไม่ระบุชื่อ) หาดใหญ่,4,NE,อีสาน (ตอ.เฉียงเหนือ),45.0,south-facilities:9011/29,สถานีตำรวจ (ไม่ระบุชื่อ) หาดใหญ่,สถานีตำรวจ,2.868,6.334,2.209,14.447365474444437,27.54552175293736
south-facilities:9011/31,รพ.สต./สถานีอนามัย (ไม่ระบุชื่อ) หาดใหญ่,5,NEbE,อีสานค่อนบูรพา,56.25,south-facilities:9011/14,สถานีดับเพลิง สถานีดับเพลิง ศรีภูวนารถ,สถานีดับเพลิง,2.808,6.005,2.139,14.447365474444437,21.10762502846869
south-facilities:9011/31,รพ.สต./สถานีอนามัย (ไม่ระบุชื่อ) หาดใหญ่,6,ENE,บูรพา-อีสาน,67.5,,— ว่าง —,,,,,,
south-facilities:9011/31,รพ.สต./สถานีอนามัย (ไม่ระบุชื่อ) หาดใหญ่,7,EbN,บูรพาค่อนเหนือ,78.75,,— ว่าง —,,,,,,
south-facilities:9011/31,รพ.สต./สถานีอนามัย (ไม่ระบุชื่อ) หาดใหญ่,8,E,บูรพา (ตะวันออก),90.0,south-facilities:9012,โรงพยาบาล โรงพยาบาลนาหม่อม,โรงพยาบาล,14.714,17.03,1.157,14.447365474444437,166.50934497782745
south-facilities:9011/31,รพ.สต./สถานีอนามัย (ไม่ระบุชื่อ) หาดใหญ่,9,EbS,บูรพาค่อนใต้,101.25,south-facilities:9011/12,ด่านตรวจ (ไม่ระบุชื่อ) หาดใหญ่,ด่านตรวจ,1.544,1.743,1.129,14.447365474444437,42.819859452539404
south-facilities:9011/31,รพ.สต./สถานีอนามัย (ไม่ระบุชื่อ) หาดใหญ่,10,ESE,บูรพา-อาคเนย์,112.5,,— ว่าง —,,,,,,
south-facilities:9011/31,รพ.สต./สถานีอนามัย (ไม่ระบุชื่อ) หาดใหญ่,11,SEbE,อาคเนย์ค่อนบูรพา,123.75,,— ว่าง —,,,,,,
south-facilities:9011/31,รพ.สต./สถานีอนามัย (ไม่ระบุชื่อ) หาดใหญ่,12,SE,อาคเนย์ (ตอ.เฉียงใต้),135.0,,— ว่าง —,,,,,,
south-facilities:9011/31,รพ.สต./สถานีอนามัย (ไม่ระบุชื่อ) หาดใหญ่,13,SEbS,อาคเนย์ค่อนใต้,146.25,south-facilities:9011/5,โรงพยาบาล สกรีนเมดคลินิก สาขาบ้านพรุ,โรงพยาบาล,4.534,6.418,1.416,14.447365474444437,29.68656475967559
south-facilities:9011/31,รพ.สต./สถานีอนามัย (ไม่ระบุชื่อ) หาดใหญ่,14,SSE,ใต้-อาคเนย์,157.5,,— ว่าง —,,,,,,
south-facilities:9011/31,รพ.สต./สถานีอนามัย (ไม่ระบุชื่อ) หาดใหญ่,15,SbE,ใต้ค่อนบูรพา,168.75,,— ว่าง —,,,,,,
south-facilities:9011/31,รพ.สต./สถานีอนามัย (ไม่ระบุชื่อ) หาดใหญ่,16,S,ทักษิณ (ใต้),180.0,south-facilities:9011/24,สถานีตำรวจ Police station bike rest spot,สถานีตำรวจ,17.374,20.081,1.156,14.447365474444437,27.542385122872986
south-facilities:9011/31,รพ.สต./สถานีอนามัย (ไม่ระบุชื่อ) หาดใหญ่,17,SbW,ใต้ค่อนประจิม,191.25,,— ว่าง —,,,,,,
south-facilities:9011/31,รพ.สต./สถานีอนามัย (ไม่ระบุชื่อ) หาดใหญ่,18,SSW,ใต้-หรดี,202.5,,— ว่าง —,,,,,,
south-facilities:9011/31,รพ.สต./สถานีอนามัย (ไม่ระบุชื่อ) หาดใหญ่,19,SWbS,หรดีค่อนใต้,213.75,south-facilities:9016/3,โรงพยาบาล โรงพยาบาลกองบิน 56,โรงพยาบาล,7.531,10.076,1.338,14.447365474444437,701.182485491723
south-facilities:9011/31,รพ.สต./สถานีอนามัย (ไม่ระบุชื่อ) หาดใหญ่,20,SW,หรดี (ตต.เฉียงใต้),225.0,south-facilities:9016/2,หน่วยทหาร กองบิน 56,หน่วยทหาร,8.88,11.728,1.321,14.447365474444437,414.33047122410613
south-facilities:9011/31,รพ.สต./สถานีอนามัย (ไม่ระบุชื่อ) หาดใหญ่,21,SWbW,หรดีค่อนประจิม,236.25,,— ว่าง —,,,,,,
south-facilities:9011/31,รพ.สต./สถานีอนามัย (ไม่ระบุชื่อ) หาดใหญ่,22,WSW,ประจิม-หรดี,247.5,,— ว่าง —,,,,,,
south-facilities:9011/31,รพ.สต./สถานีอนามัย (ไม่ระบุชื่อ) หาดใหญ่,23,WbS,ประจิมค่อนใต้,258.75,,— ว่าง —,,,,,,
south-facilities:9011/31,รพ.สต./สถานีอนามัย (ไม่ระบุชื่อ) หาดใหญ่,24,W,ประจิม (ตะวันตก),270.0,,— ว่าง —,,,,,,
south-facilities:9011/31,รพ.สต./สถานีอนามัย (ไม่ระบุชื่อ) หาดใหญ่,25,WbN,ประจิมค่อนเหนือ,281.25,south-facilities:9011/6,จุดบรรเทาทุกข์ (ไม่ระบุชื่อ) หาดใหญ่,จุดบรรเทาทุกข์,9.991,10.665,1.068,14.447365474444437,1543.4484554191997
south-facilities:9011/31,รพ.สต./สถานีอนามัย (ไม่ระบุชื่อ) หาดใหญ่,26,WNW,ประจิม-พายัพ,292.5,,— ว่าง —,,,,,,
south-facilities:9011/31,รพ.สต./สถานีอนามัย (ไม่ระบุชื่อ) หาดใหญ่,27,NWbW,พายัพค่อนประจิม,303.75,,— ว่าง —,,,,,,
south-facilities:9011/31,รพ.สต./สถานีอนามัย (ไม่ระบุชื่อ) หาดใหญ่,28,NW,พายัพ (ตต.เฉียงเหนือ),315.0,,— ว่าง —,,,,,,
south-facilities:9011/31,รพ.สต./สถานีอนามัย (ไม่ระบุชื่อ) หาดใหญ่,29,NWbN,พายัพค่อนเหนือ,326.25,,— ว่าง —,,,,,,
south-facilities:9011/31,รพ.สต./สถานีอนามัย (ไม่ระบุชื่อ) หาดใหญ่,30,NNW,เหนือ-พายัพ,337.5,south-facilities:9011/13,สถานีตำรวจ Checkpoint,สถานีตำรวจ,2.083,6.797,3.264,14.447365474444437,28.151848478902007
south-facilities:9011/31,รพ.สต./สถานีอนามัย (ไม่ระบุชื่อ) หาดใหญ่,31,NbW,เหนือค่อนประจิม,348.75,south-facilities:9011/11,สถานีตำรวจ (ไม่ระบุชื่อ) หาดใหญ่,สถานีตำรวจ,1.955,6.075,3.107,14.447365474444437,10.724869544255613
south-facilities:9011/32,โรงพยาบาล โรงพยาบาลสงขลานครินทร์,0,N,อุดร (เหนือ),0.0,,— ว่าง —,,,,,,
south-facilities:9011/32,โรงพยาบาล โรงพยาบาลสงขลานครินทร์,1,NbE,เหนือค่อนอีสาน,11.25,,— ว่าง —,,,,,,
south-facilities:9011/32,โรงพยาบาล โรงพยาบาลสงขลานครินทร์,2,NNE,เหนือ-อีสาน,22.5,south-facilities:9011/9,โรงพยาบาล โรงพยาบาลค่ายเสนาณรงค์,โรงพยาบาล,1.586,2.456,1.548,146.08742612568585,106.89281366922243
south-facilities:9011/32,โรงพยาบาล โรงพยาบาลสงขลานครินทร์,3,NEbN,อีสานค่อนเหนือ,33.75,south-facilities:9001,รพ.สต./สถานีอนามัย Sampit,รพ.สต./สถานีอนามัย,16.841,21.11,1.253,146.08742612568585,33.823638752248094
south-facilities:9011/32,โรงพยาบาล โรงพยาบาลสงขลานครินทร์,4,NE,อีสาน (ตอ.เฉียงเหนือ),45.0,south-facilities:9001/7,หน่วยทหาร 5th Field Artilery Battalion,หน่วยทหาร,20.737,30.468,1.469,146.08742612568585,257.7609340848567
south-facilities:9011/32,โรงพยาบาล โรงพยาบาลสงขลานครินทร์,5,NEbE,อีสานค่อนบูรพา,56.25,south-facilities:9011/25,โรงพยาบาล โรงพยาบาลทันตกรรม,โรงพยาบาล,0.248,0.718,2.897,146.08742612568585,280.08748391911394
south-facilities:9011/32,โรงพยาบาล โรงพยาบาลสงขลานครินทร์,6,ENE,บูรพา-อีสาน,67.5,,— ว่าง —,,,,,,
south-facilities:9011/32,โรงพยาบาล โรงพยาบาลสงขลานครินทร์,7,EbN,บูรพาค่อนเหนือ,78.75,,— ว่าง —,,,,,,
south-facilities:9011/32,โรงพยาบาล โรงพยาบาลสงขลานครินทร์,8,E,บูรพา (ตะวันออก),90.0,,— ว่าง —,,,,,,
south-facilities:9011/32,โรงพยาบาล โรงพยาบาลสงขลานครินทร์,9,EbS,บูรพาค่อนใต้,101.25,south-facilities:9012,โรงพยาบาล โรงพยาบาลนาหม่อม,โรงพยาบาล,10.358,17.628,1.702,146.08742612568585,166.50934497782745
south-facilities:9011/32,โรงพยาบาล โรงพยาบาลสงขลานครินทร์,10,ESE,บูรพา-อาคเนย์,112.5,,— ว่าง —,,,,,,
south-facilities:9011/32,โรงพยาบาล โรงพยาบาลสงขลานครินทร์,11,SEbE,อาคเนย์ค่อนบูรพา,123.75,,— ว่าง —,,,,,,
south-facilities:9011/32,โรงพยาบาล โรงพยาบาลสงขลานครินทร์,12,SE,อาคเนย์ (ตอ.เฉียงใต้),135.0,south-facilities:9012/2,สถานีตำรวจ (ไม่ระบุชื่อ) นาหม่อม,สถานีตำรวจ,8.407,12.257,1.458,146.08742612568585,27.68356801387466
south-facilities:9011/32,โรงพยาบาล โรงพยาบาลสงขลานครินทร์,13,SEbS,อาคเนย์ค่อนใต้,146.25,,— ว่าง —,,,,,,
south-facilities:9011/32,โรงพยาบาล โรงพยาบาลสงขลานครินทร์,14,SSE,ใต้-อาคเนย์,157.5,,— ว่าง —,,,,,,
south-facilities:9011/32,โรงพยาบาล โรงพยาบาลสงขลานครินทร์,15,SbE,ใต้ค่อนบูรพา,168.75,,— ว่าง —,,,,,,
south-facilities:9011/32,โรงพยาบาล โรงพยาบาลสงขลานครินทร์,16,S,ทักษิณ (ใต้),180.0,,— ว่าง —,,,,,,
south-facilities:9011/32,โรงพยาบาล โรงพยาบาลสงขลานครินทร์,17,SbW,ใต้ค่อนประจิม,191.25,south-facilities:9011/24,สถานีตำรวจ Police station bike rest spot,สถานีตำรวจ,20.431,20.882,1.022,146.08742612568585,27.542385122872986
south-facilities:9011/32,โรงพยาบาล โรงพยาบาลสงขลานครินทร์,18,SSW,ใต้-หรดี,202.5,south-facilities:9011/5,โรงพยาบาล สกรีนเมดคลินิก สาขาบ้านพรุ,โรงพยาบาล,7.169,7.219,1.007,146.08742612568585,29.68656475967559
south-facilities:9011/32,โรงพยาบาล โรงพยาบาลสงขลานครินทร์,19,SWbS,หรดีค่อนใต้,213.75,,— ว่าง —,,,,,,
south-facilities:9011/32,โรงพยาบาล โรงพยาบาลสงขลานครินทร์,20,SW,หรดี (ตต.เฉียงใต้),225.0,south-facilities:9011/12,ด่านตรวจ (ไม่ระบุชื่อ) หาดใหญ่,ด่านตรวจ,4.353,8.234,1.891,146.08742612568585,42.819859452539404
south-facilities:9011/32,โรงพยาบาล โรงพยาบาลสงขลานครินทร์,21,SWbW,หรดีค่อนประจิม,236.25,south-facilities:9011/4,รพ.สต./สถานีอนามัย The V-Sage clinic Hatyai เดอะวีสาจคลินิกหาดใหญ่,รพ.สต./สถานีอนามัย,0.404,1.002,2.482,146.08742612568585,19.074237954171714
south-facilities:9011/32,โรงพยาบาล โรงพยาบาลสงขลานครินทร์,22,WSW,ประจิม-หรดี,247.5,south-facilities:9011/28,โรงพยาบาล โรงพยาบาลราษฎร์ยินดี,โรงพยาบาล,1.694,2.456,1.45,146.08742612568585,61.821339235119034
south-facilities:9011/32,โรงพยาบาล โรงพยาบาลสงขลานครินทร์,23,WbS,ประจิมค่อนใต้,258.75,south-facilities:9011/22,รพ.สต./สถานีอนามัย ชัชปวิตร,รพ.สต./สถานีอนามัย,2.706,3.14,1.16,146.08742612568585,32.78644715430826
south-facilities:9011/32,โรงพยาบาล โรงพยาบาลสงขลานครินทร์,24,W,ประจิม (ตะวันตก),270.0,south-facilities:9011/2,สถานีตำรวจ (ไม่ระบุชื่อ) หาดใหญ่,สถานีตำรวจ,3.288,3.803,1.157,146.08742612568585,54.994619553540105
south-facilities:9011/32,โรงพยาบาล โรงพยาบาลสงขลานครินทร์,25,WbN,ประจิมค่อนเหนือ,281.25,,— ว่าง —,,,,,,
south-facilities:9011/32,โรงพยาบาล โรงพยาบาลสงขลานครินทร์,26,WNW,ประจิม-พายัพ,292.5,south-facilities:9011/10,สถานีดับเพลิง (ไม่ระบุชื่อ) หาดใหญ่,สถานีดับเพลิง,1.807,3.222,1.783,146.08742612568585,33.12103267884463
south-facilities:9011/32,โรงพยาบาล โรงพยาบาลสงขลานครินทร์,27,NWbW,พายัพค่อนประจิม,303.75,south-facilities:9011/26,โรงพยาบาล โรงพยาบาลศิครินทร์หาดใหญ่,โรงพยาบาล,3.255,4.43,1.361,146.08742612568585,71.3143489287222
south-facilities:9011/32,โรงพยาบาล โรงพยาบาลสงขลานครินทร์,28,NW,พายัพ (ตต.เฉียงเหนือ),315.0,south-facilities:9011/33,โรงพยาบาล โรงพยาบาลกรุงเทพ-หาดใหญ่,โรงพยาบาล,1.384,2.292,1.655,146.08742612568585,40.19709403236935
south-facilities:9011/32,โรงพยาบาล โรงพยาบาลสงขลานครินทร์,29,NWbN,พายัพค่อนเหนือ,326.25,,— ว่าง —,,,,,,
south-facilities:9011/32,โรงพยาบาล โรงพยาบาลสงขลานครินทร์,30,NNW,เหนือ-พายัพ,337.5,,— ว่าง —,,,,,,
south-facilities:9011/32,โรงพยาบาล โรงพยาบาลสงขลานครินทร์,31,NbW,เหนือค่อนประจิม,348.75,,— ว่าง —,,,,,,
south-facilities:9011/33,โรงพยาบาล โรงพยาบาลกรุงเทพ-หาดใหญ่,0,N,อุดร (เหนือ),0.0,,— ว่าง —,,,,,,
south-facilities:9011/33,โรงพยาบาล โรงพยาบาลกรุงเทพ-หาดใหญ่,1,NbE,เหนือค่อนอีสาน,11.25,south-facilities:9015/4,โรงพยาบาล โรงพยาบาลสิงหนคร,โรงพยาบาล,24.699,33.561,1.359,40.19709403236935,567.4390063520451
south-facilities:9011/33,โรงพยาบาล โรงพยาบาลกรุงเทพ-หาดใหญ่,2,NNE,เหนือ-อีสาน,22.5,south-facilities:9015/2,รพ.สต./สถานีอนามัย (ไม่ระบุชื่อ) สิงหนคร,รพ.สต./สถานีอนามัย,21.696,35.612,1.641,40.19709403236935,219.61463642796394
south-facilities:9011/33,โรงพยาบาล โรงพยาบาลกรุงเทพ-หาดใหญ่,3,NEbN,อีสานค่อนเหนือ,33.75,south-facilities:9001/6,โรงพยาบาล โรงพยาบาลสงขลา,โรงพยาบาล,16.374,20.647,1.261,40.19709403236935,312.9522554864306
south-facilities:9011/33,โรงพยาบาล โรงพยาบาลกรุงเทพ-หาดใหญ่,4,NE,อีสาน (ตอ.เฉียงเหนือ),45.0,south-facilities:9001/7,หน่วยทหาร 5th Field Artilery Battalion,หน่วยทหาร,20.633,32.28,1.564,40.19709403236935,257.7609340848567
south-facilities:9011/33,โรงพยาบาล โรงพยาบาลกรุงเทพ-หาดใหญ่,5,NEbE,อีสานค่อนบูรพา,56.25,south-facilities:9011/7,หน่วยทหาร ค่ายเสนาณรงค์,หน่วยทหาร,1.915,3.078,1.608,40.19709403236935,47.68297195517997
south-facilities:9011/33,โรงพยาบาล โรงพยาบาลกรุงเทพ-หาดใหญ่,6,ENE,บูรพา-อีสาน,67.5,south-facilities:9011/9,โรงพยาบาล โรงพยาบาลค่ายเสนาณรงค์,โรงพยาบาล,1.49,2.812,1.887,40.19709403236935,106.89281366922243
south-facilities:9011/33,โรงพยาบาล โรงพยาบาลกรุงเทพ-หาดใหญ่,7,EbN,บูรพาค่อนเหนือ,78.75,,— ว่าง —,,,,,,
south-facilities:9011/33,โรงพยาบาล โรงพยาบาลกรุงเทพ-หาดใหญ่,8,E,บูรพา (ตะวันออก),90.0,,— ว่าง —,,,,,,
south-facilities:9011/33,โรงพยาบาล โรงพยาบาลกรุงเทพ-หาดใหญ่,9,EbS,บูรพาค่อนใต้,101.25,south-facilities:9003/2,ด่านตรวจ (ไม่ระบุชื่อ) จะนะ,ด่านตรวจ,22.108,34.54,1.562,40.19709403236935,0.03492864193374608
south-facilities:9011/33,โรงพยาบาล โรงพยาบาลกรุงเทพ-หาดใหญ่,10,ESE,บูรพา-อาคเนย์,112.5,south-facilities:9011/3,สถานีดับเพลิง (ไม่ระบุชื่อ) หาดใหญ่,สถานีดับเพลิง,1.659,2.153,1.298,40.19709403236935,648.2703498621736
south-facilities:9011/33,โรงพยาบาล โรงพยาบาลกรุงเทพ-หาดใหญ่,11,SEbE,อาคเนย์ค่อนบูรพา,123.75,south-facilities:9011/25,โรงพยาบาล โรงพยาบาลทันตกรรม,โรงพยาบาล,1.426,1.848,1.296,40.19709403236935,280.08748391911394
south-facilities:9011/33,โรงพยาบาล โรงพยาบาลกรุงเทพ-หาดใหญ่,12,SE,อาคเนย์ (ตอ.เฉียงใต้),135.0,south-facilities:9011/32,โรงพยาบาล โรงพยาบาลสงขลานครินทร์,โรงพยาบาล,1.384,2.049,1.48,40.19709403236935,146.08742612568585
south-facilities:9011/33,โรงพยาบาล โรงพยาบาลกรุงเทพ-หาดใหญ่,13,SEbS,อาคเนย์ค่อนใต้,146.25,,— ว่าง —,,,,,,
south-facilities:9011/33,โรงพยาบาล โรงพยาบาลกรุงเทพ-หาดใหญ่,14,SSE,ใต้-อาคเนย์,157.5,south-facilities:9011/4,รพ.สต./สถานีอนามัย The V-Sage clinic Hatyai เดอะวีสาจคลินิกหาดใหญ่,รพ.สต./สถานีอนามัย,1.372,1.918,1.398,40.19709403236935,19.074237954171714
south-facilities:9011/33,โรงพยาบาล โรงพยาบาลกรุงเทพ-หาดใหญ่,15,SbE,ใต้ค่อนบูรพา,168.75,,— ว่าง —,,,,,,
south-facilities:9011/33,โรงพยาบาล โรงพยาบาลกรุงเทพ-หาดใหญ่,16,S,ทักษิณ (ใต้),180.0,,— ว่าง —,,,,,,
south-facilities:9011/33,โรงพยาบาล โรงพยาบาลกรุงเทพ-หาดใหญ่,17,SbW,ใต้ค่อนประจิม,191.25,south-facilities:9011/5,โรงพยาบาล สกรีนเมดคลินิก สาขาบ้านพรุ,โรงพยาบาล,7.933,8.918,1.124,40.19709403236935,29.68656475967559
south-facilities:9011/33,โรงพยาบาล โรงพยาบาลกรุงเทพ-หาดใหญ่,18,SSW,ใต้-หรดี,202.5,south-facilities:9011/28,โรงพยาบาล โรงพยาบาลราษฎร์ยินดี,โรงพยาบาล,1.83,2.768,1.513,40.19709403236935,61.821339235119034
south-facilities:9011/33,โรงพยาบาล โรงพยาบาลกรุงเทพ-หาดใหญ่,19,SWbS,หรดีค่อนใต้,213.75,south-facilities:9011/23,สถานีดับเพลิง Fire Station,สถานีดับเพลิง,2.554,3.243,1.27,40.19709403236935,11.38623467224762
south-facilities:9011/33,โรงพยาบาล โรงพยาบาลกรุงเทพ-หาดใหญ่,20,SW,หรดี (ตต.เฉียงใต้),225.0,south-facilities:9011/22,รพ.สต./สถานีอนามัย ชัชปวิตร,รพ.สต./สถานีอนามัย,2.396,3.257,1.359,40.19709403236935,32.78644715430826
south-facilities:9011/33,โรงพยาบาล โรงพยาบาลกรุงเทพ-หาดใหญ่,21,SWbW,หรดีค่อนประจิม,236.25,south-facilities:9011/15,รพ.สต./สถานีอนามัย สมาคมวางแผนครอบครัวแห่งประเทศไทย สวท,รพ.สต./สถานีอนามัย,2.93,4.166,1.422,40.19709403236935,104.03189787623155
south-facilities:9011/33,โรงพยาบาล โรงพยาบาลกรุงเทพ-หาดใหญ่,22,WSW,ประจิม-หรดี,247.5,south-facilities:9011/10,สถานีดับเพลิง (ไม่ระบุชื่อ) หาดใหญ่,สถานีดับเพลิง,0.804,2.051,2.552,40.19709403236935,33.12103267884463
south-facilities:9011/33,โรงพยาบาล โรงพยาบาลกรุงเทพ-หาดใหญ่,23,WbS,ประจิมค่อนใต้,258.75,south-facilities:9011/6,จุดบรรเทาทุกข์ (ไม่ระบุชื่อ) หาดใหญ่,จุดบรรเทาทุกข์,13.793,15.141,1.098,40.19709403236935,1543.4484554191997
south-facilities:9011/33,โรงพยาบาล โรงพยาบาลกรุงเทพ-หาดใหญ่,24,W,ประจิม (ตะวันตก),270.0,south-facilities:9011,รพ.สต./สถานีอนามัย โพลีคลินิคเพชระหาดใหญ่,รพ.สต./สถานีอนามัย,1.323,1.986,1.501,40.19709403236935,35.39812252279343
south-facilities:9011/33,โรงพยาบาล โรงพยาบาลกรุงเทพ-หาดใหญ่,25,WbN,ประจิมค่อนเหนือ,281.25,,— ว่าง —,,,,,,
south-facilities:9011/33,โรงพยาบาล โรงพยาบาลกรุงเทพ-หาดใหญ่,26,WNW,ประจิม-พายัพ,292.5,south-facilities:9011/26,โรงพยาบาล โรงพยาบาลศิครินทร์หาดใหญ่,โรงพยาบาล,1.969,2.834,1.439,40.19709403236935,71.3143489287222
south-facilities:9011/33,โรงพยาบาล โรงพยาบาลกรุงเทพ-หาดใหญ่,27,NWbW,พายัพค่อนประจิม,303.75,,— ว่าง —,,,,,,
south-facilities:9011/33,โรงพยาบาล โรงพยาบาลกรุงเทพ-หาดใหญ่,28,NW,พายัพ (ตต.เฉียงเหนือ),315.0,south-facilities:9014/2,โรงพยาบาล (ไม่ระบุชื่อ) บางกล่ำ,โรงพยาบาล,12.071,25.38,2.103,40.19709403236935,699.7846369631073
south-facilities:9011/33,โรงพยาบาล โรงพยาบาลกรุงเทพ-หาดใหญ่,29,NWbN,พายัพค่อนเหนือ,326.25,,— ว่าง —,,,,,,
south-facilities:9011/33,โรงพยาบาล โรงพยาบาลกรุงเทพ-หาดใหญ่,30,NNW,เหนือ-พายัพ,337.5,,— ว่าง —,,,,,,
south-facilities:9011/33,โรงพยาบาล โรงพยาบาลกรุงเทพ-หาดใหญ่,31,NbW,เหนือค่อนประจิม,348.75,,— ว่าง —,,,,,,
south-facilities:9012,โรงพยาบาล โรงพยาบาลนาหม่อม,0,N,อุดร (เหนือ),0.0,south-facilities:9001,รพ.สต./สถานีอนามัย Sampit,รพ.สต./สถานีอนามัย,16.789,25.182,1.5,166.50934497782745,33.823638752248094
south-facilities:9012,โรงพยาบาล โรงพยาบาลนาหม่อม,1,NbE,เหนือค่อนอีสาน,11.25,south-facilities:9001/7,หน่วยทหาร 5th Field Artilery Battalion,หน่วยทหาร,18.095,27.325,1.51,166.50934497782745,257.7609340848567
south-facilities:9012,โรงพยาบาล โรงพยาบาลนาหม่อม,2,NNE,เหนือ-อีสาน,22.5,,— ว่าง —,,,,,,
south-facilities:9012,โรงพยาบาล โรงพยาบาลนาหม่อม,3,NEbN,อีสานค่อนเหนือ,33.75,,— ว่าง —,,,,,,
south-facilities:9012,โรงพยาบาล โรงพยาบาลนาหม่อม,4,NE,อีสาน (ตอ.เฉียงเหนือ),45.0,,— ว่าง —,,,,,,
south-facilities:9012,โรงพยาบาล โรงพยาบาลนาหม่อม,5,NEbE,อีสานค่อนบูรพา,56.25,,— ว่าง —,,,,,,
south-facilities:9012,โรงพยาบาล โรงพยาบาลนาหม่อม,6,ENE,บูรพา-อีสาน,67.5,,— ว่าง —,,,,,,
south-facilities:9012,โรงพยาบาล โรงพยาบาลนาหม่อม,7,EbN,บูรพาค่อนเหนือ,78.75,,— ว่าง —,,,,,,
south-facilities:9012,โรงพยาบาล โรงพยาบาลนาหม่อม,8,E,บูรพา (ตะวันออก),90.0,south-facilities:9003/2,ด่านตรวจ (ไม่ระบุชื่อ) จะนะ,ด่านตรวจ,10.75,15.213,1.415,166.50934497782745,0.03492864193374608
south-facilities:9012,โรงพยาบาล โรงพยาบาลนาหม่อม,9,EbS,บูรพาค่อนใต้,101.25,south-facilities:9003/3,สถานีตำรวจ (ไม่ระบุชื่อ) จะนะ,สถานีตำรวจ,11.766,19.933,1.694,166.50934497782745,11.798903484653987
south-facilities:9012,โรงพยาบาล โรงพยาบาลนาหม่อม,10,ESE,บูรพา-อาคเนย์,112.5,south-facilities:9003/4,โรงพยาบาล โรงพยาบาลจะนะ,โรงพยาบาล,18.708,22.771,1.217,166.50934497782745,212.80165186549672
south-facilities:9012,โรงพยาบาล โรงพยาบาลนาหม่อม,11,SEbE,อาคเนย์ค่อนบูรพา,123.75,,— ว่าง —,,,,,,
south-facilities:9012,โรงพยาบาล โรงพยาบาลนาหม่อม,12,SE,อาคเนย์ (ตอ.เฉียงใต้),135.0,,— ว่าง —,,,,,,
south-facilities:9012,โรงพยาบาล โรงพยาบาลนาหม่อม,13,SEbS,อาคเนย์ค่อนใต้,146.25,,— ว่าง —,,,,,,
south-facilities:9012,โรงพยาบาล โรงพยาบาลนาหม่อม,14,SSE,ใต้-อาคเนย์,157.5,,— ว่าง —,,,,,,
south-facilities:9012,โรงพยาบาล โรงพยาบาลนาหม่อม,15,SbE,ใต้ค่อนบูรพา,168.75,,— ว่าง —,,,,,,
south-facilities:9012,โรงพยาบาล โรงพยาบาลนาหม่อม,16,S,ทักษิณ (ใต้),180.0,,— ว่าง —,,,,,,
south-facilities:9012,โรงพยาบาล โรงพยาบาลนาหม่อม,17,SbW,ใต้ค่อนประจิม,191.25,,— ว่าง —,,,,,,
south-facilities:9012,โรงพยาบาล โรงพยาบาลนาหม่อม,18,SSW,ใต้-หรดี,202.5,,— ว่าง —,,,,,,
south-facilities:9012,โรงพยาบาล โรงพยาบาลนาหม่อม,19,SWbS,หรดีค่อนใต้,213.75,south-facilities:9011/24,สถานีตำรวจ Police station bike rest spot,สถานีตำรวจ,22.361,30.632,1.37,166.50934497782745,27.542385122872986
south-facilities:9012,โรงพยาบาล โรงพยาบาลนาหม่อม,20,SW,หรดี (ตต.เฉียงใต้),225.0,south-facilities:9012/2,สถานีตำรวจ (ไม่ระบุชื่อ) นาหม่อม,สถานีตำรวจ,4.856,5.431,1.119,166.50934497782745,27.68356801387466
south-facilities:9012,โรงพยาบาล โรงพยาบาลนาหม่อม,21,SWbW,หรดีค่อนประจิม,236.25,,— ว่าง —,,,,,,
south-facilities:9012,โรงพยาบาล โรงพยาบาลนาหม่อม,22,WSW,ประจิม-หรดี,247.5,south-facilities:9011/5,โรงพยาบาล สกรีนเมดคลินิก สาขาบ้านพรุ,โรงพยาบาล,13.245,16.968,1.281,166.50934497782745,29.68656475967559
south-facilities:9012,โรงพยาบาล โรงพยาบาลนาหม่อม,23,WbS,ประจิมค่อนใต้,258.75,,— ว่าง —,,,,,,
south-facilities:9012,โรงพยาบาล โรงพยาบาลนาหม่อม,24,W,ประจิม (ตะวันตก),270.0,south-facilities:9011/12,ด่านตรวจ (ไม่ระบุชื่อ) หาดใหญ่,ด่านตรวจ,13.204,18.008,1.364,166.50934497782745,42.819859452539404
south-facilities:9012,โรงพยาบาล โรงพยาบาลนาหม่อม,25,WbN,ประจิมค่อนเหนือ,281.25,south-facilities:9011/25,โรงพยาบาล โรงพยาบาลทันตกรรม,โรงพยาบาล,10.201,17.987,1.763,166.50934497782745,280.08748391911394
south-facilities:9012,โรงพยาบาล โรงพยาบาลนาหม่อม,26,WNW,ประจิม-พายัพ,292.5,south-facilities:9011/3,สถานีดับเพลิง (ไม่ระบุชื่อ) หาดใหญ่,สถานีดับเพลิง,9.863,18.292,1.855,166.50934497782745,648.2703498621736
south-facilities:9012,โรงพยาบาล โรงพยาบาลนาหม่อม,27,NWbW,พายัพค่อนประจิม,303.75,south-facilities:9014/3,โรงพยาบาล โรงพยาบาลบางกล่ำ,โรงพยาบาล,22.911,37.704,1.646,166.50934497782745,752.6748743679142
south-facilities:9012,โรงพยาบาล โรงพยาบาลนาหม่อม,28,NW,พายัพ (ตต.เฉียงเหนือ),315.0,,— ว่าง —,,,,,,
south-facilities:9012,โรงพยาบาล โรงพยาบาลนาหม่อม,29,NWbN,พายัพค่อนเหนือ,326.25,,— ว่าง —,,,,,,
south-facilities:9012,โรงพยาบาล โรงพยาบาลนาหม่อม,30,NNW,เหนือ-พายัพ,337.5,,— ว่าง —,,,,,,
south-facilities:9012,โรงพยาบาล โรงพยาบาลนาหม่อม,31,NbW,เหนือค่อนประจิม,348.75,south-facilities:9001/6,โรงพยาบาล โรงพยาบาลสงขลา,โรงพยาบาล,17.558,24.364,1.388,166.50934497782745,312.9522554864306
south-facilities:9012/2,สถานีตำรวจ (ไม่ระบุชื่อ) นาหม่อม,0,N,อุดร (เหนือ),0.0,south-facilities:9001/6,โรงพยาบาล โรงพยาบาลสงขลา,โรงพยาบาล,20.545,26.685,1.299,27.68356801387466,312.9522554864306
south-facilities:9012/2,สถานีตำรวจ (ไม่ระบุชื่อ) นาหม่อม,1,NbE,เหนือค่อนอีสาน,11.25,south-facilities:9001,รพ.สต./สถานีอนามัย Sampit,รพ.สต./สถานีอนามัย,20.008,27.503,1.375,27.68356801387466,33.823638752248094
south-facilities:9012/2,สถานีตำรวจ (ไม่ระบุชื่อ) นาหม่อม,2,NNE,เหนือ-อีสาน,22.5,south-facilities:9001/7,หน่วยทหาร 5th Field Artilery Battalion,หน่วยทหาร,22.147,29.646,1.339,27.68356801387466,257.7609340848567
south-facilities:9012/2,สถานีตำรวจ (ไม่ระบุชื่อ) นาหม่อม,3,NEbN,อีสานค่อนเหนือ,33.75,,— ว่าง —,,,,,,
south-facilities:9012/2,สถานีตำรวจ (ไม่ระบุชื่อ) นาหม่อม,4,NE,อีสาน (ตอ.เฉียงเหนือ),45.0,south-facilities:9012,โรงพยาบาล โรงพยาบาลนาหม่อม,โรงพยาบาล,4.856,5.372,1.106,27.68356801387466,166.50934497782745
south-facilities:9012/2,สถานีตำรวจ (ไม่ระบุชื่อ) นาหม่อม,5,NEbE,อีสานค่อนบูรพา,56.25,,— ว่าง —,,,,,,
south-facilities:9012/2,สถานีตำรวจ (ไม่ระบุชื่อ) นาหม่อม,6,ENE,บูรพา-อีสาน,67.5,,— ว่าง —,,,,,,
south-facilities:9012/2,สถานีตำรวจ (ไม่ระบุชื่อ) นาหม่อม,7,EbN,บูรพาค่อนเหนือ,78.75,south-facilities:9003/2,ด่านตรวจ (ไม่ระบุชื่อ) จะนะ,ด่านตรวจ,14.652,20.585,1.405,27.68356801387466,0.03492864193374608
south-facilities:9012/2,สถานีตำรวจ (ไม่ระบุชื่อ) นาหม่อม,8,E,บูรพา (ตะวันออก),90.0,south-facilities:9003/3,สถานีตำรวจ (ไม่ระบุชื่อ) จะนะ,สถานีตำรวจ,15.146,25.304,1.671,27.68356801387466,11.798903484653987
south-facilities:9012/2,สถานีตำรวจ (ไม่ระบุชื่อ) นาหม่อม,9,EbS,บูรพาค่อนใต้,101.25,south-facilities:9003/4,โรงพยาบาล โรงพยาบาลจะนะ,โรงพยาบาล,21.304,28.143,1.321,27.68356801387466,212.80165186549672
south-facilities:9012/2,สถานีตำรวจ (ไม่ระบุชื่อ) นาหม่อม,10,ESE,บูรพา-อาคเนย์,112.5,,— ว่าง —,,,,,,
south-facilities:9012/2,สถานีตำรวจ (ไม่ระบุชื่อ) นาหม่อม,11,SEbE,อาคเนย์ค่อนบูรพา,123.75,,— ว่าง —,,,,,,
south-facilities:9012/2,สถานีตำรวจ (ไม่ระบุชื่อ) นาหม่อม,12,SE,อาคเนย์ (ตอ.เฉียงใต้),135.0,,— ว่าง —,,,,,,
south-facilities:9012/2,สถานีตำรวจ (ไม่ระบุชื่อ) นาหม่อม,13,SEbS,อาคเนย์ค่อนใต้,146.25,,— ว่าง —,,,,,,
south-facilities:9012/2,สถานีตำรวจ (ไม่ระบุชื่อ) นาหม่อม,14,SSE,ใต้-อาคเนย์,157.5,,— ว่าง —,,,,,,
south-facilities:9012/2,สถานีตำรวจ (ไม่ระบุชื่อ) นาหม่อม,15,SbE,ใต้ค่อนบูรพา,168.75,,— ว่าง —,,,,,,
south-facilities:9012/2,สถานีตำรวจ (ไม่ระบุชื่อ) นาหม่อม,16,S,ทักษิณ (ใต้),180.0,,— ว่าง —,,,,,,
south-facilities:9012/2,สถานีตำรวจ (ไม่ระบุชื่อ) นาหม่อม,17,SbW,ใต้ค่อนประจิม,191.25,,— ว่าง —,,,,,,
south-facilities:9012/2,สถานีตำรวจ (ไม่ระบุชื่อ) นาหม่อม,18,SSW,ใต้-หรดี,202.5,,— ว่าง —,,,,,,
south-facilities:9012/2,สถานีตำรวจ (ไม่ระบุชื่อ) นาหม่อม,19,SWbS,หรดีค่อนใต้,213.75,south-facilities:9011/24,สถานีตำรวจ Police station bike rest spot,สถานีตำรวจ,17.653,25.248,1.43,27.68356801387466,27.542385122872986
south-facilities:9012/2,สถานีตำรวจ (ไม่ระบุชื่อ) นาหม่อม,20,SW,หรดี (ตต.เฉียงใต้),225.0,,— ว่าง —,,,,,,
south-facilities:9012/2,สถานีตำรวจ (ไม่ระบุชื่อ) นาหม่อม,21,SWbW,หรดีค่อนประจิม,236.25,,— ว่าง —,,,,,,
south-facilities:9012/2,สถานีตำรวจ (ไม่ระบุชื่อ) นาหม่อม,22,WSW,ประจิม-หรดี,247.5,south-facilities:9016,โรงพยาบาล โรงพยาบาลคลองหอยโข่ง,โรงพยาบาล,18.042,22.901,1.269,27.68356801387466,84.70693826449626
south-facilities:9012/2,สถานีตำรวจ (ไม่ระบุชื่อ) นาหม่อม,23,WbS,ประจิมค่อนใต้,258.75,south-facilities:9011/5,โรงพยาบาล สกรีนเมดคลินิก สาขาบ้านพรุ,โรงพยาบาล,8.871,11.584,1.306,27.68356801387466,29.68656475967559
south-facilities:9012/2,สถานีตำรวจ (ไม่ระบุชื่อ) นาหม่อม,24,W,ประจิม (ตะวันตก),270.0,,— ว่าง —,,,,,,
south-facilities:9012/2,สถานีตำรวจ (ไม่ระบุชื่อ) นาหม่อม,25,WbN,ประจิมค่อนเหนือ,281.25,south-facilities:9011/12,ด่านตรวจ (ไม่ระบุชื่อ) หาดใหญ่,ด่านตรวจ,9.777,12.624,1.291,27.68356801387466,42.819859452539404
south-facilities:9012/2,สถานีตำรวจ (ไม่ระบุชื่อ) นาหม่อม,26,WNW,ประจิม-พายัพ,292.5,south-facilities:9011/23,สถานีดับเพลิง Fire Station,สถานีดับเพลิง,9.886,12.587,1.273,27.68356801387466,11.38623467224762
south-facilities:9012/2,สถานีตำรวจ (ไม่ระบุชื่อ) นาหม่อม,27,NWbW,พายัพค่อนประจิม,303.75,south-facilities:9011/4,รพ.สต./สถานีอนามัย The V-Sage clinic Hatyai เดอะวีสาจคลินิกหาดใหญ่,รพ.สต./สถานีอนามัย,8.541,12.887,1.509,27.68356801387466,19.074237954171714
south-facilities:9012/2,สถานีตำรวจ (ไม่ระบุชื่อ) นาหม่อม,28,NW,พายัพ (ตต.เฉียงเหนือ),315.0,south-facilities:9011/3,สถานีดับเพลิง (ไม่ระบุชื่อ) หาดใหญ่,สถานีดับเพลิง,8.236,12.908,1.567,27.68356801387466,648.2703498621736
south-facilities:9012/2,สถานีตำรวจ (ไม่ระบุชื่อ) นาหม่อม,29,NWbN,พายัพค่อนเหนือ,326.25,south-facilities:9011/7,หน่วยทหาร ค่ายเสนาณรงค์,หน่วยทหาร,9.476,14.607,1.541,27.68356801387466,47.68297195517997
south-facilities:9012/2,สถานีตำรวจ (ไม่ระบุชื่อ) นาหม่อม,30,NNW,เหนือ-พายัพ,337.5,,— ว่าง —,,,,,,
south-facilities:9012/2,สถานีตำรวจ (ไม่ระบุชื่อ) นาหม่อม,31,NbW,เหนือค่อนประจิม,348.75,,— ว่าง —,,,,,,
south-facilities:9013,โรงพยาบาล โรงพยาบาลควนเนียง,0,N,อุดร (เหนือ),0.0,,— ว่าง —,,,,,,
south-facilities:9013,โรงพยาบาล โรงพยาบาลควนเนียง,1,NbE,เหนือค่อนอีสาน,11.25,,— ว่าง —,,,,,,
south-facilities:9013,โรงพยาบาล โรงพยาบาลควนเนียง,2,NNE,เหนือ-อีสาน,22.5,,— ว่าง —,,,,,,
south-facilities:9013,โรงพยาบาล โรงพยาบาลควนเนียง,3,NEbN,อีสานค่อนเหนือ,33.75,,— ว่าง —,,,,,,
south-facilities:9013,โรงพยาบาล โรงพยาบาลควนเนียง,4,NE,อีสาน (ตอ.เฉียงเหนือ),45.0,,— ว่าง —,,,,,,
south-facilities:9013,โรงพยาบาล โรงพยาบาลควนเนียง,5,NEbE,อีสานค่อนบูรพา,56.25,,— ว่าง —,,,,,,
south-facilities:9013,โรงพยาบาล โรงพยาบาลควนเนียง,6,ENE,บูรพา-อีสาน,67.5,south-facilities:9015,รพ.สต./สถานีอนามัย (ไม่ระบุชื่อ) สิงหนคร,รพ.สต./สถานีอนามัย,20.789,31.584,1.519,89.11545967648793,34.202017944544764
south-facilities:9013,โรงพยาบาล โรงพยาบาลควนเนียง,7,EbN,บูรพาค่อนเหนือ,78.75,south-facilities:9015/4,โรงพยาบาล โรงพยาบาลสิงหนคร,โรงพยาบาล,20.626,30.55,1.481,89.11545967648793,567.4390063520451
south-facilities:9013,โรงพยาบาล โรงพยาบาลควนเนียง,8,E,บูรพา (ตะวันออก),90.0,south-facilities:9015/2,รพ.สต./สถานีอนามัย (ไม่ระบุชื่อ) สิงหนคร,รพ.สต./สถานีอนามัย,24.004,37.847,1.577,89.11545967648793,219.61463642796394
south-facilities:9013,โรงพยาบาล โรงพยาบาลควนเนียง,9,EbS,บูรพาค่อนใต้,101.25,south-facilities:9001/6,โรงพยาบาล โรงพยาบาลสงขลา,โรงพยาบาล,24.817,43.65,1.759,89.11545967648793,312.9522554864306
south-facilities:9013,โรงพยาบาล โรงพยาบาลควนเนียง,10,ESE,บูรพา-อาคเนย์,112.5,,— ว่าง —,,,,,,
south-facilities:9013,โรงพยาบาล โรงพยาบาลควนเนียง,11,SEbE,อาคเนย์ค่อนบูรพา,123.75,,— ว่าง —,,,,,,
south-facilities:9013,โรงพยาบาล โรงพยาบาลควนเนียง,12,SE,อาคเนย์ (ตอ.เฉียงใต้),135.0,,— ว่าง —,,,,,,
south-facilities:9013,โรงพยาบาล โรงพยาบาลควนเนียง,13,SEbS,อาคเนย์ค่อนใต้,146.25,south-facilities:9014/3,โรงพยาบาล โรงพยาบาลบางกล่ำ,โรงพยาบาล,13.266,25.244,1.903,89.11545967648793,752.6748743679142
south-facilities:9013,โรงพยาบาล โรงพยาบาลควนเนียง,14,SSE,ใต้-อาคเนย์,157.5,south-facilities:9011/13,สถานีตำรวจ Checkpoint,สถานีตำรวจ,24.351,34.695,1.425,89.11545967648793,28.151848478902007
south-facilities:9013,โรงพยาบาล โรงพยาบาลควนเนียง,15,SbE,ใต้ค่อนบูรพา,168.75,,— ว่าง —,,,,,,
south-facilities:9013,โรงพยาบาล โรงพยาบาลควนเนียง,16,S,ทักษิณ (ใต้),180.0,south-facilities:9011/6,จุดบรรเทาทุกข์ (ไม่ระบุชื่อ) หาดใหญ่,จุดบรรเทาทุกข์,22.226,36.918,1.661,89.11545967648793,1543.4484554191997
south-facilities:9013,โรงพยาบาล โรงพยาบาลควนเนียง,17,SbW,ใต้ค่อนประจิม,191.25,south-facilities:9011/27,สถานีตำรวจ (ไม่ระบุชื่อ) หาดใหญ่,สถานีตำรวจ,21.746,31.22,1.436,89.11545967648793,340.30750717626415
south-facilities:9013,โรงพยาบาล โรงพยาบาลควนเนียง,18,SSW,ใต้-หรดี,202.5,,— ว่าง —,,,,,,
south-facilities:9013,โรงพยาบาล โรงพยาบาลควนเนียง,19,SWbS,หรดีค่อนใต้,213.75,,— ว่าง —,,,,,,
south-facilities:9013,โรงพยาบาล โรงพยาบาลควนเนียง,20,SW,หรดี (ตต.เฉียงใต้),225.0,,— ว่าง —,,,,,,
south-facilities:9013,โรงพยาบาล โรงพยาบาลควนเนียง,21,SWbW,หรดีค่อนประจิม,236.25,south-facilities:9009/2,โรงพยาบาล โรงพยาบาลรัตภูมิ,โรงพยาบาล,12.475,15.868,1.272,89.11545967648793,55.91900298429288
south-facilities:9013,โรงพยาบาล โรงพยาบาลควนเนียง,22,WSW,ประจิม-หรดี,247.5,,— ว่าง —,,,,,,
south-facilities:9013,โรงพยาบาล โรงพยาบาลควนเนียง,23,WbS,ประจิมค่อนใต้,258.75,,— ว่าง —,,,,,,
south-facilities:9013,โรงพยาบาล โรงพยาบาลควนเนียง,24,W,ประจิม (ตะวันตก),270.0,south-facilities:9009,สถานีตำรวจ (ไม่ระบุชื่อ) รัตภูมิ,สถานีตำรวจ,12.391,14.889,1.202,89.11545967648793,135.67651722321787
south-facilities:9013,โรงพยาบาล โรงพยาบาลควนเนียง,25,WbN,ประจิมค่อนเหนือ,281.25,,— ว่าง —,,,,,,
south-facilities:9013,โรงพยาบาล โรงพยาบาลควนเนียง,26,WNW,ประจิม-พายัพ,292.5,,— ว่าง —,,,,,,
south-facilities:9013,โรงพยาบาล โรงพยาบาลควนเนียง,27,NWbW,พายัพค่อนประจิม,303.75,,— ว่าง —,,,,,,
south-facilities:9013,โรงพยาบาล โรงพยาบาลควนเนียง,28,NW,พายัพ (ตต.เฉียงเหนือ),315.0,,— ว่าง —,,,,,,
south-facilities:9013,โรงพยาบาล โรงพยาบาลควนเนียง,29,NWbN,พายัพค่อนเหนือ,326.25,,— ว่าง —,,,,,,
south-facilities:9013,โรงพยาบาล โรงพยาบาลควนเนียง,30,NNW,เหนือ-พายัพ,337.5,,— ว่าง —,,,,,,
south-facilities:9013,โรงพยาบาล โรงพยาบาลควนเนียง,31,NbW,เหนือค่อนประจิม,348.75,,— ว่าง —,,,,,,
south-facilities:9014,โรงพยาบาล โรงพยาบาลบางกล่ำ,0,N,อุดร (เหนือ),0.0,,— ว่าง —,,,,,,
south-facilities:9014,โรงพยาบาล โรงพยาบาลบางกล่ำ,1,NbE,เหนือค่อนอีสาน,11.25,,— ว่าง —,,,,,,
south-facilities:9014,โรงพยาบาล โรงพยาบาลบางกล่ำ,2,NNE,เหนือ-อีสาน,22.5,,— ว่าง —,,,,,,
south-facilities:9014,โรงพยาบาล โรงพยาบาลบางกล่ำ,3,NEbN,อีสานค่อนเหนือ,33.75,south-facilities:9014/3,โรงพยาบาล โรงพยาบาลบางกล่ำ,โรงพยาบาล,0.067,0.045,0.675,702.6910914779404,752.6748743679142
south-facilities:9014,โรงพยาบาล โรงพยาบาลบางกล่ำ,4,NE,อีสาน (ตอ.เฉียงเหนือ),45.0,south-facilities:9015/4,โรงพยาบาล โรงพยาบาลสิงหนคร,โรงพยาบาล,20.533,53.369,2.599,702.6910914779404,567.4390063520451
south-facilities:9014,โรงพยาบาล โรงพยาบาลบางกล่ำ,5,NEbE,อีสานค่อนบูรพา,56.25,south-facilities:9015/2,รพ.สต./สถานีอนามัย (ไม่ระบุชื่อ) สิงหนคร,รพ.สต./สถานีอนามัย,20.529,55.42,2.7,702.6910914779404,219.61463642796394
south-facilities:9014,โรงพยาบาล โรงพยาบาลบางกล่ำ,6,ENE,บูรพา-อีสาน,67.5,south-facilities:9001/6,โรงพยาบาล โรงพยาบาลสงขลา,โรงพยาบาล,17.979,40.455,2.25,702.6910914779404,312.9522554864306
south-facilities:9014,โรงพยาบาล โรงพยาบาลบางกล่ำ,7,EbN,บูรพาค่อนเหนือ,78.75,south-facilities:9001,รพ.สต./สถานีอนามัย Sampit,รพ.สต./สถานีอนามัย,18.915,41.274,2.182,702.6910914779404,33.823638752248094
south-facilities:9014,โรงพยาบาล โรงพยาบาลบางกล่ำ,8,E,บูรพา (ตะวันออก),90.0,,— ว่าง —,,,,,,
south-facilities:9014,โรงพยาบาล โรงพยาบาลบางกล่ำ,9,EbS,บูรพาค่อนใต้,101.25,,— ว่าง —,,,,,,
south-facilities:9014,โรงพยาบาล โรงพยาบาลบางกล่ำ,10,ESE,บูรพา-อาคเนย์,112.5,,— ว่าง —,,,,,,
south-facilities:9014,โรงพยาบาล โรงพยาบาลบางกล่ำ,11,SEbE,อาคเนย์ค่อนบูรพา,123.75,south-facilities:9011/7,หน่วยทหาร ค่ายเสนาณรงค์,หน่วยทหาร,12.609,26.538,2.105,702.6910914779404,47.68297195517997
south-facilities:9014,โรงพยาบาล โรงพยาบาลบางกล่ำ,12,SE,อาคเนย์ (ตอ.เฉียงใต้),135.0,south-facilities:9011/26,โรงพยาบาล โรงพยาบาลศิครินทร์หาดใหญ่,โรงพยาบาล,10.309,22.291,2.162,702.6910914779404,71.3143489287222
south-facilities:9014,โรงพยาบาล โรงพยาบาลบางกล่ำ,13,SEbS,อาคเนย์ค่อนใต้,146.25,south-facilities:9011/8,โรงพยาบาล โรงพยาบาลหาดใหญ่,โรงพยาบาล,10.654,22.197,2.084,702.6910914779404,67.15513309458458
south-facilities:9014,โรงพยาบาล โรงพยาบาลบางกล่ำ,14,SSE,ใต้-อาคเนย์,157.5,south-facilities:9011/13,สถานีตำรวจ Checkpoint,สถานีตำรวจ,11.176,20.813,1.862,702.6910914779404,28.151848478902007
south-facilities:9014,โรงพยาบาล โรงพยาบาลบางกล่ำ,15,SbE,ใต้ค่อนบูรพา,168.75,,— ว่าง —,,,,,,
south-facilities:9014,โรงพยาบาล โรงพยาบาลบางกล่ำ,16,S,ทักษิณ (ใต้),180.0,south-facilities:9016/3,โรงพยาบาล โรงพยาบาลกองบิน 56,โรงพยาบาล,18.223,26.529,1.456,702.6910914779404,701.182485491723
south-facilities:9014,โรงพยาบาล โรงพยาบาลบางกล่ำ,17,SbW,ใต้ค่อนประจิม,191.25,south-facilities:9016/5,หน่วยทหาร กองทัพน้อยที่ 4,หน่วยทหาร,24.126,36.091,1.496,702.6910914779404,557.0568803553997
south-facilities:9014,โรงพยาบาล โรงพยาบาลบางกล่ำ,18,SSW,ใต้-หรดี,202.5,south-facilities:9011/6,จุดบรรเทาทุกข์ (ไม่ระบุชื่อ) หาดใหญ่,จุดบรรเทาทุกข์,11.939,23.035,1.929,702.6910914779404,1543.4484554191997
south-facilities:9014,โรงพยาบาล โรงพยาบาลบางกล่ำ,19,SWbS,หรดีค่อนใต้,213.75,south-facilities:9014/2,โรงพยาบาล (ไม่ระบุชื่อ) บางกล่ำ,โรงพยาบาล,0.004,0.0,0.0,702.6910914779404,699.7846369631073
south-facilities:9014,โรงพยาบาล โรงพยาบาลบางกล่ำ,20,SW,หรดี (ตต.เฉียงใต้),225.0,south-facilities:9011/27,สถานีตำรวจ (ไม่ระบุชื่อ) หาดใหญ่,สถานีตำรวจ,14.977,30.373,2.028,702.6910914779404,340.30750717626415
south-facilities:9014,โรงพยาบาล โรงพยาบาลบางกล่ำ,21,SWbW,หรดีค่อนประจิม,236.25,,— ว่าง —,,,,,,
south-facilities:9014,โรงพยาบาล โรงพยาบาลบางกล่ำ,22,WSW,ประจิม-หรดี,247.5,,— ว่าง —,,,,,,
south-facilities:9014,โรงพยาบาล โรงพยาบาลบางกล่ำ,23,WbS,ประจิมค่อนใต้,258.75,,— ว่าง —,,,,,,
south-facilities:9014,โรงพยาบาล โรงพยาบาลบางกล่ำ,24,W,ประจิม (ตะวันตก),270.0,,— ว่าง —,,,,,,
south-facilities:9014,โรงพยาบาล โรงพยาบาลบางกล่ำ,25,WbN,ประจิมค่อนเหนือ,281.25,south-facilities:9009/2,โรงพยาบาล โรงพยาบาลรัตภูมิ,โรงพยาบาล,17.782,23.711,1.333,702.6910914779404,55.91900298429288
south-facilities:9014,โรงพยาบาล โรงพยาบาลบางกล่ำ,26,WNW,ประจิม-พายัพ,292.5,south-facilities:9009,สถานีตำรวจ (ไม่ระบุชื่อ) รัตภูมิ,สถานีตำรวจ,21.798,25.893,1.188,702.6910914779404,135.67651722321787
south-facilities:9014,โรงพยาบาล โรงพยาบาลบางกล่ำ,27,NWbW,พายัพค่อนประจิม,303.75,,— ว่าง —,,,,,,
south-facilities:9014,โรงพยาบาล โรงพยาบาลบางกล่ำ,28,NW,พายัพ (ตต.เฉียงเหนือ),315.0,,— ว่าง —,,,,,,
south-facilities:9014,โรงพยาบาล โรงพยาบาลบางกล่ำ,29,NWbN,พายัพค่อนเหนือ,326.25,south-facilities:9013,โรงพยาบาล โรงพยาบาลควนเนียง,โรงพยาบาล,13.294,25.241,1.899,702.6910914779404,89.11545967648793
south-facilities:9014,โรงพยาบาล โรงพยาบาลบางกล่ำ,30,NNW,เหนือ-พายัพ,337.5,,— ว่าง —,,,,,,
south-facilities:9014,โรงพยาบาล โรงพยาบาลบางกล่ำ,31,NbW,เหนือค่อนประจิม,348.75,,— ว่าง —,,,,,,
south-facilities:9014/2,โรงพยาบาล (ไม่ระบุชื่อ) บางกล่ำ,0,N,อุดร (เหนือ),0.0,,— ว่าง —,,,,,,
south-facilities:9014/2,โรงพยาบาล (ไม่ระบุชื่อ) บางกล่ำ,1,NbE,เหนือค่อนอีสาน,11.25,,— ว่าง —,,,,,,
south-facilities:9014/2,โรงพยาบาล (ไม่ระบุชื่อ) บางกล่ำ,2,NNE,เหนือ-อีสาน,22.5,,— ว่าง —,,,,,,
south-facilities:9014/2,โรงพยาบาล (ไม่ระบุชื่อ) บางกล่ำ,3,NEbN,อีสานค่อนเหนือ,33.75,south-facilities:9014,โรงพยาบาล โรงพยาบาลบางกล่ำ,โรงพยาบาล,0.004,0.0,0.0,699.7846369631073,702.6910914779404
south-facilities:9014/2,โรงพยาบาล (ไม่ระบุชื่อ) บางกล่ำ,4,NE,อีสาน (ตอ.เฉียงเหนือ),45.0,south-facilities:9015/4,โรงพยาบาล โรงพยาบาลสิงหนคร,โรงพยาบาล,20.537,53.369,2.599,699.7846369631073,567.4390063520451
south-facilities:9014/2,โรงพยาบาล (ไม่ระบุชื่อ) บางกล่ำ,5,NEbE,อีสานค่อนบูรพา,56.25,south-facilities:9015/2,รพ.สต./สถานีอนามัย (ไม่ระบุชื่อ) สิงหนคร,รพ.สต./สถานีอนามัย,20.532,55.42,2.699,699.7846369631073,219.61463642796394
south-facilities:9014/2,โรงพยาบาล (ไม่ระบุชื่อ) บางกล่ำ,6,ENE,บูรพา-อีสาน,67.5,south-facilities:9001/6,โรงพยาบาล โรงพยาบาลสงขลา,โรงพยาบาล,17.982,40.455,2.25,699.7846369631073,312.9522554864306
south-facilities:9014/2,โรงพยาบาล (ไม่ระบุชื่อ) บางกล่ำ,7,EbN,บูรพาค่อนเหนือ,78.75,south-facilities:9001,รพ.สต./สถานีอนามัย Sampit,รพ.สต./สถานีอนามัย,18.918,41.274,2.182,699.7846369631073,33.823638752248094
south-facilities:9014/2,โรงพยาบาล (ไม่ระบุชื่อ) บางกล่ำ,8,E,บูรพา (ตะวันออก),90.0,,— ว่าง —,,,,,,
south-facilities:9014/2,โรงพยาบาล (ไม่ระบุชื่อ) บางกล่ำ,9,EbS,บูรพาค่อนใต้,101.25,,— ว่าง —,,,,,,
south-facilities:9014/2,โรงพยาบาล (ไม่ระบุชื่อ) บางกล่ำ,10,ESE,บูรพา-อาคเนย์,112.5,,— ว่าง —,,,,,,
south-facilities:9014/2,โรงพยาบาล (ไม่ระบุชื่อ) บางกล่ำ,11,SEbE,อาคเนย์ค่อนบูรพา,123.75,south-facilities:9011/7,หน่วยทหาร ค่ายเสนาณรงค์,หน่วยทหาร,12.608,26.538,2.105,699.7846369631073,47.68297195517997
south-facilities:9014/2,โรงพยาบาล (ไม่ระบุชื่อ) บางกล่ำ,12,SE,อาคเนย์ (ตอ.เฉียงใต้),135.0,south-facilities:9011/26,โรงพยาบาล โรงพยาบาลศิครินทร์หาดใหญ่,โรงพยาบาล,10.308,22.291,2.163,699.7846369631073,71.3143489287222
south-facilities:9014/2,โรงพยาบาล (ไม่ระบุชื่อ) บางกล่ำ,13,SEbS,อาคเนย์ค่อนใต้,146.25,south-facilities:9011/8,โรงพยาบาล โรงพยาบาลหาดใหญ่,โรงพยาบาล,10.652,22.197,2.084,699.7846369631073,67.15513309458458
south-facilities:9014/2,โรงพยาบาล (ไม่ระบุชื่อ) บางกล่ำ,14,SSE,ใต้-อาคเนย์,157.5,south-facilities:9011/13,สถานีตำรวจ Checkpoint,สถานีตำรวจ,11.173,20.813,1.863,699.7846369631073,28.151848478902007
south-facilities:9014/2,โรงพยาบาล (ไม่ระบุชื่อ) บางกล่ำ,15,SbE,ใต้ค่อนบูรพา,168.75,,— ว่าง —,,,,,,
south-facilities:9014/2,โรงพยาบาล (ไม่ระบุชื่อ) บางกล่ำ,16,S,ทักษิณ (ใต้),180.0,south-facilities:9016/3,โรงพยาบาล โรงพยาบาลกองบิน 56,โรงพยาบาล,18.22,26.529,1.456,699.7846369631073,701.182485491723
south-facilities:9014/2,โรงพยาบาล (ไม่ระบุชื่อ) บางกล่ำ,17,SbW,ใต้ค่อนประจิม,191.25,south-facilities:9016/5,หน่วยทหาร กองทัพน้อยที่ 4,หน่วยทหาร,24.123,36.091,1.496,699.7846369631073,557.0568803553997
south-facilities:9014/2,โรงพยาบาล (ไม่ระบุชื่อ) บางกล่ำ,18,SSW,ใต้-หรดี,202.5,south-facilities:9011/6,จุดบรรเทาทุกข์ (ไม่ระบุชื่อ) หาดใหญ่,จุดบรรเทาทุกข์,11.935,23.035,1.93,699.7846369631073,1543.4484554191997
south-facilities:9014/2,โรงพยาบาล (ไม่ระบุชื่อ) บางกล่ำ,19,SWbS,หรดีค่อนใต้,213.75,,— ว่าง —,,,,,,
south-facilities:9014/2,โรงพยาบาล (ไม่ระบุชื่อ) บางกล่ำ,20,SW,หรดี (ตต.เฉียงใต้),225.0,south-facilities:9011/27,สถานีตำรวจ (ไม่ระบุชื่อ) หาดใหญ่,สถานีตำรวจ,14.974,30.373,2.028,699.7846369631073,340.30750717626415
south-facilities:9014/2,โรงพยาบาล (ไม่ระบุชื่อ) บางกล่ำ,21,SWbW,หรดีค่อนประจิม,236.25,,— ว่าง —,,,,,,
south-facilities:9014/2,โรงพยาบาล (ไม่ระบุชื่อ) บางกล่ำ,22,WSW,ประจิม-หรดี,247.5,,— ว่าง —,,,,,,
south-facilities:9014/2,โรงพยาบาล (ไม่ระบุชื่อ) บางกล่ำ,23,WbS,ประจิมค่อนใต้,258.75,,— ว่าง —,,,,,,
south-facilities:9014/2,โรงพยาบาล (ไม่ระบุชื่อ) บางกล่ำ,24,W,ประจิม (ตะวันตก),270.0,,— ว่าง —,,,,,,
south-facilities:9014/2,โรงพยาบาล (ไม่ระบุชื่อ) บางกล่ำ,25,WbN,ประจิมค่อนเหนือ,281.25,south-facilities:9009/2,โรงพยาบาล โรงพยาบาลรัตภูมิ,โรงพยาบาล,17.78,23.711,1.334,699.7846369631073,55.91900298429288
south-facilities:9014/2,โรงพยาบาล (ไม่ระบุชื่อ) บางกล่ำ,26,WNW,ประจิม-พายัพ,292.5,south-facilities:9009,สถานีตำรวจ (ไม่ระบุชื่อ) รัตภูมิ,สถานีตำรวจ,21.798,25.893,1.188,699.7846369631073,135.67651722321787
south-facilities:9014/2,โรงพยาบาล (ไม่ระบุชื่อ) บางกล่ำ,27,NWbW,พายัพค่อนประจิม,303.75,,— ว่าง —,,,,,,
south-facilities:9014/2,โรงพยาบาล (ไม่ระบุชื่อ) บางกล่ำ,28,NW,พายัพ (ตต.เฉียงเหนือ),315.0,,— ว่าง —,,,,,,
south-facilities:9014/2,โรงพยาบาล (ไม่ระบุชื่อ) บางกล่ำ,29,NWbN,พายัพค่อนเหนือ,326.25,south-facilities:9013,โรงพยาบาล โรงพยาบาลควนเนียง,โรงพยาบาล,13.296,25.241,1.898,699.7846369631073,89.11545967648793
south-facilities:9014/2,โรงพยาบาล (ไม่ระบุชื่อ) บางกล่ำ,30,NNW,เหนือ-พายัพ,337.5,,— ว่าง —,,,,,,
south-facilities:9014/2,โรงพยาบาล (ไม่ระบุชื่อ) บางกล่ำ,31,NbW,เหนือค่อนประจิม,348.75,,— ว่าง —,,,,,,
south-facilities:9014/3,โรงพยาบาล โรงพยาบาลบางกล่ำ,0,N,อุดร (เหนือ),0.0,,— ว่าง —,,,,,,
south-facilities:9014/3,โรงพยาบาล โรงพยาบาลบางกล่ำ,1,NbE,เหนือค่อนอีสาน,11.25,,— ว่าง —,,,,,,
south-facilities:9014/3,โรงพยาบาล โรงพยาบาลบางกล่ำ,2,NNE,เหนือ-อีสาน,22.5,,— ว่าง —,,,,,,
south-facilities:9014/3,โรงพยาบาล โรงพยาบาลบางกล่ำ,3,NEbN,อีสานค่อนเหนือ,33.75,south-facilities:9015,รพ.สต./สถานีอนามัย (ไม่ระบุชื่อ) สิงหนคร,รพ.สต./สถานีอนามัย,22.414,55.217,2.463,752.6748743679142,34.202017944544764
south-facilities:9014/3,โรงพยาบาล โรงพยาบาลบางกล่ำ,4,NE,อีสาน (ตอ.เฉียงเหนือ),45.0,south-facilities:9015/4,โรงพยาบาล โรงพยาบาลสิงหนคร,โรงพยาบาล,20.467,53.414,2.61,752.6748743679142,567.4390063520451
south-facilities:9014/3,โรงพยาบาล โรงพยาบาลบางกล่ำ,5,NEbE,อีสานค่อนบูรพา,56.25,south-facilities:9015/2,รพ.สต./สถานีอนามัย (ไม่ระบุชื่อ) สิงหนคร,รพ.สต./สถานีอนามัย,20.467,55.465,2.71,752.6748743679142,219.61463642796394
south-facilities:9014/3,โรงพยาบาล โรงพยาบาลบางกล่ำ,6,ENE,บูรพา-อีสาน,67.5,south-facilities:9001/6,โรงพยาบาล โรงพยาบาลสงขลา,โรงพยาบาล,17.927,40.5,2.259,752.6748743679142,312.9522554864306
south-facilities:9014/3,โรงพยาบาล โรงพยาบาลบางกล่ำ,7,EbN,บูรพาค่อนเหนือ,78.75,south-facilities:9001,รพ.สต./สถานีอนามัย Sampit,รพ.สต./สถานีอนามัย,18.865,41.319,2.19,752.6748743679142,33.823638752248094
south-facilities:9014/3,โรงพยาบาล โรงพยาบาลบางกล่ำ,8,E,บูรพา (ตะวันออก),90.0,,— ว่าง —,,,,,,
south-facilities:9014/3,โรงพยาบาล โรงพยาบาลบางกล่ำ,9,EbS,บูรพาค่อนใต้,101.25,,— ว่าง —,,,,,,
south-facilities:9014/3,โรงพยาบาล โรงพยาบาลบางกล่ำ,10,ESE,บูรพา-อาคเนย์,112.5,,— ว่าง —,,,,,,
south-facilities:9014/3,โรงพยาบาล โรงพยาบาลบางกล่ำ,11,SEbE,อาคเนย์ค่อนบูรพา,123.75,south-facilities:9011/7,หน่วยทหาร ค่ายเสนาณรงค์,หน่วยทหาร,12.612,26.583,2.108,752.6748743679142,47.68297195517997
south-facilities:9014/3,โรงพยาบาล โรงพยาบาลบางกล่ำ,12,SE,อาคเนย์ (ตอ.เฉียงใต้),135.0,south-facilities:9011/26,โรงพยาบาล โรงพยาบาลศิครินทร์หาดใหญ่,โรงพยาบาล,10.327,22.336,2.163,752.6748743679142,71.3143489287222
south-facilities:9014/3,โรงพยาบาล โรงพยาบาลบางกล่ำ,13,SEbS,อาคเนย์ค่อนใต้,146.25,south-facilities:9011/8,โรงพยาบาล โรงพยาบาลหาดใหญ่,โรงพยาบาล,10.675,22.242,2.083,752.6748743679142,67.15513309458458
south-facilities:9014/3,โรงพยาบาล โรงพยาบาลบางกล่ำ,14,SSE,ใต้-อาคเนย์,157.5,south-facilities:9011/13,สถานีตำรวจ Checkpoint,สถานีตำรวจ,11.215,20.858,1.86,752.6748743679142,28.151848478902007
south-facilities:9014/3,โรงพยาบาล โรงพยาบาลบางกล่ำ,15,SbE,ใต้ค่อนบูรพา,168.75,,— ว่าง —,,,,,,
south-facilities:9014/3,โรงพยาบาล โรงพยาบาลบางกล่ำ,16,S,ทักษิณ (ใต้),180.0,south-facilities:9016/3,โรงพยาบาล โรงพยาบาลกองบิน 56,โรงพยาบาล,18.278,26.574,1.454,752.6748743679142,701.182485491723
south-facilities:9014/3,โรงพยาบาล โรงพยาบาลบางกล่ำ,17,SbW,ใต้ค่อนประจิม,191.25,south-facilities:9016/5,หน่วยทหาร กองทัพน้อยที่ 4,หน่วยทหาร,24.185,36.136,1.494,752.6748743679142,557.0568803553997
south-facilities:9014/3,โรงพยาบาล โรงพยาบาลบางกล่ำ,18,SSW,ใต้-หรดี,202.5,south-facilities:9011/6,จุดบรรเทาทุกข์ (ไม่ระบุชื่อ) หาดใหญ่,จุดบรรเทาทุกข์,12.005,23.08,1.923,752.6748743679142,1543.4484554191997
south-facilities:9014/3,โรงพยาบาล โรงพยาบาลบางกล่ำ,19,SWbS,หรดีค่อนใต้,213.75,south-facilities:9014,โรงพยาบาล โรงพยาบาลบางกล่ำ,โรงพยาบาล,0.067,0.045,0.675,752.6748743679142,702.6910914779404
south-facilities:9014/3,โรงพยาบาล โรงพยาบาลบางกล่ำ,20,SW,หรดี (ตต.เฉียงใต้),225.0,south-facilities:9011/27,สถานีตำรวจ (ไม่ระบุชื่อ) หาดใหญ่,สถานีตำรวจ,15.042,30.418,2.022,752.6748743679142,340.30750717626415
south-facilities:9014/3,โรงพยาบาล โรงพยาบาลบางกล่ำ,21,SWbW,หรดีค่อนประจิม,236.25,,— ว่าง —,,,,,,
south-facilities:9014/3,โรงพยาบาล โรงพยาบาลบางกล่ำ,22,WSW,ประจิม-หรดี,247.5,,— ว่าง —,,,,,,
south-facilities:9014/3,โรงพยาบาล โรงพยาบาลบางกล่ำ,23,WbS,ประจิมค่อนใต้,258.75,,— ว่าง —,,,,,,
south-facilities:9014/3,โรงพยาบาล โรงพยาบาลบางกล่ำ,24,W,ประจิม (ตะวันตก),270.0,,— ว่าง —,,,,,,
south-facilities:9014/3,โรงพยาบาล โรงพยาบาลบางกล่ำ,25,WbN,ประจิมค่อนเหนือ,281.25,south-facilities:9009/2,โรงพยาบาล โรงพยาบาลรัตภูมิ,โรงพยาบาล,17.804,23.756,1.334,752.6748743679142,55.91900298429288
south-facilities:9014/3,โรงพยาบาล โรงพยาบาลบางกล่ำ,26,WNW,ประจิม-พายัพ,292.5,south-facilities:9009,สถานีตำรวจ (ไม่ระบุชื่อ) รัตภูมิ,สถานีตำรวจ,21.805,25.937,1.19,752.6748743679142,135.67651722321787
south-facilities:9014/3,โรงพยาบาล โรงพยาบาลบางกล่ำ,27,NWbW,พายัพค่อนประจิม,303.75,,— ว่าง —,,,,,,
south-facilities:9014/3,โรงพยาบาล โรงพยาบาลบางกล่ำ,28,NW,พายัพ (ตต.เฉียงเหนือ),315.0,,— ว่าง —,,,,,,
south-facilities:9014/3,โรงพยาบาล โรงพยาบาลบางกล่ำ,29,NWbN,พายัพค่อนเหนือ,326.25,south-facilities:9013,โรงพยาบาล โรงพยาบาลควนเนียง,โรงพยาบาล,13.266,25.286,1.906,752.6748743679142,89.11545967648793
south-facilities:9014/3,โรงพยาบาล โรงพยาบาลบางกล่ำ,30,NNW,เหนือ-พายัพ,337.5,,— ว่าง —,,,,,,
south-facilities:9014/3,โรงพยาบาล โรงพยาบาลบางกล่ำ,31,NbW,เหนือค่อนประจิม,348.75,,— ว่าง —,,,,,,
south-facilities:9015,รพ.สต./สถานีอนามัย (ไม่ระบุชื่อ) สิงหนคร,0,N,อุดร (เหนือ),0.0,,— ว่าง —,,,,,,
south-facilities:9015,รพ.สต./สถานีอนามัย (ไม่ระบุชื่อ) สิงหนคร,1,NbE,เหนือค่อนอีสาน,11.25,,— ว่าง —,,,,,,
south-facilities:9015,รพ.สต./สถานีอนามัย (ไม่ระบุชื่อ) สิงหนคร,2,NNE,เหนือ-อีสาน,22.5,,— ว่าง —,,,,,,
south-facilities:9015,รพ.สต./สถานีอนามัย (ไม่ระบุชื่อ) สิงหนคร,3,NEbN,อีสานค่อนเหนือ,33.75,,— ว่าง —,,,,,,
south-facilities:9015,รพ.สต./สถานีอนามัย (ไม่ระบุชื่อ) สิงหนคร,4,NE,อีสาน (ตอ.เฉียงเหนือ),45.0,,— ว่าง —,,,,,,
south-facilities:9015,รพ.สต./สถานีอนามัย (ไม่ระบุชื่อ) สิงหนคร,5,NEbE,อีสานค่อนบูรพา,56.25,,— ว่าง —,,,,,,
south-facilities:9015,รพ.สต./สถานีอนามัย (ไม่ระบุชื่อ) สิงหนคร,6,ENE,บูรพา-อีสาน,67.5,,— ว่าง —,,,,,,
south-facilities:9015,รพ.สต./สถานีอนามัย (ไม่ระบุชื่อ) สิงหนคร,7,EbN,บูรพาค่อนเหนือ,78.75,,— ว่าง —,,,,,,
south-facilities:9015,รพ.สต./สถานีอนามัย (ไม่ระบุชื่อ) สิงหนคร,8,E,บูรพา (ตะวันออก),90.0,,— ว่าง —,,,,,,
south-facilities:9015,รพ.สต./สถานีอนามัย (ไม่ระบุชื่อ) สิงหนคร,9,EbS,บูรพาค่อนใต้,101.25,,— ว่าง —,,,,,,
south-facilities:9015,รพ.สต./สถานีอนามัย (ไม่ระบุชื่อ) สิงหนคร,10,ESE,บูรพา-อาคเนย์,112.5,,— ว่าง —,,,,,,
south-facilities:9015,รพ.สต./สถานีอนามัย (ไม่ระบุชื่อ) สิงหนคร,11,SEbE,อาคเนย์ค่อนบูรพา,123.75,south-facilities:9001/5,หน่วยทหาร ฐานทัพเรือสงขลา,หน่วยทหาร,8.201,29.264,3.568,34.202017944544764,223.45620966272125
south-facilities:9015,รพ.สต./สถานีอนามัย (ไม่ระบุชื่อ) สิงหนคร,12,SE,อาคเนย์ (ตอ.เฉียงใต้),135.0,south-facilities:9001/3,โรงพยาบาล โรงพยาบาลฐานทัพเรือสงขลา,โรงพยาบาล,12.506,25.952,2.075,34.202017944544764,147.85443395026337
south-facilities:9015,รพ.สต./สถานีอนามัย (ไม่ระบุชื่อ) สิงหนคร,13,SEbS,อาคเนย์ค่อนใต้,146.25,south-facilities:9015/2,รพ.สต./สถานีอนามัย (ไม่ระบุชื่อ) สิงหนคร,รพ.สต./สถานีอนามัย,8.574,12.729,1.484,34.202017944544764,219.61463642796394
south-facilities:9015,รพ.สต./สถานีอนามัย (ไม่ระบุชื่อ) สิงหนคร,14,SSE,ใต้-อาคเนย์,157.5,south-facilities:9001/6,โรงพยาบาล โรงพยาบาลสงขลา,โรงพยาบาล,14.079,17.521,1.244,34.202017944544764,312.9522554864306
south-facilities:9015,รพ.สต./สถานีอนามัย (ไม่ระบุชื่อ) สิงหนคร,15,SbE,ใต้ค่อนบูรพา,168.75,south-facilities:9015/3,โรงพยาบาล โรงพยาบาลสิงหนคร,โรงพยาบาล,3.022,4.421,1.463,34.202017944544764,592.0251743369022
south-facilities:9015,รพ.สต./สถานีอนามัย (ไม่ระบุชื่อ) สิงหนคร,16,S,ทักษิณ (ใต้),180.0,,— ว่าง —,,,,,,
south-facilities:9015,รพ.สต./สถานีอนามัย (ไม่ระบุชื่อ) สิงหนคร,17,SbW,ใต้ค่อนประจิม,191.25,,— ว่าง —,,,,,,
south-facilities:9015,รพ.สต./สถานีอนามัย (ไม่ระบุชื่อ) สิงหนคร,18,SSW,ใต้-หรดี,202.5,,— ว่าง —,,,,,,
south-facilities:9015,รพ.สต./สถานีอนามัย (ไม่ระบุชื่อ) สิงหนคร,19,SWbS,หรดีค่อนใต้,213.75,south-facilities:9014/3,โรงพยาบาล โรงพยาบาลบางกล่ำ,โรงพยาบาล,22.414,51.646,2.304,34.202017944544764,752.6748743679142
south-facilities:9015,รพ.สต./สถานีอนามัย (ไม่ระบุชื่อ) สิงหนคร,20,SW,หรดี (ตต.เฉียงใต้),225.0,,— ว่าง —,,,,,,
south-facilities:9015,รพ.สต./สถานีอนามัย (ไม่ระบุชื่อ) สิงหนคร,21,SWbW,หรดีค่อนประจิม,236.25,,— ว่าง —,,,,,,
south-facilities:9015,รพ.สต./สถานีอนามัย (ไม่ระบุชื่อ) สิงหนคร,22,WSW,ประจิม-หรดี,247.5,south-facilities:9013,โรงพยาบาล โรงพยาบาลควนเนียง,โรงพยาบาล,20.789,28.056,1.35,34.202017944544764,89.11545967648793
south-facilities:9015,รพ.สต./สถานีอนามัย (ไม่ระบุชื่อ) สิงหนคร,23,WbS,ประจิมค่อนใต้,258.75,,— ว่าง —,,,,,,
south-facilities:9015,รพ.สต./สถานีอนามัย (ไม่ระบุชื่อ) สิงหนคร,24,W,ประจิม (ตะวันตก),270.0,,— ว่าง —,,,,,,
south-facilities:9015,รพ.สต./สถานีอนามัย (ไม่ระบุชื่อ) สิงหนคร,25,WbN,ประจิมค่อนเหนือ,281.25,,— ว่าง —,,,,,,
south-facilities:9015,รพ.สต./สถานีอนามัย (ไม่ระบุชื่อ) สิงหนคร,26,WNW,ประจิม-พายัพ,292.5,,— ว่าง —,,,,,,
south-facilities:9015,รพ.สต./สถานีอนามัย (ไม่ระบุชื่อ) สิงหนคร,27,NWbW,พายัพค่อนประจิม,303.75,,— ว่าง —,,,,,,
south-facilities:9015,รพ.สต./สถานีอนามัย (ไม่ระบุชื่อ) สิงหนคร,28,NW,พายัพ (ตต.เฉียงเหนือ),315.0,,— ว่าง —,,,,,,
south-facilities:9015,รพ.สต./สถานีอนามัย (ไม่ระบุชื่อ) สิงหนคร,29,NWbN,พายัพค่อนเหนือ,326.25,,— ว่าง —,,,,,,
south-facilities:9015,รพ.สต./สถานีอนามัย (ไม่ระบุชื่อ) สิงหนคร,30,NNW,เหนือ-พายัพ,337.5,south-facilities:9002,โรงพยาบาล (ไม่ระบุชื่อ) สทิงพระ,โรงพยาบาล,23.413,24.055,1.027,34.202017944544764,82.54352610257637
south-facilities:9015,รพ.สต./สถานีอนามัย (ไม่ระบุชื่อ) สิงหนคร,31,NbW,เหนือค่อนประจิม,348.75,,— ว่าง —,,,,,,
south-facilities:9015/2,รพ.สต./สถานีอนามัย (ไม่ระบุชื่อ) สิงหนคร,0,N,อุดร (เหนือ),0.0,,— ว่าง —,,,,,,
south-facilities:9015/2,รพ.สต./สถานีอนามัย (ไม่ระบุชื่อ) สิงหนคร,1,NbE,เหนือค่อนอีสาน,11.25,,— ว่าง —,,,,,,
south-facilities:9015/2,รพ.สต./สถานีอนามัย (ไม่ระบุชื่อ) สิงหนคร,2,NNE,เหนือ-อีสาน,22.5,,— ว่าง —,,,,,,
south-facilities:9015/2,รพ.สต./สถานีอนามัย (ไม่ระบุชื่อ) สิงหนคร,3,NEbN,อีสานค่อนเหนือ,33.75,,— ว่าง —,,,,,,
south-facilities:9015/2,รพ.สต./สถานีอนามัย (ไม่ระบุชื่อ) สิงหนคร,4,NE,อีสาน (ตอ.เฉียงเหนือ),45.0,south-facilities:9001/9,สถานีตำรวจ สถานีตํารวจภูธรเมืองสงขลา,สถานีตำรวจ,2.899,24.759,8.54,219.61463642796394,37.67396040236064
south-facilities:9015/2,รพ.สต./สถานีอนามัย (ไม่ระบุชื่อ) สิงหนคร,5,NEbE,อีสานค่อนบูรพา,56.25,south-facilities:9001/8,สถานีตำรวจ (ไม่ระบุชื่อ) เมืองสงขลา,สถานีตำรวจ,3.983,24.853,6.24,219.61463642796394,16.65457506269424
south-facilities:9015/2,รพ.สต./สถานีอนามัย (ไม่ระบุชื่อ) สิงหนคร,6,ENE,บูรพา-อีสาน,67.5,,— ว่าง —,,,,,,
south-facilities:9015/2,รพ.สต./สถานีอนามัย (ไม่ระบุชื่อ) สิงหนคร,7,EbN,บูรพาค่อนเหนือ,78.75,,— ว่าง —,,,,,,
south-facilities:9015/2,รพ.สต./สถานีอนามัย (ไม่ระบุชื่อ) สิงหนคร,8,E,บูรพา (ตะวันออก),90.0,,— ว่าง —,,,,,,
south-facilities:9015/2,รพ.สต./สถานีอนามัย (ไม่ระบุชื่อ) สิงหนคร,9,EbS,บูรพาค่อนใต้,101.25,south-facilities:9001/3,โรงพยาบาล โรงพยาบาลฐานทัพเรือสงขลา,โรงพยาบาล,4.79,21.952,4.583,219.61463642796394,147.85443395026337
south-facilities:9015/2,รพ.สต./สถานีอนามัย (ไม่ระบุชื่อ) สิงหนคร,10,ESE,บูรพา-อาคเนย์,112.5,south-facilities:9001/2,โรงพยาบาล โรงพยาบาลจิตเวชสงขลาราชนครินทร์,โรงพยาบาล,5.761,21.964,3.813,219.61463642796394,50.46686919075465
south-facilities:9015/2,รพ.สต./สถานีอนามัย (ไม่ระบุชื่อ) สิงหนคร,11,SEbE,อาคเนย์ค่อนบูรพา,123.75,,— ว่าง —,,,,,,
south-facilities:9015/2,รพ.สต./สถานีอนามัย (ไม่ระบุชื่อ) สิงหนคร,12,SE,อาคเนย์ (ตอ.เฉียงใต้),135.0,south-facilities:9001/7,หน่วยทหาร 5th Field Artilery Battalion,หน่วยทหาร,8.679,31.693,3.652,219.61463642796394,257.7609340848567
south-facilities:9015/2,รพ.สต./สถานีอนามัย (ไม่ระบุชื่อ) สิงหนคร,13,SEbS,อาคเนย์ค่อนใต้,146.25,,— ว่าง —,,,,,,
south-facilities:9015/2,รพ.สต./สถานีอนามัย (ไม่ระบุชื่อ) สิงหนคร,14,SSE,ใต้-อาคเนย์,157.5,,— ว่าง —,,,,,,
south-facilities:9015/2,รพ.สต./สถานีอนามัย (ไม่ระบุชื่อ) สิงหนคร,15,SbE,ใต้ค่อนบูรพา,168.75,south-facilities:9001,รพ.สต./สถานีอนามัย Sampit,รพ.สต./สถานีอนามัย,6.794,14.619,2.152,219.61463642796394,33.823638752248094
south-facilities:9015/2,รพ.สต./สถานีอนามัย (ไม่ระบุชื่อ) สิงหนคร,16,S,ทักษิณ (ใต้),180.0,south-facilities:9001/6,โรงพยาบาล โรงพยาบาลสงขลา,โรงพยาบาล,6.027,13.52,2.243,219.61463642796394,312.9522554864306
south-facilities:9015/2,รพ.สต./สถานีอนามัย (ไม่ระบุชื่อ) สิงหนคร,17,SbW,ใต้ค่อนประจิม,191.25,,— ว่าง —,,,,,,
south-facilities:9015/2,รพ.สต./สถานีอนามัย (ไม่ระบุชื่อ) สิงหนคร,18,SSW,ใต้-หรดี,202.5,south-facilities:9011/7,หน่วยทหาร ค่ายเสนาณรงค์,หน่วยทหาร,20.133,31.169,1.548,219.61463642796394,47.68297195517997
south-facilities:9015/2,รพ.สต./สถานีอนามัย (ไม่ระบุชื่อ) สิงหนคร,19,SWbS,หรดีค่อนใต้,213.75,south-facilities:9011/26,โรงพยาบาล โรงพยาบาลศิครินทร์หาดใหญ่,โรงพยาบาล,21.868,34.645,1.584,219.61463642796394,71.3143489287222
south-facilities:9015/2,รพ.สต./สถานีอนามัย (ไม่ระบุชื่อ) สิงหนคร,20,SW,หรดี (ตต.เฉียงใต้),225.0,,— ว่าง —,,,,,,
south-facilities:9015/2,รพ.สต./สถานีอนามัย (ไม่ระบุชื่อ) สิงหนคร,21,SWbW,หรดีค่อนประจิม,236.25,south-facilities:9014/3,โรงพยาบาล โรงพยาบาลบางกล่ำ,โรงพยาบาล,20.467,54.792,2.677,219.61463642796394,752.6748743679142
south-facilities:9015/2,รพ.สต./สถานีอนามัย (ไม่ระบุชื่อ) สิงหนคร,22,WSW,ประจิม-หรดี,247.5,,— ว่าง —,,,,,,
south-facilities:9015/2,รพ.สต./สถานีอนามัย (ไม่ระบุชื่อ) สิงหนคร,23,WbS,ประจิมค่อนใต้,258.75,,— ว่าง —,,,,,,
south-facilities:9015/2,รพ.สต./สถานีอนามัย (ไม่ระบุชื่อ) สิงหนคร,24,W,ประจิม (ตะวันตก),270.0,south-facilities:9013,โรงพยาบาล โรงพยาบาลควนเนียง,โรงพยาบาล,24.004,38.113,1.588,219.61463642796394,89.11545967648793
south-facilities:9015/2,รพ.สต./สถานีอนามัย (ไม่ระบุชื่อ) สิงหนคร,25,WbN,ประจิมค่อนเหนือ,281.25,,— ว่าง —,,,,,,
south-facilities:9015/2,รพ.สต./สถานีอนามัย (ไม่ระบุชื่อ) สิงหนคร,26,WNW,ประจิม-พายัพ,292.5,,— ว่าง —,,,,,,
south-facilities:9015/2,รพ.สต./สถานีอนามัย (ไม่ระบุชื่อ) สิงหนคร,27,NWbW,พายัพค่อนประจิม,303.75,,— ว่าง —,,,,,,
south-facilities:9015/2,รพ.สต./สถานีอนามัย (ไม่ระบุชื่อ) สิงหนคร,28,NW,พายัพ (ตต.เฉียงเหนือ),315.0,south-facilities:9015/4,โรงพยาบาล โรงพยาบาลสิงหนคร,โรงพยาบาล,5.772,7.652,1.326,219.61463642796394,567.4390063520451
south-facilities:9015/2,รพ.สต./สถานีอนามัย (ไม่ระบุชื่อ) สิงหนคร,29,NWbN,พายัพค่อนเหนือ,326.25,south-facilities:9015,รพ.สต./สถานีอนามัย (ไม่ระบุชื่อ) สิงหนคร,รพ.สต./สถานีอนามัย,8.574,10.434,1.217,219.61463642796394,34.202017944544764
south-facilities:9015/2,รพ.สต./สถานีอนามัย (ไม่ระบุชื่อ) สิงหนคร,30,NNW,เหนือ-พายัพ,337.5,,— ว่าง —,,,,,,
south-facilities:9015/2,รพ.สต./สถานีอนามัย (ไม่ระบุชื่อ) สิงหนคร,31,NbW,เหนือค่อนประจิม,348.75,,— ว่าง —,,,,,,
south-facilities:9015/3,โรงพยาบาล โรงพยาบาลสิงหนคร,0,N,อุดร (เหนือ),0.0,,— ว่าง —,,,,,,
south-facilities:9015/3,โรงพยาบาล โรงพยาบาลสิงหนคร,1,NbE,เหนือค่อนอีสาน,11.25,,— ว่าง —,,,,,,
south-facilities:9015/3,โรงพยาบาล โรงพยาบาลสิงหนคร,2,NNE,เหนือ-อีสาน,22.5,,— ว่าง —,,,,,,
south-facilities:9015/3,โรงพยาบาล โรงพยาบาลสิงหนคร,3,NEbN,อีสานค่อนเหนือ,33.75,,— ว่าง —,,,,,,
south-facilities:9015/3,โรงพยาบาล โรงพยาบาลสิงหนคร,4,NE,อีสาน (ตอ.เฉียงเหนือ),45.0,,— ว่าง —,,,,,,
south-facilities:9015/3,โรงพยาบาล โรงพยาบาลสิงหนคร,5,NEbE,อีสานค่อนบูรพา,56.25,,— ว่าง —,,,,,,
south-facilities:9015/3,โรงพยาบาล โรงพยาบาลสิงหนคร,6,ENE,บูรพา-อีสาน,67.5,,— ว่าง —,,,,,,
south-facilities:9015/3,โรงพยาบาล โรงพยาบาลสิงหนคร,7,EbN,บูรพาค่อนเหนือ,78.75,,— ว่าง —,,,,,,
south-facilities:9015/3,โรงพยาบาล โรงพยาบาลสิงหนคร,8,E,บูรพา (ตะวันออก),90.0,,— ว่าง —,,,,,,
south-facilities:9015/3,โรงพยาบาล โรงพยาบาลสิงหนคร,9,EbS,บูรพาค่อนใต้,101.25,,— ว่าง —,,,,,,
south-facilities:9015/3,โรงพยาบาล โรงพยาบาลสิงหนคร,10,ESE,บูรพา-อาคเนย์,112.5,south-facilities:9001/5,หน่วยทหาร ฐานทัพเรือสงขลา,หน่วยทหาร,6.139,24.843,4.047,592.0251743369022,223.45620966272125
south-facilities:9015/3,โรงพยาบาล โรงพยาบาลสิงหนคร,11,SEbE,อาคเนย์ค่อนบูรพา,123.75,south-facilities:9001/3,โรงพยาบาล โรงพยาบาลฐานทัพเรือสงขลา,โรงพยาบาล,10.125,21.531,2.127,592.0251743369022,147.85443395026337
south-facilities:9015/3,โรงพยาบาล โรงพยาบาลสิงหนคร,12,SE,อาคเนย์ (ตอ.เฉียงใต้),135.0,south-facilities:9015/2,รพ.สต./สถานีอนามัย (ไม่ระบุชื่อ) สิงหนคร,รพ.สต./สถานีอนามัย,5.784,9.231,1.596,592.0251743369022,219.61463642796394
south-facilities:9015/3,โรงพยาบาล โรงพยาบาลสิงหนคร,13,SEbS,อาคเนย์ค่อนใต้,146.25,,— ว่าง —,,,,,,
south-facilities:9015/3,โรงพยาบาล โรงพยาบาลสิงหนคร,14,SSE,ใต้-อาคเนย์,157.5,south-facilities:9001/6,โรงพยาบาล โรงพยาบาลสงขลา,โรงพยาบาล,11.074,13.099,1.183,592.0251743369022,312.9522554864306
south-facilities:9015/3,โรงพยาบาล โรงพยาบาลสิงหนคร,15,SbE,ใต้ค่อนบูรพา,168.75,,— ว่าง —,,,,,,
south-facilities:9015/3,โรงพยาบาล โรงพยาบาลสิงหนคร,16,S,ทักษิณ (ใต้),180.0,,— ว่าง —,,,,,,
south-facilities:9015/3,โรงพยาบาล โรงพยาบาลสิงหนคร,17,SbW,ใต้ค่อนประจิม,191.25,south-facilities:9011/7,หน่วยทหาร ค่ายเสนาณรงค์,หน่วยทหาร,23.44,30.749,1.312,592.0251743369022,47.68297195517997
south-facilities:9015/3,โรงพยาบาล โรงพยาบาลสิงหนคร,18,SSW,ใต้-หรดี,202.5,south-facilities:9015/4,โรงพยาบาล โรงพยาบาลสิงหนคร,โรงพยาบาล,0.03,0.0,0.0,592.0251743369022,567.4390063520451
south-facilities:9015/3,โรงพยาบาล โรงพยาบาลสิงหนคร,19,SWbS,หรดีค่อนใต้,213.75,,— ว่าง —,,,,,,
south-facilities:9015/3,โรงพยาบาล โรงพยาบาลสิงหนคร,20,SW,หรดี (ตต.เฉียงใต้),225.0,south-facilities:9014/3,โรงพยาบาล โรงพยาบาลบางกล่ำ,โรงพยาบาล,20.497,54.14,2.641,592.0251743369022,752.6748743679142
south-facilities:9015/3,โรงพยาบาล โรงพยาบาลสิงหนคร,21,SWbW,หรดีค่อนประจิม,236.25,,— ว่าง —,,,,,,
south-facilities:9015/3,โรงพยาบาล โรงพยาบาลสิงหนคร,22,WSW,ประจิม-หรดี,247.5,,— ว่าง —,,,,,,
south-facilities:9015/3,โรงพยาบาล โรงพยาบาลสิงหนคร,23,WbS,ประจิมค่อนใต้,258.75,south-facilities:9013,โรงพยาบาล โรงพยาบาลควนเนียง,โรงพยาบาล,20.644,30.55,1.48,592.0251743369022,89.11545967648793
south-facilities:9015/3,โรงพยาบาล โรงพยาบาลสิงหนคร,24,W,ประจิม (ตะวันตก),270.0,,— ว่าง —,,,,,,
south-facilities:9015/3,โรงพยาบาล โรงพยาบาลสิงหนคร,25,WbN,ประจิมค่อนเหนือ,281.25,,— ว่าง —,,,,,,
south-facilities:9015/3,โรงพยาบาล โรงพยาบาลสิงหนคร,26,WNW,ประจิม-พายัพ,292.5,,— ว่าง —,,,,,,
south-facilities:9015/3,โรงพยาบาล โรงพยาบาลสิงหนคร,27,NWbW,พายัพค่อนประจิม,303.75,,— ว่าง —,,,,,,
south-facilities:9015/3,โรงพยาบาล โรงพยาบาลสิงหนคร,28,NW,พายัพ (ตต.เฉียงเหนือ),315.0,,— ว่าง —,,,,,,
south-facilities:9015/3,โรงพยาบาล โรงพยาบาลสิงหนคร,29,NWbN,พายัพค่อนเหนือ,326.25,,— ว่าง —,,,,,,
south-facilities:9015/3,โรงพยาบาล โรงพยาบาลสิงหนคร,30,NNW,เหนือ-พายัพ,337.5,,— ว่าง —,,,,,,
south-facilities:9015/3,โรงพยาบาล โรงพยาบาลสิงหนคร,31,NbW,เหนือค่อนประจิม,348.75,south-facilities:9015,รพ.สต./สถานีอนามัย (ไม่ระบุชื่อ) สิงหนคร,รพ.สต./สถานีอนามัย,3.022,4.421,1.463,592.0251743369022,34.202017944544764
south-facilities:9015/4,โรงพยาบาล โรงพยาบาลสิงหนคร,0,N,อุดร (เหนือ),0.0,,— ว่าง —,,,,,,
south-facilities:9015/4,โรงพยาบาล โรงพยาบาลสิงหนคร,1,NbE,เหนือค่อนอีสาน,11.25,,— ว่าง —,,,,,,
south-facilities:9015/4,โรงพยาบาล โรงพยาบาลสิงหนคร,2,NNE,เหนือ-อีสาน,22.5,south-facilities:9015/3,โรงพยาบาล โรงพยาบาลสิงหนคร,โรงพยาบาล,0.03,0.0,0.0,567.4390063520451,592.0251743369022
south-facilities:9015/4,โรงพยาบาล โรงพยาบาลสิงหนคร,3,NEbN,อีสานค่อนเหนือ,33.75,,— ว่าง —,,,,,,
south-facilities:9015/4,โรงพยาบาล โรงพยาบาลสิงหนคร,4,NE,อีสาน (ตอ.เฉียงเหนือ),45.0,,— ว่าง —,,,,,,
south-facilities:9015/4,โรงพยาบาล โรงพยาบาลสิงหนคร,5,NEbE,อีสานค่อนบูรพา,56.25,,— ว่าง —,,,,,,
south-facilities:9015/4,โรงพยาบาล โรงพยาบาลสิงหนคร,6,ENE,บูรพา-อีสาน,67.5,,— ว่าง —,,,,,,
south-facilities:9015/4,โรงพยาบาล โรงพยาบาลสิงหนคร,7,EbN,บูรพาค่อนเหนือ,78.75,,— ว่าง —,,,,,,
south-facilities:9015/4,โรงพยาบาล โรงพยาบาลสิงหนคร,8,E,บูรพา (ตะวันออก),90.0,,— ว่าง —,,,,,,
south-facilities:9015/4,โรงพยาบาล โรงพยาบาลสิงหนคร,9,EbS,บูรพาค่อนใต้,101.25,,— ว่าง —,,,,,,
south-facilities:9015/4,โรงพยาบาล โรงพยาบาลสิงหนคร,10,ESE,บูรพา-อาคเนย์,112.5,south-facilities:9001/5,หน่วยทหาร ฐานทัพเรือสงขลา,หน่วยทหาร,6.142,24.843,4.045,567.4390063520451,223.45620966272125
south-facilities:9015/4,โรงพยาบาล โรงพยาบาลสิงหนคร,11,SEbE,อาคเนย์ค่อนบูรพา,123.75,south-facilities:9001/3,โรงพยาบาล โรงพยาบาลฐานทัพเรือสงขลา,โรงพยาบาล,10.12,21.531,2.128,567.4390063520451,147.85443395026337
south-facilities:9015/4,โรงพยาบาล โรงพยาบาลสิงหนคร,12,SE,อาคเนย์ (ตอ.เฉียงใต้),135.0,south-facilities:9015/2,รพ.สต./สถานีอนามัย (ไม่ระบุชื่อ) สิงหนคร,รพ.สต./สถานีอนามัย,5.772,9.231,1.599,567.4390063520451,219.61463642796394
south-facilities:9015/4,โรงพยาบาล โรงพยาบาลสิงหนคร,13,SEbS,อาคเนย์ค่อนใต้,146.25,,— ว่าง —,,,,,,
south-facilities:9015/4,โรงพยาบาล โรงพยาบาลสิงหนคร,14,SSE,ใต้-อาคเนย์,157.5,south-facilities:9001/6,โรงพยาบาล โรงพยาบาลสงขลา,โรงพยาบาล,11.053,13.099,1.185,567.4390063520451,312.9522554864306
south-facilities:9015/4,โรงพยาบาล โรงพยาบาลสิงหนคร,15,SbE,ใต้ค่อนบูรพา,168.75,,— ว่าง —,,,,,,
south-facilities:9015/4,โรงพยาบาล โรงพยาบาลสิงหนคร,16,S,ทักษิณ (ใต้),180.0,,— ว่าง —,,,,,,
south-facilities:9015/4,โรงพยาบาล โรงพยาบาลสิงหนคร,17,SbW,ใต้ค่อนประจิม,191.25,south-facilities:9011/7,หน่วยทหาร ค่ายเสนาณรงค์,หน่วยทหาร,23.411,30.749,1.313,567.4390063520451,47.68297195517997
south-facilities:9015/4,โรงพยาบาล โรงพยาบาลสิงหนคร,18,SSW,ใต้-หรดี,202.5,,— ว่าง —,,,,,,
south-facilities:9015/4,โรงพยาบาล โรงพยาบาลสิงหนคร,19,SWbS,หรดีค่อนใต้,213.75,,— ว่าง —,,,,,,
south-facilities:9015/4,โรงพยาบาล โรงพยาบาลสิงหนคร,20,SW,หรดี (ตต.เฉียงใต้),225.0,south-facilities:9014/3,โรงพยาบาล โรงพยาบาลบางกล่ำ,โรงพยาบาล,20.467,54.14,2.645,567.4390063520451,752.6748743679142
south-facilities:9015/4,โรงพยาบาล โรงพยาบาลสิงหนคร,21,SWbW,หรดีค่อนประจิม,236.25,,— ว่าง —,,,,,,
south-facilities:9015/4,โรงพยาบาล โรงพยาบาลสิงหนคร,22,WSW,ประจิม-หรดี,247.5,,— ว่าง —,,,,,,
south-facilities:9015/4,โรงพยาบาล โรงพยาบาลสิงหนคร,23,WbS,ประจิมค่อนใต้,258.75,south-facilities:9013,โรงพยาบาล โรงพยาบาลควนเนียง,โรงพยาบาล,20.626,30.55,1.481,567.4390063520451,89.11545967648793
south-facilities:9015/4,โรงพยาบาล โรงพยาบาลสิงหนคร,24,W,ประจิม (ตะวันตก),270.0,,— ว่าง —,,,,,,
south-facilities:9015/4,โรงพยาบาล โรงพยาบาลสิงหนคร,25,WbN,ประจิมค่อนเหนือ,281.25,,— ว่าง —,,,,,,
south-facilities:9015/4,โรงพยาบาล โรงพยาบาลสิงหนคร,26,WNW,ประจิม-พายัพ,292.5,,— ว่าง —,,,,,,
south-facilities:9015/4,โรงพยาบาล โรงพยาบาลสิงหนคร,27,NWbW,พายัพค่อนประจิม,303.75,,— ว่าง —,,,,,,
south-facilities:9015/4,โรงพยาบาล โรงพยาบาลสิงหนคร,28,NW,พายัพ (ตต.เฉียงเหนือ),315.0,,— ว่าง —,,,,,,
south-facilities:9015/4,โรงพยาบาล โรงพยาบาลสิงหนคร,29,NWbN,พายัพค่อนเหนือ,326.25,,— ว่าง —,,,,,,
south-facilities:9015/4,โรงพยาบาล โรงพยาบาลสิงหนคร,30,NNW,เหนือ-พายัพ,337.5,,— ว่าง —,,,,,,
south-facilities:9015/4,โรงพยาบาล โรงพยาบาลสิงหนคร,31,NbW,เหนือค่อนประจิม,348.75,south-facilities:9015,รพ.สต./สถานีอนามัย (ไม่ระบุชื่อ) สิงหนคร,รพ.สต./สถานีอนามัย,3.046,4.421,1.452,567.4390063520451,34.202017944544764
south-facilities:9016,โรงพยาบาล โรงพยาบาลคลองหอยโข่ง,0,N,อุดร (เหนือ),0.0,south-facilities:9016/2,หน่วยทหาร กองบิน 56,หน่วยทหาร,2.278,4.929,2.164,84.70693826449626,414.33047122410613
south-facilities:9016,โรงพยาบาล โรงพยาบาลคลองหอยโข่ง,1,NbE,เหนือค่อนอีสาน,11.25,,— ว่าง —,,,,,,
south-facilities:9016,โรงพยาบาล โรงพยาบาลคลองหอยโข่ง,2,NNE,เหนือ-อีสาน,22.5,south-facilities:9011/13,สถานีตำรวจ Checkpoint,สถานีตำรวจ,11.603,15.674,1.351,84.70693826449626,28.151848478902007
south-facilities:9016,โรงพยาบาล โรงพยาบาลคลองหอยโข่ง,3,NEbN,อีสานค่อนเหนือ,33.75,south-facilities:9016/3,โรงพยาบาล โรงพยาบาลกองบิน 56,โรงพยาบาล,3.008,3.277,1.089,84.70693826449626,701.182485491723
south-facilities:9016,โรงพยาบาล โรงพยาบาลคลองหอยโข่ง,4,NE,อีสาน (ตอ.เฉียงเหนือ),45.0,south-facilities:9011/12,ด่านตรวจ (ไม่ระบุชื่อ) หาดใหญ่,ด่านตรวจ,11.254,15.486,1.376,84.70693826449626,42.819859452539404
south-facilities:9016,โรงพยาบาล โรงพยาบาลคลองหอยโข่ง,5,NEbE,อีสานค่อนบูรพา,56.25,south-facilities:9011/5,โรงพยาบาล สกรีนเมดคลินิก สาขาบ้านพรุ,โรงพยาบาล,9.477,13.913,1.468,84.70693826449626,29.68656475967559
south-facilities:9016,โรงพยาบาล โรงพยาบาลคลองหอยโข่ง,6,ENE,บูรพา-อีสาน,67.5,south-facilities:9012/2,สถานีตำรวจ (ไม่ระบุชื่อ) นาหม่อม,สถานีตำรวจ,18.042,22.937,1.271,84.70693826449626,27.68356801387466
south-facilities:9016,โรงพยาบาล โรงพยาบาลคลองหอยโข่ง,7,EbN,บูรพาค่อนเหนือ,78.75,,— ว่าง —,,,,,,
south-facilities:9016,โรงพยาบาล โรงพยาบาลคลองหอยโข่ง,8,E,บูรพา (ตะวันออก),90.0,,— ว่าง —,,,,,,
south-facilities:9016,โรงพยาบาล โรงพยาบาลคลองหอยโข่ง,9,EbS,บูรพาค่อนใต้,101.25,,— ว่าง —,,,,,,
south-facilities:9016,โรงพยาบาล โรงพยาบาลคลองหอยโข่ง,10,ESE,บูรพา-อาคเนย์,112.5,,— ว่าง —,,,,,,
south-facilities:9016,โรงพยาบาล โรงพยาบาลคลองหอยโข่ง,11,SEbE,อาคเนย์ค่อนบูรพา,123.75,,— ว่าง —,,,,,,
south-facilities:9016,โรงพยาบาล โรงพยาบาลคลองหอยโข่ง,12,SE,อาคเนย์ (ตอ.เฉียงใต้),135.0,,— ว่าง —,,,,,,
south-facilities:9016,โรงพยาบาล โรงพยาบาลคลองหอยโข่ง,13,SEbS,อาคเนย์ค่อนใต้,146.25,south-facilities:9011/24,สถานีตำรวจ Police station bike rest spot,สถานีตำรวจ,11.34,16.443,1.45,84.70693826449626,27.542385122872986
south-facilities:9016,โรงพยาบาล โรงพยาบาลคลองหอยโข่ง,14,SSE,ใต้-อาคเนย์,157.5,south-facilities:9010/4,สถานีตำรวจ (ไม่ระบุชื่อ) สะเดา,สถานีตำรวจ,14.595,19.44,1.332,84.70693826449626,42.88331437548496
south-facilities:9016,โรงพยาบาล โรงพยาบาลคลองหอยโข่ง,15,SbE,ใต้ค่อนบูรพา,168.75,,— ว่าง —,,,,,,
south-facilities:9016,โรงพยาบาล โรงพยาบาลคลองหอยโข่ง,16,S,ทักษิณ (ใต้),180.0,,— ว่าง —,,,,,,
south-facilities:9016,โรงพยาบาล โรงพยาบาลคลองหอยโข่ง,17,SbW,ใต้ค่อนประจิม,191.25,,— ว่าง —,,,,,,
south-facilities:9016,โรงพยาบาล โรงพยาบาลคลองหอยโข่ง,18,SSW,ใต้-หรดี,202.5,south-facilities:9016/5,หน่วยทหาร กองทัพน้อยที่ 4,หน่วยทหาร,3.353,6.679,1.992,84.70693826449626,557.0568803553997
south-facilities:9016,โรงพยาบาล โรงพยาบาลคลองหอยโข่ง,19,SWbS,หรดีค่อนใต้,213.75,,— ว่าง —,,,,,,
south-facilities:9016,โรงพยาบาล โรงพยาบาลคลองหอยโข่ง,20,SW,หรดี (ตต.เฉียงใต้),225.0,,— ว่าง —,,,,,,
south-facilities:9016,โรงพยาบาล โรงพยาบาลคลองหอยโข่ง,21,SWbW,หรดีค่อนประจิม,236.25,,— ว่าง —,,,,,,
south-facilities:9016,โรงพยาบาล โรงพยาบาลคลองหอยโข่ง,22,WSW,ประจิม-หรดี,247.5,,— ว่าง —,,,,,,
south-facilities:9016,โรงพยาบาล โรงพยาบาลคลองหอยโข่ง,23,WbS,ประจิมค่อนใต้,258.75,,— ว่าง —,,,,,,
south-facilities:9016,โรงพยาบาล โรงพยาบาลคลองหอยโข่ง,24,W,ประจิม (ตะวันตก),270.0,,— ว่าง —,,,,,,
south-facilities:9016,โรงพยาบาล โรงพยาบาลคลองหอยโข่ง,25,WbN,ประจิมค่อนเหนือ,281.25,,— ว่าง —,,,,,,
south-facilities:9016,โรงพยาบาล โรงพยาบาลคลองหอยโข่ง,26,WNW,ประจิม-พายัพ,292.5,,— ว่าง —,,,,,,
south-facilities:9016,โรงพยาบาล โรงพยาบาลคลองหอยโข่ง,27,NWbW,พายัพค่อนประจิม,303.75,,— ว่าง —,,,,,,
south-facilities:9016,โรงพยาบาล โรงพยาบาลคลองหอยโข่ง,28,NW,พายัพ (ตต.เฉียงเหนือ),315.0,south-facilities:9011/27,สถานีตำรวจ (ไม่ระบุชื่อ) หาดใหญ่,สถานีตำรวจ,14.665,22.023,1.502,84.70693826449626,340.30750717626415
south-facilities:9016,โรงพยาบาล โรงพยาบาลคลองหอยโข่ง,29,NWbN,พายัพค่อนเหนือ,326.25,,— ว่าง —,,,,,,
south-facilities:9016,โรงพยาบาล โรงพยาบาลคลองหอยโข่ง,30,NNW,เหนือ-พายัพ,337.5,south-facilities:9011/6,จุดบรรเทาทุกข์ (ไม่ระบุชื่อ) หาดใหญ่,จุดบรรเทาทุกข์,10.742,17.983,1.674,84.70693826449626,1543.4484554191997
south-facilities:9016,โรงพยาบาล โรงพยาบาลคลองหอยโข่ง,31,NbW,เหนือค่อนประจิม,348.75,,— ว่าง —,,,,,,
south-facilities:9016/2,หน่วยทหาร กองบิน 56,0,N,อุดร (เหนือ),0.0,south-facilities:9014/2,โรงพยาบาล (ไม่ระบุชื่อ) บางกล่ำ,โรงพยาบาล,18.661,28.134,1.508,414.33047122410613,699.7846369631073
south-facilities:9016/2,หน่วยทหาร กองบิน 56,1,NbE,เหนือค่อนอีสาน,11.25,,— ว่าง —,,,,,,
south-facilities:9016/2,หน่วยทหาร กองบิน 56,2,NNE,เหนือ-อีสาน,22.5,,— ว่าง —,,,,,,
south-facilities:9016/2,หน่วยทหาร กองบิน 56,3,NEbN,อีสานค่อนเหนือ,33.75,south-facilities:9011/13,สถานีตำรวจ Checkpoint,สถานีตำรวจ,9.718,14.049,1.446,414.33047122410613,28.151848478902007
south-facilities:9016/2,หน่วยทหาร กองบิน 56,4,NE,อีสาน (ตอ.เฉียงเหนือ),45.0,south-facilities:9011/31,รพ.สต./สถานีอนามัย (ไม่ระบุชื่อ) หาดใหญ่,รพ.สต./สถานีอนามัย,8.88,12.118,1.365,414.33047122410613,14.447365474444437
south-facilities:9016/2,หน่วยทหาร กองบิน 56,5,NEbE,อีสานค่อนบูรพา,56.25,south-facilities:9011/12,ด่านตรวจ (ไม่ระบุชื่อ) หาดใหญ่,ด่านตรวจ,9.848,13.861,1.408,414.33047122410613,42.819859452539404
south-facilities:9016/2,หน่วยทหาร กองบิน 56,6,ENE,บูรพา-อีสาน,67.5,south-facilities:9012,โรงพยาบาล โรงพยาบาลนาหม่อม,โรงพยาบาล,22.018,26.684,1.212,414.33047122410613,166.50934497782745
south-facilities:9016/2,หน่วยทหาร กองบิน 56,7,EbN,บูรพาค่อนเหนือ,78.75,south-facilities:9016/3,โรงพยาบาล โรงพยาบาลกองบิน 56,โรงพยาบาล,1.636,1.652,1.01,414.33047122410613,701.182485491723
south-facilities:9016/2,หน่วยทหาร กองบิน 56,8,E,บูรพา (ตะวันออก),90.0,,— ว่าง —,,,,,,
south-facilities:9016/2,หน่วยทหาร กองบิน 56,9,EbS,บูรพาค่อนใต้,101.25,,— ว่าง —,,,,,,
south-facilities:9016/2,หน่วยทหาร กองบิน 56,10,ESE,บูรพา-อาคเนย์,112.5,,— ว่าง —,,,,,,
south-facilities:9016/2,หน่วยทหาร กองบิน 56,11,SEbE,อาคเนย์ค่อนบูรพา,123.75,,— ว่าง —,,,,,,
south-facilities:9016/2,หน่วยทหาร กองบิน 56,12,SE,อาคเนย์ (ตอ.เฉียงใต้),135.0,,— ว่าง —,,,,,,
south-facilities:9016/2,หน่วยทหาร กองบิน 56,13,SEbS,อาคเนย์ค่อนใต้,146.25,south-facilities:9011/24,สถานีตำรวจ Police station bike rest spot,สถานีตำรวจ,13.278,17.713,1.334,414.33047122410613,27.542385122872986
south-facilities:9016/2,หน่วยทหาร กองบิน 56,14,SSE,ใต้-อาคเนย์,157.5,south-facilities:9010/4,สถานีตำรวจ (ไม่ระบุชื่อ) สะเดา,สถานีตำรวจ,16.738,20.71,1.237,414.33047122410613,42.88331437548496
south-facilities:9016/2,หน่วยทหาร กองบิน 56,15,SbE,ใต้ค่อนบูรพา,168.75,,— ว่าง —,,,,,,
south-facilities:9016/2,หน่วยทหาร กองบิน 56,16,S,ทักษิณ (ใต้),180.0,south-facilities:9016,โรงพยาบาล โรงพยาบาลคลองหอยโข่ง,โรงพยาบาล,2.278,4.929,2.164,414.33047122410613,84.70693826449626
south-facilities:9016/2,หน่วยทหาร กองบิน 56,17,SbW,ใต้ค่อนประจิม,191.25,south-facilities:9016/5,หน่วยทหาร กองทัพน้อยที่ 4,หน่วยทหาร,5.49,11.214,2.043,414.33047122410613,557.0568803553997
south-facilities:9016/2,หน่วยทหาร กองบิน 56,18,SSW,ใต้-หรดี,202.5,,— ว่าง —,,,,,,
south-facilities:9016/2,หน่วยทหาร กองบิน 56,19,SWbS,หรดีค่อนใต้,213.75,,— ว่าง —,,,,,,
south-facilities:9016/2,หน่วยทหาร กองบิน 56,20,SW,หรดี (ตต.เฉียงใต้),225.0,,— ว่าง —,,,,,,
south-facilities:9016/2,หน่วยทหาร กองบิน 56,21,SWbW,หรดีค่อนประจิม,236.25,,— ว่าง —,,,,,,
south-facilities:9016/2,หน่วยทหาร กองบิน 56,22,WSW,ประจิม-หรดี,247.5,,— ว่าง —,,,,,,
south-facilities:9016/2,หน่วยทหาร กองบิน 56,23,WbS,ประจิมค่อนใต้,258.75,,— ว่าง —,,,,,,
south-facilities:9016/2,หน่วยทหาร กองบิน 56,24,W,ประจิม (ตะวันตก),270.0,,— ว่าง —,,,,,,
south-facilities:9016/2,หน่วยทหาร กองบิน 56,25,WbN,ประจิมค่อนเหนือ,281.25,,— ว่าง —,,,,,,
south-facilities:9016/2,หน่วยทหาร กองบิน 56,26,WNW,ประจิม-พายัพ,292.5,,— ว่าง —,,,,,,
south-facilities:9016/2,หน่วยทหาร กองบิน 56,27,NWbW,พายัพค่อนประจิม,303.75,,— ว่าง —,,,,,,
south-facilities:9016/2,หน่วยทหาร กองบิน 56,28,NW,พายัพ (ตต.เฉียงเหนือ),315.0,south-facilities:9011/27,สถานีตำรวจ (ไม่ระบุชื่อ) หาดใหญ่,สถานีตำรวจ,12.939,20.398,1.576,414.33047122410613,340.30750717626415
south-facilities:9016/2,หน่วยทหาร กองบิน 56,29,NWbN,พายัพค่อนเหนือ,326.25,,— ว่าง —,,,,,,
south-facilities:9016/2,หน่วยทหาร กองบิน 56,30,NNW,เหนือ-พายัพ,337.5,south-facilities:9011/6,จุดบรรเทาทุกข์ (ไม่ระบุชื่อ) หาดใหญ่,จุดบรรเทาทุกข์,8.576,16.358,1.907,414.33047122410613,1543.4484554191997
south-facilities:9016/2,หน่วยทหาร กองบิน 56,31,NbW,เหนือค่อนประจิม,348.75,,— ว่าง —,,,,,,
south-facilities:9016/3,โรงพยาบาล โรงพยาบาลกองบิน 56,0,N,อุดร (เหนือ),0.0,south-facilities:9014/2,โรงพยาบาล (ไม่ระบุชื่อ) บางกล่ำ,โรงพยาบาล,18.22,26.482,1.453,701.182485491723,699.7846369631073
south-facilities:9016/3,โรงพยาบาล โรงพยาบาลกองบิน 56,1,NbE,เหนือค่อนอีสาน,11.25,,— ว่าง —,,,,,,
south-facilities:9016/3,โรงพยาบาล โรงพยาบาลกองบิน 56,2,NNE,เหนือ-อีสาน,22.5,south-facilities:9011/13,สถานีตำรวจ Checkpoint,สถานีตำรวจ,8.596,12.397,1.442,701.182485491723,28.151848478902007
south-facilities:9016/3,โรงพยาบาล โรงพยาบาลกองบิน 56,3,NEbN,อีสานค่อนเหนือ,33.75,south-facilities:9011/31,รพ.สต./สถานีอนามัย (ไม่ระบุชื่อ) หาดใหญ่,รพ.สต./สถานีอนามัย,7.531,10.466,1.39,701.182485491723,14.447365474444437
south-facilities:9016/3,โรงพยาบาล โรงพยาบาลกองบิน 56,4,NE,อีสาน (ตอ.เฉียงเหนือ),45.0,south-facilities:9011/12,ด่านตรวจ (ไม่ระบุชื่อ) หาดใหญ่,ด่านตรวจ,8.379,12.209,1.457,701.182485491723,42.819859452539404
south-facilities:9016/3,โรงพยาบาล โรงพยาบาลกองบิน 56,5,NEbE,อีสานค่อนบูรพา,56.25,,— ว่าง —,,,,,,
south-facilities:9016/3,โรงพยาบาล โรงพยาบาลกองบิน 56,6,ENE,บูรพา-อีสาน,67.5,south-facilities:9012,โรงพยาบาล โรงพยาบาลนาหม่อม,โรงพยาบาล,20.386,25.031,1.228,701.182485491723,166.50934497782745
south-facilities:9016/3,โรงพยาบาล โรงพยาบาลกองบิน 56,7,EbN,บูรพาค่อนเหนือ,78.75,south-facilities:9011/5,โรงพยาบาล สกรีนเมดคลินิก สาขาบ้านพรุ,โรงพยาบาล,7.15,10.636,1.488,701.182485491723,29.68656475967559
south-facilities:9016/3,โรงพยาบาล โรงพยาบาลกองบิน 56,8,E,บูรพา (ตะวันออก),90.0,,— ว่าง —,,,,,,
south-facilities:9016/3,โรงพยาบาล โรงพยาบาลกองบิน 56,9,EbS,บูรพาค่อนใต้,101.25,,— ว่าง —,,,,,,
south-facilities:9016/3,โรงพยาบาล โรงพยาบาลกองบิน 56,10,ESE,บูรพา-อาคเนย์,112.5,,— ว่าง —,,,,,,
south-facilities:9016/3,โรงพยาบาล โรงพยาบาลกองบิน 56,11,SEbE,อาคเนย์ค่อนบูรพา,123.75,,— ว่าง —,,,,,,
south-facilities:9016/3,โรงพยาบาล โรงพยาบาลกองบิน 56,12,SE,อาคเนย์ (ตอ.เฉียงใต้),135.0,,— ว่าง —,,,,,,
south-facilities:9016/3,โรงพยาบาล โรงพยาบาลกองบิน 56,13,SEbS,อาคเนย์ค่อนใต้,146.25,,— ว่าง —,,,,,,
south-facilities:9016/3,โรงพยาบาล โรงพยาบาลกองบิน 56,14,SSE,ใต้-อาคเนย์,157.5,south-facilities:9011/24,สถานีตำรวจ Police station bike rest spot,สถานีตำรวจ,12.813,16.061,1.253,701.182485491723,27.542385122872986
south-facilities:9016/3,โรงพยาบาล โรงพยาบาลกองบิน 56,15,SbE,ใต้ค่อนบูรพา,168.75,,— ว่าง —,,,,,,
south-facilities:9016/3,โรงพยาบาล โรงพยาบาลกองบิน 56,16,S,ทักษิณ (ใต้),180.0,,— ว่าง —,,,,,,
south-facilities:9016/3,โรงพยาบาล โรงพยาบาลกองบิน 56,17,SbW,ใต้ค่อนประจิม,191.25,,— ว่าง —,,,,,,
south-facilities:9016/3,โรงพยาบาล โรงพยาบาลกองบิน 56,18,SSW,ใต้-หรดี,202.5,south-facilities:9016/5,หน่วยทหาร กองทัพน้อยที่ 4,หน่วยทหาร,6.352,9.562,1.505,701.182485491723,557.0568803553997
south-facilities:9016/3,โรงพยาบาล โรงพยาบาลกองบิน 56,19,SWbS,หรดีค่อนใต้,213.75,south-facilities:9016,โรงพยาบาล โรงพยาบาลคลองหอยโข่ง,โรงพยาบาล,3.008,3.277,1.089,701.182485491723,84.70693826449626
south-facilities:9016/3,โรงพยาบาล โรงพยาบาลกองบิน 56,20,SW,หรดี (ตต.เฉียงใต้),225.0,,— ว่าง —,,,,,,
south-facilities:9016/3,โรงพยาบาล โรงพยาบาลกองบิน 56,21,SWbW,หรดีค่อนประจิม,236.25,,— ว่าง —,,,,,,
south-facilities:9016/3,โรงพยาบาล โรงพยาบาลกองบิน 56,22,WSW,ประจิม-หรดี,247.5,,— ว่าง —,,,,,,
south-facilities:9016/3,โรงพยาบาล โรงพยาบาลกองบิน 56,23,WbS,ประจิมค่อนใต้,258.75,south-facilities:9016/2,หน่วยทหาร กองบิน 56,หน่วยทหาร,1.636,1.652,1.01,701.182485491723,414.33047122410613
south-facilities:9016/3,โรงพยาบาล โรงพยาบาลกองบิน 56,24,W,ประจิม (ตะวันตก),270.0,,— ว่าง —,,,,,,
south-facilities:9016/3,โรงพยาบาล โรงพยาบาลกองบิน 56,25,WbN,ประจิมค่อนเหนือ,281.25,,— ว่าง —,,,,,,
south-facilities:9016/3,โรงพยาบาล โรงพยาบาลกองบิน 56,26,WNW,ประจิม-พายัพ,292.5,,— ว่าง —,,,,,,
south-facilities:9016/3,โรงพยาบาล โรงพยาบาลกองบิน 56,27,NWbW,พายัพค่อนประจิม,303.75,south-facilities:9011/27,สถานีตำรวจ (ไม่ระบุชื่อ) หาดใหญ่,สถานีตำรวจ,13.937,18.746,1.345,701.182485491723,340.30750717626415
south-facilities:9016/3,โรงพยาบาล โรงพยาบาลกองบิน 56,28,NW,พายัพ (ตต.เฉียงเหนือ),315.0,,— ว่าง —,,,,,,
south-facilities:9016/3,โรงพยาบาล โรงพยาบาลกองบิน 56,29,NWbN,พายัพค่อนเหนือ,326.25,south-facilities:9011/6,จุดบรรเทาทุกข์ (ไม่ระบุชื่อ) หาดใหญ่,จุดบรรเทาทุกข์,9.035,14.706,1.628,701.182485491723,1543.4484554191997
south-facilities:9016/3,โรงพยาบาล โรงพยาบาลกองบิน 56,30,NNW,เหนือ-พายัพ,337.5,,— ว่าง —,,,,,,
south-facilities:9016/3,โรงพยาบาล โรงพยาบาลกองบิน 56,31,NbW,เหนือค่อนประจิม,348.75,,— ว่าง —,,,,,,
south-facilities:9016/4,หน่วยทหาร ค่ายรัตนพล,0,N,อุดร (เหนือ),0.0,,— ว่าง —,,,,,,
south-facilities:9016/4,หน่วยทหาร ค่ายรัตนพล,1,NbE,เหนือค่อนอีสาน,11.25,south-facilities:9016/2,หน่วยทหาร กองบิน 56,หน่วยทหาร,6.743,10.761,1.596,533.0847319357273,414.33047122410613
south-facilities:9016/4,หน่วยทหาร ค่ายรัตนพล,2,NNE,เหนือ-อีสาน,22.5,south-facilities:9016,โรงพยาบาล โรงพยาบาลคลองหอยโข่ง,โรงพยาบาล,4.658,5.832,1.252,533.0847319357273,84.70693826449626
south-facilities:9016/4,หน่วยทหาร ค่ายรัตนพล,3,NEbN,อีสานค่อนเหนือ,33.75,south-facilities:9016/5,หน่วยทหาร กองทัพน้อยที่ 4,หน่วยทหาร,1.317,0.847,0.643,533.0847319357273,557.0568803553997
south-facilities:9016/4,หน่วยทหาร ค่ายรัตนพล,4,NE,อีสาน (ตอ.เฉียงเหนือ),45.0,south-facilities:9011/5,โรงพยาบาล สกรีนเมดคลินิก สาขาบ้านพรุ,โรงพยาบาล,13.499,19.744,1.463,533.0847319357273,29.68656475967559
south-facilities:9016/4,หน่วยทหาร ค่ายรัตนพล,5,NEbE,อีสานค่อนบูรพา,56.25,,— ว่าง —,,,,,,
south-facilities:9016/4,หน่วยทหาร ค่ายรัตนพล,6,ENE,บูรพา-อีสาน,67.5,south-facilities:9012/2,สถานีตำรวจ (ไม่ระบุชื่อ) นาหม่อม,สถานีตำรวจ,21.495,28.769,1.338,533.0847319357273,27.68356801387466
south-facilities:9016/4,หน่วยทหาร ค่ายรัตนพล,7,EbN,บูรพาค่อนเหนือ,78.75,,— ว่าง —,,,,,,
south-facilities:9016/4,หน่วยทหาร ค่ายรัตนพล,8,E,บูรพา (ตะวันออก),90.0,,— ว่าง —,,,,,,
south-facilities:9016/4,หน่วยทหาร ค่ายรัตนพล,9,EbS,บูรพาค่อนใต้,101.25,,— ว่าง —,,,,,,
south-facilities:9016/4,หน่วยทหาร ค่ายรัตนพล,10,ESE,บูรพา-อาคเนย์,112.5,south-facilities:9011/24,สถานีตำรวจ Police station bike rest spot,สถานีตำรวจ,10.153,14.479,1.426,533.0847319357273,27.542385122872986
south-facilities:9016/4,หน่วยทหาร ค่ายรัตนพล,11,SEbE,อาคเนย์ค่อนบูรพา,123.75,,— ว่าง —,,,,,,
south-facilities:9016/4,หน่วยทหาร ค่ายรัตนพล,12,SE,อาคเนย์ (ตอ.เฉียงใต้),135.0,south-facilities:9010/4,สถานีตำรวจ (ไม่ระบุชื่อ) สะเดา,สถานีตำรวจ,12.146,17.476,1.439,533.0847319357273,42.88331437548496
south-facilities:9016/4,หน่วยทหาร ค่ายรัตนพล,13,SEbS,อาคเนย์ค่อนใต้,146.25,,— ว่าง —,,,,,,
south-facilities:9016/4,หน่วยทหาร ค่ายรัตนพล,14,SSE,ใต้-อาคเนย์,157.5,,— ว่าง —,,,,,,
south-facilities:9016/4,หน่วยทหาร ค่ายรัตนพล,15,SbE,ใต้ค่อนบูรพา,168.75,,— ว่าง —,,,,,,
south-facilities:9016/4,หน่วยทหาร ค่ายรัตนพล,16,S,ทักษิณ (ใต้),180.0,,— ว่าง —,,,,,,
south-facilities:9016/4,หน่วยทหาร ค่ายรัตนพล,17,SbW,ใต้ค่อนประจิม,191.25,south-facilities:9010/13,สถานีตำรวจ ด่านตรวจคนเข้าเมืองปาดังเบซาร์,สถานีตำรวจ,23.053,34.454,1.495,533.0847319357273,35.952523701866454
south-facilities:9016/4,หน่วยทหาร ค่ายรัตนพล,18,SSW,ใต้-หรดี,202.5,,— ว่าง —,,,,,,
south-facilities:9016/4,หน่วยทหาร ค่ายรัตนพล,19,SWbS,หรดีค่อนใต้,213.75,,— ว่าง —,,,,,,
south-facilities:9016/4,หน่วยทหาร ค่ายรัตนพล,20,SW,หรดี (ตต.เฉียงใต้),225.0,,— ว่าง —,,,,,,
south-facilities:9016/4,หน่วยทหาร ค่ายรัตนพล,21,SWbW,หรดีค่อนประจิม,236.25,,— ว่าง —,,,,,,
south-facilities:9016/4,หน่วยทหาร ค่ายรัตนพล,22,WSW,ประจิม-หรดี,247.5,,— ว่าง —,,,,,,
south-facilities:9016/4,หน่วยทหาร ค่ายรัตนพล,23,WbS,ประจิมค่อนใต้,258.75,,— ว่าง —,,,,,,
south-facilities:9016/4,หน่วยทหาร ค่ายรัตนพล,24,W,ประจิม (ตะวันตก),270.0,,— ว่าง —,,,,,,
south-facilities:9016/4,หน่วยทหาร ค่ายรัตนพล,25,WbN,ประจิมค่อนเหนือ,281.25,,— ว่าง —,,,,,,
south-facilities:9016/4,หน่วยทหาร ค่ายรัตนพล,26,WNW,ประจิม-พายัพ,292.5,,— ว่าง —,,,,,,
south-facilities:9016/4,หน่วยทหาร ค่ายรัตนพล,27,NWbW,พายัพค่อนประจิม,303.75,,— ว่าง —,,,,,,
south-facilities:9016/4,หน่วยทหาร ค่ายรัตนพล,28,NW,พายัพ (ตต.เฉียงเหนือ),315.0,,— ว่าง —,,,,,,
south-facilities:9016/4,หน่วยทหาร ค่ายรัตนพล,29,NWbN,พายัพค่อนเหนือ,326.25,,— ว่าง —,,,,,,
south-facilities:9016/4,หน่วยทหาร ค่ายรัตนพล,30,NNW,เหนือ-พายัพ,337.5,south-facilities:9011/27,สถานีตำรวจ (ไม่ระบุชื่อ) หาดใหญ่,สถานีตำรวจ,17.062,27.854,1.633,533.0847319357273,340.30750717626415
south-facilities:9016/4,หน่วยทหาร ค่ายรัตนพล,31,NbW,เหนือค่อนประจิม,348.75,south-facilities:9011/6,จุดบรรเทาทุกข์ (ไม่ระบุชื่อ) หาดใหญ่,จุดบรรเทาทุกข์,14.422,23.815,1.651,533.0847319357273,1543.4484554191997
south-facilities:9016/5,หน่วยทหาร กองทัพน้อยที่ 4,0,N,อุดร (เหนือ),0.0,,— ว่าง —,,,,,,
south-facilities:9016/5,หน่วยทหาร กองทัพน้อยที่ 4,1,NbE,เหนือค่อนอีสาน,11.25,south-facilities:9016/2,หน่วยทหาร กองบิน 56,หน่วยทหาร,5.49,11.214,2.043,557.0568803553997,414.33047122410613
south-facilities:9016/5,หน่วยทหาร กองทัพน้อยที่ 4,2,NNE,เหนือ-อีสาน,22.5,south-facilities:9016,โรงพยาบาล โรงพยาบาลคลองหอยโข่ง,โรงพยาบาล,3.353,6.679,1.992,557.0568803553997,84.70693826449626
south-facilities:9016/5,หน่วยทหาร กองทัพน้อยที่ 4,3,NEbN,อีสานค่อนเหนือ,33.75,south-facilities:9011/31,รพ.สต./สถานีอนามัย (ไม่ระบุชื่อ) หาดใหญ่,รพ.สต./สถานีอนามัย,13.782,20.028,1.453,557.0568803553997,14.447365474444437
south-facilities:9016/5,หน่วยทหาร กองทัพน้อยที่ 4,4,NE,อีสาน (ตอ.เฉียงเหนือ),45.0,south-facilities:9011/4,รพ.สต./สถานีอนามัย The V-Sage clinic Hatyai เดอะวีสาจคลินิกหาดใหญ่,รพ.สต./สถานีอนามัย,18.377,24.7,1.344,557.0568803553997,19.074237954171714
south-facilities:9016/5,หน่วยทหาร กองทัพน้อยที่ 4,5,NEbE,อีสานค่อนบูรพา,56.25,south-facilities:9011/5,โรงพยาบาล สกรีนเมดคลินิก สาขาบ้านพรุ,โรงพยาบาล,12.254,19.597,1.599,557.0568803553997,29.68656475967559
south-facilities:9016/5,หน่วยทหาร กองทัพน้อยที่ 4,6,ENE,บูรพา-อีสาน,67.5,south-facilities:9012/2,สถานีตำรวจ (ไม่ระบุชื่อ) นาหม่อม,สถานีตำรวจ,20.378,28.621,1.404,557.0568803553997,27.68356801387466
south-facilities:9016/5,หน่วยทหาร กองทัพน้อยที่ 4,7,EbN,บูรพาค่อนเหนือ,78.75,,— ว่าง —,,,,,,
south-facilities:9016/5,หน่วยทหาร กองทัพน้อยที่ 4,8,E,บูรพา (ตะวันออก),90.0,,— ว่าง —,,,,,,
south-facilities:9016/5,หน่วยทหาร กองทัพน้อยที่ 4,9,EbS,บูรพาค่อนใต้,101.25,,— ว่าง —,,,,,,
south-facilities:9016/5,หน่วยทหาร กองทัพน้อยที่ 4,10,ESE,บูรพา-อาคเนย์,112.5,,— ว่าง —,,,,,,
south-facilities:9016/5,หน่วยทหาร กองทัพน้อยที่ 4,11,SEbE,อาคเนย์ค่อนบูรพา,123.75,south-facilities:9011/24,สถานีตำรวจ Police station bike rest spot,สถานีตำรวจ,10.137,13.631,1.345,557.0568803553997,27.542385122872986
south-facilities:9016/5,หน่วยทหาร กองทัพน้อยที่ 4,12,SE,อาคเนย์ (ตอ.เฉียงใต้),135.0,,— ว่าง —,,,,,,
south-facilities:9016/5,หน่วยทหาร กองทัพน้อยที่ 4,13,SEbS,อาคเนย์ค่อนใต้,146.25,south-facilities:9010/4,สถานีตำรวจ (ไม่ระบุชื่อ) สะเดา,สถานีตำรวจ,12.574,16.629,1.322,557.0568803553997,42.88331437548496
south-facilities:9016/5,หน่วยทหาร กองทัพน้อยที่ 4,14,SSE,ใต้-อาคเนย์,157.5,,— ว่าง —,,,,,,
south-facilities:9016/5,หน่วยทหาร กองทัพน้อยที่ 4,15,SbE,ใต้ค่อนบูรพา,168.75,,— ว่าง —,,,,,,
south-facilities:9016/5,หน่วยทหาร กองทัพน้อยที่ 4,16,S,ทักษิณ (ใต้),180.0,,— ว่าง —,,,,,,
south-facilities:9016/5,หน่วยทหาร กองทัพน้อยที่ 4,17,SbW,ใต้ค่อนประจิม,191.25,south-facilities:9010/13,สถานีตำรวจ ด่านตรวจคนเข้าเมืองปาดังเบซาร์,สถานีตำรวจ,24.318,35.301,1.452,557.0568803553997,35.952523701866454
south-facilities:9016/5,หน่วยทหาร กองทัพน้อยที่ 4,18,SSW,ใต้-หรดี,202.5,,— ว่าง —,,,,,,
south-facilities:9016/5,หน่วยทหาร กองทัพน้อยที่ 4,19,SWbS,หรดีค่อนใต้,213.75,south-facilities:9016/4,หน่วยทหาร ค่ายรัตนพล,หน่วยทหาร,1.317,0.847,0.643,557.0568803553997,533.0847319357273
south-facilities:9016/5,หน่วยทหาร กองทัพน้อยที่ 4,20,SW,หรดี (ตต.เฉียงใต้),225.0,,— ว่าง —,,,,,,
south-facilities:9016/5,หน่วยทหาร กองทัพน้อยที่ 4,21,SWbW,หรดีค่อนประจิม,236.25,,— ว่าง —,,,,,,
south-facilities:9016/5,หน่วยทหาร กองทัพน้อยที่ 4,22,WSW,ประจิม-หรดี,247.5,,— ว่าง —,,,,,,
south-facilities:9016/5,หน่วยทหาร กองทัพน้อยที่ 4,23,WbS,ประจิมค่อนใต้,258.75,,— ว่าง —,,,,,,
south-facilities:9016/5,หน่วยทหาร กองทัพน้อยที่ 4,24,W,ประจิม (ตะวันตก),270.0,,— ว่าง —,,,,,,
south-facilities:9016/5,หน่วยทหาร กองทัพน้อยที่ 4,25,WbN,ประจิมค่อนเหนือ,281.25,,— ว่าง —,,,,,,
south-facilities:9016/5,หน่วยทหาร กองทัพน้อยที่ 4,26,WNW,ประจิม-พายัพ,292.5,,— ว่าง —,,,,,,
south-facilities:9016/5,หน่วยทหาร กองทัพน้อยที่ 4,27,NWbW,พายัพค่อนประจิม,303.75,,— ว่าง —,,,,,,
south-facilities:9016/5,หน่วยทหาร กองทัพน้อยที่ 4,28,NW,พายัพ (ตต.เฉียงเหนือ),315.0,,— ว่าง —,,,,,,
south-facilities:9016/5,หน่วยทหาร กองทัพน้อยที่ 4,29,NWbN,พายัพค่อนเหนือ,326.25,south-facilities:9011/27,สถานีตำรวจ (ไม่ระบุชื่อ) หาดใหญ่,สถานีตำรวจ,16.418,28.308,1.724,557.0568803553997,340.30750717626415
south-facilities:9016/5,หน่วยทหาร กองทัพน้อยที่ 4,30,NNW,เหนือ-พายัพ,337.5,,— ว่าง —,,,,,,
south-facilities:9016/5,หน่วยทหาร กองทัพน้อยที่ 4,31,NbW,เหนือค่อนประจิม,348.75,south-facilities:9011/6,จุดบรรเทาทุกข์ (ไม่ระบุชื่อ) หาดใหญ่,จุดบรรเทาทุกข์,13.416,24.268,1.809,557.0568803553997,1543.4484554191997
south-facilities:9401,โรงพยาบาล โรงพยาบาลปัตตานี,0,N,อุดร (เหนือ),0.0,south-facilities:9401/8,หน่วยทหาร สถานีวิทยุกระจายเสียงแห่งประเทศไทยจังหวัดปัตตานี,หน่วยทหาร,2.608,3.24,1.242,52.715805974714826,93.06510686751373
south-facilities:9401,โรงพยาบาล โรงพยาบาลปัตตานี,1,NbE,เหนือค่อนอีสาน,11.25,,— ว่าง —,,,,,,
south-facilities:9401,โรงพยาบาล โรงพยาบาลปัตตานี,2,NNE,เหนือ-อีสาน,22.5,south-facilities:9401/6,สถานีตำรวจ ตำรวจภูธรจังหวัดปัตตานี,สถานีตำรวจ,2.763,3.654,1.322,52.715805974714826,105.8846811752817
south-facilities:9401,โรงพยาบาล โรงพยาบาลปัตตานี,3,NEbN,อีสานค่อนเหนือ,33.75,,— ว่าง —,,,,,,
south-facilities:9401,โรงพยาบาล โรงพยาบาลปัตตานี,4,NE,อีสาน (ตอ.เฉียงเหนือ),45.0,,— ว่าง —,,,,,,
south-facilities:9401,โรงพยาบาล โรงพยาบาลปัตตานี,5,NEbE,อีสานค่อนบูรพา,56.25,,— ว่าง —,,,,,,
south-facilities:9401,โรงพยาบาล โรงพยาบาลปัตตานี,6,ENE,บูรพา-อีสาน,67.5,,— ว่าง —,,,,,,
south-facilities:9401,โรงพยาบาล โรงพยาบาลปัตตานี,7,EbN,บูรพาค่อนเหนือ,78.75,,— ว่าง —,,,,,,
south-facilities:9401,โรงพยาบาล โรงพยาบาลปัตตานี,8,E,บูรพา (ตะวันออก),90.0,south-facilities:9409/2,สถานีตำรวจ จุดตรวจทหาร,สถานีตำรวจ,8.1,8.597,1.061,52.715805974714826,22.314522057852933
south-facilities:9401,โรงพยาบาล โรงพยาบาลปัตตานี,9,EbS,บูรพาค่อนใต้,101.25,south-facilities:9409/3,สถานีตำรวจ จุดตรวจทหาร,สถานีตำรวจ,13.949,25.202,1.807,52.715805974714826,18.599504691376566
south-facilities:9401,โรงพยาบาล โรงพยาบาลปัตตานี,10,ESE,บูรพา-อาคเนย์,112.5,south-facilities:9409/5,สถานีตำรวจ จุดตรวจทหาร,สถานีตำรวจ,18.81,21.01,1.117,52.715805974714826,83.59605889258627
south-facilities:9401,โรงพยาบาล โรงพยาบาลปัตตานี,11,SEbE,อาคเนย์ค่อนบูรพา,123.75,,— ว่าง —,,,,,,
south-facilities:9401,โรงพยาบาล โรงพยาบาลปัตตานี,12,SE,อาคเนย์ (ตอ.เฉียงใต้),135.0,south-facilities:9405/4,โรงพยาบาล โรงพยาบาลมายอ,โรงพยาบาล,24.939,31.344,1.257,52.715805974714826,80.34645464891182
south-facilities:9401,โรงพยาบาล โรงพยาบาลปัตตานี,13,SEbS,อาคเนย์ค่อนใต้,146.25,south-facilities:9401/2,สถานีตำรวจ จุดตรวจทหาร,สถานีตำรวจ,3.071,5.187,1.689,52.715805974714826,6.489565320273719
south-facilities:9401,โรงพยาบาล โรงพยาบาลปัตตานี,14,SSE,ใต้-อาคเนย์,157.5,south-facilities:9410/8,โรงพยาบาล โรงพยาบาลยะรัง,โรงพยาบาล,13.925,17.713,1.272,52.715805974714826,65.42463260752814
south-facilities:9401,โรงพยาบาล โรงพยาบาลปัตตานี,15,SbE,ใต้ค่อนบูรพา,168.75,south-facilities:9401/3,สถานีตำรวจ จุดตรวจทหาร,สถานีตำรวจ,1.971,4.23,2.146,52.715805974714826,16.59197790738034
south-facilities:9401,โรงพยาบาล โรงพยาบาลปัตตานี,16,S,ทักษิณ (ใต้),180.0,south-facilities:9412,โรงพยาบาล โรงพยาบาลแม่ลาน,โรงพยาบาล,23.45,27.076,1.155,52.715805974714826,87.77848466069065
south-facilities:9401,โรงพยาบาล โรงพยาบาลปัตตานี,17,SbW,ใต้ค่อนประจิม,191.25,,— ว่าง —,,,,,,
south-facilities:9401,โรงพยาบาล โรงพยาบาลปัตตานี,18,SSW,ใต้-หรดี,202.5,,— ว่าง —,,,,,,
south-facilities:9401,โรงพยาบาล โรงพยาบาลปัตตานี,19,SWbS,หรดีค่อนใต้,213.75,south-facilities:9403/9,หน่วยทหาร สระน้ำป้องเพชร ขกท.พล.15,หน่วยทหาร,14.608,17.474,1.196,52.715805974714826,2052.6084616013945
south-facilities:9401,โรงพยาบาล โรงพยาบาลปัตตานี,20,SW,หรดี (ตต.เฉียงใต้),225.0,south-facilities:9403/8,หน่วยทหาร กรมทหารราบที่ 153,หน่วยทหาร,13.562,17.474,1.288,52.715805974714826,901.8727106366265
south-facilities:9401,โรงพยาบาล โรงพยาบาลปัตตานี,21,SWbW,หรดีค่อนประจิม,236.25,south-facilities:9403/5,โรงพยาบาล โรงพยาบาลค่ายอิงคยุทธบริหาร,โรงพยาบาล,14.455,16.092,1.113,52.715805974714826,76.81403935656984
south-facilities:9401,โรงพยาบาล โรงพยาบาลปัตตานี,22,WSW,ประจิม-หรดี,247.5,south-facilities:9401/4,รพ.สต./สถานีอนามัย Sirirot Hospital,รพ.สต./สถานีอนามัย,3.229,3.453,1.07,52.715805974714826,19.484249309173087
south-facilities:9401,โรงพยาบาล โรงพยาบาลปัตตานี,23,WbS,ประจิมค่อนใต้,258.75,south-facilities:9403/4,ด่านตรวจ (ไม่ระบุชื่อ) หนองจิก,ด่านตรวจ,21.635,27.009,1.248,52.715805974714826,0.031339503733419365
south-facilities:9401,โรงพยาบาล โรงพยาบาลปัตตานี,24,W,ประจิม (ตะวันตก),270.0,,— ว่าง —,,,,,,
south-facilities:9401,โรงพยาบาล โรงพยาบาลปัตตานี,25,WbN,ประจิมค่อนเหนือ,281.25,,— ว่าง —,,,,,,
south-facilities:9401,โรงพยาบาล โรงพยาบาลปัตตานี,26,WNW,ประจิม-พายัพ,292.5,,— ว่าง —,,,,,,
south-facilities:9401,โรงพยาบาล โรงพยาบาลปัตตานี,27,NWbW,พายัพค่อนประจิม,303.75,,— ว่าง —,,,,,,
south-facilities:9401,โรงพยาบาล โรงพยาบาลปัตตานี,28,NW,พายัพ (ตต.เฉียงเหนือ),315.0,south-facilities:9401/5,โรงพยาบาล (ไม่ระบุชื่อ) เมืองปัตตานี,โรงพยาบาล,0.052,0.331,6.331,52.715805974714826,94.84995205404881
south-facilities:9401,โรงพยาบาล โรงพยาบาลปัตตานี,29,NWbN,พายัพค่อนเหนือ,326.25,,— ว่าง —,,,,,,
south-facilities:9401,โรงพยาบาล โรงพยาบาลปัตตานี,30,NNW,เหนือ-พายัพ,337.5,,— ว่าง —,,,,,,
south-facilities:9401,โรงพยาบาล โรงพยาบาลปัตตานี,31,NbW,เหนือค่อนประจิม,348.75,,— ว่าง —,,,,,,
south-facilities:9401/2,สถานีตำรวจ จุดตรวจทหาร,0,N,อุดร (เหนือ),0.0,south-facilities:9401/6,สถานีตำรวจ ตำรวจภูธรจังหวัดปัตตานี,สถานีตำรวจ,5.12,7.251,1.416,6.489565320273719,105.8846811752817
south-facilities:9401/2,สถานีตำรวจ จุดตรวจทหาร,1,NbE,เหนือค่อนอีสาน,11.25,,— ว่าง —,,,,,,
south-facilities:9401/2,สถานีตำรวจ จุดตรวจทหาร,2,NNE,เหนือ-อีสาน,22.5,,— ว่าง —,,,,,,
south-facilities:9401/2,สถานีตำรวจ จุดตรวจทหาร,3,NEbN,อีสานค่อนเหนือ,33.75,,— ว่าง —,,,,,,
south-facilities:9401/2,สถานีตำรวจ จุดตรวจทหาร,4,NE,อีสาน (ตอ.เฉียงเหนือ),45.0,,— ว่าง —,,,,,,
south-facilities:9401/2,สถานีตำรวจ จุดตรวจทหาร,5,NEbE,อีสานค่อนบูรพา,56.25,,— ว่าง —,,,,,,
south-facilities:9401/2,สถานีตำรวจ จุดตรวจทหาร,6,ENE,บูรพา-อีสาน,67.5,south-facilities:9409/2,สถานีตำรวจ จุดตรวจทหาร,สถานีตำรวจ,7.012,9.932,1.416,6.489565320273719,22.314522057852933
south-facilities:9401/2,สถานีตำรวจ จุดตรวจทหาร,7,EbN,บูรพาค่อนเหนือ,78.75,south-facilities:9409,สถานีตำรวจ จุดตรวจตำรวจ,สถานีตำรวจ,11.606,15.461,1.332,6.489565320273719,23.014482300423982
south-facilities:9401/2,สถานีตำรวจ จุดตรวจทหาร,8,E,บูรพา (ตะวันออก),90.0,south-facilities:9409/3,สถานีตำรวจ จุดตรวจทหาร,สถานีตำรวจ,12.359,22.123,1.79,6.489565320273719,18.599504691376566
south-facilities:9401/2,สถานีตำรวจ จุดตรวจทหาร,9,EbS,บูรพาค่อนใต้,101.25,south-facilities:9409/5,สถานีตำรวจ จุดตรวจทหาร,สถานีตำรวจ,16.618,22.052,1.327,6.489565320273719,83.59605889258627
south-facilities:9401/2,สถานีตำรวจ จุดตรวจทหาร,10,ESE,บูรพา-อาคเนย์,112.5,south-facilities:9409/6,สถานีตำรวจ จุดตรวจทหาร,สถานีตำรวจ,22.005,27.545,1.252,6.489565320273719,35.057898080453896
south-facilities:9401/2,สถานีตำรวจ จุดตรวจทหาร,11,SEbE,อาคเนย์ค่อนบูรพา,123.75,south-facilities:9405/4,โรงพยาบาล โรงพยาบาลมายอ,โรงพยาบาล,22.029,26.157,1.187,6.489565320273719,80.34645464891182
south-facilities:9401/2,สถานีตำรวจ จุดตรวจทหาร,12,SE,อาคเนย์ (ตอ.เฉียงใต้),135.0,,— ว่าง —,,,,,,
south-facilities:9401/2,สถานีตำรวจ จุดตรวจทหาร,13,SEbS,อาคเนย์ค่อนใต้,146.25,south-facilities:9410,ด่านตรวจ จุดตรวจทหาร,ด่านตรวจ,7.085,9.563,1.35,6.489565320273719,0.04965832101841608
south-facilities:9401/2,สถานีตำรวจ จุดตรวจทหาร,14,SSE,ใต้-อาคเนย์,157.5,,— ว่าง —,,,,,,
south-facilities:9401/2,สถานีตำรวจ จุดตรวจทหาร,15,SbE,ใต้ค่อนบูรพา,168.75,south-facilities:9410/8,โรงพยาบาล โรงพยาบาลยะรัง,โรงพยาบาล,10.926,12.526,1.146,6.489565320273719,65.42463260752814
south-facilities:9401/2,สถานีตำรวจ จุดตรวจทหาร,16,S,ทักษิณ (ใต้),180.0,,— ว่าง —,,,,,,
south-facilities:9401/2,สถานีตำรวจ จุดตรวจทหาร,17,SbW,ใต้ค่อนประจิม,191.25,south-facilities:9412,โรงพยาบาล โรงพยาบาลแม่ลาน,โรงพยาบาล,20.936,27.38,1.308,6.489565320273719,87.77848466069065
south-facilities:9401/2,สถานีตำรวจ จุดตรวจทหาร,18,SSW,ใต้-หรดี,202.5,,— ว่าง —,,,,,,
south-facilities:9401/2,สถานีตำรวจ จุดตรวจทหาร,19,SWbS,หรดีค่อนใต้,213.75,,— ว่าง —,,,,,,
south-facilities:9401/2,สถานีตำรวจ จุดตรวจทหาร,20,SW,หรดี (ตต.เฉียงใต้),225.0,,— ว่าง —,,,,,,
south-facilities:9401/2,สถานีตำรวจ จุดตรวจทหาร,21,SWbW,หรดีค่อนประจิม,236.25,south-facilities:9403/8,หน่วยทหาร กรมทหารราบที่ 153,หน่วยทหาร,12.923,18.38,1.422,6.489565320273719,901.8727106366265
south-facilities:9401/2,สถานีตำรวจ จุดตรวจทหาร,22,WSW,ประจิม-หรดี,247.5,south-facilities:9403/5,โรงพยาบาล โรงพยาบาลค่ายอิงคยุทธบริหาร,โรงพยาบาล,14.412,18.727,1.299,6.489565320273719,76.81403935656984
south-facilities:9401/2,สถานีตำรวจ จุดตรวจทหาร,23,WbS,ประจิมค่อนใต้,258.75,south-facilities:9403/4,ด่านตรวจ (ไม่ระบุชื่อ) หนองจิก,ด่านตรวจ,22.726,29.645,1.304,6.489565320273719,0.031339503733419365
south-facilities:9401/2,สถานีตำรวจ จุดตรวจทหาร,24,W,ประจิม (ตะวันตก),270.0,south-facilities:9403/10,โรงพยาบาล โรงพยาบาลหนองจิก,โรงพยาบาล,9.984,12.107,1.213,6.489565320273719,196.60930205211346
south-facilities:9401/2,สถานีตำรวจ จุดตรวจทหาร,25,WbN,ประจิมค่อนเหนือ,281.25,south-facilities:9401/4,รพ.สต./สถานีอนามัย Sirirot Hospital,รพ.สต./สถานีอนามัย,4.632,8.273,1.786,6.489565320273719,19.484249309173087
south-facilities:9401/2,สถานีตำรวจ จุดตรวจทหาร,26,WNW,ประจิม-พายัพ,292.5,,— ว่าง —,,,,,,
south-facilities:9401/2,สถานีตำรวจ จุดตรวจทหาร,27,NWbW,พายัพค่อนประจิม,303.75,south-facilities:9401/3,สถานีตำรวจ จุดตรวจทหาร,สถานีตำรวจ,1.381,2.663,1.927,6.489565320273719,16.59197790738034
south-facilities:9401/2,สถานีตำรวจ จุดตรวจทหาร,28,NW,พายัพ (ตต.เฉียงเหนือ),315.0,,— ว่าง —,,,,,,
south-facilities:9401/2,สถานีตำรวจ จุดตรวจทหาร,29,NWbN,พายัพค่อนเหนือ,326.25,south-facilities:9401,โรงพยาบาล โรงพยาบาลปัตตานี,โรงพยาบาล,3.071,5.38,1.752,6.489565320273719,52.715805974714826
south-facilities:9401/2,สถานีตำรวจ จุดตรวจทหาร,30,NNW,เหนือ-พายัพ,337.5,,— ว่าง —,,,,,,
south-facilities:9401/2,สถานีตำรวจ จุดตรวจทหาร,31,NbW,เหนือค่อนประจิม,348.75,south-facilities:9401/8,หน่วยทหาร สถานีวิทยุกระจายเสียงแห่งประเทศไทยจังหวัดปัตตานี,หน่วยทหาร,5.428,8.262,1.522,6.489565320273719,93.06510686751373
south-facilities:9401/3,สถานีตำรวจ จุดตรวจทหาร,0,N,อุดร (เหนือ),0.0,south-facilities:9401/8,หน่วยทหาร สถานีวิทยุกระจายเสียงแห่งประเทศไทยจังหวัดปัตตานี,หน่วยทหาร,4.542,5.599,1.233,16.59197790738034,93.06510686751373
south-facilities:9401/3,สถานีตำรวจ จุดตรวจทหาร,1,NbE,เหนือค่อนอีสาน,11.25,south-facilities:9401/6,สถานีตำรวจ ตำรวจภูธรจังหวัดปัตตานี,สถานีตำรวจ,4.487,4.588,1.023,16.59197790738034,105.8846811752817
south-facilities:9401/3,สถานีตำรวจ จุดตรวจทหาร,2,NNE,เหนือ-อีสาน,22.5,,— ว่าง —,,,,,,
south-facilities:9401/3,สถานีตำรวจ จุดตรวจทหาร,3,NEbN,อีสานค่อนเหนือ,33.75,,— ว่าง —,,,,,,
south-facilities:9401/3,สถานีตำรวจ จุดตรวจทหาร,4,NE,อีสาน (ตอ.เฉียงเหนือ),45.0,,— ว่าง —,,,,,,
south-facilities:9401/3,สถานีตำรวจ จุดตรวจทหาร,5,NEbE,อีสานค่อนบูรพา,56.25,,— ว่าง —,,,,,,
south-facilities:9401/3,สถานีตำรวจ จุดตรวจทหาร,6,ENE,บูรพา-อีสาน,67.5,,— ว่าง —,,,,,,
south-facilities:9401/3,สถานีตำรวจ จุดตรวจทหาร,7,EbN,บูรพาค่อนเหนือ,78.75,south-facilities:9409/2,สถานีตำรวจ จุดตรวจทหาร,สถานีตำรวจ,7.936,8.956,1.129,16.59197790738034,22.314522057852933
south-facilities:9401/3,สถานีตำรวจ จุดตรวจทหาร,8,E,บูรพา (ตะวันออก),90.0,south-facilities:9409,สถานีตำรวจ จุดตรวจตำรวจ,สถานีตำรวจ,12.705,16.104,1.267,16.59197790738034,23.014482300423982
south-facilities:9401/3,สถานีตำรวจ จุดตรวจทหาร,9,EbS,บูรพาค่อนใต้,101.25,south-facilities:9409/4,สถานีตำรวจ จุดตรวจทหาร,สถานีตำรวจ,14.468,17.413,1.204,16.59197790738034,7.700251367159261
south-facilities:9401/3,สถานีตำรวจ จุดตรวจทหาร,10,ESE,บูรพา-อาคเนย์,112.5,south-facilities:9409/6,สถานีตำรวจ จุดตรวจทหาร,สถานีตำรวจ,23.359,27.46,1.176,16.59197790738034,35.057898080453896
south-facilities:9401/3,สถานีตำรวจ จุดตรวจทหาร,11,SEbE,อาคเนย์ค่อนบูรพา,123.75,south-facilities:9401/2,สถานีตำรวจ จุดตรวจทหาร,สถานีตำรวจ,1.381,2.789,2.019,16.59197790738034,6.489565320273719
south-facilities:9401/3,สถานีตำรวจ จุดตรวจทหาร,12,SE,อาคเนย์ (ตอ.เฉียงใต้),135.0,,— ว่าง —,,,,,,
south-facilities:9401/3,สถานีตำรวจ จุดตรวจทหาร,13,SEbS,อาคเนย์ค่อนใต้,146.25,south-facilities:9410,ด่านตรวจ จุดตรวจทหาร,ด่านตรวจ,8.306,12.352,1.487,16.59197790738034,0.04965832101841608
south-facilities:9401/3,สถานีตำรวจ จุดตรวจทหาร,14,SSE,ใต้-อาคเนย์,157.5,south-facilities:9410/8,โรงพยาบาล โรงพยาบาลยะรัง,โรงพยาบาล,11.98,15.315,1.278,16.59197790738034,65.42463260752814
south-facilities:9401/3,สถานีตำรวจ จุดตรวจทหาร,15,SbE,ใต้ค่อนบูรพา,168.75,south-facilities:9410/6,สถานีตำรวจ จุดตรวจทหารพราน,สถานีตำรวจ,16.185,20.404,1.261,16.59197790738034,19.91319501737795
south-facilities:9401/3,สถานีตำรวจ จุดตรวจทหาร,16,S,ทักษิณ (ใต้),180.0,south-facilities:9412,โรงพยาบาล โรงพยาบาลแม่ลาน,โรงพยาบาล,21.536,27.93,1.297,16.59197790738034,87.77848466069065
south-facilities:9401/3,สถานีตำรวจ จุดตรวจทหาร,17,SbW,ใต้ค่อนประจิม,191.25,,— ว่าง —,,,,,,
south-facilities:9401/3,สถานีตำรวจ จุดตรวจทหาร,18,SSW,ใต้-หรดี,202.5,,— ว่าง —,,,,,,
south-facilities:9401/3,สถานีตำรวจ จุดตรวจทหาร,19,SWbS,หรดีค่อนใต้,213.75,,— ว่าง —,,,,,,
south-facilities:9401/3,สถานีตำรวจ จุดตรวจทหาร,20,SW,หรดี (ตต.เฉียงใต้),225.0,south-facilities:9403/8,หน่วยทหาร กรมทหารราบที่ 153,หน่วยทหาร,12.445,18.576,1.493,16.59197790738034,901.8727106366265
south-facilities:9401/3,สถานีตำรวจ จุดตรวจทหาร,21,SWbW,หรดีค่อนประจิม,236.25,south-facilities:9403/5,โรงพยาบาล โรงพยาบาลค่ายอิงคยุทธบริหาร,โรงพยาบาล,13.691,17.194,1.256,16.59197790738034,76.81403935656984
south-facilities:9401/3,สถานีตำรวจ จุดตรวจทหาร,22,WSW,ประจิม-หรดี,247.5,,— ว่าง —,,,,,,
south-facilities:9401/3,สถานีตำรวจ จุดตรวจทหาร,23,WbS,ประจิมค่อนใต้,258.75,south-facilities:9403/10,โรงพยาบาล โรงพยาบาลหนองจิก,โรงพยาบาล,8.898,10.573,1.188,16.59197790738034,196.60930205211346
south-facilities:9401/3,สถานีตำรวจ จุดตรวจทหาร,24,W,ประจิม (ตะวันตก),270.0,south-facilities:9403/2,ด่านตรวจ (ไม่ระบุชื่อ) หนองจิก,ด่านตรวจ,4.212,5.777,1.371,16.59197790738034,0.06267698110883045
south-facilities:9401/3,สถานีตำรวจ จุดตรวจทหาร,25,WbN,ประจิมค่อนเหนือ,281.25,south-facilities:9401/4,รพ.สต./สถานีอนามัย Sirirot Hospital,รพ.สต./สถานีอนามัย,3.321,5.61,1.689,16.59197790738034,19.484249309173087
south-facilities:9401/3,สถานีตำรวจ จุดตรวจทหาร,26,WNW,ประจิม-พายัพ,292.5,,— ว่าง —,,,,,,
south-facilities:9401/3,สถานีตำรวจ จุดตรวจทหาร,27,NWbW,พายัพค่อนประจิม,303.75,,— ว่าง —,,,,,,
south-facilities:9401/3,สถานีตำรวจ จุดตรวจทหาร,28,NW,พายัพ (ตต.เฉียงเหนือ),315.0,,— ว่าง —,,,,,,
south-facilities:9401/3,สถานีตำรวจ จุดตรวจทหาร,29,NWbN,พายัพค่อนเหนือ,326.25,,— ว่าง —,,,,,,
south-facilities:9401/3,สถานีตำรวจ จุดตรวจทหาร,30,NNW,เหนือ-พายัพ,337.5,,— ว่าง —,,,,,,
south-facilities:9401/3,สถานีตำรวจ จุดตรวจทหาร,31,NbW,เหนือค่อนประจิม,348.75,south-facilities:9401,โรงพยาบาล โรงพยาบาลปัตตานี,โรงพยาบาล,1.971,2.718,1.379,16.59197790738034,52.715805974714826
south-facilities:9401/4,รพ.สต./สถานีอนามัย Sirirot Hospital,0,N,อุดร (เหนือ),0.0,,— ว่าง —,,,,,,
south-facilities:9401/4,รพ.สต./สถานีอนามัย Sirirot Hospital,1,NbE,เหนือค่อนอีสาน,11.25,,— ว่าง —,,,,,,
south-facilities:9401/4,รพ.สต./สถานีอนามัย Sirirot Hospital,2,NNE,เหนือ-อีสาน,22.5,,— ว่าง —,,,,,,
south-facilities:9401/4,รพ.สต./สถานีอนามัย Sirirot Hospital,3,NEbN,อีสานค่อนเหนือ,33.75,south-facilities:9401/8,หน่วยทหาร สถานีวิทยุกระจายเสียงแห่งประเทศไทยจังหวัดปัตตานี,หน่วยทหาร,5.055,6.741,1.334,19.484249309173087,93.06510686751373
south-facilities:9401/4,รพ.สต./สถานีอนามัย Sirirot Hospital,4,NE,อีสาน (ตอ.เฉียงเหนือ),45.0,south-facilities:9401/6,สถานีตำรวจ ตำรวจภูธรจังหวัดปัตตานี,สถานีตำรวจ,5.68,7.155,1.26,19.484249309173087,105.8846811752817
south-facilities:9401/4,รพ.สต./สถานีอนามัย Sirirot Hospital,5,NEbE,อีสานค่อนบูรพา,56.25,,— ว่าง —,,,,,,
south-facilities:9401/4,รพ.สต./สถานีอนามัย Sirirot Hospital,6,ENE,บูรพา-อีสาน,67.5,south-facilities:9401/5,โรงพยาบาล (ไม่ระบุชื่อ) เมืองปัตตานี,โรงพยาบาล,3.213,3.418,1.064,19.484249309173087,94.84995205404881
south-facilities:9401/4,รพ.สต./สถานีอนามัย Sirirot Hospital,7,EbN,บูรพาค่อนเหนือ,78.75,south-facilities:9409/2,สถานีตำรวจ จุดตรวจทหาร,สถานีตำรวจ,11.08,12.098,1.092,19.484249309173087,22.314522057852933
south-facilities:9401/4,รพ.สต./สถานีอนามัย Sirirot Hospital,8,E,บูรพา (ตะวันออก),90.0,south-facilities:9409,สถานีตำรวจ จุดตรวจตำรวจ,สถานีตำรวจ,15.953,19.245,1.206,19.484249309173087,23.014482300423982
south-facilities:9401/4,รพ.สต./สถานีอนามัย Sirirot Hospital,9,EbS,บูรพาค่อนใต้,101.25,south-facilities:9401/3,สถานีตำรวจ จุดตรวจทหาร,สถานีตำรวจ,3.321,3.715,1.119,19.484249309173087,16.59197790738034
south-facilities:9401/4,รพ.สต./สถานีอนามัย Sirirot Hospital,10,ESE,บูรพา-อาคเนย์,112.5,,— ว่าง —,,,,,,
south-facilities:9401/4,รพ.สต./สถานีอนามัย Sirirot Hospital,11,SEbE,อาคเนย์ค่อนบูรพา,123.75,,— ว่าง —,,,,,,
south-facilities:9401/4,รพ.สต./สถานีอนามัย Sirirot Hospital,12,SE,อาคเนย์ (ตอ.เฉียงใต้),135.0,south-facilities:9410,ด่านตรวจ จุดตรวจทหาร,ด่านตรวจ,10.834,15.844,1.462,19.484249309173087,0.04965832101841608
south-facilities:9401/4,รพ.สต./สถานีอนามัย Sirirot Hospital,13,SEbS,อาคเนย์ค่อนใต้,146.25,south-facilities:9410/9,โรงพยาบาล โรงพยาบาลยะรัง,โรงพยาบาล,13.942,19.198,1.377,19.484249309173087,105.61915385261318
south-facilities:9401/4,รพ.สต./สถานีอนามัย Sirirot Hospital,14,SSE,ใต้-อาคเนย์,157.5,south-facilities:9410/6,สถานีตำรวจ จุดตรวจทหารพราน,สถานีตำรวจ,17.791,23.315,1.31,19.484249309173087,19.91319501737795
south-facilities:9401/4,รพ.สต./สถานีอนามัย Sirirot Hospital,15,SbE,ใต้ค่อนบูรพา,168.75,,— ว่าง —,,,,,,
south-facilities:9401/4,รพ.สต./สถานีอนามัย Sirirot Hospital,16,S,ทักษิณ (ใต้),180.0,south-facilities:9412,โรงพยาบาล โรงพยาบาลแม่ลาน,โรงพยาบาล,22.107,23.623,1.069,19.484249309173087,87.77848466069065
south-facilities:9401/4,รพ.สต./สถานีอนามัย Sirirot Hospital,17,SbW,ใต้ค่อนประจิม,191.25,,— ว่าง —,,,,,,
south-facilities:9401/4,รพ.สต./สถานีอนามัย Sirirot Hospital,18,SSW,ใต้-หรดี,202.5,,— ว่าง —,,,,,,
south-facilities:9401/4,รพ.สต./สถานีอนามัย Sirirot Hospital,19,SWbS,หรดีค่อนใต้,213.75,south-facilities:9403/8,หน่วยทหาร กรมทหารราบที่ 153,หน่วยทหาร,10.667,14.021,1.314,19.484249309173087,901.8727106366265
south-facilities:9401/4,รพ.สต./สถานีอนามัย Sirirot Hospital,20,SW,หรดี (ตต.เฉียงใต้),225.0,south-facilities:9403/5,โรงพยาบาล โรงพยาบาลค่ายอิงคยุทธบริหาร,โรงพยาบาล,11.311,12.638,1.117,19.484249309173087,76.81403935656984
south-facilities:9401/4,รพ.สต./สถานีอนามัย Sirirot Hospital,21,SWbW,หรดีค่อนประจิม,236.25,,— ว่าง —,,,,,,
south-facilities:9401/4,รพ.สต./สถานีอนามัย Sirirot Hospital,22,WSW,ประจิม-หรดี,247.5,south-facilities:9403/2,ด่านตรวจ (ไม่ระบุชื่อ) หนองจิก,ด่านตรวจ,0.966,1.221,1.265,19.484249309173087,0.06267698110883045
south-facilities:9401/4,รพ.สต./สถานีอนามัย Sirirot Hospital,23,WbS,ประจิมค่อนใต้,258.75,south-facilities:9403/4,ด่านตรวจ (ไม่ระบุชื่อ) หนองจิก,ด่านตรวจ,18.495,23.556,1.274,19.484249309173087,0.031339503733419365
south-facilities:9401/4,รพ.สต./สถานีอนามัย Sirirot Hospital,24,W,ประจิม (ตะวันตก),270.0,,— ว่าง —,,,,,,
south-facilities:9401/4,รพ.สต./สถานีอนามัย Sirirot Hospital,25,WbN,ประจิมค่อนเหนือ,281.25,,— ว่าง —,,,,,,
south-facilities:9401/4,รพ.สต./สถานีอนามัย Sirirot Hospital,26,WNW,ประจิม-พายัพ,292.5,,— ว่าง —,,,,,,
south-facilities:9401/4,รพ.สต./สถานีอนามัย Sirirot Hospital,27,NWbW,พายัพค่อนประจิม,303.75,,— ว่าง —,,,,,,
south-facilities:9401/4,รพ.สต./สถานีอนามัย Sirirot Hospital,28,NW,พายัพ (ตต.เฉียงเหนือ),315.0,,— ว่าง —,,,,,,
south-facilities:9401/4,รพ.สต./สถานีอนามัย Sirirot Hospital,29,NWbN,พายัพค่อนเหนือ,326.25,,— ว่าง —,,,,,,
south-facilities:9401/4,รพ.สต./สถานีอนามัย Sirirot Hospital,30,NNW,เหนือ-พายัพ,337.5,,— ว่าง —,,,,,,
south-facilities:9401/4,รพ.สต./สถานีอนามัย Sirirot Hospital,31,NbW,เหนือค่อนประจิม,348.75,,— ว่าง —,,,,,,
south-facilities:9401/5,โรงพยาบาล (ไม่ระบุชื่อ) เมืองปัตตานี,0,N,อุดร (เหนือ),0.0,south-facilities:9401/8,หน่วยทหาร สถานีวิทยุกระจายเสียงแห่งประเทศไทยจังหวัดปัตตานี,หน่วยทหาร,2.573,3.323,1.291,94.84995205404881,93.06510686751373
south-facilities:9401/5,โรงพยาบาล (ไม่ระบุชื่อ) เมืองปัตตานี,1,NbE,เหนือค่อนอีสาน,11.25,,— ว่าง —,,,,,,
south-facilities:9401/5,โรงพยาบาล (ไม่ระบุชื่อ) เมืองปัตตานี,2,NNE,เหนือ-อีสาน,22.5,south-facilities:9401/6,สถานีตำรวจ ตำรวจภูธรจังหวัดปัตตานี,สถานีตำรวจ,2.747,3.737,1.361,94.84995205404881,105.8846811752817
south-facilities:9401/5,โรงพยาบาล (ไม่ระบุชื่อ) เมืองปัตตานี,3,NEbN,อีสานค่อนเหนือ,33.75,,— ว่าง —,,,,,,
south-facilities:9401/5,โรงพยาบาล (ไม่ระบุชื่อ) เมืองปัตตานี,4,NE,อีสาน (ตอ.เฉียงเหนือ),45.0,,— ว่าง —,,,,,,
south-facilities:9401/5,โรงพยาบาล (ไม่ระบุชื่อ) เมืองปัตตานี,5,NEbE,อีสานค่อนบูรพา,56.25,,— ว่าง —,,,,,,
south-facilities:9401/5,โรงพยาบาล (ไม่ระบุชื่อ) เมืองปัตตานี,6,ENE,บูรพา-อีสาน,67.5,,— ว่าง —,,,,,,
south-facilities:9401/5,โรงพยาบาล (ไม่ระบุชื่อ) เมืองปัตตานี,7,EbN,บูรพาค่อนเหนือ,78.75,,— ว่าง —,,,,,,
south-facilities:9401/5,โรงพยาบาล (ไม่ระบุชื่อ) เมืองปัตตานี,8,E,บูรพา (ตะวันออก),90.0,south-facilities:9409/2,สถานีตำรวจ จุดตรวจทหาร,สถานีตำรวจ,8.137,8.68,1.067,94.84995205404881,22.314522057852933
south-facilities:9401/5,โรงพยาบาล (ไม่ระบุชื่อ) เมืองปัตตานี,9,EbS,บูรพาค่อนใต้,101.25,south-facilities:9409/3,สถานีตำรวจ จุดตรวจทหาร,สถานีตำรวจ,13.99,25.285,1.807,94.84995205404881,18.599504691376566
south-facilities:9401/5,โรงพยาบาล (ไม่ระบุชื่อ) เมืองปัตตานี,10,ESE,บูรพา-อาคเนย์,112.5,south-facilities:9409/5,สถานีตำรวจ จุดตรวจทหาร,สถานีตำรวจ,18.857,21.093,1.119,94.84995205404881,83.59605889258627
south-facilities:9401/5,โรงพยาบาล (ไม่ระบุชื่อ) เมืองปัตตานี,11,SEbE,อาคเนย์ค่อนบูรพา,123.75,,— ว่าง —,,,,,,
south-facilities:9401/5,โรงพยาบาล (ไม่ระบุชื่อ) เมืองปัตตานี,12,SE,อาคเนย์ (ตอ.เฉียงใต้),135.0,south-facilities:9401,โรงพยาบาล โรงพยาบาลปัตตานี,โรงพยาบาล,0.052,0.083,1.585,94.84995205404881,52.715805974714826
south-facilities:9401/5,โรงพยาบาล (ไม่ระบุชื่อ) เมืองปัตตานี,13,SEbS,อาคเนย์ค่อนใต้,146.25,south-facilities:9401/2,สถานีตำรวจ จุดตรวจทหาร,สถานีตำรวจ,3.122,5.27,1.688,94.84995205404881,6.489565320273719
south-facilities:9401/5,โรงพยาบาล (ไม่ระบุชื่อ) เมืองปัตตานี,14,SSE,ใต้-อาคเนย์,157.5,south-facilities:9410/8,โรงพยาบาล โรงพยาบาลยะรัง,โรงพยาบาล,13.973,17.796,1.274,94.84995205404881,65.42463260752814
south-facilities:9401/5,โรงพยาบาล (ไม่ระบุชื่อ) เมืองปัตตานี,15,SbE,ใต้ค่อนบูรพา,168.75,south-facilities:9401/3,สถานีตำรวจ จุดตรวจทหาร,สถานีตำรวจ,2.015,4.313,2.14,94.84995205404881,16.59197790738034
south-facilities:9401/5,โรงพยาบาล (ไม่ระบุชื่อ) เมืองปัตตานี,16,S,ทักษิณ (ใต้),180.0,south-facilities:9412,โรงพยาบาล โรงพยาบาลแม่ลาน,โรงพยาบาล,23.486,27.159,1.156,94.84995205404881,87.77848466069065
south-facilities:9401/5,โรงพยาบาล (ไม่ระบุชื่อ) เมืองปัตตานี,17,SbW,ใต้ค่อนประจิม,191.25,,— ว่าง —,,,,,,
south-facilities:9401/5,โรงพยาบาล (ไม่ระบุชื่อ) เมืองปัตตานี,18,SSW,ใต้-หรดี,202.5,,— ว่าง —,,,,,,
south-facilities:9401/5,โรงพยาบาล (ไม่ระบุชื่อ) เมืองปัตตานี,19,SWbS,หรดีค่อนใต้,213.75,south-facilities:9403/9,หน่วยทหาร สระน้ำป้องเพชร ขกท.พล.15,หน่วยทหาร,14.614,17.557,1.201,94.84995205404881,2052.6084616013945
south-facilities:9401/5,โรงพยาบาล (ไม่ระบุชื่อ) เมืองปัตตานี,20,SW,หรดี (ตต.เฉียงใต้),225.0,south-facilities:9403/8,หน่วยทหาร กรมทหารราบที่ 153,หน่วยทหาร,13.566,17.557,1.294,94.84995205404881,901.8727106366265
south-facilities:9401/5,โรงพยาบาล (ไม่ระบุชื่อ) เมืองปัตตานี,21,SWbW,หรดีค่อนประจิม,236.25,south-facilities:9403/5,โรงพยาบาล โรงพยาบาลค่ายอิงคยุทธบริหาร,โรงพยาบาล,14.449,16.175,1.119,94.84995205404881,76.81403935656984
south-facilities:9401/5,โรงพยาบาล (ไม่ระบุชื่อ) เมืองปัตตานี,22,WSW,ประจิม-หรดี,247.5,south-facilities:9401/4,รพ.สต./สถานีอนามัย Sirirot Hospital,รพ.สต./สถานีอนามัย,3.213,3.536,1.101,94.84995205404881,19.484249309173087
south-facilities:9401/5,โรงพยาบาล (ไม่ระบุชื่อ) เมืองปัตตานี,23,WbS,ประจิมค่อนใต้,258.75,south-facilities:9403/4,ด่านตรวจ (ไม่ระบุชื่อ) หนองจิก,ด่านตรวจ,21.608,27.092,1.254,94.84995205404881,0.031339503733419365
south-facilities:9401/5,โรงพยาบาล (ไม่ระบุชื่อ) เมืองปัตตานี,24,W,ประจิม (ตะวันตก),270.0,,— ว่าง —,,,,,,
south-facilities:9401/5,โรงพยาบาล (ไม่ระบุชื่อ) เมืองปัตตานี,25,WbN,ประจิมค่อนเหนือ,281.25,,— ว่าง —,,,,,,
south-facilities:9401/5,โรงพยาบาล (ไม่ระบุชื่อ) เมืองปัตตานี,26,WNW,ประจิม-พายัพ,292.5,,— ว่าง —,,,,,,
south-facilities:9401/5,โรงพยาบาล (ไม่ระบุชื่อ) เมืองปัตตานี,27,NWbW,พายัพค่อนประจิม,303.75,,— ว่าง —,,,,,,
south-facilities:9401/5,โรงพยาบาล (ไม่ระบุชื่อ) เมืองปัตตานี,28,NW,พายัพ (ตต.เฉียงเหนือ),315.0,,— ว่าง —,,,,,,
south-facilities:9401/5,โรงพยาบาล (ไม่ระบุชื่อ) เมืองปัตตานี,29,NWbN,พายัพค่อนเหนือ,326.25,,— ว่าง —,,,,,,
south-facilities:9401/5,โรงพยาบาล (ไม่ระบุชื่อ) เมืองปัตตานี,30,NNW,เหนือ-พายัพ,337.5,,— ว่าง —,,,,,,
south-facilities:9401/5,โรงพยาบาล (ไม่ระบุชื่อ) เมืองปัตตานี,31,NbW,เหนือค่อนประจิม,348.75,,— ว่าง —,,,,,,
south-facilities:9401/6,สถานีตำรวจ ตำรวจภูธรจังหวัดปัตตานี,0,N,อุดร (เหนือ),0.0,,— ว่าง —,,,,,,
south-facilities:9401/6,สถานีตำรวจ ตำรวจภูธรจังหวัดปัตตานี,1,NbE,เหนือค่อนอีสาน,11.25,,— ว่าง —,,,,,,
south-facilities:9401/6,สถานีตำรวจ ตำรวจภูธรจังหวัดปัตตานี,2,NNE,เหนือ-อีสาน,22.5,,— ว่าง —,,,,,,
south-facilities:9401/6,สถานีตำรวจ ตำรวจภูธรจังหวัดปัตตานี,3,NEbN,อีสานค่อนเหนือ,33.75,,— ว่าง —,,,,,,
south-facilities:9401/6,สถานีตำรวจ ตำรวจภูธรจังหวัดปัตตานี,4,NE,อีสาน (ตอ.เฉียงเหนือ),45.0,,— ว่าง —,,,,,,
south-facilities:9401/6,สถานีตำรวจ ตำรวจภูธรจังหวัดปัตตานี,5,NEbE,อีสานค่อนบูรพา,56.25,,— ว่าง —,,,,,,
south-facilities:9401/6,สถานีตำรวจ ตำรวจภูธรจังหวัดปัตตานี,6,ENE,บูรพา-อีสาน,67.5,,— ว่าง —,,,,,,
south-facilities:9401/6,สถานีตำรวจ ตำรวจภูธรจังหวัดปัตตานี,7,EbN,บูรพาค่อนเหนือ,78.75,,— ว่าง —,,,,,,
south-facilities:9401/6,สถานีตำรวจ ตำรวจภูธรจังหวัดปัตตานี,8,E,บูรพา (ตะวันออก),90.0,,— ว่าง —,,,,,,
south-facilities:9401/6,สถานีตำรวจ ตำรวจภูธรจังหวัดปัตตานี,9,EbS,บูรพาค่อนใต้,101.25,south-facilities:9409,สถานีตำรวจ จุดตรวจตำรวจ,สถานีตำรวจ,12.279,15.987,1.302,105.8846811752817,23.014482300423982
south-facilities:9401/6,สถานีตำรวจ ตำรวจภูธรจังหวัดปัตตานี,10,ESE,บูรพา-อาคเนย์,112.5,south-facilities:9409/2,สถานีตำรวจ จุดตรวจทหาร,สถานีตำรวจ,7.321,8.84,1.208,105.8846811752817,22.314522057852933
south-facilities:9401/6,สถานีตำรวจ ตำรวจภูธรจังหวัดปัตตานี,11,SEbE,อาคเนย์ค่อนบูรพา,123.75,south-facilities:9409/6,สถานีตำรวจ จุดตรวจทหาร,สถานีตำรวจ,24.447,27.344,1.118,105.8846811752817,35.057898080453896
south-facilities:9401/6,สถานีตำรวจ ตำรวจภูธรจังหวัดปัตตานี,12,SE,อาคเนย์ (ตอ.เฉียงใต้),135.0,,— ว่าง —,,,,,,
south-facilities:9401/6,สถานีตำรวจ ตำรวจภูธรจังหวัดปัตตานี,13,SEbS,อาคเนย์ค่อนใต้,146.25,,— ว่าง —,,,,,,
south-facilities:9401/6,สถานีตำรวจ ตำรวจภูธรจังหวัดปัตตานี,14,SSE,ใต้-อาคเนย์,157.5,south-facilities:9410,ด่านตรวจ จุดตรวจทหาร,ด่านตรวจ,11.92,16.864,1.415,105.8846811752817,0.04965832101841608
south-facilities:9401/6,สถานีตำรวจ ตำรวจภูธรจังหวัดปัตตานี,15,SbE,ใต้ค่อนบูรพา,168.75,south-facilities:9410/8,โรงพยาบาล โรงพยาบาลยะรัง,โรงพยาบาล,15.957,19.827,1.243,105.8846811752817,65.42463260752814
south-facilities:9401/6,สถานีตำรวจ ตำรวจภูธรจังหวัดปัตตานี,16,S,ทักษิณ (ใต้),180.0,south-facilities:9401/2,สถานีตำรวจ จุดตรวจทหาร,สถานีตำรวจ,5.12,7.301,1.426,105.8846811752817,6.489565320273719
south-facilities:9401/6,สถานีตำรวจ ตำรวจภูธรจังหวัดปัตตานี,17,SbW,ใต้ค่อนประจิม,191.25,south-facilities:9401/3,สถานีตำรวจ จุดตรวจทหาร,สถานีตำรวจ,4.487,6.345,1.414,105.8846811752817,16.59197790738034
south-facilities:9401/6,สถานีตำรวจ ตำรวจภูธรจังหวัดปัตตานี,18,SSW,ใต้-หรดี,202.5,south-facilities:9401/5,โรงพยาบาล (ไม่ระบุชื่อ) เมืองปัตตานี,โรงพยาบาล,2.747,3.93,1.431,105.8846811752817,94.84995205404881
south-facilities:9401/6,สถานีตำรวจ ตำรวจภูธรจังหวัดปัตตานี,19,SWbS,หรดีค่อนใต้,213.75,south-facilities:9403/8,หน่วยทหาร กรมทหารราบที่ 153,หน่วยทหาร,16.255,21.072,1.296,105.8846811752817,901.8727106366265
south-facilities:9401/6,สถานีตำรวจ ตำรวจภูธรจังหวัดปัตตานี,20,SW,หรดี (ตต.เฉียงใต้),225.0,south-facilities:9401/4,รพ.สต./สถานีอนามัย Sirirot Hospital,รพ.สต./สถานีอนามัย,5.68,7.052,1.242,105.8846811752817,19.484249309173087
south-facilities:9401/6,สถานีตำรวจ ตำรวจภูธรจังหวัดปัตตานี,21,SWbW,หรดีค่อนประจิม,236.25,south-facilities:9403/10,โรงพยาบาล โรงพยาบาลหนองจิก,โรงพยาบาล,11.315,13.07,1.155,105.8846811752817,196.60930205211346
south-facilities:9401/6,สถานีตำรวจ ตำรวจภูธรจังหวัดปัตตานี,22,WSW,ประจิม-หรดี,247.5,south-facilities:9403/4,ด่านตรวจ (ไม่ระบุชื่อ) หนองจิก,ด่านตรวจ,23.517,30.607,1.302,105.8846811752817,0.031339503733419365
south-facilities:9401/6,สถานีตำรวจ ตำรวจภูธรจังหวัดปัตตานี,23,WbS,ประจิมค่อนใต้,258.75,,— ว่าง —,,,,,,
south-facilities:9401/6,สถานีตำรวจ ตำรวจภูธรจังหวัดปัตตานี,24,W,ประจิม (ตะวันตก),270.0,,— ว่าง —,,,,,,
south-facilities:9401/6,สถานีตำรวจ ตำรวจภูธรจังหวัดปัตตานี,25,WbN,ประจิมค่อนเหนือ,281.25,south-facilities:9401/8,หน่วยทหาร สถานีวิทยุกระจายเสียงแห่งประเทศไทยจังหวัดปัตตานี,หน่วยทหาร,1.086,1.519,1.399,105.8846811752817,93.06510686751373
south-facilities:9401/6,สถานีตำรวจ ตำรวจภูธรจังหวัดปัตตานี,26,WNW,ประจิม-พายัพ,292.5,south-facilities:9401/7,สถานีตำรวจ (ไม่ระบุชื่อ) เมืองปัตตานี,สถานีตำรวจ,1.125,2.435,2.164,105.8846811752817,57.42911560683218
south-facilities:9401/6,สถานีตำรวจ ตำรวจภูธรจังหวัดปัตตานี,27,NWbW,พายัพค่อนประจิม,303.75,,— ว่าง —,,,,,,
south-facilities:9401/6,สถานีตำรวจ ตำรวจภูธรจังหวัดปัตตานี,28,NW,พายัพ (ตต.เฉียงเหนือ),315.0,,— ว่าง —,,,,,,
south-facilities:9401/6,สถานีตำรวจ ตำรวจภูธรจังหวัดปัตตานี,29,NWbN,พายัพค่อนเหนือ,326.25,,— ว่าง —,,,,,,
south-facilities:9401/6,สถานีตำรวจ ตำรวจภูธรจังหวัดปัตตานี,30,NNW,เหนือ-พายัพ,337.5,,— ว่าง —,,,,,,
south-facilities:9401/6,สถานีตำรวจ ตำรวจภูธรจังหวัดปัตตานี,31,NbW,เหนือค่อนประจิม,348.75,,— ว่าง —,,,,,,
south-facilities:9401/7,สถานีตำรวจ (ไม่ระบุชื่อ) เมืองปัตตานี,0,N,อุดร (เหนือ),0.0,,— ว่าง —,,,,,,
south-facilities:9401/7,สถานีตำรวจ (ไม่ระบุชื่อ) เมืองปัตตานี,1,NbE,เหนือค่อนอีสาน,11.25,,— ว่าง —,,,,,,
south-facilities:9401/7,สถานีตำรวจ (ไม่ระบุชื่อ) เมืองปัตตานี,2,NNE,เหนือ-อีสาน,22.5,,— ว่าง —,,,,,,
south-facilities:9401/7,สถานีตำรวจ (ไม่ระบุชื่อ) เมืองปัตตานี,3,NEbN,อีสานค่อนเหนือ,33.75,,— ว่าง —,,,,,,
south-facilities:9401/7,สถานีตำรวจ (ไม่ระบุชื่อ) เมืองปัตตานี,4,NE,อีสาน (ตอ.เฉียงเหนือ),45.0,,— ว่าง —,,,,,,
south-facilities:9401/7,สถานีตำรวจ (ไม่ระบุชื่อ) เมืองปัตตานี,5,NEbE,อีสานค่อนบูรพา,56.25,,— ว่าง —,,,,,,
south-facilities:9401/7,สถานีตำรวจ (ไม่ระบุชื่อ) เมืองปัตตานี,6,ENE,บูรพา-อีสาน,67.5,,— ว่าง —,,,,,,
south-facilities:9401/7,สถานีตำรวจ (ไม่ระบุชื่อ) เมืองปัตตานี,7,EbN,บูรพาค่อนเหนือ,78.75,,— ว่าง —,,,,,,
south-facilities:9401/7,สถานีตำรวจ (ไม่ระบุชื่อ) เมืองปัตตานี,8,E,บูรพา (ตะวันออก),90.0,,— ว่าง —,,,,,,
south-facilities:9401/7,สถานีตำรวจ (ไม่ระบุชื่อ) เมืองปัตตานี,9,EbS,บูรพาค่อนใต้,101.25,south-facilities:9409,สถานีตำรวจ จุดตรวจตำรวจ,สถานีตำรวจ,13.402,18.422,1.375,57.42911560683218,23.014482300423982
south-facilities:9401/7,สถานีตำรวจ (ไม่ระบุชื่อ) เมืองปัตตานี,10,ESE,บูรพา-อาคเนย์,112.5,south-facilities:9401/6,สถานีตำรวจ ตำรวจภูธรจังหวัดปัตตานี,สถานีตำรวจ,1.125,2.435,2.164,57.42911560683218,105.8846811752817
south-facilities:9401/7,สถานีตำรวจ (ไม่ระบุชื่อ) เมืองปัตตานี,11,SEbE,อาคเนย์ค่อนบูรพา,123.75,,— ว่าง —,,,,,,
south-facilities:9401/7,สถานีตำรวจ (ไม่ระบุชื่อ) เมืองปัตตานี,12,SE,อาคเนย์ (ตอ.เฉียงใต้),135.0,,— ว่าง —,,,,,,
south-facilities:9401/7,สถานีตำรวจ (ไม่ระบุชื่อ) เมืองปัตตานี,13,SEbS,อาคเนย์ค่อนใต้,146.25,south-facilities:9410/7,ด่านตรวจ (ไม่ระบุชื่อ) ยะรัง,ด่านตรวจ,19.114,24.734,1.294,57.42911560683218,0.049452655347264105
south-facilities:9401/7,สถานีตำรวจ (ไม่ระบุชื่อ) เมืองปัตตานี,14,SSE,ใต้-อาคเนย์,157.5,south-facilities:9410,ด่านตรวจ จุดตรวจทหาร,ด่านตรวจ,12.646,17.989,1.423,57.42911560683218,0.04965832101841608
south-facilities:9401/7,สถานีตำรวจ (ไม่ระบุชื่อ) เมืองปัตตานี,15,SbE,ใต้ค่อนบูรพา,168.75,south-facilities:9401/2,สถานีตำรวจ จุดตรวจทหาร,สถานีตำรวจ,5.664,8.427,1.488,57.42911560683218,6.489565320273719
south-facilities:9401/7,สถานีตำรวจ (ไม่ระบุชื่อ) เมืองปัตตานี,16,S,ทักษิณ (ใต้),180.0,south-facilities:9401/8,หน่วยทหาร สถานีวิทยุกระจายเสียงแห่งประเทศไทยจังหวัดปัตตานี,หน่วยทหาร,0.249,1.836,7.385,57.42911560683218,93.06510686751373
south-facilities:9401/7,สถานีตำรวจ (ไม่ระบุชื่อ) เมืองปัตตานี,17,SbW,ใต้ค่อนประจิม,191.25,south-facilities:9401/10,โรงพยาบาล โรงพยาบาลธัญญารักษ์ปัตตานี,โรงพยาบาล,0.1,1.944,19.475,57.42911560683218,129.10783566562446
south-facilities:9401/7,สถานีตำรวจ (ไม่ระบุชื่อ) เมืองปัตตานี,18,SSW,ใต้-หรดี,202.5,,— ว่าง —,,,,,,
south-facilities:9401/7,สถานีตำรวจ (ไม่ระบุชื่อ) เมืองปัตตานี,19,SWbS,หรดีค่อนใต้,213.75,south-facilities:9401/4,รพ.สต./สถานีอนามัย Sirirot Hospital,รพ.สต./สถานีอนามัย,5.265,6.693,1.271,57.42911560683218,19.484249309173087
south-facilities:9401/7,สถานีตำรวจ (ไม่ระบุชื่อ) เมืองปัตตานี,20,SW,หรดี (ตต.เฉียงใต้),225.0,south-facilities:9403/2,ด่านตรวจ (ไม่ระบุชื่อ) หนองจิก,ด่านตรวจ,6.061,7.915,1.306,57.42911560683218,0.06267698110883045
south-facilities:9401/7,สถานีตำรวจ (ไม่ระบุชื่อ) เมืองปัตตานี,21,SWbW,หรดีค่อนประจิม,236.25,south-facilities:9403/10,โรงพยาบาล โรงพยาบาลหนองจิก,โรงพยาบาล,10.652,12.711,1.193,57.42911560683218,196.60930205211346
south-facilities:9401/7,สถานีตำรวจ (ไม่ระบุชื่อ) เมืองปัตตานี,22,WSW,ประจิม-หรดี,247.5,south-facilities:9403/4,ด่านตรวจ (ไม่ระบุชื่อ) หนองจิก,ด่านตรวจ,22.648,30.249,1.336,57.42911560683218,0.031339503733419365
south-facilities:9401/7,สถานีตำรวจ (ไม่ระบุชื่อ) เมืองปัตตานี,23,WbS,ประจิมค่อนใต้,258.75,,— ว่าง —,,,,,,
south-facilities:9401/7,สถานีตำรวจ (ไม่ระบุชื่อ) เมืองปัตตานี,24,W,ประจิม (ตะวันตก),270.0,,— ว่าง —,,,,,,
south-facilities:9401/7,สถานีตำรวจ (ไม่ระบุชื่อ) เมืองปัตตานี,25,WbN,ประจิมค่อนเหนือ,281.25,,— ว่าง —,,,,,,
south-facilities:9401/7,สถานีตำรวจ (ไม่ระบุชื่อ) เมืองปัตตานี,26,WNW,ประจิม-พายัพ,292.5,,— ว่าง —,,,,,,
south-facilities:9401/7,สถานีตำรวจ (ไม่ระบุชื่อ) เมืองปัตตานี,27,NWbW,พายัพค่อนประจิม,303.75,south-facilities:9401/9,สถานีตำรวจ (ไม่ระบุชื่อ) เมืองปัตตานี,สถานีตำรวจ,0.301,0.292,0.97,57.42911560683218,55.33509913634674
south-facilities:9401/7,สถานีตำรวจ (ไม่ระบุชื่อ) เมืองปัตตานี,28,NW,พายัพ (ตต.เฉียงเหนือ),315.0,,— ว่าง —,,,,,,
south-facilities:9401/7,สถานีตำรวจ (ไม่ระบุชื่อ) เมืองปัตตานี,29,NWbN,พายัพค่อนเหนือ,326.25,,— ว่าง —,,,,,,
south-facilities:9401/7,สถานีตำรวจ (ไม่ระบุชื่อ) เมืองปัตตานี,30,NNW,เหนือ-พายัพ,337.5,,— ว่าง —,,,,,,
south-facilities:9401/7,สถานีตำรวจ (ไม่ระบุชื่อ) เมืองปัตตานี,31,NbW,เหนือค่อนประจิม,348.75,,— ว่าง —,,,,,,
south-facilities:9401/8,หน่วยทหาร สถานีวิทยุกระจายเสียงแห่งประเทศไทยจังหวัดปัตตานี,0,N,อุดร (เหนือ),0.0,south-facilities:9401/10,โรงพยาบาล โรงพยาบาลธัญญารักษ์ปัตตานี,โรงพยาบาล,0.151,0.109,0.723,93.06510686751373,129.10783566562446
south-facilities:9401/8,หน่วยทหาร สถานีวิทยุกระจายเสียงแห่งประเทศไทยจังหวัดปัตตานี,1,NbE,เหนือค่อนอีสาน,11.25,,— ว่าง —,,,,,,
south-facilities:9401/8,หน่วยทหาร สถานีวิทยุกระจายเสียงแห่งประเทศไทยจังหวัดปัตตานี,2,NNE,เหนือ-อีสาน,22.5,,— ว่าง —,,,,,,
south-facilities:9401/8,หน่วยทหาร สถานีวิทยุกระจายเสียงแห่งประเทศไทยจังหวัดปัตตานี,3,NEbN,อีสานค่อนเหนือ,33.75,,— ว่าง —,,,,,,
south-facilities:9401/8,หน่วยทหาร สถานีวิทยุกระจายเสียงแห่งประเทศไทยจังหวัดปัตตานี,4,NE,อีสาน (ตอ.เฉียงเหนือ),45.0,,— ว่าง —,,,,,,
south-facilities:9401/8,หน่วยทหาร สถานีวิทยุกระจายเสียงแห่งประเทศไทยจังหวัดปัตตานี,5,NEbE,อีสานค่อนบูรพา,56.25,,— ว่าง —,,,,,,
south-facilities:9401/8,หน่วยทหาร สถานีวิทยุกระจายเสียงแห่งประเทศไทยจังหวัดปัตตานี,6,ENE,บูรพา-อีสาน,67.5,,— ว่าง —,,,,,,
south-facilities:9401/8,หน่วยทหาร สถานีวิทยุกระจายเสียงแห่งประเทศไทยจังหวัดปัตตานี,7,EbN,บูรพาค่อนเหนือ,78.75,,— ว่าง —,,,,,,
south-facilities:9401/8,หน่วยทหาร สถานีวิทยุกระจายเสียงแห่งประเทศไทยจังหวัดปัตตานี,8,E,บูรพา (ตะวันออก),90.0,,— ว่าง —,,,,,,
south-facilities:9401/8,หน่วยทหาร สถานีวิทยุกระจายเสียงแห่งประเทศไทยจังหวัดปัตตานี,9,EbS,บูรพาค่อนใต้,101.25,south-facilities:9401/6,สถานีตำรวจ ตำรวจภูธรจังหวัดปัตตานี,สถานีตำรวจ,1.086,1.519,1.399,93.06510686751373,105.8846811752817
south-facilities:9401/8,หน่วยทหาร สถานีวิทยุกระจายเสียงแห่งประเทศไทยจังหวัดปัตตานี,10,ESE,บูรพา-อาคเนย์,112.5,south-facilities:9409/2,สถานีตำรวจ จุดตรวจทหาร,สถานีตำรวจ,8.381,10.359,1.236,93.06510686751373,22.314522057852933
south-facilities:9401/8,หน่วยทหาร สถานีวิทยุกระจายเสียงแห่งประเทศไทยจังหวัดปัตตานี,11,SEbE,อาคเนย์ค่อนบูรพา,123.75,,— ว่าง —,,,,,,
south-facilities:9401/8,หน่วยทหาร สถานีวิทยุกระจายเสียงแห่งประเทศไทยจังหวัดปัตตานี,12,SE,อาคเนย์ (ตอ.เฉียงใต้),135.0,,— ว่าง —,,,,,,
south-facilities:9401/8,หน่วยทหาร สถานีวิทยุกระจายเสียงแห่งประเทศไทยจังหวัดปัตตานี,13,SEbS,อาคเนย์ค่อนใต้,146.25,south-facilities:9410/7,ด่านตรวจ (ไม่ระบุชื่อ) ยะรัง,ด่านตรวจ,18.908,24.519,1.297,93.06510686751373,0.049452655347264105
south-facilities:9401/8,หน่วยทหาร สถานีวิทยุกระจายเสียงแห่งประเทศไทยจังหวัดปัตตานี,14,SSE,ใต้-อาคเนย์,157.5,south-facilities:9410,ด่านตรวจ จุดตรวจทหาร,ด่านตรวจ,12.424,17.774,1.431,93.06510686751373,0.04965832101841608
south-facilities:9401/8,หน่วยทหาร สถานีวิทยุกระจายเสียงแห่งประเทศไทยจังหวัดปัตตานี,15,SbE,ใต้ค่อนบูรพา,168.75,south-facilities:9401/2,สถานีตำรวจ จุดตรวจทหาร,สถานีตำรวจ,5.428,8.212,1.513,93.06510686751373,6.489565320273719
south-facilities:9401/8,หน่วยทหาร สถานีวิทยุกระจายเสียงแห่งประเทศไทยจังหวัดปัตตานี,16,S,ทักษิณ (ใต้),180.0,south-facilities:9401/5,โรงพยาบาล (ไม่ระบุชื่อ) เมืองปัตตานี,โรงพยาบาล,2.573,3.356,1.304,93.06510686751373,94.84995205404881
south-facilities:9401/8,หน่วยทหาร สถานีวิทยุกระจายเสียงแห่งประเทศไทยจังหวัดปัตตานี,17,SbW,ใต้ค่อนประจิม,191.25,,— ว่าง —,,,,,,
south-facilities:9401/8,หน่วยทหาร สถานีวิทยุกระจายเสียงแห่งประเทศไทยจังหวัดปัตตานี,18,SSW,ใต้-หรดี,202.5,,— ว่าง —,,,,,,
south-facilities:9401/8,หน่วยทหาร สถานีวิทยุกระจายเสียงแห่งประเทศไทยจังหวัดปัตตานี,19,SWbS,หรดีค่อนใต้,213.75,south-facilities:9401/4,รพ.สต./สถานีอนามัย Sirirot Hospital,รพ.สต./สถานีอนามัย,5.055,6.479,1.282,93.06510686751373,19.484249309173087
south-facilities:9401/8,หน่วยทหาร สถานีวิทยุกระจายเสียงแห่งประเทศไทยจังหวัดปัตตานี,20,SW,หรดี (ตต.เฉียงใต้),225.0,south-facilities:9403/2,ด่านตรวจ (ไม่ระบุชื่อ) หนองจิก,ด่านตรวจ,5.864,7.7,1.313,93.06510686751373,0.06267698110883045
south-facilities:9401/8,หน่วยทหาร สถานีวิทยุกระจายเสียงแห่งประเทศไทยจังหวัดปัตตานี,21,SWbW,หรดีค่อนประจิม,236.25,south-facilities:9403/10,โรงพยาบาล โรงพยาบาลหนองจิก,โรงพยาบาล,10.491,12.496,1.191,93.06510686751373,196.60930205211346
south-facilities:9401/8,หน่วยทหาร สถานีวิทยุกระจายเสียงแห่งประเทศไทยจังหวัดปัตตานี,22,WSW,ประจิม-หรดี,247.5,south-facilities:9403/4,ด่านตรวจ (ไม่ระบุชื่อ) หนองจิก,ด่านตรวจ,22.544,30.034,1.332,93.06510686751373,0.031339503733419365
south-facilities:9401/8,หน่วยทหาร สถานีวิทยุกระจายเสียงแห่งประเทศไทยจังหวัดปัตตานี,23,WbS,ประจิมค่อนใต้,258.75,,— ว่าง —,,,,,,
south-facilities:9401/8,หน่วยทหาร สถานีวิทยุกระจายเสียงแห่งประเทศไทยจังหวัดปัตตานี,24,W,ประจิม (ตะวันตก),270.0,,— ว่าง —,,,,,,
south-facilities:9401/8,หน่วยทหาร สถานีวิทยุกระจายเสียงแห่งประเทศไทยจังหวัดปัตตานี,25,WbN,ประจิมค่อนเหนือ,281.25,,— ว่าง —,,,,,,
south-facilities:9401/8,หน่วยทหาร สถานีวิทยุกระจายเสียงแห่งประเทศไทยจังหวัดปัตตานี,26,WNW,ประจิม-พายัพ,292.5,,— ว่าง —,,,,,,
south-facilities:9401/8,หน่วยทหาร สถานีวิทยุกระจายเสียงแห่งประเทศไทยจังหวัดปัตตานี,27,NWbW,พายัพค่อนประจิม,303.75,,— ว่าง —,,,,,,
south-facilities:9401/8,หน่วยทหาร สถานีวิทยุกระจายเสียงแห่งประเทศไทยจังหวัดปัตตานี,28,NW,พายัพ (ตต.เฉียงเหนือ),315.0,,— ว่าง —,,,,,,
south-facilities:9401/8,หน่วยทหาร สถานีวิทยุกระจายเสียงแห่งประเทศไทยจังหวัดปัตตานี,29,NWbN,พายัพค่อนเหนือ,326.25,south-facilities:9401/9,สถานีตำรวจ (ไม่ระบุชื่อ) เมืองปัตตานี,สถานีตำรวจ,0.473,2.127,4.493,93.06510686751373,55.33509913634674
south-facilities:9401/8,หน่วยทหาร สถานีวิทยุกระจายเสียงแห่งประเทศไทยจังหวัดปัตตานี,30,NNW,เหนือ-พายัพ,337.5,,— ว่าง —,,,,,,
south-facilities:9401/8,หน่วยทหาร สถานีวิทยุกระจายเสียงแห่งประเทศไทยจังหวัดปัตตานี,31,NbW,เหนือค่อนประจิม,348.75,,— ว่าง —,,,,,,
south-facilities:9401/9,สถานีตำรวจ (ไม่ระบุชื่อ) เมืองปัตตานี,0,N,อุดร (เหนือ),0.0,,— ว่าง —,,,,,,
south-facilities:9401/9,สถานีตำรวจ (ไม่ระบุชื่อ) เมืองปัตตานี,1,NbE,เหนือค่อนอีสาน,11.25,,— ว่าง —,,,,,,
south-facilities:9401/9,สถานีตำรวจ (ไม่ระบุชื่อ) เมืองปัตตานี,2,NNE,เหนือ-อีสาน,22.5,,— ว่าง —,,,,,,
south-facilities:9401/9,สถานีตำรวจ (ไม่ระบุชื่อ) เมืองปัตตานี,3,NEbN,อีสานค่อนเหนือ,33.75,,— ว่าง —,,,,,,
south-facilities:9401/9,สถานีตำรวจ (ไม่ระบุชื่อ) เมืองปัตตานี,4,NE,อีสาน (ตอ.เฉียงเหนือ),45.0,,— ว่าง —,,,,,,
south-facilities:9401/9,สถานีตำรวจ (ไม่ระบุชื่อ) เมืองปัตตานี,5,NEbE,อีสานค่อนบูรพา,56.25,,— ว่าง —,,,,,,
south-facilities:9401/9,สถานีตำรวจ (ไม่ระบุชื่อ) เมืองปัตตานี,6,ENE,บูรพา-อีสาน,67.5,,— ว่าง —,,,,,,
south-facilities:9401/9,สถานีตำรวจ (ไม่ระบุชื่อ) เมืองปัตตานี,7,EbN,บูรพาค่อนเหนือ,78.75,,— ว่าง —,,,,,,
south-facilities:9401/9,สถานีตำรวจ (ไม่ระบุชื่อ) เมืองปัตตานี,8,E,บูรพา (ตะวันออก),90.0,,— ว่าง —,,,,,,
south-facilities:9401/9,สถานีตำรวจ (ไม่ระบุชื่อ) เมืองปัตตานี,9,EbS,บูรพาค่อนใต้,101.25,south-facilities:9409,สถานีตำรวจ จุดตรวจตำรวจ,สถานีตำรวจ,13.691,18.714,1.367,55.33509913634674,23.014482300423982
south-facilities:9401/9,สถานีตำรวจ (ไม่ระบุชื่อ) เมืองปัตตานี,10,ESE,บูรพา-อาคเนย์,112.5,south-facilities:9401/6,สถานีตำรวจ ตำรวจภูธรจังหวัดปัตตานี,สถานีตำรวจ,1.42,2.727,1.921,55.33509913634674,105.8846811752817
south-facilities:9401/9,สถานีตำรวจ (ไม่ระบุชื่อ) เมืองปัตตานี,11,SEbE,อาคเนย์ค่อนบูรพา,123.75,south-facilities:9401/7,สถานีตำรวจ (ไม่ระบุชื่อ) เมืองปัตตานี,สถานีตำรวจ,0.301,0.292,0.97,55.33509913634674,57.42911560683218
south-facilities:9401/9,สถานีตำรวจ (ไม่ระบุชื่อ) เมืองปัตตานี,12,SE,อาคเนย์ (ตอ.เฉียงใต้),135.0,south-facilities:9401/10,โรงพยาบาล โรงพยาบาลธัญญารักษ์ปัตตานี,โรงพยาบาล,0.348,2.236,6.42,55.33509913634674,129.10783566562446
south-facilities:9401/9,สถานีตำรวจ (ไม่ระบุชื่อ) เมืองปัตตานี,13,SEbS,อาคเนย์ค่อนใต้,146.25,south-facilities:9401/8,หน่วยทหาร สถานีวิทยุกระจายเสียงแห่งประเทศไทยจังหวัดปัตตานี,หน่วยทหาร,0.473,2.127,4.493,55.33509913634674,93.06510686751373
south-facilities:9401/9,สถานีตำรวจ (ไม่ระบุชื่อ) เมืองปัตตานี,14,SSE,ใต้-อาคเนย์,157.5,south-facilities:9410,ด่านตรวจ จุดตรวจทหาร,ด่านตรวจ,12.894,18.281,1.418,55.33509913634674,0.04965832101841608
south-facilities:9401/9,สถานีตำรวจ (ไม่ระบุชื่อ) เมืองปัตตานี,15,SbE,ใต้ค่อนบูรพา,168.75,south-facilities:9401/2,สถานีตำรวจ จุดตรวจทหาร,สถานีตำรวจ,5.888,8.718,1.481,55.33509913634674,6.489565320273719
south-facilities:9401/9,สถานีตำรวจ (ไม่ระบุชื่อ) เมืองปัตตานี,16,S,ทักษิณ (ใต้),180.0,south-facilities:9401/5,โรงพยาบาล (ไม่ระบุชื่อ) เมืองปัตตานี,โรงพยาบาล,2.978,3.863,1.297,55.33509913634674,94.84995205404881
south-facilities:9401/9,สถานีตำรวจ (ไม่ระบุชื่อ) เมืองปัตตานี,17,SbW,ใต้ค่อนประจิม,191.25,,— ว่าง —,,,,,,
south-facilities:9401/9,สถานีตำรวจ (ไม่ระบุชื่อ) เมืองปัตตานี,18,SSW,ใต้-หรดี,202.5,,— ว่าง —,,,,,,
south-facilities:9401/9,สถานีตำรวจ (ไม่ระบุชื่อ) เมืองปัตตานี,19,SWbS,หรดีค่อนใต้,213.75,south-facilities:9401/4,รพ.สต./สถานีอนามัย Sirirot Hospital,รพ.สต./สถานีอนามัย,5.26,6.985,1.328,55.33509913634674,19.484249309173087
south-facilities:9401/9,สถานีตำรวจ (ไม่ระบุชื่อ) เมืองปัตตานี,20,SW,หรดี (ตต.เฉียงใต้),225.0,south-facilities:9403/5,โรงพยาบาล โรงพยาบาลค่ายอิงคยุทธบริหาร,โรงพยาบาล,16.421,19.623,1.195,55.33509913634674,76.81403935656984
south-facilities:9401/9,สถานีตำรวจ (ไม่ระบุชื่อ) เมืองปัตตานี,21,SWbW,หรดีค่อนประจิม,236.25,south-facilities:9403/10,โรงพยาบาล โรงพยาบาลหนองจิก,โรงพยาบาล,10.551,13.003,1.232,55.33509913634674,196.60930205211346
south-facilities:9401/9,สถานีตำรวจ (ไม่ระบุชื่อ) เมืองปัตตานี,22,WSW,ประจิม-หรดี,247.5,south-facilities:9403/4,ด่านตรวจ (ไม่ระบุชื่อ) หนองจิก,ด่านตรวจ,22.471,30.541,1.359,55.33509913634674,0.031339503733419365
south-facilities:9401/9,สถานีตำรวจ (ไม่ระบุชื่อ) เมืองปัตตานี,23,WbS,ประจิมค่อนใต้,258.75,,— ว่าง —,,,,,,
south-facilities:9401/9,สถานีตำรวจ (ไม่ระบุชื่อ) เมืองปัตตานี,24,W,ประจิม (ตะวันตก),270.0,,— ว่าง —,,,,,,
south-facilities:9401/9,สถานีตำรวจ (ไม่ระบุชื่อ) เมืองปัตตานี,25,WbN,ประจิมค่อนเหนือ,281.25,,— ว่าง —,,,,,,
south-facilities:9401/9,สถานีตำรวจ (ไม่ระบุชื่อ) เมืองปัตตานี,26,WNW,ประจิม-พายัพ,292.5,,— ว่าง —,,,,,,
south-facilities:9401/9,สถานีตำรวจ (ไม่ระบุชื่อ) เมืองปัตตานี,27,NWbW,พายัพค่อนประจิม,303.75,,— ว่าง —,,,,,,
south-facilities:9401/9,สถานีตำรวจ (ไม่ระบุชื่อ) เมืองปัตตานี,28,NW,พายัพ (ตต.เฉียงเหนือ),315.0,,— ว่าง —,,,,,,
south-facilities:9401/9,สถานีตำรวจ (ไม่ระบุชื่อ) เมืองปัตตานี,29,NWbN,พายัพค่อนเหนือ,326.25,,— ว่าง —,,,,,,
south-facilities:9401/9,สถานีตำรวจ (ไม่ระบุชื่อ) เมืองปัตตานี,30,NNW,เหนือ-พายัพ,337.5,,— ว่าง —,,,,,,
south-facilities:9401/9,สถานีตำรวจ (ไม่ระบุชื่อ) เมืองปัตตานี,31,NbW,เหนือค่อนประจิม,348.75,,— ว่าง —,,,,,,
south-facilities:9401/10,โรงพยาบาล โรงพยาบาลธัญญารักษ์ปัตตานี,0,N,อุดร (เหนือ),0.0,,— ว่าง —,,,,,,
south-facilities:9401/10,โรงพยาบาล โรงพยาบาลธัญญารักษ์ปัตตานี,1,NbE,เหนือค่อนอีสาน,11.25,south-facilities:9401/7,สถานีตำรวจ (ไม่ระบุชื่อ) เมืองปัตตานี,สถานีตำรวจ,0.1,1.944,19.475,129.10783566562446,57.42911560683218
south-facilities:9401/10,โรงพยาบาล โรงพยาบาลธัญญารักษ์ปัตตานี,2,NNE,เหนือ-อีสาน,22.5,,— ว่าง —,,,,,,
south-facilities:9401/10,โรงพยาบาล โรงพยาบาลธัญญารักษ์ปัตตานี,3,NEbN,อีสานค่อนเหนือ,33.75,,— ว่าง —,,,,,,
south-facilities:9401/10,โรงพยาบาล โรงพยาบาลธัญญารักษ์ปัตตานี,4,NE,อีสาน (ตอ.เฉียงเหนือ),45.0,,— ว่าง —,,,,,,
south-facilities:9401/10,โรงพยาบาล โรงพยาบาลธัญญารักษ์ปัตตานี,5,NEbE,อีสานค่อนบูรพา,56.25,,— ว่าง —,,,,,,
south-facilities:9401/10,โรงพยาบาล โรงพยาบาลธัญญารักษ์ปัตตานี,6,ENE,บูรพา-อีสาน,67.5,,— ว่าง —,,,,,,
south-facilities:9401/10,โรงพยาบาล โรงพยาบาลธัญญารักษ์ปัตตานี,7,EbN,บูรพาค่อนเหนือ,78.75,,— ว่าง —,,,,,,
south-facilities:9401/10,โรงพยาบาล โรงพยาบาลธัญญารักษ์ปัตตานี,8,E,บูรพา (ตะวันออก),90.0,,— ว่าง —,,,,,,
south-facilities:9401/10,โรงพยาบาล โรงพยาบาลธัญญารักษ์ปัตตานี,9,EbS,บูรพาค่อนใต้,101.25,south-facilities:9401/6,สถานีตำรวจ ตำรวจภูธรจังหวัดปัตตานี,สถานีตำรวจ,1.117,1.628,1.457,129.10783566562446,105.8846811752817
south-facilities:9401/10,โรงพยาบาล โรงพยาบาลธัญญารักษ์ปัตตานี,10,ESE,บูรพา-อาคเนย์,112.5,south-facilities:9409/2,สถานีตำรวจ จุดตรวจทหาร,สถานีตำรวจ,8.433,10.468,1.241,129.10783566562446,22.314522057852933
south-facilities:9401/10,โรงพยาบาล โรงพยาบาลธัญญารักษ์ปัตตานี,11,SEbE,อาคเนย์ค่อนบูรพา,123.75,,— ว่าง —,,,,,,
south-facilities:9401/10,โรงพยาบาล โรงพยาบาลธัญญารักษ์ปัตตานี,12,SE,อาคเนย์ (ตอ.เฉียงใต้),135.0,,— ว่าง —,,,,,,
south-facilities:9401/10,โรงพยาบาล โรงพยาบาลธัญญารักษ์ปัตตานี,13,SEbS,อาคเนย์ค่อนใต้,146.25,south-facilities:9410/7,ด่านตรวจ (ไม่ระบุชื่อ) ยะรัง,ด่านตรวจ,19.04,24.628,1.293,129.10783566562446,0.049452655347264105
south-facilities:9401/10,โรงพยาบาล โรงพยาบาลธัญญารักษ์ปัตตานี,14,SSE,ใต้-อาคเนย์,157.5,south-facilities:9410,ด่านตรวจ จุดตรวจทหาร,ด่านตรวจ,12.564,17.883,1.423,129.10783566562446,0.04965832101841608
south-facilities:9401/10,โรงพยาบาล โรงพยาบาลธัญญารักษ์ปัตตานี,15,SbE,ใต้ค่อนบูรพา,168.75,south-facilities:9401/2,สถานีตำรวจ จุดตรวจทหาร,สถานีตำรวจ,5.575,8.321,1.493,129.10783566562446,6.489565320273719
south-facilities:9401/10,โรงพยาบาล โรงพยาบาลธัญญารักษ์ปัตตานี,16,S,ทักษิณ (ใต้),180.0,south-facilities:9401/8,หน่วยทหาร สถานีวิทยุกระจายเสียงแห่งประเทศไทยจังหวัดปัตตานี,หน่วยทหาร,0.151,0.109,0.723,129.10783566562446,93.06510686751373
south-facilities:9401/10,โรงพยาบาล โรงพยาบาลธัญญารักษ์ปัตตานี,17,SbW,ใต้ค่อนประจิม,191.25,,— ว่าง —,,,,,,
south-facilities:9401/10,โรงพยาบาล โรงพยาบาลธัญญารักษ์ปัตตานี,18,SSW,ใต้-หรดี,202.5,,— ว่าง —,,,,,,
south-facilities:9401/10,โรงพยาบาล โรงพยาบาลธัญญารักษ์ปัตตานี,19,SWbS,หรดีค่อนใต้,213.75,south-facilities:9401/4,รพ.สต./สถานีอนามัย Sirirot Hospital,รพ.สต./สถานีอนามัย,5.173,6.587,1.273,129.10783566562446,19.484249309173087
south-facilities:9401/10,โรงพยาบาล โรงพยาบาลธัญญารักษ์ปัตตานี,20,SW,หรดี (ตต.เฉียงใต้),225.0,south-facilities:9403/2,ด่านตรวจ (ไม่ระบุชื่อ) หนองจิก,ด่านตรวจ,5.973,7.809,1.307,129.10783566562446,0.06267698110883045
south-facilities:9401/10,โรงพยาบาล โรงพยาบาลธัญญารักษ์ปัตตานี,21,SWbW,หรดีค่อนประจิม,236.25,south-facilities:9403/10,โรงพยาบาล โรงพยาบาลหนองจิก,โรงพยาบาล,10.576,12.605,1.192,129.10783566562446,196.60930205211346
south-facilities:9401/10,โรงพยาบาล โรงพยาบาลธัญญารักษ์ปัตตานี,22,WSW,ประจิม-หรดี,247.5,south-facilities:9403/4,ด่านตรวจ (ไม่ระบุชื่อ) หนองจิก,ด่านตรวจ,22.593,30.143,1.334,129.10783566562446,0.031339503733419365
south-facilities:9401/10,โรงพยาบาล โรงพยาบาลธัญญารักษ์ปัตตานี,23,WbS,ประจิมค่อนใต้,258.75,,— ว่าง —,,,,,,
south-facilities:9401/10,โรงพยาบาล โรงพยาบาลธัญญารักษ์ปัตตานี,24,W,ประจิม (ตะวันตก),270.0,,— ว่าง —,,,,,,
south-facilities:9401/10,โรงพยาบาล โรงพยาบาลธัญญารักษ์ปัตตานี,25,WbN,ประจิมค่อนเหนือ,281.25,,— ว่าง —,,,,,,
south-facilities:9401/10,โรงพยาบาล โรงพยาบาลธัญญารักษ์ปัตตานี,26,WNW,ประจิม-พายัพ,292.5,,— ว่าง —,,,,,,
south-facilities:9401/10,โรงพยาบาล โรงพยาบาลธัญญารักษ์ปัตตานี,27,NWbW,พายัพค่อนประจิม,303.75,,— ว่าง —,,,,,,
south-facilities:9401/10,โรงพยาบาล โรงพยาบาลธัญญารักษ์ปัตตานี,28,NW,พายัพ (ตต.เฉียงเหนือ),315.0,south-facilities:9401/9,สถานีตำรวจ (ไม่ระบุชื่อ) เมืองปัตตานี,สถานีตำรวจ,0.348,2.236,6.42,129.10783566562446,55.33509913634674
south-facilities:9401/10,โรงพยาบาล โรงพยาบาลธัญญารักษ์ปัตตานี,29,NWbN,พายัพค่อนเหนือ,326.25,,— ว่าง —,,,,,,
south-facilities:9401/10,โรงพยาบาล โรงพยาบาลธัญญารักษ์ปัตตานี,30,NNW,เหนือ-พายัพ,337.5,,— ว่าง —,,,,,,
south-facilities:9401/10,โรงพยาบาล โรงพยาบาลธัญญารักษ์ปัตตานี,31,NbW,เหนือค่อนประจิม,348.75,,— ว่าง —,,,,,,
south-facilities:9402,โรงพยาบาล โรงพยาบาลโคกโพธิ์,0,N,อุดร (เหนือ),0.0,,— ว่าง —,,,,,,
south-facilities:9402,โรงพยาบาล โรงพยาบาลโคกโพธิ์,1,NbE,เหนือค่อนอีสาน,11.25,,— ว่าง —,,,,,,
south-facilities:9402,โรงพยาบาล โรงพยาบาลโคกโพธิ์,2,NNE,เหนือ-อีสาน,22.5,south-facilities:9403/6,หน่วยทหาร มณฑลทหารบกที่ 46 - ค่ายอิงคยุทธบริหาร,หน่วยทหาร,6.42,7.188,1.12,110.57702669796572,493.1170496324994
south-facilities:9402,โรงพยาบาล โรงพยาบาลโคกโพธิ์,3,NEbN,อีสานค่อนเหนือ,33.75,south-facilities:9403/7,หน่วยทหาร ค่ายสมเด็จพระศรีสุริโยทัย,หน่วยทหาร,6.145,6.824,1.111,110.57702669796572,586.9212521507228
south-facilities:9402,โรงพยาบาล โรงพยาบาลโคกโพธิ์,4,NE,อีสาน (ตอ.เฉียงเหนือ),45.0,south-facilities:9401/4,รพ.สต./สถานีอนามัย Sirirot Hospital,รพ.สต./สถานีอนามัย,17.806,22.883,1.285,110.57702669796572,19.484249309173087
south-facilities:9402,โรงพยาบาล โรงพยาบาลโคกโพธิ์,5,NEbE,อีสานค่อนบูรพา,56.25,south-facilities:9403/9,หน่วยทหาร สระน้ำป้องเพชร ขกท.พล.15,หน่วยทหาร,6.428,10.715,1.667,110.57702669796572,2052.6084616013945
south-facilities:9402,โรงพยาบาล โรงพยาบาลโคกโพธิ์,6,ENE,บูรพา-อีสาน,67.5,south-facilities:9410,ด่านตรวจ จุดตรวจทหาร,ด่านตรวจ,20.456,28.578,1.397,110.57702669796572,0.04965832101841608
south-facilities:9402,โรงพยาบาล โรงพยาบาลโคกโพธิ์,7,EbN,บูรพาค่อนเหนือ,78.75,,— ว่าง —,,,,,,
south-facilities:9402,โรงพยาบาล โรงพยาบาลโคกโพธิ์,8,E,บูรพา (ตะวันออก),90.0,south-facilities:9410/5,สถานีตำรวจ จุดตรวจทหารพราน,สถานีตำรวจ,18.735,27.297,1.457,110.57702669796572,13.7211158574055
south-facilities:9402,โรงพยาบาล โรงพยาบาลโคกโพธิ์,9,EbS,บูรพาค่อนใต้,101.25,south-facilities:9410/6,สถานีตำรวจ จุดตรวจทหารพราน,สถานีตำรวจ,19.309,29.964,1.552,110.57702669796572,19.91319501737795
south-facilities:9402,โรงพยาบาล โรงพยาบาลโคกโพธิ์,10,ESE,บูรพา-อาคเนย์,112.5,,— ว่าง —,,,,,,
south-facilities:9402,โรงพยาบาล โรงพยาบาลโคกโพธิ์,11,SEbE,อาคเนย์ค่อนบูรพา,123.75,south-facilities:9412,โรงพยาบาล โรงพยาบาลแม่ลาน,โรงพยาบาล,16.135,21.581,1.338,110.57702669796572,87.77848466069065
south-facilities:9402,โรงพยาบาล โรงพยาบาลโคกโพธิ์,12,SE,อาคเนย์ (ตอ.เฉียงใต้),135.0,,— ว่าง —,,,,,,
south-facilities:9402,โรงพยาบาล โรงพยาบาลโคกโพธิ์,13,SEbS,อาคเนย์ค่อนใต้,146.25,,— ว่าง —,,,,,,
south-facilities:9402,โรงพยาบาล โรงพยาบาลโคกโพธิ์,14,SSE,ใต้-อาคเนย์,157.5,,— ว่าง —,,,,,,
south-facilities:9402,โรงพยาบาล โรงพยาบาลโคกโพธิ์,15,SbE,ใต้ค่อนบูรพา,168.75,,— ว่าง —,,,,,,
south-facilities:9402,โรงพยาบาล โรงพยาบาลโคกโพธิ์,16,S,ทักษิณ (ใต้),180.0,,— ว่าง —,,,,,,
south-facilities:9402,โรงพยาบาล โรงพยาบาลโคกโพธิ์,17,SbW,ใต้ค่อนประจิม,191.25,,— ว่าง —,,,,,,
south-facilities:9402,โรงพยาบาล โรงพยาบาลโคกโพธิ์,18,SSW,ใต้-หรดี,202.5,,— ว่าง —,,,,,,
south-facilities:9402,โรงพยาบาล โรงพยาบาลโคกโพธิ์,19,SWbS,หรดีค่อนใต้,213.75,,— ว่าง —,,,,,,
south-facilities:9402,โรงพยาบาล โรงพยาบาลโคกโพธิ์,20,SW,หรดี (ตต.เฉียงใต้),225.0,,— ว่าง —,,,,,,
south-facilities:9402,โรงพยาบาล โรงพยาบาลโคกโพธิ์,21,SWbW,หรดีค่อนประจิม,236.25,south-facilities:9006/2,โรงพยาบาล โรงพยาบาลสะบ้าย้อย,โรงพยาบาล,22.426,28.721,1.281,110.57702669796572,109.1222685433677
south-facilities:9402,โรงพยาบาล โรงพยาบาลโคกโพธิ์,22,WSW,ประจิม-หรดี,247.5,,— ว่าง —,,,,,,
south-facilities:9402,โรงพยาบาล โรงพยาบาลโคกโพธิ์,23,WbS,ประจิมค่อนใต้,258.75,,— ว่าง —,,,,,,
south-facilities:9402,โรงพยาบาล โรงพยาบาลโคกโพธิ์,24,W,ประจิม (ตะวันตก),270.0,,— ว่าง —,,,,,,
south-facilities:9402,โรงพยาบาล โรงพยาบาลโคกโพธิ์,25,WbN,ประจิมค่อนเหนือ,281.25,,— ว่าง —,,,,,,
south-facilities:9402,โรงพยาบาล โรงพยาบาลโคกโพธิ์,26,WNW,ประจิม-พายัพ,292.5,south-facilities:9005/2,โรงพยาบาล โรงพยาบาลเทพา,โรงพยาบาล,19.577,28.069,1.434,110.57702669796572,199.934273707303
south-facilities:9402,โรงพยาบาล โรงพยาบาลโคกโพธิ์,27,NWbW,พายัพค่อนประจิม,303.75,,— ว่าง —,,,,,,
south-facilities:9402,โรงพยาบาล โรงพยาบาลโคกโพธิ์,28,NW,พายัพ (ตต.เฉียงเหนือ),315.0,,— ว่าง —,,,,,,
south-facilities:9402,โรงพยาบาล โรงพยาบาลโคกโพธิ์,29,NWbN,พายัพค่อนเหนือ,326.25,south-facilities:9403/3,ด่านตรวจ (ไม่ระบุชื่อ) หนองจิก,ด่านตรวจ,11.701,15.067,1.288,110.57702669796572,0.07100315476226833
south-facilities:9402,โรงพยาบาล โรงพยาบาลโคกโพธิ์,30,NNW,เหนือ-พายัพ,337.5,,— ว่าง —,,,,,,
south-facilities:9402,โรงพยาบาล โรงพยาบาลโคกโพธิ์,31,NbW,เหนือค่อนประจิม,348.75,,— ว่าง —,,,,,,
south-facilities:9403,ด่านตรวจ (ไม่ระบุชื่อ) หนองจิก,0,N,อุดร (เหนือ),0.0,,— ว่าง —,,,,,,
south-facilities:9403,ด่านตรวจ (ไม่ระบุชื่อ) หนองจิก,1,NbE,เหนือค่อนอีสาน,11.25,,— ว่าง —,,,,,,
south-facilities:9403,ด่านตรวจ (ไม่ระบุชื่อ) หนองจิก,2,NNE,เหนือ-อีสาน,22.5,south-facilities:9403/2,ด่านตรวจ (ไม่ระบุชื่อ) หนองจิก,ด่านตรวจ,0.008,0.225,27.53,0.071001356160795,0.06267698110883045
south-facilities:9403,ด่านตรวจ (ไม่ระบุชื่อ) หนองจิก,3,NEbN,อีสานค่อนเหนือ,33.75,south-facilities:9401/9,สถานีตำรวจ (ไม่ระบุชื่อ) เมืองปัตตานี,สถานีตำรวจ,6.033,8.15,1.351,0.071001356160795,55.33509913634674
south-facilities:9403,ด่านตรวจ (ไม่ระบุชื่อ) หนองจิก,4,NE,อีสาน (ตอ.เฉียงเหนือ),45.0,south-facilities:9401/8,หน่วยทหาร สถานีวิทยุกระจายเสียงแห่งประเทศไทยจังหวัดปัตตานี,หน่วยทหาร,5.871,7.718,1.315,0.071001356160795,93.06510686751373
south-facilities:9403,ด่านตรวจ (ไม่ระบุชื่อ) หนองจิก,5,NEbE,อีสานค่อนบูรพา,56.25,,— ว่าง —,,,,,,
south-facilities:9403,ด่านตรวจ (ไม่ระบุชื่อ) หนองจิก,6,ENE,บูรพา-อีสาน,67.5,south-facilities:9401/4,รพ.สต./สถานีอนามัย Sirirot Hospital,รพ.สต./สถานีอนามัย,0.97,4.24,4.369,0.071001356160795,19.484249309173087
south-facilities:9403,ด่านตรวจ (ไม่ระบุชื่อ) หนองจิก,7,EbN,บูรพาค่อนเหนือ,78.75,south-facilities:9409/2,สถานีตำรวจ จุดตรวจทหาร,สถานีตำรวจ,12.036,13.075,1.086,0.071001356160795,22.314522057852933
south-facilities:9403,ด่านตรวจ (ไม่ระบุชื่อ) หนองจิก,8,E,บูรพา (ตะวันออก),90.0,south-facilities:9401/3,สถานีตำรวจ จุดตรวจทหาร,สถานีตำรวจ,4.215,4.544,1.078,0.071001356160795,16.59197790738034
south-facilities:9403,ด่านตรวจ (ไม่ระบุชื่อ) หนองจิก,9,EbS,บูรพาค่อนใต้,101.25,south-facilities:9401/2,สถานีตำรวจ จุดตรวจทหาร,สถานีตำรวจ,5.476,7.11,1.298,0.071001356160795,6.489565320273719
south-facilities:9403,ด่านตรวจ (ไม่ระบุชื่อ) หนองจิก,10,ESE,บูรพา-อาคเนย์,112.5,,— ว่าง —,,,,,,
south-facilities:9403,ด่านตรวจ (ไม่ระบุชื่อ) หนองจิก,11,SEbE,อาคเนย์ค่อนบูรพา,123.75,south-facilities:9410,ด่านตรวจ จุดตรวจทหาร,ด่านตรวจ,11.345,16.673,1.47,0.071001356160795,0.04965832101841608
south-facilities:9403,ด่านตรวจ (ไม่ระบุชื่อ) หนองจิก,12,SE,อาคเนย์ (ตอ.เฉียงใต้),135.0,south-facilities:9410/7,ด่านตรวจ (ไม่ระบุชื่อ) ยะรัง,ด่านตรวจ,18.066,23.417,1.296,0.071001356160795,0.049452655347264105
south-facilities:9403,ด่านตรวจ (ไม่ระบุชื่อ) หนองจิก,13,SEbS,อาคเนย์ค่อนใต้,146.25,south-facilities:9410/9,โรงพยาบาล โรงพยาบาลยะรัง,โรงพยาบาล,14.235,20.026,1.407,0.071001356160795,105.61915385261318
south-facilities:9403,ด่านตรวจ (ไม่ระบุชื่อ) หนองจิก,14,SSE,ใต้-อาคเนย์,157.5,south-facilities:9410/6,สถานีตำรวจ จุดตรวจทหารพราน,สถานีตำรวจ,17.946,24.118,1.344,0.071001356160795,19.91319501737795
south-facilities:9403,ด่านตรวจ (ไม่ระบุชื่อ) หนองจิก,15,SbE,ใต้ค่อนบูรพา,168.75,south-facilities:9412,โรงพยาบาล โรงพยาบาลแม่ลาน,โรงพยาบาล,21.927,24.426,1.114,0.071001356160795,87.77848466069065
south-facilities:9403,ด่านตรวจ (ไม่ระบุชื่อ) หนองจิก,16,S,ทักษิณ (ใต้),180.0,,— ว่าง —,,,,,,
south-facilities:9403,ด่านตรวจ (ไม่ระบุชื่อ) หนองจิก,17,SbW,ใต้ค่อนประจิม,191.25,,— ว่าง —,,,,,,
south-facilities:9403,ด่านตรวจ (ไม่ระบุชื่อ) หนองจิก,18,SSW,ใต้-หรดี,202.5,,— ว่าง —,,,,,,
south-facilities:9403,ด่านตรวจ (ไม่ระบุชื่อ) หนองจิก,19,SWbS,หรดีค่อนใต้,213.75,south-facilities:9403/8,หน่วยทหาร กรมทหารราบที่ 153,หน่วยทหาร,9.929,13.024,1.312,0.071001356160795,901.8727106366265
south-facilities:9403,ด่านตรวจ (ไม่ระบุชื่อ) หนองจิก,20,SW,หรดี (ตต.เฉียงใต้),225.0,south-facilities:9403/5,โรงพยาบาล โรงพยาบาลค่ายอิงคยุทธบริหาร,โรงพยาบาล,10.43,11.642,1.116,0.071001356160795,76.81403935656984
south-facilities:9403,ด่านตรวจ (ไม่ระบุชื่อ) หนองจิก,21,SWbW,หรดีค่อนประจิม,236.25,,— ว่าง —,,,,,,
south-facilities:9403,ด่านตรวจ (ไม่ระบุชื่อ) หนองจิก,22,WSW,ประจิม-หรดี,247.5,south-facilities:9403/10,โรงพยาบาล โรงพยาบาลหนองจิก,โรงพยาบาล,4.889,5.021,1.027,0.071001356160795,196.60930205211346
south-facilities:9403,ด่านตรวจ (ไม่ระบุชื่อ) หนองจิก,23,WbS,ประจิมค่อนใต้,258.75,south-facilities:9403/4,ด่านตรวจ (ไม่ระบุชื่อ) หนองจิก,ด่านตรวจ,17.529,22.559,1.287,0.071001356160795,0.031339503733419365
south-facilities:9403,ด่านตรวจ (ไม่ระบุชื่อ) หนองจิก,24,W,ประจิม (ตะวันตก),270.0,,— ว่าง —,,,,,,
south-facilities:9403,ด่านตรวจ (ไม่ระบุชื่อ) หนองจิก,25,WbN,ประจิมค่อนเหนือ,281.25,,— ว่าง —,,,,,,
south-facilities:9403,ด่านตรวจ (ไม่ระบุชื่อ) หนองจิก,26,WNW,ประจิม-พายัพ,292.5,,— ว่าง —,,,,,,
south-facilities:9403,ด่านตรวจ (ไม่ระบุชื่อ) หนองจิก,27,NWbW,พายัพค่อนประจิม,303.75,,— ว่าง —,,,,,,
south-facilities:9403,ด่านตรวจ (ไม่ระบุชื่อ) หนองจิก,28,NW,พายัพ (ตต.เฉียงเหนือ),315.0,,— ว่าง —,,,,,,
south-facilities:9403,ด่านตรวจ (ไม่ระบุชื่อ) หนองจิก,29,NWbN,พายัพค่อนเหนือ,326.25,,— ว่าง —,,,,,,
south-facilities:9403,ด่านตรวจ (ไม่ระบุชื่อ) หนองจิก,30,NNW,เหนือ-พายัพ,337.5,,— ว่าง —,,,,,,
south-facilities:9403,ด่านตรวจ (ไม่ระบุชื่อ) หนองจิก,31,NbW,เหนือค่อนประจิม,348.75,,— ว่าง —,,,,,,
south-facilities:9403/2,ด่านตรวจ (ไม่ระบุชื่อ) หนองจิก,0,N,อุดร (เหนือ),0.0,,— ว่าง —,,,,,,
south-facilities:9403/2,ด่านตรวจ (ไม่ระบุชื่อ) หนองจิก,1,NbE,เหนือค่อนอีสาน,11.25,,— ว่าง —,,,,,,
south-facilities:9403/2,ด่านตรวจ (ไม่ระบุชื่อ) หนองจิก,2,NNE,เหนือ-อีสาน,22.5,,— ว่าง —,,,,,,
south-facilities:9403/2,ด่านตรวจ (ไม่ระบุชื่อ) หนองจิก,3,NEbN,อีสานค่อนเหนือ,33.75,south-facilities:9401/9,สถานีตำรวจ (ไม่ระบุชื่อ) เมืองปัตตานี,สถานีตำรวจ,6.025,7.925,1.315,0.06267698110883045,55.33509913634674
south-facilities:9403/2,ด่านตรวจ (ไม่ระบุชื่อ) หนองจิก,4,NE,อีสาน (ตอ.เฉียงเหนือ),45.0,south-facilities:9401/8,หน่วยทหาร สถานีวิทยุกระจายเสียงแห่งประเทศไทยจังหวัดปัตตานี,หน่วยทหาร,5.864,7.493,1.278,0.06267698110883045,93.06510686751373
south-facilities:9403/2,ด่านตรวจ (ไม่ระบุชื่อ) หนองจิก,5,NEbE,อีสานค่อนบูรพา,56.25,,— ว่าง —,,,,,,
south-facilities:9403/2,ด่านตรวจ (ไม่ระบุชื่อ) หนองจิก,6,ENE,บูรพา-อีสาน,67.5,south-facilities:9401/4,รพ.สต./สถานีอนามัย Sirirot Hospital,รพ.สต./สถานีอนามัย,0.966,4.015,4.157,0.06267698110883045,19.484249309173087
south-facilities:9403/2,ด่านตรวจ (ไม่ระบุชื่อ) หนองจิก,7,EbN,บูรพาค่อนเหนือ,78.75,south-facilities:9409/2,สถานีตำรวจ จุดตรวจทหาร,สถานีตำรวจ,12.033,12.85,1.068,0.06267698110883045,22.314522057852933
south-facilities:9403/2,ด่านตรวจ (ไม่ระบุชื่อ) หนองจิก,8,E,บูรพา (ตะวันออก),90.0,south-facilities:9401/3,สถานีตำรวจ จุดตรวจทหาร,สถานีตำรวจ,4.212,4.319,1.025,0.06267698110883045,16.59197790738034
south-facilities:9403/2,ด่านตรวจ (ไม่ระบุชื่อ) หนองจิก,9,EbS,บูรพาค่อนใต้,101.25,south-facilities:9401/2,สถานีตำรวจ จุดตรวจทหาร,สถานีตำรวจ,5.475,6.885,1.258,0.06267698110883045,6.489565320273719
south-facilities:9403/2,ด่านตรวจ (ไม่ระบุชื่อ) หนองจิก,10,ESE,บูรพา-อาคเนย์,112.5,,— ว่าง —,,,,,,
south-facilities:9403/2,ด่านตรวจ (ไม่ระบุชื่อ) หนองจิก,11,SEbE,อาคเนย์ค่อนบูรพา,123.75,south-facilities:9410,ด่านตรวจ จุดตรวจทหาร,ด่านตรวจ,11.348,16.448,1.449,0.06267698110883045,0.04965832101841608
south-facilities:9403/2,ด่านตรวจ (ไม่ระบุชื่อ) หนองจิก,12,SE,อาคเนย์ (ตอ.เฉียงใต้),135.0,south-facilities:9410/7,ด่านตรวจ (ไม่ระบุชื่อ) ยะรัง,ด่านตรวจ,18.07,23.192,1.284,0.06267698110883045,0.049452655347264105
south-facilities:9403/2,ด่านตรวจ (ไม่ระบุชื่อ) หนองจิก,13,SEbS,อาคเนย์ค่อนใต้,146.25,south-facilities:9410/9,โรงพยาบาล โรงพยาบาลยะรัง,โรงพยาบาล,14.239,19.802,1.391,0.06267698110883045,105.61915385261318
south-facilities:9403/2,ด่านตรวจ (ไม่ระบุชื่อ) หนองจิก,14,SSE,ใต้-อาคเนย์,157.5,south-facilities:9410/6,สถานีตำรวจ จุดตรวจทหารพราน,สถานีตำรวจ,17.952,23.894,1.331,0.06267698110883045,19.91319501737795
south-facilities:9403/2,ด่านตรวจ (ไม่ระบุชื่อ) หนองจิก,15,SbE,ใต้ค่อนบูรพา,168.75,south-facilities:9412,โรงพยาบาล โรงพยาบาลแม่ลาน,โรงพยาบาล,21.935,24.201,1.103,0.06267698110883045,87.77848466069065
south-facilities:9403/2,ด่านตรวจ (ไม่ระบุชื่อ) หนองจิก,16,S,ทักษิณ (ใต้),180.0,,— ว่าง —,,,,,,
south-facilities:9403/2,ด่านตรวจ (ไม่ระบุชื่อ) หนองจิก,17,SbW,ใต้ค่อนประจิม,191.25,,— ว่าง —,,,,,,
south-facilities:9403/2,ด่านตรวจ (ไม่ระบุชื่อ) หนองจิก,18,SSW,ใต้-หรดี,202.5,south-facilities:9403,ด่านตรวจ (ไม่ระบุชื่อ) หนองจิก,ด่านตรวจ,0.008,0.631,77.268,0.06267698110883045,0.071001356160795
south-facilities:9403/2,ด่านตรวจ (ไม่ระบุชื่อ) หนองจิก,19,SWbS,หรดีค่อนใต้,213.75,south-facilities:9403/8,หน่วยทหาร กรมทหารราบที่ 153,หน่วยทหาร,9.937,13.655,1.374,0.06267698110883045,901.8727106366265
south-facilities:9403/2,ด่านตรวจ (ไม่ระบุชื่อ) หนองจิก,20,SW,หรดี (ตต.เฉียงใต้),225.0,south-facilities:9403/5,โรงพยาบาล โรงพยาบาลค่ายอิงคยุทธบริหาร,โรงพยาบาล,10.437,12.273,1.176,0.06267698110883045,76.81403935656984
south-facilities:9403/2,ด่านตรวจ (ไม่ระบุชื่อ) หนองจิก,21,SWbW,หรดีค่อนประจิม,236.25,,— ว่าง —,,,,,,
south-facilities:9403/2,ด่านตรวจ (ไม่ระบุชื่อ) หนองจิก,22,WSW,ประจิม-หรดี,247.5,south-facilities:9403/10,โรงพยาบาล โรงพยาบาลหนองจิก,โรงพยาบาล,4.894,5.653,1.155,0.06267698110883045,196.60930205211346
south-facilities:9403/2,ด่านตรวจ (ไม่ระบุชื่อ) หนองจิก,23,WbS,ประจิมค่อนใต้,258.75,south-facilities:9403/4,ด่านตรวจ (ไม่ระบุชื่อ) หนองจิก,ด่านตรวจ,17.533,23.19,1.323,0.06267698110883045,0.031339503733419365
south-facilities:9403/2,ด่านตรวจ (ไม่ระบุชื่อ) หนองจิก,24,W,ประจิม (ตะวันตก),270.0,,— ว่าง —,,,,,,
south-facilities:9403/2,ด่านตรวจ (ไม่ระบุชื่อ) หนองจิก,25,WbN,ประจิมค่อนเหนือ,281.25,,— ว่าง —,,,,,,
south-facilities:9403/2,ด่านตรวจ (ไม่ระบุชื่อ) หนองจิก,26,WNW,ประจิม-พายัพ,292.5,,— ว่าง —,,,,,,
south-facilities:9403/2,ด่านตรวจ (ไม่ระบุชื่อ) หนองจิก,27,NWbW,พายัพค่อนประจิม,303.75,,— ว่าง —,,,,,,
south-facilities:9403/2,ด่านตรวจ (ไม่ระบุชื่อ) หนองจิก,28,NW,พายัพ (ตต.เฉียงเหนือ),315.0,,— ว่าง —,,,,,,
south-facilities:9403/2,ด่านตรวจ (ไม่ระบุชื่อ) หนองจิก,29,NWbN,พายัพค่อนเหนือ,326.25,,— ว่าง —,,,,,,
south-facilities:9403/2,ด่านตรวจ (ไม่ระบุชื่อ) หนองจิก,30,NNW,เหนือ-พายัพ,337.5,,— ว่าง —,,,,,,
south-facilities:9403/2,ด่านตรวจ (ไม่ระบุชื่อ) หนองจิก,31,NbW,เหนือค่อนประจิม,348.75,,— ว่าง —,,,,,,
south-facilities:9403/3,ด่านตรวจ (ไม่ระบุชื่อ) หนองจิก,0,N,อุดร (เหนือ),0.0,,— ว่าง —,,,,,,
south-facilities:9403/3,ด่านตรวจ (ไม่ระบุชื่อ) หนองจิก,1,NbE,เหนือค่อนอีสาน,11.25,south-facilities:9403/4,ด่านตรวจ (ไม่ระบุชื่อ) หนองจิก,ด่านตรวจ,0.026,1.622,62.658,0.07100315476226833,0.031339503733419365
south-facilities:9403/3,ด่านตรวจ (ไม่ระบุชื่อ) หนองจิก,2,NNE,เหนือ-อีสาน,22.5,,— ว่าง —,,,,,,
south-facilities:9403/3,ด่านตรวจ (ไม่ระบุชื่อ) หนองจิก,3,NEbN,อีสานค่อนเหนือ,33.75,,— ว่าง —,,,,,,
south-facilities:9403/3,ด่านตรวจ (ไม่ระบุชื่อ) หนองจิก,4,NE,อีสาน (ตอ.เฉียงเหนือ),45.0,,— ว่าง —,,,,,,
south-facilities:9403/3,ด่านตรวจ (ไม่ระบุชื่อ) หนองจิก,5,NEbE,อีสานค่อนบูรพา,56.25,,— ว่าง —,,,,,,
south-facilities:9403/3,ด่านตรวจ (ไม่ระบุชื่อ) หนองจิก,6,ENE,บูรพา-อีสาน,67.5,south-facilities:9401/9,สถานีตำรวจ (ไม่ระบุชื่อ) เมืองปัตตานี,สถานีตำรวจ,22.486,29.869,1.328,0.07100315476226833,55.33509913634674
south-facilities:9403/3,ด่านตรวจ (ไม่ระบุชื่อ) หนองจิก,7,EbN,บูรพาค่อนเหนือ,78.75,south-facilities:9403/10,โรงพยาบาล โรงพยาบาลหนองจิก,โรงพยาบาล,12.756,19.488,1.528,0.07100315476226833,196.60930205211346
south-facilities:9403/3,ด่านตรวจ (ไม่ระบุชื่อ) หนองจิก,8,E,บูรพา (ตะวันออก),90.0,,— ว่าง —,,,,,,
south-facilities:9403/3,ด่านตรวจ (ไม่ระบุชื่อ) หนองจิก,9,EbS,บูรพาค่อนใต้,101.25,,— ว่าง —,,,,,,
south-facilities:9403/3,ด่านตรวจ (ไม่ระบุชื่อ) หนองจิก,10,ESE,บูรพา-อาคเนย์,112.5,south-facilities:9403/6,หน่วยทหาร มณฑลทหารบกที่ 46 - ค่ายอิงคยุทธบริหาร,หน่วยทหาร,9.832,16.547,1.683,0.07100315476226833,493.1170496324994
south-facilities:9403/3,ด่านตรวจ (ไม่ระบุชื่อ) หนองจิก,11,SEbE,อาคเนย์ค่อนบูรพา,123.75,,— ว่าง —,,,,,,
south-facilities:9403/3,ด่านตรวจ (ไม่ระบุชื่อ) หนองจิก,12,SE,อาคเนย์ (ตอ.เฉียงใต้),135.0,,— ว่าง —,,,,,,
south-facilities:9403/3,ด่านตรวจ (ไม่ระบุชื่อ) หนองจิก,13,SEbS,อาคเนย์ค่อนใต้,146.25,south-facilities:9402,โรงพยาบาล โรงพยาบาลโคกโพธิ์,โรงพยาบาล,11.701,17.308,1.479,0.07100315476226833,110.57702669796572
south-facilities:9403/3,ด่านตรวจ (ไม่ระบุชื่อ) หนองจิก,14,SSE,ใต้-อาคเนย์,157.5,,— ว่าง —,,,,,,
south-facilities:9403/3,ด่านตรวจ (ไม่ระบุชื่อ) หนองจิก,15,SbE,ใต้ค่อนบูรพา,168.75,,— ว่าง —,,,,,,
south-facilities:9403/3,ด่านตรวจ (ไม่ระบุชื่อ) หนองจิก,16,S,ทักษิณ (ใต้),180.0,,— ว่าง —,,,,,,
south-facilities:9403/3,ด่านตรวจ (ไม่ระบุชื่อ) หนองจิก,17,SbW,ใต้ค่อนประจิม,191.25,,— ว่าง —,,,,,,
south-facilities:9403/3,ด่านตรวจ (ไม่ระบุชื่อ) หนองจิก,18,SSW,ใต้-หรดี,202.5,,— ว่าง —,,,,,,
south-facilities:9403/3,ด่านตรวจ (ไม่ระบุชื่อ) หนองจิก,19,SWbS,หรดีค่อนใต้,213.75,,— ว่าง —,,,,,,
south-facilities:9403/3,ด่านตรวจ (ไม่ระบุชื่อ) หนองจิก,20,SW,หรดี (ตต.เฉียงใต้),225.0,,— ว่าง —,,,,,,
south-facilities:9403/3,ด่านตรวจ (ไม่ระบุชื่อ) หนองจิก,21,SWbW,หรดีค่อนประจิม,236.25,,— ว่าง —,,,,,,
south-facilities:9403/3,ด่านตรวจ (ไม่ระบุชื่อ) หนองจิก,22,WSW,ประจิม-หรดี,247.5,,— ว่าง —,,,,,,
south-facilities:9403/3,ด่านตรวจ (ไม่ระบุชื่อ) หนองจิก,23,WbS,ประจิมค่อนใต้,258.75,south-facilities:9005/2,โรงพยาบาล โรงพยาบาลเทพา,โรงพยาบาล,11.681,21.09,1.805,0.07100315476226833,199.934273707303
south-facilities:9403/3,ด่านตรวจ (ไม่ระบุชื่อ) หนองจิก,24,W,ประจิม (ตะวันตก),270.0,,— ว่าง —,,,,,,
south-facilities:9403/3,ด่านตรวจ (ไม่ระบุชื่อ) หนองจิก,25,WbN,ประจิมค่อนเหนือ,281.25,,— ว่าง —,,,,,,
south-facilities:9403/3,ด่านตรวจ (ไม่ระบุชื่อ) หนองจิก,26,WNW,ประจิม-พายัพ,292.5,,— ว่าง —,,,,,,
south-facilities:9403/3,ด่านตรวจ (ไม่ระบุชื่อ) หนองจิก,27,NWbW,พายัพค่อนประจิม,303.75,,— ว่าง —,,,,,,
south-facilities:9403/3,ด่านตรวจ (ไม่ระบุชื่อ) หนองจิก,28,NW,พายัพ (ตต.เฉียงเหนือ),315.0,,— ว่าง —,,,,,,
south-facilities:9403/3,ด่านตรวจ (ไม่ระบุชื่อ) หนองจิก,29,NWbN,พายัพค่อนเหนือ,326.25,,— ว่าง —,,,,,,
south-facilities:9403/3,ด่านตรวจ (ไม่ระบุชื่อ) หนองจิก,30,NNW,เหนือ-พายัพ,337.5,,— ว่าง —,,,,,,
south-facilities:9403/3,ด่านตรวจ (ไม่ระบุชื่อ) หนองจิก,31,NbW,เหนือค่อนประจิม,348.75,,— ว่าง —,,,,,,
south-facilities:9403/4,ด่านตรวจ (ไม่ระบุชื่อ) หนองจิก,0,N,อุดร (เหนือ),0.0,,— ว่าง —,,,,,,
south-facilities:9403/4,ด่านตรวจ (ไม่ระบุชื่อ) หนองจิก,1,NbE,เหนือค่อนอีสาน,11.25,,— ว่าง —,,,,,,
south-facilities:9403/4,ด่านตรวจ (ไม่ระบุชื่อ) หนองจิก,2,NNE,เหนือ-อีสาน,22.5,,— ว่าง —,,,,,,
south-facilities:9403/4,ด่านตรวจ (ไม่ระบุชื่อ) หนองจิก,3,NEbN,อีสานค่อนเหนือ,33.75,,— ว่าง —,,,,,,
south-facilities:9403/4,ด่านตรวจ (ไม่ระบุชื่อ) หนองจิก,4,NE,อีสาน (ตอ.เฉียงเหนือ),45.0,,— ว่าง —,,,,,,
south-facilities:9403/4,ด่านตรวจ (ไม่ระบุชื่อ) หนองจิก,5,NEbE,อีสานค่อนบูรพา,56.25,,— ว่าง —,,,,,,
south-facilities:9403/4,ด่านตรวจ (ไม่ระบุชื่อ) หนองจิก,6,ENE,บูรพา-อีสาน,67.5,south-facilities:9401/9,สถานีตำรวจ (ไม่ระบุชื่อ) เมืองปัตตานี,สถานีตำรวจ,22.471,28.247,1.257,0.031339503733419365,55.33509913634674
south-facilities:9403/4,ด่านตรวจ (ไม่ระบุชื่อ) หนองจิก,7,EbN,บูรพาค่อนเหนือ,78.75,south-facilities:9403/10,โรงพยาบาล โรงพยาบาลหนองจิก,โรงพยาบาล,12.747,17.865,1.402,0.031339503733419365,196.60930205211346
south-facilities:9403/4,ด่านตรวจ (ไม่ระบุชื่อ) หนองจิก,8,E,บูรพา (ตะวันออก),90.0,,— ว่าง —,,,,,,
south-facilities:9403/4,ด่านตรวจ (ไม่ระบุชื่อ) หนองจิก,9,EbS,บูรพาค่อนใต้,101.25,,— ว่าง —,,,,,,
south-facilities:9403/4,ด่านตรวจ (ไม่ระบุชื่อ) หนองจิก,10,ESE,บูรพา-อาคเนย์,112.5,south-facilities:9403/6,หน่วยทหาร มณฑลทหารบกที่ 46 - ค่ายอิงคยุทธบริหาร,หน่วยทหาร,9.836,14.925,1.517,0.031339503733419365,493.1170496324994
south-facilities:9403/4,ด่านตรวจ (ไม่ระบุชื่อ) หนองจิก,11,SEbE,อาคเนย์ค่อนบูรพา,123.75,,— ว่าง —,,,,,,
south-facilities:9403/4,ด่านตรวจ (ไม่ระบุชื่อ) หนองจิก,12,SE,อาคเนย์ (ตอ.เฉียงใต้),135.0,,— ว่าง —,,,,,,
south-facilities:9403/4,ด่านตรวจ (ไม่ระบุชื่อ) หนองจิก,13,SEbS,อาคเนย์ค่อนใต้,146.25,south-facilities:9402,โรงพยาบาล โรงพยาบาลโคกโพธิ์,โรงพยาบาล,11.719,15.686,1.339,0.031339503733419365,110.57702669796572
south-facilities:9403/4,ด่านตรวจ (ไม่ระบุชื่อ) หนองจิก,14,SSE,ใต้-อาคเนย์,157.5,,— ว่าง —,,,,,,
south-facilities:9403/4,ด่านตรวจ (ไม่ระบุชื่อ) หนองจิก,15,SbE,ใต้ค่อนบูรพา,168.75,,— ว่าง —,,,,,,
south-facilities:9403/4,ด่านตรวจ (ไม่ระบุชื่อ) หนองจิก,16,S,ทักษิณ (ใต้),180.0,,— ว่าง —,,,,,,
south-facilities:9403/4,ด่านตรวจ (ไม่ระบุชื่อ) หนองจิก,17,SbW,ใต้ค่อนประจิม,191.25,south-facilities:9403/3,ด่านตรวจ (ไม่ระบุชื่อ) หนองจิก,ด่านตรวจ,0.026,2.222,85.833,0.031339503733419365,0.07100315476226833
south-facilities:9403/4,ด่านตรวจ (ไม่ระบุชื่อ) หนองจิก,18,SSW,ใต้-หรดี,202.5,,— ว่าง —,,,,,,
south-facilities:9403/4,ด่านตรวจ (ไม่ระบุชื่อ) หนองจิก,19,SWbS,หรดีค่อนใต้,213.75,,— ว่าง —,,,,,,
south-facilities:9403/4,ด่านตรวจ (ไม่ระบุชื่อ) หนองจิก,20,SW,หรดี (ตต.เฉียงใต้),225.0,,— ว่าง —,,,,,,
south-facilities:9403/4,ด่านตรวจ (ไม่ระบุชื่อ) หนองจิก,21,SWbW,หรดีค่อนประจิม,236.25,,— ว่าง —,,,,,,
south-facilities:9403/4,ด่านตรวจ (ไม่ระบุชื่อ) หนองจิก,22,WSW,ประจิม-หรดี,247.5,,— ว่าง —,,,,,,
south-facilities:9403/4,ด่านตรวจ (ไม่ระบุชื่อ) หนองจิก,23,WbS,ประจิมค่อนใต้,258.75,south-facilities:9005/2,โรงพยาบาล โรงพยาบาลเทพา,โรงพยาบาล,11.692,23.312,1.994,0.031339503733419365,199.934273707303
south-facilities:9403/4,ด่านตรวจ (ไม่ระบุชื่อ) หนองจิก,24,W,ประจิม (ตะวันตก),270.0,,— ว่าง —,,,,,,
south-facilities:9403/4,ด่านตรวจ (ไม่ระบุชื่อ) หนองจิก,25,WbN,ประจิมค่อนเหนือ,281.25,,— ว่าง —,,,,,,
south-facilities:9403/4,ด่านตรวจ (ไม่ระบุชื่อ) หนองจิก,26,WNW,ประจิม-พายัพ,292.5,,— ว่าง —,,,,,,
south-facilities:9403/4,ด่านตรวจ (ไม่ระบุชื่อ) หนองจิก,27,NWbW,พายัพค่อนประจิม,303.75,,— ว่าง —,,,,,,
south-facilities:9403/4,ด่านตรวจ (ไม่ระบุชื่อ) หนองจิก,28,NW,พายัพ (ตต.เฉียงเหนือ),315.0,,— ว่าง —,,,,,,
south-facilities:9403/4,ด่านตรวจ (ไม่ระบุชื่อ) หนองจิก,29,NWbN,พายัพค่อนเหนือ,326.25,,— ว่าง —,,,,,,
south-facilities:9403/4,ด่านตรวจ (ไม่ระบุชื่อ) หนองจิก,30,NNW,เหนือ-พายัพ,337.5,,— ว่าง —,,,,,,
south-facilities:9403/4,ด่านตรวจ (ไม่ระบุชื่อ) หนองจิก,31,NbW,เหนือค่อนประจิม,348.75,,— ว่าง —,,,,,,
south-facilities:9403/5,โรงพยาบาล โรงพยาบาลค่ายอิงคยุทธบริหาร,0,N,อุดร (เหนือ),0.0,,— ว่าง —,,,,,,
south-facilities:9403/5,โรงพยาบาล โรงพยาบาลค่ายอิงคยุทธบริหาร,1,NbE,เหนือค่อนอีสาน,11.25,,— ว่าง —,,,,,,
south-facilities:9403/5,โรงพยาบาล โรงพยาบาลค่ายอิงคยุทธบริหาร,2,NNE,เหนือ-อีสาน,22.5,,— ว่าง —,,,,,,
south-facilities:9403/5,โรงพยาบาล โรงพยาบาลค่ายอิงคยุทธบริหาร,3,NEbN,อีสานค่อนเหนือ,33.75,south-facilities:9403/10,โรงพยาบาล โรงพยาบาลหนองจิก,โรงพยาบาล,6.156,8.814,1.432,76.81403935656984,196.60930205211346
south-facilities:9403/5,โรงพยาบาล โรงพยาบาลค่ายอิงคยุทธบริหาร,4,NE,อีสาน (ตอ.เฉียงเหนือ),45.0,south-facilities:9403,ด่านตรวจ (ไม่ระบุชื่อ) หนองจิก,ด่านตรวจ,10.43,11.902,1.141,76.81403935656984,0.071001356160795
south-facilities:9403/5,โรงพยาบาล โรงพยาบาลค่ายอิงคยุทธบริหาร,5,NEbE,อีสานค่อนบูรพา,56.25,south-facilities:9401/3,สถานีตำรวจ จุดตรวจทหาร,สถานีตำรวจ,13.691,15.59,1.139,76.81403935656984,16.59197790738034
south-facilities:9403/5,โรงพยาบาล โรงพยาบาลค่ายอิงคยุทธบริหาร,6,ENE,บูรพา-อีสาน,67.5,south-facilities:9401/2,สถานีตำรวจ จุดตรวจทหาร,สถานีตำรวจ,14.412,18.156,1.26,76.81403935656984,6.489565320273719
south-facilities:9403/5,โรงพยาบาล โรงพยาบาลค่ายอิงคยุทธบริหาร,7,EbN,บูรพาค่อนเหนือ,78.75,,— ว่าง —,,,,,,
south-facilities:9403/5,โรงพยาบาล โรงพยาบาลค่ายอิงคยุทธบริหาร,8,E,บูรพา (ตะวันออก),90.0,south-facilities:9410,ด่านตรวจ จุดตรวจทหาร,ด่านตรวจ,16.438,20.98,1.276,76.81403935656984,0.04965832101841608
south-facilities:9403/5,โรงพยาบาล โรงพยาบาลค่ายอิงคยุทธบริหาร,9,EbS,บูรพาค่อนใต้,101.25,south-facilities:9410/9,โรงพยาบาล โรงพยาบาลยะรัง,โรงพยาบาล,16.672,19.468,1.168,76.81403935656984,105.61915385261318
south-facilities:9403/5,โรงพยาบาล โรงพยาบาลค่ายอิงคยุทธบริหาร,10,ESE,บูรพา-อาคเนย์,112.5,south-facilities:9410/5,สถานีตำรวจ จุดตรวจทหารพราน,สถานีตำรวจ,16.564,19.699,1.189,76.81403935656984,13.7211158574055
south-facilities:9403/5,โรงพยาบาล โรงพยาบาลค่ายอิงคยุทธบริหาร,11,SEbE,อาคเนย์ค่อนบูรพา,123.75,south-facilities:9403/8,หน่วยทหาร กรมทหารราบที่ 153,หน่วยทหาร,2.951,3.117,1.056,76.81403935656984,901.8727106366265
south-facilities:9403/5,โรงพยาบาล โรงพยาบาลค่ายอิงคยุทธบริหาร,12,SE,อาคเนย์ (ตอ.เฉียงใต้),135.0,south-facilities:9403/9,หน่วยทหาร สระน้ำป้องเพชร ขกท.พล.15,หน่วยทหาร,3.415,3.117,0.913,76.81403935656984,2052.6084616013945
south-facilities:9403/5,โรงพยาบาล โรงพยาบาลค่ายอิงคยุทธบริหาร,13,SEbS,อาคเนย์ค่อนใต้,146.25,south-facilities:9412,โรงพยาบาล โรงพยาบาลแม่ลาน,โรงพยาบาล,18.033,22.689,1.258,76.81403935656984,87.77848466069065
south-facilities:9403/5,โรงพยาบาล โรงพยาบาลค่ายอิงคยุทธบริหาร,14,SSE,ใต้-อาคเนย์,157.5,south-facilities:9403/7,หน่วยทหาร ค่ายสมเด็จพระศรีสุริโยทัย,หน่วยทหาร,0.992,1.431,1.442,76.81403935656984,586.9212521507228
south-facilities:9403/5,โรงพยาบาล โรงพยาบาลค่ายอิงคยุทธบริหาร,15,SbE,ใต้ค่อนบูรพา,168.75,,— ว่าง —,,,,,,
south-facilities:9403/5,โรงพยาบาล โรงพยาบาลค่ายอิงคยุทธบริหาร,16,S,ทักษิณ (ใต้),180.0,,— ว่าง —,,,,,,
south-facilities:9403/5,โรงพยาบาล โรงพยาบาลค่ายอิงคยุทธบริหาร,17,SbW,ใต้ค่อนประจิม,191.25,,— ว่าง —,,,,,,
south-facilities:9403/5,โรงพยาบาล โรงพยาบาลค่ายอิงคยุทธบริหาร,18,SSW,ใต้-หรดี,202.5,south-facilities:9402,โรงพยาบาล โรงพยาบาลโคกโพธิ์,โรงพยาบาล,6.805,8.275,1.216,76.81403935656984,110.57702669796572
south-facilities:9403/5,โรงพยาบาล โรงพยาบาลค่ายอิงคยุทธบริหาร,19,SWbS,หรดีค่อนใต้,213.75,,— ว่าง —,,,,,,
south-facilities:9403/5,โรงพยาบาล โรงพยาบาลค่ายอิงคยุทธบริหาร,20,SW,หรดี (ตต.เฉียงใต้),225.0,,— ว่าง —,,,,,,
south-facilities:9403/5,โรงพยาบาล โรงพยาบาลค่ายอิงคยุทธบริหาร,21,SWbW,หรดีค่อนประจิม,236.25,,— ว่าง —,,,,,,
south-facilities:9403/5,โรงพยาบาล โรงพยาบาลค่ายอิงคยุทธบริหาร,22,WSW,ประจิม-หรดี,247.5,south-facilities:9403/6,หน่วยทหาร มณฑลทหารบกที่ 46 - ค่ายอิงคยุทธบริหาร,หน่วยทหาร,0.566,1.067,1.885,76.81403935656984,493.1170496324994
south-facilities:9403/5,โรงพยาบาล โรงพยาบาลค่ายอิงคยุทธบริหาร,23,WbS,ประจิมค่อนใต้,258.75,,— ว่าง —,,,,,,
south-facilities:9403/5,โรงพยาบาล โรงพยาบาลค่ายอิงคยุทธบริหาร,24,W,ประจิม (ตะวันตก),270.0,south-facilities:9005/2,โรงพยาบาล โรงพยาบาลเทพา,โรงพยาบาล,21.156,32.893,1.555,76.81403935656984,199.934273707303
south-facilities:9403/5,โรงพยาบาล โรงพยาบาลค่ายอิงคยุทธบริหาร,25,WbN,ประจิมค่อนเหนือ,281.25,,— ว่าง —,,,,,,
south-facilities:9403/5,โรงพยาบาล โรงพยาบาลค่ายอิงคยุทธบริหาร,26,WNW,ประจิม-พายัพ,292.5,south-facilities:9403/3,ด่านตรวจ (ไม่ระบุชื่อ) หนองจิก,ด่านตรวจ,10.268,11.804,1.15,76.81403935656984,0.07100315476226833
south-facilities:9403/5,โรงพยาบาล โรงพยาบาลค่ายอิงคยุทธบริหาร,27,NWbW,พายัพค่อนประจิม,303.75,,— ว่าง —,,,,,,
south-facilities:9403/5,โรงพยาบาล โรงพยาบาลค่ายอิงคยุทธบริหาร,28,NW,พายัพ (ตต.เฉียงเหนือ),315.0,,— ว่าง —,,,,,,
south-facilities:9403/5,โรงพยาบาล โรงพยาบาลค่ายอิงคยุทธบริหาร,29,NWbN,พายัพค่อนเหนือ,326.25,,— ว่าง —,,,,,,
south-facilities:9403/5,โรงพยาบาล โรงพยาบาลค่ายอิงคยุทธบริหาร,30,NNW,เหนือ-พายัพ,337.5,,— ว่าง —,,,,,,
south-facilities:9403/5,โรงพยาบาล โรงพยาบาลค่ายอิงคยุทธบริหาร,31,NbW,เหนือค่อนประจิม,348.75,,— ว่าง —,,,,,,
south-facilities:9403/6,หน่วยทหาร มณฑลทหารบกที่ 46 - ค่ายอิงคยุทธบริหาร,0,N,อุดร (เหนือ),0.0,,— ว่าง —,,,,,,
south-facilities:9403/6,หน่วยทหาร มณฑลทหารบกที่ 46 - ค่ายอิงคยุทธบริหาร,1,NbE,เหนือค่อนอีสาน,11.25,,— ว่าง —,,,,,,
south-facilities:9403/6,หน่วยทหาร มณฑลทหารบกที่ 46 - ค่ายอิงคยุทธบริหาร,2,NNE,เหนือ-อีสาน,22.5,,— ว่าง —,,,,,,
south-facilities:9403/6,หน่วยทหาร มณฑลทหารบกที่ 46 - ค่ายอิงคยุทธบริหาร,3,NEbN,อีสานค่อนเหนือ,33.75,south-facilities:9403/10,โรงพยาบาล โรงพยาบาลหนองจิก,โรงพยาบาล,6.584,9.224,1.401,493.1170496324994,196.60930205211346
south-facilities:9403/6,หน่วยทหาร มณฑลทหารบกที่ 46 - ค่ายอิงคยุทธบริหาร,4,NE,อีสาน (ตอ.เฉียงเหนือ),45.0,south-facilities:9403,ด่านตรวจ (ไม่ระบุชื่อ) หนองจิก,ด่านตรวจ,10.943,12.312,1.125,493.1170496324994,0.071001356160795
south-facilities:9403/6,หน่วยทหาร มณฑลทหารบกที่ 46 - ค่ายอิงคยุทธบริหาร,5,NEbE,อีสานค่อนบูรพา,56.25,south-facilities:9401/3,สถานีตำรวจ จุดตรวจทหาร,สถานีตำรวจ,14.244,16.0,1.123,493.1170496324994,16.59197790738034
south-facilities:9403/6,หน่วยทหาร มณฑลทหารบกที่ 46 - ค่ายอิงคยุทธบริหาร,6,ENE,บูรพา-อีสาน,67.5,south-facilities:9403/5,โรงพยาบาล โรงพยาบาลค่ายอิงคยุทธบริหาร,โรงพยาบาล,0.566,0.41,0.725,493.1170496324994,76.81403935656984
south-facilities:9403/6,หน่วยทหาร มณฑลทหารบกที่ 46 - ค่ายอิงคยุทธบริหาร,7,EbN,บูรพาค่อนเหนือ,78.75,,— ว่าง —,,,,,,
south-facilities:9403/6,หน่วยทหาร มณฑลทหารบกที่ 46 - ค่ายอิงคยุทธบริหาร,8,E,บูรพา (ตะวันออก),90.0,south-facilities:9410,ด่านตรวจ จุดตรวจทหาร,ด่านตรวจ,16.979,21.391,1.26,493.1170496324994,0.04965832101841608
south-facilities:9403/6,หน่วยทหาร มณฑลทหารบกที่ 46 - ค่ายอิงคยุทธบริหาร,9,EbS,บูรพาค่อนใต้,101.25,south-facilities:9410/9,โรงพยาบาล โรงพยาบาลยะรัง,โรงพยาบาล,17.153,19.878,1.159,493.1170496324994,105.61915385261318
south-facilities:9403/6,หน่วยทหาร มณฑลทหารบกที่ 46 - ค่ายอิงคยุทธบริหาร,10,ESE,บูรพา-อาคเนย์,112.5,south-facilities:9403/8,หน่วยทหาร กรมทหารราบที่ 153,หน่วยทหาร,3.365,3.527,1.048,493.1170496324994,901.8727106366265
south-facilities:9403/6,หน่วยทหาร มณฑลทหารบกที่ 46 - ค่ายอิงคยุทธบริหาร,11,SEbE,อาคเนย์ค่อนบูรพา,123.75,south-facilities:9410/4,สถานีตำรวจ จุดตรวจทหารพราน,สถานีตำรวจ,20.975,25.992,1.239,493.1170496324994,3.6302043299591595
south-facilities:9403/6,หน่วยทหาร มณฑลทหารบกที่ 46 - ค่ายอิงคยุทธบริหาร,12,SE,อาคเนย์ (ตอ.เฉียงใต้),135.0,south-facilities:9403/7,หน่วยทหาร ค่ายสมเด็จพระศรีสุริโยทัย,หน่วยทหาร,1.146,0.363,0.317,493.1170496324994,586.9212521507228
south-facilities:9403/6,หน่วยทหาร มณฑลทหารบกที่ 46 - ค่ายอิงคยุทธบริหาร,13,SEbS,อาคเนย์ค่อนใต้,146.25,south-facilities:9412,โรงพยาบาล โรงพยาบาลแม่ลาน,โรงพยาบาล,18.22,23.099,1.268,493.1170496324994,87.77848466069065
south-facilities:9403/6,หน่วยทหาร มณฑลทหารบกที่ 46 - ค่ายอิงคยุทธบริหาร,14,SSE,ใต้-อาคเนย์,157.5,,— ว่าง —,,,,,,
south-facilities:9403/6,หน่วยทหาร มณฑลทหารบกที่ 46 - ค่ายอิงคยุทธบริหาร,15,SbE,ใต้ค่อนบูรพา,168.75,,— ว่าง —,,,,,,
south-facilities:9403/6,หน่วยทหาร มณฑลทหารบกที่ 46 - ค่ายอิงคยุทธบริหาร,16,S,ทักษิณ (ใต้),180.0,,— ว่าง —,,,,,,
south-facilities:9403/6,หน่วยทหาร มณฑลทหารบกที่ 46 - ค่ายอิงคยุทธบริหาร,17,SbW,ใต้ค่อนประจิม,191.25,,— ว่าง —,,,,,,
south-facilities:9403/6,หน่วยทหาร มณฑลทหารบกที่ 46 - ค่ายอิงคยุทธบริหาร,18,SSW,ใต้-หรดี,202.5,south-facilities:9402,โรงพยาบาล โรงพยาบาลโคกโพธิ์,โรงพยาบาล,6.42,7.207,1.123,493.1170496324994,110.57702669796572
south-facilities:9403/6,หน่วยทหาร มณฑลทหารบกที่ 46 - ค่ายอิงคยุทธบริหาร,19,SWbS,หรดีค่อนใต้,213.75,,— ว่าง —,,,,,,
south-facilities:9403/6,หน่วยทหาร มณฑลทหารบกที่ 46 - ค่ายอิงคยุทธบริหาร,20,SW,หรดี (ตต.เฉียงใต้),225.0,,— ว่าง —,,,,,,
south-facilities:9403/6,หน่วยทหาร มณฑลทหารบกที่ 46 - ค่ายอิงคยุทธบริหาร,21,SWbW,หรดีค่อนประจิม,236.25,,— ว่าง —,,,,,,
south-facilities:9403/6,หน่วยทหาร มณฑลทหารบกที่ 46 - ค่ายอิงคยุทธบริหาร,22,WSW,ประจิม-หรดี,247.5,,— ว่าง —,,,,,,
south-facilities:9403/6,หน่วยทหาร มณฑลทหารบกที่ 46 - ค่ายอิงคยุทธบริหาร,23,WbS,ประจิมค่อนใต้,258.75,,— ว่าง —,,,,,,
south-facilities:9403/6,หน่วยทหาร มณฑลทหารบกที่ 46 - ค่ายอิงคยุทธบริหาร,24,W,ประจิม (ตะวันตก),270.0,south-facilities:9005/2,โรงพยาบาล โรงพยาบาลเทพา,โรงพยาบาล,20.633,33.304,1.614,493.1170496324994,199.934273707303
south-facilities:9403/6,หน่วยทหาร มณฑลทหารบกที่ 46 - ค่ายอิงคยุทธบริหาร,25,WbN,ประจิมค่อนเหนือ,281.25,,— ว่าง —,,,,,,
south-facilities:9403/6,หน่วยทหาร มณฑลทหารบกที่ 46 - ค่ายอิงคยุทธบริหาร,26,WNW,ประจิม-พายัพ,292.5,south-facilities:9403/3,ด่านตรวจ (ไม่ระบุชื่อ) หนองจิก,ด่านตรวจ,9.832,12.214,1.242,493.1170496324994,0.07100315476226833
south-facilities:9403/6,หน่วยทหาร มณฑลทหารบกที่ 46 - ค่ายอิงคยุทธบริหาร,27,NWbW,พายัพค่อนประจิม,303.75,,— ว่าง —,,,,,,
south-facilities:9403/6,หน่วยทหาร มณฑลทหารบกที่ 46 - ค่ายอิงคยุทธบริหาร,28,NW,พายัพ (ตต.เฉียงเหนือ),315.0,,— ว่าง —,,,,,,
south-facilities:9403/6,หน่วยทหาร มณฑลทหารบกที่ 46 - ค่ายอิงคยุทธบริหาร,29,NWbN,พายัพค่อนเหนือ,326.25,,— ว่าง —,,,,,,
south-facilities:9403/6,หน่วยทหาร มณฑลทหารบกที่ 46 - ค่ายอิงคยุทธบริหาร,30,NNW,เหนือ-พายัพ,337.5,,— ว่าง —,,,,,,
south-facilities:9403/6,หน่วยทหาร มณฑลทหารบกที่ 46 - ค่ายอิงคยุทธบริหาร,31,NbW,เหนือค่อนประจิม,348.75,,— ว่าง —,,,,,,
south-facilities:9403/7,หน่วยทหาร ค่ายสมเด็จพระศรีสุริโยทัย,0,N,อุดร (เหนือ),0.0,,— ว่าง —,,,,,,
south-facilities:9403/7,หน่วยทหาร ค่ายสมเด็จพระศรีสุริโยทัย,1,NbE,เหนือค่อนอีสาน,11.25,,— ว่าง —,,,,,,
south-facilities:9403/7,หน่วยทหาร ค่ายสมเด็จพระศรีสุริโยทัย,2,NNE,เหนือ-อีสาน,22.5,south-facilities:9403/10,โรงพยาบาล โรงพยาบาลหนองจิก,โรงพยาบาล,6.862,9.588,1.397,586.9212521507228,196.60930205211346
south-facilities:9403/7,หน่วยทหาร ค่ายสมเด็จพระศรีสุริโยทัย,3,NEbN,อีสานค่อนเหนือ,33.75,,— ว่าง —,,,,,,
south-facilities:9403/7,หน่วยทหาร ค่ายสมเด็จพระศรีสุริโยทัย,4,NE,อีสาน (ตอ.เฉียงเหนือ),45.0,south-facilities:9403,ด่านตรวจ (ไม่ระบุชื่อ) หนองจิก,ด่านตรวจ,10.888,12.676,1.164,586.9212521507228,0.071001356160795
south-facilities:9403/7,หน่วยทหาร ค่ายสมเด็จพระศรีสุริโยทัย,5,NEbE,อีสานค่อนบูรพา,56.25,south-facilities:9401/3,สถานีตำรวจ จุดตรวจทหาร,สถานีตำรวจ,13.936,16.363,1.174,586.9212521507228,16.59197790738034
south-facilities:9403/7,หน่วยทหาร ค่ายสมเด็จพระศรีสุริโยทัย,6,ENE,บูรพา-อีสาน,67.5,south-facilities:9409/2,สถานีตำรวจ จุดตรวจทหาร,สถานีตำรวจ,21.542,24.895,1.156,586.9212521507228,22.314522057852933
south-facilities:9403/7,หน่วยทหาร ค่ายสมเด็จพระศรีสุริโยทัย,7,EbN,บูรพาค่อนเหนือ,78.75,,— ว่าง —,,,,,,
south-facilities:9403/7,หน่วยทหาร ค่ายสมเด็จพระศรีสุริโยทัย,8,E,บูรพา (ตะวันออก),90.0,south-facilities:9410,ด่านตรวจ จุดตรวจทหาร,ด่านตรวจ,16.16,21.754,1.346,586.9212521507228,0.04965832101841608
south-facilities:9403/7,หน่วยทหาร ค่ายสมเด็จพระศรีสุริโยทัย,9,EbS,บูรพาค่อนใต้,101.25,south-facilities:9403/8,หน่วยทหาร กรมทหารราบที่ 153,หน่วยทหาร,2.326,3.89,1.672,586.9212521507228,901.8727106366265
south-facilities:9403/7,หน่วยทหาร ค่ายสมเด็จพระศรีสุริโยทัย,10,ESE,บูรพา-อาคเนย์,112.5,south-facilities:9410/6,สถานีตำรวจ จุดตรวจทหารพราน,สถานีตำรวจ,17.538,23.14,1.319,586.9212521507228,19.91319501737795
south-facilities:9403/7,หน่วยทหาร ค่ายสมเด็จพระศรีสุริโยทัย,11,SEbE,อาคเนย์ค่อนบูรพา,123.75,south-facilities:9403/9,หน่วยทหาร สระน้ำป้องเพชร ขกท.พล.15,หน่วยทหาร,2.54,3.89,1.531,586.9212521507228,2052.6084616013945
south-facilities:9403/7,หน่วยทหาร ค่ายสมเด็จพระศรีสุริโยทัย,12,SE,อาคเนย์ (ตอ.เฉียงใต้),135.0,south-facilities:9410/3,สถานีตำรวจ จุดตรวจทหารพราน,สถานีตำรวจ,23.781,32.474,1.366,586.9212521507228,82.80603665022818
south-facilities:9403/7,หน่วยทหาร ค่ายสมเด็จพระศรีสุริโยทัย,13,SEbS,อาคเนย์ค่อนใต้,146.25,south-facilities:9412,โรงพยาบาล โรงพยาบาลแม่ลาน,โรงพยาบาล,17.092,23.463,1.373,586.9212521507228,87.77848466069065
south-facilities:9403/7,หน่วยทหาร ค่ายสมเด็จพระศรีสุริโยทัย,14,SSE,ใต้-อาคเนย์,157.5,,— ว่าง —,,,,,,
south-facilities:9403/7,หน่วยทหาร ค่ายสมเด็จพระศรีสุริโยทัย,15,SbE,ใต้ค่อนบูรพา,168.75,,— ว่าง —,,,,,,
south-facilities:9403/7,หน่วยทหาร ค่ายสมเด็จพระศรีสุริโยทัย,16,S,ทักษิณ (ใต้),180.0,,— ว่าง —,,,,,,
south-facilities:9403/7,หน่วยทหาร ค่ายสมเด็จพระศรีสุริโยทัย,17,SbW,ใต้ค่อนประจิม,191.25,,— ว่าง —,,,,,,
south-facilities:9403/7,หน่วยทหาร ค่ายสมเด็จพระศรีสุริโยทัย,18,SSW,ใต้-หรดี,202.5,,— ว่าง —,,,,,,
south-facilities:9403/7,หน่วยทหาร ค่ายสมเด็จพระศรีสุริโยทัย,19,SWbS,หรดีค่อนใต้,213.75,south-facilities:9402,โรงพยาบาล โรงพยาบาลโคกโพธิ์,โรงพยาบาล,6.145,6.844,1.114,586.9212521507228,110.57702669796572
south-facilities:9403/7,หน่วยทหาร ค่ายสมเด็จพระศรีสุริโยทัย,20,SW,หรดี (ตต.เฉียงใต้),225.0,,— ว่าง —,,,,,,
south-facilities:9403/7,หน่วยทหาร ค่ายสมเด็จพระศรีสุริโยทัย,21,SWbW,หรดีค่อนประจิม,236.25,,— ว่าง —,,,,,,
south-facilities:9403/7,หน่วยทหาร ค่ายสมเด็จพระศรีสุริโยทัย,22,WSW,ประจิม-หรดี,247.5,,— ว่าง —,,,,,,
south-facilities:9403/7,หน่วยทหาร ค่ายสมเด็จพระศรีสุริโยทัย,23,WbS,ประจิมค่อนใต้,258.75,,— ว่าง —,,,,,,
south-facilities:9403/7,หน่วยทหาร ค่ายสมเด็จพระศรีสุริโยทัย,24,W,ประจิม (ตะวันตก),270.0,,— ว่าง —,,,,,,
south-facilities:9403/7,หน่วยทหาร ค่ายสมเด็จพระศรีสุริโยทัย,25,WbN,ประจิมค่อนเหนือ,281.25,south-facilities:9005/2,โรงพยาบาล โรงพยาบาลเทพา,โรงพยาบาล,21.555,33.667,1.562,586.9212521507228,199.934273707303
south-facilities:9403/7,หน่วยทหาร ค่ายสมเด็จพระศรีสุริโยทัย,26,WNW,ประจิม-พายัพ,292.5,south-facilities:9403/3,ด่านตรวจ (ไม่ระบุชื่อ) หนองจิก,ด่านตรวจ,10.92,12.577,1.152,586.9212521507228,0.07100315476226833
south-facilities:9403/7,หน่วยทหาร ค่ายสมเด็จพระศรีสุริโยทัย,27,NWbW,พายัพค่อนประจิม,303.75,,— ว่าง —,,,,,,
south-facilities:9403/7,หน่วยทหาร ค่ายสมเด็จพระศรีสุริโยทัย,28,NW,พายัพ (ตต.เฉียงเหนือ),315.0,south-facilities:9403/6,หน่วยทหาร มณฑลทหารบกที่ 46 - ค่ายอิงคยุทธบริหาร,หน่วยทหาร,1.146,0.363,0.317,586.9212521507228,493.1170496324994
south-facilities:9403/7,หน่วยทหาร ค่ายสมเด็จพระศรีสุริโยทัย,29,NWbN,พายัพค่อนเหนือ,326.25,,— ว่าง —,,,,,,
south-facilities:9403/7,หน่วยทหาร ค่ายสมเด็จพระศรีสุริโยทัย,30,NNW,เหนือ-พายัพ,337.5,south-facilities:9403/5,โรงพยาบาล โรงพยาบาลค่ายอิงคยุทธบริหาร,โรงพยาบาล,0.992,0.774,0.78,586.9212521507228,76.81403935656984
south-facilities:9403/7,หน่วยทหาร ค่ายสมเด็จพระศรีสุริโยทัย,31,NbW,เหนือค่อนประจิม,348.75,,— ว่าง —,,,,,,
south-facilities:9403/8,หน่วยทหาร กรมทหารราบที่ 153,0,N,อุดร (เหนือ),0.0,south-facilities:9403/10,โรงพยาบาล โรงพยาบาลหนองจิก,โรงพยาบาล,6.788,11.285,1.662,901.8727106366265,196.60930205211346
south-facilities:9403/8,หน่วยทหาร กรมทหารราบที่ 153,1,NbE,เหนือค่อนอีสาน,11.25,,— ว่าง —,,,,,,
south-facilities:9403/8,หน่วยทหาร กรมทหารราบที่ 153,2,NNE,เหนือ-อีสาน,22.5,,— ว่าง —,,,,,,
south-facilities:9403/8,หน่วยทหาร กรมทหารราบที่ 153,3,NEbN,อีสานค่อนเหนือ,33.75,south-facilities:9403,ด่านตรวจ (ไม่ระบุชื่อ) หนองจิก,ด่านตรวจ,9.929,13.667,1.376,901.8727106366265,0.071001356160795
south-facilities:9403/8,หน่วยทหาร กรมทหารราบที่ 153,4,NE,อีสาน (ตอ.เฉียงเหนือ),45.0,south-facilities:9401/3,สถานีตำรวจ จุดตรวจทหาร,สถานีตำรวจ,12.445,16.688,1.341,901.8727106366265,16.59197790738034
south-facilities:9403/8,หน่วยทหาร กรมทหารราบที่ 153,5,NEbE,อีสานค่อนบูรพา,56.25,south-facilities:9401/2,สถานีตำรวจ จุดตรวจทหาร,สถานีตำรวจ,12.923,19.254,1.49,901.8727106366265,6.489565320273719
south-facilities:9403/8,หน่วยทหาร กรมทหารราบที่ 153,6,ENE,บูรพา-อีสาน,67.5,south-facilities:9409,สถานีตำรวจ จุดตรวจตำรวจ,สถานีตำรวจ,23.826,26.947,1.131,901.8727106366265,23.014482300423982
south-facilities:9403/8,หน่วยทหาร กรมทหารราบที่ 153,7,EbN,บูรพาค่อนเหนือ,78.75,south-facilities:9410,ด่านตรวจ จุดตรวจทหาร,ด่านตรวจ,13.931,17.864,1.282,901.8727106366265,0.04965832101841608
south-facilities:9403/8,หน่วยทหาร กรมทหารราบที่ 153,8,E,บูรพา (ตะวันออก),90.0,,— ว่าง —,,,,,,
south-facilities:9403/8,หน่วยทหาร กรมทหารราบที่ 153,9,EbS,บูรพาค่อนใต้,101.25,south-facilities:9410/9,โรงพยาบาล โรงพยาบาลยะรัง,โรงพยาบาล,13.829,16.351,1.182,901.8727106366265,105.61915385261318
south-facilities:9403/8,หน่วยทหาร กรมทหารราบที่ 153,10,ESE,บูรพา-อาคเนย์,112.5,south-facilities:9410/5,สถานีตำรวจ จุดตรวจทหารพราน,สถานีตำรวจ,13.663,16.582,1.214,901.8727106366265,13.7211158574055
south-facilities:9403/8,หน่วยทหาร กรมทหารราบที่ 153,11,SEbE,อาคเนย์ค่อนบูรพา,123.75,south-facilities:9410/6,สถานีตำรวจ จุดตรวจทหารพราน,สถานีตำรวจ,15.294,19.25,1.259,901.8727106366265,19.91319501737795
south-facilities:9403/8,หน่วยทหาร กรมทหารราบที่ 153,12,SE,อาคเนย์ (ตอ.เฉียงใต้),135.0,south-facilities:9410/3,สถานีตำรวจ จุดตรวจทหารพราน,สถานีตำรวจ,21.856,28.584,1.308,901.8727106366265,82.80603665022818
south-facilities:9403/8,หน่วยทหาร กรมทหารราบที่ 153,13,SEbS,อาคเนย์ค่อนใต้,146.25,south-facilities:9412,โรงพยาบาล โรงพยาบาลแม่ลาน,โรงพยาบาล,15.41,19.573,1.27,901.8727106366265,87.77848466069065
south-facilities:9403/8,หน่วยทหาร กรมทหารราบที่ 153,14,SSE,ใต้-อาคเนย์,157.5,,— ว่าง —,,,,,,
south-facilities:9403/8,หน่วยทหาร กรมทหารราบที่ 153,15,SbE,ใต้ค่อนบูรพา,168.75,,— ว่าง —,,,,,,
south-facilities:9403/8,หน่วยทหาร กรมทหารราบที่ 153,16,S,ทักษิณ (ใต้),180.0,,— ว่าง —,,,,,,
south-facilities:9403/8,หน่วยทหาร กรมทหารราบที่ 153,17,SbW,ใต้ค่อนประจิม,191.25,south-facilities:9403/9,หน่วยทหาร สระน้ำป้องเพชร ขกท.พล.15,หน่วยทหาร,1.151,0.0,0.0,901.8727106366265,2052.6084616013945
south-facilities:9403/8,หน่วยทหาร กรมทหารราบที่ 153,18,SSW,ใต้-หรดี,202.5,,— ว่าง —,,,,,,
south-facilities:9403/8,หน่วยทหาร กรมทหารราบที่ 153,19,SWbS,หรดีค่อนใต้,213.75,,— ว่าง —,,,,,,
south-facilities:9403/8,หน่วยทหาร กรมทหารราบที่ 153,20,SW,หรดี (ตต.เฉียงใต้),225.0,,— ว่าง —,,,,,,
south-facilities:9403/8,หน่วยทหาร กรมทหารราบที่ 153,21,SWbW,หรดีค่อนประจิม,236.25,south-facilities:9402,โรงพยาบาล โรงพยาบาลโคกโพธิ์,โรงพยาบาล,7.327,10.719,1.463,901.8727106366265,110.57702669796572
south-facilities:9403/8,หน่วยทหาร กรมทหารราบที่ 153,22,WSW,ประจิม-หรดี,247.5,,— ว่าง —,,,,,,
south-facilities:9403/8,หน่วยทหาร กรมทหารราบที่ 153,23,WbS,ประจิมค่อนใต้,258.75,,— ว่าง —,,,,,,
south-facilities:9403/8,หน่วยทหาร กรมทหารราบที่ 153,24,W,ประจิม (ตะวันตก),270.0,,— ว่าง —,,,,,,
south-facilities:9403/8,หน่วยทหาร กรมทหารราบที่ 153,25,WbN,ประจิมค่อนเหนือ,281.25,south-facilities:9403/7,หน่วยทหาร ค่ายสมเด็จพระศรีสุริโยทัย,หน่วยทหาร,2.326,3.875,1.666,901.8727106366265,586.9212521507228
south-facilities:9403/8,หน่วยทหาร กรมทหารราบที่ 153,26,WNW,ประจิม-พายัพ,292.5,south-facilities:9403/6,หน่วยทหาร มณฑลทหารบกที่ 46 - ค่ายอิงคยุทธบริหาร,หน่วยทหาร,3.365,3.511,1.043,901.8727106366265,493.1170496324994
south-facilities:9403/8,หน่วยทหาร กรมทหารราบที่ 153,27,NWbW,พายัพค่อนประจิม,303.75,south-facilities:9403/5,โรงพยาบาล โรงพยาบาลค่ายอิงคยุทธบริหาร,โรงพยาบาล,2.951,3.486,1.181,901.8727106366265,76.81403935656984
south-facilities:9403/8,หน่วยทหาร กรมทหารราบที่ 153,28,NW,พายัพ (ตต.เฉียงเหนือ),315.0,,— ว่าง —,,,,,,
south-facilities:9403/8,หน่วยทหาร กรมทหารราบที่ 153,29,NWbN,พายัพค่อนเหนือ,326.25,,— ว่าง —,,,,,,
south-facilities:9403/8,หน่วยทหาร กรมทหารราบที่ 153,30,NNW,เหนือ-พายัพ,337.5,,— ว่าง —,,,,,,
south-facilities:9403/8,หน่วยทหาร กรมทหารราบที่ 153,31,NbW,เหนือค่อนประจิม,348.75,,— ว่าง —,,,,,,
south-facilities:9403/9,หน่วยทหาร สระน้ำป้องเพชร ขกท.พล.15,0,N,อุดร (เหนือ),0.0,south-facilities:9403/10,โรงพยาบาล โรงพยาบาลหนองจิก,โรงพยาบาล,7.921,11.285,1.425,2052.6084616013945,196.60930205211346
south-facilities:9403/9,หน่วยทหาร สระน้ำป้องเพชร ขกท.พล.15,1,NbE,เหนือค่อนอีสาน,11.25,south-facilities:9403/8,หน่วยทหาร กรมทหารราบที่ 153,หน่วยทหาร,1.151,0.0,0.0,2052.6084616013945,901.8727106366265
south-facilities:9403/9,หน่วยทหาร สระน้ำป้องเพชร ขกท.พล.15,2,NNE,เหนือ-อีสาน,22.5,,— ว่าง —,,,,,,
south-facilities:9403/9,หน่วยทหาร สระน้ำป้องเพชร ขกท.พล.15,3,NEbN,อีสานค่อนเหนือ,33.75,south-facilities:9403,ด่านตรวจ (ไม่ระบุชื่อ) หนองจิก,ด่านตรวจ,11.043,13.667,1.238,2052.6084616013945,0.071001356160795
south-facilities:9403/9,หน่วยทหาร สระน้ำป้องเพชร ขกท.พล.15,4,NE,อีสาน (ตอ.เฉียงเหนือ),45.0,south-facilities:9401/3,สถานีตำรวจ จุดตรวจทหาร,สถานีตำรวจ,13.427,16.688,1.243,2052.6084616013945,16.59197790738034
south-facilities:9403/9,หน่วยทหาร สระน้ำป้องเพชร ขกท.พล.15,5,NEbE,อีสานค่อนบูรพา,56.25,south-facilities:9401/2,สถานีตำรวจ จุดตรวจทหาร,สถานีตำรวจ,13.84,19.254,1.391,2052.6084616013945,6.489565320273719
south-facilities:9403/9,หน่วยทหาร สระน้ำป้องเพชร ขกท.พล.15,6,ENE,บูรพา-อีสาน,67.5,south-facilities:9409,สถานีตำรวจ จุดตรวจตำรวจ,สถานีตำรวจ,24.556,26.947,1.097,2052.6084616013945,23.014482300423982
south-facilities:9403/9,หน่วยทหาร สระน้ำป้องเพชร ขกท.พล.15,7,EbN,บูรพาค่อนเหนือ,78.75,south-facilities:9410,ด่านตรวจ จุดตรวจทหาร,ด่านตรวจ,14.384,17.864,1.242,2052.6084616013945,0.04965832101841608
south-facilities:9403/9,หน่วยทหาร สระน้ำป้องเพชร ขกท.พล.15,8,E,บูรพา (ตะวันออก),90.0,,— ว่าง —,,,,,,
south-facilities:9403/9,หน่วยทหาร สระน้ำป้องเพชร ขกท.พล.15,9,EbS,บูรพาค่อนใต้,101.25,south-facilities:9410/5,สถานีตำรวจ จุดตรวจทหารพราน,สถานีตำรวจ,13.668,16.582,1.213,2052.6084616013945,13.7211158574055
south-facilities:9403/9,หน่วยทหาร สระน้ำป้องเพชร ขกท.พล.15,10,ESE,บูรพา-อาคเนย์,112.5,south-facilities:9410/6,สถานีตำรวจ จุดตรวจทหารพราน,สถานีตำรวจ,15.07,19.25,1.277,2052.6084616013945,19.91319501737795
south-facilities:9403/9,หน่วยทหาร สระน้ำป้องเพชร ขกท.พล.15,11,SEbE,อาคเนย์ค่อนบูรพา,123.75,south-facilities:9410/4,สถานีตำรวจ จุดตรวจทหารพราน,สถานีตำรวจ,17.318,22.465,1.297,2052.6084616013945,3.6302043299591595
south-facilities:9403/9,หน่วยทหาร สระน้ำป้องเพชร ขกท.พล.15,12,SE,อาคเนย์ (ตอ.เฉียงใต้),135.0,south-facilities:9410/3,สถานีตำรวจ จุดตรวจทหารพราน,สถานีตำรวจ,21.254,28.584,1.345,2052.6084616013945,82.80603665022818
south-facilities:9403/9,หน่วยทหาร สระน้ำป้องเพชร ขกท.พล.15,13,SEbS,อาคเนย์ค่อนใต้,146.25,south-facilities:9412,โรงพยาบาล โรงพยาบาลแม่ลาน,โรงพยาบาล,14.64,19.573,1.337,2052.6084616013945,87.77848466069065
south-facilities:9403/9,หน่วยทหาร สระน้ำป้องเพชร ขกท.พล.15,14,SSE,ใต้-อาคเนย์,157.5,,— ว่าง —,,,,,,
south-facilities:9403/9,หน่วยทหาร สระน้ำป้องเพชร ขกท.พล.15,15,SbE,ใต้ค่อนบูรพา,168.75,,— ว่าง —,,,,,,
south-facilities:9403/9,หน่วยทหาร สระน้ำป้องเพชร ขกท.พล.15,16,S,ทักษิณ (ใต้),180.0,,— ว่าง —,,,,,,
south-facilities:9403/9,หน่วยทหาร สระน้ำป้องเพชร ขกท.พล.15,17,SbW,ใต้ค่อนประจิม,191.25,,— ว่าง —,,,,,,
south-facilities:9403/9,หน่วยทหาร สระน้ำป้องเพชร ขกท.พล.15,18,SSW,ใต้-หรดี,202.5,,— ว่าง —,,,,,,
south-facilities:9403/9,หน่วยทหาร สระน้ำป้องเพชร ขกท.พล.15,19,SWbS,หรดีค่อนใต้,213.75,,— ว่าง —,,,,,,
south-facilities:9403/9,หน่วยทหาร สระน้ำป้องเพชร ขกท.พล.15,20,SW,หรดี (ตต.เฉียงใต้),225.0,,— ว่าง —,,,,,,
south-facilities:9403/9,หน่วยทหาร สระน้ำป้องเพชร ขกท.พล.15,21,SWbW,หรดีค่อนประจิม,236.25,south-facilities:9402,โรงพยาบาล โรงพยาบาลโคกโพธิ์,โรงพยาบาล,6.428,10.719,1.667,2052.6084616013945,110.57702669796572
south-facilities:9403/9,หน่วยทหาร สระน้ำป้องเพชร ขกท.พล.15,22,WSW,ประจิม-หรดี,247.5,,— ว่าง —,,,,,,
south-facilities:9403/9,หน่วยทหาร สระน้ำป้องเพชร ขกท.พล.15,23,WbS,ประจิมค่อนใต้,258.75,,— ว่าง —,,,,,,
south-facilities:9403/9,หน่วยทหาร สระน้ำป้องเพชร ขกท.พล.15,24,W,ประจิม (ตะวันตก),270.0,,— ว่าง —,,,,,,
south-facilities:9403/9,หน่วยทหาร สระน้ำป้องเพชร ขกท.พล.15,25,WbN,ประจิมค่อนเหนือ,281.25,south-facilities:9005/2,โรงพยาบาล โรงพยาบาลเทพา,โรงพยาบาล,23.747,35.364,1.489,2052.6084616013945,199.934273707303
south-facilities:9403/9,หน่วยทหาร สระน้ำป้องเพชร ขกท.พล.15,26,WNW,ประจิม-พายัพ,292.5,south-facilities:9403/3,ด่านตรวจ (ไม่ระบุชื่อ) หนองจิก,ด่านตรวจ,13.4,14.275,1.065,2052.6084616013945,0.07100315476226833
south-facilities:9403/9,หน่วยทหาร สระน้ำป้องเพชร ขกท.พล.15,27,NWbW,พายัพค่อนประจิม,303.75,south-facilities:9403/7,หน่วยทหาร ค่ายสมเด็จพระศรีสุริโยทัย,หน่วยทหาร,2.54,3.875,1.525,2052.6084616013945,586.9212521507228
south-facilities:9403/9,หน่วยทหาร สระน้ำป้องเพชร ขกท.พล.15,28,NW,พายัพ (ตต.เฉียงเหนือ),315.0,south-facilities:9403/5,โรงพยาบาล โรงพยาบาลค่ายอิงคยุทธบริหาร,โรงพยาบาล,3.415,3.486,1.021,2052.6084616013945,76.81403935656984
south-facilities:9403/9,หน่วยทหาร สระน้ำป้องเพชร ขกท.พล.15,29,NWbN,พายัพค่อนเหนือ,326.25,,— ว่าง —,,,,,,
south-facilities:9403/9,หน่วยทหาร สระน้ำป้องเพชร ขกท.พล.15,30,NNW,เหนือ-พายัพ,337.5,,— ว่าง —,,,,,,
south-facilities:9403/9,หน่วยทหาร สระน้ำป้องเพชร ขกท.พล.15,31,NbW,เหนือค่อนประจิม,348.75,,— ว่าง —,,,,,,
south-facilities:9403/10,โรงพยาบาล โรงพยาบาลหนองจิก,0,N,อุดร (เหนือ),0.0,,— ว่าง —,,,,,,
south-facilities:9403/10,โรงพยาบาล โรงพยาบาลหนองจิก,1,NbE,เหนือค่อนอีสาน,11.25,,— ว่าง —,,,,,,
south-facilities:9403/10,โรงพยาบาล โรงพยาบาลหนองจิก,2,NNE,เหนือ-อีสาน,22.5,,— ว่าง —,,,,,,
south-facilities:9403/10,โรงพยาบาล โรงพยาบาลหนองจิก,3,NEbN,อีสานค่อนเหนือ,33.75,,— ว่าง —,,,,,,
south-facilities:9403/10,โรงพยาบาล โรงพยาบาลหนองจิก,4,NE,อีสาน (ตอ.เฉียงเหนือ),45.0,,— ว่าง —,,,,,,
south-facilities:9403/10,โรงพยาบาล โรงพยาบาลหนองจิก,5,NEbE,อีสานค่อนบูรพา,56.25,south-facilities:9401/8,หน่วยทหาร สถานีวิทยุกระจายเสียงแห่งประเทศไทยจังหวัดปัตตานี,หน่วยทหาร,10.491,12.704,1.211,196.60930205211346,93.06510686751373
south-facilities:9403/10,โรงพยาบาล โรงพยาบาลหนองจิก,6,ENE,บูรพา-อีสาน,67.5,south-facilities:9403,ด่านตรวจ (ไม่ระบุชื่อ) หนองจิก,ด่านตรวจ,4.889,5.858,1.198,196.60930205211346,0.071001356160795
south-facilities:9403/10,โรงพยาบาล โรงพยาบาลหนองจิก,7,EbN,บูรพาค่อนเหนือ,78.75,south-facilities:9401/3,สถานีตำรวจ จุดตรวจทหาร,สถานีตำรวจ,8.898,9.546,1.073,196.60930205211346,16.59197790738034
south-facilities:9403/10,โรงพยาบาล โรงพยาบาลหนองจิก,8,E,บูรพา (ตะวันออก),90.0,south-facilities:9401/2,สถานีตำรวจ จุดตรวจทหาร,สถานีตำรวจ,9.984,12.112,1.213,196.60930205211346,6.489565320273719
south-facilities:9403/10,โรงพยาบาล โรงพยาบาลหนองจิก,9,EbS,บูรพาค่อนใต้,101.25,,— ว่าง —,,,,,,
south-facilities:9403/10,โรงพยาบาล โรงพยาบาลหนองจิก,10,ESE,บูรพา-อาคเนย์,112.5,south-facilities:9410,ด่านตรวจ จุดตรวจทหาร,ด่านตรวจ,14.402,21.675,1.505,196.60930205211346,0.04965832101841608
south-facilities:9403/10,โรงพยาบาล โรงพยาบาลหนองจิก,11,SEbE,อาคเนย์ค่อนบูรพา,123.75,south-facilities:9410/9,โรงพยาบาล โรงพยาบาลยะรัง,โรงพยาบาล,16.218,23.046,1.421,196.60930205211346,105.61915385261318
south-facilities:9403/10,โรงพยาบาล โรงพยาบาลหนองจิก,12,SE,อาคเนย์ (ตอ.เฉียงใต้),135.0,south-facilities:9410/5,สถานีตำรวจ จุดตรวจทหารพราน,สถานีตำรวจ,16.589,23.277,1.403,196.60930205211346,13.7211158574055
south-facilities:9403/10,โรงพยาบาล โรงพยาบาลหนองจิก,13,SEbS,อาคเนย์ค่อนใต้,146.25,south-facilities:9410/4,สถานีตำรวจ จุดตรวจทหารพราน,สถานีตำรวจ,22.038,29.16,1.323,196.60930205211346,3.6302043299591595
south-facilities:9403/10,โรงพยาบาล โรงพยาบาลหนองจิก,14,SSE,ใต้-อาคเนย์,157.5,south-facilities:9412,โรงพยาบาล โรงพยาบาลแม่ลาน,โรงพยาบาล,21.31,26.267,1.233,196.60930205211346,87.77848466069065
south-facilities:9403/10,โรงพยาบาล โรงพยาบาลหนองจิก,15,SbE,ใต้ค่อนบูรพา,168.75,,— ว่าง —,,,,,,
south-facilities:9403/10,โรงพยาบาล โรงพยาบาลหนองจิก,16,S,ทักษิณ (ใต้),180.0,south-facilities:9403/8,หน่วยทหาร กรมทหารราบที่ 153,หน่วยทหาร,6.788,8.695,1.281,196.60930205211346,901.8727106366265
south-facilities:9403/10,โรงพยาบาล โรงพยาบาลหนองจิก,17,SbW,ใต้ค่อนประจิม,191.25,,— ว่าง —,,,,,,
south-facilities:9403/10,โรงพยาบาล โรงพยาบาลหนองจิก,18,SSW,ใต้-หรดี,202.5,south-facilities:9403/7,หน่วยทหาร ค่ายสมเด็จพระศรีสุริโยทัย,หน่วยทหาร,6.862,7.009,1.021,196.60930205211346,586.9212521507228
south-facilities:9403/10,โรงพยาบาล โรงพยาบาลหนองจิก,19,SWbS,หรดีค่อนใต้,213.75,south-facilities:9403/5,โรงพยาบาล โรงพยาบาลค่ายอิงคยุทธบริหาร,โรงพยาบาล,6.156,6.62,1.075,196.60930205211346,76.81403935656984
south-facilities:9403/10,โรงพยาบาล โรงพยาบาลหนองจิก,20,SW,หรดี (ตต.เฉียงใต้),225.0,,— ว่าง —,,,,,,
south-facilities:9403/10,โรงพยาบาล โรงพยาบาลหนองจิก,21,SWbW,หรดีค่อนประจิม,236.25,,— ว่าง —,,,,,,
south-facilities:9403/10,โรงพยาบาล โรงพยาบาลหนองจิก,22,WSW,ประจิม-หรดี,247.5,,— ว่าง —,,,,,,
south-facilities:9403/10,โรงพยาบาล โรงพยาบาลหนองจิก,23,WbS,ประจิมค่อนใต้,258.75,south-facilities:9403/4,ด่านตรวจ (ไม่ระบุชื่อ) หนองจิก,ด่านตรวจ,12.747,17.538,1.376,196.60930205211346,0.031339503733419365
south-facilities:9403/10,โรงพยาบาล โรงพยาบาลหนองจิก,24,W,ประจิม (ตะวันตก),270.0,,— ว่าง —,,,,,,
south-facilities:9403/10,โรงพยาบาล โรงพยาบาลหนองจิก,25,WbN,ประจิมค่อนเหนือ,281.25,,— ว่าง —,,,,,,
south-facilities:9403/10,โรงพยาบาล โรงพยาบาลหนองจิก,26,WNW,ประจิม-พายัพ,292.5,,— ว่าง —,,,,,,
south-facilities:9403/10,โรงพยาบาล โรงพยาบาลหนองจิก,27,NWbW,พายัพค่อนประจิม,303.75,,— ว่าง —,,,,,,
south-facilities:9403/10,โรงพยาบาล โรงพยาบาลหนองจิก,28,NW,พายัพ (ตต.เฉียงเหนือ),315.0,,— ว่าง —,,,,,,
south-facilities:9403/10,โรงพยาบาล โรงพยาบาลหนองจิก,29,NWbN,พายัพค่อนเหนือ,326.25,,— ว่าง —,,,,,,
south-facilities:9403/10,โรงพยาบาล โรงพยาบาลหนองจิก,30,NNW,เหนือ-พายัพ,337.5,,— ว่าง —,,,,,,
south-facilities:9403/10,โรงพยาบาล โรงพยาบาลหนองจิก,31,NbW,เหนือค่อนประจิม,348.75,,— ว่าง —,,,,,,
south-facilities:9404,โรงพยาบาล โรงพยาบาลปะนาเระ,0,N,อุดร (เหนือ),0.0,,— ว่าง —,,,,,,
south-facilities:9404,โรงพยาบาล โรงพยาบาลปะนาเระ,1,NbE,เหนือค่อนอีสาน,11.25,,— ว่าง —,,,,,,
south-facilities:9404,โรงพยาบาล โรงพยาบาลปะนาเระ,2,NNE,เหนือ-อีสาน,22.5,,— ว่าง —,,,,,,
south-facilities:9404,โรงพยาบาล โรงพยาบาลปะนาเระ,3,NEbN,อีสานค่อนเหนือ,33.75,,— ว่าง —,,,,,,
south-facilities:9404,โรงพยาบาล โรงพยาบาลปะนาเระ,4,NE,อีสาน (ตอ.เฉียงเหนือ),45.0,,— ว่าง —,,,,,,
south-facilities:9404,โรงพยาบาล โรงพยาบาลปะนาเระ,5,NEbE,อีสานค่อนบูรพา,56.25,,— ว่าง —,,,,,,
south-facilities:9404,โรงพยาบาล โรงพยาบาลปะนาเระ,6,ENE,บูรพา-อีสาน,67.5,,— ว่าง —,,,,,,
south-facilities:9404,โรงพยาบาล โรงพยาบาลปะนาเระ,7,EbN,บูรพาค่อนเหนือ,78.75,,— ว่าง —,,,,,,
south-facilities:9404,โรงพยาบาล โรงพยาบาลปะนาเระ,8,E,บูรพา (ตะวันออก),90.0,,— ว่าง —,,,,,,
south-facilities:9404,โรงพยาบาล โรงพยาบาลปะนาเระ,9,EbS,บูรพาค่อนใต้,101.25,,— ว่าง —,,,,,,
south-facilities:9404,โรงพยาบาล โรงพยาบาลปะนาเระ,10,ESE,บูรพา-อาคเนย์,112.5,,— ว่าง —,,,,,,
south-facilities:9404,โรงพยาบาล โรงพยาบาลปะนาเระ,11,SEbE,อาคเนย์ค่อนบูรพา,123.75,,— ว่าง —,,,,,,
south-facilities:9404,โรงพยาบาล โรงพยาบาลปะนาเระ,12,SE,อาคเนย์ (ตอ.เฉียงใต้),135.0,south-facilities:9407/3,โรงพยาบาล โรงพยาบาลสมเด็จพระยุพราชสายบุรี,โรงพยาบาล,21.803,26.293,1.206,90.36589755793817,92.5330404332286
south-facilities:9404,โรงพยาบาล โรงพยาบาลปะนาเระ,13,SEbS,อาคเนย์ค่อนใต้,146.25,,— ว่าง —,,,,,,
south-facilities:9404,โรงพยาบาล โรงพยาบาลปะนาเระ,14,SSE,ใต้-อาคเนย์,157.5,south-facilities:9407/2,สถานีตำรวจ จุดตรวจตำรวจ,สถานีตำรวจ,17.468,33.584,1.923,90.36589755793817,10.149324677184698
south-facilities:9404,โรงพยาบาล โรงพยาบาลปะนาเระ,15,SbE,ใต้ค่อนบูรพา,168.75,south-facilities:9407,สถานีตำรวจ จุดตรวจทหารพราน,สถานีตำรวจ,12.709,37.786,2.973,90.36589755793817,16.928052143588424
south-facilities:9404,โรงพยาบาล โรงพยาบาลปะนาเระ,16,S,ทักษิณ (ใต้),180.0,south-facilities:9405/2,ด่านตรวจ ด่านตรวจบ้านปาลัส 1,ด่านตรวจ,9.704,,,90.36589755793817,0.03312705535472155
south-facilities:9404,โรงพยาบาล โรงพยาบาลปะนาเระ,17,SbW,ใต้ค่อนประจิม,191.25,south-facilities:9405,ด่านตรวจ ด่านตรวจบ้านปาลัส 2,ด่านตรวจ,9.144,27.435,3.0,90.36589755793817,0.06268319126708759
south-facilities:9404,โรงพยาบาล โรงพยาบาลปะนาเระ,18,SSW,ใต้-หรดี,202.5,,— ว่าง —,,,,,,
south-facilities:9404,โรงพยาบาล โรงพยาบาลปะนาเระ,19,SWbS,หรดีค่อนใต้,213.75,south-facilities:9409/6,สถานีตำรวจ จุดตรวจทหาร,สถานีตำรวจ,7.528,9.582,1.273,90.36589755793817,35.057898080453896
south-facilities:9404,โรงพยาบาล โรงพยาบาลปะนาเระ,20,SW,หรดี (ตต.เฉียงใต้),225.0,,— ว่าง —,,,,,,
south-facilities:9404,โรงพยาบาล โรงพยาบาลปะนาเระ,21,SWbW,หรดีค่อนประจิม,236.25,south-facilities:9410/7,ด่านตรวจ (ไม่ระบุชื่อ) ยะรัง,ด่านตรวจ,19.548,32.435,1.659,90.36589755793817,0.049452655347264105
south-facilities:9404,โรงพยาบาล โรงพยาบาลปะนาเระ,22,WSW,ประจิม-หรดี,247.5,south-facilities:9409/5,สถานีตำรวจ จุดตรวจทหาร,สถานีตำรวจ,8.667,16.318,1.883,90.36589755793817,83.59605889258627
south-facilities:9404,โรงพยาบาล โรงพยาบาลปะนาเระ,23,WbS,ประจิมค่อนใต้,258.75,south-facilities:9410,ด่านตรวจ จุดตรวจทหาร,ด่านตรวจ,21.869,32.439,1.483,90.36589755793817,0.04965832101841608
south-facilities:9404,โรงพยาบาล โรงพยาบาลปะนาเระ,24,W,ประจิม (ตะวันตก),270.0,south-facilities:9409/4,สถานีตำรวจ จุดตรวจทหาร,สถานีตำรวจ,11.381,19.791,1.739,90.36589755793817,7.700251367159261
south-facilities:9404,โรงพยาบาล โรงพยาบาลปะนาเระ,25,WbN,ประจิมค่อนเหนือ,281.25,south-facilities:9409/7,โรงพยาบาล โรงพยาบาลยะหริ่ง,โรงพยาบาล,12.151,21.25,1.749,90.36589755793817,113.27715676341076
south-facilities:9404,โรงพยาบาล โรงพยาบาลปะนาเระ,26,WNW,ประจิม-พายัพ,292.5,,— ว่าง —,,,,,,
south-facilities:9404,โรงพยาบาล โรงพยาบาลปะนาเระ,27,NWbW,พายัพค่อนประจิม,303.75,,— ว่าง —,,,,,,
south-facilities:9404,โรงพยาบาล โรงพยาบาลปะนาเระ,28,NW,พายัพ (ตต.เฉียงเหนือ),315.0,,— ว่าง —,,,,,,
south-facilities:9404,โรงพยาบาล โรงพยาบาลปะนาเระ,29,NWbN,พายัพค่อนเหนือ,326.25,,— ว่าง —,,,,,,
south-facilities:9404,โรงพยาบาล โรงพยาบาลปะนาเระ,30,NNW,เหนือ-พายัพ,337.5,,— ว่าง —,,,,,,
south-facilities:9404,โรงพยาบาล โรงพยาบาลปะนาเระ,31,NbW,เหนือค่อนประจิม,348.75,,— ว่าง —,,,,,,
south-facilities:9405,ด่านตรวจ ด่านตรวจบ้านปาลัส 2,0,N,อุดร (เหนือ),0.0,,— ว่าง —,,,,,,
south-facilities:9405,ด่านตรวจ ด่านตรวจบ้านปาลัส 2,1,NbE,เหนือค่อนอีสาน,11.25,south-facilities:9404,โรงพยาบาล โรงพยาบาลปะนาเระ,โรงพยาบาล,9.144,13.636,1.491,0.06268319126708759,90.36589755793817
south-facilities:9405,ด่านตรวจ ด่านตรวจบ้านปาลัส 2,2,NNE,เหนือ-อีสาน,22.5,,— ว่าง —,,,,,,
south-facilities:9405,ด่านตรวจ ด่านตรวจบ้านปาลัส 2,3,NEbN,อีสานค่อนเหนือ,33.75,,— ว่าง —,,,,,,
south-facilities:9405,ด่านตรวจ ด่านตรวจบ้านปาลัส 2,4,NE,อีสาน (ตอ.เฉียงเหนือ),45.0,,— ว่าง —,,,,,,
south-facilities:9405,ด่านตรวจ ด่านตรวจบ้านปาลัส 2,5,NEbE,อีสานค่อนบูรพา,56.25,,— ว่าง —,,,,,,
south-facilities:9405,ด่านตรวจ ด่านตรวจบ้านปาลัส 2,6,ENE,บูรพา-อีสาน,67.5,,— ว่าง —,,,,,,
south-facilities:9405,ด่านตรวจ ด่านตรวจบ้านปาลัส 2,7,EbN,บูรพาค่อนเหนือ,78.75,,— ว่าง —,,,,,,
south-facilities:9405,ด่านตรวจ ด่านตรวจบ้านปาลัส 2,8,E,บูรพา (ตะวันออก),90.0,,— ว่าง —,,,,,,
south-facilities:9405,ด่านตรวจ ด่านตรวจบ้านปาลัส 2,9,EbS,บูรพาค่อนใต้,101.25,,— ว่าง —,,,,,,
south-facilities:9405,ด่านตรวจ ด่านตรวจบ้านปาลัส 2,10,ESE,บูรพา-อาคเนย์,112.5,south-facilities:9407/3,โรงพยาบาล โรงพยาบาลสมเด็จพระยุพราชสายบุรี,โรงพยาบาล,17.154,31.568,1.84,0.06268319126708759,92.5330404332286
south-facilities:9405,ด่านตรวจ ด่านตรวจบ้านปาลัส 2,11,SEbE,อาคเนย์ค่อนบูรพา,123.75,,— ว่าง —,,,,,,
south-facilities:9405,ด่านตรวจ ด่านตรวจบ้านปาลัส 2,12,SE,อาคเนย์ (ตอ.เฉียงใต้),135.0,south-facilities:9405/2,ด่านตรวจ ด่านตรวจบ้านปาลัส 1,ด่านตรวจ,0.928,,,0.06268319126708759,0.03312705535472155
south-facilities:9405,ด่านตรวจ ด่านตรวจบ้านปาลัส 2,13,SEbS,อาคเนย์ค่อนใต้,146.25,,— ว่าง —,,,,,,
south-facilities:9405,ด่านตรวจ ด่านตรวจบ้านปาลัส 2,14,SSE,ใต้-อาคเนย์,157.5,south-facilities:9411,โรงพยาบาล โรงพยาบาลกะพ้อ,โรงพยาบาล,21.978,38.546,1.754,0.06268319126708759,65.17763192168357
south-facilities:9405,ด่านตรวจ ด่านตรวจบ้านปาลัส 2,15,SbE,ใต้ค่อนบูรพา,168.75,,— ว่าง —,,,,,,
south-facilities:9405,ด่านตรวจ ด่านตรวจบ้านปาลัส 2,16,S,ทักษิณ (ใต้),180.0,,— ว่าง —,,,,,,
south-facilities:9405,ด่านตรวจ ด่านตรวจบ้านปาลัส 2,17,SbW,ใต้ค่อนประจิม,191.25,,— ว่าง —,,,,,,
south-facilities:9405,ด่านตรวจ ด่านตรวจบ้านปาลัส 2,18,SSW,ใต้-หรดี,202.5,south-facilities:9406,รพ.สต./สถานีอนามัย โรงพยาบาลส่งเสริมสุขภาพตำบล ทุ่งยางแดง,รพ.สต./สถานีอนามัย,16.535,23.6,1.427,0.06268319126708759,84.1360683896038
south-facilities:9405,ด่านตรวจ ด่านตรวจบ้านปาลัส 2,19,SWbS,หรดีค่อนใต้,213.75,,— ว่าง —,,,,,,
south-facilities:9405,ด่านตรวจ ด่านตรวจบ้านปาลัส 2,20,SW,หรดี (ตต.เฉียงใต้),225.0,,— ว่าง —,,,,,,
south-facilities:9405,ด่านตรวจ ด่านตรวจบ้านปาลัส 2,21,SWbW,หรดีค่อนประจิม,236.25,south-facilities:9405/3,โรงพยาบาล โรงพยาบาลมายอ,โรงพยาบาล,7.799,8.896,1.141,0.06268319126708759,54.68949075923313
south-facilities:9405,ด่านตรวจ ด่านตรวจบ้านปาลัส 2,22,WSW,ประจิม-หรดี,247.5,south-facilities:9410/4,สถานีตำรวจ จุดตรวจทหารพราน,สถานีตำรวจ,21.381,24.703,1.155,0.06268319126708759,3.6302043299591595
south-facilities:9405,ด่านตรวจ ด่านตรวจบ้านปาลัส 2,23,WbS,ประจิมค่อนใต้,258.75,south-facilities:9410/6,สถานีตำรวจ จุดตรวจทหารพราน,สถานีตำรวจ,21.261,25.537,1.201,0.06268319126708759,19.91319501737795
south-facilities:9405,ด่านตรวจ ด่านตรวจบ้านปาลัส 2,24,W,ประจิม (ตะวันตก),270.0,south-facilities:9410/7,ด่านตรวจ (ไม่ระบุชื่อ) ยะรัง,ด่านตรวจ,15.63,18.774,1.201,0.06268319126708759,0.049452655347264105
south-facilities:9405,ด่านตรวจ ด่านตรวจบ้านปาลัส 2,25,WbN,ประจิมค่อนเหนือ,281.25,south-facilities:9410,ด่านตรวจ จุดตรวจทหาร,ด่านตรวจ,20.52,25.018,1.219,0.06268319126708759,0.04965832101841608
south-facilities:9405,ด่านตรวจ ด่านตรวจบ้านปาลัส 2,26,WNW,ประจิม-พายัพ,292.5,,— ว่าง —,,,,,,
south-facilities:9405,ด่านตรวจ ด่านตรวจบ้านปาลัส 2,27,NWbW,พายัพค่อนประจิม,303.75,south-facilities:9409/2,สถานีตำรวจ จุดตรวจทหาร,สถานีตำรวจ,21.084,24.944,1.183,0.06268319126708759,22.314522057852933
south-facilities:9405,ด่านตรวจ ด่านตรวจบ้านปาลัส 2,28,NW,พายัพ (ตต.เฉียงเหนือ),315.0,south-facilities:9409/6,สถานีตำรวจ จุดตรวจทหาร,สถานีตำรวจ,3.837,4.055,1.057,0.06268319126708759,35.057898080453896
south-facilities:9405,ด่านตรวจ ด่านตรวจบ้านปาลัส 2,29,NWbN,พายัพค่อนเหนือ,326.25,,— ว่าง —,,,,,,
south-facilities:9405,ด่านตรวจ ด่านตรวจบ้านปาลัส 2,30,NNW,เหนือ-พายัพ,337.5,,— ว่าง —,,,,,,
south-facilities:9405,ด่านตรวจ ด่านตรวจบ้านปาลัส 2,31,NbW,เหนือค่อนประจิม,348.75,,— ว่าง —,,,,,,
south-facilities:9405/2,ด่านตรวจ ด่านตรวจบ้านปาลัส 1,0,N,อุดร (เหนือ),0.0,south-facilities:9404,โรงพยาบาล โรงพยาบาลปะนาเระ,โรงพยาบาล,9.704,14.765,1.522,0.03312705535472155,90.36589755793817
south-facilities:9405/2,ด่านตรวจ ด่านตรวจบ้านปาลัส 1,1,NbE,เหนือค่อนอีสาน,11.25,,— ว่าง —,,,,,,
south-facilities:9405/2,ด่านตรวจ ด่านตรวจบ้านปาลัส 1,2,NNE,เหนือ-อีสาน,22.5,,— ว่าง —,,,,,,
south-facilities:9405/2,ด่านตรวจ ด่านตรวจบ้านปาลัส 1,3,NEbN,อีสานค่อนเหนือ,33.75,,— ว่าง —,,,,,,
south-facilities:9405/2,ด่านตรวจ ด่านตรวจบ้านปาลัส 1,4,NE,อีสาน (ตอ.เฉียงเหนือ),45.0,,— ว่าง —,,,,,,
south-facilities:9405/2,ด่านตรวจ ด่านตรวจบ้านปาลัส 1,5,NEbE,อีสานค่อนบูรพา,56.25,,— ว่าง —,,,,,,
south-facilities:9405/2,ด่านตรวจ ด่านตรวจบ้านปาลัส 1,6,ENE,บูรพา-อีสาน,67.5,,— ว่าง —,,,,,,
south-facilities:9405/2,ด่านตรวจ ด่านตรวจบ้านปาลัส 1,7,EbN,บูรพาค่อนเหนือ,78.75,,— ว่าง —,,,,,,
south-facilities:9405/2,ด่านตรวจ ด่านตรวจบ้านปาลัส 1,8,E,บูรพา (ตะวันออก),90.0,,— ว่าง —,,,,,,
south-facilities:9405/2,ด่านตรวจ ด่านตรวจบ้านปาลัส 1,9,EbS,บูรพาค่อนใต้,101.25,,— ว่าง —,,,,,,
south-facilities:9405/2,ด่านตรวจ ด่านตรวจบ้านปาลัส 1,10,ESE,บูรพา-อาคเนย์,112.5,south-facilities:9407/3,โรงพยาบาล โรงพยาบาลสมเด็จพระยุพราชสายบุรี,โรงพยาบาล,16.267,19.483,1.198,0.03312705535472155,92.5330404332286
south-facilities:9405/2,ด่านตรวจ ด่านตรวจบ้านปาลัส 1,11,SEbE,อาคเนย์ค่อนบูรพา,123.75,,— ว่าง —,,,,,,
south-facilities:9405/2,ด่านตรวจ ด่านตรวจบ้านปาลัส 1,12,SE,อาคเนย์ (ตอ.เฉียงใต้),135.0,south-facilities:9407/2,สถานีตำรวจ จุดตรวจตำรวจ,สถานีตำรวจ,9.36,9.459,1.011,0.03312705535472155,10.149324677184698
south-facilities:9405/2,ด่านตรวจ ด่านตรวจบ้านปาลัส 1,13,SEbS,อาคเนย์ค่อนใต้,146.25,south-facilities:9407,สถานีตำรวจ จุดตรวจทหารพราน,สถานีตำรวจ,3.601,6.386,1.773,0.03312705535472155,16.928052143588424
south-facilities:9405/2,ด่านตรวจ ด่านตรวจบ้านปาลัส 1,14,SSE,ใต้-อาคเนย์,157.5,south-facilities:9411,โรงพยาบาล โรงพยาบาลกะพ้อ,โรงพยาบาล,21.183,29.362,1.386,0.03312705535472155,65.17763192168357
south-facilities:9405/2,ด่านตรวจ ด่านตรวจบ้านปาลัส 1,15,SbE,ใต้ค่อนบูรพา,168.75,,— ว่าง —,,,,,,
south-facilities:9405/2,ด่านตรวจ ด่านตรวจบ้านปาลัส 1,16,S,ทักษิณ (ใต้),180.0,,— ว่าง —,,,,,,
south-facilities:9405/2,ด่านตรวจ ด่านตรวจบ้านปาลัส 1,17,SbW,ใต้ค่อนประจิม,191.25,,— ว่าง —,,,,,,
south-facilities:9405/2,ด่านตรวจ ด่านตรวจบ้านปาลัส 1,18,SSW,ใต้-หรดี,202.5,south-facilities:9406,รพ.สต./สถานีอนามัย โรงพยาบาลส่งเสริมสุขภาพตำบล ทุ่งยางแดง,รพ.สต./สถานีอนามัย,16.219,24.063,1.484,0.03312705535472155,84.1360683896038
south-facilities:9405/2,ด่านตรวจ ด่านตรวจบ้านปาลัส 1,19,SWbS,หรดีค่อนใต้,213.75,,— ว่าง —,,,,,,
south-facilities:9405/2,ด่านตรวจ ด่านตรวจบ้านปาลัส 1,20,SW,หรดี (ตต.เฉียงใต้),225.0,,— ว่าง —,,,,,,
south-facilities:9405/2,ด่านตรวจ ด่านตรวจบ้านปาลัส 1,21,SWbW,หรดีค่อนประจิม,236.25,south-facilities:9410/3,สถานีตำรวจ จุดตรวจทหารพราน,สถานีตำรวจ,24.236,28.836,1.19,0.03312705535472155,82.80603665022818
south-facilities:9405/2,ด่านตรวจ ด่านตรวจบ้านปาลัส 1,22,WSW,ประจิม-หรดี,247.5,south-facilities:9405/3,โรงพยาบาล โรงพยาบาลมายอ,โรงพยาบาล,8.112,9.359,1.154,0.03312705535472155,54.68949075923313
south-facilities:9405/2,ด่านตรวจ ด่านตรวจบ้านปาลัส 1,23,WbS,ประจิมค่อนใต้,258.75,south-facilities:9410/6,สถานีตำรวจ จุดตรวจทหารพราน,สถานีตำรวจ,21.809,25.999,1.192,0.03312705535472155,19.91319501737795
south-facilities:9405/2,ด่านตรวจ ด่านตรวจบ้านปาลัส 1,24,W,ประจิม (ตะวันตก),270.0,south-facilities:9410/7,ด่านตรวจ (ไม่ระบุชื่อ) ยะรัง,ด่านตรวจ,16.291,19.237,1.181,0.03312705535472155,0.049452655347264105
south-facilities:9405/2,ด่านตรวจ ด่านตรวจบ้านปาลัส 1,25,WbN,ประจิมค่อนเหนือ,281.25,south-facilities:9410,ด่านตรวจ จุดตรวจทหาร,ด่านตรวจ,21.323,26.146,1.226,0.03312705535472155,0.04965832101841608
south-facilities:9405/2,ด่านตรวจ ด่านตรวจบ้านปาลัส 1,26,WNW,ประจิม-พายัพ,292.5,,— ว่าง —,,,,,,
south-facilities:9405/2,ด่านตรวจ ด่านตรวจบ้านปาลัส 1,27,NWbW,พายัพค่อนประจิม,303.75,south-facilities:9409/2,สถานีตำรวจ จุดตรวจทหาร,สถานีตำรวจ,22.009,26.073,1.185,0.03312705535472155,22.314522057852933
south-facilities:9405/2,ด่านตรวจ ด่านตรวจบ้านปาลัส 1,28,NW,พายัพ (ตต.เฉียงเหนือ),315.0,south-facilities:9405,ด่านตรวจ ด่านตรวจบ้านปาลัส 2,ด่านตรวจ,0.928,1.13,1.217,0.03312705535472155,0.06268319126708759
south-facilities:9405/2,ด่านตรวจ ด่านตรวจบ้านปาลัส 1,29,NWbN,พายัพค่อนเหนือ,326.25,,— ว่าง —,,,,,,
south-facilities:9405/2,ด่านตรวจ ด่านตรวจบ้านปาลัส 1,30,NNW,เหนือ-พายัพ,337.5,,— ว่าง —,,,,,,
south-facilities:9405/2,ด่านตรวจ ด่านตรวจบ้านปาลัส 1,31,NbW,เหนือค่อนประจิม,348.75,,— ว่าง —,,,,,,
south-facilities:9405/3,โรงพยาบาล โรงพยาบาลมายอ,0,N,อุดร (เหนือ),0.0,south-facilities:9409/5,สถานีตำรวจ จุดตรวจทหาร,สถานีตำรวจ,10.78,14.724,1.366,54.68949075923313,83.59605889258627
south-facilities:9405/3,โรงพยาบาล โรงพยาบาลมายอ,1,NbE,เหนือค่อนอีสาน,11.25,,— ว่าง —,,,,,,
south-facilities:9405/3,โรงพยาบาล โรงพยาบาลมายอ,2,NNE,เหนือ-อีสาน,22.5,,— ว่าง —,,,,,,
south-facilities:9405/3,โรงพยาบาล โรงพยาบาลมายอ,3,NEbN,อีสานค่อนเหนือ,33.75,south-facilities:9409/6,สถานีตำรวจ จุดตรวจทหาร,สถานีตำรวจ,7.754,12.889,1.662,54.68949075923313,35.057898080453896
south-facilities:9405/3,โรงพยาบาล โรงพยาบาลมายอ,4,NE,อีสาน (ตอ.เฉียงเหนือ),45.0,,— ว่าง —,,,,,,
south-facilities:9405/3,โรงพยาบาล โรงพยาบาลมายอ,5,NEbE,อีสานค่อนบูรพา,56.25,south-facilities:9405,ด่านตรวจ ด่านตรวจบ้านปาลัส 2,ด่านตรวจ,7.799,8.951,1.148,54.68949075923313,0.06268319126708759
south-facilities:9405/3,โรงพยาบาล โรงพยาบาลมายอ,6,ENE,บูรพา-อีสาน,67.5,south-facilities:9405/2,ด่านตรวจ ด่านตรวจบ้านปาลัส 1,ด่านตรวจ,8.112,,,54.68949075923313,0.03312705535472155
south-facilities:9405/3,โรงพยาบาล โรงพยาบาลมายอ,7,EbN,บูรพาค่อนเหนือ,78.75,,— ว่าง —,,,,,,
south-facilities:9405/3,โรงพยาบาล โรงพยาบาลมายอ,8,E,บูรพา (ตะวันออก),90.0,south-facilities:9407,สถานีตำรวจ จุดตรวจทหารพราน,สถานีตำรวจ,9.486,27.145,2.861,54.68949075923313,16.928052143588424
south-facilities:9405/3,โรงพยาบาล โรงพยาบาลมายอ,9,EbS,บูรพาค่อนใต้,101.25,south-facilities:9407/2,สถานีตำรวจ จุดตรวจตำรวจ,สถานีตำรวจ,14.276,31.472,2.205,54.68949075923313,10.149324677184698
south-facilities:9405/3,โรงพยาบาล โรงพยาบาลมายอ,10,ESE,บูรพา-อาคเนย์,112.5,,— ว่าง —,,,,,,
south-facilities:9405/3,โรงพยาบาล โรงพยาบาลมายอ,11,SEbE,อาคเนย์ค่อนบูรพา,123.75,,— ว่าง —,,,,,,
south-facilities:9405/3,โรงพยาบาล โรงพยาบาลมายอ,12,SE,อาคเนย์ (ตอ.เฉียงใต้),135.0,south-facilities:9411,โรงพยาบาล โรงพยาบาลกะพ้อ,โรงพยาบาล,21.484,30.341,1.412,54.68949075923313,65.17763192168357
south-facilities:9405/3,โรงพยาบาล โรงพยาบาลมายอ,13,SEbS,อาคเนย์ค่อนใต้,146.25,,— ว่าง —,,,,,,
south-facilities:9405/3,โรงพยาบาล โรงพยาบาลมายอ,14,SSE,ใต้-อาคเนย์,157.5,,— ว่าง —,,,,,,
south-facilities:9405/3,โรงพยาบาล โรงพยาบาลมายอ,15,SbE,ใต้ค่อนบูรพา,168.75,,— ว่าง —,,,,,,
south-facilities:9405/3,โรงพยาบาล โรงพยาบาลมายอ,16,S,ทักษิณ (ใต้),180.0,south-facilities:9406,รพ.สต./สถานีอนามัย โรงพยาบาลส่งเสริมสุขภาพตำบล ทุ่งยางแดง,รพ.สต./สถานีอนามัย,11.441,15.394,1.345,54.68949075923313,84.1360683896038
south-facilities:9405/3,โรงพยาบาล โรงพยาบาลมายอ,17,SbW,ใต้ค่อนประจิม,191.25,south-facilities:9506/2,ด่านตรวจ (ไม่ระบุชื่อ) รามัน,ด่านตรวจ,18.96,21.111,1.113,54.68949075923313,0.022238985381478615
south-facilities:9405/3,โรงพยาบาล โรงพยาบาลมายอ,18,SSW,ใต้-หรดี,202.5,,— ว่าง —,,,,,,
south-facilities:9405/3,โรงพยาบาล โรงพยาบาลมายอ,19,SWbS,หรดีค่อนใต้,213.75,south-facilities:9501/7,ด่านตรวจ (ไม่ระบุชื่อ) เมืองยะลา,ด่านตรวจ,21.404,29.366,1.372,54.68949075923313,0.055466863256468886
south-facilities:9405/3,โรงพยาบาล โรงพยาบาลมายอ,20,SW,หรดี (ตต.เฉียงใต้),225.0,south-facilities:9410/2,สถานีตำรวจ จุดตรวจทหารพราน,สถานีตำรวจ,19.177,23.752,1.239,54.68949075923313,12.209983621104518
south-facilities:9405/3,โรงพยาบาล โรงพยาบาลมายอ,21,SWbW,หรดีค่อนประจิม,236.25,south-facilities:9410/3,สถานีตำรวจ จุดตรวจทหารพราน,สถานีตำรวจ,16.226,19.477,1.2,54.68949075923313,82.80603665022818
south-facilities:9405/3,โรงพยาบาล โรงพยาบาลมายอ,22,WSW,ประจิม-หรดี,247.5,south-facilities:9410/4,สถานีตำรวจ จุดตรวจทหารพราน,สถานีตำรวจ,13.769,15.807,1.148,54.68949075923313,3.6302043299591595
south-facilities:9405/3,โรงพยาบาล โรงพยาบาลมายอ,23,WbS,ประจิมค่อนใต้,258.75,south-facilities:9405/4,โรงพยาบาล โรงพยาบาลมายอ,โรงพยาบาล,0.056,0.027,0.485,54.68949075923313,80.34645464891182
south-facilities:9405/3,โรงพยาบาล โรงพยาบาลมายอ,24,W,ประจิม (ตะวันตก),270.0,south-facilities:9410/6,สถานีตำรวจ จุดตรวจทหารพราน,สถานีตำรวจ,14.093,16.641,1.181,54.68949075923313,19.91319501737795
south-facilities:9405/3,โรงพยาบาล โรงพยาบาลมายอ,25,WbN,ประจิมค่อนเหนือ,281.25,south-facilities:9410/8,โรงพยาบาล โรงพยาบาลยะรัง,โรงพยาบาล,14.364,16.219,1.129,54.68949075923313,65.42463260752814
south-facilities:9405/3,โรงพยาบาล โรงพยาบาลมายอ,26,WNW,ประจิม-พายัพ,292.5,south-facilities:9410/7,ด่านตรวจ (ไม่ระบุชื่อ) ยะรัง,ด่านตรวจ,9.449,9.878,1.045,54.68949075923313,0.049452655347264105
south-facilities:9405/3,โรงพยาบาล โรงพยาบาลมายอ,27,NWbW,พายัพค่อนประจิม,303.75,south-facilities:9410,ด่านตรวจ จุดตรวจทหาร,ด่านตรวจ,15.704,18.16,1.156,54.68949075923313,0.04965832101841608
south-facilities:9405/3,โรงพยาบาล โรงพยาบาลมายอ,28,NW,พายัพ (ตต.เฉียงเหนือ),315.0,south-facilities:9401,โรงพยาบาล โรงพยาบาลปัตตานี,โรงพยาบาล,24.971,30.819,1.234,54.68949075923313,52.715805974714826
south-facilities:9405/3,โรงพยาบาล โรงพยาบาลมายอ,29,NWbN,พายัพค่อนเหนือ,326.25,south-facilities:9409/2,สถานีตำรวจ จุดตรวจทหาร,สถานีตำรวจ,19.611,28.772,1.467,54.68949075923313,22.314522057852933
south-facilities:9405/3,โรงพยาบาล โรงพยาบาลมายอ,30,NNW,เหนือ-พายัพ,337.5,south-facilities:9409/3,สถานีตำรวจ จุดตรวจทหาร,สถานีตำรวจ,15.892,19.885,1.251,54.68949075923313,18.599504691376566
south-facilities:9405/3,โรงพยาบาล โรงพยาบาลมายอ,31,NbW,เหนือค่อนประจิม,348.75,south-facilities:9409/4,สถานีตำรวจ จุดตรวจทหาร,สถานีตำรวจ,13.758,22.169,1.611,54.68949075923313,7.700251367159261
south-facilities:9405/4,โรงพยาบาล โรงพยาบาลมายอ,0,N,อุดร (เหนือ),0.0,south-facilities:9409/5,สถานีตำรวจ จุดตรวจทหาร,สถานีตำรวจ,10.789,14.751,1.367,80.34645464891182,83.59605889258627
south-facilities:9405/4,โรงพยาบาล โรงพยาบาลมายอ,1,NbE,เหนือค่อนอีสาน,11.25,,— ว่าง —,,,,,,
south-facilities:9405/4,โรงพยาบาล โรงพยาบาลมายอ,2,NNE,เหนือ-อีสาน,22.5,,— ว่าง —,,,,,,
south-facilities:9405/4,โรงพยาบาล โรงพยาบาลมายอ,3,NEbN,อีสานค่อนเหนือ,33.75,south-facilities:9409/6,สถานีตำรวจ จุดตรวจทหาร,สถานีตำรวจ,7.791,12.916,1.658,80.34645464891182,35.057898080453896
south-facilities:9405/4,โรงพยาบาล โรงพยาบาลมายอ,4,NE,อีสาน (ตอ.เฉียงเหนือ),45.0,,— ว่าง —,,,,,,
south-facilities:9405/4,โรงพยาบาล โรงพยาบาลมายอ,5,NEbE,อีสานค่อนบูรพา,56.25,south-facilities:9405,ด่านตรวจ ด่านตรวจบ้านปาลัส 2,ด่านตรวจ,7.851,8.978,1.144,80.34645464891182,0.06268319126708759
south-facilities:9405/4,โรงพยาบาล โรงพยาบาลมายอ,6,ENE,บูรพา-อีสาน,67.5,south-facilities:9405/2,ด่านตรวจ ด่านตรวจบ้านปาลัส 1,ด่านตรวจ,8.166,,,80.34645464891182,0.03312705535472155
south-facilities:9405/4,โรงพยาบาล โรงพยาบาลมายอ,7,EbN,บูรพาค่อนเหนือ,78.75,south-facilities:9405/3,โรงพยาบาล โรงพยาบาลมายอ,โรงพยาบาล,0.056,0.027,0.485,80.34645464891182,54.68949075923313
south-facilities:9405/4,โรงพยาบาล โรงพยาบาลมายอ,8,E,บูรพา (ตะวันออก),90.0,south-facilities:9407,สถานีตำรวจ จุดตรวจทหารพราน,สถานีตำรวจ,9.541,27.118,2.842,80.34645464891182,16.928052143588424
south-facilities:9405/4,โรงพยาบาล โรงพยาบาลมายอ,9,EbS,บูรพาค่อนใต้,101.25,south-facilities:9407/2,สถานีตำรวจ จุดตรวจตำรวจ,สถานีตำรวจ,14.326,31.445,2.195,80.34645464891182,10.149324677184698
south-facilities:9405/4,โรงพยาบาล โรงพยาบาลมายอ,10,ESE,บูรพา-อาคเนย์,112.5,,— ว่าง —,,,,,,
south-facilities:9405/4,โรงพยาบาล โรงพยาบาลมายอ,11,SEbE,อาคเนย์ค่อนบูรพา,123.75,,— ว่าง —,,,,,,
south-facilities:9405/4,โรงพยาบาล โรงพยาบาลมายอ,12,SE,อาคเนย์ (ตอ.เฉียงใต้),135.0,south-facilities:9411,โรงพยาบาล โรงพยาบาลกะพ้อ,โรงพยาบาล,21.509,30.314,1.409,80.34645464891182,65.17763192168357
south-facilities:9405/4,โรงพยาบาล โรงพยาบาลมายอ,13,SEbS,อาคเนย์ค่อนใต้,146.25,,— ว่าง —,,,,,,
south-facilities:9405/4,โรงพยาบาล โรงพยาบาลมายอ,14,SSE,ใต้-อาคเนย์,157.5,,— ว่าง —,,,,,,
south-facilities:9405/4,โรงพยาบาล โรงพยาบาลมายอ,15,SbE,ใต้ค่อนบูรพา,168.75,south-facilities:9406,รพ.สต./สถานีอนามัย โรงพยาบาลส่งเสริมสุขภาพตำบล ทุ่งยางแดง,รพ.สต./สถานีอนามัย,11.434,15.367,1.344,80.34645464891182,84.1360683896038
south-facilities:9405/4,โรงพยาบาล โรงพยาบาลมายอ,16,S,ทักษิณ (ใต้),180.0,,— ว่าง —,,,,,,
south-facilities:9405/4,โรงพยาบาล โรงพยาบาลมายอ,17,SbW,ใต้ค่อนประจิม,191.25,south-facilities:9506/2,ด่านตรวจ (ไม่ระบุชื่อ) รามัน,ด่านตรวจ,18.935,21.084,1.113,80.34645464891182,0.022238985381478615
south-facilities:9405/4,โรงพยาบาล โรงพยาบาลมายอ,18,SSW,ใต้-หรดี,202.5,,— ว่าง —,,,,,,
south-facilities:9405/4,โรงพยาบาล โรงพยาบาลมายอ,19,SWbS,หรดีค่อนใต้,213.75,south-facilities:9501/7,ด่านตรวจ (ไม่ระบุชื่อ) เมืองยะลา,ด่านตรวจ,21.365,29.339,1.373,80.34645464891182,0.055466863256468886
south-facilities:9405/4,โรงพยาบาล โรงพยาบาลมายอ,20,SW,หรดี (ตต.เฉียงใต้),225.0,south-facilities:9410/2,สถานีตำรวจ จุดตรวจทหารพราน,สถานีตำรวจ,19.131,23.725,1.24,80.34645464891182,12.209983621104518
south-facilities:9405/4,โรงพยาบาล โรงพยาบาลมายอ,21,SWbW,หรดีค่อนประจิม,236.25,south-facilities:9410/3,สถานีตำรวจ จุดตรวจทหารพราน,สถานีตำรวจ,16.176,19.45,1.202,80.34645464891182,82.80603665022818
south-facilities:9405/4,โรงพยาบาล โรงพยาบาลมายอ,22,WSW,ประจิม-หรดี,247.5,south-facilities:9410/4,สถานีตำรวจ จุดตรวจทหารพราน,สถานีตำรวจ,13.714,15.78,1.151,80.34645464891182,3.6302043299591595
south-facilities:9405/4,โรงพยาบาล โรงพยาบาลมายอ,23,WbS,ประจิมค่อนใต้,258.75,,— ว่าง —,,,,,,
south-facilities:9405/4,โรงพยาบาล โรงพยาบาลมายอ,24,W,ประจิม (ตะวันตก),270.0,south-facilities:9410/6,สถานีตำรวจ จุดตรวจทหารพราน,สถานีตำรวจ,14.038,16.614,1.183,80.34645464891182,19.91319501737795
south-facilities:9405/4,โรงพยาบาล โรงพยาบาลมายอ,25,WbN,ประจิมค่อนเหนือ,281.25,south-facilities:9410/8,โรงพยาบาล โรงพยาบาลยะรัง,โรงพยาบาล,14.315,16.192,1.131,80.34645464891182,65.42463260752814
south-facilities:9405/4,โรงพยาบาล โรงพยาบาลมายอ,26,WNW,ประจิม-พายัพ,292.5,south-facilities:9410/7,ด่านตรวจ (ไม่ระบุชื่อ) ยะรัง,ด่านตรวจ,9.401,9.851,1.048,80.34645464891182,0.049452655347264105
south-facilities:9405/4,โรงพยาบาล โรงพยาบาลมายอ,27,NWbW,พายัพค่อนประจิม,303.75,south-facilities:9410,ด่านตรวจ จุดตรวจทหาร,ด่านตรวจ,15.663,18.133,1.158,80.34645464891182,0.04965832101841608
south-facilities:9405/4,โรงพยาบาล โรงพยาบาลมายอ,28,NW,พายัพ (ตต.เฉียงเหนือ),315.0,south-facilities:9401,โรงพยาบาล โรงพยาบาลปัตตานี,โรงพยาบาล,24.939,30.793,1.235,80.34645464891182,52.715805974714826
south-facilities:9405/4,โรงพยาบาล โรงพยาบาลมายอ,29,NWbN,พายัพค่อนเหนือ,326.25,south-facilities:9409/2,สถานีตำรวจ จุดตรวจทหาร,สถานีตำรวจ,19.592,28.799,1.47,80.34645464891182,22.314522057852933
south-facilities:9405/4,โรงพยาบาล โรงพยาบาลมายอ,30,NNW,เหนือ-พายัพ,337.5,south-facilities:9409/3,สถานีตำรวจ จุดตรวจทหาร,สถานีตำรวจ,15.888,19.912,1.253,80.34645464891182,18.599504691376566
south-facilities:9405/4,โรงพยาบาล โรงพยาบาลมายอ,31,NbW,เหนือค่อนประจิม,348.75,south-facilities:9409/4,สถานีตำรวจ จุดตรวจทหาร,สถานีตำรวจ,13.755,22.196,1.614,80.34645464891182,7.700251367159261
south-facilities:9406,รพ.สต./สถานีอนามัย โรงพยาบาลส่งเสริมสุขภาพตำบล ทุ่งยางแดง,0,N,อุดร (เหนือ),0.0,south-facilities:9405/3,โรงพยาบาล โรงพยาบาลมายอ,โรงพยาบาล,11.441,15.42,1.348,84.1360683896038,54.68949075923313
south-facilities:9406,รพ.สต./สถานีอนามัย โรงพยาบาลส่งเสริมสุขภาพตำบล ทุ่งยางแดง,1,NbE,เหนือค่อนอีสาน,11.25,south-facilities:9409/6,สถานีตำรวจ จุดตรวจทหาร,สถานีตำรวจ,18.379,27.621,1.503,84.1360683896038,35.057898080453896
south-facilities:9406,รพ.สต./สถานีอนามัย โรงพยาบาลส่งเสริมสุขภาพตำบล ทุ่งยางแดง,2,NNE,เหนือ-อีสาน,22.5,south-facilities:9405/2,ด่านตรวจ ด่านตรวจบ้านปาลัส 1,ด่านตรวจ,16.219,,,84.1360683896038,0.03312705535472155
south-facilities:9406,รพ.สต./สถานีอนามัย โรงพยาบาลส่งเสริมสุขภาพตำบล ทุ่งยางแดง,3,NEbN,อีสานค่อนเหนือ,33.75,south-facilities:9407,สถานีตำรวจ จุดตรวจทหารพราน,สถานีตำรวจ,14.744,19.676,1.335,84.1360683896038,16.928052143588424
south-facilities:9406,รพ.สต./สถานีอนามัย โรงพยาบาลส่งเสริมสุขภาพตำบล ทุ่งยางแดง,4,NE,อีสาน (ตอ.เฉียงเหนือ),45.0,,— ว่าง —,,,,,,
south-facilities:9406,รพ.สต./สถานีอนามัย โรงพยาบาลส่งเสริมสุขภาพตำบล ทุ่งยางแดง,5,NEbE,อีสานค่อนบูรพา,56.25,south-facilities:9407/2,สถานีตำรวจ จุดตรวจตำรวจ,สถานีตำรวจ,15.42,21.291,1.381,84.1360683896038,10.149324677184698
south-facilities:9406,รพ.สต./สถานีอนามัย โรงพยาบาลส่งเสริมสุขภาพตำบล ทุ่งยางแดง,6,ENE,บูรพา-อีสาน,67.5,south-facilities:9407/3,โรงพยาบาล โรงพยาบาลสมเด็จพระยุพราชสายบุรี,โรงพยาบาล,22.825,31.316,1.372,84.1360683896038,92.5330404332286
south-facilities:9406,รพ.สต./สถานีอนามัย โรงพยาบาลส่งเสริมสุขภาพตำบล ทุ่งยางแดง,7,EbN,บูรพาค่อนเหนือ,78.75,,— ว่าง —,,,,,,
south-facilities:9406,รพ.สต./สถานีอนามัย โรงพยาบาลส่งเสริมสุขภาพตำบล ทุ่งยางแดง,8,E,บูรพา (ตะวันออก),90.0,,— ว่าง —,,,,,,
south-facilities:9406,รพ.สต./สถานีอนามัย โรงพยาบาลส่งเสริมสุขภาพตำบล ทุ่งยางแดง,9,EbS,บูรพาค่อนใต้,101.25,,— ว่าง —,,,,,,
south-facilities:9406,รพ.สต./สถานีอนามัย โรงพยาบาลส่งเสริมสุขภาพตำบล ทุ่งยางแดง,10,ESE,บูรพา-อาคเนย์,112.5,south-facilities:9411,โรงพยาบาล โรงพยาบาลกะพ้อ,โรงพยาบาล,13.595,20.16,1.483,84.1360683896038,65.17763192168357
south-facilities:9406,รพ.สต./สถานีอนามัย โรงพยาบาลส่งเสริมสุขภาพตำบล ทุ่งยางแดง,11,SEbE,อาคเนย์ค่อนบูรพา,123.75,,— ว่าง —,,,,,,
south-facilities:9406,รพ.สต./สถานีอนามัย โรงพยาบาลส่งเสริมสุขภาพตำบล ทุ่งยางแดง,12,SE,อาคเนย์ (ตอ.เฉียงใต้),135.0,,— ว่าง —,,,,,,
south-facilities:9406,รพ.สต./สถานีอนามัย โรงพยาบาลส่งเสริมสุขภาพตำบล ทุ่งยางแดง,13,SEbS,อาคเนย์ค่อนใต้,146.25,,— ว่าง —,,,,,,
south-facilities:9406,รพ.สต./สถานีอนามัย โรงพยาบาลส่งเสริมสุขภาพตำบล ทุ่งยางแดง,14,SSE,ใต้-อาคเนย์,157.5,south-facilities:9506,ด่านตรวจ (ไม่ระบุชื่อ) รามัน,ด่านตรวจ,17.383,27.022,1.555,84.1360683896038,0.045571707208110414
south-facilities:9406,รพ.สต./สถานีอนามัย โรงพยาบาลส่งเสริมสุขภาพตำบล ทุ่งยางแดง,15,SbE,ใต้ค่อนบูรพา,168.75,,— ว่าง —,,,,,,
south-facilities:9406,รพ.สต./สถานีอนามัย โรงพยาบาลส่งเสริมสุขภาพตำบล ทุ่งยางแดง,16,S,ทักษิณ (ใต้),180.0,south-facilities:9506/4,โรงพยาบาล โรงพยาบาลรามัน,โรงพยาบาล,16.074,28.395,1.767,84.1360683896038,45.37929517289792
south-facilities:9406,รพ.สต./สถานีอนามัย โรงพยาบาลส่งเสริมสุขภาพตำบล ทุ่งยางแดง,17,SbW,ใต้ค่อนประจิม,191.25,,— ว่าง —,,,,,,
south-facilities:9406,รพ.สต./สถานีอนามัย โรงพยาบาลส่งเสริมสุขภาพตำบล ทุ่งยางแดง,18,SSW,ใต้-หรดี,202.5,,— ว่าง —,,,,,,
south-facilities:9406,รพ.สต./สถานีอนามัย โรงพยาบาลส่งเสริมสุขภาพตำบล ทุ่งยางแดง,19,SWbS,หรดีค่อนใต้,213.75,south-facilities:9506/2,ด่านตรวจ (ไม่ระบุชื่อ) รามัน,ด่านตรวจ,8.915,9.932,1.114,84.1360683896038,0.022238985381478615
south-facilities:9406,รพ.สต./สถานีอนามัย โรงพยาบาลส่งเสริมสุขภาพตำบล ทุ่งยางแดง,20,SW,หรดี (ตต.เฉียงใต้),225.0,south-facilities:9501/8,สถานีตำรวจ กองกำกับการตำรวจตระเวนชายแดนที่44,สถานีตำรวจ,16.779,23.433,1.397,84.1360683896038,474.45519174138866
south-facilities:9406,รพ.สต./สถานีอนามัย โรงพยาบาลส่งเสริมสุขภาพตำบล ทุ่งยางแดง,21,SWbW,หรดีค่อนประจิม,236.25,south-facilities:9501/7,ด่านตรวจ (ไม่ระบุชื่อ) เมืองยะลา,ด่านตรวจ,14.024,18.187,1.297,84.1360683896038,0.055466863256468886
south-facilities:9406,รพ.สต./สถานีอนามัย โรงพยาบาลส่งเสริมสุขภาพตำบล ทุ่งยางแดง,22,WSW,ประจิม-หรดี,247.5,south-facilities:9501/6,โรงพยาบาล โรงพยาบาลสิโรรส,โรงพยาบาล,18.03,23.399,1.298,84.1360683896038,77.19268725088556
south-facilities:9406,รพ.สต./สถานีอนามัย โรงพยาบาลส่งเสริมสุขภาพตำบล ทุ่งยางแดง,23,WbS,ประจิมค่อนใต้,258.75,south-facilities:9410/2,สถานีตำรวจ จุดตรวจทหารพราน,สถานีตำรวจ,14.399,20.711,1.438,84.1360683896038,12.209983621104518
south-facilities:9406,รพ.สต./สถานีอนามัย โรงพยาบาลส่งเสริมสุขภาพตำบล ทุ่งยางแดง,24,W,ประจิม (ตะวันตก),270.0,,— ว่าง —,,,,,,
south-facilities:9406,รพ.สต./สถานีอนามัย โรงพยาบาลส่งเสริมสุขภาพตำบล ทุ่งยางแดง,25,WbN,ประจิมค่อนเหนือ,281.25,south-facilities:9410/3,สถานีตำรวจ จุดตรวจทหารพราน,สถานีตำรวจ,14.033,20.386,1.453,84.1360683896038,82.80603665022818
south-facilities:9406,รพ.สต./สถานีอนามัย โรงพยาบาลส่งเสริมสุขภาพตำบล ทุ่งยางแดง,26,WNW,ประจิม-พายัพ,292.5,south-facilities:9410/4,สถานีตำรวจ จุดตรวจทหารพราน,สถานีตำรวจ,16.044,20.434,1.274,84.1360683896038,3.6302043299591595
south-facilities:9406,รพ.สต./สถานีอนามัย โรงพยาบาลส่งเสริมสุขภาพตำบล ทุ่งยางแดง,27,NWbW,พายัพค่อนประจิม,303.75,south-facilities:9410/6,สถานีตำรวจ จุดตรวจทหารพราน,สถานีตำรวจ,18.395,23.649,1.286,84.1360683896038,19.91319501737795
south-facilities:9406,รพ.สต./สถานีอนามัย โรงพยาบาลส่งเสริมสุขภาพตำบล ทุ่งยางแดง,28,NW,พายัพ (ตต.เฉียงเหนือ),315.0,south-facilities:9410/5,สถานีตำรวจ จุดตรวจทหารพราน,สถานีตำรวจ,20.7,27.328,1.32,84.1360683896038,13.7211158574055
south-facilities:9406,รพ.สต./สถานีอนามัย โรงพยาบาลส่งเสริมสุขภาพตำบล ทุ่งยางแดง,29,NWbN,พายัพค่อนเหนือ,326.25,south-facilities:9410/7,ด่านตรวจ (ไม่ระบุชื่อ) ยะรัง,ด่านตรวจ,17.458,23.419,1.341,84.1360683896038,0.049452655347264105
south-facilities:9406,รพ.สต./สถานีอนามัย โรงพยาบาลส่งเสริมสุขภาพตำบล ทุ่งยางแดง,30,NNW,เหนือ-พายัพ,337.5,,— ว่าง —,,,,,,
south-facilities:9406,รพ.สต./สถานีอนามัย โรงพยาบาลส่งเสริมสุขภาพตำบล ทุ่งยางแดง,31,NbW,เหนือค่อนประจิม,348.75,south-facilities:9405/4,โรงพยาบาล โรงพยาบาลมายอ,โรงพยาบาล,11.434,15.393,1.346,84.1360683896038,80.34645464891182
south-facilities:9407,สถานีตำรวจ จุดตรวจทหารพราน,0,N,อุดร (เหนือ),0.0,,— ว่าง —,,,,,,
south-facilities:9407,สถานีตำรวจ จุดตรวจทหารพราน,1,NbE,เหนือค่อนอีสาน,11.25,,— ว่าง —,,,,,,
south-facilities:9407,สถานีตำรวจ จุดตรวจทหารพราน,2,NNE,เหนือ-อีสาน,22.5,,— ว่าง —,,,,,,
south-facilities:9407,สถานีตำรวจ จุดตรวจทหารพราน,3,NEbN,อีสานค่อนเหนือ,33.75,,— ว่าง —,,,,,,
south-facilities:9407,สถานีตำรวจ จุดตรวจทหารพราน,4,NE,อีสาน (ตอ.เฉียงเหนือ),45.0,,— ว่าง —,,,,,,
south-facilities:9407,สถานีตำรวจ จุดตรวจทหารพราน,5,NEbE,อีสานค่อนบูรพา,56.25,,— ว่าง —,,,,,,
south-facilities:9407,สถานีตำรวจ จุดตรวจทหารพราน,6,ENE,บูรพา-อีสาน,67.5,,— ว่าง —,,,,,,
south-facilities:9407,สถานีตำรวจ จุดตรวจทหารพราน,7,EbN,บูรพาค่อนเหนือ,78.75,,— ว่าง —,,,,,,
south-facilities:9407,สถานีตำรวจ จุดตรวจทหารพราน,8,E,บูรพา (ตะวันออก),90.0,,— ว่าง —,,,,,,
south-facilities:9407,สถานีตำรวจ จุดตรวจทหารพราน,9,EbS,บูรพาค่อนใต้,101.25,south-facilities:9407/3,โรงพยาบาล โรงพยาบาลสมเด็จพระยุพราชสายบุรี,โรงพยาบาล,13.248,21.654,1.634,16.928052143588424,92.5330404332286
south-facilities:9407,สถานีตำรวจ จุดตรวจทหารพราน,10,ESE,บูรพา-อาคเนย์,112.5,,— ว่าง —,,,,,,
south-facilities:9407,สถานีตำรวจ จุดตรวจทหารพราน,11,SEbE,อาคเนย์ค่อนบูรพา,123.75,south-facilities:9407/2,สถานีตำรวจ จุดตรวจตำรวจ,สถานีตำรวจ,5.82,11.629,1.998,16.928052143588424,10.149324677184698
south-facilities:9407,สถานีตำรวจ จุดตรวจทหารพราน,12,SE,อาคเนย์ (ตอ.เฉียงใต้),135.0,,— ว่าง —,,,,,,
south-facilities:9407,สถานีตำรวจ จุดตรวจทหารพราน,13,SEbS,อาคเนย์ค่อนใต้,146.25,,— ว่าง —,,,,,,
south-facilities:9407,สถานีตำรวจ จุดตรวจทหารพราน,14,SSE,ใต้-อาคเนย์,157.5,,— ว่าง —,,,,,,
south-facilities:9407,สถานีตำรวจ จุดตรวจทหารพราน,15,SbE,ใต้ค่อนบูรพา,168.75,south-facilities:9411,โรงพยาบาล โรงพยาบาลกะพ้อ,โรงพยาบาล,17.84,31.532,1.768,16.928052143588424,65.17763192168357
south-facilities:9407,สถานีตำรวจ จุดตรวจทหารพราน,16,S,ทักษิณ (ใต้),180.0,,— ว่าง —,,,,,,
south-facilities:9407,สถานีตำรวจ จุดตรวจทหารพราน,17,SbW,ใต้ค่อนประจิม,191.25,,— ว่าง —,,,,,,
south-facilities:9407,สถานีตำรวจ จุดตรวจทหารพราน,18,SSW,ใต้-หรดี,202.5,,— ว่าง —,,,,,,
south-facilities:9407,สถานีตำรวจ จุดตรวจทหารพราน,19,SWbS,หรดีค่อนใต้,213.75,south-facilities:9406,รพ.สต./สถานีอนามัย โรงพยาบาลส่งเสริมสุขภาพตำบล ทุ่งยางแดง,รพ.สต./สถานีอนามัย,14.744,27.485,1.864,16.928052143588424,84.1360683896038
south-facilities:9407,สถานีตำรวจ จุดตรวจทหารพราน,20,SW,หรดี (ตต.เฉียงใต้),225.0,,— ว่าง —,,,,,,
south-facilities:9407,สถานีตำรวจ จุดตรวจทหารพราน,21,SWbW,หรดีค่อนประจิม,236.25,,— ว่าง —,,,,,,
south-facilities:9407,สถานีตำรวจ จุดตรวจทหารพราน,22,WSW,ประจิม-หรดี,247.5,south-facilities:9410/3,สถานีตำรวจ จุดตรวจทหารพราน,สถานีตำรวจ,24.727,32.258,1.305,16.928052143588424,82.80603665022818
south-facilities:9407,สถานีตำรวจ จุดตรวจทหารพราน,23,WbS,ประจิมค่อนใต้,258.75,south-facilities:9410/4,สถานีตำรวจ จุดตรวจทหารพราน,สถานีตำรวจ,23.122,28.588,1.236,16.928052143588424,3.6302043299591595
south-facilities:9407,สถานีตำรวจ จุดตรวจทหารพราน,24,W,ประจิม (ตะวันตก),270.0,south-facilities:9405/3,โรงพยาบาล โรงพยาบาลมายอ,โรงพยาบาล,9.486,12.781,1.347,16.928052143588424,54.68949075923313
south-facilities:9407,สถานีตำรวจ จุดตรวจทหารพราน,25,WbN,ประจิมค่อนเหนือ,281.25,south-facilities:9410/7,ด่านตรวจ (ไม่ระบุชื่อ) ยะรัง,ด่านตรวจ,18.584,22.659,1.219,16.928052143588424,0.049452655347264105
south-facilities:9407,สถานีตำรวจ จุดตรวจทหารพราน,26,WNW,ประจิม-พายัพ,292.5,,— ว่าง —,,,,,,
south-facilities:9407,สถานีตำรวจ จุดตรวจทหารพราน,27,NWbW,พายัพค่อนประจิม,303.75,,— ว่าง —,,,,,,
south-facilities:9407,สถานีตำรวจ จุดตรวจทหารพราน,28,NW,พายัพ (ตต.เฉียงเหนือ),315.0,south-facilities:9405,ด่านตรวจ ด่านตรวจบ้านปาลัส 2,ด่านตรวจ,4.514,4.552,1.009,16.928052143588424,0.06268319126708759
south-facilities:9407,สถานีตำรวจ จุดตรวจทหารพราน,29,NWbN,พายัพค่อนเหนือ,326.25,south-facilities:9405/2,ด่านตรวจ ด่านตรวจบ้านปาลัส 1,ด่านตรวจ,3.601,,,16.928052143588424,0.03312705535472155
south-facilities:9407,สถานีตำรวจ จุดตรวจทหารพราน,30,NNW,เหนือ-พายัพ,337.5,,— ว่าง —,,,,,,
south-facilities:9407,สถานีตำรวจ จุดตรวจทหารพราน,31,NbW,เหนือค่อนประจิม,348.75,south-facilities:9404,โรงพยาบาล โรงพยาบาลปะนาเระ,โรงพยาบาล,12.709,18.187,1.431,16.928052143588424,90.36589755793817
south-facilities:9407/2,สถานีตำรวจ จุดตรวจตำรวจ,0,N,อุดร (เหนือ),0.0,,— ว่าง —,,,,,,
south-facilities:9407/2,สถานีตำรวจ จุดตรวจตำรวจ,1,NbE,เหนือค่อนอีสาน,11.25,,— ว่าง —,,,,,,
south-facilities:9407/2,สถานีตำรวจ จุดตรวจตำรวจ,2,NNE,เหนือ-อีสาน,22.5,,— ว่าง —,,,,,,
south-facilities:9407/2,สถานีตำรวจ จุดตรวจตำรวจ,3,NEbN,อีสานค่อนเหนือ,33.75,,— ว่าง —,,,,,,
south-facilities:9407/2,สถานีตำรวจ จุดตรวจตำรวจ,4,NE,อีสาน (ตอ.เฉียงเหนือ),45.0,,— ว่าง —,,,,,,
south-facilities:9407/2,สถานีตำรวจ จุดตรวจตำรวจ,5,NEbE,อีสานค่อนบูรพา,56.25,,— ว่าง —,,,,,,
south-facilities:9407/2,สถานีตำรวจ จุดตรวจตำรวจ,6,ENE,บูรพา-อีสาน,67.5,,— ว่าง —,,,,,,
south-facilities:9407/2,สถานีตำรวจ จุดตรวจตำรวจ,7,EbN,บูรพาค่อนเหนือ,78.75,,— ว่าง —,,,,,,
south-facilities:9407/2,สถานีตำรวจ จุดตรวจตำรวจ,8,E,บูรพา (ตะวันออก),90.0,south-facilities:9407/3,โรงพยาบาล โรงพยาบาลสมเด็จพระยุพราชสายบุรี,โรงพยาบาล,8.254,10.024,1.214,10.149324677184698,92.5330404332286
south-facilities:9407/2,สถานีตำรวจ จุดตรวจตำรวจ,9,EbS,บูรพาค่อนใต้,101.25,,— ว่าง —,,,,,,
south-facilities:9407/2,สถานีตำรวจ จุดตรวจตำรวจ,10,ESE,บูรพา-อาคเนย์,112.5,,— ว่าง —,,,,,,
south-facilities:9407/2,สถานีตำรวจ จุดตรวจตำรวจ,11,SEbE,อาคเนย์ค่อนบูรพา,123.75,south-facilities:9408,โรงพยาบาล โรงพยาบาลไม้แก่น,โรงพยาบาล,16.146,19.572,1.212,10.149324677184698,59.25526141909616
south-facilities:9407/2,สถานีตำรวจ จุดตรวจตำรวจ,12,SE,อาคเนย์ (ตอ.เฉียงใต้),135.0,,— ว่าง —,,,,,,
south-facilities:9407/2,สถานีตำรวจ จุดตรวจตำรวจ,13,SEbS,อาคเนย์ค่อนใต้,146.25,south-facilities:9603,โรงพยาบาล โรงพยาบาลบาเจาะ,โรงพยาบาล,24.686,27.999,1.134,10.149324677184698,57.37414587941606
south-facilities:9407/2,สถานีตำรวจ จุดตรวจตำรวจ,14,SSE,ใต้-อาคเนย์,157.5,,— ว่าง —,,,,,,
south-facilities:9407/2,สถานีตำรวจ จุดตรวจตำรวจ,15,SbE,ใต้ค่อนบูรพา,168.75,,— ว่าง —,,,,,,
south-facilities:9407/2,สถานีตำรวจ จุดตรวจตำรวจ,16,S,ทักษิณ (ใต้),180.0,south-facilities:9411,โรงพยาบาล โรงพยาบาลกะพ้อ,โรงพยาบาล,13.675,19.903,1.455,10.149324677184698,65.17763192168357
south-facilities:9407/2,สถานีตำรวจ จุดตรวจตำรวจ,17,SbW,ใต้ค่อนประจิม,191.25,,— ว่าง —,,,,,,
south-facilities:9407/2,สถานีตำรวจ จุดตรวจตำรวจ,18,SSW,ใต้-หรดี,202.5,,— ว่าง —,,,,,,
south-facilities:9407/2,สถานีตำรวจ จุดตรวจตำรวจ,19,SWbS,หรดีค่อนใต้,213.75,,— ว่าง —,,,,,,
south-facilities:9407/2,สถานีตำรวจ จุดตรวจตำรวจ,20,SW,หรดี (ตต.เฉียงใต้),225.0,south-facilities:9506/2,ด่านตรวจ (ไม่ระบุชื่อ) รามัน,ด่านตรวจ,24.021,30.647,1.276,10.149324677184698,0.022238985381478615
south-facilities:9407/2,สถานีตำรวจ จุดตรวจตำรวจ,21,SWbW,หรดีค่อนประจิม,236.25,south-facilities:9406,รพ.สต./สถานีอนามัย โรงพยาบาลส่งเสริมสุขภาพตำบล ทุ่งยางแดง,รพ.สต./สถานีอนามัย,15.42,20.715,1.343,10.149324677184698,84.1360683896038
south-facilities:9407/2,สถานีตำรวจ จุดตรวจตำรวจ,22,WSW,ประจิม-หรดี,247.5,,— ว่าง —,,,,,,
south-facilities:9407/2,สถานีตำรวจ จุดตรวจตำรวจ,23,WbS,ประจิมค่อนใต้,258.75,,— ว่าง —,,,,,,
south-facilities:9407/2,สถานีตำรวจ จุดตรวจตำรวจ,24,W,ประจิม (ตะวันตก),270.0,,— ว่าง —,,,,,,
south-facilities:9407/2,สถานีตำรวจ จุดตรวจตำรวจ,25,WbN,ประจิมค่อนเหนือ,281.25,south-facilities:9405/3,โรงพยาบาล โรงพยาบาลมายอ,โรงพยาบาล,14.276,19.882,1.393,10.149324677184698,54.68949075923313
south-facilities:9407/2,สถานีตำรวจ จุดตรวจตำรวจ,26,WNW,ประจิม-พายัพ,292.5,,— ว่าง —,,,,,,
south-facilities:9407/2,สถานีตำรวจ จุดตรวจตำรวจ,27,NWbW,พายัพค่อนประจิม,303.75,south-facilities:9407,สถานีตำรวจ จุดตรวจทหารพราน,สถานีตำรวจ,5.82,7.101,1.22,10.149324677184698,16.928052143588424
south-facilities:9407/2,สถานีตำรวจ จุดตรวจตำรวจ,28,NW,พายัพ (ตต.เฉียงเหนือ),315.0,south-facilities:9405/2,ด่านตรวจ ด่านตรวจบ้านปาลัส 1,ด่านตรวจ,9.36,,,10.149324677184698,0.03312705535472155
south-facilities:9407/2,สถานีตำรวจ จุดตรวจตำรวจ,29,NWbN,พายัพค่อนเหนือ,326.25,,— ว่าง —,,,,,,
south-facilities:9407/2,สถานีตำรวจ จุดตรวจตำรวจ,30,NNW,เหนือ-พายัพ,337.5,south-facilities:9404,โรงพยาบาล โรงพยาบาลปะนาเระ,โรงพยาบาล,17.468,25.288,1.448,10.149324677184698,90.36589755793817
south-facilities:9407/2,สถานีตำรวจ จุดตรวจตำรวจ,31,NbW,เหนือค่อนประจิม,348.75,,— ว่าง —,,,,,,
south-facilities:9407/3,โรงพยาบาล โรงพยาบาลสมเด็จพระยุพราชสายบุรี,0,N,อุดร (เหนือ),0.0,,— ว่าง —,,,,,,
south-facilities:9407/3,โรงพยาบาล โรงพยาบาลสมเด็จพระยุพราชสายบุรี,1,NbE,เหนือค่อนอีสาน,11.25,,— ว่าง —,,,,,,
south-facilities:9407/3,โรงพยาบาล โรงพยาบาลสมเด็จพระยุพราชสายบุรี,2,NNE,เหนือ-อีสาน,22.5,,— ว่าง —,,,,,,
south-facilities:9407/3,โรงพยาบาล โรงพยาบาลสมเด็จพระยุพราชสายบุรี,3,NEbN,อีสานค่อนเหนือ,33.75,,— ว่าง —,,,,,,
south-facilities:9407/3,โรงพยาบาล โรงพยาบาลสมเด็จพระยุพราชสายบุรี,4,NE,อีสาน (ตอ.เฉียงเหนือ),45.0,,— ว่าง —,,,,,,
south-facilities:9407/3,โรงพยาบาล โรงพยาบาลสมเด็จพระยุพราชสายบุรี,5,NEbE,อีสานค่อนบูรพา,56.25,,— ว่าง —,,,,,,
south-facilities:9407/3,โรงพยาบาล โรงพยาบาลสมเด็จพระยุพราชสายบุรี,6,ENE,บูรพา-อีสาน,67.5,,— ว่าง —,,,,,,
south-facilities:9407/3,โรงพยาบาล โรงพยาบาลสมเด็จพระยุพราชสายบุรี,7,EbN,บูรพาค่อนเหนือ,78.75,,— ว่าง —,,,,,,
south-facilities:9407/3,โรงพยาบาล โรงพยาบาลสมเด็จพระยุพราชสายบุรี,8,E,บูรพา (ตะวันออก),90.0,,— ว่าง —,,,,,,
south-facilities:9407/3,โรงพยาบาล โรงพยาบาลสมเด็จพระยุพราชสายบุรี,9,EbS,บูรพาค่อนใต้,101.25,,— ว่าง —,,,,,,
south-facilities:9407/3,โรงพยาบาล โรงพยาบาลสมเด็จพระยุพราชสายบุรี,10,ESE,บูรพา-อาคเนย์,112.5,,— ว่าง —,,,,,,
south-facilities:9407/3,โรงพยาบาล โรงพยาบาลสมเด็จพระยุพราชสายบุรี,11,SEbE,อาคเนย์ค่อนบูรพา,123.75,,— ว่าง —,,,,,,
south-facilities:9407/3,โรงพยาบาล โรงพยาบาลสมเด็จพระยุพราชสายบุรี,12,SE,อาคเนย์ (ตอ.เฉียงใต้),135.0,,— ว่าง —,,,,,,
south-facilities:9407/3,โรงพยาบาล โรงพยาบาลสมเด็จพระยุพราชสายบุรี,13,SEbS,อาคเนย์ค่อนใต้,146.25,south-facilities:9601/2,สถานีตำรวจ (ไม่ระบุชื่อ) เมืองนราธิวาส,สถานีตำรวจ,21.72,26.582,1.224,92.5330404332286,174.65769624031878
south-facilities:9407/3,โรงพยาบาล โรงพยาบาลสมเด็จพระยุพราชสายบุรี,14,SSE,ใต้-อาคเนย์,157.5,south-facilities:9408,โรงพยาบาล โรงพยาบาลไม้แก่น,โรงพยาบาล,10.619,13.672,1.287,92.5330404332286,59.25526141909616
south-facilities:9407/3,โรงพยาบาล โรงพยาบาลสมเด็จพระยุพราชสายบุรี,15,SbE,ใต้ค่อนบูรพา,168.75,south-facilities:9603,โรงพยาบาล โรงพยาบาลบาเจาะ,โรงพยาบาล,21.789,22.1,1.014,92.5330404332286,57.37414587941606
south-facilities:9407/3,โรงพยาบาล โรงพยาบาลสมเด็จพระยุพราชสายบุรี,16,S,ทักษิณ (ใต้),180.0,,— ว่าง —,,,,,,
south-facilities:9407/3,โรงพยาบาล โรงพยาบาลสมเด็จพระยุพราชสายบุรี,17,SbW,ใต้ค่อนประจิม,191.25,,— ว่าง —,,,,,,
south-facilities:9407/3,โรงพยาบาล โรงพยาบาลสมเด็จพระยุพราชสายบุรี,18,SSW,ใต้-หรดี,202.5,,— ว่าง —,,,,,,
south-facilities:9407/3,โรงพยาบาล โรงพยาบาลสมเด็จพระยุพราชสายบุรี,19,SWbS,หรดีค่อนใต้,213.75,south-facilities:9411,โรงพยาบาล โรงพยาบาลกะพ้อ,โรงพยาบาล,16.259,18.642,1.147,92.5330404332286,65.17763192168357
south-facilities:9407/3,โรงพยาบาล โรงพยาบาลสมเด็จพระยุพราชสายบุรี,20,SW,หรดี (ตต.เฉียงใต้),225.0,,— ว่าง —,,,,,,
south-facilities:9407/3,โรงพยาบาล โรงพยาบาลสมเด็จพระยุพราชสายบุรี,21,SWbW,หรดีค่อนประจิม,236.25,,— ว่าง —,,,,,,
south-facilities:9407/3,โรงพยาบาล โรงพยาบาลสมเด็จพระยุพราชสายบุรี,22,WSW,ประจิม-หรดี,247.5,south-facilities:9406,รพ.สต./สถานีอนามัย โรงพยาบาลส่งเสริมสุขภาพตำบล ทุ่งยางแดง,รพ.สต./สถานีอนามัย,22.825,30.68,1.344,92.5330404332286,84.1360683896038
south-facilities:9407/3,โรงพยาบาล โรงพยาบาลสมเด็จพระยุพราชสายบุรี,23,WbS,ประจิมค่อนใต้,258.75,,— ว่าง —,,,,,,
south-facilities:9407/3,โรงพยาบาล โรงพยาบาลสมเด็จพระยุพราชสายบุรี,24,W,ประจิม (ตะวันตก),270.0,south-facilities:9407/2,สถานีตำรวจ จุดตรวจตำรวจ,สถานีตำรวจ,8.254,12.864,1.559,92.5330404332286,10.149324677184698
south-facilities:9407/3,โรงพยาบาล โรงพยาบาลสมเด็จพระยุพราชสายบุรี,25,WbN,ประจิมค่อนเหนือ,281.25,south-facilities:9407,สถานีตำรวจ จุดตรวจทหารพราน,สถานีตำรวจ,13.248,17.066,1.288,92.5330404332286,16.928052143588424
south-facilities:9407/3,โรงพยาบาล โรงพยาบาลสมเด็จพระยุพราชสายบุรี,26,WNW,ประจิม-พายัพ,292.5,south-facilities:9405/2,ด่านตรวจ ด่านตรวจบ้านปาลัส 1,ด่านตรวจ,16.267,,,92.5330404332286,0.03312705535472155
south-facilities:9407/3,โรงพยาบาล โรงพยาบาลสมเด็จพระยุพราชสายบุรี,27,NWbW,พายัพค่อนประจิม,303.75,,— ว่าง —,,,,,,
south-facilities:9407/3,โรงพยาบาล โรงพยาบาลสมเด็จพระยุพราชสายบุรี,28,NW,พายัพ (ตต.เฉียงเหนือ),315.0,south-facilities:9404,โรงพยาบาล โรงพยาบาลปะนาเระ,โรงพยาบาล,21.803,26.079,1.196,92.5330404332286,90.36589755793817
south-facilities:9407/3,โรงพยาบาล โรงพยาบาลสมเด็จพระยุพราชสายบุรี,29,NWbN,พายัพค่อนเหนือ,326.25,,— ว่าง —,,,,,,
south-facilities:9407/3,โรงพยาบาล โรงพยาบาลสมเด็จพระยุพราชสายบุรี,30,NNW,เหนือ-พายัพ,337.5,,— ว่าง —,,,,,,
south-facilities:9407/3,โรงพยาบาล โรงพยาบาลสมเด็จพระยุพราชสายบุรี,31,NbW,เหนือค่อนประจิม,348.75,,— ว่าง —,,,,,,
south-facilities:9408,โรงพยาบาล โรงพยาบาลไม้แก่น,0,N,อุดร (เหนือ),0.0,,— ว่าง —,,,,,,
south-facilities:9408,โรงพยาบาล โรงพยาบาลไม้แก่น,1,NbE,เหนือค่อนอีสาน,11.25,,— ว่าง —,,,,,,
south-facilities:9408,โรงพยาบาล โรงพยาบาลไม้แก่น,2,NNE,เหนือ-อีสาน,22.5,,— ว่าง —,,,,,,
south-facilities:9408,โรงพยาบาล โรงพยาบาลไม้แก่น,3,NEbN,อีสานค่อนเหนือ,33.75,,— ว่าง —,,,,,,
south-facilities:9408,โรงพยาบาล โรงพยาบาลไม้แก่น,4,NE,อีสาน (ตอ.เฉียงเหนือ),45.0,,— ว่าง —,,,,,,
south-facilities:9408,โรงพยาบาล โรงพยาบาลไม้แก่น,5,NEbE,อีสานค่อนบูรพา,56.25,,— ว่าง —,,,,,,
south-facilities:9408,โรงพยาบาล โรงพยาบาลไม้แก่น,6,ENE,บูรพา-อีสาน,67.5,,— ว่าง —,,,,,,
south-facilities:9408,โรงพยาบาล โรงพยาบาลไม้แก่น,7,EbN,บูรพาค่อนเหนือ,78.75,,— ว่าง —,,,,,,
south-facilities:9408,โรงพยาบาล โรงพยาบาลไม้แก่น,8,E,บูรพา (ตะวันออก),90.0,,— ว่าง —,,,,,,
south-facilities:9408,โรงพยาบาล โรงพยาบาลไม้แก่น,9,EbS,บูรพาค่อนใต้,101.25,,— ว่าง —,,,,,,
south-facilities:9408,โรงพยาบาล โรงพยาบาลไม้แก่น,10,ESE,บูรพา-อาคเนย์,112.5,,— ว่าง —,,,,,,
south-facilities:9408,โรงพยาบาล โรงพยาบาลไม้แก่น,11,SEbE,อาคเนย์ค่อนบูรพา,123.75,,— ว่าง —,,,,,,
south-facilities:9408,โรงพยาบาล โรงพยาบาลไม้แก่น,12,SE,อาคเนย์ (ตอ.เฉียงใต้),135.0,south-facilities:9601/2,สถานีตำรวจ (ไม่ระบุชื่อ) เมืองนราธิวาส,สถานีตำรวจ,11.41,14.226,1.247,59.25526141909616,174.65769624031878
south-facilities:9408,โรงพยาบาล โรงพยาบาลไม้แก่น,13,SEbS,อาคเนย์ค่อนใต้,146.25,south-facilities:9601/13,โรงพยาบาล (ไม่ระบุชื่อ) เมืองนราธิวาส,โรงพยาบาล,22.09,25.95,1.175,59.25526141909616,136.44831162335524
south-facilities:9408,โรงพยาบาล โรงพยาบาลไม้แก่น,14,SSE,ใต้-อาคเนย์,157.5,south-facilities:9604/5,ด่านตรวจ (ไม่ระบุชื่อ) ยี่งอ,ด่านตรวจ,24.685,34.657,1.404,59.25526141909616,0.03991881780677653
south-facilities:9408,โรงพยาบาล โรงพยาบาลไม้แก่น,15,SbE,ใต้ค่อนบูรพา,168.75,south-facilities:9604/6,สถานีตำรวจ สถานีตำรวจยี่งอ,สถานีตำรวจ,23.634,31.714,1.342,59.25526141909616,44.22725946585651
south-facilities:9408,โรงพยาบาล โรงพยาบาลไม้แก่น,16,S,ทักษิณ (ใต้),180.0,south-facilities:9603,โรงพยาบาล โรงพยาบาลบาเจาะ,โรงพยาบาล,11.984,16.864,1.407,59.25526141909616,57.37414587941606
south-facilities:9408,โรงพยาบาล โรงพยาบาลไม้แก่น,17,SbW,ใต้ค่อนประจิม,191.25,,— ว่าง —,,,,,,
south-facilities:9408,โรงพยาบาล โรงพยาบาลไม้แก่น,18,SSW,ใต้-หรดี,202.5,,— ว่าง —,,,,,,
south-facilities:9408,โรงพยาบาล โรงพยาบาลไม้แก่น,19,SWbS,หรดีค่อนใต้,213.75,,— ว่าง —,,,,,,
south-facilities:9408,โรงพยาบาล โรงพยาบาลไม้แก่น,20,SW,หรดี (ตต.เฉียงใต้),225.0,,— ว่าง —,,,,,,
south-facilities:9408,โรงพยาบาล โรงพยาบาลไม้แก่น,21,SWbW,หรดีค่อนประจิม,236.25,south-facilities:9506,ด่านตรวจ (ไม่ระบุชื่อ) รามัน,ด่านตรวจ,24.575,34.811,1.417,59.25526141909616,0.045571707208110414
south-facilities:9408,โรงพยาบาล โรงพยาบาลไม้แก่น,22,WSW,ประจิม-หรดี,247.5,south-facilities:9411,โรงพยาบาล โรงพยาบาลกะพ้อ,โรงพยาบาล,14.281,22.189,1.554,59.25526141909616,65.17763192168357
south-facilities:9408,โรงพยาบาล โรงพยาบาลไม้แก่น,23,WbS,ประจิมค่อนใต้,258.75,,— ว่าง —,,,,,,
south-facilities:9408,โรงพยาบาล โรงพยาบาลไม้แก่น,24,W,ประจิม (ตะวันตก),270.0,,— ว่าง —,,,,,,
south-facilities:9408,โรงพยาบาล โรงพยาบาลไม้แก่น,25,WbN,ประจิมค่อนเหนือ,281.25,,— ว่าง —,,,,,,
south-facilities:9408,โรงพยาบาล โรงพยาบาลไม้แก่น,26,WNW,ประจิม-พายัพ,292.5,,— ว่าง —,,,,,,
south-facilities:9408,โรงพยาบาล โรงพยาบาลไม้แก่น,27,NWbW,พายัพค่อนประจิม,303.75,south-facilities:9407/2,สถานีตำรวจ จุดตรวจตำรวจ,สถานีตำรวจ,16.146,22.557,1.397,59.25526141909616,10.149324677184698
south-facilities:9408,โรงพยาบาล โรงพยาบาลไม้แก่น,28,NW,พายัพ (ตต.เฉียงเหนือ),315.0,,— ว่าง —,,,,,,
south-facilities:9408,โรงพยาบาล โรงพยาบาลไม้แก่น,29,NWbN,พายัพค่อนเหนือ,326.25,,— ว่าง —,,,,,,
south-facilities:9408,โรงพยาบาล โรงพยาบาลไม้แก่น,30,NNW,เหนือ-พายัพ,337.5,south-facilities:9407/3,โรงพยาบาล โรงพยาบาลสมเด็จพระยุพราชสายบุรี,โรงพยาบาล,10.619,16.268,1.532,59.25526141909616,92.5330404332286
south-facilities:9408,โรงพยาบาล โรงพยาบาลไม้แก่น,31,NbW,เหนือค่อนประจิม,348.75,,— ว่าง —,,,,,,
south-facilities:9409,สถานีตำรวจ จุดตรวจตำรวจ,0,N,อุดร (เหนือ),0.0,,— ว่าง —,,,,,,
south-facilities:9409,สถานีตำรวจ จุดตรวจตำรวจ,1,NbE,เหนือค่อนอีสาน,11.25,,— ว่าง —,,,,,,
south-facilities:9409,สถานีตำรวจ จุดตรวจตำรวจ,2,NNE,เหนือ-อีสาน,22.5,,— ว่าง —,,,,,,
south-facilities:9409,สถานีตำรวจ จุดตรวจตำรวจ,3,NEbN,อีสานค่อนเหนือ,33.75,,— ว่าง —,,,,,,
south-facilities:9409,สถานีตำรวจ จุดตรวจตำรวจ,4,NE,อีสาน (ตอ.เฉียงเหนือ),45.0,,— ว่าง —,,,,,,
south-facilities:9409,สถานีตำรวจ จุดตรวจตำรวจ,5,NEbE,อีสานค่อนบูรพา,56.25,,— ว่าง —,,,,,,
south-facilities:9409,สถานีตำรวจ จุดตรวจตำรวจ,6,ENE,บูรพา-อีสาน,67.5,,— ว่าง —,,,,,,
south-facilities:9409,สถานีตำรวจ จุดตรวจตำรวจ,7,EbN,บูรพาค่อนเหนือ,78.75,,— ว่าง —,,,,,,
south-facilities:9409,สถานีตำรวจ จุดตรวจตำรวจ,8,E,บูรพา (ตะวันออก),90.0,,— ว่าง —,,,,,,
south-facilities:9409,สถานีตำรวจ จุดตรวจตำรวจ,9,EbS,บูรพาค่อนใต้,101.25,south-facilities:9404,โรงพยาบาล โรงพยาบาลปะนาเระ,โรงพยาบาล,13.33,21.276,1.596,23.014482300423982,90.36589755793817
south-facilities:9409,สถานีตำรวจ จุดตรวจตำรวจ,10,ESE,บูรพา-อาคเนย์,112.5,,— ว่าง —,,,,,,
south-facilities:9409,สถานีตำรวจ จุดตรวจตำรวจ,11,SEbE,อาคเนย์ค่อนบูรพา,123.75,south-facilities:9409/3,สถานีตำรวจ จุดตรวจทหาร,สถานีตำรวจ,0.998,11.042,11.059,23.014482300423982,18.599504691376566
south-facilities:9409,สถานีตำรวจ จุดตรวจตำรวจ,12,SE,อาคเนย์ (ตอ.เฉียงใต้),135.0,south-facilities:9409/5,สถานีตำรวจ จุดตรวจทหาร,สถานีตำรวจ,6.925,9.256,1.337,23.014482300423982,83.59605889258627
south-facilities:9409,สถานีตำรวจ จุดตรวจตำรวจ,13,SEbS,อาคเนย์ค่อนใต้,146.25,south-facilities:9409/4,สถานีตำรวจ จุดตรวจทหาร,สถานีตำรวจ,3.052,5.299,1.736,23.014482300423982,7.700251367159261
south-facilities:9409,สถานีตำรวจ จุดตรวจตำรวจ,14,SSE,ใต้-อาคเนย์,157.5,south-facilities:9405/4,โรงพยาบาล โรงพยาบาลมายอ,โรงพยาบาล,16.679,23.146,1.388,23.014482300423982,80.34645464891182
south-facilities:9409,สถานีตำรวจ จุดตรวจตำรวจ,15,SbE,ใต้ค่อนบูรพา,168.75,,— ว่าง —,,,,,,
south-facilities:9409,สถานีตำรวจ จุดตรวจตำรวจ,16,S,ทักษิณ (ใต้),180.0,,— ว่าง —,,,,,,
south-facilities:9409,สถานีตำรวจ จุดตรวจตำรวจ,17,SbW,ใต้ค่อนประจิม,191.25,south-facilities:9410/7,ด่านตรวจ (ไม่ระบุชื่อ) ยะรัง,ด่านตรวจ,13.307,15.211,1.143,23.014482300423982,0.049452655347264105
south-facilities:9409,สถานีตำรวจ จุดตรวจตำรวจ,18,SSW,ใต้-หรดี,202.5,south-facilities:9410/6,สถานีตำรวจ จุดตรวจทหารพราน,สถานีตำรวจ,18.694,21.974,1.175,23.014482300423982,19.91319501737795
south-facilities:9409,สถานีตำรวจ จุดตรวจตำรวจ,19,SWbS,หรดีค่อนใต้,213.75,south-facilities:9410/8,โรงพยาบาล โรงพยาบาลยะรัง,โรงพยาบาล,14.78,17.693,1.197,23.014482300423982,65.42463260752814
south-facilities:9409,สถานีตำรวจ จุดตรวจตำรวจ,20,SW,หรดี (ตต.เฉียงใต้),225.0,south-facilities:9410,ด่านตรวจ จุดตรวจทหาร,ด่านตรวจ,11.308,14.729,1.303,23.014482300423982,0.04965832101841608
south-facilities:9409,สถานีตำรวจ จุดตรวจตำรวจ,21,SWbW,หรดีค่อนประจิม,236.25,,— ว่าง —,,,,,,
south-facilities:9409,สถานีตำรวจ จุดตรวจตำรวจ,22,WSW,ประจิม-หรดี,247.5,south-facilities:9403/8,หน่วยทหาร กรมทหารราบที่ 153,หน่วยทหาร,23.826,27.132,1.139,23.014482300423982,901.8727106366265
south-facilities:9409,สถานีตำรวจ จุดตรวจตำรวจ,23,WbS,ประจิมค่อนใต้,258.75,south-facilities:9401/2,สถานีตำรวจ จุดตรวจทหาร,สถานีตำรวจ,11.606,15.2,1.31,23.014482300423982,6.489565320273719
south-facilities:9409,สถานีตำรวจ จุดตรวจตำรวจ,24,W,ประจิม (ตะวันตก),270.0,south-facilities:9401/3,สถานีตำรวจ จุดตรวจทหาร,สถานีตำรวจ,12.705,14.693,1.156,23.014482300423982,16.59197790738034
south-facilities:9409,สถานีตำรวจ จุดตรวจตำรวจ,25,WbN,ประจิมค่อนเหนือ,281.25,south-facilities:9409/2,สถานีตำรวจ จุดตรวจทหาร,สถานีตำรวจ,5.013,7.897,1.575,23.014482300423982,22.314522057852933
south-facilities:9409,สถานีตำรวจ จุดตรวจตำรวจ,26,WNW,ประจิม-พายัพ,292.5,,— ว่าง —,,,,,,
south-facilities:9409,สถานีตำรวจ จุดตรวจตำรวจ,27,NWbW,พายัพค่อนประจิม,303.75,,— ว่าง —,,,,,,
south-facilities:9409,สถานีตำรวจ จุดตรวจตำรวจ,28,NW,พายัพ (ตต.เฉียงเหนือ),315.0,,— ว่าง —,,,,,,
south-facilities:9409,สถานีตำรวจ จุดตรวจตำรวจ,29,NWbN,พายัพค่อนเหนือ,326.25,,— ว่าง —,,,,,,
south-facilities:9409,สถานีตำรวจ จุดตรวจตำรวจ,30,NNW,เหนือ-พายัพ,337.5,,— ว่าง —,,,,,,
south-facilities:9409,สถานีตำรวจ จุดตรวจตำรวจ,31,NbW,เหนือค่อนประจิม,348.75,,— ว่าง —,,,,,,
south-facilities:9409/2,สถานีตำรวจ จุดตรวจทหาร,0,N,อุดร (เหนือ),0.0,,— ว่าง —,,,,,,
south-facilities:9409/2,สถานีตำรวจ จุดตรวจทหาร,1,NbE,เหนือค่อนอีสาน,11.25,,— ว่าง —,,,,,,
south-facilities:9409/2,สถานีตำรวจ จุดตรวจทหาร,2,NNE,เหนือ-อีสาน,22.5,,— ว่าง —,,,,,,
south-facilities:9409/2,สถานีตำรวจ จุดตรวจทหาร,3,NEbN,อีสานค่อนเหนือ,33.75,,— ว่าง —,,,,,,
south-facilities:9409/2,สถานีตำรวจ จุดตรวจทหาร,4,NE,อีสาน (ตอ.เฉียงเหนือ),45.0,,— ว่าง —,,,,,,
south-facilities:9409/2,สถานีตำรวจ จุดตรวจทหาร,5,NEbE,อีสานค่อนบูรพา,56.25,,— ว่าง —,,,,,,
south-facilities:9409/2,สถานีตำรวจ จุดตรวจทหาร,6,ENE,บูรพา-อีสาน,67.5,,— ว่าง —,,,,,,
south-facilities:9409/2,สถานีตำรวจ จุดตรวจทหาร,7,EbN,บูรพาค่อนเหนือ,78.75,,— ว่าง —,,,,,,
south-facilities:9409/2,สถานีตำรวจ จุดตรวจทหาร,8,E,บูรพา (ตะวันออก),90.0,,— ว่าง —,,,,,,
south-facilities:9409/2,สถานีตำรวจ จุดตรวจทหาร,9,EbS,บูรพาค่อนใต้,101.25,south-facilities:9409,สถานีตำรวจ จุดตรวจตำรวจ,สถานีตำรวจ,5.013,7.147,1.426,22.314522057852933,23.014482300423982
south-facilities:9409/2,สถานีตำรวจ จุดตรวจทหาร,10,ESE,บูรพา-อาคเนย์,112.5,south-facilities:9409/4,สถานีตำรวจ จุดตรวจทหาร,สถานีตำรวจ,7.462,8.456,1.133,22.314522057852933,7.700251367159261
south-facilities:9409/2,สถานีตำรวจ จุดตรวจทหาร,11,SEbE,อาคเนย์ค่อนบูรพา,123.75,south-facilities:9409/5,สถานีตำรวจ จุดตรวจทหาร,สถานีตำรวจ,11.356,12.413,1.093,22.314522057852933,83.59605889258627
south-facilities:9409/2,สถานีตำรวจ จุดตรวจทหาร,12,SE,อาคเนย์ (ตอ.เฉียงใต้),135.0,,— ว่าง —,,,,,,
south-facilities:9409/2,สถานีตำรวจ จุดตรวจทหาร,13,SEbS,อาคเนย์ค่อนใต้,146.25,south-facilities:9405/4,โรงพยาบาล โรงพยาบาลมายอ,โรงพยาบาล,19.592,26.834,1.37,22.314522057852933,80.34645464891182
south-facilities:9409/2,สถานีตำรวจ จุดตรวจทหาร,14,SSE,ใต้-อาคเนย์,157.5,,— ว่าง —,,,,,,
south-facilities:9409/2,สถานีตำรวจ จุดตรวจทหาร,15,SbE,ใต้ค่อนบูรพา,168.75,south-facilities:9410/7,ด่านตรวจ (ไม่ระบุชื่อ) ยะรัง,ด่านตรวจ,13.766,18.899,1.373,22.314522057852933,0.049452655347264105
south-facilities:9409/2,สถานีตำรวจ จุดตรวจทหาร,16,S,ทักษิณ (ใต้),180.0,,— ว่าง —,,,,,,
south-facilities:9409/2,สถานีตำรวจ จุดตรวจทหาร,17,SbW,ใต้ค่อนประจิม,191.25,south-facilities:9410/8,โรงพยาบาล โรงพยาบาลยะรัง,โรงพยาบาล,13.457,16.13,1.199,22.314522057852933,65.42463260752814
south-facilities:9409/2,สถานีตำรวจ จุดตรวจทหาร,18,SSW,ใต้-หรดี,202.5,south-facilities:9410,ด่านตรวจ จุดตรวจทหาร,ด่านตรวจ,9.294,13.166,1.417,22.314522057852933,0.04965832101841608
south-facilities:9409/2,สถานีตำรวจ จุดตรวจทหาร,19,SWbS,หรดีค่อนใต้,213.75,,— ว่าง —,,,,,,
south-facilities:9409/2,สถานีตำรวจ จุดตรวจทหาร,20,SW,หรดี (ตต.เฉียงใต้),225.0,,— ว่าง —,,,,,,
south-facilities:9409/2,สถานีตำรวจ จุดตรวจทหาร,21,SWbW,หรดีค่อนประจิม,236.25,south-facilities:9403/8,หน่วยทหาร กรมทหารราบที่ 153,หน่วยทหาร,19.785,22.371,1.131,22.314522057852933,901.8727106366265
south-facilities:9409/2,สถานีตำรวจ จุดตรวจทหาร,22,WSW,ประจิม-หรดี,247.5,south-facilities:9401/2,สถานีตำรวจ จุดตรวจทหาร,สถานีตำรวจ,7.012,10.417,1.486,22.314522057852933,6.489565320273719
south-facilities:9409/2,สถานีตำรวจ จุดตรวจทหาร,23,WbS,ประจิมค่อนใต้,258.75,south-facilities:9401/3,สถานีตำรวจ จุดตรวจทหาร,สถานีตำรวจ,7.936,9.91,1.249,22.314522057852933,16.59197790738034
south-facilities:9409/2,สถานีตำรวจ จุดตรวจทหาร,24,W,ประจิม (ตะวันตก),270.0,south-facilities:9401,โรงพยาบาล โรงพยาบาลปัตตานี,โรงพยาบาล,8.1,10.308,1.273,22.314522057852933,52.715805974714826
south-facilities:9409/2,สถานีตำรวจ จุดตรวจทหาร,25,WbN,ประจิมค่อนเหนือ,281.25,,— ว่าง —,,,,,,
south-facilities:9409/2,สถานีตำรวจ จุดตรวจทหาร,26,WNW,ประจิม-พายัพ,292.5,south-facilities:9401/6,สถานีตำรวจ ตำรวจภูธรจังหวัดปัตตานี,สถานีตำรวจ,7.321,9.355,1.278,22.314522057852933,105.8846811752817
south-facilities:9409/2,สถานีตำรวจ จุดตรวจทหาร,27,NWbW,พายัพค่อนประจิม,303.75,,— ว่าง —,,,,,,
south-facilities:9409/2,สถานีตำรวจ จุดตรวจทหาร,28,NW,พายัพ (ตต.เฉียงเหนือ),315.0,,— ว่าง —,,,,,,
south-facilities:9409/2,สถานีตำรวจ จุดตรวจทหาร,29,NWbN,พายัพค่อนเหนือ,326.25,,— ว่าง —,,,,,,
south-facilities:9409/2,สถานีตำรวจ จุดตรวจทหาร,30,NNW,เหนือ-พายัพ,337.5,,— ว่าง —,,,,,,
south-facilities:9409/2,สถานีตำรวจ จุดตรวจทหาร,31,NbW,เหนือค่อนประจิม,348.75,,— ว่าง —,,,,,,
south-facilities:9409/3,สถานีตำรวจ จุดตรวจทหาร,0,N,อุดร (เหนือ),0.0,,— ว่าง —,,,,,,
south-facilities:9409/3,สถานีตำรวจ จุดตรวจทหาร,1,NbE,เหนือค่อนอีสาน,11.25,,— ว่าง —,,,,,,
south-facilities:9409/3,สถานีตำรวจ จุดตรวจทหาร,2,NNE,เหนือ-อีสาน,22.5,,— ว่าง —,,,,,,
south-facilities:9409/3,สถานีตำรวจ จุดตรวจทหาร,3,NEbN,อีสานค่อนเหนือ,33.75,,— ว่าง —,,,,,,
south-facilities:9409/3,สถานีตำรวจ จุดตรวจทหาร,4,NE,อีสาน (ตอ.เฉียงเหนือ),45.0,,— ว่าง —,,,,,,
south-facilities:9409/3,สถานีตำรวจ จุดตรวจทหาร,5,NEbE,อีสานค่อนบูรพา,56.25,,— ว่าง —,,,,,,
south-facilities:9409/3,สถานีตำรวจ จุดตรวจทหาร,6,ENE,บูรพา-อีสาน,67.5,,— ว่าง —,,,,,,
south-facilities:9409/3,สถานีตำรวจ จุดตรวจทหาร,7,EbN,บูรพาค่อนเหนือ,78.75,,— ว่าง —,,,,,,
south-facilities:9409/3,สถานีตำรวจ จุดตรวจทหาร,8,E,บูรพา (ตะวันออก),90.0,,— ว่าง —,,,,,,
south-facilities:9409/3,สถานีตำรวจ จุดตรวจทหาร,9,EbS,บูรพาค่อนใต้,101.25,south-facilities:9404,โรงพยาบาล โรงพยาบาลปะนาเระ,โรงพยาบาล,12.422,18.261,1.47,18.599504691376566,90.36589755793817
south-facilities:9409/3,สถานีตำรวจ จุดตรวจทหาร,10,ESE,บูรพา-อาคเนย์,112.5,south-facilities:9409/7,โรงพยาบาล โรงพยาบาลยะหริ่ง,โรงพยาบาล,0.277,0.332,1.197,18.599504691376566,113.27715676341076
south-facilities:9409/3,สถานีตำรวจ จุดตรวจทหาร,11,SEbE,อาคเนย์ค่อนบูรพา,123.75,,— ว่าง —,,,,,,
south-facilities:9409/3,สถานีตำรวจ จุดตรวจทหาร,12,SE,อาคเนย์ (ตอ.เฉียงใต้),135.0,south-facilities:9409/5,สถานีตำรวจ จุดตรวจทหาร,สถานีตำรวจ,5.951,6.241,1.049,18.599504691376566,83.59605889258627
south-facilities:9409/3,สถานีตำรวจ จุดตรวจทหาร,13,SEbS,อาคเนย์ค่อนใต้,146.25,,— ว่าง —,,,,,,
south-facilities:9409/3,สถานีตำรวจ จุดตรวจทหาร,14,SSE,ใต้-อาคเนย์,157.5,south-facilities:9409/4,สถานีตำรวจ จุดตรวจทหาร,สถานีตำรวจ,2.154,2.284,1.06,18.599504691376566,7.700251367159261
south-facilities:9409/3,สถานีตำรวจ จุดตรวจทหาร,15,SbE,ใต้ค่อนบูรพา,168.75,,— ว่าง —,,,,,,
south-facilities:9409/3,สถานีตำรวจ จุดตรวจทหาร,16,S,ทักษิณ (ใต้),180.0,,— ว่าง —,,,,,,
south-facilities:9409/3,สถานีตำรวจ จุดตรวจทหาร,17,SbW,ใต้ค่อนประจิม,191.25,,— ว่าง —,,,,,,
south-facilities:9409/3,สถานีตำรวจ จุดตรวจทหาร,18,SSW,ใต้-หรดี,202.5,south-facilities:9410/7,ด่านตรวจ (ไม่ระบุชื่อ) ยะรัง,ด่านตรวจ,13.013,16.215,1.246,18.599504691376566,0.049452655347264105
south-facilities:9409/3,สถานีตำรวจ จุดตรวจทหาร,19,SWbS,หรดีค่อนใต้,213.75,south-facilities:9410/8,โรงพยาบาล โรงพยาบาลยะรัง,โรงพยาบาล,14.818,18.697,1.262,18.599504691376566,65.42463260752814
south-facilities:9409/3,สถานีตำรวจ จุดตรวจทหาร,20,SW,หรดี (ตต.เฉียงใต้),225.0,south-facilities:9410,ด่านตรวจ จุดตรวจทหาร,ด่านตรวจ,11.546,15.733,1.363,18.599504691376566,0.04965832101841608
south-facilities:9409/3,สถานีตำรวจ จุดตรวจทหาร,21,SWbW,หรดีค่อนประจิม,236.25,,— ว่าง —,,,,,,
south-facilities:9409/3,สถานีตำรวจ จุดตรวจทหาร,22,WSW,ประจิม-หรดี,247.5,south-facilities:9403/8,หน่วยทหาร กรมทหารราบที่ 153,หน่วยทหาร,24.382,28.122,1.153,18.599504691376566,901.8727106366265
south-facilities:9409/3,สถานีตำรวจ จุดตรวจทหาร,23,WbS,ประจิมค่อนใต้,258.75,,— ว่าง —,,,,,,
south-facilities:9409/3,สถานีตำรวจ จุดตรวจทหาร,24,W,ประจิม (ตะวันตก),270.0,south-facilities:9401/2,สถานีตำรวจ จุดตรวจทหาร,สถานีตำรวจ,12.359,16.19,1.31,18.599504691376566,6.489565320273719
south-facilities:9409/3,สถานีตำรวจ จุดตรวจทหาร,25,WbN,ประจิมค่อนเหนือ,281.25,south-facilities:9409/2,สถานีตำรวจ จุดตรวจทหาร,สถานีตำรวจ,5.935,8.887,1.497,18.599504691376566,22.314522057852933
south-facilities:9409/3,สถานีตำรวจ จุดตรวจทหาร,26,WNW,ประจิม-พายัพ,292.5,south-facilities:9401/6,สถานีตำรวจ ตำรวจภูธรจังหวัดปัตตานี,สถานีตำรวจ,13.232,15.128,1.143,18.599504691376566,105.8846811752817
south-facilities:9409/3,สถานีตำรวจ จุดตรวจทหาร,27,NWbW,พายัพค่อนประจิม,303.75,south-facilities:9409,สถานีตำรวจ จุดตรวจตำรวจ,สถานีตำรวจ,0.998,1.004,1.005,18.599504691376566,23.014482300423982
south-facilities:9409/3,สถานีตำรวจ จุดตรวจทหาร,28,NW,พายัพ (ตต.เฉียงเหนือ),315.0,,— ว่าง —,,,,,,
south-facilities:9409/3,สถานีตำรวจ จุดตรวจทหาร,29,NWbN,พายัพค่อนเหนือ,326.25,,— ว่าง —,,,,,,
south-facilities:9409/3,สถานีตำรวจ จุดตรวจทหาร,30,NNW,เหนือ-พายัพ,337.5,,— ว่าง —,,,,,,
south-facilities:9409/3,สถานีตำรวจ จุดตรวจทหาร,31,NbW,เหนือค่อนประจิม,348.75,,— ว่าง —,,,,,,
south-facilities:9409/4,สถานีตำรวจ จุดตรวจทหาร,0,N,อุดร (เหนือ),0.0,,— ว่าง —,,,,,,
south-facilities:9409/4,สถานีตำรวจ จุดตรวจทหาร,1,NbE,เหนือค่อนอีสาน,11.25,,— ว่าง —,,,,,,
south-facilities:9409/4,สถานีตำรวจ จุดตรวจทหาร,2,NNE,เหนือ-อีสาน,22.5,,— ว่าง —,,,,,,
south-facilities:9409/4,สถานีตำรวจ จุดตรวจทหาร,3,NEbN,อีสานค่อนเหนือ,33.75,,— ว่าง —,,,,,,
south-facilities:9409/4,สถานีตำรวจ จุดตรวจทหาร,4,NE,อีสาน (ตอ.เฉียงเหนือ),45.0,,— ว่าง —,,,,,,
south-facilities:9409/4,สถานีตำรวจ จุดตรวจทหาร,5,NEbE,อีสานค่อนบูรพา,56.25,,— ว่าง —,,,,,,
south-facilities:9409/4,สถานีตำรวจ จุดตรวจทหาร,6,ENE,บูรพา-อีสาน,67.5,,— ว่าง —,,,,,,
south-facilities:9409/4,สถานีตำรวจ จุดตรวจทหาร,7,EbN,บูรพาค่อนเหนือ,78.75,,— ว่าง —,,,,,,
south-facilities:9409/4,สถานีตำรวจ จุดตรวจทหาร,8,E,บูรพา (ตะวันออก),90.0,south-facilities:9404,โรงพยาบาล โรงพยาบาลปะนาเระ,โรงพยาบาล,11.381,15.977,1.404,7.700251367159261,90.36589755793817
south-facilities:9409/4,สถานีตำรวจ จุดตรวจทหาร,9,EbS,บูรพาค่อนใต้,101.25,,— ว่าง —,,,,,,
south-facilities:9409/4,สถานีตำรวจ จุดตรวจทหาร,10,ESE,บูรพา-อาคเนย์,112.5,,— ว่าง —,,,,,,
south-facilities:9409/4,สถานีตำรวจ จุดตรวจทหาร,11,SEbE,อาคเนย์ค่อนบูรพา,123.75,south-facilities:9409/5,สถานีตำรวจ จุดตรวจทหาร,สถานีตำรวจ,3.95,3.957,1.002,7.700251367159261,83.59605889258627
south-facilities:9409/4,สถานีตำรวจ จุดตรวจทหาร,12,SE,อาคเนย์ (ตอ.เฉียงใต้),135.0,south-facilities:9409/6,สถานีตำรวจ จุดตรวจทหาร,สถานีตำรวจ,9.937,10.048,1.011,7.700251367159261,35.057898080453896
south-facilities:9409/4,สถานีตำรวจ จุดตรวจทหาร,13,SEbS,อาคเนย์ค่อนใต้,146.25,,— ว่าง —,,,,,,
south-facilities:9409/4,สถานีตำรวจ จุดตรวจทหาร,14,SSE,ใต้-อาคเนย์,157.5,,— ว่าง —,,,,,,
south-facilities:9409/4,สถานีตำรวจ จุดตรวจทหาร,15,SbE,ใต้ค่อนบูรพา,168.75,south-facilities:9405/4,โรงพยาบาล โรงพยาบาลมายอ,โรงพยาบาล,13.755,19.837,1.442,7.700251367159261,80.34645464891182
south-facilities:9409/4,สถานีตำรวจ จุดตรวจทหาร,16,S,ทักษิณ (ใต้),180.0,,— ว่าง —,,,,,,
south-facilities:9409/4,สถานีตำรวจ จุดตรวจทหาร,17,SbW,ใต้ค่อนประจิม,191.25,,— ว่าง —,,,,,,
south-facilities:9409/4,สถานีตำรวจ จุดตรวจทหาร,18,SSW,ใต้-หรดี,202.5,south-facilities:9410/7,ด่านตรวจ (ไม่ระบุชื่อ) ยะรัง,ด่านตรวจ,11.554,20.693,1.791,7.700251367159261,0.049452655347264105
south-facilities:9409/4,สถานีตำรวจ จุดตรวจทหาร,19,SWbS,หรดีค่อนใต้,213.75,south-facilities:9410/6,สถานีตำรวจ จุดตรวจทหารพราน,สถานีตำรวจ,17.442,27.455,1.574,7.700251367159261,19.91319501737795
south-facilities:9409/4,สถานีตำรวจ จุดตรวจทหาร,20,SW,หรดี (ตต.เฉียงใต้),225.0,south-facilities:9410/8,โรงพยาบาล โรงพยาบาลยะรัง,โรงพยาบาล,13.971,23.174,1.659,7.700251367159261,65.42463260752814
south-facilities:9409/4,สถานีตำรวจ จุดตรวจทหาร,21,SWbW,หรดีค่อนประจิม,236.25,south-facilities:9410,ด่านตรวจ จุดตรวจทหาร,ด่านตรวจ,11.184,20.211,1.807,7.700251367159261,0.04965832101841608
south-facilities:9409/4,สถานีตำรวจ จุดตรวจทหาร,22,WSW,ประจิม-หรดี,247.5,,— ว่าง —,,,,,,
south-facilities:9409/4,สถานีตำรวจ จุดตรวจทหาร,23,WbS,ประจิมค่อนใต้,258.75,south-facilities:9403/8,หน่วยทหาร กรมทหารราบที่ 153,หน่วยทหาร,24.61,36.289,1.475,7.700251367159261,901.8727106366265
south-facilities:9409/4,สถานีตำรวจ จุดตรวจทหาร,24,W,ประจิม (ตะวันตก),270.0,south-facilities:9401/2,สถานีตำรวจ จุดตรวจทหาร,สถานีตำรวจ,13.227,24.357,1.841,7.700251367159261,6.489565320273719
south-facilities:9409/4,สถานีตำรวจ จุดตรวจทหาร,25,WbN,ประจิมค่อนเหนือ,281.25,south-facilities:9401/3,สถานีตำรวจ จุดตรวจทหาร,สถานีตำรวจ,14.468,23.85,1.648,7.700251367159261,16.59197790738034
south-facilities:9409/4,สถานีตำรวจ จุดตรวจทหาร,26,WNW,ประจิม-พายัพ,292.5,south-facilities:9409/2,สถานีตำรวจ จุดตรวจทหาร,สถานีตำรวจ,7.462,17.054,2.286,7.700251367159261,22.314522057852933
south-facilities:9409/4,สถานีตำรวจ จุดตรวจทหาร,27,NWbW,พายัพค่อนประจิม,303.75,,— ว่าง —,,,,,,
south-facilities:9409/4,สถานีตำรวจ จุดตรวจทหาร,28,NW,พายัพ (ตต.เฉียงเหนือ),315.0,,— ว่าง —,,,,,,
south-facilities:9409/4,สถานีตำรวจ จุดตรวจทหาร,29,NWbN,พายัพค่อนเหนือ,326.25,south-facilities:9409,สถานีตำรวจ จุดตรวจตำรวจ,สถานีตำรวจ,3.052,9.171,3.005,7.700251367159261,23.014482300423982
south-facilities:9409/4,สถานีตำรวจ จุดตรวจทหาร,30,NNW,เหนือ-พายัพ,337.5,south-facilities:9409/7,โรงพยาบาล โรงพยาบาลยะหริ่ง,โรงพยาบาล,1.963,8.499,4.33,7.700251367159261,113.27715676341076
south-facilities:9409/4,สถานีตำรวจ จุดตรวจทหาร,31,NbW,เหนือค่อนประจิม,348.75,,— ว่าง —,,,,,,
south-facilities:9409/5,สถานีตำรวจ จุดตรวจทหาร,0,N,อุดร (เหนือ),0.0,,— ว่าง —,,,,,,
south-facilities:9409/5,สถานีตำรวจ จุดตรวจทหาร,1,NbE,เหนือค่อนอีสาน,11.25,,— ว่าง —,,,,,,
south-facilities:9409/5,สถานีตำรวจ จุดตรวจทหาร,2,NNE,เหนือ-อีสาน,22.5,,— ว่าง —,,,,,,
south-facilities:9409/5,สถานีตำรวจ จุดตรวจทหาร,3,NEbN,อีสานค่อนเหนือ,33.75,,— ว่าง —,,,,,,
south-facilities:9409/5,สถานีตำรวจ จุดตรวจทหาร,4,NE,อีสาน (ตอ.เฉียงเหนือ),45.0,,— ว่าง —,,,,,,
south-facilities:9409/5,สถานีตำรวจ จุดตรวจทหาร,5,NEbE,อีสานค่อนบูรพา,56.25,,— ว่าง —,,,,,,
south-facilities:9409/5,สถานีตำรวจ จุดตรวจทหาร,6,ENE,บูรพา-อีสาน,67.5,south-facilities:9404,โรงพยาบาล โรงพยาบาลปะนาเระ,โรงพยาบาล,8.667,12.02,1.387,83.59605889258627,90.36589755793817
south-facilities:9409/5,สถานีตำรวจ จุดตรวจทหาร,7,EbN,บูรพาค่อนเหนือ,78.75,,— ว่าง —,,,,,,
south-facilities:9409/5,สถานีตำรวจ จุดตรวจทหาร,8,E,บูรพา (ตะวันออก),90.0,,— ว่าง —,,,,,,
south-facilities:9409/5,สถานีตำรวจ จุดตรวจทหาร,9,EbS,บูรพาค่อนใต้,101.25,,— ว่าง —,,,,,,
south-facilities:9409/5,สถานีตำรวจ จุดตรวจทหาร,10,ESE,บูรพา-อาคเนย์,112.5,,— ว่าง —,,,,,,
south-facilities:9409/5,สถานีตำรวจ จุดตรวจทหาร,11,SEbE,อาคเนย์ค่อนบูรพา,123.75,,— ว่าง —,,,,,,
south-facilities:9409/5,สถานีตำรวจ จุดตรวจทหาร,12,SE,อาคเนย์ (ตอ.เฉียงใต้),135.0,south-facilities:9409/6,สถานีตำรวจ จุดตรวจทหาร,สถานีตำรวจ,5.99,6.091,1.017,83.59605889258627,35.057898080453896
south-facilities:9409/5,สถานีตำรวจ จุดตรวจทหาร,13,SEbS,อาคเนย์ค่อนใต้,146.25,,— ว่าง —,,,,,,
south-facilities:9409/5,สถานีตำรวจ จุดตรวจทหาร,14,SSE,ใต้-อาคเนย์,157.5,,— ว่าง —,,,,,,
south-facilities:9409/5,สถานีตำรวจ จุดตรวจทหาร,15,SbE,ใต้ค่อนบูรพา,168.75,,— ว่าง —,,,,,,
south-facilities:9409/5,สถานีตำรวจ จุดตรวจทหาร,16,S,ทักษิณ (ใต้),180.0,south-facilities:9405/3,โรงพยาบาล โรงพยาบาลมายอ,โรงพยาบาล,10.78,15.853,1.471,83.59605889258627,54.68949075923313
south-facilities:9409/5,สถานีตำรวจ จุดตรวจทหาร,17,SbW,ใต้ค่อนประจิม,191.25,,— ว่าง —,,,,,,
south-facilities:9409/5,สถานีตำรวจ จุดตรวจทหาร,18,SSW,ใต้-หรดี,202.5,,— ว่าง —,,,,,,
south-facilities:9409/5,สถานีตำรวจ จุดตรวจทหาร,19,SWbS,หรดีค่อนใต้,213.75,south-facilities:9410/3,สถานีตำรวจ จุดตรวจทหารพราน,สถานีตำรวจ,23.924,35.331,1.477,83.59605889258627,82.80603665022818
south-facilities:9409/5,สถานีตำรวจ จุดตรวจทหาร,20,SW,หรดี (ตต.เฉียงใต้),225.0,south-facilities:9410/7,ด่านตรวจ (ไม่ระบุชื่อ) ยะรัง,ด่านตรวจ,11.412,19.65,1.722,83.59605889258627,0.049452655347264105
south-facilities:9409/5,สถานีตำรวจ จุดตรวจทหาร,21,SWbW,หรดีค่อนประจิม,236.25,south-facilities:9410/8,โรงพยาบาล โรงพยาบาลยะรัง,โรงพยาบาล,15.021,22.131,1.473,83.59605889258627,65.42463260752814
south-facilities:9409/5,สถานีตำรวจ จุดตรวจทหาร,22,WSW,ประจิม-หรดี,247.5,,— ว่าง —,,,,,,
south-facilities:9409/5,สถานีตำรวจ จุดตรวจทหาร,23,WbS,ประจิมค่อนใต้,258.75,south-facilities:9410,ด่านตรวจ จุดตรวจทหาร,ด่านตรวจ,13.216,19.168,1.45,83.59605889258627,0.04965832101841608
south-facilities:9409/5,สถานีตำรวจ จุดตรวจทหาร,24,W,ประจิม (ตะวันตก),270.0,,— ว่าง —,,,,,,
south-facilities:9409/5,สถานีตำรวจ จุดตรวจทหาร,25,WbN,ประจิมค่อนเหนือ,281.25,south-facilities:9401/2,สถานีตำรวจ จุดตรวจทหาร,สถานีตำรวจ,16.618,24.398,1.468,83.59605889258627,6.489565320273719
south-facilities:9409/5,สถานีตำรวจ จุดตรวจทหาร,26,WNW,ประจิม-พายัพ,292.5,south-facilities:9401/6,สถานีตำรวจ ตำรวจภูธรจังหวัดปัตตานี,สถานีตำรวจ,18.606,23.335,1.254,83.59605889258627,105.8846811752817
south-facilities:9409/5,สถานีตำรวจ จุดตรวจทหาร,27,NWbW,พายัพค่อนประจิม,303.75,south-facilities:9409/4,สถานีตำรวจ จุดตรวจทหาร,สถานีตำรวจ,3.95,10.492,2.656,83.59605889258627,7.700251367159261
south-facilities:9409/5,สถานีตำรวจ จุดตรวจทหาร,28,NW,พายัพ (ตต.เฉียงเหนือ),315.0,south-facilities:9409/7,โรงพยาบาล โรงพยาบาลยะหริ่ง,โรงพยาบาล,5.704,8.54,1.497,83.59605889258627,113.27715676341076
south-facilities:9409/5,สถานีตำรวจ จุดตรวจทหาร,29,NWbN,พายัพค่อนเหนือ,326.25,,— ว่าง —,,,,,,
south-facilities:9409/5,สถานีตำรวจ จุดตรวจทหาร,30,NNW,เหนือ-พายัพ,337.5,,— ว่าง —,,,,,,
south-facilities:9409/5,สถานีตำรวจ จุดตรวจทหาร,31,NbW,เหนือค่อนประจิม,348.75,,— ว่าง —,,,,,,
south-facilities:9409/6,สถานีตำรวจ จุดตรวจทหาร,0,N,อุดร (เหนือ),0.0,,— ว่าง —,,,,,,
south-facilities:9409/6,สถานีตำรวจ จุดตรวจทหาร,1,NbE,เหนือค่อนอีสาน,11.25,,— ว่าง —,,,,,,
south-facilities:9409/6,สถานีตำรวจ จุดตรวจทหาร,2,NNE,เหนือ-อีสาน,22.5,,— ว่าง —,,,,,,
south-facilities:9409/6,สถานีตำรวจ จุดตรวจทหาร,3,NEbN,อีสานค่อนเหนือ,33.75,south-facilities:9404,โรงพยาบาล โรงพยาบาลปะนาเระ,โรงพยาบาล,7.528,9.582,1.273,35.057898080453896,90.36589755793817
south-facilities:9409/6,สถานีตำรวจ จุดตรวจทหาร,4,NE,อีสาน (ตอ.เฉียงเหนือ),45.0,,— ว่าง —,,,,,,
south-facilities:9409/6,สถานีตำรวจ จุดตรวจทหาร,5,NEbE,อีสานค่อนบูรพา,56.25,,— ว่าง —,,,,,,
south-facilities:9409/6,สถานีตำรวจ จุดตรวจทหาร,6,ENE,บูรพา-อีสาน,67.5,,— ว่าง —,,,,,,
south-facilities:9409/6,สถานีตำรวจ จุดตรวจทหาร,7,EbN,บูรพาค่อนเหนือ,78.75,,— ว่าง —,,,,,,
south-facilities:9409/6,สถานีตำรวจ จุดตรวจทหาร,8,E,บูรพา (ตะวันออก),90.0,,— ว่าง —,,,,,,
south-facilities:9409/6,สถานีตำรวจ จุดตรวจทหาร,9,EbS,บูรพาค่อนใต้,101.25,,— ว่าง —,,,,,,
south-facilities:9409/6,สถานีตำรวจ จุดตรวจทหาร,10,ESE,บูรพา-อาคเนย์,112.5,south-facilities:9407/3,โรงพยาบาล โรงพยาบาลสมเด็จพระยุพราชสายบุรี,โรงพยาบาล,20.831,27.513,1.321,35.057898080453896,92.5330404332286
south-facilities:9409/6,สถานีตำรวจ จุดตรวจทหาร,11,SEbE,อาคเนย์ค่อนบูรพา,123.75,,— ว่าง —,,,,,,
south-facilities:9409/6,สถานีตำรวจ จุดตรวจทหาร,12,SE,อาคเนย์ (ตอ.เฉียงใต้),135.0,south-facilities:9405,ด่านตรวจ ด่านตรวจบ้านปาลัส 2,ด่านตรวจ,3.837,22.118,5.764,35.057898080453896,0.06268319126708759
south-facilities:9409/6,สถานีตำรวจ จุดตรวจทหาร,13,SEbS,อาคเนย์ค่อนใต้,146.25,,— ว่าง —,,,,,,
south-facilities:9409/6,สถานีตำรวจ จุดตรวจทหาร,14,SSE,ใต้-อาคเนย์,157.5,,— ว่าง —,,,,,,
south-facilities:9409/6,สถานีตำรวจ จุดตรวจทหาร,15,SbE,ใต้ค่อนบูรพา,168.75,,— ว่าง —,,,,,,
south-facilities:9409/6,สถานีตำรวจ จุดตรวจทหาร,16,S,ทักษิณ (ใต้),180.0,,— ว่าง —,,,,,,
south-facilities:9409/6,สถานีตำรวจ จุดตรวจทหาร,17,SbW,ใต้ค่อนประจิม,191.25,south-facilities:9406,รพ.สต./สถานีอนามัย โรงพยาบาลส่งเสริมสุขภาพตำบล ทุ่งยางแดง,รพ.สต./สถานีอนามัย,18.379,31.944,1.738,35.057898080453896,84.1360683896038
south-facilities:9409/6,สถานีตำรวจ จุดตรวจทหาร,18,SSW,ใต้-หรดี,202.5,,— ว่าง —,,,,,,
south-facilities:9409/6,สถานีตำรวจ จุดตรวจทหาร,19,SWbS,หรดีค่อนใต้,213.75,south-facilities:9405/3,โรงพยาบาล โรงพยาบาลมายอ,โรงพยาบาล,7.754,17.24,2.223,35.057898080453896,54.68949075923313
south-facilities:9409/6,สถานีตำรวจ จุดตรวจทหาร,20,SW,หรดี (ตต.เฉียงใต้),225.0,south-facilities:9410/3,สถานีตำรวจ จุดตรวจทหารพราน,สถานีตำรวจ,23.533,36.717,1.56,35.057898080453896,82.80603665022818
south-facilities:9409/6,สถานีตำรวจ จุดตรวจทหาร,21,SWbW,หรดีค่อนประจิม,236.25,south-facilities:9410/4,สถานีตำรวจ จุดตรวจทหารพราน,สถานีตำรวจ,20.066,33.047,1.647,35.057898080453896,3.6302043299591595
south-facilities:9409/6,สถานีตำรวจ จุดตรวจทหาร,22,WSW,ประจิม-หรดี,247.5,south-facilities:9410/7,ด่านตรวจ (ไม่ระบุชื่อ) ยะรัง,ด่านตรวจ,13.333,27.118,2.034,35.057898080453896,0.049452655347264105
south-facilities:9409/6,สถานีตำรวจ จุดตรวจทหาร,23,WbS,ประจิมค่อนใต้,258.75,south-facilities:9410/8,โรงพยาบาล โรงพยาบาลยะรัง,โรงพยาบาล,17.962,30.207,1.682,35.057898080453896,65.42463260752814
south-facilities:9409/6,สถานีตำรวจ จุดตรวจทหาร,24,W,ประจิม (ตะวันตก),270.0,south-facilities:9410,ด่านตรวจ จุดตรวจทหาร,ด่านตรวจ,17.402,27.244,1.566,35.057898080453896,0.04965832101841608
south-facilities:9409/6,สถานีตำรวจ จุดตรวจทหาร,25,WbN,ประจิมค่อนเหนือ,281.25,,— ว่าง —,,,,,,
south-facilities:9409/6,สถานีตำรวจ จุดตรวจทหาร,26,WNW,ประจิม-พายัพ,292.5,south-facilities:9401/2,สถานีตำรวจ จุดตรวจทหาร,สถานีตำรวจ,22.005,34.473,1.567,35.057898080453896,6.489565320273719
south-facilities:9409/6,สถานีตำรวจ จุดตรวจทหาร,27,NWbW,พายัพค่อนประจิม,303.75,south-facilities:9409/2,สถานีตำรวจ จุดตรวจทหาร,สถานีตำรวจ,17.278,27.17,1.573,35.057898080453896,22.314522057852933
south-facilities:9409/6,สถานีตำรวจ จุดตรวจทหาร,28,NW,พายัพ (ตต.เฉียงเหนือ),315.0,south-facilities:9409/5,สถานีตำรวจ จุดตรวจทหาร,สถานีตำรวจ,5.99,13.122,2.191,35.057898080453896,83.59605889258627
south-facilities:9409/6,สถานีตำรวจ จุดตรวจทหาร,29,NWbN,พายัพค่อนเหนือ,326.25,,— ว่าง —,,,,,,
south-facilities:9409/6,สถานีตำรวจ จุดตรวจทหาร,30,NNW,เหนือ-พายัพ,337.5,,— ว่าง —,,,,,,
south-facilities:9409/6,สถานีตำรวจ จุดตรวจทหาร,31,NbW,เหนือค่อนประจิม,348.75,,— ว่าง —,,,,,,
south-facilities:9409/7,โรงพยาบาล โรงพยาบาลยะหริ่ง,0,N,อุดร (เหนือ),0.0,,— ว่าง —,,,,,,
south-facilities:9409/7,โรงพยาบาล โรงพยาบาลยะหริ่ง,1,NbE,เหนือค่อนอีสาน,11.25,,— ว่าง —,,,,,,
south-facilities:9409/7,โรงพยาบาล โรงพยาบาลยะหริ่ง,2,NNE,เหนือ-อีสาน,22.5,,— ว่าง —,,,,,,
south-facilities:9409/7,โรงพยาบาล โรงพยาบาลยะหริ่ง,3,NEbN,อีสานค่อนเหนือ,33.75,,— ว่าง —,,,,,,
south-facilities:9409/7,โรงพยาบาล โรงพยาบาลยะหริ่ง,4,NE,อีสาน (ตอ.เฉียงเหนือ),45.0,,— ว่าง —,,,,,,
south-facilities:9409/7,โรงพยาบาล โรงพยาบาลยะหริ่ง,5,NEbE,อีสานค่อนบูรพา,56.25,,— ว่าง —,,,,,,
south-facilities:9409/7,โรงพยาบาล โรงพยาบาลยะหริ่ง,6,ENE,บูรพา-อีสาน,67.5,,— ว่าง —,,,,,,
south-facilities:9409/7,โรงพยาบาล โรงพยาบาลยะหริ่ง,7,EbN,บูรพาค่อนเหนือ,78.75,,— ว่าง —,,,,,,
south-facilities:9409/7,โรงพยาบาล โรงพยาบาลยะหริ่ง,8,E,บูรพา (ตะวันออก),90.0,,— ว่าง —,,,,,,
south-facilities:9409/7,โรงพยาบาล โรงพยาบาลยะหริ่ง,9,EbS,บูรพาค่อนใต้,101.25,south-facilities:9404,โรงพยาบาล โรงพยาบาลปะนาเระ,โรงพยาบาล,12.151,17.928,1.475,113.27715676341076,90.36589755793817
south-facilities:9409/7,โรงพยาบาล โรงพยาบาลยะหริ่ง,10,ESE,บูรพา-อาคเนย์,112.5,,— ว่าง —,,,,,,
south-facilities:9409/7,โรงพยาบาล โรงพยาบาลยะหริ่ง,11,SEbE,อาคเนย์ค่อนบูรพา,123.75,,— ว่าง —,,,,,,
south-facilities:9409/7,โรงพยาบาล โรงพยาบาลยะหริ่ง,12,SE,อาคเนย์ (ตอ.เฉียงใต้),135.0,south-facilities:9409/5,สถานีตำรวจ จุดตรวจทหาร,สถานีตำรวจ,5.704,5.909,1.036,113.27715676341076,83.59605889258627
south-facilities:9409/7,โรงพยาบาล โรงพยาบาลยะหริ่ง,13,SEbS,อาคเนย์ค่อนใต้,146.25,,— ว่าง —,,,,,,
south-facilities:9409/7,โรงพยาบาล โรงพยาบาลยะหริ่ง,14,SSE,ใต้-อาคเนย์,157.5,south-facilities:9409/4,สถานีตำรวจ จุดตรวจทหาร,สถานีตำรวจ,1.963,1.952,0.994,113.27715676341076,7.700251367159261
south-facilities:9409/7,โรงพยาบาล โรงพยาบาลยะหริ่ง,15,SbE,ใต้ค่อนบูรพา,168.75,south-facilities:9405/4,โรงพยาบาล โรงพยาบาลมายอ,โรงพยาบาล,15.715,21.789,1.386,113.27715676341076,80.34645464891182
south-facilities:9409/7,โรงพยาบาล โรงพยาบาลยะหริ่ง,16,S,ทักษิณ (ใต้),180.0,,— ว่าง —,,,,,,
south-facilities:9409/7,โรงพยาบาล โรงพยาบาลยะหริ่ง,17,SbW,ใต้ค่อนประจิม,191.25,,— ว่าง —,,,,,,
south-facilities:9409/7,โรงพยาบาล โรงพยาบาลยะหริ่ง,18,SSW,ใต้-หรดี,202.5,south-facilities:9410/7,ด่านตรวจ (ไม่ระบุชื่อ) ยะรัง,ด่านตรวจ,13.004,22.645,1.741,113.27715676341076,0.049452655347264105
south-facilities:9409/7,โรงพยาบาล โรงพยาบาลยะหริ่ง,19,SWbS,หรดีค่อนใต้,213.75,south-facilities:9410/8,โรงพยาบาล โรงพยาบาลยะรัง,โรงพยาบาล,14.9,25.126,1.686,113.27715676341076,65.42463260752814
south-facilities:9409/7,โรงพยาบาล โรงพยาบาลยะหริ่ง,20,SW,หรดี (ตต.เฉียงใต้),225.0,,— ว่าง —,,,,,,
south-facilities:9409/7,โรงพยาบาล โรงพยาบาลยะหริ่ง,21,SWbW,หรดีค่อนประจิม,236.25,south-facilities:9410,ด่านตรวจ จุดตรวจทหาร,ด่านตรวจ,11.682,22.163,1.897,113.27715676341076,0.04965832101841608
south-facilities:9409/7,โรงพยาบาล โรงพยาบาลยะหริ่ง,22,WSW,ประจิม-หรดี,247.5,south-facilities:9403/8,หน่วยทหาร กรมทหารราบที่ 153,หน่วยทหาร,24.586,38.241,1.555,113.27715676341076,901.8727106366265
south-facilities:9409/7,โรงพยาบาล โรงพยาบาลยะหริ่ง,23,WbS,ประจิมค่อนใต้,258.75,,— ว่าง —,,,,,,
south-facilities:9409/7,โรงพยาบาล โรงพยาบาลยะหริ่ง,24,W,ประจิม (ตะวันตก),270.0,south-facilities:9401/2,สถานีตำรวจ จุดตรวจทหาร,สถานีตำรวจ,12.607,26.309,2.087,113.27715676341076,6.489565320273719
south-facilities:9409/7,โรงพยาบาล โรงพยาบาลยะหริ่ง,25,WbN,ประจิมค่อนเหนือ,281.25,south-facilities:9409/2,สถานีตำรวจ จุดตรวจทหาร,สถานีตำรวจ,6.21,19.006,3.06,113.27715676341076,22.314522057852933
south-facilities:9409/7,โรงพยาบาล โรงพยาบาลยะหริ่ง,26,WNW,ประจิม-พายัพ,292.5,south-facilities:9409/3,สถานีตำรวจ จุดตรวจทหาร,สถานีตำรวจ,0.277,10.119,36.465,113.27715676341076,18.599504691376566
south-facilities:9409/7,โรงพยาบาล โรงพยาบาลยะหริ่ง,27,NWbW,พายัพค่อนประจิม,303.75,south-facilities:9409,สถานีตำรวจ จุดตรวจตำรวจ,สถานีตำรวจ,1.271,11.123,8.753,113.27715676341076,23.014482300423982
south-facilities:9409/7,โรงพยาบาล โรงพยาบาลยะหริ่ง,28,NW,พายัพ (ตต.เฉียงเหนือ),315.0,,— ว่าง —,,,,,,
south-facilities:9409/7,โรงพยาบาล โรงพยาบาลยะหริ่ง,29,NWbN,พายัพค่อนเหนือ,326.25,,— ว่าง —,,,,,,
south-facilities:9409/7,โรงพยาบาล โรงพยาบาลยะหริ่ง,30,NNW,เหนือ-พายัพ,337.5,,— ว่าง —,,,,,,
south-facilities:9409/7,โรงพยาบาล โรงพยาบาลยะหริ่ง,31,NbW,เหนือค่อนประจิม,348.75,,— ว่าง —,,,,,,
south-facilities:9410,ด่านตรวจ จุดตรวจทหาร,0,N,อุดร (เหนือ),0.0,,— ว่าง —,,,,,,
south-facilities:9410,ด่านตรวจ จุดตรวจทหาร,1,NbE,เหนือค่อนอีสาน,11.25,,— ว่าง —,,,,,,
south-facilities:9410,ด่านตรวจ จุดตรวจทหาร,2,NNE,เหนือ-อีสาน,22.5,south-facilities:9409/2,สถานีตำรวจ จุดตรวจทหาร,สถานีตำรวจ,9.294,14.625,1.574,0.04965832101841608,22.314522057852933
south-facilities:9410,ด่านตรวจ จุดตรวจทหาร,3,NEbN,อีสานค่อนเหนือ,33.75,,— ว่าง —,,,,,,
south-facilities:9410,ด่านตรวจ จุดตรวจทหาร,4,NE,อีสาน (ตอ.เฉียงเหนือ),45.0,south-facilities:9409,สถานีตำรวจ จุดตรวจตำรวจ,สถานีตำรวจ,11.308,14.252,1.26,0.04965832101841608,23.014482300423982
south-facilities:9410,ด่านตรวจ จุดตรวจทหาร,5,NEbE,อีสานค่อนบูรพา,56.25,south-facilities:9409/4,สถานีตำรวจ จุดตรวจทหาร,สถานีตำรวจ,11.184,19.55,1.748,0.04965832101841608,7.700251367159261
south-facilities:9410,ด่านตรวจ จุดตรวจทหาร,6,ENE,บูรพา-อีสาน,67.5,,— ว่าง —,,,,,,
south-facilities:9410,ด่านตรวจ จุดตรวจทหาร,7,EbN,บูรพาค่อนเหนือ,78.75,south-facilities:9409/5,สถานีตำรวจ จุดตรวจทหาร,สถานีตำรวจ,13.216,17.194,1.301,0.04965832101841608,83.59605889258627
south-facilities:9410,ด่านตรวจ จุดตรวจทหาร,8,E,บูรพา (ตะวันออก),90.0,south-facilities:9409/6,สถานีตำรวจ จุดตรวจทหาร,สถานีตำรวจ,17.402,22.688,1.304,0.04965832101841608,35.057898080453896
south-facilities:9410,ด่านตรวจ จุดตรวจทหาร,9,EbS,บูรพาค่อนใต้,101.25,south-facilities:9405,ด่านตรวจ ด่านตรวจบ้านปาลัส 2,ด่านตรวจ,20.52,27.341,1.332,0.04965832101841608,0.06268319126708759
south-facilities:9410,ด่านตรวจ จุดตรวจทหาร,10,ESE,บูรพา-อาคเนย์,112.5,,— ว่าง —,,,,,,
south-facilities:9410,ด่านตรวจ จุดตรวจทหาร,11,SEbE,อาคเนย์ค่อนบูรพา,123.75,south-facilities:9405/4,โรงพยาบาล โรงพยาบาลมายอ,โรงพยาบาล,15.663,18.363,1.172,0.04965832101841608,80.34645464891182
south-facilities:9410,ด่านตรวจ จุดตรวจทหาร,12,SE,อาคเนย์ (ตอ.เฉียงใต้),135.0,south-facilities:9410/7,ด่านตรวจ (ไม่ระบุชื่อ) ยะรัง,ด่านตรวจ,6.76,8.514,1.259,0.04965832101841608,0.049452655347264105
south-facilities:9410,ด่านตรวจ จุดตรวจทหาร,13,SEbS,อาคเนย์ค่อนใต้,146.25,south-facilities:9406,รพ.สต./สถานีอนามัย โรงพยาบาลส่งเสริมสุขภาพตำบล ทุ่งยางแดง,รพ.สต./สถานีอนามัย,24.171,31.905,1.32,0.04965832101841608,84.1360683896038
south-facilities:9410,ด่านตรวจ จุดตรวจทหาร,14,SSE,ใต้-อาคเนย์,157.5,,— ว่าง —,,,,,,
south-facilities:9410,ด่านตรวจ จุดตรวจทหาร,15,SbE,ใต้ค่อนบูรพา,168.75,,— ว่าง —,,,,,,
south-facilities:9410,ด่านตรวจ จุดตรวจทหาร,16,S,ทักษิณ (ใต้),180.0,south-facilities:9410/8,โรงพยาบาล โรงพยาบาลยะรัง,โรงพยาบาล,4.273,4.732,1.108,0.04965832101841608,65.42463260752814
south-facilities:9410,ด่านตรวจ จุดตรวจทหาร,17,SbW,ใต้ค่อนประจิม,191.25,south-facilities:9410/5,สถานีตำรวจ จุดตรวจทหารพราน,สถานีตำรวจ,5.552,6.155,1.108,0.04965832101841608,13.7211158574055
south-facilities:9410,ด่านตรวจ จุดตรวจทหาร,18,SSW,ใต้-หรดี,202.5,south-facilities:9412,โรงพยาบาล โรงพยาบาลแม่ลาน,โรงพยาบาล,15.723,21.012,1.336,0.04965832101841608,87.77848466069065
south-facilities:9410,ด่านตรวจ จุดตรวจทหาร,19,SWbS,หรดีค่อนใต้,213.75,,— ว่าง —,,,,,,
south-facilities:9410,ด่านตรวจ จุดตรวจทหาร,20,SW,หรดี (ตต.เฉียงใต้),225.0,,— ว่าง —,,,,,,
south-facilities:9410,ด่านตรวจ จุดตรวจทหาร,21,SWbW,หรดีค่อนประจิม,236.25,,— ว่าง —,,,,,,
south-facilities:9410,ด่านตรวจ จุดตรวจทหาร,22,WSW,ประจิม-หรดี,247.5,south-facilities:9402,โรงพยาบาล โรงพยาบาลโคกโพธิ์,โรงพยาบาล,20.456,27.147,1.327,0.04965832101841608,110.57702669796572
south-facilities:9410,ด่านตรวจ จุดตรวจทหาร,23,WbS,ประจิมค่อนใต้,258.75,south-facilities:9403/8,หน่วยทหาร กรมทหารราบที่ 153,หน่วยทหาร,13.931,16.428,1.179,0.04965832101841608,901.8727106366265
south-facilities:9410,ด่านตรวจ จุดตรวจทหาร,24,W,ประจิม (ตะวันตก),270.0,south-facilities:9403/7,หน่วยทหาร ค่ายสมเด็จพระศรีสุริโยทัย,หน่วยทหาร,16.16,20.303,1.256,0.04965832101841608,586.9212521507228
south-facilities:9410,ด่านตรวจ จุดตรวจทหาร,25,WbN,ประจิมค่อนเหนือ,281.25,,— ว่าง —,,,,,,
south-facilities:9410,ด่านตรวจ จุดตรวจทหาร,26,WNW,ประจิม-พายัพ,292.5,south-facilities:9403/10,โรงพยาบาล โรงพยาบาลหนองจิก,โรงพยาบาล,14.402,19.403,1.347,0.04965832101841608,196.60930205211346
south-facilities:9410,ด่านตรวจ จุดตรวจทหาร,27,NWbW,พายัพค่อนประจิม,303.75,south-facilities:9403,ด่านตรวจ (ไม่ระบุชื่อ) หนองจิก,ด่านตรวจ,11.345,14.382,1.268,0.04965832101841608,0.071001356160795
south-facilities:9410,ด่านตรวจ จุดตรวจทหาร,28,NW,พายัพ (ตต.เฉียงเหนือ),315.0,south-facilities:9401/4,รพ.สต./สถานีอนามัย Sirirot Hospital,รพ.สต./สถานีอนามัย,10.834,15.552,1.435,0.04965832101841608,19.484249309173087
south-facilities:9410,ด่านตรวจ จุดตรวจทหาร,29,NWbN,พายัพค่อนเหนือ,326.25,south-facilities:9401/2,สถานีตำรวจ จุดตรวจทหาร,สถานีตำรวจ,7.085,11.169,1.576,0.04965832101841608,6.489565320273719
south-facilities:9410,ด่านตรวจ จุดตรวจทหาร,30,NNW,เหนือ-พายัพ,337.5,south-facilities:9401/6,สถานีตำรวจ ตำรวจภูธรจังหวัดปัตตานี,สถานีตำรวจ,11.92,14.53,1.219,0.04965832101841608,105.8846811752817
south-facilities:9410,ด่านตรวจ จุดตรวจทหาร,31,NbW,เหนือค่อนประจิม,348.75,,— ว่าง —,,,,,,
south-facilities:9410/2,สถานีตำรวจ จุดตรวจทหารพราน,0,N,อุดร (เหนือ),0.0,south-facilities:9410/3,สถานีตำรวจ จุดตรวจทหารพราน,สถานีตำรวจ,4.153,4.274,1.029,12.209983621104518,82.80603665022818
south-facilities:9410/2,สถานีตำรวจ จุดตรวจทหารพราน,1,NbE,เหนือค่อนอีสาน,11.25,south-facilities:9410/7,ด่านตรวจ (ไม่ระบุชื่อ) ยะรัง,ด่านตรวจ,17.371,22.283,1.283,12.209983621104518,0.049452655347264105
south-facilities:9410/2,สถานีตำรวจ จุดตรวจทหารพราน,2,NNE,เหนือ-อีสาน,22.5,,— ว่าง —,,,,,,
south-facilities:9410/2,สถานีตำรวจ จุดตรวจทหารพราน,3,NEbN,อีสานค่อนเหนือ,33.75,,— ว่าง —,,,,,,
south-facilities:9410/2,สถานีตำรวจ จุดตรวจทหารพราน,4,NE,อีสาน (ตอ.เฉียงเหนือ),45.0,south-facilities:9405/4,โรงพยาบาล โรงพยาบาลมายอ,โรงพยาบาล,19.131,23.725,1.24,12.209983621104518,80.34645464891182
south-facilities:9410/2,สถานีตำรวจ จุดตรวจทหารพราน,5,NEbE,อีสานค่อนบูรพา,56.25,,— ว่าง —,,,,,,
south-facilities:9410/2,สถานีตำรวจ จุดตรวจทหารพราน,6,ENE,บูรพา-อีสาน,67.5,,— ว่าง —,,,,,,
south-facilities:9410/2,สถานีตำรวจ จุดตรวจทหารพราน,7,EbN,บูรพาค่อนเหนือ,78.75,south-facilities:9406,รพ.สต./สถานีอนามัย โรงพยาบาลส่งเสริมสุขภาพตำบล ทุ่งยางแดง,รพ.สต./สถานีอนามัย,14.399,20.706,1.438,12.209983621104518,84.1360683896038
south-facilities:9410/2,สถานีตำรวจ จุดตรวจทหารพราน,8,E,บูรพา (ตะวันออก),90.0,,— ว่าง —,,,,,,
south-facilities:9410/2,สถานีตำรวจ จุดตรวจทหารพราน,9,EbS,บูรพาค่อนใต้,101.25,,— ว่าง —,,,,,,
south-facilities:9410/2,สถานีตำรวจ จุดตรวจทหารพราน,10,ESE,บูรพา-อาคเนย์,112.5,south-facilities:9506/2,ด่านตรวจ (ไม่ระบุชื่อ) รามัน,ด่านตรวจ,9.772,16.947,1.734,12.209983621104518,0.022238985381478615
south-facilities:9410/2,สถานีตำรวจ จุดตรวจทหารพราน,11,SEbE,อาคเนย์ค่อนบูรพา,123.75,south-facilities:9506/3,สถานีตำรวจ สถานีภูธรจะว๊ะ,สถานีตำรวจ,24.852,36.765,1.479,12.209983621104518,39.13537912524573
south-facilities:9410/2,สถานีตำรวจ จุดตรวจทหารพราน,12,SE,อาคเนย์ (ตอ.เฉียงใต้),135.0,south-facilities:9506/4,โรงพยาบาล โรงพยาบาลรามัน,โรงพยาบาล,18.626,30.272,1.625,12.209983621104518,45.37929517289792
south-facilities:9410/2,สถานีตำรวจ จุดตรวจทหารพราน,13,SEbS,อาคเนย์ค่อนใต้,146.25,,— ว่าง —,,,,,,
south-facilities:9410/2,สถานีตำรวจ จุดตรวจทหารพราน,14,SSE,ใต้-อาคเนย์,157.5,south-facilities:9501/7,ด่านตรวจ (ไม่ระบุชื่อ) เมืองยะลา,ด่านตรวจ,4.672,7.587,1.624,12.209983621104518,0.055466863256468886
south-facilities:9410/2,สถานีตำรวจ จุดตรวจทหารพราน,15,SbE,ใต้ค่อนบูรพา,168.75,south-facilities:9501/12,สถานีดับเพลิง (ไม่ระบุชื่อ) เมืองยะลา,สถานีดับเพลิง,6.7,7.953,1.187,12.209983621104518,71.10550439130981
south-facilities:9410/2,สถานีตำรวจ จุดตรวจทหารพราน,16,S,ทักษิณ (ใต้),180.0,,— ว่าง —,,,,,,
south-facilities:9410/2,สถานีตำรวจ จุดตรวจทหารพราน,17,SbW,ใต้ค่อนประจิม,191.25,south-facilities:9501/11,สถานีตำรวจ กองร้อย ๕ กองกำกับการตำรวจตระเวนชายแดน ๙,สถานีตำรวจ,8.42,10.46,1.242,12.209983621104518,179.81077995896513
south-facilities:9410/2,สถานีตำรวจ จุดตรวจทหารพราน,18,SSW,ใต้-หรดี,202.5,south-facilities:9501/6,โรงพยาบาล โรงพยาบาลสิโรรส,โรงพยาบาล,5.245,5.917,1.128,12.209983621104518,77.19268725088556
south-facilities:9410/2,สถานีตำรวจ จุดตรวจทหารพราน,19,SWbS,หรดีค่อนใต้,213.75,south-facilities:9501/5,ด่านตรวจ (ไม่ระบุชื่อ) เมืองยะลา,ด่านตรวจ,5.771,8.539,1.48,12.209983621104518,0.024831540647394512
south-facilities:9410/2,สถานีตำรวจ จุดตรวจทหารพราน,20,SW,หรดี (ตต.เฉียงใต้),225.0,,— ว่าง —,,,,,,
south-facilities:9410/2,สถานีตำรวจ จุดตรวจทหารพราน,21,SWbW,หรดีค่อนประจิม,236.25,south-facilities:9505,โรงพยาบาล (ไม่ระบุชื่อ) ยะหา,โรงพยาบาล,22.68,27.033,1.192,12.209983621104518,59.737005230787936
south-facilities:9410/2,สถานีตำรวจ จุดตรวจทหารพราน,22,WSW,ประจิม-หรดี,247.5,,— ว่าง —,,,,,,
south-facilities:9410/2,สถานีตำรวจ จุดตรวจทหารพราน,23,WbS,ประจิมค่อนใต้,258.75,,— ว่าง —,,,,,,
south-facilities:9410/2,สถานีตำรวจ จุดตรวจทหารพราน,24,W,ประจิม (ตะวันตก),270.0,,— ว่าง —,,,,,,
south-facilities:9410/2,สถานีตำรวจ จุดตรวจทหารพราน,25,WbN,ประจิมค่อนเหนือ,281.25,,— ว่าง —,,,,,,
south-facilities:9410/2,สถานีตำรวจ จุดตรวจทหารพราน,26,WNW,ประจิม-พายัพ,292.5,,— ว่าง —,,,,,,
south-facilities:9410/2,สถานีตำรวจ จุดตรวจทหารพราน,27,NWbW,พายัพค่อนประจิม,303.75,,— ว่าง —,,,,,,
south-facilities:9410/2,สถานีตำรวจ จุดตรวจทหารพราน,28,NW,พายัพ (ตต.เฉียงเหนือ),315.0,south-facilities:9412,โรงพยาบาล โรงพยาบาลแม่ลาน,โรงพยาบาล,9.662,18.367,1.901,12.209983621104518,87.77848466069065
south-facilities:9410/2,สถานีตำรวจ จุดตรวจทหารพราน,29,NWbN,พายัพค่อนเหนือ,326.25,south-facilities:9403/9,หน่วยทหาร สระน้ำป้องเพชร ขกท.พล.15,หน่วยทหาร,24.257,32.861,1.355,12.209983621104518,2052.6084616013945
south-facilities:9410/2,สถานีตำรวจ จุดตรวจทหารพราน,30,NNW,เหนือ-พายัพ,337.5,,— ว่าง —,,,,,,
south-facilities:9410/2,สถานีตำรวจ จุดตรวจทหารพราน,31,NbW,เหนือค่อนประจิม,348.75,,— ว่าง —,,,,,,
south-facilities:9410/3,สถานีตำรวจ จุดตรวจทหารพราน,0,N,อุดร (เหนือ),0.0,south-facilities:9410/4,สถานีตำรวจ จุดตรวจทหารพราน,สถานีตำรวจ,5.871,6.118,1.042,82.80603665022818,3.6302043299591595
south-facilities:9410/3,สถานีตำรวจ จุดตรวจทหารพราน,1,NbE,เหนือค่อนอีสาน,11.25,south-facilities:9410/7,ด่านตรวจ (ไม่ระบุชื่อ) ยะรัง,ด่านตรวจ,13.314,18.009,1.353,82.80603665022818,0.049452655347264105
south-facilities:9410/3,สถานีตำรวจ จุดตรวจทหารพราน,2,NNE,เหนือ-อีสาน,22.5,south-facilities:9409/4,สถานีตำรวจ จุดตรวจทหาร,สถานีตำรวจ,24.782,36.602,1.477,82.80603665022818,7.700251367159261
south-facilities:9410/3,สถานีตำรวจ จุดตรวจทหารพราน,3,NEbN,อีสานค่อนเหนือ,33.75,south-facilities:9409/5,สถานีตำรวจ จุดตรวจทหาร,สถานีตำรวจ,23.924,34.201,1.43,82.80603665022818,83.59605889258627
south-facilities:9410/3,สถานีตำรวจ จุดตรวจทหารพราน,4,NE,อีสาน (ตอ.เฉียงเหนือ),45.0,south-facilities:9409/6,สถานีตำรวจ จุดตรวจทหาร,สถานีตำรวจ,23.533,32.367,1.375,82.80603665022818,35.057898080453896
south-facilities:9410/3,สถานีตำรวจ จุดตรวจทหารพราน,5,NEbE,อีสานค่อนบูรพา,56.25,south-facilities:9405/4,โรงพยาบาล โรงพยาบาลมายอ,โรงพยาบาล,16.176,19.45,1.202,82.80603665022818,80.34645464891182
south-facilities:9410/3,สถานีตำรวจ จุดตรวจทหารพราน,6,ENE,บูรพา-อีสาน,67.5,south-facilities:9407,สถานีตำรวจ จุดตรวจทหารพราน,สถานีตำรวจ,24.727,39.898,1.614,82.80603665022818,16.928052143588424
south-facilities:9410/3,สถานีตำรวจ จุดตรวจทหารพราน,7,EbN,บูรพาค่อนเหนือ,78.75,,— ว่าง —,,,,,,
south-facilities:9410/3,สถานีตำรวจ จุดตรวจทหารพราน,8,E,บูรพา (ตะวันออก),90.0,,— ว่าง —,,,,,,
south-facilities:9410/3,สถานีตำรวจ จุดตรวจทหารพราน,9,EbS,บูรพาค่อนใต้,101.25,south-facilities:9406,รพ.สต./สถานีอนามัย โรงพยาบาลส่งเสริมสุขภาพตำบล ทุ่งยางแดง,รพ.สต./สถานีอนามัย,14.033,20.382,1.452,82.80603665022818,84.1360683896038
south-facilities:9410/3,สถานีตำรวจ จุดตรวจทหารพราน,10,ESE,บูรพา-อาคเนย์,112.5,,— ว่าง —,,,,,,
south-facilities:9410/3,สถานีตำรวจ จุดตรวจทหารพราน,11,SEbE,อาคเนย์ค่อนบูรพา,123.75,,— ว่าง —,,,,,,
south-facilities:9410/3,สถานีตำรวจ จุดตรวจทหารพราน,12,SE,อาคเนย์ (ตอ.เฉียงใต้),135.0,south-facilities:9506/2,ด่านตรวจ (ไม่ระบุชื่อ) รามัน,ด่านตรวจ,12.078,16.622,1.376,82.80603665022818,0.022238985381478615
south-facilities:9410/3,สถานีตำรวจ จุดตรวจทหารพราน,13,SEbS,อาคเนย์ค่อนใต้,146.25,south-facilities:9506/4,โรงพยาบาล โรงพยาบาลรามัน,โรงพยาบาล,21.679,34.547,1.594,82.80603665022818,45.37929517289792
south-facilities:9410/3,สถานีตำรวจ จุดตรวจทหารพราน,14,SSE,ใต้-อาคเนย์,157.5,,— ว่าง —,,,,,,
south-facilities:9410/3,สถานีตำรวจ จุดตรวจทหารพราน,15,SbE,ใต้ค่อนบูรพา,168.75,south-facilities:9501/7,ด่านตรวจ (ไม่ระบุชื่อ) เมืองยะลา,ด่านตรวจ,8.576,11.862,1.383,82.80603665022818,0.055466863256468886
south-facilities:9410/3,สถานีตำรวจ จุดตรวจทหารพราน,16,S,ทักษิณ (ใต้),180.0,south-facilities:9410/2,สถานีตำรวจ จุดตรวจทหารพราน,สถานีตำรวจ,4.153,4.274,1.029,82.80603665022818,12.209983621104518
south-facilities:9410/3,สถานีตำรวจ จุดตรวจทหารพราน,17,SbW,ใต้ค่อนประจิม,191.25,south-facilities:9501/6,โรงพยาบาล โรงพยาบาลสิโรรส,โรงพยาบาล,9.207,10.191,1.107,82.80603665022818,77.19268725088556
south-facilities:9410/3,สถานีตำรวจ จุดตรวจทหารพราน,18,SSW,ใต้-หรดี,202.5,south-facilities:9501/5,ด่านตรวจ (ไม่ระบุชื่อ) เมืองยะลา,ด่านตรวจ,9.482,12.813,1.351,82.80603665022818,0.024831540647394512
south-facilities:9410/3,สถานีตำรวจ จุดตรวจทหารพราน,19,SWbS,หรดีค่อนใต้,213.75,,— ว่าง —,,,,,,
south-facilities:9410/3,สถานีตำรวจ จุดตรวจทหารพราน,20,SW,หรดี (ตต.เฉียงใต้),225.0,,— ว่าง —,,,,,,
south-facilities:9410/3,สถานีตำรวจ จุดตรวจทหารพราน,21,SWbW,หรดีค่อนประจิม,236.25,,— ว่าง —,,,,,,
south-facilities:9410/3,สถานีตำรวจ จุดตรวจทหารพราน,22,WSW,ประจิม-หรดี,247.5,,— ว่าง —,,,,,,
south-facilities:9410/3,สถานีตำรวจ จุดตรวจทหารพราน,23,WbS,ประจิมค่อนใต้,258.75,,— ว่าง —,,,,,,
south-facilities:9410/3,สถานีตำรวจ จุดตรวจทหารพราน,24,W,ประจิม (ตะวันตก),270.0,,— ว่าง —,,,,,,
south-facilities:9410/3,สถานีตำรวจ จุดตรวจทหารพราน,25,WbN,ประจิมค่อนเหนือ,281.25,,— ว่าง —,,,,,,
south-facilities:9410/3,สถานีตำรวจ จุดตรวจทหารพราน,26,WNW,ประจิม-พายัพ,292.5,south-facilities:9412,โรงพยาบาล โรงพยาบาลแม่ลาน,โรงพยาบาล,7.304,14.093,1.93,82.80603665022818,87.77848466069065
south-facilities:9410/3,สถานีตำรวจ จุดตรวจทหารพราน,27,NWbW,พายัพค่อนประจิม,303.75,south-facilities:9402,โรงพยาบาล โรงพยาบาลโคกโพธิ์,โรงพยาบาล,23.4,32.685,1.397,82.80603665022818,110.57702669796572
south-facilities:9410/3,สถานีตำรวจ จุดตรวจทหารพราน,28,NW,พายัพ (ตต.เฉียงเหนือ),315.0,south-facilities:9403/9,หน่วยทหาร สระน้ำป้องเพชร ขกท.พล.15,หน่วยทหาร,21.254,28.586,1.345,82.80603665022818,2052.6084616013945
south-facilities:9410/3,สถานีตำรวจ จุดตรวจทหารพราน,29,NWbN,พายัพค่อนเหนือ,326.25,,— ว่าง —,,,,,,
south-facilities:9410/3,สถานีตำรวจ จุดตรวจทหารพราน,30,NNW,เหนือ-พายัพ,337.5,,— ว่าง —,,,,,,
south-facilities:9410/3,สถานีตำรวจ จุดตรวจทหารพราน,31,NbW,เหนือค่อนประจิม,348.75,south-facilities:9410/6,สถานีตำรวจ จุดตรวจทหารพราน,สถานีตำรวจ,9.016,9.334,1.035,82.80603665022818,19.91319501737795
south-facilities:9410/4,สถานีตำรวจ จุดตรวจทหารพราน,0,N,อุดร (เหนือ),0.0,south-facilities:9410,ด่านตรวจ จุดตรวจทหาร,ด่านตรวจ,11.807,12.803,1.084,3.6302043299591595,0.04965832101841608
south-facilities:9410/4,สถานีตำรวจ จุดตรวจทหารพราน,1,NbE,เหนือค่อนอีสาน,11.25,south-facilities:9409/2,สถานีตำรวจ จุดตรวจทหาร,สถานีตำรวจ,20.726,27.429,1.323,3.6302043299591595,22.314522057852933
south-facilities:9410/4,สถานีตำรวจ จุดตรวจทหารพราน,2,NNE,เหนือ-อีสาน,22.5,south-facilities:9409/3,สถานีตำรวจ จุดตรวจทหาร,สถานีตำรวจ,20.941,28.2,1.347,3.6302043299591595,18.599504691376566
south-facilities:9410/4,สถานีตำรวจ จุดตรวจทหารพราน,3,NEbN,อีสานค่อนเหนือ,33.75,south-facilities:9410/7,ด่านตรวจ (ไม่ระบุชื่อ) ยะรัง,ด่านตรวจ,8.04,11.891,1.479,3.6302043299591595,0.049452655347264105
south-facilities:9410/4,สถานีตำรวจ จุดตรวจทหารพราน,4,NE,อีสาน (ตอ.เฉียงเหนือ),45.0,south-facilities:9409/5,สถานีตำรวจ จุดตรวจทหาร,สถานีตำรวจ,19.289,28.129,1.458,3.6302043299591595,83.59605889258627
south-facilities:9410/4,สถานีตำรวจ จุดตรวจทหารพราน,5,NEbE,อีสานค่อนบูรพา,56.25,south-facilities:9409/6,สถานีตำรวจ จุดตรวจทหาร,สถานีตำรวจ,20.066,28.696,1.43,3.6302043299591595,35.057898080453896
south-facilities:9410/4,สถานีตำรวจ จุดตรวจทหารพราน,6,ENE,บูรพา-อีสาน,67.5,south-facilities:9405/4,โรงพยาบาล โรงพยาบาลมายอ,โรงพยาบาล,13.714,15.78,1.151,3.6302043299591595,80.34645464891182
south-facilities:9410/4,สถานีตำรวจ จุดตรวจทหารพราน,7,EbN,บูรพาค่อนเหนือ,78.75,south-facilities:9407,สถานีตำรวจ จุดตรวจทหารพราน,สถานีตำรวจ,23.122,39.024,1.688,3.6302043299591595,16.928052143588424
south-facilities:9410/4,สถานีตำรวจ จุดตรวจทหารพราน,8,E,บูรพา (ตะวันออก),90.0,,— ว่าง —,,,,,,
south-facilities:9410/4,สถานีตำรวจ จุดตรวจทหารพราน,9,EbS,บูรพาค่อนใต้,101.25,,— ว่าง —,,,,,,
south-facilities:9410/4,สถานีตำรวจ จุดตรวจทหารพราน,10,ESE,บูรพา-อาคเนย์,112.5,south-facilities:9406,รพ.สต./สถานีอนามัย โรงพยาบาลส่งเสริมสุขภาพตำบล ทุ่งยางแดง,รพ.สต./สถานีอนามัย,16.044,20.408,1.272,3.6302043299591595,84.1360683896038
south-facilities:9410/4,สถานีตำรวจ จุดตรวจทหารพราน,11,SEbE,อาคเนย์ค่อนบูรพา,123.75,,— ว่าง —,,,,,,
south-facilities:9410/4,สถานีตำรวจ จุดตรวจทหารพราน,12,SE,อาคเนย์ (ตอ.เฉียงใต้),135.0,,— ว่าง —,,,,,,
south-facilities:9410/4,สถานีตำรวจ จุดตรวจทหารพราน,13,SEbS,อาคเนย์ค่อนใต้,146.25,south-facilities:9506/2,ด่านตรวจ (ไม่ระบุชื่อ) รามัน,ด่านตรวจ,16.91,22.74,1.345,3.6302043299591595,0.022238985381478615
south-facilities:9410/4,สถานีตำรวจ จุดตรวจทหารพราน,14,SSE,ใต้-อาคเนย์,157.5,,— ว่าง —,,,,,,
south-facilities:9410/4,สถานีตำรวจ จุดตรวจทหารพราน,15,SbE,ใต้ค่อนบูรพา,168.75,south-facilities:9501/7,ด่านตรวจ (ไม่ระบุชื่อ) เมืองยะลา,ด่านตรวจ,14.406,17.98,1.248,3.6302043299591595,0.055466863256468886
south-facilities:9410/4,สถานีตำรวจ จุดตรวจทหารพราน,16,S,ทักษิณ (ใต้),180.0,south-facilities:9410/3,สถานีตำรวจ จุดตรวจทหารพราน,สถานีตำรวจ,5.871,6.118,1.042,3.6302043299591595,82.80603665022818
south-facilities:9410/4,สถานีตำรวจ จุดตรวจทหารพราน,17,SbW,ใต้ค่อนประจิม,191.25,south-facilities:9501/6,โรงพยาบาล โรงพยาบาลสิโรรส,โรงพยาบาล,14.886,16.309,1.096,3.6302043299591595,77.19268725088556
south-facilities:9410/4,สถานีตำรวจ จุดตรวจทหารพราน,18,SSW,ใต้-หรดี,202.5,,— ว่าง —,,,,,,
south-facilities:9410/4,สถานีตำรวจ จุดตรวจทหารพราน,19,SWbS,หรดีค่อนใต้,213.75,,— ว่าง —,,,,,,
south-facilities:9410/4,สถานีตำรวจ จุดตรวจทหารพราน,20,SW,หรดี (ตต.เฉียงใต้),225.0,,— ว่าง —,,,,,,
south-facilities:9410/4,สถานีตำรวจ จุดตรวจทหารพราน,21,SWbW,หรดีค่อนประจิม,236.25,,— ว่าง —,,,,,,
south-facilities:9410/4,สถานีตำรวจ จุดตรวจทหารพราน,22,WSW,ประจิม-หรดี,247.5,south-facilities:9412,โรงพยาบาล โรงพยาบาลแม่ลาน,โรงพยาบาล,6.918,7.975,1.153,3.6302043299591595,87.77848466069065
south-facilities:9410/4,สถานีตำรวจ จุดตรวจทหารพราน,23,WbS,ประจิมค่อนใต้,258.75,,— ว่าง —,,,,,,
south-facilities:9410/4,สถานีตำรวจ จุดตรวจทหารพราน,24,W,ประจิม (ตะวันตก),270.0,,— ว่าง —,,,,,,
south-facilities:9410/4,สถานีตำรวจ จุดตรวจทหารพราน,25,WbN,ประจิมค่อนเหนือ,281.25,south-facilities:9402,โรงพยาบาล โรงพยาบาลโคกโพธิ์,โรงพยาบาล,20.825,26.567,1.276,3.6302043299591595,110.57702669796572
south-facilities:9410/4,สถานีตำรวจ จุดตรวจทหารพราน,26,WNW,ประจิม-พายัพ,292.5,,— ว่าง —,,,,,,
south-facilities:9410/4,สถานีตำรวจ จุดตรวจทหารพราน,27,NWbW,พายัพค่อนประจิม,303.75,south-facilities:9403/9,หน่วยทหาร สระน้ำป้องเพชร ขกท.พล.15,หน่วยทหาร,17.318,22.468,1.297,3.6302043299591595,2052.6084616013945
south-facilities:9410/4,สถานีตำรวจ จุดตรวจทหารพราน,28,NW,พายัพ (ตต.เฉียงเหนือ),315.0,,— ว่าง —,,,,,,
south-facilities:9410/4,สถานีตำรวจ จุดตรวจทหารพราน,29,NWbN,พายัพค่อนเหนือ,326.25,south-facilities:9403/10,โรงพยาบาล โรงพยาบาลหนองจิก,โรงพยาบาล,22.038,30.077,1.365,3.6302043299591595,196.60930205211346
south-facilities:9410/4,สถานีตำรวจ จุดตรวจทหารพราน,30,NNW,เหนือ-พายัพ,337.5,south-facilities:9401/4,รพ.สต./สถานีอนามัย Sirirot Hospital,รพ.สต./สถานีอนามัย,20.961,28.355,1.353,3.6302043299591595,19.484249309173087
south-facilities:9410/4,สถานีตำรวจ จุดตรวจทหารพราน,31,NbW,เหนือค่อนประจิม,348.75,south-facilities:9410/6,สถานีตำรวจ จุดตรวจทหารพราน,สถานีตำรวจ,3.2,3.216,1.005,3.6302043299591595,19.91319501737795
south-facilities:9410/5,สถานีตำรวจ จุดตรวจทหารพราน,0,N,อุดร (เหนือ),0.0,,— ว่าง —,,,,,,
south-facilities:9410/5,สถานีตำรวจ จุดตรวจทหารพราน,1,NbE,เหนือค่อนอีสาน,11.25,south-facilities:9410,ด่านตรวจ จุดตรวจทหาร,ด่านตรวจ,5.552,5.909,1.064,13.7211158574055,0.04965832101841608
south-facilities:9410/5,สถานีตำรวจ จุดตรวจทหารพราน,2,NNE,เหนือ-อีสาน,22.5,south-facilities:9410/9,โรงพยาบาล โรงพยาบาลยะรัง,โรงพยาบาล,1.295,1.368,1.056,13.7211158574055,105.61915385261318
south-facilities:9410/5,สถานีตำรวจ จุดตรวจทหารพราน,3,NEbN,อีสานค่อนเหนือ,33.75,south-facilities:9409,สถานีตำรวจ จุดตรวจตำรวจ,สถานีตำรวจ,16.095,19.386,1.204,13.7211158574055,23.014482300423982
south-facilities:9410/5,สถานีตำรวจ จุดตรวจทหารพราน,4,NE,อีสาน (ตอ.เฉียงเหนือ),45.0,south-facilities:9409/4,สถานีตำรวจ จุดตรวจทหาร,สถานีตำรวจ,15.213,24.683,1.622,13.7211158574055,7.700251367159261
south-facilities:9410/5,สถานีตำรวจ จุดตรวจทหารพราน,5,NEbE,อีสานค่อนบูรพา,56.25,south-facilities:9409/5,สถานีตำรวจ จุดตรวจทหาร,สถานีตำรวจ,16.098,22.328,1.387,13.7211158574055,83.59605889258627
south-facilities:9410/5,สถานีตำรวจ จุดตรวจทหารพราน,6,ENE,บูรพา-อีสาน,67.5,south-facilities:9404,โรงพยาบาล โรงพยาบาลปะนาเระ,โรงพยาบาล,24.582,33.993,1.383,13.7211158574055,90.36589755793817
south-facilities:9410/5,สถานีตำรวจ จุดตรวจทหารพราน,7,EbN,บูรพาค่อนเหนือ,78.75,south-facilities:9410/7,ด่านตรวจ (ไม่ระบุชื่อ) ยะรัง,ด่านตรวจ,5.481,7.787,1.421,13.7211158574055,0.049452655347264105
south-facilities:9410/5,สถานีตำรวจ จุดตรวจทหารพราน,8,E,บูรพา (ตะวันออก),90.0,south-facilities:9405,ด่านตรวจ ด่านตรวจบ้านปาลัส 2,ด่านตรวจ,21.11,26.615,1.261,13.7211158574055,0.06268319126708759
south-facilities:9410/5,สถานีตำรวจ จุดตรวจทหารพราน,9,EbS,บูรพาค่อนใต้,101.25,south-facilities:9405/4,โรงพยาบาล โรงพยาบาลมายอ,โรงพยาบาล,14.585,17.637,1.209,13.7211158574055,80.34645464891182
south-facilities:9410/5,สถานีตำรวจ จุดตรวจทหารพราน,10,ESE,บูรพา-อาคเนย์,112.5,,— ว่าง —,,,,,,
south-facilities:9410/5,สถานีตำรวจ จุดตรวจทหารพราน,11,SEbE,อาคเนย์ค่อนบูรพา,123.75,,— ว่าง —,,,,,,
south-facilities:9410/5,สถานีตำรวจ จุดตรวจทหารพราน,12,SE,อาคเนย์ (ตอ.เฉียงใต้),135.0,south-facilities:9406,รพ.สต./สถานีอนามัย โรงพยาบาลส่งเสริมสุขภาพตำบล ทุ่งยางแดง,รพ.สต./สถานีอนามัย,20.7,27.291,1.318,13.7211158574055,84.1360683896038
south-facilities:9410/5,สถานีตำรวจ จุดตรวจทหารพราน,13,SEbS,อาคเนย์ค่อนใต้,146.25,,— ว่าง —,,,,,,
south-facilities:9410/5,สถานีตำรวจ จุดตรวจทหารพราน,14,SSE,ใต้-อาคเนย์,157.5,south-facilities:9506/2,ด่านตรวจ (ไม่ระบุชื่อ) รามัน,ด่านตรวจ,23.067,29.622,1.284,13.7211158574055,0.022238985381478615
south-facilities:9410/5,สถานีตำรวจ จุดตรวจทหารพราน,15,SbE,ใต้ค่อนบูรพา,168.75,south-facilities:9410/6,สถานีตำรวจ จุดตรวจทหารพราน,สถานีตำรวจ,3.256,3.667,1.126,13.7211158574055,19.91319501737795
south-facilities:9410/5,สถานีตำรวจ จุดตรวจทหารพราน,16,S,ทักษิณ (ใต้),180.0,south-facilities:9410/2,สถานีตำรวจ จุดตรวจทหารพราน,สถานีตำรวจ,16.375,17.275,1.055,13.7211158574055,12.209983621104518
south-facilities:9410/5,สถานีตำรวจ จุดตรวจทหารพราน,17,SbW,ใต้ค่อนประจิม,191.25,south-facilities:9501/5,ด่านตรวจ (ไม่ระบุชื่อ) เมืองยะลา,ด่านตรวจ,20.998,25.814,1.229,13.7211158574055,0.024831540647394512
south-facilities:9410/5,สถานีตำรวจ จุดตรวจทหารพราน,18,SSW,ใต้-หรดี,202.5,,— ว่าง —,,,,,,
south-facilities:9410/5,สถานีตำรวจ จุดตรวจทหารพราน,19,SWbS,หรดีค่อนใต้,213.75,south-facilities:9412,โรงพยาบาล โรงพยาบาลแม่ลาน,โรงพยาบาล,10.403,14.857,1.428,13.7211158574055,87.77848466069065
south-facilities:9410/5,สถานีตำรวจ จุดตรวจทหารพราน,20,SW,หรดี (ตต.เฉียงใต้),225.0,,— ว่าง —,,,,,,
south-facilities:9410/5,สถานีตำรวจ จุดตรวจทหารพราน,21,SWbW,หรดีค่อนประจิม,236.25,,— ว่าง —,,,,,,
south-facilities:9410/5,สถานีตำรวจ จุดตรวจทหารพราน,22,WSW,ประจิม-หรดี,247.5,,— ว่าง —,,,,,,
south-facilities:9410/5,สถานีตำรวจ จุดตรวจทหารพราน,23,WbS,ประจิมค่อนใต้,258.75,,— ว่าง —,,,,,,
south-facilities:9410/5,สถานีตำรวจ จุดตรวจทหารพราน,24,W,ประจิม (ตะวันตก),270.0,south-facilities:9402,โรงพยาบาล โรงพยาบาลโคกโพธิ์,โรงพยาบาล,18.735,27.292,1.457,13.7211158574055,110.57702669796572
south-facilities:9410/5,สถานีตำรวจ จุดตรวจทหารพราน,25,WbN,ประจิมค่อนเหนือ,281.25,south-facilities:9403/9,หน่วยทหาร สระน้ำป้องเพชร ขกท.พล.15,หน่วยทหาร,13.668,16.573,1.213,13.7211158574055,2052.6084616013945
south-facilities:9410/5,สถานีตำรวจ จุดตรวจทหารพราน,26,WNW,ประจิม-พายัพ,292.5,south-facilities:9403/8,หน่วยทหาร กรมทหารราบที่ 153,หน่วยทหาร,13.663,16.573,1.213,13.7211158574055,901.8727106366265
south-facilities:9410/5,สถานีตำรวจ จุดตรวจทหารพราน,27,NWbW,พายัพค่อนประจิม,303.75,,— ว่าง —,,,,,,
south-facilities:9410/5,สถานีตำรวจ จุดตรวจทหารพราน,28,NW,พายัพ (ตต.เฉียงเหนือ),315.0,south-facilities:9403/10,โรงพยาบาล โรงพยาบาลหนองจิก,โรงพยาบาล,16.589,24.182,1.458,13.7211158574055,196.60930205211346
south-facilities:9410/5,สถานีตำรวจ จุดตรวจทหารพราน,29,NWbN,พายัพค่อนเหนือ,326.25,south-facilities:9401/4,รพ.สต./สถานีอนามัย Sirirot Hospital,รพ.สต./สถานีอนามัย,14.726,21.461,1.457,13.7211158574055,19.484249309173087
south-facilities:9410/5,สถานีตำรวจ จุดตรวจทหารพราน,30,NNW,เหนือ-พายัพ,337.5,south-facilities:9401/3,สถานีตำรวจ จุดตรวจทหาร,สถานีตำรวจ,12.968,15.851,1.222,13.7211158574055,16.59197790738034
south-facilities:9410/5,สถานีตำรวจ จุดตรวจทหารพราน,31,NbW,เหนือค่อนประจิม,348.75,south-facilities:9401/2,สถานีตำรวจ จุดตรวจทหาร,สถานีตำรวจ,11.982,17.079,1.425,13.7211158574055,6.489565320273719
south-facilities:9410/6,สถานีตำรวจ จุดตรวจทหารพราน,0,N,อุดร (เหนือ),0.0,south-facilities:9410/9,โรงพยาบาล โรงพยาบาลยะรัง,โรงพยาบาล,4.434,5.046,1.138,19.91319501737795,105.61915385261318
south-facilities:9410/6,สถานีตำรวจ จุดตรวจทหารพราน,1,NbE,เหนือค่อนอีสาน,11.25,south-facilities:9409/2,สถานีตำรวจ จุดตรวจทหาร,สถานีตำรวจ,17.836,24.213,1.358,19.91319501737795,22.314522057852933
south-facilities:9410/6,สถานีตำรวจ จุดตรวจทหารพราน,2,NNE,เหนือ-อีสาน,22.5,south-facilities:9409,สถานีตำรวจ จุดตรวจตำรวจ,สถานีตำรวจ,18.694,21.971,1.175,19.91319501737795,23.014482300423982
south-facilities:9410/6,สถานีตำรวจ จุดตรวจทหารพราน,3,NEbN,อีสานค่อนเหนือ,33.75,south-facilities:9409/4,สถานีตำรวจ จุดตรวจทหาร,สถานีตำรวจ,17.442,27.268,1.563,19.91319501737795,7.700251367159261
south-facilities:9410/6,สถานีตำรวจ จุดตรวจทหารพราน,4,NE,อีสาน (ตอ.เฉียงเหนือ),45.0,south-facilities:9409/5,สถานีตำรวจ จุดตรวจทหาร,สถานีตำรวจ,17.71,24.913,1.407,19.91319501737795,83.59605889258627
south-facilities:9410/6,สถานีตำรวจ จุดตรวจทหารพราน,5,NEbE,อีสานค่อนบูรพา,56.25,south-facilities:9410/7,ด่านตรวจ (ไม่ระบุชื่อ) ยะรัง,ด่านตรวจ,6.327,8.675,1.371,19.91319501737795,0.049452655347264105
south-facilities:9410/6,สถานีตำรวจ จุดตรวจทหารพราน,6,ENE,บูรพา-อีสาน,67.5,south-facilities:9409/6,สถานีตำรวจ จุดตรวจทหาร,สถานีตำรวจ,19.405,29.542,1.522,19.91319501737795,35.057898080453896
south-facilities:9410/6,สถานีตำรวจ จุดตรวจทหารพราน,7,EbN,บูรพาค่อนเหนือ,78.75,south-facilities:9405,ด่านตรวจ ด่านตรวจบ้านปาลัส 2,ด่านตรวจ,21.261,25.604,1.204,19.91319501737795,0.06268319126708759
south-facilities:9410/6,สถานีตำรวจ จุดตรวจทหารพราน,8,E,บูรพา (ตะวันออก),90.0,south-facilities:9405/4,โรงพยาบาล โรงพยาบาลมายอ,โรงพยาบาล,14.038,16.626,1.184,19.91319501737795,80.34645464891182
south-facilities:9410/6,สถานีตำรวจ จุดตรวจทหารพราน,9,EbS,บูรพาค่อนใต้,101.25,,— ว่าง —,,,,,,
south-facilities:9410/6,สถานีตำรวจ จุดตรวจทหารพราน,10,ESE,บูรพา-อาคเนย์,112.5,,— ว่าง —,,,,,,
south-facilities:9410/6,สถานีตำรวจ จุดตรวจทหารพราน,11,SEbE,อาคเนย์ค่อนบูรพา,123.75,south-facilities:9406,รพ.สต./สถานีอนามัย โรงพยาบาลส่งเสริมสุขภาพตำบล ทุ่งยางแดง,รพ.สต./สถานีอนามัย,18.395,23.624,1.284,19.91319501737795,84.1360683896038
south-facilities:9410/6,สถานีตำรวจ จุดตรวจทหารพราน,12,SE,อาคเนย์ (ตอ.เฉียงใต้),135.0,,— ว่าง —,,,,,,
south-facilities:9410/6,สถานีตำรวจ จุดตรวจทหารพราน,13,SEbS,อาคเนย์ค่อนใต้,146.25,south-facilities:9506/2,ด่านตรวจ (ไม่ระบุชื่อ) รามัน,ด่านตรวจ,20.015,25.956,1.297,19.91319501737795,0.022238985381478615
south-facilities:9410/6,สถานีตำรวจ จุดตรวจทหารพราน,14,SSE,ใต้-อาคเนย์,157.5,,— ว่าง —,,,,,,
south-facilities:9410/6,สถานีตำรวจ จุดตรวจทหารพราน,15,SbE,ใต้ค่อนบูรพา,168.75,south-facilities:9410/4,สถานีตำรวจ จุดตรวจทหารพราน,สถานีตำรวจ,3.2,3.216,1.005,19.91319501737795,3.6302043299591595
south-facilities:9410/6,สถานีตำรวจ จุดตรวจทหารพราน,16,S,ทักษิณ (ใต้),180.0,south-facilities:9410/2,สถานีตำรวจ จุดตรวจทหารพราน,สถานีตำรวจ,13.122,13.608,1.037,19.91319501737795,12.209983621104518
south-facilities:9410/6,สถานีตำรวจ จุดตรวจทหารพราน,17,SbW,ใต้ค่อนประจิม,191.25,south-facilities:9501/5,ด่านตรวจ (ไม่ระบุชื่อ) เมืองยะลา,ด่านตรวจ,17.838,22.147,1.242,19.91319501737795,0.024831540647394512
south-facilities:9410/6,สถานีตำรวจ จุดตรวจทหารพราน,18,SSW,ใต้-หรดี,202.5,,— ว่าง —,,,,,,
south-facilities:9410/6,สถานีตำรวจ จุดตรวจทหารพราน,19,SWbS,หรดีค่อนใต้,213.75,,— ว่าง —,,,,,,
south-facilities:9410/6,สถานีตำรวจ จุดตรวจทหารพราน,20,SW,หรดี (ตต.เฉียงใต้),225.0,south-facilities:9412,โรงพยาบาล โรงพยาบาลแม่ลาน,โรงพยาบาล,7.999,11.191,1.399,19.91319501737795,87.77848466069065
south-facilities:9410/6,สถานีตำรวจ จุดตรวจทหารพราน,21,SWbW,หรดีค่อนประจิม,236.25,,— ว่าง —,,,,,,
south-facilities:9410/6,สถานีตำรวจ จุดตรวจทหารพราน,22,WSW,ประจิม-หรดี,247.5,,— ว่าง —,,,,,,
south-facilities:9410/6,สถานีตำรวจ จุดตรวจทหารพราน,23,WbS,ประจิมค่อนใต้,258.75,,— ว่าง —,,,,,,
south-facilities:9410/6,สถานีตำรวจ จุดตรวจทหารพราน,24,W,ประจิม (ตะวันตก),270.0,,— ว่าง —,,,,,,
south-facilities:9410/6,สถานีตำรวจ จุดตรวจทหารพราน,25,WbN,ประจิมค่อนเหนือ,281.25,south-facilities:9402,โรงพยาบาล โรงพยาบาลโคกโพธิ์,โรงพยาบาล,19.309,29.783,1.542,19.91319501737795,110.57702669796572
south-facilities:9410/6,สถานีตำรวจ จุดตรวจทหารพราน,26,WNW,ประจิม-พายัพ,292.5,south-facilities:9403/9,หน่วยทหาร สระน้ำป้องเพชร ขกท.พล.15,หน่วยทหาร,15.07,19.252,1.278,19.91319501737795,2052.6084616013945
south-facilities:9410/6,สถานีตำรวจ จุดตรวจทหารพราน,27,NWbW,พายัพค่อนประจิม,303.75,south-facilities:9403/8,หน่วยทหาร กรมทหารราบที่ 153,หน่วยทหาร,15.294,19.252,1.259,19.91319501737795,901.8727106366265
south-facilities:9410/6,สถานีตำรวจ จุดตรวจทหารพราน,28,NW,พายัพ (ตต.เฉียงเหนือ),315.0,south-facilities:9403/10,โรงพยาบาล โรงพยาบาลหนองจิก,โรงพยาบาล,19.126,26.861,1.404,19.91319501737795,196.60930205211346
south-facilities:9410/6,สถานีตำรวจ จุดตรวจทหารพราน,29,NWbN,พายัพค่อนเหนือ,326.25,,— ว่าง —,,,,,,
south-facilities:9410/6,สถานีตำรวจ จุดตรวจทหารพราน,30,NNW,เหนือ-พายัพ,337.5,south-facilities:9401/4,รพ.สต./สถานีอนามัย Sirirot Hospital,รพ.สต./สถานีอนามัย,17.791,25.139,1.413,19.91319501737795,19.484249309173087
south-facilities:9410/6,สถานีตำรวจ จุดตรวจทหารพราน,31,NbW,เหนือค่อนประจิม,348.75,south-facilities:9410/5,สถานีตำรวจ จุดตรวจทหารพราน,สถานีตำรวจ,3.256,3.678,1.13,19.91319501737795,13.7211158574055
south-facilities:9410/7,ด่านตรวจ (ไม่ระบุชื่อ) ยะรัง,0,N,อุดร (เหนือ),0.0,,— ว่าง —,,,,,,
south-facilities:9410/7,ด่านตรวจ (ไม่ระบุชื่อ) ยะรัง,1,NbE,เหนือค่อนอีสาน,11.25,south-facilities:9409,สถานีตำรวจ จุดตรวจตำรวจ,สถานีตำรวจ,13.307,15.194,1.142,0.049452655347264105,23.014482300423982
south-facilities:9410/7,ด่านตรวจ (ไม่ระบุชื่อ) ยะรัง,2,NNE,เหนือ-อีสาน,22.5,south-facilities:9409/4,สถานีตำรวจ จุดตรวจทหาร,สถานีตำรวจ,11.554,20.492,1.774,0.049452655347264105,7.700251367159261
south-facilities:9410/7,ด่านตรวจ (ไม่ระบุชื่อ) ยะรัง,3,NEbN,อีสานค่อนเหนือ,33.75,,— ว่าง —,,,,,,
south-facilities:9410/7,ด่านตรวจ (ไม่ระบุชื่อ) ยะรัง,4,NE,อีสาน (ตอ.เฉียงเหนือ),45.0,south-facilities:9409/5,สถานีตำรวจ จุดตรวจทหาร,สถานีตำรวจ,11.412,18.136,1.589,0.049452655347264105,83.59605889258627
south-facilities:9410/7,ด่านตรวจ (ไม่ระบุชื่อ) ยะรัง,5,NEbE,อีสานค่อนบูรพา,56.25,south-facilities:9404,โรงพยาบาล โรงพยาบาลปะนาเระ,โรงพยาบาล,19.548,29.205,1.494,0.049452655347264105,90.36589755793817
south-facilities:9410/7,ด่านตรวจ (ไม่ระบุชื่อ) ยะรัง,6,ENE,บูรพา-อีสาน,67.5,south-facilities:9409/6,สถานีตำรวจ จุดตรวจทหาร,สถานีตำรวจ,13.333,22.766,1.707,0.049452655347264105,35.057898080453896
south-facilities:9410/7,ด่านตรวจ (ไม่ระบุชื่อ) ยะรัง,7,EbN,บูรพาค่อนเหนือ,78.75,,— ว่าง —,,,,,,
south-facilities:9410/7,ด่านตรวจ (ไม่ระบุชื่อ) ยะรัง,8,E,บูรพา (ตะวันออก),90.0,south-facilities:9405,ด่านตรวจ ด่านตรวจบ้านปาลัส 2,ด่านตรวจ,15.63,18.828,1.205,0.049452655347264105,0.06268319126708759
south-facilities:9410/7,ด่านตรวจ (ไม่ระบุชื่อ) ยะรัง,9,EbS,บูรพาค่อนใต้,101.25,south-facilities:9407,สถานีตำรวจ จุดตรวจทหารพราน,สถานีตำรวจ,18.584,35.142,1.891,0.049452655347264105,16.928052143588424
south-facilities:9410/7,ด่านตรวจ (ไม่ระบุชื่อ) ยะรัง,10,ESE,บูรพา-อาคเนย์,112.5,south-facilities:9405/4,โรงพยาบาล โรงพยาบาลมายอ,โรงพยาบาล,9.401,9.85,1.048,0.049452655347264105,80.34645464891182
south-facilities:9410/7,ด่านตรวจ (ไม่ระบุชื่อ) ยะรัง,11,SEbE,อาคเนย์ค่อนบูรพา,123.75,,— ว่าง —,,,,,,
south-facilities:9410/7,ด่านตรวจ (ไม่ระบุชื่อ) ยะรัง,12,SE,อาคเนย์ (ตอ.เฉียงใต้),135.0,,— ว่าง —,,,,,,
south-facilities:9410/7,ด่านตรวจ (ไม่ระบุชื่อ) ยะรัง,13,SEbS,อาคเนย์ค่อนใต้,146.25,south-facilities:9406,รพ.สต./สถานีอนามัย โรงพยาบาลส่งเสริมสุขภาพตำบล ทุ่งยางแดง,รพ.สต./สถานีอนามัย,17.458,23.391,1.34,0.049452655347264105,84.1360683896038
south-facilities:9410/7,ด่านตรวจ (ไม่ระบุชื่อ) ยะรัง,14,SSE,ใต้-อาคเนย์,157.5,,— ว่าง —,,,,,,
south-facilities:9410/7,ด่านตรวจ (ไม่ระบุชื่อ) ยะรัง,15,SbE,ใต้ค่อนบูรพา,168.75,south-facilities:9506/2,ด่านตรวจ (ไม่ระบุชื่อ) รามัน,ด่านตรวจ,21.811,29.108,1.335,0.049452655347264105,0.022238985381478615
south-facilities:9410/7,ด่านตรวจ (ไม่ระบุชื่อ) ยะรัง,16,S,ทักษิณ (ใต้),180.0,,— ว่าง —,,,,,,
south-facilities:9410/7,ด่านตรวจ (ไม่ระบุชื่อ) ยะรัง,17,SbW,ใต้ค่อนประจิม,191.25,south-facilities:9410/3,สถานีตำรวจ จุดตรวจทหารพราน,สถานีตำรวจ,13.314,18.011,1.353,0.049452655347264105,82.80603665022818
south-facilities:9410/7,ด่านตรวจ (ไม่ระบุชื่อ) ยะรัง,18,SSW,ใต้-หรดี,202.5,south-facilities:9501/5,ด่านตรวจ (ไม่ระบุชื่อ) เมืองยะลา,ด่านตรวจ,22.763,30.824,1.354,0.049452655347264105,0.024831540647394512
south-facilities:9410/7,ด่านตรวจ (ไม่ระบุชื่อ) ยะรัง,19,SWbS,หรดีค่อนใต้,213.75,south-facilities:9410/4,สถานีตำรวจ จุดตรวจทหารพราน,สถานีตำรวจ,8.04,11.893,1.479,0.049452655347264105,3.6302043299591595
south-facilities:9410/7,ด่านตรวจ (ไม่ระบุชื่อ) ยะรัง,20,SW,หรดี (ตต.เฉียงใต้),225.0,south-facilities:9412,โรงพยาบาล โรงพยาบาลแม่ลาน,โรงพยาบาล,14.27,19.868,1.392,0.049452655347264105,87.77848466069065
south-facilities:9410/7,ด่านตรวจ (ไม่ระบุชื่อ) ยะรัง,21,SWbW,หรดีค่อนประจิม,236.25,south-facilities:9410/6,สถานีตำรวจ จุดตรวจทหารพราน,สถานีตำรวจ,6.327,8.677,1.372,0.049452655347264105,19.91319501737795
south-facilities:9410/7,ด่านตรวจ (ไม่ระบุชื่อ) ยะรัง,22,WSW,ประจิม-หรดี,247.5,,— ว่าง —,,,,,,
south-facilities:9410/7,ด่านตรวจ (ไม่ระบุชื่อ) ยะรัง,23,WbS,ประจิมค่อนใต้,258.75,south-facilities:9410/5,สถานีตำรวจ จุดตรวจทหารพราน,สถานีตำรวจ,5.481,7.763,1.416,0.049452655347264105,13.7211158574055
south-facilities:9410/7,ด่านตรวจ (ไม่ระบุชื่อ) ยะรัง,24,W,ประจิม (ตะวันตก),270.0,south-facilities:9402,โรงพยาบาล โรงพยาบาลโคกโพธิ์,โรงพยาบาล,24.205,30.463,1.259,0.049452655347264105,110.57702669796572
south-facilities:9410/7,ด่านตรวจ (ไม่ระบุชื่อ) ยะรัง,25,WbN,ประจิมค่อนเหนือ,281.25,south-facilities:9410/8,โรงพยาบาล โรงพยาบาลยะรัง,โรงพยาบาล,4.965,6.341,1.277,0.049452655347264105,65.42463260752814
south-facilities:9410/7,ด่านตรวจ (ไม่ระบุชื่อ) ยะรัง,26,WNW,ประจิม-พายัพ,292.5,,— ว่าง —,,,,,,
south-facilities:9410/7,ด่านตรวจ (ไม่ระบุชื่อ) ยะรัง,27,NWbW,พายัพค่อนประจิม,303.75,south-facilities:9403/10,โรงพยาบาล โรงพยาบาลหนองจิก,โรงพยาบาล,20.73,27.58,1.33,0.049452655347264105,196.60930205211346
south-facilities:9410/7,ด่านตรวจ (ไม่ระบุชื่อ) ยะรัง,28,NW,พายัพ (ตต.เฉียงเหนือ),315.0,south-facilities:9410,ด่านตรวจ จุดตรวจทหาร,ด่านตรวจ,6.76,8.282,1.225,0.049452655347264105,0.04965832101841608
south-facilities:9410/7,ด่านตรวจ (ไม่ระบุชื่อ) ยะรัง,29,NWbN,พายัพค่อนเหนือ,326.25,south-facilities:9401/2,สถานีตำรวจ จุดตรวจทหาร,สถานีตำรวจ,13.737,19.451,1.416,0.049452655347264105,6.489565320273719
south-facilities:9410/7,ด่านตรวจ (ไม่ระบุชื่อ) ยะรัง,30,NNW,เหนือ-พายัพ,337.5,south-facilities:9401/6,สถานีตำรวจ ตำรวจภูธรจังหวัดปัตตานี,สถานีตำรวจ,18.274,22.812,1.248,0.049452655347264105,105.8846811752817
south-facilities:9410/7,ด่านตรวจ (ไม่ระบุชื่อ) ยะรัง,31,NbW,เหนือค่อนประจิม,348.75,south-facilities:9409/2,สถานีตำรวจ จุดตรวจทหาร,สถานีตำรวจ,13.766,21.591,1.568,0.049452655347264105,22.314522057852933
south-facilities:9410/8,โรงพยาบาล โรงพยาบาลยะรัง,0,N,อุดร (เหนือ),0.0,south-facilities:9410,ด่านตรวจ จุดตรวจทหาร,ด่านตรวจ,4.273,4.473,1.047,65.42463260752814,0.04965832101841608
south-facilities:9410/8,โรงพยาบาล โรงพยาบาลยะรัง,1,NbE,เหนือค่อนอีสาน,11.25,south-facilities:9409/2,สถานีตำรวจ จุดตรวจทหาร,สถานีตำรวจ,13.457,19.099,1.419,65.42463260752814,22.314522057852933
south-facilities:9410/8,โรงพยาบาล โรงพยาบาลยะรัง,2,NNE,เหนือ-อีสาน,22.5,,— ว่าง —,,,,,,
south-facilities:9410/8,โรงพยาบาล โรงพยาบาลยะรัง,3,NEbN,อีสานค่อนเหนือ,33.75,south-facilities:9409,สถานีตำรวจ จุดตรวจตำรวจ,สถานีตำรวจ,14.78,17.95,1.214,65.42463260752814,23.014482300423982
south-facilities:9410/8,โรงพยาบาล โรงพยาบาลยะรัง,4,NE,อีสาน (ตอ.เฉียงเหนือ),45.0,south-facilities:9409/4,สถานีตำรวจ จุดตรวจทหาร,สถานีตำรวจ,13.971,23.247,1.664,65.42463260752814,7.700251367159261
south-facilities:9410/8,โรงพยาบาล โรงพยาบาลยะรัง,5,NEbE,อีสานค่อนบูรพา,56.25,south-facilities:9409/5,สถานีตำรวจ จุดตรวจทหาร,สถานีตำรวจ,15.021,20.892,1.391,65.42463260752814,83.59605889258627
south-facilities:9410/8,โรงพยาบาล โรงพยาบาลยะรัง,6,ENE,บูรพา-อีสาน,67.5,south-facilities:9404,โรงพยาบาล โรงพยาบาลปะนาเระ,โรงพยาบาล,23.573,32.557,1.381,65.42463260752814,90.36589755793817
south-facilities:9410/8,โรงพยาบาล โรงพยาบาลยะรัง,7,EbN,บูรพาค่อนเหนือ,78.75,south-facilities:9409/6,สถานีตำรวจ จุดตรวจทหาร,สถานีตำรวจ,17.962,26.385,1.469,65.42463260752814,35.057898080453896
south-facilities:9410/8,โรงพยาบาล โรงพยาบาลยะรัง,8,E,บูรพา (ตะวันออก),90.0,south-facilities:9405,ด่านตรวจ ด่านตรวจบ้านปาลัส 2,ด่านตรวจ,20.505,25.179,1.228,65.42463260752814,0.06268319126708759
south-facilities:9410/8,โรงพยาบาล โรงพยาบาลยะรัง,9,EbS,บูรพาค่อนใต้,101.25,south-facilities:9410/7,ด่านตรวจ (ไม่ระบุชื่อ) ยะรัง,ด่านตรวจ,4.965,6.351,1.279,65.42463260752814,0.049452655347264105
south-facilities:9410/8,โรงพยาบาล โรงพยาบาลยะรัง,10,ESE,บูรพา-อาคเนย์,112.5,,— ว่าง —,,,,,,
south-facilities:9410/8,โรงพยาบาล โรงพยาบาลยะรัง,11,SEbE,อาคเนย์ค่อนบูรพา,123.75,,— ว่าง —,,,,,,
south-facilities:9410/8,โรงพยาบาล โรงพยาบาลยะรัง,12,SE,อาคเนย์ (ตอ.เฉียงใต้),135.0,south-facilities:9406,รพ.สต./สถานีอนามัย โรงพยาบาลส่งเสริมสุขภาพตำบล ทุ่งยางแดง,รพ.สต./สถานีอนามัย,21.153,28.74,1.359,65.42463260752814,84.1360683896038
south-facilities:9410/8,โรงพยาบาล โรงพยาบาลยะรัง,13,SEbS,อาคเนย์ค่อนใต้,146.25,,— ว่าง —,,,,,,
south-facilities:9410/8,โรงพยาบาล โรงพยาบาลยะรัง,14,SSE,ใต้-อาคเนย์,157.5,south-facilities:9506/2,ด่านตรวจ (ไม่ระบุชื่อ) รามัน,ด่านตรวจ,23.961,31.072,1.297,65.42463260752814,0.022238985381478615
south-facilities:9410/8,โรงพยาบาล โรงพยาบาลยะรัง,15,SbE,ใต้ค่อนบูรพา,168.75,south-facilities:9410/4,สถานีตำรวจ จุดตรวจทหารพราน,สถานีตำรวจ,7.573,8.332,1.1,65.42463260752814,3.6302043299591595
south-facilities:9410/8,โรงพยาบาล โรงพยาบาลยะรัง,16,S,ทักษิณ (ใต้),180.0,south-facilities:9410/6,สถานีตำรวจ จุดตรวจทหารพราน,สถานีตำรวจ,4.463,5.116,1.146,65.42463260752814,19.91319501737795
south-facilities:9410/8,โรงพยาบาล โรงพยาบาลยะรัง,17,SbW,ใต้ค่อนประจิม,191.25,south-facilities:9501/5,ด่านตรวจ (ไม่ระบุชื่อ) เมืองยะลา,ด่านตรวจ,22.278,27.263,1.224,65.42463260752814,0.024831540647394512
south-facilities:9410/8,โรงพยาบาล โรงพยาบาลยะรัง,18,SSW,ใต้-หรดี,202.5,south-facilities:9410/5,สถานีตำรวจ จุดตรวจทหารพราน,สถานีตำรวจ,1.338,1.449,1.083,65.42463260752814,13.7211158574055
south-facilities:9410/8,โรงพยาบาล โรงพยาบาลยะรัง,19,SWbS,หรดีค่อนใต้,213.75,south-facilities:9412,โรงพยาบาล โรงพยาบาลแม่ลาน,โรงพยาบาล,11.735,16.307,1.39,65.42463260752814,87.77848466069065
south-facilities:9410/8,โรงพยาบาล โรงพยาบาลยะรัง,20,SW,หรดี (ตต.เฉียงใต้),225.0,,— ว่าง —,,,,,,
south-facilities:9410/8,โรงพยาบาล โรงพยาบาลยะรัง,21,SWbW,หรดีค่อนประจิม,236.25,south-facilities:9410/9,โรงพยาบาล โรงพยาบาลยะรัง,โรงพยาบาล,0.053,0.417,7.933,65.42463260752814,105.61915385261318
south-facilities:9410/8,โรงพยาบาล โรงพยาบาลยะรัง,22,WSW,ประจิม-หรดี,247.5,,— ว่าง —,,,,,,
south-facilities:9410/8,โรงพยาบาล โรงพยาบาลยะรัง,23,WbS,ประจิมค่อนใต้,258.75,,— ว่าง —,,,,,,
south-facilities:9410/8,โรงพยาบาล โรงพยาบาลยะรัง,24,W,ประจิม (ตะวันตก),270.0,south-facilities:9402,โรงพยาบาล โรงพยาบาลโคกโพธิ์,โรงพยาบาล,19.339,26.654,1.378,65.42463260752814,110.57702669796572
south-facilities:9410/8,โรงพยาบาล โรงพยาบาลยะรัง,25,WbN,ประจิมค่อนเหนือ,281.25,south-facilities:9403/8,หน่วยทหาร กรมทหารราบที่ 153,หน่วยทหาร,13.867,15.935,1.149,65.42463260752814,901.8727106366265
south-facilities:9410/8,โรงพยาบาล โรงพยาบาลยะรัง,26,WNW,ประจิม-พายัพ,292.5,,— ว่าง —,,,,,,
south-facilities:9410/8,โรงพยาบาล โรงพยาบาลยะรัง,27,NWbW,พายัพค่อนประจิม,303.75,south-facilities:9403/10,โรงพยาบาล โรงพยาบาลหนองจิก,โรงพยาบาล,16.237,23.771,1.464,65.42463260752814,196.60930205211346
south-facilities:9410/8,โรงพยาบาล โรงพยาบาลยะรัง,28,NW,พายัพ (ตต.เฉียงเหนือ),315.0,,— ว่าง —,,,,,,
south-facilities:9410/8,โรงพยาบาล โรงพยาบาลยะรัง,29,NWbN,พายัพค่อนเหนือ,326.25,south-facilities:9401/4,รพ.สต./สถานีอนามัย Sirirot Hospital,รพ.สต./สถานีอนามัย,13.943,20.025,1.436,65.42463260752814,19.484249309173087
south-facilities:9410/8,โรงพยาบาล โรงพยาบาลยะรัง,30,NNW,เหนือ-พายัพ,337.5,south-facilities:9401/3,สถานีตำรวจ จุดตรวจทหาร,สถานีตำรวจ,11.98,14.415,1.203,65.42463260752814,16.59197790738034
south-facilities:9410/8,โรงพยาบาล โรงพยาบาลยะรัง,31,NbW,เหนือค่อนประจิม,348.75,south-facilities:9401/2,สถานีตำรวจ จุดตรวจทหาร,สถานีตำรวจ,10.926,15.643,1.432,65.42463260752814,6.489565320273719
south-facilities:9410/9,โรงพยาบาล โรงพยาบาลยะรัง,0,N,อุดร (เหนือ),0.0,south-facilities:9410,ด่านตรวจ จุดตรวจทหาร,ด่านตรวจ,4.304,4.541,1.055,105.61915385261318,0.04965832101841608
south-facilities:9410/9,โรงพยาบาล โรงพยาบาลยะรัง,1,NbE,เหนือค่อนอีสาน,11.25,south-facilities:9409/2,สถานีตำรวจ จุดตรวจทหาร,สถานีตำรวจ,13.496,19.167,1.42,105.61915385261318,22.314522057852933
south-facilities:9410/9,โรงพยาบาล โรงพยาบาลยะรัง,2,NNE,เหนือ-อีสาน,22.5,,— ว่าง —,,,,,,
south-facilities:9410/9,โรงพยาบาล โรงพยาบาลยะรัง,3,NEbN,อีสานค่อนเหนือ,33.75,south-facilities:9409,สถานีตำรวจ จุดตรวจตำรวจ,สถานีตำรวจ,14.828,18.018,1.215,105.61915385261318,23.014482300423982
south-facilities:9410/9,โรงพยาบาล โรงพยาบาลยะรัง,4,NE,อีสาน (ตอ.เฉียงเหนือ),45.0,south-facilities:9409/4,สถานีตำรวจ จุดตรวจทหาร,สถานีตำรวจ,14.022,23.315,1.663,105.61915385261318,7.700251367159261
south-facilities:9410/9,โรงพยาบาล โรงพยาบาลยะรัง,5,NEbE,อีสานค่อนบูรพา,56.25,south-facilities:9410/8,โรงพยาบาล โรงพยาบาลยะรัง,โรงพยาบาล,0.053,0.068,1.294,105.61915385261318,65.42463260752814
south-facilities:9410/9,โรงพยาบาล โรงพยาบาลยะรัง,6,ENE,บูรพา-อีสาน,67.5,south-facilities:9404,โรงพยาบาล โรงพยาบาลปะนาเระ,โรงพยาบาล,23.626,32.625,1.381,105.61915385261318,90.36589755793817
south-facilities:9410/9,โรงพยาบาล โรงพยาบาลยะรัง,7,EbN,บูรพาค่อนเหนือ,78.75,south-facilities:9409/6,สถานีตำรวจ จุดตรวจทหาร,สถานีตำรวจ,18.011,26.453,1.469,105.61915385261318,35.057898080453896
south-facilities:9410/9,โรงพยาบาล โรงพยาบาลยะรัง,8,E,บูรพา (ตะวันออก),90.0,south-facilities:9405,ด่านตรวจ ด่านตรวจบ้านปาลัส 2,ด่านตรวจ,20.55,25.247,1.229,105.61915385261318,0.06268319126708759
south-facilities:9410/9,โรงพยาบาล โรงพยาบาลยะรัง,9,EbS,บูรพาค่อนใต้,101.25,south-facilities:9410/7,ด่านตรวจ (ไม่ระบุชื่อ) ยะรัง,ด่านตรวจ,5.006,6.419,1.282,105.61915385261318,0.049452655347264105
south-facilities:9410/9,โรงพยาบาล โรงพยาบาลยะรัง,10,ESE,บูรพา-อาคเนย์,112.5,,— ว่าง —,,,,,,
south-facilities:9410/9,โรงพยาบาล โรงพยาบาลยะรัง,11,SEbE,อาคเนย์ค่อนบูรพา,123.75,,— ว่าง —,,,,,,
south-facilities:9410/9,โรงพยาบาล โรงพยาบาลยะรัง,12,SE,อาคเนย์ (ตอ.เฉียงใต้),135.0,south-facilities:9406,รพ.สต./สถานีอนามัย โรงพยาบาลส่งเสริมสุขภาพตำบล ทุ่งยางแดง,รพ.สต./สถานีอนามัย,21.165,28.808,1.361,105.61915385261318,84.1360683896038
south-facilities:9410/9,โรงพยาบาล โรงพยาบาลยะรัง,13,SEbS,อาคเนย์ค่อนใต้,146.25,,— ว่าง —,,,,,,
south-facilities:9410/9,โรงพยาบาล โรงพยาบาลยะรัง,14,SSE,ใต้-อาคเนย์,157.5,south-facilities:9506/2,ด่านตรวจ (ไม่ระบุชื่อ) รามัน,ด่านตรวจ,23.953,31.14,1.3,105.61915385261318,0.022238985381478615
south-facilities:9410/9,โรงพยาบาล โรงพยาบาลยะรัง,15,SbE,ใต้ค่อนบูรพา,168.75,south-facilities:9410/4,สถานีตำรวจ จุดตรวจทหารพราน,สถานีตำรวจ,7.549,8.4,1.113,105.61915385261318,3.6302043299591595
south-facilities:9410/9,โรงพยาบาล โรงพยาบาลยะรัง,16,S,ทักษิณ (ใต้),180.0,south-facilities:9410/6,สถานีตำรวจ จุดตรวจทหารพราน,สถานีตำรวจ,4.434,5.184,1.169,105.61915385261318,19.91319501737795
south-facilities:9410/9,โรงพยาบาล โรงพยาบาลยะรัง,17,SbW,ใต้ค่อนประจิม,191.25,south-facilities:9501/5,ด่านตรวจ (ไม่ระบุชื่อ) เมืองยะลา,ด่านตรวจ,22.245,27.331,1.229,105.61915385261318,0.024831540647394512
south-facilities:9410/9,โรงพยาบาล โรงพยาบาลยะรัง,18,SSW,ใต้-หรดี,202.5,south-facilities:9410/5,สถานีตำรวจ จุดตรวจทหารพราน,สถานีตำรวจ,1.295,1.518,1.172,105.61915385261318,13.7211158574055
south-facilities:9410/9,โรงพยาบาล โรงพยาบาลยะรัง,19,SWbS,หรดีค่อนใต้,213.75,,— ว่าง —,,,,,,
south-facilities:9410/9,โรงพยาบาล โรงพยาบาลยะรัง,20,SW,หรดี (ตต.เฉียงใต้),225.0,,— ว่าง —,,,,,,
south-facilities:9410/9,โรงพยาบาล โรงพยาบาลยะรัง,21,SWbW,หรดีค่อนประจิม,236.25,,— ว่าง —,,,,,,
south-facilities:9410/9,โรงพยาบาล โรงพยาบาลยะรัง,22,WSW,ประจิม-หรดี,247.5,,— ว่าง —,,,,,,
south-facilities:9410/9,โรงพยาบาล โรงพยาบาลยะรัง,23,WbS,ประจิมค่อนใต้,258.75,,— ว่าง —,,,,,,
south-facilities:9410/9,โรงพยาบาล โรงพยาบาลยะรัง,24,W,ประจิม (ตะวันตก),270.0,south-facilities:9402,โรงพยาบาล โรงพยาบาลโคกโพธิ์,โรงพยาบาล,19.292,26.722,1.385,105.61915385261318,110.57702669796572
south-facilities:9410/9,โรงพยาบาล โรงพยาบาลยะรัง,25,WbN,ประจิมค่อนเหนือ,281.25,south-facilities:9403/8,หน่วยทหาร กรมทหารราบที่ 153,หน่วยทหาร,13.829,16.003,1.157,105.61915385261318,901.8727106366265
south-facilities:9410/9,โรงพยาบาล โรงพยาบาลยะรัง,26,WNW,ประจิม-พายัพ,292.5,,— ว่าง —,,,,,,
south-facilities:9410/9,โรงพยาบาล โรงพยาบาลยะรัง,27,NWbW,พายัพค่อนประจิม,303.75,south-facilities:9403/10,โรงพยาบาล โรงพยาบาลหนองจิก,โรงพยาบาล,16.218,23.839,1.47,105.61915385261318,196.60930205211346
south-facilities:9410/9,โรงพยาบาล โรงพยาบาลยะรัง,28,NW,พายัพ (ตต.เฉียงเหนือ),315.0,,— ว่าง —,,,,,,
south-facilities:9410/9,โรงพยาบาล โรงพยาบาลยะรัง,29,NWbN,พายัพค่อนเหนือ,326.25,south-facilities:9401/4,รพ.สต./สถานีอนามัย Sirirot Hospital,รพ.สต./สถานีอนามัย,13.942,20.093,1.441,105.61915385261318,19.484249309173087
south-facilities:9410/9,โรงพยาบาล โรงพยาบาลยะรัง,30,NNW,เหนือ-พายัพ,337.5,south-facilities:9401/3,สถานีตำรวจ จุดตรวจทหาร,สถานีตำรวจ,11.99,14.483,1.208,105.61915385261318,16.59197790738034
south-facilities:9410/9,โรงพยาบาล โรงพยาบาลยะรัง,31,NbW,เหนือค่อนประจิม,348.75,south-facilities:9401/2,สถานีตำรวจ จุดตรวจทหาร,สถานีตำรวจ,10.94,15.711,1.436,105.61915385261318,6.489565320273719
south-facilities:9411,โรงพยาบาล โรงพยาบาลกะพ้อ,0,N,อุดร (เหนือ),0.0,south-facilities:9407/2,สถานีตำรวจ จุดตรวจตำรวจ,สถานีตำรวจ,13.675,20.128,1.472,65.17763192168357,10.149324677184698
south-facilities:9411,โรงพยาบาล โรงพยาบาลกะพ้อ,1,NbE,เหนือค่อนอีสาน,11.25,,— ว่าง —,,,,,,
south-facilities:9411,โรงพยาบาล โรงพยาบาลกะพ้อ,2,NNE,เหนือ-อีสาน,22.5,,— ว่าง —,,,,,,
south-facilities:9411,โรงพยาบาล โรงพยาบาลกะพ้อ,3,NEbN,อีสานค่อนเหนือ,33.75,south-facilities:9407/3,โรงพยาบาล โรงพยาบาลสมเด็จพระยุพราชสายบุรี,โรงพยาบาล,16.259,17.485,1.075,65.17763192168357,92.5330404332286
south-facilities:9411,โรงพยาบาล โรงพยาบาลกะพ้อ,4,NE,อีสาน (ตอ.เฉียงเหนือ),45.0,,— ว่าง —,,,,,,
south-facilities:9411,โรงพยาบาล โรงพยาบาลกะพ้อ,5,NEbE,อีสานค่อนบูรพา,56.25,,— ว่าง —,,,,,,
south-facilities:9411,โรงพยาบาล โรงพยาบาลกะพ้อ,6,ENE,บูรพา-อีสาน,67.5,south-facilities:9408,โรงพยาบาล โรงพยาบาลไม้แก่น,โรงพยาบาล,14.281,18.008,1.261,65.17763192168357,59.25526141909616
south-facilities:9411,โรงพยาบาล โรงพยาบาลกะพ้อ,7,EbN,บูรพาค่อนเหนือ,78.75,,— ว่าง —,,,,,,
south-facilities:9411,โรงพยาบาล โรงพยาบาลกะพ้อ,8,E,บูรพา (ตะวันออก),90.0,,— ว่าง —,,,,,,
south-facilities:9411,โรงพยาบาล โรงพยาบาลกะพ้อ,9,EbS,บูรพาค่อนใต้,101.25,south-facilities:9601/2,สถานีตำรวจ (ไม่ระบุชื่อ) เมืองนราธิวาส,สถานีตำรวจ,22.204,32.234,1.452,65.17763192168357,174.65769624031878
south-facilities:9411,โรงพยาบาล โรงพยาบาลกะพ้อ,10,ESE,บูรพา-อาคเนย์,112.5,,— ว่าง —,,,,,,
south-facilities:9411,โรงพยาบาล โรงพยาบาลกะพ้อ,11,SEbE,อาคเนย์ค่อนบูรพา,123.75,south-facilities:9603,โรงพยาบาล โรงพยาบาลบาเจาะ,โรงพยาบาล,15.0,26.436,1.762,65.17763192168357,57.37414587941606
south-facilities:9411,โรงพยาบาล โรงพยาบาลกะพ้อ,12,SE,อาคเนย์ (ตอ.เฉียงใต้),135.0,south-facilities:9604/4,ด่านตรวจ (ไม่ระบุชื่อ) ยี่งอ,ด่านตรวจ,19.271,30.738,1.595,65.17763192168357,0.024832605752899573
south-facilities:9411,โรงพยาบาล โรงพยาบาลกะพ้อ,13,SEbS,อาคเนย์ค่อนใต้,146.25,,— ว่าง —,,,,,,
south-facilities:9411,โรงพยาบาล โรงพยาบาลกะพ้อ,14,SSE,ใต้-อาคเนย์,157.5,,— ว่าง —,,,,,,
south-facilities:9411,โรงพยาบาล โรงพยาบาลกะพ้อ,15,SbE,ใต้ค่อนบูรพา,168.75,south-facilities:9606,ด่านตรวจ (ไม่ระบุชื่อ) รือเสาะ,ด่านตรวจ,24.295,35.78,1.473,65.17763192168357,0.0
south-facilities:9411,โรงพยาบาล โรงพยาบาลกะพ้อ,16,S,ทักษิณ (ใต้),180.0,south-facilities:9606/4,ด่านตรวจ (ไม่ระบุชื่อ) รือเสาะ,ด่านตรวจ,23.442,28.638,1.222,65.17763192168357,0.04583029052486393
south-facilities:9411,โรงพยาบาล โรงพยาบาลกะพ้อ,17,SbW,ใต้ค่อนประจิม,191.25,south-facilities:9606/7,โรงพยาบาล (ไม่ระบุชื่อ) รือเสาะ,โรงพยาบาล,16.016,18.137,1.132,65.17763192168357,31.00652475052335
south-facilities:9411,โรงพยาบาล โรงพยาบาลกะพ้อ,18,SSW,ใต้-หรดี,202.5,south-facilities:9506,ด่านตรวจ (ไม่ระบุชื่อ) รามัน,ด่านตรวจ,12.203,12.623,1.034,65.17763192168357,0.045571707208110414
south-facilities:9411,โรงพยาบาล โรงพยาบาลกะพ้อ,19,SWbS,หรดีค่อนใต้,213.75,,— ว่าง —,,,,,,
south-facilities:9411,โรงพยาบาล โรงพยาบาลกะพ้อ,20,SW,หรดี (ตต.เฉียงใต้),225.0,,— ว่าง —,,,,,,
south-facilities:9411,โรงพยาบาล โรงพยาบาลกะพ้อ,21,SWbW,หรดีค่อนประจิม,236.25,south-facilities:9506/4,โรงพยาบาล โรงพยาบาลรามัน,โรงพยาบาล,17.506,21.033,1.201,65.17763192168357,45.37929517289792
south-facilities:9411,โรงพยาบาล โรงพยาบาลกะพ้อ,22,WSW,ประจิม-หรดี,247.5,,— ว่าง —,,,,,,
south-facilities:9411,โรงพยาบาล โรงพยาบาลกะพ้อ,23,WbS,ประจิมค่อนใต้,258.75,south-facilities:9506/2,ด่านตรวจ (ไม่ระบุชื่อ) รามัน,ด่านตรวจ,18.093,26.655,1.473,65.17763192168357,0.022238985381478615
south-facilities:9411,โรงพยาบาล โรงพยาบาลกะพ้อ,24,W,ประจิม (ตะวันตก),270.0,south-facilities:9501/7,ด่านตรวจ (ไม่ระบุชื่อ) เมืองยะลา,ด่านตรวจ,24.829,37.028,1.491,65.17763192168357,0.055466863256468886
south-facilities:9411,โรงพยาบาล โรงพยาบาลกะพ้อ,25,WbN,ประจิมค่อนเหนือ,281.25,,— ว่าง —,,,,,,
south-facilities:9411,โรงพยาบาล โรงพยาบาลกะพ้อ,26,WNW,ประจิม-พายัพ,292.5,south-facilities:9406,รพ.สต./สถานีอนามัย โรงพยาบาลส่งเสริมสุขภาพตำบล ทุ่งยางแดง,รพ.สต./สถานีอนามัย,13.595,20.154,1.482,65.17763192168357,84.1360683896038
south-facilities:9411,โรงพยาบาล โรงพยาบาลกะพ้อ,27,NWbW,พายัพค่อนประจิม,303.75,,— ว่าง —,,,,,,
south-facilities:9411,โรงพยาบาล โรงพยาบาลกะพ้อ,28,NW,พายัพ (ตต.เฉียงเหนือ),315.0,south-facilities:9405/3,โรงพยาบาล โรงพยาบาลมายอ,โรงพยาบาล,21.484,30.341,1.412,65.17763192168357,54.68949075923313
south-facilities:9411,โรงพยาบาล โรงพยาบาลกะพ้อ,29,NWbN,พายัพค่อนเหนือ,326.25,,— ว่าง —,,,,,,
south-facilities:9411,โรงพยาบาล โรงพยาบาลกะพ้อ,30,NNW,เหนือ-พายัพ,337.5,south-facilities:9405/2,ด่านตรวจ ด่านตรวจบ้านปาลัส 1,ด่านตรวจ,21.183,,,65.17763192168357,0.03312705535472155
south-facilities:9411,โรงพยาบาล โรงพยาบาลกะพ้อ,31,NbW,เหนือค่อนประจิม,348.75,south-facilities:9407,สถานีตำรวจ จุดตรวจทหารพราน,สถานีตำรวจ,17.84,24.33,1.364,65.17763192168357,16.928052143588424
south-facilities:9412,โรงพยาบาล โรงพยาบาลแม่ลาน,0,N,อุดร (เหนือ),0.0,south-facilities:9401/3,สถานีตำรวจ จุดตรวจทหาร,สถานีตำรวจ,21.536,27.642,1.284,87.77848466069065,16.59197790738034
south-facilities:9412,โรงพยาบาล โรงพยาบาลแม่ลาน,1,NbE,เหนือค่อนอีสาน,11.25,south-facilities:9401/2,สถานีตำรวจ จุดตรวจทหาร,สถานีตำรวจ,20.936,30.208,1.443,87.77848466069065,6.489565320273719
south-facilities:9412,โรงพยาบาล โรงพยาบาลแม่ลาน,2,NNE,เหนือ-อีสาน,22.5,south-facilities:9410/9,โรงพยาบาล โรงพยาบาลยะรัง,โรงพยาบาล,11.69,16.237,1.389,87.77848466069065,105.61915385261318
south-facilities:9412,โรงพยาบาล โรงพยาบาลแม่ลาน,3,NEbN,อีสานค่อนเหนือ,33.75,south-facilities:9410/5,สถานีตำรวจ จุดตรวจทหารพราน,สถานีตำรวจ,10.403,14.869,1.429,87.77848466069065,13.7211158574055
south-facilities:9412,โรงพยาบาล โรงพยาบาลแม่ลาน,4,NE,อีสาน (ตอ.เฉียงเหนือ),45.0,south-facilities:9410/6,สถานีตำรวจ จุดตรวจทหารพราน,สถานีตำรวจ,7.999,11.191,1.399,87.77848466069065,19.91319501737795
south-facilities:9412,โรงพยาบาล โรงพยาบาลแม่ลาน,5,NEbE,อีสานค่อนบูรพา,56.25,,— ว่าง —,,,,,,
south-facilities:9412,โรงพยาบาล โรงพยาบาลแม่ลาน,6,ENE,บูรพา-อีสาน,67.5,south-facilities:9410/4,สถานีตำรวจ จุดตรวจทหารพราน,สถานีตำรวจ,6.918,7.975,1.153,87.77848466069065,3.6302043299591595
south-facilities:9412,โรงพยาบาล โรงพยาบาลแม่ลาน,7,EbN,บูรพาค่อนเหนือ,78.75,,— ว่าง —,,,,,,
south-facilities:9412,โรงพยาบาล โรงพยาบาลแม่ลาน,8,E,บูรพา (ตะวันออก),90.0,,— ว่าง —,,,,,,
south-facilities:9412,โรงพยาบาล โรงพยาบาลแม่ลาน,9,EbS,บูรพาค่อนใต้,101.25,south-facilities:9406,รพ.สต./สถานีอนามัย โรงพยาบาลส่งเสริมสุขภาพตำบล ทุ่งยางแดง,รพ.สต./สถานีอนามัย,21.082,28.383,1.346,87.77848466069065,84.1360683896038
south-facilities:9412,โรงพยาบาล โรงพยาบาลแม่ลาน,10,ESE,บูรพา-อาคเนย์,112.5,south-facilities:9410/3,สถานีตำรวจ จุดตรวจทหารพราน,สถานีตำรวจ,7.304,14.093,1.93,87.77848466069065,82.80603665022818
south-facilities:9412,โรงพยาบาล โรงพยาบาลแม่ลาน,11,SEbE,อาคเนย์ค่อนบูรพา,123.75,south-facilities:9506/2,ด่านตรวจ (ไม่ระบุชื่อ) รามัน,ด่านตรวจ,19.096,30.715,1.608,87.77848466069065,0.022238985381478615
south-facilities:9412,โรงพยาบาล โรงพยาบาลแม่ลาน,12,SE,อาคเนย์ (ตอ.เฉียงใต้),135.0,south-facilities:9410/2,สถานีตำรวจ จุดตรวจทหารพราน,สถานีตำรวจ,9.662,18.367,1.901,87.77848466069065,12.209983621104518
south-facilities:9412,โรงพยาบาล โรงพยาบาลแม่ลาน,13,SEbS,อาคเนย์ค่อนใต้,146.25,south-facilities:9501/7,ด่านตรวจ (ไม่ระบุชื่อ) เมืองยะลา,ด่านตรวจ,14.193,21.952,1.547,87.77848466069065,0.055466863256468886
south-facilities:9412,โรงพยาบาล โรงพยาบาลแม่ลาน,14,SSE,ใต้-อาคเนย์,157.5,south-facilities:9501/6,โรงพยาบาล โรงพยาบาลสิโรรส,โรงพยาบาล,12.615,16.25,1.288,87.77848466069065,77.19268725088556
south-facilities:9412,โรงพยาบาล โรงพยาบาลแม่ลาน,15,SbE,ใต้ค่อนบูรพา,168.75,south-facilities:9501/5,ด่านตรวจ (ไม่ระบุชื่อ) เมืองยะลา,ด่านตรวจ,12.141,14.616,1.204,87.77848466069065,0.024831540647394512
south-facilities:9412,โรงพยาบาล โรงพยาบาลแม่ลาน,16,S,ทักษิณ (ใต้),180.0,,— ว่าง —,,,,,,
south-facilities:9412,โรงพยาบาล โรงพยาบาลแม่ลาน,17,SbW,ใต้ค่อนประจิม,191.25,,— ว่าง —,,,,,,
south-facilities:9412,โรงพยาบาล โรงพยาบาลแม่ลาน,18,SSW,ใต้-หรดี,202.5,,— ว่าง —,,,,,,
south-facilities:9412,โรงพยาบาล โรงพยาบาลแม่ลาน,19,SWbS,หรดีค่อนใต้,213.75,south-facilities:9505,โรงพยาบาล (ไม่ระบุชื่อ) ยะหา,โรงพยาบาล,22.853,32.717,1.432,87.77848466069065,59.737005230787936
south-facilities:9412,โรงพยาบาล โรงพยาบาลแม่ลาน,20,SW,หรดี (ตต.เฉียงใต้),225.0,,— ว่าง —,,,,,,
south-facilities:9412,โรงพยาบาล โรงพยาบาลแม่ลาน,21,SWbW,หรดีค่อนประจิม,236.25,,— ว่าง —,,,,,,
south-facilities:9412,โรงพยาบาล โรงพยาบาลแม่ลาน,22,WSW,ประจิม-หรดี,247.5,,— ว่าง —,,,,,,
south-facilities:9412,โรงพยาบาล โรงพยาบาลแม่ลาน,23,WbS,ประจิมค่อนใต้,258.75,,— ว่าง —,,,,,,
south-facilities:9412,โรงพยาบาล โรงพยาบาลแม่ลาน,24,W,ประจิม (ตะวันตก),270.0,,— ว่าง —,,,,,,
south-facilities:9412,โรงพยาบาล โรงพยาบาลแม่ลาน,25,WbN,ประจิมค่อนเหนือ,281.25,,— ว่าง —,,,,,,
south-facilities:9412,โรงพยาบาล โรงพยาบาลแม่ลาน,26,WNW,ประจิม-พายัพ,292.5,,— ว่าง —,,,,,,
south-facilities:9412,โรงพยาบาล โรงพยาบาลแม่ลาน,27,NWbW,พายัพค่อนประจิม,303.75,south-facilities:9402,โรงพยาบาล โรงพยาบาลโคกโพธิ์,โรงพยาบาล,16.135,21.897,1.357,87.77848466069065,110.57702669796572
south-facilities:9412,โรงพยาบาล โรงพยาบาลแม่ลาน,28,NW,พายัพ (ตต.เฉียงเหนือ),315.0,,— ว่าง —,,,,,,
south-facilities:9412,โรงพยาบาล โรงพยาบาลแม่ลาน,29,NWbN,พายัพค่อนเหนือ,326.25,south-facilities:9403/9,หน่วยทหาร สระน้ำป้องเพชร ขกท.พล.15,หน่วยทหาร,14.64,20.477,1.399,87.77848466069065,2052.6084616013945
south-facilities:9412,โรงพยาบาล โรงพยาบาลแม่ลาน,30,NNW,เหนือ-พายัพ,337.5,south-facilities:9403/10,โรงพยาบาล โรงพยาบาลหนองจิก,โรงพยาบาล,21.31,28.08,1.318,87.77848466069065,196.60930205211346
south-facilities:9412,โรงพยาบาล โรงพยาบาลแม่ลาน,31,NbW,เหนือค่อนประจิม,348.75,south-facilities:9403,ด่านตรวจ (ไม่ระบุชื่อ) หนองจิก,ด่านตรวจ,21.927,25.012,1.141,87.77848466069065,0.071001356160795
south-facilities:9501,สถานีตำรวจ สถานีตำรวจภูธรเมืองยะลา,0,N,อุดร (เหนือ),0.0,south-facilities:9501/6,โรงพยาบาล โรงพยาบาลสิโรรส,โรงพยาบาล,1.012,1.424,1.406,60.428234267877144,77.19268725088556
south-facilities:9501,สถานีตำรวจ สถานีตำรวจภูธรเมืองยะลา,1,NbE,เหนือค่อนอีสาน,11.25,south-facilities:9410/3,สถานีตำรวจ จุดตรวจทหารพราน,สถานีตำรวจ,10.163,10.959,1.078,60.428234267877144,82.80603665022818
south-facilities:9501,สถานีตำรวจ สถานีตำรวจภูธรเมืองยะลา,2,NNE,เหนือ-อีสาน,22.5,south-facilities:9410/2,สถานีตำรวจ จุดตรวจทหารพราน,สถานีตำรวจ,6.14,6.685,1.089,60.428234267877144,12.209983621104518
south-facilities:9501,สถานีตำรวจ สถานีตำรวจภูธรเมืองยะลา,3,NEbN,อีสานค่อนเหนือ,33.75,south-facilities:9405/4,โรงพยาบาล โรงพยาบาลมายอ,โรงพยาบาล,24.944,30.409,1.219,60.428234267877144,80.34645464891182
south-facilities:9501,สถานีตำรวจ สถานีตำรวจภูธรเมืองยะลา,4,NE,อีสาน (ตอ.เฉียงเหนือ),45.0,,— ว่าง —,,,,,,
south-facilities:9501,สถานีตำรวจ สถานีตำรวจภูธรเมืองยะลา,5,NEbE,อีสานค่อนบูรพา,56.25,,— ว่าง —,,,,,,
south-facilities:9501,สถานีตำรวจ สถานีตำรวจภูธรเมืองยะลา,6,ENE,บูรพา-อีสาน,67.5,south-facilities:9501/3,ด่านตรวจ (ไม่ระบุชื่อ) เมืองยะลา,ด่านตรวจ,4.421,6.675,1.51,60.428234267877144,0.059542925352901066
south-facilities:9501,สถานีตำรวจ สถานีตำรวจภูธรเมืองยะลา,7,EbN,บูรพาค่อนเหนือ,78.75,south-facilities:9506/2,ด่านตรวจ (ไม่ระบุชื่อ) รามัน,ด่านตรวจ,11.025,16.318,1.48,60.428234267877144,0.022238985381478615
south-facilities:9501,สถานีตำรวจ สถานีตำรวจภูธรเมืองยะลา,8,E,บูรพา (ตะวันออก),90.0,,— ว่าง —,,,,,,
south-facilities:9501,สถานีตำรวจ สถานีตำรวจภูธรเมืองยะลา,9,EbS,บูรพาค่อนใต้,101.25,south-facilities:9501/12,สถานีดับเพลิง (ไม่ระบุชื่อ) เมืองยะลา,สถานีดับเพลิง,3.371,3.857,1.144,60.428234267877144,71.10550439130981
south-facilities:9501,สถานีตำรวจ สถานีตำรวจภูธรเมืองยะลา,10,ESE,บูรพา-อาคเนย์,112.5,south-facilities:9506/4,โรงพยาบาล โรงพยาบาลรามัน,โรงพยาบาล,17.011,25.054,1.473,60.428234267877144,45.37929517289792
south-facilities:9501,สถานีตำรวจ สถานีตำรวจภูธรเมืองยะลา,11,SEbE,อาคเนย์ค่อนบูรพา,123.75,south-facilities:9501/8,สถานีตำรวจ กองกำกับการตำรวจตระเวนชายแดนที่44,สถานีตำรวจ,5.821,6.777,1.164,60.428234267877144,474.45519174138866
south-facilities:9501,สถานีตำรวจ สถานีตำรวจภูธรเมืองยะลา,12,SE,อาคเนย์ (ตอ.เฉียงใต้),135.0,,— ว่าง —,,,,,,
south-facilities:9501,สถานีตำรวจ สถานีตำรวจภูธรเมืองยะลา,13,SEbS,อาคเนย์ค่อนใต้,146.25,,— ว่าง —,,,,,,
south-facilities:9501,สถานีตำรวจ สถานีตำรวจภูธรเมืองยะลา,14,SSE,ใต้-อาคเนย์,157.5,,— ว่าง —,,,,,,
south-facilities:9501,สถานีตำรวจ สถานีตำรวจภูธรเมืองยะลา,15,SbE,ใต้ค่อนบูรพา,168.75,south-facilities:9501/9,สถานีตำรวจ ศูนย์ฝึกอบรมตํารวจภูธรภาค 9,สถานีตำรวจ,1.053,1.088,1.033,60.428234267877144,261.2918540708926
south-facilities:9501,สถานีตำรวจ สถานีตำรวจภูธรเมืองยะลา,16,S,ทักษิณ (ใต้),180.0,south-facilities:9501/11,สถานีตำรวจ กองร้อย ๕ กองกำกับการตำรวจตระเวนชายแดน ๙,สถานีตำรวจ,2.348,3.878,1.651,60.428234267877144,179.81077995896513
south-facilities:9501,สถานีตำรวจ สถานีตำรวจภูธรเมืองยะลา,17,SbW,ใต้ค่อนประจิม,191.25,,— ว่าง —,,,,,,
south-facilities:9501,สถานีตำรวจ สถานีตำรวจภูธรเมืองยะลา,18,SSW,ใต้-หรดี,202.5,,— ว่าง —,,,,,,
south-facilities:9501,สถานีตำรวจ สถานีตำรวจภูธรเมืองยะลา,19,SWbS,หรดีค่อนใต้,213.75,,— ว่าง —,,,,,,
south-facilities:9501,สถานีตำรวจ สถานีตำรวจภูธรเมืองยะลา,20,SW,หรดี (ตต.เฉียงใต้),225.0,,— ว่าง —,,,,,,
south-facilities:9501,สถานีตำรวจ สถานีตำรวจภูธรเมืองยะลา,21,SWbW,หรดีค่อนประจิม,236.25,,— ว่าง —,,,,,,
south-facilities:9501,สถานีตำรวจ สถานีตำรวจภูธรเมืองยะลา,22,WSW,ประจิม-หรดี,247.5,south-facilities:9505,โรงพยาบาล (ไม่ระบุชื่อ) ยะหา,โรงพยาบาล,18.256,22.013,1.206,60.428234267877144,59.737005230787936
south-facilities:9501,สถานีตำรวจ สถานีตำรวจภูธรเมืองยะลา,23,WbS,ประจิมค่อนใต้,258.75,,— ว่าง —,,,,,,
south-facilities:9501,สถานีตำรวจ สถานีตำรวจภูธรเมืองยะลา,24,W,ประจิม (ตะวันตก),270.0,,— ว่าง —,,,,,,
south-facilities:9501,สถานีตำรวจ สถานีตำรวจภูธรเมืองยะลา,25,WbN,ประจิมค่อนเหนือ,281.25,,— ว่าง —,,,,,,
south-facilities:9501,สถานีตำรวจ สถานีตำรวจภูธรเมืองยะลา,26,WNW,ประจิม-พายัพ,292.5,,— ว่าง —,,,,,,
south-facilities:9501,สถานีตำรวจ สถานีตำรวจภูธรเมืองยะลา,27,NWbW,พายัพค่อนประจิม,303.75,,— ว่าง —,,,,,,
south-facilities:9501,สถานีตำรวจ สถานีตำรวจภูธรเมืองยะลา,28,NW,พายัพ (ตต.เฉียงเหนือ),315.0,south-facilities:9501/4,ด่านตรวจ (ไม่ระบุชื่อ) เมืองยะลา,ด่านตรวจ,1.71,2.355,1.377,60.428234267877144,0.06472538175885302
south-facilities:9501,สถานีตำรวจ สถานีตำรวจภูธรเมืองยะลา,29,NWbN,พายัพค่อนเหนือ,326.25,south-facilities:9501/2,โรงพยาบาล โรงพยาบาลยะลา,โรงพยาบาล,0.735,1.72,2.339,60.428234267877144,47.18050222608461
south-facilities:9501,สถานีตำรวจ สถานีตำรวจภูธรเมืองยะลา,30,NNW,เหนือ-พายัพ,337.5,south-facilities:9501/10,โรงพยาบาล โรงพยาบาลยะลา,โรงพยาบาล,0.534,1.059,1.984,60.428234267877144,168.43254656066802
south-facilities:9501,สถานีตำรวจ สถานีตำรวจภูธรเมืองยะลา,31,NbW,เหนือค่อนประจิม,348.75,,— ว่าง —,,,,,,
south-facilities:9501/2,โรงพยาบาล โรงพยาบาลยะลา,0,N,อุดร (เหนือ),0.0,south-facilities:9410/6,สถานีตำรวจ จุดตรวจทหารพราน,สถานีตำรวจ,18.254,20.042,1.098,47.18050222608461,19.91319501737795
south-facilities:9501/2,โรงพยาบาล โรงพยาบาลยะลา,1,NbE,เหนือค่อนอีสาน,11.25,south-facilities:9410/4,สถานีตำรวจ จุดตรวจทหารพราน,สถานีตำรวจ,15.317,16.826,1.099,47.18050222608461,3.6302043299591595
south-facilities:9501/2,โรงพยาบาล โรงพยาบาลยะลา,2,NNE,เหนือ-อีสาน,22.5,south-facilities:9410/2,สถานีตำรวจ จุดตรวจทหารพราน,สถานีตำรวจ,5.733,6.434,1.122,47.18050222608461,12.209983621104518
south-facilities:9501/2,โรงพยาบาล โรงพยาบาลยะลา,3,NEbN,อีสานค่อนเหนือ,33.75,south-facilities:9501/6,โรงพยาบาล โรงพยาบาลสิโรรส,โรงพยาบาล,0.499,0.718,1.437,47.18050222608461,77.19268725088556
south-facilities:9501/2,โรงพยาบาล โรงพยาบาลยะลา,4,NE,อีสาน (ตอ.เฉียงเหนือ),45.0,,— ว่าง —,,,,,,
south-facilities:9501/2,โรงพยาบาล โรงพยาบาลยะลา,5,NEbE,อีสานค่อนบูรพา,56.25,,— ว่าง —,,,,,,
south-facilities:9501/2,โรงพยาบาล โรงพยาบาลยะลา,6,ENE,บูรพา-อีสาน,67.5,south-facilities:9406,รพ.สต./สถานีอนามัย โรงพยาบาลส่งเสริมสุขภาพตำบล ทุ่งยางแดง,รพ.สต./สถานีอนามัย,18.478,23.122,1.251,47.18050222608461,84.1360683896038
south-facilities:9501/2,โรงพยาบาล โรงพยาบาลยะลา,7,EbN,บูรพาค่อนเหนือ,78.75,south-facilities:9501/3,ด่านตรวจ (ไม่ระบุชื่อ) เมืองยะลา,ด่านตรวจ,4.641,7.465,1.608,47.18050222608461,0.059542925352901066
south-facilities:9501/2,โรงพยาบาล โรงพยาบาลยะลา,8,E,บูรพา (ตะวันออก),90.0,south-facilities:9506/2,ด่านตรวจ (ไม่ระบุชื่อ) รามัน,ด่านตรวจ,11.36,17.108,1.506,47.18050222608461,0.022238985381478615
south-facilities:9501/2,โรงพยาบาล โรงพยาบาลยะลา,9,EbS,บูรพาค่อนใต้,101.25,,— ว่าง —,,,,,,
south-facilities:9501/2,โรงพยาบาล โรงพยาบาลยะลา,10,ESE,บูรพา-อาคเนย์,112.5,south-facilities:9501/12,สถานีดับเพลิง (ไม่ระบุชื่อ) เมืองยะลา,สถานีดับเพลิง,3.946,4.819,1.221,47.18050222608461,71.10550439130981
south-facilities:9501/2,โรงพยาบาล โรงพยาบาลยะลา,11,SEbE,อาคเนย์ค่อนบูรพา,123.75,,— ว่าง —,,,,,,
south-facilities:9501/2,โรงพยาบาล โรงพยาบาลยะลา,12,SE,อาคเนย์ (ตอ.เฉียงใต้),135.0,south-facilities:9501/10,โรงพยาบาล โรงพยาบาลยะลา,โรงพยาบาล,0.211,0.367,1.739,47.18050222608461,168.43254656066802
south-facilities:9501/2,โรงพยาบาล โรงพยาบาลยะลา,13,SEbS,อาคเนย์ค่อนใต้,146.25,south-facilities:9501,สถานีตำรวจ สถานีตำรวจภูธรเมืองยะลา,สถานีตำรวจ,0.735,0.962,1.308,47.18050222608461,60.428234267877144
south-facilities:9501/2,โรงพยาบาล โรงพยาบาลยะลา,14,SSE,ใต้-อาคเนย์,157.5,south-facilities:9501/9,สถานีตำรวจ ศูนย์ฝึกอบรมตํารวจภูธรภาค 9,สถานีตำรวจ,1.745,1.992,1.142,47.18050222608461,261.2918540708926
south-facilities:9501/2,โรงพยาบาล โรงพยาบาลยะลา,15,SbE,ใต้ค่อนบูรพา,168.75,,— ว่าง —,,,,,,
south-facilities:9501/2,โรงพยาบาล โรงพยาบาลยะลา,16,S,ทักษิณ (ใต้),180.0,south-facilities:9501/11,สถานีตำรวจ กองร้อย ๕ กองกำกับการตำรวจตระเวนชายแดน ๙,สถานีตำรวจ,2.968,4.783,1.612,47.18050222608461,179.81077995896513
south-facilities:9501/2,โรงพยาบาล โรงพยาบาลยะลา,17,SbW,ใต้ค่อนประจิม,191.25,,— ว่าง —,,,,,,
south-facilities:9501/2,โรงพยาบาล โรงพยาบาลยะลา,18,SSW,ใต้-หรดี,202.5,,— ว่าง —,,,,,,
south-facilities:9501/2,โรงพยาบาล โรงพยาบาลยะลา,19,SWbS,หรดีค่อนใต้,213.75,,— ว่าง —,,,,,,
south-facilities:9501/2,โรงพยาบาล โรงพยาบาลยะลา,20,SW,หรดี (ตต.เฉียงใต้),225.0,,— ว่าง —,,,,,,
south-facilities:9501/2,โรงพยาบาล โรงพยาบาลยะลา,21,SWbW,หรดีค่อนประจิม,236.25,,— ว่าง —,,,,,,
south-facilities:9501/2,โรงพยาบาล โรงพยาบาลยะลา,22,WSW,ประจิม-หรดี,247.5,south-facilities:9505,โรงพยาบาล (ไม่ระบุชื่อ) ยะหา,โรงพยาบาล,18.096,20.798,1.149,47.18050222608461,59.737005230787936
south-facilities:9501/2,โรงพยาบาล โรงพยาบาลยะลา,23,WbS,ประจิมค่อนใต้,258.75,,— ว่าง —,,,,,,
south-facilities:9501/2,โรงพยาบาล โรงพยาบาลยะลา,24,W,ประจิม (ตะวันตก),270.0,,— ว่าง —,,,,,,
south-facilities:9501/2,โรงพยาบาล โรงพยาบาลยะลา,25,WbN,ประจิมค่อนเหนือ,281.25,,— ว่าง —,,,,,,
south-facilities:9501/2,โรงพยาบาล โรงพยาบาลยะลา,26,WNW,ประจิม-พายัพ,292.5,,— ว่าง —,,,,,,
south-facilities:9501/2,โรงพยาบาล โรงพยาบาลยะลา,27,NWbW,พายัพค่อนประจิม,303.75,south-facilities:9501/4,ด่านตรวจ (ไม่ระบุชื่อ) เมืองยะลา,ด่านตรวจ,1.028,1.14,1.109,47.18050222608461,0.06472538175885302
south-facilities:9501/2,โรงพยาบาล โรงพยาบาลยะลา,28,NW,พายัพ (ตต.เฉียงเหนือ),315.0,,— ว่าง —,,,,,,
south-facilities:9501/2,โรงพยาบาล โรงพยาบาลยะลา,29,NWbN,พายัพค่อนเหนือ,326.25,,— ว่าง —,,,,,,
south-facilities:9501/2,โรงพยาบาล โรงพยาบาลยะลา,30,NNW,เหนือ-พายัพ,337.5,south-facilities:9412,โรงพยาบาล โรงพยาบาลแม่ลาน,โรงพยาบาล,12.885,15.942,1.237,47.18050222608461,87.77848466069065
south-facilities:9501/2,โรงพยาบาล โรงพยาบาลยะลา,31,NbW,เหนือค่อนประจิม,348.75,,— ว่าง —,,,,,,
south-facilities:9501/3,ด่านตรวจ (ไม่ระบุชื่อ) เมืองยะลา,0,N,อุดร (เหนือ),0.0,south-facilities:9501/7,ด่านตรวจ (ไม่ระบุชื่อ) เมืองยะลา,ด่านตรวจ,0.014,0.387,28.527,0.059542925352901066,0.055466863256468886
south-facilities:9501/3,ด่านตรวจ (ไม่ระบุชื่อ) เมืองยะลา,1,NbE,เหนือค่อนอีสาน,11.25,,— ว่าง —,,,,,,
south-facilities:9501/3,ด่านตรวจ (ไม่ระบุชื่อ) เมืองยะลา,2,NNE,เหนือ-อีสาน,22.5,,— ว่าง —,,,,,,
south-facilities:9501/3,ด่านตรวจ (ไม่ระบุชื่อ) เมืองยะลา,3,NEbN,อีสานค่อนเหนือ,33.75,south-facilities:9405/4,โรงพยาบาล โรงพยาบาลมายอ,โรงพยาบาล,21.376,28.242,1.321,0.059542925352901066,80.34645464891182
south-facilities:9501/3,ด่านตรวจ (ไม่ระบุชื่อ) เมืองยะลา,4,NE,อีสาน (ตอ.เฉียงเหนือ),45.0,,— ว่าง —,,,,,,
south-facilities:9501/3,ด่านตรวจ (ไม่ระบุชื่อ) เมืองยะลา,5,NEbE,อีสานค่อนบูรพา,56.25,south-facilities:9406,รพ.สต./สถานีอนามัย โรงพยาบาลส่งเสริมสุขภาพตำบล ทุ่งยางแดง,รพ.สต./สถานีอนามัย,14.03,17.09,1.218,0.059542925352901066,84.1360683896038
south-facilities:9501/3,ด่านตรวจ (ไม่ระบุชื่อ) เมืองยะลา,6,ENE,บูรพา-อีสาน,67.5,,— ว่าง —,,,,,,
south-facilities:9501/3,ด่านตรวจ (ไม่ระบุชื่อ) เมืองยะลา,7,EbN,บูรพาค่อนเหนือ,78.75,,— ว่าง —,,,,,,
south-facilities:9501/3,ด่านตรวจ (ไม่ระบุชื่อ) เมืองยะลา,8,E,บูรพา (ตะวันออก),90.0,south-facilities:9506/2,ด่านตรวจ (ไม่ระบุชื่อ) รามัน,ด่านตรวจ,6.776,11.076,1.635,0.059542925352901066,0.022238985381478615
south-facilities:9501/3,ด่านตรวจ (ไม่ระบุชื่อ) เมืองยะลา,9,EbS,บูรพาค่อนใต้,101.25,,— ว่าง —,,,,,,
south-facilities:9501/3,ด่านตรวจ (ไม่ระบุชื่อ) เมืองยะลา,10,ESE,บูรพา-อาคเนย์,112.5,south-facilities:9506/3,สถานีตำรวจ สถานีภูธรจะว๊ะ,สถานีตำรวจ,21.078,32.846,1.558,0.059542925352901066,39.13537912524573
south-facilities:9501/3,ด่านตรวจ (ไม่ระบุชื่อ) เมืองยะลา,11,SEbE,อาคเนย์ค่อนบูรพา,123.75,south-facilities:9606/7,โรงพยาบาล (ไม่ระบุชื่อ) รือเสาะ,โรงพยาบาล,24.639,38.36,1.557,0.059542925352901066,31.00652475052335
south-facilities:9501/3,ด่านตรวจ (ไม่ระบุชื่อ) เมืองยะลา,12,SE,อาคเนย์ (ตอ.เฉียงใต้),135.0,south-facilities:9506/4,โรงพยาบาล โรงพยาบาลรามัน,โรงพยาบาล,14.299,26.354,1.843,0.059542925352901066,45.37929517289792
south-facilities:9501/3,ด่านตรวจ (ไม่ระบุชื่อ) เมืองยะลา,13,SEbS,อาคเนย์ค่อนใต้,146.25,,— ว่าง —,,,,,,
south-facilities:9501/3,ด่านตรวจ (ไม่ระบุชื่อ) เมืองยะลา,14,SSE,ใต้-อาคเนย์,157.5,,— ว่าง —,,,,,,
south-facilities:9501/3,ด่านตรวจ (ไม่ระบุชื่อ) เมืองยะลา,15,SbE,ใต้ค่อนบูรพา,168.75,,— ว่าง —,,,,,,
south-facilities:9501/3,ด่านตรวจ (ไม่ระบุชื่อ) เมืองยะลา,16,S,ทักษิณ (ใต้),180.0,south-facilities:9501/8,สถานีตำรวจ กองกำกับการตำรวจตระเวนชายแดนที่44,สถานีตำรวจ,5.047,6.954,1.378,0.059542925352901066,474.45519174138866
south-facilities:9501/3,ด่านตรวจ (ไม่ระบุชื่อ) เมืองยะลา,17,SbW,ใต้ค่อนประจิม,191.25,,— ว่าง —,,,,,,
south-facilities:9501/3,ด่านตรวจ (ไม่ระบุชื่อ) เมืองยะลา,18,SSW,ใต้-หรดี,202.5,south-facilities:9501/12,สถานีดับเพลิง (ไม่ระบุชื่อ) เมืองยะลา,สถานีดับเพลิง,2.535,4.035,1.591,0.059542925352901066,71.10550439130981
south-facilities:9501/3,ด่านตรวจ (ไม่ระบุชื่อ) เมืองยะลา,19,SWbS,หรดีค่อนใต้,213.75,,— ว่าง —,,,,,,
south-facilities:9501/3,ด่านตรวจ (ไม่ระบุชื่อ) เมืองยะลา,20,SW,หรดี (ตต.เฉียงใต้),225.0,south-facilities:9501/11,สถานีตำรวจ กองร้อย ๕ กองกำกับการตำรวจตระเวนชายแดน ๙,สถานีตำรวจ,5.796,8.263,1.426,0.059542925352901066,179.81077995896513
south-facilities:9501/3,ด่านตรวจ (ไม่ระบุชื่อ) เมืองยะลา,21,SWbW,หรดีค่อนประจิม,236.25,south-facilities:9501/9,สถานีตำรวจ ศูนย์ฝึกอบรมตํารวจภูธรภาค 9,สถานีตำรวจ,4.761,6.371,1.338,0.059542925352901066,261.2918540708926
south-facilities:9501/3,ด่านตรวจ (ไม่ระบุชื่อ) เมืองยะลา,22,WSW,ประจิม-หรดี,247.5,south-facilities:9501,สถานีตำรวจ สถานีตำรวจภูธรเมืองยะลา,สถานีตำรวจ,4.421,5.908,1.336,0.059542925352901066,60.428234267877144
south-facilities:9501/3,ด่านตรวจ (ไม่ระบุชื่อ) เมืองยะลา,23,WbS,ประจิมค่อนใต้,258.75,south-facilities:9501/6,โรงพยาบาล โรงพยาบาลสิโรรส,โรงพยาบาล,4.274,5.6,1.31,0.059542925352901066,77.19268725088556
south-facilities:9501/3,ด่านตรวจ (ไม่ระบุชื่อ) เมืองยะลา,24,W,ประจิม (ตะวันตก),270.0,south-facilities:9501/5,ด่านตรวจ (ไม่ระบุชื่อ) เมืองยะลา,ด่านตรวจ,5.47,8.222,1.503,0.059542925352901066,0.024831540647394512
south-facilities:9501/3,ด่านตรวจ (ไม่ระบุชื่อ) เมืองยะลา,25,WbN,ประจิมค่อนเหนือ,281.25,,— ว่าง —,,,,,,
south-facilities:9501/3,ด่านตรวจ (ไม่ระบุชื่อ) เมืองยะลา,26,WNW,ประจิม-พายัพ,292.5,,— ว่าง —,,,,,,
south-facilities:9501/3,ด่านตรวจ (ไม่ระบุชื่อ) เมืองยะลา,27,NWbW,พายัพค่อนประจิม,303.75,,— ว่าง —,,,,,,
south-facilities:9501/3,ด่านตรวจ (ไม่ระบุชื่อ) เมืองยะลา,28,NW,พายัพ (ตต.เฉียงเหนือ),315.0,,— ว่าง —,,,,,,
south-facilities:9501/3,ด่านตรวจ (ไม่ระบุชื่อ) เมืองยะลา,29,NWbN,พายัพค่อนเหนือ,326.25,south-facilities:9412,โรงพยาบาล โรงพยาบาลแม่ลาน,โรงพยาบาล,14.205,21.86,1.539,0.059542925352901066,87.77848466069065
south-facilities:9501/3,ด่านตรวจ (ไม่ระบุชื่อ) เมืองยะลา,30,NNW,เหนือ-พายัพ,337.5,south-facilities:9410/2,สถานีตำรวจ จุดตรวจทหารพราน,สถานีตำรวจ,4.685,7.852,1.676,0.059542925352901066,12.209983621104518
south-facilities:9501/3,ด่านตรวจ (ไม่ระบุชื่อ) เมืองยะลา,31,NbW,เหนือค่อนประจิม,348.75,south-facilities:9410/3,สถานีตำรวจ จุดตรวจทหารพราน,สถานีตำรวจ,8.589,12.126,1.412,0.059542925352901066,82.80603665022818
south-facilities:9501/4,ด่านตรวจ (ไม่ระบุชื่อ) เมืองยะลา,0,N,อุดร (เหนือ),0.0,,— ว่าง —,,,,,,
south-facilities:9501/4,ด่านตรวจ (ไม่ระบุชื่อ) เมืองยะลา,1,NbE,เหนือค่อนอีสาน,11.25,south-facilities:9501/5,ด่านตรวจ (ไม่ระบุชื่อ) เมืองยะลา,ด่านตรวจ,0.022,1.164,54.109,0.06472538175885302,0.024831540647394512
south-facilities:9501/4,ด่านตรวจ (ไม่ระบุชื่อ) เมืองยะลา,2,NNE,เหนือ-อีสาน,22.5,south-facilities:9410/3,สถานีตำรวจ จุดตรวจทหารพราน,สถานีตำรวจ,9.503,12.788,1.346,0.06472538175885302,82.80603665022818
south-facilities:9501/4,ด่านตรวจ (ไม่ระบุชื่อ) เมืองยะลา,3,NEbN,อีสานค่อนเหนือ,33.75,south-facilities:9410/2,สถานีตำรวจ จุดตรวจทหารพราน,สถานีตำรวจ,5.789,8.513,1.471,0.06472538175885302,12.209983621104518
south-facilities:9501/4,ด่านตรวจ (ไม่ระบุชื่อ) เมืองยะลา,4,NE,อีสาน (ตอ.เฉียงเหนือ),45.0,south-facilities:9405/4,โรงพยาบาล โรงพยาบาลมายอ,โรงพยาบาล,24.9,32.238,1.295,0.06472538175885302,80.34645464891182
south-facilities:9501/4,ด่านตรวจ (ไม่ระบุชื่อ) เมืองยะลา,5,NEbE,อีสานค่อนบูรพา,56.25,,— ว่าง —,,,,,,
south-facilities:9501/4,ด่านตรวจ (ไม่ระบุชื่อ) เมืองยะลา,6,ENE,บูรพา-อีสาน,67.5,south-facilities:9406,รพ.สต./สถานีอนามัย โรงพยาบาลส่งเสริมสุขภาพตำบล ทุ่งยางแดง,รพ.สต./สถานีอนามัย,19.1,25.202,1.319,0.06472538175885302,84.1360683896038
south-facilities:9501/4,ด่านตรวจ (ไม่ระบุชื่อ) เมืองยะลา,7,EbN,บูรพาค่อนเหนือ,78.75,,— ว่าง —,,,,,,
south-facilities:9501/4,ด่านตรวจ (ไม่ระบุชื่อ) เมืองยะลา,8,E,บูรพา (ตะวันออก),90.0,south-facilities:9501/6,โรงพยาบาล โรงพยาบาลสิโรรส,โรงพยาบาล,1.218,2.797,2.296,0.06472538175885302,77.19268725088556
south-facilities:9501/4,ด่านตรวจ (ไม่ระบุชื่อ) เมืองยะลา,9,EbS,บูรพาค่อนใต้,101.25,,— ว่าง —,,,,,,
south-facilities:9501/4,ด่านตรวจ (ไม่ระบุชื่อ) เมืองยะลา,10,ESE,บูรพา-อาคเนย์,112.5,south-facilities:9501/12,สถานีดับเพลิง (ไม่ระบุชื่อ) เมืองยะลา,สถานีดับเพลิง,4.969,6.925,1.394,0.06472538175885302,71.10550439130981
south-facilities:9501/4,ด่านตรวจ (ไม่ระบุชื่อ) เมืองยะลา,11,SEbE,อาคเนย์ค่อนบูรพา,123.75,south-facilities:9501/2,โรงพยาบาล โรงพยาบาลยะลา,โรงพยาบาล,1.028,2.553,2.484,0.06472538175885302,47.18050222608461
south-facilities:9501/4,ด่านตรวจ (ไม่ระบุชื่อ) เมืองยะลา,12,SE,อาคเนย์ (ตอ.เฉียงใต้),135.0,south-facilities:9501,สถานีตำรวจ สถานีตำรวจภูธรเมืองยะลา,สถานีตำรวจ,1.71,3.068,1.794,0.06472538175885302,60.428234267877144
south-facilities:9501/4,ด่านตรวจ (ไม่ระบุชื่อ) เมืองยะลา,13,SEbS,อาคเนย์ค่อนใต้,146.25,south-facilities:9501/9,สถานีตำรวจ ศูนย์ฝึกอบรมตํารวจภูธรภาค 9,สถานีตำรวจ,2.589,4.098,1.583,0.06472538175885302,261.2918540708926
south-facilities:9501/4,ด่านตรวจ (ไม่ระบุชื่อ) เมืองยะลา,14,SSE,ใต้-อาคเนย์,157.5,south-facilities:9501/11,สถานีตำรวจ กองร้อย ๕ กองกำกับการตำรวจตระเวนชายแดน ๙,สถานีตำรวจ,3.629,6.889,1.898,0.06472538175885302,179.81077995896513
south-facilities:9501/4,ด่านตรวจ (ไม่ระบุชื่อ) เมืองยะลา,15,SbE,ใต้ค่อนบูรพา,168.75,,— ว่าง —,,,,,,
south-facilities:9501/4,ด่านตรวจ (ไม่ระบุชื่อ) เมืองยะลา,16,S,ทักษิณ (ใต้),180.0,,— ว่าง —,,,,,,
south-facilities:9501/4,ด่านตรวจ (ไม่ระบุชื่อ) เมืองยะลา,17,SbW,ใต้ค่อนประจิม,191.25,,— ว่าง —,,,,,,
south-facilities:9501/4,ด่านตรวจ (ไม่ระบุชื่อ) เมืองยะลา,18,SSW,ใต้-หรดี,202.5,,— ว่าง —,,,,,,
south-facilities:9501/4,ด่านตรวจ (ไม่ระบุชื่อ) เมืองยะลา,19,SWbS,หรดีค่อนใต้,213.75,,— ว่าง —,,,,,,
south-facilities:9501/4,ด่านตรวจ (ไม่ระบุชื่อ) เมืองยะลา,20,SW,หรดี (ตต.เฉียงใต้),225.0,,— ว่าง —,,,,,,
south-facilities:9501/4,ด่านตรวจ (ไม่ระบุชื่อ) เมืองยะลา,21,SWbW,หรดีค่อนประจิม,236.25,,— ว่าง —,,,,,,
south-facilities:9501/4,ด่านตรวจ (ไม่ระบุชื่อ) เมืองยะลา,22,WSW,ประจิม-หรดี,247.5,south-facilities:9505,โรงพยาบาล (ไม่ระบุชื่อ) ยะหา,โรงพยาบาล,17.451,19.658,1.126,0.06472538175885302,59.737005230787936
south-facilities:9501/4,ด่านตรวจ (ไม่ระบุชื่อ) เมืองยะลา,23,WbS,ประจิมค่อนใต้,258.75,,— ว่าง —,,,,,,
south-facilities:9501/4,ด่านตรวจ (ไม่ระบุชื่อ) เมืองยะลา,24,W,ประจิม (ตะวันตก),270.0,,— ว่าง —,,,,,,
south-facilities:9501/4,ด่านตรวจ (ไม่ระบุชื่อ) เมืองยะลา,25,WbN,ประจิมค่อนเหนือ,281.25,,— ว่าง —,,,,,,
south-facilities:9501/4,ด่านตรวจ (ไม่ระบุชื่อ) เมืองยะลา,26,WNW,ประจิม-พายัพ,292.5,,— ว่าง —,,,,,,
south-facilities:9501/4,ด่านตรวจ (ไม่ระบุชื่อ) เมืองยะลา,27,NWbW,พายัพค่อนประจิม,303.75,,— ว่าง —,,,,,,
south-facilities:9501/4,ด่านตรวจ (ไม่ระบุชื่อ) เมืองยะลา,28,NW,พายัพ (ตต.เฉียงเหนือ),315.0,,— ว่าง —,,,,,,
south-facilities:9501/4,ด่านตรวจ (ไม่ระบุชื่อ) เมืองยะลา,29,NWbN,พายัพค่อนเหนือ,326.25,,— ว่าง —,,,,,,
south-facilities:9501/4,ด่านตรวจ (ไม่ระบุชื่อ) เมืองยะลา,30,NNW,เหนือ-พายัพ,337.5,,— ว่าง —,,,,,,
south-facilities:9501/4,ด่านตรวจ (ไม่ระบุชื่อ) เมืองยะลา,31,NbW,เหนือค่อนประจิม,348.75,south-facilities:9412,โรงพยาบาล โรงพยาบาลแม่ลาน,โรงพยาบาล,12.162,14.802,1.217,0.06472538175885302,87.77848466069065
south-facilities:9501/5,ด่านตรวจ (ไม่ระบุชื่อ) เมืองยะลา,0,N,อุดร (เหนือ),0.0,,— ว่าง —,,,,,,
south-facilities:9501/5,ด่านตรวจ (ไม่ระบุชื่อ) เมืองยะลา,1,NbE,เหนือค่อนอีสาน,11.25,south-facilities:9410/4,สถานีตำรวจ จุดตรวจทหารพราน,สถานีตำรวจ,14.98,17.742,1.184,0.024831540647394512,3.6302043299591595
south-facilities:9501/5,ด่านตรวจ (ไม่ระบุชื่อ) เมืองยะลา,2,NNE,เหนือ-อีสาน,22.5,south-facilities:9410/3,สถานีตำรวจ จุดตรวจทหารพราน,สถานีตำรวจ,9.482,11.624,1.226,0.024831540647394512,82.80603665022818
south-facilities:9501/5,ด่านตรวจ (ไม่ระบุชื่อ) เมืองยะลา,3,NEbN,อีสานค่อนเหนือ,33.75,south-facilities:9410/2,สถานีตำรวจ จุดตรวจทหารพราน,สถานีตำรวจ,5.771,7.35,1.274,0.024831540647394512,12.209983621104518
south-facilities:9501/5,ด่านตรวจ (ไม่ระบุชื่อ) เมืองยะลา,4,NE,อีสาน (ตอ.เฉียงเหนือ),45.0,south-facilities:9405/4,โรงพยาบาล โรงพยาบาลมายอ,โรงพยาบาล,24.883,31.074,1.249,0.024831540647394512,80.34645464891182
south-facilities:9501/5,ด่านตรวจ (ไม่ระบุชื่อ) เมืองยะลา,5,NEbE,อีสานค่อนบูรพา,56.25,,— ว่าง —,,,,,,
south-facilities:9501/5,ด่านตรวจ (ไม่ระบุชื่อ) เมืองยะลา,6,ENE,บูรพา-อีสาน,67.5,south-facilities:9406,รพ.สต./สถานีอนามัย โรงพยาบาลส่งเสริมสุขภาพตำบล ทุ่งยางแดง,รพ.สต./สถานีอนามัย,19.09,24.038,1.259,0.024831540647394512,84.1360683896038
south-facilities:9501/5,ด่านตรวจ (ไม่ระบุชื่อ) เมืองยะลา,7,EbN,บูรพาค่อนเหนือ,78.75,,— ว่าง —,,,,,,
south-facilities:9501/5,ด่านตรวจ (ไม่ระบุชื่อ) เมืองยะลา,8,E,บูรพา (ตะวันออก),90.0,south-facilities:9501/3,ด่านตรวจ (ไม่ระบุชื่อ) เมืองยะลา,ด่านตรวจ,5.47,8.381,1.532,0.024831540647394512,0.059542925352901066
south-facilities:9501/5,ด่านตรวจ (ไม่ระบุชื่อ) เมืองยะลา,9,EbS,บูรพาค่อนใต้,101.25,south-facilities:9501/6,โรงพยาบาล โรงพยาบาลสิโรรส,โรงพยาบาล,1.218,1.634,1.341,0.024831540647394512,77.19268725088556
south-facilities:9501/5,ด่านตรวจ (ไม่ระบุชื่อ) เมืองยะลา,10,ESE,บูรพา-อาคเนย์,112.5,south-facilities:9501/12,สถานีดับเพลิง (ไม่ระบุชื่อ) เมืองยะลา,สถานีดับเพลิง,4.975,5.761,1.158,0.024831540647394512,71.10550439130981
south-facilities:9501/5,ด่านตรวจ (ไม่ระบุชื่อ) เมืองยะลา,11,SEbE,อาคเนย์ค่อนบูรพา,123.75,south-facilities:9501/2,โรงพยาบาล โรงพยาบาลยะลา,โรงพยาบาล,1.037,1.39,1.341,0.024831540647394512,47.18050222608461
south-facilities:9501/5,ด่านตรวจ (ไม่ระบุชื่อ) เมืองยะลา,12,SE,อาคเนย์ (ตอ.เฉียงใต้),135.0,south-facilities:9501,สถานีตำรวจ สถานีตำรวจภูธรเมืองยะลา,สถานีตำรวจ,1.723,1.904,1.105,0.024831540647394512,60.428234267877144
south-facilities:9501/5,ด่านตรวจ (ไม่ระบุชื่อ) เมืองยะลา,13,SEbS,อาคเนย์ค่อนใต้,146.25,south-facilities:9501/9,สถานีตำรวจ ศูนย์ฝึกอบรมตํารวจภูธรภาค 9,สถานีตำรวจ,2.605,2.935,1.126,0.024831540647394512,261.2918540708926
south-facilities:9501/5,ด่านตรวจ (ไม่ระบุชื่อ) เมืองยะลา,14,SSE,ใต้-อาคเนย์,157.5,south-facilities:9501/11,สถานีตำรวจ กองร้อย ๕ กองกำกับการตำรวจตระเวนชายแดน ๙,สถานีตำรวจ,3.649,5.725,1.569,0.024831540647394512,179.81077995896513
south-facilities:9501/5,ด่านตรวจ (ไม่ระบุชื่อ) เมืองยะลา,15,SbE,ใต้ค่อนบูรพา,168.75,,— ว่าง —,,,,,,
south-facilities:9501/5,ด่านตรวจ (ไม่ระบุชื่อ) เมืองยะลา,16,S,ทักษิณ (ใต้),180.0,,— ว่าง —,,,,,,
south-facilities:9501/5,ด่านตรวจ (ไม่ระบุชื่อ) เมืองยะลา,17,SbW,ใต้ค่อนประจิม,191.25,south-facilities:9501/4,ด่านตรวจ (ไม่ระบุชื่อ) เมืองยะลา,ด่านตรวจ,0.022,0.441,20.489,0.024831540647394512,0.06472538175885302
south-facilities:9501/5,ด่านตรวจ (ไม่ระบุชื่อ) เมืองยะลา,18,SSW,ใต้-หรดี,202.5,,— ว่าง —,,,,,,
south-facilities:9501/5,ด่านตรวจ (ไม่ระบุชื่อ) เมืองยะลา,19,SWbS,หรดีค่อนใต้,213.75,,— ว่าง —,,,,,,
south-facilities:9501/5,ด่านตรวจ (ไม่ระบุชื่อ) เมืองยะลา,20,SW,หรดี (ตต.เฉียงใต้),225.0,,— ว่าง —,,,,,,
south-facilities:9501/5,ด่านตรวจ (ไม่ระบุชื่อ) เมืองยะลา,21,SWbW,หรดีค่อนประจิม,236.25,,— ว่าง —,,,,,,
south-facilities:9501/5,ด่านตรวจ (ไม่ระบุชื่อ) เมืองยะลา,22,WSW,ประจิม-หรดี,247.5,south-facilities:9505,โรงพยาบาล (ไม่ระบุชื่อ) ยะหา,โรงพยาบาล,17.462,20.098,1.151,0.024831540647394512,59.737005230787936
south-facilities:9501/5,ด่านตรวจ (ไม่ระบุชื่อ) เมืองยะลา,23,WbS,ประจิมค่อนใต้,258.75,,— ว่าง —,,,,,,
south-facilities:9501/5,ด่านตรวจ (ไม่ระบุชื่อ) เมืองยะลา,24,W,ประจิม (ตะวันตก),270.0,,— ว่าง —,,,,,,
south-facilities:9501/5,ด่านตรวจ (ไม่ระบุชื่อ) เมืองยะลา,25,WbN,ประจิมค่อนเหนือ,281.25,,— ว่าง —,,,,,,
south-facilities:9501/5,ด่านตรวจ (ไม่ระบุชื่อ) เมืองยะลา,26,WNW,ประจิม-พายัพ,292.5,,— ว่าง —,,,,,,
south-facilities:9501/5,ด่านตรวจ (ไม่ระบุชื่อ) เมืองยะลา,27,NWbW,พายัพค่อนประจิม,303.75,,— ว่าง —,,,,,,
south-facilities:9501/5,ด่านตรวจ (ไม่ระบุชื่อ) เมืองยะลา,28,NW,พายัพ (ตต.เฉียงเหนือ),315.0,,— ว่าง —,,,,,,
south-facilities:9501/5,ด่านตรวจ (ไม่ระบุชื่อ) เมืองยะลา,29,NWbN,พายัพค่อนเหนือ,326.25,,— ว่าง —,,,,,,
south-facilities:9501/5,ด่านตรวจ (ไม่ระบุชื่อ) เมืองยะลา,30,NNW,เหนือ-พายัพ,337.5,,— ว่าง —,,,,,,
south-facilities:9501/5,ด่านตรวจ (ไม่ระบุชื่อ) เมืองยะลา,31,NbW,เหนือค่อนประจิม,348.75,south-facilities:9412,โรงพยาบาล โรงพยาบาลแม่ลาน,โรงพยาบาล,12.141,15.242,1.255,0.024831540647394512,87.77848466069065
south-facilities:9501/6,โรงพยาบาล โรงพยาบาลสิโรรส,0,N,อุดร (เหนือ),0.0,south-facilities:9410/6,สถานีตำรวจ จุดตรวจทหารพราน,สถานีตำรวจ,17.843,19.325,1.083,77.19268725088556,19.91319501737795
south-facilities:9501/6,โรงพยาบาล โรงพยาบาลสิโรรส,1,NbE,เหนือค่อนอีสาน,11.25,south-facilities:9410/3,สถานีตำรวจ จุดตรวจทหารพราน,สถานีตำรวจ,9.207,9.99,1.085,77.19268725088556,82.80603665022818
south-facilities:9501/6,โรงพยาบาล โรงพยาบาลสิโรรส,2,NNE,เหนือ-อีสาน,22.5,south-facilities:9410/2,สถานีตำรวจ จุดตรวจทหารพราน,สถานีตำรวจ,5.245,5.716,1.09,77.19268725088556,12.209983621104518
south-facilities:9501/6,โรงพยาบาล โรงพยาบาลสิโรรส,3,NEbN,อีสานค่อนเหนือ,33.75,south-facilities:9405/4,โรงพยาบาล โรงพยาบาลมายอ,โรงพยาบาล,24.2,29.441,1.217,77.19268725088556,80.34645464891182
south-facilities:9501/6,โรงพยาบาล โรงพยาบาลสิโรรส,4,NE,อีสาน (ตอ.เฉียงเหนือ),45.0,,— ว่าง —,,,,,,
south-facilities:9501/6,โรงพยาบาล โรงพยาบาลสิโรรส,5,NEbE,อีสานค่อนบูรพา,56.25,,— ว่าง —,,,,,,
south-facilities:9501/6,โรงพยาบาล โรงพยาบาลสิโรรส,6,ENE,บูรพา-อีสาน,67.5,south-facilities:9406,รพ.สต./สถานีอนามัย โรงพยาบาลส่งเสริมสุขภาพตำบล ทุ่งยางแดง,รพ.สต./สถานีอนามัย,18.03,22.404,1.243,77.19268725088556,84.1360683896038
south-facilities:9501/6,โรงพยาบาล โรงพยาบาลสิโรรส,7,EbN,บูรพาค่อนเหนือ,78.75,south-facilities:9501/3,ด่านตรวจ (ไม่ระบุชื่อ) เมืองยะลา,ด่านตรวจ,4.274,6.747,1.579,77.19268725088556,0.059542925352901066
south-facilities:9501/6,โรงพยาบาล โรงพยาบาลสิโรรส,8,E,บูรพา (ตะวันออก),90.0,south-facilities:9506/2,ด่านตรวจ (ไม่ระบุชื่อ) รามัน,ด่านตรวจ,11.028,16.39,1.486,77.19268725088556,0.022238985381478615
south-facilities:9501/6,โรงพยาบาล โรงพยาบาลสิโรรส,9,EbS,บูรพาค่อนใต้,101.25,,— ว่าง —,,,,,,
south-facilities:9501/6,โรงพยาบาล โรงพยาบาลสิโรรส,10,ESE,บูรพา-อาคเนย์,112.5,south-facilities:9506/3,สถานีตำรวจ สถานีภูธรจะว๊ะ,สถานีตำรวจ,24.82,32.692,1.317,77.19268725088556,39.13537912524573
south-facilities:9501/6,โรงพยาบาล โรงพยาบาลสิโรรส,11,SEbE,อาคเนย์ค่อนบูรพา,123.75,south-facilities:9501/12,สถานีดับเพลิง (ไม่ระบุชื่อ) เมืองยะลา,สถานีดับเพลิง,3.834,4.544,1.185,77.19268725088556,71.10550439130981
south-facilities:9501/6,โรงพยาบาล โรงพยาบาลสิโรรส,12,SE,อาคเนย์ (ตอ.เฉียงใต้),135.0,south-facilities:9501/8,สถานีตำรวจ กองกำกับการตำรวจตระเวนชายแดนที่44,สถานีตำรวจ,6.544,7.463,1.141,77.19268725088556,474.45519174138866
south-facilities:9501/6,โรงพยาบาล โรงพยาบาลสิโรรส,13,SEbS,อาคเนย์ค่อนใต้,146.25,,— ว่าง —,,,,,,
south-facilities:9501/6,โรงพยาบาล โรงพยาบาลสิโรรส,14,SSE,ใต้-อาคเนย์,157.5,,— ว่าง —,,,,,,
south-facilities:9501/6,โรงพยาบาล โรงพยาบาลสิโรรส,15,SbE,ใต้ค่อนบูรพา,168.75,south-facilities:9501/9,สถานีตำรวจ ศูนย์ฝึกอบรมตํารวจภูธรภาค 9,สถานีตำรวจ,2.064,2.601,1.26,77.19268725088556,261.2918540708926
south-facilities:9501/6,โรงพยาบาล โรงพยาบาลสิโรรส,16,S,ทักษิณ (ใต้),180.0,south-facilities:9501,สถานีตำรวจ สถานีตำรวจภูธรเมืองยะลา,สถานีตำรวจ,1.012,1.878,1.855,77.19268725088556,60.428234267877144
south-facilities:9501/6,โรงพยาบาล โรงพยาบาลสิโรรส,17,SbW,ใต้ค่อนประจิม,191.25,south-facilities:9501/10,โรงพยาบาล โรงพยาบาลยะลา,โรงพยาบาล,0.556,1.283,2.308,77.19268725088556,168.43254656066802
south-facilities:9501/6,โรงพยาบาล โรงพยาบาลสิโรรส,18,SSW,ใต้-หรดี,202.5,,— ว่าง —,,,,,,
south-facilities:9501/6,โรงพยาบาล โรงพยาบาลสิโรรส,19,SWbS,หรดีค่อนใต้,213.75,south-facilities:9501/2,โรงพยาบาล โรงพยาบาลยะลา,โรงพยาบาล,0.499,0.916,1.834,77.19268725088556,47.18050222608461
south-facilities:9501/6,โรงพยาบาล โรงพยาบาลสิโรรส,20,SW,หรดี (ตต.เฉียงใต้),225.0,,— ว่าง —,,,,,,
south-facilities:9501/6,โรงพยาบาล โรงพยาบาลสิโรรส,21,SWbW,หรดีค่อนประจิม,236.25,,— ว่าง —,,,,,,
south-facilities:9501/6,โรงพยาบาล โรงพยาบาลสิโรรส,22,WSW,ประจิม-หรดี,247.5,south-facilities:9505,โรงพยาบาล (ไม่ระบุชื่อ) ยะหา,โรงพยาบาล,18.529,21.714,1.172,77.19268725088556,59.737005230787936
south-facilities:9501/6,โรงพยาบาล โรงพยาบาลสิโรรส,23,WbS,ประจิมค่อนใต้,258.75,,— ว่าง —,,,,,,
south-facilities:9501/6,โรงพยาบาล โรงพยาบาลสิโรรส,24,W,ประจิม (ตะวันตก),270.0,south-facilities:9501/4,ด่านตรวจ (ไม่ระบุชื่อ) เมืองยะลา,ด่านตรวจ,1.218,2.056,1.688,77.19268725088556,0.06472538175885302
south-facilities:9501/6,โรงพยาบาล โรงพยาบาลสิโรรส,25,WbN,ประจิมค่อนเหนือ,281.25,south-facilities:9501/5,ด่านตรวจ (ไม่ระบุชื่อ) เมืองยะลา,ด่านตรวจ,1.218,3.22,2.643,77.19268725088556,0.024831540647394512
south-facilities:9501/6,โรงพยาบาล โรงพยาบาลสิโรรส,26,WNW,ประจิม-พายัพ,292.5,,— ว่าง —,,,,,,
south-facilities:9501/6,โรงพยาบาล โรงพยาบาลสิโรรส,27,NWbW,พายัพค่อนประจิม,303.75,,— ว่าง —,,,,,,
south-facilities:9501/6,โรงพยาบาล โรงพยาบาลสิโรรส,28,NW,พายัพ (ตต.เฉียงเหนือ),315.0,,— ว่าง —,,,,,,
south-facilities:9501/6,โรงพยาบาล โรงพยาบาลสิโรรส,29,NWbN,พายัพค่อนเหนือ,326.25,,— ว่าง —,,,,,,
south-facilities:9501/6,โรงพยาบาล โรงพยาบาลสิโรรส,30,NNW,เหนือ-พายัพ,337.5,south-facilities:9412,โรงพยาบาล โรงพยาบาลแม่ลาน,โรงพยาบาล,12.615,16.858,1.336,77.19268725088556,87.77848466069065
south-facilities:9501/6,โรงพยาบาล โรงพยาบาลสิโรรส,31,NbW,เหนือค่อนประจิม,348.75,,— ว่าง —,,,,,,
south-facilities:9501/7,ด่านตรวจ (ไม่ระบุชื่อ) เมืองยะลา,0,N,อุดร (เหนือ),0.0,,— ว่าง —,,,,,,
south-facilities:9501/7,ด่านตรวจ (ไม่ระบุชื่อ) เมืองยะลา,1,NbE,เหนือค่อนอีสาน,11.25,south-facilities:9410/7,ด่านตรวจ (ไม่ระบุชื่อ) ยะรัง,ด่านตรวจ,21.245,30.573,1.439,0.055466863256468886,0.049452655347264105
south-facilities:9501/7,ด่านตรวจ (ไม่ระบุชื่อ) เมืองยะลา,2,NNE,เหนือ-อีสาน,22.5,,— ว่าง —,,,,,,
south-facilities:9501/7,ด่านตรวจ (ไม่ระบุชื่อ) เมืองยะลา,3,NEbN,อีสานค่อนเหนือ,33.75,south-facilities:9405/4,โรงพยาบาล โรงพยาบาลมายอ,โรงพยาบาล,21.365,27.855,1.304,0.055466863256468886,80.34645464891182
south-facilities:9501/7,ด่านตรวจ (ไม่ระบุชื่อ) เมืองยะลา,4,NE,อีสาน (ตอ.เฉียงเหนือ),45.0,,— ว่าง —,,,,,,
south-facilities:9501/7,ด่านตรวจ (ไม่ระบุชื่อ) เมืองยะลา,5,NEbE,อีสานค่อนบูรพา,56.25,south-facilities:9406,รพ.สต./สถานีอนามัย โรงพยาบาลส่งเสริมสุขภาพตำบล ทุ่งยางแดง,รพ.สต./สถานีอนามัย,14.024,16.703,1.191,0.055466863256468886,84.1360683896038
south-facilities:9501/7,ด่านตรวจ (ไม่ระบุชื่อ) เมืองยะลา,6,ENE,บูรพา-อีสาน,67.5,,— ว่าง —,,,,,,
south-facilities:9501/7,ด่านตรวจ (ไม่ระบุชื่อ) เมืองยะลา,7,EbN,บูรพาค่อนเหนือ,78.75,,— ว่าง —,,,,,,
south-facilities:9501/7,ด่านตรวจ (ไม่ระบุชื่อ) เมืองยะลา,8,E,บูรพา (ตะวันออก),90.0,south-facilities:9506/2,ด่านตรวจ (ไม่ระบุชื่อ) รามัน,ด่านตรวจ,6.777,10.689,1.577,0.055466863256468886,0.022238985381478615
south-facilities:9501/7,ด่านตรวจ (ไม่ระบุชื่อ) เมืองยะลา,9,EbS,บูรพาค่อนใต้,101.25,,— ว่าง —,,,,,,
south-facilities:9501/7,ด่านตรวจ (ไม่ระบุชื่อ) เมืองยะลา,10,ESE,บูรพา-อาคเนย์,112.5,south-facilities:9506/3,สถานีตำรวจ สถานีภูธรจะว๊ะ,สถานีตำรวจ,21.085,33.892,1.607,0.055466863256468886,39.13537912524573
south-facilities:9501/7,ด่านตรวจ (ไม่ระบุชื่อ) เมืองยะลา,11,SEbE,อาคเนย์ค่อนบูรพา,123.75,south-facilities:9606/7,โรงพยาบาล (ไม่ระบุชื่อ) รือเสาะ,โรงพยาบาล,24.647,39.406,1.599,0.055466863256468886,31.00652475052335
south-facilities:9501/7,ด่านตรวจ (ไม่ระบุชื่อ) เมืองยะลา,12,SE,อาคเนย์ (ตอ.เฉียงใต้),135.0,south-facilities:9506/4,โรงพยาบาล โรงพยาบาลรามัน,โรงพยาบาล,14.308,27.4,1.915,0.055466863256468886,45.37929517289792
south-facilities:9501/7,ด่านตรวจ (ไม่ระบุชื่อ) เมืองยะลา,13,SEbS,อาคเนย์ค่อนใต้,146.25,,— ว่าง —,,,,,,
south-facilities:9501/7,ด่านตรวจ (ไม่ระบุชื่อ) เมืองยะลา,14,SSE,ใต้-อาคเนย์,157.5,,— ว่าง —,,,,,,
south-facilities:9501/7,ด่านตรวจ (ไม่ระบุชื่อ) เมืองยะลา,15,SbE,ใต้ค่อนบูรพา,168.75,,— ว่าง —,,,,,,
south-facilities:9501/7,ด่านตรวจ (ไม่ระบุชื่อ) เมืองยะลา,16,S,ทักษิณ (ใต้),180.0,south-facilities:9501/3,ด่านตรวจ (ไม่ระบุชื่อ) เมืองยะลา,ด่านตรวจ,0.014,1.046,77.072,0.055466863256468886,0.059542925352901066
south-facilities:9501/7,ด่านตรวจ (ไม่ระบุชื่อ) เมืองยะลา,17,SbW,ใต้ค่อนประจิม,191.25,,— ว่าง —,,,,,,
south-facilities:9501/7,ด่านตรวจ (ไม่ระบุชื่อ) เมืองยะลา,18,SSW,ใต้-หรดี,202.5,south-facilities:9501/12,สถานีดับเพลิง (ไม่ระบุชื่อ) เมืองยะลา,สถานีดับเพลิง,2.548,5.08,1.994,0.055466863256468886,71.10550439130981
south-facilities:9501/7,ด่านตรวจ (ไม่ระบุชื่อ) เมืองยะลา,19,SWbS,หรดีค่อนใต้,213.75,,— ว่าง —,,,,,,
south-facilities:9501/7,ด่านตรวจ (ไม่ระบุชื่อ) เมืองยะลา,20,SW,หรดี (ตต.เฉียงใต้),225.0,south-facilities:9501/11,สถานีตำรวจ กองร้อย ๕ กองกำกับการตำรวจตระเวนชายแดน ๙,สถานีตำรวจ,5.804,9.308,1.604,0.055466863256468886,179.81077995896513
south-facilities:9501/7,ด่านตรวจ (ไม่ระบุชื่อ) เมืองยะลา,21,SWbW,หรดีค่อนประจิม,236.25,south-facilities:9501/9,สถานีตำรวจ ศูนย์ฝึกอบรมตํารวจภูธรภาค 9,สถานีตำรวจ,4.767,7.417,1.556,0.055466863256468886,261.2918540708926
south-facilities:9501/7,ด่านตรวจ (ไม่ระบุชื่อ) เมืองยะลา,22,WSW,ประจิม-หรดี,247.5,south-facilities:9501,สถานีตำรวจ สถานีตำรวจภูธรเมืองยะลา,สถานีตำรวจ,4.425,6.954,1.571,0.055466863256468886,60.428234267877144
south-facilities:9501/7,ด่านตรวจ (ไม่ระบุชื่อ) เมืองยะลา,23,WbS,ประจิมค่อนใต้,258.75,south-facilities:9501/6,โรงพยาบาล โรงพยาบาลสิโรรส,โรงพยาบาล,4.274,6.645,1.555,0.055466863256468886,77.19268725088556
south-facilities:9501/7,ด่านตรวจ (ไม่ระบุชื่อ) เมืองยะลา,24,W,ประจิม (ตะวันตก),270.0,south-facilities:9501/5,ด่านตรวจ (ไม่ระบุชื่อ) เมืองยะลา,ด่านตรวจ,5.47,9.267,1.694,0.055466863256468886,0.024831540647394512
south-facilities:9501/7,ด่านตรวจ (ไม่ระบุชื่อ) เมืองยะลา,25,WbN,ประจิมค่อนเหนือ,281.25,,— ว่าง —,,,,,,
south-facilities:9501/7,ด่านตรวจ (ไม่ระบุชื่อ) เมืองยะลา,26,WNW,ประจิม-พายัพ,292.5,,— ว่าง —,,,,,,
south-facilities:9501/7,ด่านตรวจ (ไม่ระบุชื่อ) เมืองยะลา,27,NWbW,พายัพค่อนประจิม,303.75,,— ว่าง —,,,,,,
south-facilities:9501/7,ด่านตรวจ (ไม่ระบุชื่อ) เมืองยะลา,28,NW,พายัพ (ตต.เฉียงเหนือ),315.0,,— ว่าง —,,,,,,
south-facilities:9501/7,ด่านตรวจ (ไม่ระบุชื่อ) เมืองยะลา,29,NWbN,พายัพค่อนเหนือ,326.25,south-facilities:9412,โรงพยาบาล โรงพยาบาลแม่ลาน,โรงพยาบาล,14.193,22.905,1.614,0.055466863256468886,87.77848466069065
south-facilities:9501/7,ด่านตรวจ (ไม่ระบุชื่อ) เมืองยะลา,30,NNW,เหนือ-พายัพ,337.5,south-facilities:9410/2,สถานีตำรวจ จุดตรวจทหารพราน,สถานีตำรวจ,4.672,8.897,1.904,0.055466863256468886,12.209983621104518
south-facilities:9501/7,ด่านตรวจ (ไม่ระบุชื่อ) เมืองยะลา,31,NbW,เหนือค่อนประจิม,348.75,south-facilities:9410/3,สถานีตำรวจ จุดตรวจทหารพราน,สถานีตำรวจ,8.576,12.565,1.465,0.055466863256468886,82.80603665022818
south-facilities:9501/8,สถานีตำรวจ กองกำกับการตำรวจตระเวนชายแดนที่44,0,N,อุดร (เหนือ),0.0,south-facilities:9501/3,ด่านตรวจ (ไม่ระบุชื่อ) เมืองยะลา,ด่านตรวจ,5.047,8.012,1.587,474.45519174138866,0.059542925352901066
south-facilities:9501/8,สถานีตำรวจ กองกำกับการตำรวจตระเวนชายแดนที่44,1,NbE,เหนือค่อนอีสาน,11.25,,— ว่าง —,,,,,,
south-facilities:9501/8,สถานีตำรวจ กองกำกับการตำรวจตระเวนชายแดนที่44,2,NNE,เหนือ-อีสาน,22.5,,— ว่าง —,,,,,,
south-facilities:9501/8,สถานีตำรวจ กองกำกับการตำรวจตระเวนชายแดนที่44,3,NEbN,อีสานค่อนเหนือ,33.75,,— ว่าง —,,,,,,
south-facilities:9501/8,สถานีตำรวจ กองกำกับการตำรวจตระเวนชายแดนที่44,4,NE,อีสาน (ตอ.เฉียงเหนือ),45.0,south-facilities:9406,รพ.สต./สถานีอนามัย โรงพยาบาลส่งเสริมสุขภาพตำบล ทุ่งยางแดง,รพ.สต./สถานีอนามัย,16.779,23.425,1.396,474.45519174138866,84.1360683896038
south-facilities:9501/8,สถานีตำรวจ กองกำกับการตำรวจตระเวนชายแดนที่44,5,NEbE,อีสานค่อนบูรพา,56.25,south-facilities:9506/2,ด่านตรวจ (ไม่ระบุชื่อ) รามัน,ด่านตรวจ,8.008,13.493,1.685,474.45519174138866,0.022238985381478615
south-facilities:9501/8,สถานีตำรวจ กองกำกับการตำรวจตระเวนชายแดนที่44,6,ENE,บูรพา-อีสาน,67.5,,— ว่าง —,,,,,,
south-facilities:9501/8,สถานีตำรวจ กองกำกับการตำรวจตระเวนชายแดนที่44,7,EbN,บูรพาค่อนเหนือ,78.75,,— ว่าง —,,,,,,
south-facilities:9501/8,สถานีตำรวจ กองกำกับการตำรวจตระเวนชายแดนที่44,8,E,บูรพา (ตะวันออก),90.0,,— ว่าง —,,,,,,
south-facilities:9501/8,สถานีตำรวจ กองกำกับการตำรวจตระเวนชายแดนที่44,9,EbS,บูรพาค่อนใต้,101.25,south-facilities:9506/3,สถานีตำรวจ สถานีภูธรจะว๊ะ,สถานีตำรวจ,19.033,25.893,1.36,474.45519174138866,39.13537912524573
south-facilities:9501/8,สถานีตำรวจ กองกำกับการตำรวจตระเวนชายแดนที่44,10,ESE,บูรพา-อาคเนย์,112.5,south-facilities:9506/4,โรงพยาบาล โรงพยาบาลรามัน,โรงพยาบาล,11.354,19.4,1.709,474.45519174138866,45.37929517289792
south-facilities:9501/8,สถานีตำรวจ กองกำกับการตำรวจตระเวนชายแดนที่44,11,SEbE,อาคเนย์ค่อนบูรพา,123.75,south-facilities:9606/5,ด่านตรวจ (ไม่ระบุชื่อ) รือเสาะ,ด่านตรวจ,24.884,35.445,1.424,474.45519174138866,0.045577771105559106
south-facilities:9501/8,สถานีตำรวจ กองกำกับการตำรวจตระเวนชายแดนที่44,12,SE,อาคเนย์ (ตอ.เฉียงใต้),135.0,,— ว่าง —,,,,,,
south-facilities:9501/8,สถานีตำรวจ กองกำกับการตำรวจตระเวนชายแดนที่44,13,SEbS,อาคเนย์ค่อนใต้,146.25,,— ว่าง —,,,,,,
south-facilities:9501/8,สถานีตำรวจ กองกำกับการตำรวจตระเวนชายแดนที่44,14,SSE,ใต้-อาคเนย์,157.5,,— ว่าง —,,,,,,
south-facilities:9501/8,สถานีตำรวจ กองกำกับการตำรวจตระเวนชายแดนที่44,15,SbE,ใต้ค่อนบูรพา,168.75,,— ว่าง —,,,,,,
south-facilities:9501/8,สถานีตำรวจ กองกำกับการตำรวจตระเวนชายแดนที่44,16,S,ทักษิณ (ใต้),180.0,,— ว่าง —,,,,,,
south-facilities:9501/8,สถานีตำรวจ กองกำกับการตำรวจตระเวนชายแดนที่44,17,SbW,ใต้ค่อนประจิม,191.25,,— ว่าง —,,,,,,
south-facilities:9501/8,สถานีตำรวจ กองกำกับการตำรวจตระเวนชายแดนที่44,18,SSW,ใต้-หรดี,202.5,,— ว่าง —,,,,,,
south-facilities:9501/8,สถานีตำรวจ กองกำกับการตำรวจตระเวนชายแดนที่44,19,SWbS,หรดีค่อนใต้,213.75,,— ว่าง —,,,,,,
south-facilities:9501/8,สถานีตำรวจ กองกำกับการตำรวจตระเวนชายแดนที่44,20,SW,หรดี (ตต.เฉียงใต้),225.0,,— ว่าง —,,,,,,
south-facilities:9501/8,สถานีตำรวจ กองกำกับการตำรวจตระเวนชายแดนที่44,21,SWbW,หรดีค่อนประจิม,236.25,,— ว่าง —,,,,,,
south-facilities:9501/8,สถานีตำรวจ กองกำกับการตำรวจตระเวนชายแดนที่44,22,WSW,ประจิม-หรดี,247.5,,— ว่าง —,,,,,,
south-facilities:9501/8,สถานีตำรวจ กองกำกับการตำรวจตระเวนชายแดนที่44,23,WbS,ประจิมค่อนใต้,258.75,south-facilities:9505,โรงพยาบาล (ไม่ระบุชื่อ) ยะหา,โรงพยาบาล,22.024,28.497,1.294,474.45519174138866,59.737005230787936
south-facilities:9501/8,สถานีตำรวจ กองกำกับการตำรวจตระเวนชายแดนที่44,24,W,ประจิม (ตะวันตก),270.0,,— ว่าง —,,,,,,
south-facilities:9501/8,สถานีตำรวจ กองกำกับการตำรวจตระเวนชายแดนที่44,25,WbN,ประจิมค่อนเหนือ,281.25,south-facilities:9501/11,สถานีตำรวจ กองร้อย ๕ กองกำกับการตำรวจตระเวนชายแดน ๙,สถานีตำรวจ,4.957,8.542,1.723,474.45519174138866,179.81077995896513
south-facilities:9501/8,สถานีตำรวจ กองกำกับการตำรวจตระเวนชายแดนที่44,26,WNW,ประจิม-พายัพ,292.5,,— ว่าง —,,,,,,
south-facilities:9501/8,สถานีตำรวจ กองกำกับการตำรวจตระเวนชายแดนที่44,27,NWbW,พายัพค่อนประจิม,303.75,south-facilities:9501/9,สถานีตำรวจ ศูนย์ฝึกอบรมตํารวจภูธรภาค 9,สถานีตำรวจ,5.137,7.515,1.463,474.45519174138866,261.2918540708926
south-facilities:9501/8,สถานีตำรวจ กองกำกับการตำรวจตระเวนชายแดนที่44,28,NW,พายัพ (ตต.เฉียงเหนือ),315.0,south-facilities:9501/10,โรงพยาบาล โรงพยาบาลยะลา,โรงพยาบาล,6.306,7.543,1.196,474.45519174138866,168.43254656066802
south-facilities:9501/8,สถานีตำรวจ กองกำกับการตำรวจตระเวนชายแดนที่44,29,NWbN,พายัพค่อนเหนือ,326.25,south-facilities:9412,โรงพยาบาล โรงพยาบาลแม่ลาน,โรงพยาบาล,18.701,23.641,1.264,474.45519174138866,87.77848466069065
south-facilities:9501/8,สถานีตำรวจ กองกำกับการตำรวจตระเวนชายแดนที่44,30,NNW,เหนือ-พายัพ,337.5,south-facilities:9501/12,สถานีดับเพลิง (ไม่ระบุชื่อ) เมืองยะลา,สถานีดับเพลิง,2.991,2.919,0.976,474.45519174138866,71.10550439130981
south-facilities:9501/8,สถานีตำรวจ กองกำกับการตำรวจตระเวนชายแดนที่44,31,NbW,เหนือค่อนประจิม,348.75,south-facilities:9410/2,สถานีตำรวจ จุดตรวจทหารพราน,สถานีตำรวจ,9.589,10.978,1.145,474.45519174138866,12.209983621104518
south-facilities:9501/9,สถานีตำรวจ ศูนย์ฝึกอบรมตํารวจภูธรภาค 9,0,N,อุดร (เหนือ),0.0,south-facilities:9410/6,สถานีตำรวจ จุดตรวจทหารพราน,สถานีตำรวจ,19.88,21.332,1.073,261.2918540708926,19.91319501737795
south-facilities:9501/9,สถานีตำรวจ ศูนย์ฝึกอบรมตํารวจภูธรภาค 9,1,NbE,เหนือค่อนอีสาน,11.25,south-facilities:9410/3,สถานีตำรวจ จุดตรวจทหารพราน,สถานีตำรวจ,11.155,11.998,1.076,261.2918540708926,82.80603665022818
south-facilities:9501/9,สถานีตำรวจ ศูนย์ฝึกอบรมตํารวจภูธรภาค 9,2,NNE,เหนือ-อีสาน,22.5,south-facilities:9410/2,สถานีตำรวจ จุดตรวจทหารพราน,สถานีตำรวจ,7.086,7.723,1.09,261.2918540708926,12.209983621104518
south-facilities:9501/9,สถานีตำรวจ ศูนย์ฝึกอบรมตํารวจภูธรภาค 9,3,NEbN,อีสานค่อนเหนือ,33.75,,— ว่าง —,,,,,,
south-facilities:9501/9,สถานีตำรวจ ศูนย์ฝึกอบรมตํารวจภูธรภาค 9,4,NE,อีสาน (ตอ.เฉียงเหนือ),45.0,,— ว่าง —,,,,,,
south-facilities:9501/9,สถานีตำรวจ ศูนย์ฝึกอบรมตํารวจภูธรภาค 9,5,NEbE,อีสานค่อนบูรพา,56.25,south-facilities:9501/3,ด่านตรวจ (ไม่ระบุชื่อ) เมืองยะลา,ด่านตรวจ,4.761,7.414,1.557,261.2918540708926,0.059542925352901066
south-facilities:9501/9,สถานีตำรวจ ศูนย์ฝึกอบรมตํารวจภูธรภาค 9,6,ENE,บูรพา-อีสาน,67.5,,— ว่าง —,,,,,,
south-facilities:9501/9,สถานีตำรวจ ศูนย์ฝึกอบรมตํารวจภูธรภาค 9,7,EbN,บูรพาค่อนเหนือ,78.75,south-facilities:9506/2,ด่านตรวจ (ไม่ระบุชื่อ) รามัน,ด่านตรวจ,11.076,17.057,1.54,261.2918540708926,0.022238985381478615
south-facilities:9501/9,สถานีตำรวจ ศูนย์ฝึกอบรมตํารวจภูธรภาค 9,8,E,บูรพา (ตะวันออก),90.0,south-facilities:9501/12,สถานีดับเพลิง (ไม่ระบุชื่อ) เมืองยะลา,สถานีดับเพลิง,3.127,4.596,1.47,261.2918540708926,71.10550439130981
south-facilities:9501/9,สถานีตำรวจ ศูนย์ฝึกอบรมตํารวจภูธรภาค 9,9,EbS,บูรพาค่อนใต้,101.25,south-facilities:9506/3,สถานีตำรวจ สถานีภูธรจะว๊ะ,สถานีตำรวจ,23.989,30.458,1.27,261.2918540708926,39.13537912524573
south-facilities:9501/9,สถานีตำรวจ ศูนย์ฝึกอบรมตํารวจภูธรภาค 9,10,ESE,บูรพา-อาคเนย์,112.5,south-facilities:9506/4,โรงพยาบาล โรงพยาบาลรามัน,โรงพยาบาล,16.453,23.966,1.457,261.2918540708926,45.37929517289792
south-facilities:9501/9,สถานีตำรวจ ศูนย์ฝึกอบรมตํารวจภูธรภาค 9,11,SEbE,อาคเนย์ค่อนบูรพา,123.75,south-facilities:9501/8,สถานีตำรวจ กองกำกับการตำรวจตระเวนชายแดนที่44,สถานีตำรวจ,5.137,7.515,1.463,261.2918540708926,474.45519174138866
south-facilities:9501/9,สถานีตำรวจ ศูนย์ฝึกอบรมตํารวจภูธรภาค 9,12,SE,อาคเนย์ (ตอ.เฉียงใต้),135.0,,— ว่าง —,,,,,,
south-facilities:9501/9,สถานีตำรวจ ศูนย์ฝึกอบรมตํารวจภูธรภาค 9,13,SEbS,อาคเนย์ค่อนใต้,146.25,,— ว่าง —,,,,,,
south-facilities:9501/9,สถานีตำรวจ ศูนย์ฝึกอบรมตํารวจภูธรภาค 9,14,SSE,ใต้-อาคเนย์,157.5,,— ว่าง —,,,,,,
south-facilities:9501/9,สถานีตำรวจ ศูนย์ฝึกอบรมตํารวจภูธรภาค 9,15,SbE,ใต้ค่อนบูรพา,168.75,,— ว่าง —,,,,,,
south-facilities:9501/9,สถานีตำรวจ ศูนย์ฝึกอบรมตํารวจภูธรภาค 9,16,S,ทักษิณ (ใต้),180.0,,— ว่าง —,,,,,,
south-facilities:9501/9,สถานีตำรวจ ศูนย์ฝึกอบรมตํารวจภูธรภาค 9,17,SbW,ใต้ค่อนประจิม,191.25,south-facilities:9501/11,สถานีตำรวจ กองร้อย ๕ กองกำกับการตำรวจตระเวนชายแดน ๙,สถานีตำรวจ,1.335,2.79,2.09,261.2918540708926,179.81077995896513
south-facilities:9501/9,สถานีตำรวจ ศูนย์ฝึกอบรมตํารวจภูธรภาค 9,18,SSW,ใต้-หรดี,202.5,,— ว่าง —,,,,,,
south-facilities:9501/9,สถานีตำรวจ ศูนย์ฝึกอบรมตํารวจภูธรภาค 9,19,SWbS,หรดีค่อนใต้,213.75,,— ว่าง —,,,,,,
south-facilities:9501/9,สถานีตำรวจ ศูนย์ฝึกอบรมตํารวจภูธรภาค 9,20,SW,หรดี (ตต.เฉียงใต้),225.0,,— ว่าง —,,,,,,
south-facilities:9501/9,สถานีตำรวจ ศูนย์ฝึกอบรมตํารวจภูธรภาค 9,21,SWbW,หรดีค่อนประจิม,236.25,,— ว่าง —,,,,,,
south-facilities:9501/9,สถานีตำรวจ ศูนย์ฝึกอบรมตํารวจภูธรภาค 9,22,WSW,ประจิม-หรดี,247.5,,— ว่าง —,,,,,,
south-facilities:9501/9,สถานีตำรวจ ศูนย์ฝึกอบรมตํารวจภูธรภาค 9,23,WbS,ประจิมค่อนใต้,258.75,south-facilities:9505,โรงพยาบาล (ไม่ระบุชื่อ) ยะหา,โรงพยาบาล,18.072,22.017,1.218,261.2918540708926,59.737005230787936
south-facilities:9501/9,สถานีตำรวจ ศูนย์ฝึกอบรมตํารวจภูธรภาค 9,24,W,ประจิม (ตะวันตก),270.0,,— ว่าง —,,,,,,
south-facilities:9501/9,สถานีตำรวจ ศูนย์ฝึกอบรมตํารวจภูธรภาค 9,25,WbN,ประจิมค่อนเหนือ,281.25,,— ว่าง —,,,,,,
south-facilities:9501/9,สถานีตำรวจ ศูนย์ฝึกอบรมตํารวจภูธรภาค 9,26,WNW,ประจิม-พายัพ,292.5,,— ว่าง —,,,,,,
south-facilities:9501/9,สถานีตำรวจ ศูนย์ฝึกอบรมตํารวจภูธรภาค 9,27,NWbW,พายัพค่อนประจิม,303.75,,— ว่าง —,,,,,,
south-facilities:9501/9,สถานีตำรวจ ศูนย์ฝึกอบรมตํารวจภูธรภาค 9,28,NW,พายัพ (ตต.เฉียงเหนือ),315.0,,— ว่าง —,,,,,,
south-facilities:9501/9,สถานีตำรวจ ศูนย์ฝึกอบรมตํารวจภูธรภาค 9,29,NWbN,พายัพค่อนเหนือ,326.25,south-facilities:9501/4,ด่านตรวจ (ไม่ระบุชื่อ) เมืองยะลา,ด่านตรวจ,2.589,2.831,1.094,261.2918540708926,0.06472538175885302
south-facilities:9501/9,สถานีตำรวจ ศูนย์ฝึกอบรมตํารวจภูธรภาค 9,30,NNW,เหนือ-พายัพ,337.5,south-facilities:9501/2,โรงพยาบาล โรงพยาบาลยะลา,โรงพยาบาล,1.745,2.196,1.258,261.2918540708926,47.18050222608461
south-facilities:9501/9,สถานีตำรวจ ศูนย์ฝึกอบรมตํารวจภูธรภาค 9,31,NbW,เหนือค่อนประจิม,348.75,south-facilities:9501,สถานีตำรวจ สถานีตำรวจภูธรเมืองยะลา,สถานีตำรวจ,1.053,1.039,0.987,261.2918540708926,60.428234267877144
south-facilities:9501/10,โรงพยาบาล โรงพยาบาลยะลา,0,N,อุดร (เหนือ),0.0,south-facilities:9410/6,สถานีตำรวจ จุดตรวจทหารพราน,สถานีตำรวจ,18.385,20.229,1.1,168.43254656066802,19.91319501737795
south-facilities:9501/10,โรงพยาบาล โรงพยาบาลยะลา,1,NbE,เหนือค่อนอีสาน,11.25,south-facilities:9501/6,โรงพยาบาล โรงพยาบาลสิโรรส,โรงพยาบาล,0.556,0.905,1.628,168.43254656066802,77.19268725088556
south-facilities:9501/10,โรงพยาบาล โรงพยาบาลยะลา,2,NNE,เหนือ-อีสาน,22.5,south-facilities:9410/2,สถานีตำรวจ จุดตรวจทหารพราน,สถานีตำรวจ,5.795,6.621,1.143,168.43254656066802,12.209983621104518
south-facilities:9501/10,โรงพยาบาล โรงพยาบาลยะลา,3,NEbN,อีสานค่อนเหนือ,33.75,south-facilities:9405/4,โรงพยาบาล โรงพยาบาลมายอ,โรงพยาบาล,24.715,30.346,1.228,168.43254656066802,80.34645464891182
south-facilities:9501/10,โรงพยาบาล โรงพยาบาลยะลา,4,NE,อีสาน (ตอ.เฉียงเหนือ),45.0,,— ว่าง —,,,,,,
south-facilities:9501/10,โรงพยาบาล โรงพยาบาลยะลา,5,NEbE,อีสานค่อนบูรพา,56.25,,— ว่าง —,,,,,,
south-facilities:9501/10,โรงพยาบาล โรงพยาบาลยะลา,6,ENE,บูรพา-อีสาน,67.5,south-facilities:9406,รพ.สต./สถานีอนามัย โรงพยาบาลส่งเสริมสุขภาพตำบล ทุ่งยางแดง,รพ.สต./สถานีอนามัย,18.4,22.927,1.246,168.43254656066802,84.1360683896038
south-facilities:9501/10,โรงพยาบาล โรงพยาบาลยะลา,7,EbN,บูรพาค่อนเหนือ,78.75,south-facilities:9501/3,ด่านตรวจ (ไม่ระบุชื่อ) เมืองยะลา,ด่านตรวจ,4.519,7.27,1.609,168.43254656066802,0.059542925352901066
south-facilities:9501/10,โรงพยาบาล โรงพยาบาลยะลา,8,E,บูรพา (ตะวันออก),90.0,south-facilities:9506/2,ด่านตรวจ (ไม่ระบุชื่อ) รามัน,ด่านตรวจ,11.216,16.913,1.508,168.43254656066802,0.022238985381478615
south-facilities:9501/10,โรงพยาบาล โรงพยาบาลยะลา,9,EbS,บูรพาค่อนใต้,101.25,,— ว่าง —,,,,,,
south-facilities:9501/10,โรงพยาบาล โรงพยาบาลยะลา,10,ESE,บูรพา-อาคเนย์,112.5,south-facilities:9501/12,สถานีดับเพลิง (ไม่ระบุชื่อ) เมืองยะลา,สถานีดับเพลิง,3.749,4.452,1.188,168.43254656066802,71.10550439130981
south-facilities:9501/10,โรงพยาบาล โรงพยาบาลยะลา,11,SEbE,อาคเนย์ค่อนบูรพา,123.75,,— ว่าง —,,,,,,
south-facilities:9501/10,โรงพยาบาล โรงพยาบาลยะลา,12,SE,อาคเนย์ (ตอ.เฉียงใต้),135.0,south-facilities:9501/8,สถานีตำรวจ กองกำกับการตำรวจตระเวนชายแดนที่44,สถานีตำรวจ,6.306,7.372,1.169,168.43254656066802,474.45519174138866
south-facilities:9501/10,โรงพยาบาล โรงพยาบาลยะลา,13,SEbS,อาคเนย์ค่อนใต้,146.25,,— ว่าง —,,,,,,
south-facilities:9501/10,โรงพยาบาล โรงพยาบาลยะลา,14,SSE,ใต้-อาคเนย์,157.5,south-facilities:9501,สถานีตำรวจ สถานีตำรวจภูธรเมืองยะลา,สถานีตำรวจ,0.534,0.595,1.115,168.43254656066802,60.428234267877144
south-facilities:9501/10,โรงพยาบาล โรงพยาบาลยะลา,15,SbE,ใต้ค่อนบูรพา,168.75,south-facilities:9501/9,สถานีตำรวจ ศูนย์ฝึกอบรมตํารวจภูธรภาค 9,สถานีตำรวจ,1.565,1.626,1.038,168.43254656066802,261.2918540708926
south-facilities:9501/10,โรงพยาบาล โรงพยาบาลยะลา,16,S,ทักษิณ (ใต้),180.0,south-facilities:9501/11,สถานีตำรวจ กองร้อย ๕ กองกำกับการตำรวจตระเวนชายแดน ๙,สถานีตำรวจ,2.817,4.416,1.567,168.43254656066802,179.81077995896513
south-facilities:9501/10,โรงพยาบาล โรงพยาบาลยะลา,17,SbW,ใต้ค่อนประจิม,191.25,,— ว่าง —,,,,,,
south-facilities:9501/10,โรงพยาบาล โรงพยาบาลยะลา,18,SSW,ใต้-หรดี,202.5,,— ว่าง —,,,,,,
south-facilities:9501/10,โรงพยาบาล โรงพยาบาลยะลา,19,SWbS,หรดีค่อนใต้,213.75,,— ว่าง —,,,,,,
south-facilities:9501/10,โรงพยาบาล โรงพยาบาลยะลา,20,SW,หรดี (ตต.เฉียงใต้),225.0,,— ว่าง —,,,,,,
south-facilities:9501/10,โรงพยาบาล โรงพยาบาลยะลา,21,SWbW,หรดีค่อนประจิม,236.25,,— ว่าง —,,,,,,
south-facilities:9501/10,โรงพยาบาล โรงพยาบาลยะลา,22,WSW,ประจิม-หรดี,247.5,south-facilities:9505,โรงพยาบาล (ไม่ระบุชื่อ) ยะหา,โรงพยาบาล,18.189,20.953,1.152,168.43254656066802,59.737005230787936
south-facilities:9501/10,โรงพยาบาล โรงพยาบาลยะลา,23,WbS,ประจิมค่อนใต้,258.75,,— ว่าง —,,,,,,
south-facilities:9501/10,โรงพยาบาล โรงพยาบาลยะลา,24,W,ประจิม (ตะวันตก),270.0,,— ว่าง —,,,,,,
south-facilities:9501/10,โรงพยาบาล โรงพยาบาลยะลา,25,WbN,ประจิมค่อนเหนือ,281.25,,— ว่าง —,,,,,,
south-facilities:9501/10,โรงพยาบาล โรงพยาบาลยะลา,26,WNW,ประจิม-พายัพ,292.5,,— ว่าง —,,,,,,
south-facilities:9501/10,โรงพยาบาล โรงพยาบาลยะลา,27,NWbW,พายัพค่อนประจิม,303.75,south-facilities:9501/4,ด่านตรวจ (ไม่ระบุชื่อ) เมืองยะลา,ด่านตรวจ,1.234,1.296,1.05,168.43254656066802,0.06472538175885302
south-facilities:9501/10,โรงพยาบาล โรงพยาบาลยะลา,28,NW,พายัพ (ตต.เฉียงเหนือ),315.0,south-facilities:9501/2,โรงพยาบาล โรงพยาบาลยะลา,โรงพยาบาล,0.211,0.661,3.133,168.43254656066802,47.18050222608461
south-facilities:9501/10,โรงพยาบาล โรงพยาบาลยะลา,29,NWbN,พายัพค่อนเหนือ,326.25,,— ว่าง —,,,,,,
south-facilities:9501/10,โรงพยาบาล โรงพยาบาลยะลา,30,NNW,เหนือ-พายัพ,337.5,south-facilities:9412,โรงพยาบาล โรงพยาบาลแม่ลาน,โรงพยาบาล,13.069,16.098,1.232,168.43254656066802,87.77848466069065
south-facilities:9501/10,โรงพยาบาล โรงพยาบาลยะลา,31,NbW,เหนือค่อนประจิม,348.75,,— ว่าง —,,,,,,
south-facilities:9501/11,สถานีตำรวจ กองร้อย ๕ กองกำกับการตำรวจตระเวนชายแดน ๙,0,N,อุดร (เหนือ),0.0,south-facilities:9501,สถานีตำรวจ สถานีตำรวจภูธรเมืองยะลา,สถานีตำรวจ,2.348,2.74,1.167,179.81077995896513,60.428234267877144
south-facilities:9501/11,สถานีตำรวจ กองร้อย ๕ กองกำกับการตำรวจตระเวนชายแดน ๙,1,NbE,เหนือค่อนอีสาน,11.25,south-facilities:9501/9,สถานีตำรวจ ศูนย์ฝึกอบรมตํารวจภูธรภาค 9,สถานีตำรวจ,1.335,1.701,1.274,179.81077995896513,261.2918540708926
south-facilities:9501/11,สถานีตำรวจ กองร้อย ๕ กองกำกับการตำรวจตระเวนชายแดน ๙,2,NNE,เหนือ-อีสาน,22.5,,— ว่าง —,,,,,,
south-facilities:9501/11,สถานีตำรวจ กองร้อย ๕ กองกำกับการตำรวจตระเวนชายแดน ๙,3,NEbN,อีสานค่อนเหนือ,33.75,,— ว่าง —,,,,,,
south-facilities:9501/11,สถานีตำรวจ กองร้อย ๕ กองกำกับการตำรวจตระเวนชายแดน ๙,4,NE,อีสาน (ตอ.เฉียงเหนือ),45.0,south-facilities:9501/3,ด่านตรวจ (ไม่ระบุชื่อ) เมืองยะลา,ด่านตรวจ,5.796,8.224,1.419,179.81077995896513,0.059542925352901066
south-facilities:9501/11,สถานีตำรวจ กองร้อย ๕ กองกำกับการตำรวจตระเวนชายแดน ๙,5,NEbE,อีสานค่อนบูรพา,56.25,south-facilities:9406,รพ.สต./สถานีอนามัย โรงพยาบาลส่งเสริมสุขภาพตำบล ทุ่งยางแดง,รพ.สต./สถานีอนามัย,19.745,23.882,1.21,179.81077995896513,84.1360683896038
south-facilities:9501/11,สถานีตำรวจ กองร้อย ๕ กองกำกับการตำรวจตระเวนชายแดน ๙,6,ENE,บูรพา-อีสาน,67.5,south-facilities:9501/12,สถานีดับเพลิง (ไม่ระบุชื่อ) เมืองยะลา,สถานีดับเพลิง,3.74,4.692,1.255,179.81077995896513,71.10550439130981
south-facilities:9501/11,สถานีตำรวจ กองร้อย ๕ กองกำกับการตำรวจตระเวนชายแดน ๙,7,EbN,บูรพาค่อนเหนือ,78.75,,— ว่าง —,,,,,,
south-facilities:9501/11,สถานีตำรวจ กองร้อย ๕ กองกำกับการตำรวจตระเวนชายแดน ๙,8,E,บูรพา (ตะวันออก),90.0,,— ว่าง —,,,,,,
south-facilities:9501/11,สถานีตำรวจ กองร้อย ๕ กองกำกับการตำรวจตระเวนชายแดน ๙,9,EbS,บูรพาค่อนใต้,101.25,south-facilities:9501/8,สถานีตำรวจ กองกำกับการตำรวจตระเวนชายแดนที่44,สถานีตำรวจ,4.957,7.612,1.536,179.81077995896513,474.45519174138866
south-facilities:9501/11,สถานีตำรวจ กองร้อย ๕ กองกำกับการตำรวจตระเวนชายแดน ๙,10,ESE,บูรพา-อาคเนย์,112.5,south-facilities:9506/4,โรงพยาบาล โรงพยาบาลรามัน,โรงพยาบาล,16.287,23.846,1.464,179.81077995896513,45.37929517289792
south-facilities:9501/11,สถานีตำรวจ กองร้อย ๕ กองกำกับการตำรวจตระเวนชายแดน ๙,11,SEbE,อาคเนย์ค่อนบูรพา,123.75,,— ว่าง —,,,,,,
south-facilities:9501/11,สถานีตำรวจ กองร้อย ๕ กองกำกับการตำรวจตระเวนชายแดน ๙,12,SE,อาคเนย์ (ตอ.เฉียงใต้),135.0,,— ว่าง —,,,,,,
south-facilities:9501/11,สถานีตำรวจ กองร้อย ๕ กองกำกับการตำรวจตระเวนชายแดน ๙,13,SEbS,อาคเนย์ค่อนใต้,146.25,,— ว่าง —,,,,,,
south-facilities:9501/11,สถานีตำรวจ กองร้อย ๕ กองกำกับการตำรวจตระเวนชายแดน ๙,14,SSE,ใต้-อาคเนย์,157.5,,— ว่าง —,,,,,,
south-facilities:9501/11,สถานีตำรวจ กองร้อย ๕ กองกำกับการตำรวจตระเวนชายแดน ๙,15,SbE,ใต้ค่อนบูรพา,168.75,,— ว่าง —,,,,,,
south-facilities:9501/11,สถานีตำรวจ กองร้อย ๕ กองกำกับการตำรวจตระเวนชายแดน ๙,16,S,ทักษิณ (ใต้),180.0,,— ว่าง —,,,,,,
south-facilities:9501/11,สถานีตำรวจ กองร้อย ๕ กองกำกับการตำรวจตระเวนชายแดน ๙,17,SbW,ใต้ค่อนประจิม,191.25,,— ว่าง —,,,,,,
south-facilities:9501/11,สถานีตำรวจ กองร้อย ๕ กองกำกับการตำรวจตระเวนชายแดน ๙,18,SSW,ใต้-หรดี,202.5,,— ว่าง —,,,,,,
south-facilities:9501/11,สถานีตำรวจ กองร้อย ๕ กองกำกับการตำรวจตระเวนชายแดน ๙,19,SWbS,หรดีค่อนใต้,213.75,,— ว่าง —,,,,,,
south-facilities:9501/11,สถานีตำรวจ กองร้อย ๕ กองกำกับการตำรวจตระเวนชายแดน ๙,20,SW,หรดี (ตต.เฉียงใต้),225.0,,— ว่าง —,,,,,,
south-facilities:9501/11,สถานีตำรวจ กองร้อย ๕ กองกำกับการตำรวจตระเวนชายแดน ๙,21,SWbW,หรดีค่อนประจิม,236.25,,— ว่าง —,,,,,,
south-facilities:9501/11,สถานีตำรวจ กองร้อย ๕ กองกำกับการตำรวจตระเวนชายแดน ๙,22,WSW,ประจิม-หรดี,247.5,,— ว่าง —,,,,,,
south-facilities:9501/11,สถานีตำรวจ กองร้อย ๕ กองกำกับการตำรวจตระเวนชายแดน ๙,23,WbS,ประจิมค่อนใต้,258.75,south-facilities:9505,โรงพยาบาล (ไม่ระบุชื่อ) ยะหา,โรงพยาบาล,17.454,23.12,1.325,179.81077995896513,59.737005230787936
south-facilities:9501/11,สถานีตำรวจ กองร้อย ๕ กองกำกับการตำรวจตระเวนชายแดน ๙,24,W,ประจิม (ตะวันตก),270.0,,— ว่าง —,,,,,,
south-facilities:9501/11,สถานีตำรวจ กองร้อย ๕ กองกำกับการตำรวจตระเวนชายแดน ๙,25,WbN,ประจิมค่อนเหนือ,281.25,,— ว่าง —,,,,,,
south-facilities:9501/11,สถานีตำรวจ กองร้อย ๕ กองกำกับการตำรวจตระเวนชายแดน ๙,26,WNW,ประจิม-พายัพ,292.5,,— ว่าง —,,,,,,
south-facilities:9501/11,สถานีตำรวจ กองร้อย ๕ กองกำกับการตำรวจตระเวนชายแดน ๙,27,NWbW,พายัพค่อนประจิม,303.75,,— ว่าง —,,,,,,
south-facilities:9501/11,สถานีตำรวจ กองร้อย ๕ กองกำกับการตำรวจตระเวนชายแดน ๙,28,NW,พายัพ (ตต.เฉียงเหนือ),315.0,,— ว่าง —,,,,,,
south-facilities:9501/11,สถานีตำรวจ กองร้อย ๕ กองกำกับการตำรวจตระเวนชายแดน ๙,29,NWbN,พายัพค่อนเหนือ,326.25,,— ว่าง —,,,,,,
south-facilities:9501/11,สถานีตำรวจ กองร้อย ๕ กองกำกับการตำรวจตระเวนชายแดน ๙,30,NNW,เหนือ-พายัพ,337.5,south-facilities:9501/4,ด่านตรวจ (ไม่ระบุชื่อ) เมืองยะลา,ด่านตรวจ,3.629,4.532,1.249,179.81077995896513,0.06472538175885302
south-facilities:9501/11,สถานีตำรวจ กองร้อย ๕ กองกำกับการตำรวจตระเวนชายแดน ๙,31,NbW,เหนือค่อนประจิม,348.75,south-facilities:9412,โรงพยาบาล โรงพยาบาลแม่ลาน,โรงพยาบาล,15.785,19.334,1.225,179.81077995896513,87.77848466069065
south-facilities:9501/12,สถานีดับเพลิง (ไม่ระบุชื่อ) เมืองยะลา,0,N,อุดร (เหนือ),0.0,south-facilities:9410/3,สถานีตำรวจ จุดตรวจทหารพราน,สถานีตำรวจ,10.801,12.334,1.142,71.10550439130981,82.80603665022818
south-facilities:9501/12,สถานีดับเพลิง (ไม่ระบุชื่อ) เมืองยะลา,1,NbE,เหนือค่อนอีสาน,11.25,south-facilities:9410/7,ด่านตรวจ (ไม่ระบุชื่อ) ยะรัง,ด่านตรวจ,23.709,30.343,1.28,71.10550439130981,0.049452655347264105
south-facilities:9501/12,สถานีดับเพลิง (ไม่ระบุชื่อ) เมืองยะลา,2,NNE,เหนือ-อีสาน,22.5,south-facilities:9501/3,ด่านตรวจ (ไม่ระบุชื่อ) เมืองยะลา,ด่านตรวจ,2.535,5.093,2.009,71.10550439130981,0.059542925352901066
south-facilities:9501/12,สถานีดับเพลิง (ไม่ระบุชื่อ) เมืองยะลา,3,NEbN,อีสานค่อนเหนือ,33.75,south-facilities:9405/4,โรงพยาบาล โรงพยาบาลมายอ,โรงพยาบาล,23.879,31.784,1.331,71.10550439130981,80.34645464891182
south-facilities:9501/12,สถานีดับเพลิง (ไม่ระบุชื่อ) เมืองยะลา,4,NE,อีสาน (ตอ.เฉียงเหนือ),45.0,,— ว่าง —,,,,,,
south-facilities:9501/12,สถานีดับเพลิง (ไม่ระบุชื่อ) เมืองยะลา,5,NEbE,อีสานค่อนบูรพา,56.25,south-facilities:9406,รพ.สต./สถานีอนามัย โรงพยาบาลส่งเสริมสุขภาพตำบล ทุ่งยางแดง,รพ.สต./สถานีอนามัย,16.079,20.75,1.291,71.10550439130981,84.1360683896038
south-facilities:9501/12,สถานีดับเพลิง (ไม่ระบุชื่อ) เมืองยะลา,6,ENE,บูรพา-อีสาน,67.5,,— ว่าง —,,,,,,
south-facilities:9501/12,สถานีดับเพลิง (ไม่ระบุชื่อ) เมืองยะลา,7,EbN,บูรพาค่อนเหนือ,78.75,south-facilities:9506/2,ด่านตรวจ (ไม่ระบุชื่อ) รามัน,ด่านตรวจ,8.01,13.409,1.674,71.10550439130981,0.022238985381478615
south-facilities:9501/12,สถานีดับเพลิง (ไม่ระบุชื่อ) เมืองยะลา,8,E,บูรพา (ตะวันออก),90.0,,— ว่าง —,,,,,,
south-facilities:9501/12,สถานีดับเพลิง (ไม่ระบุชื่อ) เมืองยะลา,9,EbS,บูรพาค่อนใต้,101.25,,— ว่าง —,,,,,,
south-facilities:9501/12,สถานีดับเพลิง (ไม่ระบุชื่อ) เมืองยะลา,10,ESE,บูรพา-อาคเนย์,112.5,south-facilities:9506/3,สถานีตำรวจ สถานีภูธรจะว๊ะ,สถานีตำรวจ,21.048,28.812,1.369,71.10550439130981,39.13537912524573
south-facilities:9501/12,สถานีดับเพลิง (ไม่ระบุชื่อ) เมืองยะลา,11,SEbE,อาคเนย์ค่อนบูรพา,123.75,south-facilities:9506/4,โรงพยาบาล โรงพยาบาลรามัน,โรงพยาบาล,13.72,22.319,1.627,71.10550439130981,45.37929517289792
south-facilities:9501/12,สถานีดับเพลิง (ไม่ระบุชื่อ) เมืองยะลา,12,SE,อาคเนย์ (ตอ.เฉียงใต้),135.0,,— ว่าง —,,,,,,
south-facilities:9501/12,สถานีดับเพลิง (ไม่ระบุชื่อ) เมืองยะลา,13,SEbS,อาคเนย์ค่อนใต้,146.25,,— ว่าง —,,,,,,
south-facilities:9501/12,สถานีดับเพลิง (ไม่ระบุชื่อ) เมืองยะลา,14,SSE,ใต้-อาคเนย์,157.5,south-facilities:9501/8,สถานีตำรวจ กองกำกับการตำรวจตระเวนชายแดนที่44,สถานีตำรวจ,2.991,2.919,0.976,71.10550439130981,474.45519174138866
south-facilities:9501/12,สถานีดับเพลิง (ไม่ระบุชื่อ) เมืองยะลา,15,SbE,ใต้ค่อนบูรพา,168.75,,— ว่าง —,,,,,,
south-facilities:9501/12,สถานีดับเพลิง (ไม่ระบุชื่อ) เมืองยะลา,16,S,ทักษิณ (ใต้),180.0,,— ว่าง —,,,,,,
south-facilities:9501/12,สถานีดับเพลิง (ไม่ระบุชื่อ) เมืองยะลา,17,SbW,ใต้ค่อนประจิม,191.25,,— ว่าง —,,,,,,
south-facilities:9501/12,สถานีดับเพลิง (ไม่ระบุชื่อ) เมืองยะลา,18,SSW,ใต้-หรดี,202.5,,— ว่าง —,,,,,,
south-facilities:9501/12,สถานีดับเพลิง (ไม่ระบุชื่อ) เมืองยะลา,19,SWbS,หรดีค่อนใต้,213.75,,— ว่าง —,,,,,,
south-facilities:9501/12,สถานีดับเพลิง (ไม่ระบุชื่อ) เมืองยะลา,20,SW,หรดี (ตต.เฉียงใต้),225.0,,— ว่าง —,,,,,,
south-facilities:9501/12,สถานีดับเพลิง (ไม่ระบุชื่อ) เมืองยะลา,21,SWbW,หรดีค่อนประจิม,236.25,,— ว่าง —,,,,,,
south-facilities:9501/12,สถานีดับเพลิง (ไม่ระบุชื่อ) เมืองยะลา,22,WSW,ประจิม-หรดี,247.5,south-facilities:9501/11,สถานีตำรวจ กองร้อย ๕ กองกำกับการตำรวจตระเวนชายแดน ๙,สถานีตำรวจ,3.74,5.773,1.544,71.10550439130981,179.81077995896513
south-facilities:9501/12,สถานีดับเพลิง (ไม่ระบุชื่อ) เมืองยะลา,23,WbS,ประจิมค่อนใต้,258.75,south-facilities:9505,โรงพยาบาล (ไม่ระบุชื่อ) ยะหา,โรงพยาบาล,21.135,25.577,1.21,71.10550439130981,59.737005230787936
south-facilities:9501/12,สถานีดับเพลิง (ไม่ระบุชื่อ) เมืองยะลา,24,W,ประจิม (ตะวันตก),270.0,south-facilities:9501/9,สถานีตำรวจ ศูนย์ฝึกอบรมตํารวจภูธรภาค 9,สถานีตำรวจ,3.127,4.596,1.47,71.10550439130981,261.2918540708926
south-facilities:9501/12,สถานีดับเพลิง (ไม่ระบุชื่อ) เมืองยะลา,25,WbN,ประจิมค่อนเหนือ,281.25,south-facilities:9501,สถานีตำรวจ สถานีตำรวจภูธรเมืองยะลา,สถานีตำรวจ,3.371,4.133,1.226,71.10550439130981,60.428234267877144
south-facilities:9501/12,สถานีดับเพลิง (ไม่ระบุชื่อ) เมืองยะลา,26,WNW,ประจิม-พายัพ,292.5,south-facilities:9501/10,โรงพยาบาล โรงพยาบาลยะลา,โรงพยาบาล,3.749,4.624,1.233,71.10550439130981,168.43254656066802
south-facilities:9501/12,สถานีดับเพลิง (ไม่ระบุชื่อ) เมืองยะลา,27,NWbW,พายัพค่อนประจิม,303.75,south-facilities:9501/6,โรงพยาบาล โรงพยาบาลสิโรรส,โรงพยาบาล,3.834,4.579,1.194,71.10550439130981,77.19268725088556
south-facilities:9501/12,สถานีดับเพลิง (ไม่ระบุชื่อ) เมืองยะลา,28,NW,พายัพ (ตต.เฉียงเหนือ),315.0,,— ว่าง —,,,,,,
south-facilities:9501/12,สถานีดับเพลิง (ไม่ระบุชื่อ) เมืองยะลา,29,NWbN,พายัพค่อนเหนือ,326.25,south-facilities:9412,โรงพยาบาล โรงพยาบาลแม่ลาน,โรงพยาบาล,15.711,20.722,1.319,71.10550439130981,87.77848466069065
south-facilities:9501/12,สถานีดับเพลิง (ไม่ระบุชื่อ) เมืองยะลา,30,NNW,เหนือ-พายัพ,337.5,,— ว่าง —,,,,,,
south-facilities:9501/12,สถานีดับเพลิง (ไม่ระบุชื่อ) เมืองยะลา,31,NbW,เหนือค่อนประจิม,348.75,south-facilities:9410/2,สถานีตำรวจ จุดตรวจทหารพราน,สถานีตำรวจ,6.7,8.059,1.203,71.10550439130981,12.209983621104518
south-facilities:9502,รพ.สต./สถานีอนามัย Traditional medicine,0,N,อุดร (เหนือ),0.0,south-facilities:9502/2,สถานีตำรวจ ร้อย ตชด.445,สถานีตำรวจ,1.158,1.298,1.121,31.979729792203774,148.67837828866888
south-facilities:9502,รพ.สต./สถานีอนามัย Traditional medicine,1,NbE,เหนือค่อนอีสาน,11.25,,— ว่าง —,,,,,,
south-facilities:9502,รพ.สต./สถานีอนามัย Traditional medicine,2,NNE,เหนือ-อีสาน,22.5,,— ว่าง —,,,,,,
south-facilities:9502,รพ.สต./สถานีอนามัย Traditional medicine,3,NEbN,อีสานค่อนเหนือ,33.75,,— ว่าง —,,,,,,
south-facilities:9502,รพ.สต./สถานีอนามัย Traditional medicine,4,NE,อีสาน (ตอ.เฉียงเหนือ),45.0,,— ว่าง —,,,,,,
south-facilities:9502,รพ.สต./สถานีอนามัย Traditional medicine,5,NEbE,อีสานค่อนบูรพา,56.25,,— ว่าง —,,,,,,
south-facilities:9502,รพ.สต./สถานีอนามัย Traditional medicine,6,ENE,บูรพา-อีสาน,67.5,,— ว่าง —,,,,,,
south-facilities:9502,รพ.สต./สถานีอนามัย Traditional medicine,7,EbN,บูรพาค่อนเหนือ,78.75,south-facilities:9502/4,สถานีดับเพลิง (ไม่ระบุชื่อ) เบตง,สถานีดับเพลิง,8.344,13.479,1.615,31.979729792203774,111.31388229418133
south-facilities:9502,รพ.สต./สถานีอนามัย Traditional medicine,8,E,บูรพา (ตะวันออก),90.0,south-facilities:9502/3,โรงพยาบาล โรงพยาบาลเบตง,โรงพยาบาล,1.18,1.418,1.201,31.979729792203774,80.14521829729927
south-facilities:9502,รพ.สต./สถานีอนามัย Traditional medicine,9,EbS,บูรพาค่อนใต้,101.25,,— ว่าง —,,,,,,
south-facilities:9502,รพ.สต./สถานีอนามัย Traditional medicine,10,ESE,บูรพา-อาคเนย์,112.5,,— ว่าง —,,,,,,
south-facilities:9502,รพ.สต./สถานีอนามัย Traditional medicine,11,SEbE,อาคเนย์ค่อนบูรพา,123.75,,— ว่าง —,,,,,,
south-facilities:9502,รพ.สต./สถานีอนามัย Traditional medicine,12,SE,อาคเนย์ (ตอ.เฉียงใต้),135.0,,— ว่าง —,,,,,,
south-facilities:9502,รพ.สต./สถานีอนามัย Traditional medicine,13,SEbS,อาคเนย์ค่อนใต้,146.25,,— ว่าง —,,,,,,
south-facilities:9502,รพ.สต./สถานีอนามัย Traditional medicine,14,SSE,ใต้-อาคเนย์,157.5,,— ว่าง —,,,,,,
south-facilities:9502,รพ.สต./สถานีอนามัย Traditional medicine,15,SbE,ใต้ค่อนบูรพา,168.75,,— ว่าง —,,,,,,
south-facilities:9502,รพ.สต./สถานีอนามัย Traditional medicine,16,S,ทักษิณ (ใต้),180.0,,— ว่าง —,,,,,,
south-facilities:9502,รพ.สต./สถานีอนามัย Traditional medicine,17,SbW,ใต้ค่อนประจิม,191.25,,— ว่าง —,,,,,,
south-facilities:9502,รพ.สต./สถานีอนามัย Traditional medicine,18,SSW,ใต้-หรดี,202.5,,— ว่าง —,,,,,,
south-facilities:9502,รพ.สต./สถานีอนามัย Traditional medicine,19,SWbS,หรดีค่อนใต้,213.75,,— ว่าง —,,,,,,
south-facilities:9502,รพ.สต./สถานีอนามัย Traditional medicine,20,SW,หรดี (ตต.เฉียงใต้),225.0,,— ว่าง —,,,,,,
south-facilities:9502,รพ.สต./สถานีอนามัย Traditional medicine,21,SWbW,หรดีค่อนประจิม,236.25,,— ว่าง —,,,,,,
south-facilities:9502,รพ.สต./สถานีอนามัย Traditional medicine,22,WSW,ประจิม-หรดี,247.5,,— ว่าง —,,,,,,
south-facilities:9502,รพ.สต./สถานีอนามัย Traditional medicine,23,WbS,ประจิมค่อนใต้,258.75,,— ว่าง —,,,,,,
south-facilities:9502,รพ.สต./สถานีอนามัย Traditional medicine,24,W,ประจิม (ตะวันตก),270.0,,— ว่าง —,,,,,,
south-facilities:9502,รพ.สต./สถานีอนามัย Traditional medicine,25,WbN,ประจิมค่อนเหนือ,281.25,,— ว่าง —,,,,,,
south-facilities:9502,รพ.สต./สถานีอนามัย Traditional medicine,26,WNW,ประจิม-พายัพ,292.5,,— ว่าง —,,,,,,
south-facilities:9502,รพ.สต./สถานีอนามัย Traditional medicine,27,NWbW,พายัพค่อนประจิม,303.75,,— ว่าง —,,,,,,
south-facilities:9502,รพ.สต./สถานีอนามัย Traditional medicine,28,NW,พายัพ (ตต.เฉียงเหนือ),315.0,,— ว่าง —,,,,,,
south-facilities:9502,รพ.สต./สถานีอนามัย Traditional medicine,29,NWbN,พายัพค่อนเหนือ,326.25,,— ว่าง —,,,,,,
south-facilities:9502,รพ.สต./สถานีอนามัย Traditional medicine,30,NNW,เหนือ-พายัพ,337.5,,— ว่าง —,,,,,,
south-facilities:9502,รพ.สต./สถานีอนามัย Traditional medicine,31,NbW,เหนือค่อนประจิม,348.75,,— ว่าง —,,,,,,
south-facilities:9502/2,สถานีตำรวจ ร้อย ตชด.445,0,N,อุดร (เหนือ),0.0,south-facilities:9502/5,สถานีตำรวจ (ไม่ระบุชื่อ) เบตง,สถานีตำรวจ,1.454,1.659,1.141,148.67837828866888,15.083775183737503
south-facilities:9502/2,สถานีตำรวจ ร้อย ตชด.445,1,NbE,เหนือค่อนอีสาน,11.25,,— ว่าง —,,,,,,
south-facilities:9502/2,สถานีตำรวจ ร้อย ตชด.445,2,NNE,เหนือ-อีสาน,22.5,,— ว่าง —,,,,,,
south-facilities:9502/2,สถานีตำรวจ ร้อย ตชด.445,3,NEbN,อีสานค่อนเหนือ,33.75,,— ว่าง —,,,,,,
south-facilities:9502/2,สถานีตำรวจ ร้อย ตชด.445,4,NE,อีสาน (ตอ.เฉียงเหนือ),45.0,,— ว่าง —,,,,,,
south-facilities:9502/2,สถานีตำรวจ ร้อย ตชด.445,5,NEbE,อีสานค่อนบูรพา,56.25,,— ว่าง —,,,,,,
south-facilities:9502/2,สถานีตำรวจ ร้อย ตชด.445,6,ENE,บูรพา-อีสาน,67.5,,— ว่าง —,,,,,,
south-facilities:9502/2,สถานีตำรวจ ร้อย ตชด.445,7,EbN,บูรพาค่อนเหนือ,78.75,,— ว่าง —,,,,,,
south-facilities:9502/2,สถานีตำรวจ ร้อย ตชด.445,8,E,บูรพา (ตะวันออก),90.0,south-facilities:9502/4,สถานีดับเพลิง (ไม่ระบุชื่อ) เบตง,สถานีดับเพลิง,8.165,13.973,1.711,148.67837828866888,111.31388229418133
south-facilities:9502/2,สถานีตำรวจ ร้อย ตชด.445,9,EbS,บูรพาค่อนใต้,101.25,,— ว่าง —,,,,,,
south-facilities:9502/2,สถานีตำรวจ ร้อย ตชด.445,10,ESE,บูรพา-อาคเนย์,112.5,,— ว่าง —,,,,,,
south-facilities:9502/2,สถานีตำรวจ ร้อย ตชด.445,11,SEbE,อาคเนย์ค่อนบูรพา,123.75,,— ว่าง —,,,,,,
south-facilities:9502/2,สถานีตำรวจ ร้อย ตชด.445,12,SE,อาคเนย์ (ตอ.เฉียงใต้),135.0,south-facilities:9502/3,โรงพยาบาล โรงพยาบาลเบตง,โรงพยาบาล,1.571,2.03,1.292,148.67837828866888,80.14521829729927
south-facilities:9502/2,สถานีตำรวจ ร้อย ตชด.445,13,SEbS,อาคเนย์ค่อนใต้,146.25,,— ว่าง —,,,,,,
south-facilities:9502/2,สถานีตำรวจ ร้อย ตชด.445,14,SSE,ใต้-อาคเนย์,157.5,,— ว่าง —,,,,,,
south-facilities:9502/2,สถานีตำรวจ ร้อย ตชด.445,15,SbE,ใต้ค่อนบูรพา,168.75,,— ว่าง —,,,,,,
south-facilities:9502/2,สถานีตำรวจ ร้อย ตชด.445,16,S,ทักษิณ (ใต้),180.0,south-facilities:9502,รพ.สต./สถานีอนามัย Traditional medicine,รพ.สต./สถานีอนามัย,1.158,1.303,1.125,148.67837828866888,31.979729792203774
south-facilities:9502/2,สถานีตำรวจ ร้อย ตชด.445,17,SbW,ใต้ค่อนประจิม,191.25,,— ว่าง —,,,,,,
south-facilities:9502/2,สถานีตำรวจ ร้อย ตชด.445,18,SSW,ใต้-หรดี,202.5,,— ว่าง —,,,,,,
south-facilities:9502/2,สถานีตำรวจ ร้อย ตชด.445,19,SWbS,หรดีค่อนใต้,213.75,,— ว่าง —,,,,,,
south-facilities:9502/2,สถานีตำรวจ ร้อย ตชด.445,20,SW,หรดี (ตต.เฉียงใต้),225.0,,— ว่าง —,,,,,,
south-facilities:9502/2,สถานีตำรวจ ร้อย ตชด.445,21,SWbW,หรดีค่อนประจิม,236.25,,— ว่าง —,,,,,,
south-facilities:9502/2,สถานีตำรวจ ร้อย ตชด.445,22,WSW,ประจิม-หรดี,247.5,,— ว่าง —,,,,,,
south-facilities:9502/2,สถานีตำรวจ ร้อย ตชด.445,23,WbS,ประจิมค่อนใต้,258.75,,— ว่าง —,,,,,,
south-facilities:9502/2,สถานีตำรวจ ร้อย ตชด.445,24,W,ประจิม (ตะวันตก),270.0,,— ว่าง —,,,,,,
south-facilities:9502/2,สถานีตำรวจ ร้อย ตชด.445,25,WbN,ประจิมค่อนเหนือ,281.25,,— ว่าง —,,,,,,
south-facilities:9502/2,สถานีตำรวจ ร้อย ตชด.445,26,WNW,ประจิม-พายัพ,292.5,,— ว่าง —,,,,,,
south-facilities:9502/2,สถานีตำรวจ ร้อย ตชด.445,27,NWbW,พายัพค่อนประจิม,303.75,,— ว่าง —,,,,,,
south-facilities:9502/2,สถานีตำรวจ ร้อย ตชด.445,28,NW,พายัพ (ตต.เฉียงเหนือ),315.0,,— ว่าง —,,,,,,
south-facilities:9502/2,สถานีตำรวจ ร้อย ตชด.445,29,NWbN,พายัพค่อนเหนือ,326.25,,— ว่าง —,,,,,,
south-facilities:9502/2,สถานีตำรวจ ร้อย ตชด.445,30,NNW,เหนือ-พายัพ,337.5,,— ว่าง —,,,,,,
south-facilities:9502/2,สถานีตำรวจ ร้อย ตชด.445,31,NbW,เหนือค่อนประจิม,348.75,,— ว่าง —,,,,,,
south-facilities:9502/3,โรงพยาบาล โรงพยาบาลเบตง,0,N,อุดร (เหนือ),0.0,,— ว่าง —,,,,,,
south-facilities:9502/3,โรงพยาบาล โรงพยาบาลเบตง,1,NbE,เหนือค่อนอีสาน,11.25,,— ว่าง —,,,,,,
south-facilities:9502/3,โรงพยาบาล โรงพยาบาลเบตง,2,NNE,เหนือ-อีสาน,22.5,,— ว่าง —,,,,,,
south-facilities:9502/3,โรงพยาบาล โรงพยาบาลเบตง,3,NEbN,อีสานค่อนเหนือ,33.75,,— ว่าง —,,,,,,
south-facilities:9502/3,โรงพยาบาล โรงพยาบาลเบตง,4,NE,อีสาน (ตอ.เฉียงเหนือ),45.0,,— ว่าง —,,,,,,
south-facilities:9502/3,โรงพยาบาล โรงพยาบาลเบตง,5,NEbE,อีสานค่อนบูรพา,56.25,,— ว่าง —,,,,,,
south-facilities:9502/3,โรงพยาบาล โรงพยาบาลเบตง,6,ENE,บูรพา-อีสาน,67.5,,— ว่าง —,,,,,,
south-facilities:9502/3,โรงพยาบาล โรงพยาบาลเบตง,7,EbN,บูรพาค่อนเหนือ,78.75,south-facilities:9502/4,สถานีดับเพลิง (ไม่ระบุชื่อ) เบตง,สถานีดับเพลิง,7.175,12.061,1.681,80.14521829729927,111.31388229418133
south-facilities:9502/3,โรงพยาบาล โรงพยาบาลเบตง,8,E,บูรพา (ตะวันออก),90.0,,— ว่าง —,,,,,,
south-facilities:9502/3,โรงพยาบาล โรงพยาบาลเบตง,9,EbS,บูรพาค่อนใต้,101.25,,— ว่าง —,,,,,,
south-facilities:9502/3,โรงพยาบาล โรงพยาบาลเบตง,10,ESE,บูรพา-อาคเนย์,112.5,,— ว่าง —,,,,,,
south-facilities:9502/3,โรงพยาบาล โรงพยาบาลเบตง,11,SEbE,อาคเนย์ค่อนบูรพา,123.75,,— ว่าง —,,,,,,
south-facilities:9502/3,โรงพยาบาล โรงพยาบาลเบตง,12,SE,อาคเนย์ (ตอ.เฉียงใต้),135.0,,— ว่าง —,,,,,,
south-facilities:9502/3,โรงพยาบาล โรงพยาบาลเบตง,13,SEbS,อาคเนย์ค่อนใต้,146.25,,— ว่าง —,,,,,,
south-facilities:9502/3,โรงพยาบาล โรงพยาบาลเบตง,14,SSE,ใต้-อาคเนย์,157.5,,— ว่าง —,,,,,,
south-facilities:9502/3,โรงพยาบาล โรงพยาบาลเบตง,15,SbE,ใต้ค่อนบูรพา,168.75,,— ว่าง —,,,,,,
south-facilities:9502/3,โรงพยาบาล โรงพยาบาลเบตง,16,S,ทักษิณ (ใต้),180.0,,— ว่าง —,,,,,,
south-facilities:9502/3,โรงพยาบาล โรงพยาบาลเบตง,17,SbW,ใต้ค่อนประจิม,191.25,,— ว่าง —,,,,,,
south-facilities:9502/3,โรงพยาบาล โรงพยาบาลเบตง,18,SSW,ใต้-หรดี,202.5,,— ว่าง —,,,,,,
south-facilities:9502/3,โรงพยาบาล โรงพยาบาลเบตง,19,SWbS,หรดีค่อนใต้,213.75,,— ว่าง —,,,,,,
south-facilities:9502/3,โรงพยาบาล โรงพยาบาลเบตง,20,SW,หรดี (ตต.เฉียงใต้),225.0,,— ว่าง —,,,,,,
south-facilities:9502/3,โรงพยาบาล โรงพยาบาลเบตง,21,SWbW,หรดีค่อนประจิม,236.25,,— ว่าง —,,,,,,
south-facilities:9502/3,โรงพยาบาล โรงพยาบาลเบตง,22,WSW,ประจิม-หรดี,247.5,,— ว่าง —,,,,,,
south-facilities:9502/3,โรงพยาบาล โรงพยาบาลเบตง,23,WbS,ประจิมค่อนใต้,258.75,,— ว่าง —,,,,,,
south-facilities:9502/3,โรงพยาบาล โรงพยาบาลเบตง,24,W,ประจิม (ตะวันตก),270.0,south-facilities:9502,รพ.สต./สถานีอนามัย Traditional medicine,รพ.สต./สถานีอนามัย,1.18,1.419,1.202,80.14521829729927,31.979729792203774
south-facilities:9502/3,โรงพยาบาล โรงพยาบาลเบตง,25,WbN,ประจิมค่อนเหนือ,281.25,,— ว่าง —,,,,,,
south-facilities:9502/3,โรงพยาบาล โรงพยาบาลเบตง,26,WNW,ประจิม-พายัพ,292.5,,— ว่าง —,,,,,,
south-facilities:9502/3,โรงพยาบาล โรงพยาบาลเบตง,27,NWbW,พายัพค่อนประจิม,303.75,,— ว่าง —,,,,,,
south-facilities:9502/3,โรงพยาบาล โรงพยาบาลเบตง,28,NW,พายัพ (ตต.เฉียงเหนือ),315.0,south-facilities:9502/2,สถานีตำรวจ ร้อย ตชด.445,สถานีตำรวจ,1.571,2.039,1.298,80.14521829729927,148.67837828866888
south-facilities:9502/3,โรงพยาบาล โรงพยาบาลเบตง,29,NWbN,พายัพค่อนเหนือ,326.25,,— ว่าง —,,,,,,
south-facilities:9502/3,โรงพยาบาล โรงพยาบาลเบตง,30,NNW,เหนือ-พายัพ,337.5,south-facilities:9502/5,สถานีตำรวจ (ไม่ระบุชื่อ) เบตง,สถานีตำรวจ,2.825,3.699,1.309,80.14521829729927,15.083775183737503
south-facilities:9502/3,โรงพยาบาล โรงพยาบาลเบตง,31,NbW,เหนือค่อนประจิม,348.75,,— ว่าง —,,,,,,
south-facilities:9502/4,สถานีดับเพลิง (ไม่ระบุชื่อ) เบตง,0,N,อุดร (เหนือ),0.0,,— ว่าง —,,,,,,
south-facilities:9502/4,สถานีดับเพลิง (ไม่ระบุชื่อ) เบตง,1,NbE,เหนือค่อนอีสาน,11.25,,— ว่าง —,,,,,,
south-facilities:9502/4,สถานีดับเพลิง (ไม่ระบุชื่อ) เบตง,2,NNE,เหนือ-อีสาน,22.5,,— ว่าง —,,,,,,
south-facilities:9502/4,สถานีดับเพลิง (ไม่ระบุชื่อ) เบตง,3,NEbN,อีสานค่อนเหนือ,33.75,,— ว่าง —,,,,,,
south-facilities:9502/4,สถานีดับเพลิง (ไม่ระบุชื่อ) เบตง,4,NE,อีสาน (ตอ.เฉียงเหนือ),45.0,,— ว่าง —,,,,,,
south-facilities:9502/4,สถานีดับเพลิง (ไม่ระบุชื่อ) เบตง,5,NEbE,อีสานค่อนบูรพา,56.25,,— ว่าง —,,,,,,
south-facilities:9502/4,สถานีดับเพลิง (ไม่ระบุชื่อ) เบตง,6,ENE,บูรพา-อีสาน,67.5,,— ว่าง —,,,,,,
south-facilities:9502/4,สถานีดับเพลิง (ไม่ระบุชื่อ) เบตง,7,EbN,บูรพาค่อนเหนือ,78.75,,— ว่าง —,,,,,,
south-facilities:9502/4,สถานีดับเพลิง (ไม่ระบุชื่อ) เบตง,8,E,บูรพา (ตะวันออก),90.0,,— ว่าง —,,,,,,
south-facilities:9502/4,สถานีดับเพลิง (ไม่ระบุชื่อ) เบตง,9,EbS,บูรพาค่อนใต้,101.25,,— ว่าง —,,,,,,
south-facilities:9502/4,สถานีดับเพลิง (ไม่ระบุชื่อ) เบตง,10,ESE,บูรพา-อาคเนย์,112.5,,— ว่าง —,,,,,,
south-facilities:9502/4,สถานีดับเพลิง (ไม่ระบุชื่อ) เบตง,11,SEbE,อาคเนย์ค่อนบูรพา,123.75,,— ว่าง —,,,,,,
south-facilities:9502/4,สถานีดับเพลิง (ไม่ระบุชื่อ) เบตง,12,SE,อาคเนย์ (ตอ.เฉียงใต้),135.0,,— ว่าง —,,,,,,
south-facilities:9502/4,สถานีดับเพลิง (ไม่ระบุชื่อ) เบตง,13,SEbS,อาคเนย์ค่อนใต้,146.25,,— ว่าง —,,,,,,
south-facilities:9502/4,สถานีดับเพลิง (ไม่ระบุชื่อ) เบตง,14,SSE,ใต้-อาคเนย์,157.5,,— ว่าง —,,,,,,
south-facilities:9502/4,สถานีดับเพลิง (ไม่ระบุชื่อ) เบตง,15,SbE,ใต้ค่อนบูรพา,168.75,,— ว่าง —,,,,,,
south-facilities:9502/4,สถานีดับเพลิง (ไม่ระบุชื่อ) เบตง,16,S,ทักษิณ (ใต้),180.0,,— ว่าง —,,,,,,
south-facilities:9502/4,สถานีดับเพลิง (ไม่ระบุชื่อ) เบตง,17,SbW,ใต้ค่อนประจิม,191.25,,— ว่าง —,,,,,,
south-facilities:9502/4,สถานีดับเพลิง (ไม่ระบุชื่อ) เบตง,18,SSW,ใต้-หรดี,202.5,,— ว่าง —,,,,,,
south-facilities:9502/4,สถานีดับเพลิง (ไม่ระบุชื่อ) เบตง,19,SWbS,หรดีค่อนใต้,213.75,,— ว่าง —,,,,,,
south-facilities:9502/4,สถานีดับเพลิง (ไม่ระบุชื่อ) เบตง,20,SW,หรดี (ตต.เฉียงใต้),225.0,,— ว่าง —,,,,,,
south-facilities:9502/4,สถานีดับเพลิง (ไม่ระบุชื่อ) เบตง,21,SWbW,หรดีค่อนประจิม,236.25,,— ว่าง —,,,,,,
south-facilities:9502/4,สถานีดับเพลิง (ไม่ระบุชื่อ) เบตง,22,WSW,ประจิม-หรดี,247.5,,— ว่าง —,,,,,,
south-facilities:9502/4,สถานีดับเพลิง (ไม่ระบุชื่อ) เบตง,23,WbS,ประจิมค่อนใต้,258.75,south-facilities:9502/3,โรงพยาบาล โรงพยาบาลเบตง,โรงพยาบาล,7.175,12.118,1.689,111.31388229418133,80.14521829729927
south-facilities:9502/4,สถานีดับเพลิง (ไม่ระบุชื่อ) เบตง,24,W,ประจิม (ตะวันตก),270.0,south-facilities:9502/2,สถานีตำรวจ ร้อย ตชด.445,สถานีตำรวจ,8.165,14.05,1.721,111.31388229418133,148.67837828866888
south-facilities:9502/4,สถานีดับเพลิง (ไม่ระบุชื่อ) เบตง,25,WbN,ประจิมค่อนเหนือ,281.25,south-facilities:9502/5,สถานีตำรวจ (ไม่ระบุชื่อ) เบตง,สถานีตำรวจ,8.333,15.709,1.885,111.31388229418133,15.083775183737503
south-facilities:9502/4,สถานีดับเพลิง (ไม่ระบุชื่อ) เบตง,26,WNW,ประจิม-พายัพ,292.5,,— ว่าง —,,,,,,
south-facilities:9502/4,สถานีดับเพลิง (ไม่ระบุชื่อ) เบตง,27,NWbW,พายัพค่อนประจิม,303.75,,— ว่าง —,,,,,,
south-facilities:9502/4,สถานีดับเพลิง (ไม่ระบุชื่อ) เบตง,28,NW,พายัพ (ตต.เฉียงเหนือ),315.0,,— ว่าง —,,,,,,
south-facilities:9502/4,สถานีดับเพลิง (ไม่ระบุชื่อ) เบตง,29,NWbN,พายัพค่อนเหนือ,326.25,,— ว่าง —,,,,,,
south-facilities:9502/4,สถานีดับเพลิง (ไม่ระบุชื่อ) เบตง,30,NNW,เหนือ-พายัพ,337.5,,— ว่าง —,,,,,,
south-facilities:9502/4,สถานีดับเพลิง (ไม่ระบุชื่อ) เบตง,31,NbW,เหนือค่อนประจิม,348.75,,— ว่าง —,,,,,,
south-facilities:9502/5,สถานีตำรวจ (ไม่ระบุชื่อ) เบตง,0,N,อุดร (เหนือ),0.0,,— ว่าง —,,,,,,
south-facilities:9502/5,สถานีตำรวจ (ไม่ระบุชื่อ) เบตง,1,NbE,เหนือค่อนอีสาน,11.25,,— ว่าง —,,,,,,
south-facilities:9502/5,สถานีตำรวจ (ไม่ระบุชื่อ) เบตง,2,NNE,เหนือ-อีสาน,22.5,,— ว่าง —,,,,,,
south-facilities:9502/5,สถานีตำรวจ (ไม่ระบุชื่อ) เบตง,3,NEbN,อีสานค่อนเหนือ,33.75,,— ว่าง —,,,,,,
south-facilities:9502/5,สถานีตำรวจ (ไม่ระบุชื่อ) เบตง,4,NE,อีสาน (ตอ.เฉียงเหนือ),45.0,,— ว่าง —,,,,,,
south-facilities:9502/5,สถานีตำรวจ (ไม่ระบุชื่อ) เบตง,5,NEbE,อีสานค่อนบูรพา,56.25,,— ว่าง —,,,,,,
south-facilities:9502/5,สถานีตำรวจ (ไม่ระบุชื่อ) เบตง,6,ENE,บูรพา-อีสาน,67.5,,— ว่าง —,,,,,,
south-facilities:9502/5,สถานีตำรวจ (ไม่ระบุชื่อ) เบตง,7,EbN,บูรพาค่อนเหนือ,78.75,,— ว่าง —,,,,,,
south-facilities:9502/5,สถานีตำรวจ (ไม่ระบุชื่อ) เบตง,8,E,บูรพา (ตะวันออก),90.0,,— ว่าง —,,,,,,
south-facilities:9502/5,สถานีตำรวจ (ไม่ระบุชื่อ) เบตง,9,EbS,บูรพาค่อนใต้,101.25,south-facilities:9502/4,สถานีดับเพลิง (ไม่ระบุชื่อ) เบตง,สถานีดับเพลิง,8.333,15.386,1.846,15.083775183737503,111.31388229418133
south-facilities:9502/5,สถานีตำรวจ (ไม่ระบุชื่อ) เบตง,10,ESE,บูรพา-อาคเนย์,112.5,,— ว่าง —,,,,,,
south-facilities:9502/5,สถานีตำรวจ (ไม่ระบุชื่อ) เบตง,11,SEbE,อาคเนย์ค่อนบูรพา,123.75,,— ว่าง —,,,,,,
south-facilities:9502/5,สถานีตำรวจ (ไม่ระบุชื่อ) เบตง,12,SE,อาคเนย์ (ตอ.เฉียงใต้),135.0,,— ว่าง —,,,,,,
south-facilities:9502/5,สถานีตำรวจ (ไม่ระบุชื่อ) เบตง,13,SEbS,อาคเนย์ค่อนใต้,146.25,,— ว่าง —,,,,,,
south-facilities:9502/5,สถานีตำรวจ (ไม่ระบุชื่อ) เบตง,14,SSE,ใต้-อาคเนย์,157.5,south-facilities:9502/3,โรงพยาบาล โรงพยาบาลเบตง,โรงพยาบาล,2.825,3.443,1.219,15.083775183737503,80.14521829729927
south-facilities:9502/5,สถานีตำรวจ (ไม่ระบุชื่อ) เบตง,15,SbE,ใต้ค่อนบูรพา,168.75,,— ว่าง —,,,,,,
south-facilities:9502/5,สถานีตำรวจ (ไม่ระบุชื่อ) เบตง,16,S,ทักษิณ (ใต้),180.0,south-facilities:9502/2,สถานีตำรวจ ร้อย ตชด.445,สถานีตำรวจ,1.454,1.413,0.972,15.083775183737503,148.67837828866888
south-facilities:9502/5,สถานีตำรวจ (ไม่ระบุชื่อ) เบตง,17,SbW,ใต้ค่อนประจิม,191.25,,— ว่าง —,,,,,,
south-facilities:9502/5,สถานีตำรวจ (ไม่ระบุชื่อ) เบตง,18,SSW,ใต้-หรดี,202.5,,— ว่าง —,,,,,,
south-facilities:9502/5,สถานีตำรวจ (ไม่ระบุชื่อ) เบตง,19,SWbS,หรดีค่อนใต้,213.75,,— ว่าง —,,,,,,
south-facilities:9502/5,สถานีตำรวจ (ไม่ระบุชื่อ) เบตง,20,SW,หรดี (ตต.เฉียงใต้),225.0,,— ว่าง —,,,,,,
south-facilities:9502/5,สถานีตำรวจ (ไม่ระบุชื่อ) เบตง,21,SWbW,หรดีค่อนประจิม,236.25,,— ว่าง —,,,,,,
south-facilities:9502/5,สถานีตำรวจ (ไม่ระบุชื่อ) เบตง,22,WSW,ประจิม-หรดี,247.5,,— ว่าง —,,,,,,
south-facilities:9502/5,สถานีตำรวจ (ไม่ระบุชื่อ) เบตง,23,WbS,ประจิมค่อนใต้,258.75,,— ว่าง —,,,,,,
south-facilities:9502/5,สถานีตำรวจ (ไม่ระบุชื่อ) เบตง,24,W,ประจิม (ตะวันตก),270.0,,— ว่าง —,,,,,,
south-facilities:9502/5,สถานีตำรวจ (ไม่ระบุชื่อ) เบตง,25,WbN,ประจิมค่อนเหนือ,281.25,,— ว่าง —,,,,,,
south-facilities:9502/5,สถานีตำรวจ (ไม่ระบุชื่อ) เบตง,26,WNW,ประจิม-พายัพ,292.5,,— ว่าง —,,,,,,
south-facilities:9502/5,สถานีตำรวจ (ไม่ระบุชื่อ) เบตง,27,NWbW,พายัพค่อนประจิม,303.75,,— ว่าง —,,,,,,
south-facilities:9502/5,สถานีตำรวจ (ไม่ระบุชื่อ) เบตง,28,NW,พายัพ (ตต.เฉียงเหนือ),315.0,,— ว่าง —,,,,,,
south-facilities:9502/5,สถานีตำรวจ (ไม่ระบุชื่อ) เบตง,29,NWbN,พายัพค่อนเหนือ,326.25,,— ว่าง —,,,,,,
south-facilities:9502/5,สถานีตำรวจ (ไม่ระบุชื่อ) เบตง,30,NNW,เหนือ-พายัพ,337.5,,— ว่าง —,,,,,,
south-facilities:9502/5,สถานีตำรวจ (ไม่ระบุชื่อ) เบตง,31,NbW,เหนือค่อนประจิม,348.75,,— ว่าง —,,,,,,
south-facilities:9503,โรงพยาบาล โรงพยาบาลบันนังสตา,0,N,อุดร (เหนือ),0.0,,— ว่าง —,,,,,,
south-facilities:9503,โรงพยาบาล โรงพยาบาลบันนังสตา,1,NbE,เหนือค่อนอีสาน,11.25,,— ว่าง —,,,,,,
south-facilities:9503,โรงพยาบาล โรงพยาบาลบันนังสตา,2,NNE,เหนือ-อีสาน,22.5,,— ว่าง —,,,,,,
south-facilities:9503,โรงพยาบาล โรงพยาบาลบันนังสตา,3,NEbN,อีสานค่อนเหนือ,33.75,,— ว่าง —,,,,,,
south-facilities:9503,โรงพยาบาล โรงพยาบาลบันนังสตา,4,NE,อีสาน (ตอ.เฉียงเหนือ),45.0,,— ว่าง —,,,,,,
south-facilities:9503,โรงพยาบาล โรงพยาบาลบันนังสตา,5,NEbE,อีสานค่อนบูรพา,56.25,,— ว่าง —,,,,,,
south-facilities:9503,โรงพยาบาล โรงพยาบาลบันนังสตา,6,ENE,บูรพา-อีสาน,67.5,,— ว่าง —,,,,,,
south-facilities:9503,โรงพยาบาล โรงพยาบาลบันนังสตา,7,EbN,บูรพาค่อนเหนือ,78.75,,— ว่าง —,,,,,,
south-facilities:9503,โรงพยาบาล โรงพยาบาลบันนังสตา,8,E,บูรพา (ตะวันออก),90.0,,— ว่าง —,,,,,,
south-facilities:9503,โรงพยาบาล โรงพยาบาลบันนังสตา,9,EbS,บูรพาค่อนใต้,101.25,,— ว่าง —,,,,,,
south-facilities:9503,โรงพยาบาล โรงพยาบาลบันนังสตา,10,ESE,บูรพา-อาคเนย์,112.5,,— ว่าง —,,,,,,
south-facilities:9503,โรงพยาบาล โรงพยาบาลบันนังสตา,11,SEbE,อาคเนย์ค่อนบูรพา,123.75,,— ว่าง —,,,,,,
south-facilities:9503,โรงพยาบาล โรงพยาบาลบันนังสตา,12,SE,อาคเนย์ (ตอ.เฉียงใต้),135.0,,— ว่าง —,,,,,,
south-facilities:9503,โรงพยาบาล โรงพยาบาลบันนังสตา,13,SEbS,อาคเนย์ค่อนใต้,146.25,,— ว่าง —,,,,,,
south-facilities:9503,โรงพยาบาล โรงพยาบาลบันนังสตา,14,SSE,ใต้-อาคเนย์,157.5,,— ว่าง —,,,,,,
south-facilities:9503,โรงพยาบาล โรงพยาบาลบันนังสตา,15,SbE,ใต้ค่อนบูรพา,168.75,,— ว่าง —,,,,,,
south-facilities:9503,โรงพยาบาล โรงพยาบาลบันนังสตา,16,S,ทักษิณ (ใต้),180.0,,— ว่าง —,,,,,,
south-facilities:9503,โรงพยาบาล โรงพยาบาลบันนังสตา,17,SbW,ใต้ค่อนประจิม,191.25,,— ว่าง —,,,,,,
south-facilities:9503,โรงพยาบาล โรงพยาบาลบันนังสตา,18,SSW,ใต้-หรดี,202.5,,— ว่าง —,,,,,,
south-facilities:9503,โรงพยาบาล โรงพยาบาลบันนังสตา,19,SWbS,หรดีค่อนใต้,213.75,south-facilities:9504,สถานีตำรวจ (ไม่ระบุชื่อ) ธารโต,สถานีตำรวจ,13.568,20.273,1.494,94.53133272241321,33.905727956184776
south-facilities:9503,โรงพยาบาล โรงพยาบาลบันนังสตา,20,SW,หรดี (ตต.เฉียงใต้),225.0,south-facilities:9504/2,โรงพยาบาล โรงพยาบาลธารโต,โรงพยาบาล,13.521,20.007,1.48,94.53133272241321,62.26750725609654
south-facilities:9503,โรงพยาบาล โรงพยาบาลบันนังสตา,21,SWbW,หรดีค่อนประจิม,236.25,,— ว่าง —,,,,,,
south-facilities:9503,โรงพยาบาล โรงพยาบาลบันนังสตา,22,WSW,ประจิม-หรดี,247.5,,— ว่าง —,,,,,,
south-facilities:9503,โรงพยาบาล โรงพยาบาลบันนังสตา,23,WbS,ประจิมค่อนใต้,258.75,,— ว่าง —,,,,,,
south-facilities:9503,โรงพยาบาล โรงพยาบาลบันนังสตา,24,W,ประจิม (ตะวันตก),270.0,,— ว่าง —,,,,,,
south-facilities:9503,โรงพยาบาล โรงพยาบาลบันนังสตา,25,WbN,ประจิมค่อนเหนือ,281.25,,— ว่าง —,,,,,,
south-facilities:9503,โรงพยาบาล โรงพยาบาลบันนังสตา,26,WNW,ประจิม-พายัพ,292.5,,— ว่าง —,,,,,,
south-facilities:9503,โรงพยาบาล โรงพยาบาลบันนังสตา,27,NWbW,พายัพค่อนประจิม,303.75,,— ว่าง —,,,,,,
south-facilities:9503,โรงพยาบาล โรงพยาบาลบันนังสตา,28,NW,พายัพ (ตต.เฉียงเหนือ),315.0,south-facilities:9503/2,โรงพยาบาล โรงพยาบาลบันนังสตา,โรงพยาบาล,0.038,0.0,0.0,94.53133272241321,129.16809983181676
south-facilities:9503,โรงพยาบาล โรงพยาบาลบันนังสตา,29,NWbN,พายัพค่อนเหนือ,326.25,,— ว่าง —,,,,,,
south-facilities:9503,โรงพยาบาล โรงพยาบาลบันนังสตา,30,NNW,เหนือ-พายัพ,337.5,,— ว่าง —,,,,,,
south-facilities:9503,โรงพยาบาล โรงพยาบาลบันนังสตา,31,NbW,เหนือค่อนประจิม,348.75,,— ว่าง —,,,,,,
south-facilities:9503/2,โรงพยาบาล โรงพยาบาลบันนังสตา,0,N,อุดร (เหนือ),0.0,,— ว่าง —,,,,,,
south-facilities:9503/2,โรงพยาบาล โรงพยาบาลบันนังสตา,1,NbE,เหนือค่อนอีสาน,11.25,,— ว่าง —,,,,,,
south-facilities:9503/2,โรงพยาบาล โรงพยาบาลบันนังสตา,2,NNE,เหนือ-อีสาน,22.5,,— ว่าง —,,,,,,
south-facilities:9503/2,โรงพยาบาล โรงพยาบาลบันนังสตา,3,NEbN,อีสานค่อนเหนือ,33.75,,— ว่าง —,,,,,,
south-facilities:9503/2,โรงพยาบาล โรงพยาบาลบันนังสตา,4,NE,อีสาน (ตอ.เฉียงเหนือ),45.0,,— ว่าง —,,,,,,
south-facilities:9503/2,โรงพยาบาล โรงพยาบาลบันนังสตา,5,NEbE,อีสานค่อนบูรพา,56.25,,— ว่าง —,,,,,,
south-facilities:9503/2,โรงพยาบาล โรงพยาบาลบันนังสตา,6,ENE,บูรพา-อีสาน,67.5,,— ว่าง —,,,,,,
south-facilities:9503/2,โรงพยาบาล โรงพยาบาลบันนังสตา,7,EbN,บูรพาค่อนเหนือ,78.75,,— ว่าง —,,,,,,
south-facilities:9503/2,โรงพยาบาล โรงพยาบาลบันนังสตา,8,E,บูรพา (ตะวันออก),90.0,,— ว่าง —,,,,,,
south-facilities:9503/2,โรงพยาบาล โรงพยาบาลบันนังสตา,9,EbS,บูรพาค่อนใต้,101.25,,— ว่าง —,,,,,,
south-facilities:9503/2,โรงพยาบาล โรงพยาบาลบันนังสตา,10,ESE,บูรพา-อาคเนย์,112.5,,— ว่าง —,,,,,,
south-facilities:9503/2,โรงพยาบาล โรงพยาบาลบันนังสตา,11,SEbE,อาคเนย์ค่อนบูรพา,123.75,,— ว่าง —,,,,,,
south-facilities:9503/2,โรงพยาบาล โรงพยาบาลบันนังสตา,12,SE,อาคเนย์ (ตอ.เฉียงใต้),135.0,south-facilities:9503,โรงพยาบาล โรงพยาบาลบันนังสตา,โรงพยาบาล,0.038,0.0,0.0,129.16809983181676,94.53133272241321
south-facilities:9503/2,โรงพยาบาล โรงพยาบาลบันนังสตา,13,SEbS,อาคเนย์ค่อนใต้,146.25,,— ว่าง —,,,,,,
south-facilities:9503/2,โรงพยาบาล โรงพยาบาลบันนังสตา,14,SSE,ใต้-อาคเนย์,157.5,,— ว่าง —,,,,,,
south-facilities:9503/2,โรงพยาบาล โรงพยาบาลบันนังสตา,15,SbE,ใต้ค่อนบูรพา,168.75,,— ว่าง —,,,,,,
south-facilities:9503/2,โรงพยาบาล โรงพยาบาลบันนังสตา,16,S,ทักษิณ (ใต้),180.0,,— ว่าง —,,,,,,
south-facilities:9503/2,โรงพยาบาล โรงพยาบาลบันนังสตา,17,SbW,ใต้ค่อนประจิม,191.25,,— ว่าง —,,,,,,
south-facilities:9503/2,โรงพยาบาล โรงพยาบาลบันนังสตา,18,SSW,ใต้-หรดี,202.5,,— ว่าง —,,,,,,
south-facilities:9503/2,โรงพยาบาล โรงพยาบาลบันนังสตา,19,SWbS,หรดีค่อนใต้,213.75,south-facilities:9504,สถานีตำรวจ (ไม่ระบุชื่อ) ธารโต,สถานีตำรวจ,13.576,20.273,1.493,129.16809983181676,33.905727956184776
south-facilities:9503/2,โรงพยาบาล โรงพยาบาลบันนังสตา,20,SW,หรดี (ตต.เฉียงใต้),225.0,south-facilities:9504/2,โรงพยาบาล โรงพยาบาลธารโต,โรงพยาบาล,13.527,20.007,1.479,129.16809983181676,62.26750725609654
south-facilities:9503/2,โรงพยาบาล โรงพยาบาลบันนังสตา,21,SWbW,หรดีค่อนประจิม,236.25,,— ว่าง —,,,,,,
south-facilities:9503/2,โรงพยาบาล โรงพยาบาลบันนังสตา,22,WSW,ประจิม-หรดี,247.5,,— ว่าง —,,,,,,
south-facilities:9503/2,โรงพยาบาล โรงพยาบาลบันนังสตา,23,WbS,ประจิมค่อนใต้,258.75,,— ว่าง —,,,,,,
south-facilities:9503/2,โรงพยาบาล โรงพยาบาลบันนังสตา,24,W,ประจิม (ตะวันตก),270.0,,— ว่าง —,,,,,,
south-facilities:9503/2,โรงพยาบาล โรงพยาบาลบันนังสตา,25,WbN,ประจิมค่อนเหนือ,281.25,,— ว่าง —,,,,,,
south-facilities:9503/2,โรงพยาบาล โรงพยาบาลบันนังสตา,26,WNW,ประจิม-พายัพ,292.5,,— ว่าง —,,,,,,
south-facilities:9503/2,โรงพยาบาล โรงพยาบาลบันนังสตา,27,NWbW,พายัพค่อนประจิม,303.75,,— ว่าง —,,,,,,
south-facilities:9503/2,โรงพยาบาล โรงพยาบาลบันนังสตา,28,NW,พายัพ (ตต.เฉียงเหนือ),315.0,,— ว่าง —,,,,,,
south-facilities:9503/2,โรงพยาบาล โรงพยาบาลบันนังสตา,29,NWbN,พายัพค่อนเหนือ,326.25,,— ว่าง —,,,,,,
south-facilities:9503/2,โรงพยาบาล โรงพยาบาลบันนังสตา,30,NNW,เหนือ-พายัพ,337.5,,— ว่าง —,,,,,,
south-facilities:9503/2,โรงพยาบาล โรงพยาบาลบันนังสตา,31,NbW,เหนือค่อนประจิม,348.75,,— ว่าง —,,,,,,
south-facilities:9504,สถานีตำรวจ (ไม่ระบุชื่อ) ธารโต,0,N,อุดร (เหนือ),0.0,,— ว่าง —,,,,,,
south-facilities:9504,สถานีตำรวจ (ไม่ระบุชื่อ) ธารโต,1,NbE,เหนือค่อนอีสาน,11.25,,— ว่าง —,,,,,,
south-facilities:9504,สถานีตำรวจ (ไม่ระบุชื่อ) ธารโต,2,NNE,เหนือ-อีสาน,22.5,,— ว่าง —,,,,,,
south-facilities:9504,สถานีตำรวจ (ไม่ระบุชื่อ) ธารโต,3,NEbN,อีสานค่อนเหนือ,33.75,south-facilities:9503,โรงพยาบาล โรงพยาบาลบันนังสตา,โรงพยาบาล,13.568,20.448,1.507,33.905727956184776,94.53133272241321
south-facilities:9504,สถานีตำรวจ (ไม่ระบุชื่อ) ธารโต,4,NE,อีสาน (ตอ.เฉียงเหนือ),45.0,,— ว่าง —,,,,,,
south-facilities:9504,สถานีตำรวจ (ไม่ระบุชื่อ) ธารโต,5,NEbE,อีสานค่อนบูรพา,56.25,,— ว่าง —,,,,,,
south-facilities:9504,สถานีตำรวจ (ไม่ระบุชื่อ) ธารโต,6,ENE,บูรพา-อีสาน,67.5,,— ว่าง —,,,,,,
south-facilities:9504,สถานีตำรวจ (ไม่ระบุชื่อ) ธารโต,7,EbN,บูรพาค่อนเหนือ,78.75,,— ว่าง —,,,,,,
south-facilities:9504,สถานีตำรวจ (ไม่ระบุชื่อ) ธารโต,8,E,บูรพา (ตะวันออก),90.0,,— ว่าง —,,,,,,
south-facilities:9504,สถานีตำรวจ (ไม่ระบุชื่อ) ธารโต,9,EbS,บูรพาค่อนใต้,101.25,,— ว่าง —,,,,,,
south-facilities:9504,สถานีตำรวจ (ไม่ระบุชื่อ) ธารโต,10,ESE,บูรพา-อาคเนย์,112.5,,— ว่าง —,,,,,,
south-facilities:9504,สถานีตำรวจ (ไม่ระบุชื่อ) ธารโต,11,SEbE,อาคเนย์ค่อนบูรพา,123.75,,— ว่าง —,,,,,,
south-facilities:9504,สถานีตำรวจ (ไม่ระบุชื่อ) ธารโต,12,SE,อาคเนย์ (ตอ.เฉียงใต้),135.0,,— ว่าง —,,,,,,
south-facilities:9504,สถานีตำรวจ (ไม่ระบุชื่อ) ธารโต,13,SEbS,อาคเนย์ค่อนใต้,146.25,,— ว่าง —,,,,,,
south-facilities:9504,สถานีตำรวจ (ไม่ระบุชื่อ) ธารโต,14,SSE,ใต้-อาคเนย์,157.5,,— ว่าง —,,,,,,
south-facilities:9504,สถานีตำรวจ (ไม่ระบุชื่อ) ธารโต,15,SbE,ใต้ค่อนบูรพา,168.75,,— ว่าง —,,,,,,
south-facilities:9504,สถานีตำรวจ (ไม่ระบุชื่อ) ธารโต,16,S,ทักษิณ (ใต้),180.0,,— ว่าง —,,,,,,
south-facilities:9504,สถานีตำรวจ (ไม่ระบุชื่อ) ธารโต,17,SbW,ใต้ค่อนประจิม,191.25,,— ว่าง —,,,,,,
south-facilities:9504,สถานีตำรวจ (ไม่ระบุชื่อ) ธารโต,18,SSW,ใต้-หรดี,202.5,,— ว่าง —,,,,,,
south-facilities:9504,สถานีตำรวจ (ไม่ระบุชื่อ) ธารโต,19,SWbS,หรดีค่อนใต้,213.75,,— ว่าง —,,,,,,
south-facilities:9504,สถานีตำรวจ (ไม่ระบุชื่อ) ธารโต,20,SW,หรดี (ตต.เฉียงใต้),225.0,,— ว่าง —,,,,,,
south-facilities:9504,สถานีตำรวจ (ไม่ระบุชื่อ) ธารโต,21,SWbW,หรดีค่อนประจิม,236.25,,— ว่าง —,,,,,,
south-facilities:9504,สถานีตำรวจ (ไม่ระบุชื่อ) ธารโต,22,WSW,ประจิม-หรดี,247.5,,— ว่าง —,,,,,,
south-facilities:9504,สถานีตำรวจ (ไม่ระบุชื่อ) ธารโต,23,WbS,ประจิมค่อนใต้,258.75,,— ว่าง —,,,,,,
south-facilities:9504,สถานีตำรวจ (ไม่ระบุชื่อ) ธารโต,24,W,ประจิม (ตะวันตก),270.0,,— ว่าง —,,,,,,
south-facilities:9504,สถานีตำรวจ (ไม่ระบุชื่อ) ธารโต,25,WbN,ประจิมค่อนเหนือ,281.25,,— ว่าง —,,,,,,
south-facilities:9504,สถานีตำรวจ (ไม่ระบุชื่อ) ธารโต,26,WNW,ประจิม-พายัพ,292.5,,— ว่าง —,,,,,,
south-facilities:9504,สถานีตำรวจ (ไม่ระบุชื่อ) ธารโต,27,NWbW,พายัพค่อนประจิม,303.75,,— ว่าง —,,,,,,
south-facilities:9504,สถานีตำรวจ (ไม่ระบุชื่อ) ธารโต,28,NW,พายัพ (ตต.เฉียงเหนือ),315.0,south-facilities:9504/2,โรงพยาบาล โรงพยาบาลธารโต,โรงพยาบาล,0.303,0.87,2.873,33.905727956184776,62.26750725609654
south-facilities:9504,สถานีตำรวจ (ไม่ระบุชื่อ) ธารโต,29,NWbN,พายัพค่อนเหนือ,326.25,,— ว่าง —,,,,,,
south-facilities:9504,สถานีตำรวจ (ไม่ระบุชื่อ) ธารโต,30,NNW,เหนือ-พายัพ,337.5,,— ว่าง —,,,,,,
south-facilities:9504,สถานีตำรวจ (ไม่ระบุชื่อ) ธารโต,31,NbW,เหนือค่อนประจิม,348.75,,— ว่าง —,,,,,,
south-facilities:9504/2,โรงพยาบาล โรงพยาบาลธารโต,0,N,อุดร (เหนือ),0.0,,— ว่าง —,,,,,,
south-facilities:9504/2,โรงพยาบาล โรงพยาบาลธารโต,1,NbE,เหนือค่อนอีสาน,11.25,,— ว่าง —,,,,,,
south-facilities:9504/2,โรงพยาบาล โรงพยาบาลธารโต,2,NNE,เหนือ-อีสาน,22.5,,— ว่าง —,,,,,,
south-facilities:9504/2,โรงพยาบาล โรงพยาบาลธารโต,3,NEbN,อีสานค่อนเหนือ,33.75,,— ว่าง —,,,,,,
south-facilities:9504/2,โรงพยาบาล โรงพยาบาลธารโต,4,NE,อีสาน (ตอ.เฉียงเหนือ),45.0,south-facilities:9503,โรงพยาบาล โรงพยาบาลบันนังสตา,โรงพยาบาล,13.521,20.714,1.532,62.26750725609654,94.53133272241321
south-facilities:9504/2,โรงพยาบาล โรงพยาบาลธารโต,5,NEbE,อีสานค่อนบูรพา,56.25,,— ว่าง —,,,,,,
south-facilities:9504/2,โรงพยาบาล โรงพยาบาลธารโต,6,ENE,บูรพา-อีสาน,67.5,,— ว่าง —,,,,,,
south-facilities:9504/2,โรงพยาบาล โรงพยาบาลธารโต,7,EbN,บูรพาค่อนเหนือ,78.75,,— ว่าง —,,,,,,
south-facilities:9504/2,โรงพยาบาล โรงพยาบาลธารโต,8,E,บูรพา (ตะวันออก),90.0,,— ว่าง —,,,,,,
south-facilities:9504/2,โรงพยาบาล โรงพยาบาลธารโต,9,EbS,บูรพาค่อนใต้,101.25,,— ว่าง —,,,,,,
south-facilities:9504/2,โรงพยาบาล โรงพยาบาลธารโต,10,ESE,บูรพา-อาคเนย์,112.5,,— ว่าง —,,,,,,
south-facilities:9504/2,โรงพยาบาล โรงพยาบาลธารโต,11,SEbE,อาคเนย์ค่อนบูรพา,123.75,,— ว่าง —,,,,,,
south-facilities:9504/2,โรงพยาบาล โรงพยาบาลธารโต,12,SE,อาคเนย์ (ตอ.เฉียงใต้),135.0,south-facilities:9504,สถานีตำรวจ (ไม่ระบุชื่อ) ธารโต,สถานีตำรวจ,0.303,0.266,0.879,62.26750725609654,33.905727956184776
south-facilities:9504/2,โรงพยาบาล โรงพยาบาลธารโต,13,SEbS,อาคเนย์ค่อนใต้,146.25,,— ว่าง —,,,,,,
south-facilities:9504/2,โรงพยาบาล โรงพยาบาลธารโต,14,SSE,ใต้-อาคเนย์,157.5,,— ว่าง —,,,,,,
south-facilities:9504/2,โรงพยาบาล โรงพยาบาลธารโต,15,SbE,ใต้ค่อนบูรพา,168.75,,— ว่าง —,,,,,,
south-facilities:9504/2,โรงพยาบาล โรงพยาบาลธารโต,16,S,ทักษิณ (ใต้),180.0,,— ว่าง —,,,,,,
south-facilities:9504/2,โรงพยาบาล โรงพยาบาลธารโต,17,SbW,ใต้ค่อนประจิม,191.25,,— ว่าง —,,,,,,
south-facilities:9504/2,โรงพยาบาล โรงพยาบาลธารโต,18,SSW,ใต้-หรดี,202.5,,— ว่าง —,,,,,,
south-facilities:9504/2,โรงพยาบาล โรงพยาบาลธารโต,19,SWbS,หรดีค่อนใต้,213.75,,— ว่าง —,,,,,,
south-facilities:9504/2,โรงพยาบาล โรงพยาบาลธารโต,20,SW,หรดี (ตต.เฉียงใต้),225.0,,— ว่าง —,,,,,,
south-facilities:9504/2,โรงพยาบาล โรงพยาบาลธารโต,21,SWbW,หรดีค่อนประจิม,236.25,,— ว่าง —,,,,,,
south-facilities:9504/2,โรงพยาบาล โรงพยาบาลธารโต,22,WSW,ประจิม-หรดี,247.5,,— ว่าง —,,,,,,
south-facilities:9504/2,โรงพยาบาล โรงพยาบาลธารโต,23,WbS,ประจิมค่อนใต้,258.75,,— ว่าง —,,,,,,
south-facilities:9504/2,โรงพยาบาล โรงพยาบาลธารโต,24,W,ประจิม (ตะวันตก),270.0,,— ว่าง —,,,,,,
south-facilities:9504/2,โรงพยาบาล โรงพยาบาลธารโต,25,WbN,ประจิมค่อนเหนือ,281.25,,— ว่าง —,,,,,,
south-facilities:9504/2,โรงพยาบาล โรงพยาบาลธารโต,26,WNW,ประจิม-พายัพ,292.5,,— ว่าง —,,,,,,
south-facilities:9504/2,โรงพยาบาล โรงพยาบาลธารโต,27,NWbW,พายัพค่อนประจิม,303.75,,— ว่าง —,,,,,,
south-facilities:9504/2,โรงพยาบาล โรงพยาบาลธารโต,28,NW,พายัพ (ตต.เฉียงเหนือ),315.0,,— ว่าง —,,,,,,
south-facilities:9504/2,โรงพยาบาล โรงพยาบาลธารโต,29,NWbN,พายัพค่อนเหนือ,326.25,,— ว่าง —,,,,,,
south-facilities:9504/2,โรงพยาบาล โรงพยาบาลธารโต,30,NNW,เหนือ-พายัพ,337.5,,— ว่าง —,,,,,,
south-facilities:9504/2,โรงพยาบาล โรงพยาบาลธารโต,31,NbW,เหนือค่อนประจิม,348.75,,— ว่าง —,,,,,,
south-facilities:9505,โรงพยาบาล (ไม่ระบุชื่อ) ยะหา,0,N,อุดร (เหนือ),0.0,,— ว่าง —,,,,,,
south-facilities:9505,โรงพยาบาล (ไม่ระบุชื่อ) ยะหา,1,NbE,เหนือค่อนอีสาน,11.25,,— ว่าง —,,,,,,
south-facilities:9505,โรงพยาบาล (ไม่ระบุชื่อ) ยะหา,2,NNE,เหนือ-อีสาน,22.5,,— ว่าง —,,,,,,
south-facilities:9505,โรงพยาบาล (ไม่ระบุชื่อ) ยะหา,3,NEbN,อีสานค่อนเหนือ,33.75,south-facilities:9412,โรงพยาบาล โรงพยาบาลแม่ลาน,โรงพยาบาล,22.853,32.657,1.429,59.737005230787936,87.77848466069065
south-facilities:9505,โรงพยาบาล (ไม่ระบุชื่อ) ยะหา,4,NE,อีสาน (ตอ.เฉียงเหนือ),45.0,,— ว่าง —,,,,,,
south-facilities:9505,โรงพยาบาล (ไม่ระบุชื่อ) ยะหา,5,NEbE,อีสานค่อนบูรพา,56.25,south-facilities:9410/2,สถานีตำรวจ จุดตรวจทหารพราน,สถานีตำรวจ,22.68,26.991,1.19,59.737005230787936,12.209983621104518
south-facilities:9505,โรงพยาบาล (ไม่ระบุชื่อ) ยะหา,6,ENE,บูรพา-อีสาน,67.5,south-facilities:9501/4,ด่านตรวจ (ไม่ระบุชื่อ) เมืองยะลา,ด่านตรวจ,17.451,20.082,1.151,59.737005230787936,0.06472538175885302
south-facilities:9505,โรงพยาบาล (ไม่ระบุชื่อ) ยะหา,7,EbN,บูรพาค่อนเหนือ,78.75,south-facilities:9501/11,สถานีตำรวจ กองร้อย ๕ กองกำกับการตำรวจตระเวนชายแดน ๙,สถานีตำรวจ,17.454,22.78,1.305,59.737005230787936,179.81077995896513
south-facilities:9505,โรงพยาบาล (ไม่ระบุชื่อ) ยะหา,8,E,บูรพา (ตะวันออก),90.0,,— ว่าง —,,,,,,
south-facilities:9505,โรงพยาบาล (ไม่ระบุชื่อ) ยะหา,9,EbS,บูรพาค่อนใต้,101.25,,— ว่าง —,,,,,,
south-facilities:9505,โรงพยาบาล (ไม่ระบุชื่อ) ยะหา,10,ESE,บูรพา-อาคเนย์,112.5,,— ว่าง —,,,,,,
south-facilities:9505,โรงพยาบาล (ไม่ระบุชื่อ) ยะหา,11,SEbE,อาคเนย์ค่อนบูรพา,123.75,,— ว่าง —,,,,,,
south-facilities:9505,โรงพยาบาล (ไม่ระบุชื่อ) ยะหา,12,SE,อาคเนย์ (ตอ.เฉียงใต้),135.0,,— ว่าง —,,,,,,
south-facilities:9505,โรงพยาบาล (ไม่ระบุชื่อ) ยะหา,13,SEbS,อาคเนย์ค่อนใต้,146.25,,— ว่าง —,,,,,,
south-facilities:9505,โรงพยาบาล (ไม่ระบุชื่อ) ยะหา,14,SSE,ใต้-อาคเนย์,157.5,,— ว่าง —,,,,,,
south-facilities:9505,โรงพยาบาล (ไม่ระบุชื่อ) ยะหา,15,SbE,ใต้ค่อนบูรพา,168.75,,— ว่าง —,,,,,,
south-facilities:9505,โรงพยาบาล (ไม่ระบุชื่อ) ยะหา,16,S,ทักษิณ (ใต้),180.0,,— ว่าง —,,,,,,
south-facilities:9505,โรงพยาบาล (ไม่ระบุชื่อ) ยะหา,17,SbW,ใต้ค่อนประจิม,191.25,,— ว่าง —,,,,,,
south-facilities:9505,โรงพยาบาล (ไม่ระบุชื่อ) ยะหา,18,SSW,ใต้-หรดี,202.5,,— ว่าง —,,,,,,
south-facilities:9505,โรงพยาบาล (ไม่ระบุชื่อ) ยะหา,19,SWbS,หรดีค่อนใต้,213.75,,— ว่าง —,,,,,,
south-facilities:9505,โรงพยาบาล (ไม่ระบุชื่อ) ยะหา,20,SW,หรดี (ตต.เฉียงใต้),225.0,,— ว่าง —,,,,,,
south-facilities:9505,โรงพยาบาล (ไม่ระบุชื่อ) ยะหา,21,SWbW,หรดีค่อนประจิม,236.25,south-facilities:9507,โรงพยาบาล โรงพยาบาลกาบัง,โรงพยาบาล,13.162,18.024,1.369,59.737005230787936,65.30527889155283
south-facilities:9505,โรงพยาบาล (ไม่ระบุชื่อ) ยะหา,22,WSW,ประจิม-หรดี,247.5,,— ว่าง —,,,,,,
south-facilities:9505,โรงพยาบาล (ไม่ระบุชื่อ) ยะหา,23,WbS,ประจิมค่อนใต้,258.75,,— ว่าง —,,,,,,
south-facilities:9505,โรงพยาบาล (ไม่ระบุชื่อ) ยะหา,24,W,ประจิม (ตะวันตก),270.0,,— ว่าง —,,,,,,
south-facilities:9505,โรงพยาบาล (ไม่ระบุชื่อ) ยะหา,25,WbN,ประจิมค่อนเหนือ,281.25,,— ว่าง —,,,,,,
south-facilities:9505,โรงพยาบาล (ไม่ระบุชื่อ) ยะหา,26,WNW,ประจิม-พายัพ,292.5,,— ว่าง —,,,,,,
south-facilities:9505,โรงพยาบาล (ไม่ระบุชื่อ) ยะหา,27,NWbW,พายัพค่อนประจิม,303.75,south-facilities:9006/2,โรงพยาบาล โรงพยาบาลสะบ้าย้อย,โรงพยาบาล,24.379,31.972,1.311,59.737005230787936,109.1222685433677
south-facilities:9505,โรงพยาบาล (ไม่ระบุชื่อ) ยะหา,28,NW,พายัพ (ตต.เฉียงเหนือ),315.0,,— ว่าง —,,,,,,
south-facilities:9505,โรงพยาบาล (ไม่ระบุชื่อ) ยะหา,29,NWbN,พายัพค่อนเหนือ,326.25,,— ว่าง —,,,,,,
south-facilities:9505,โรงพยาบาล (ไม่ระบุชื่อ) ยะหา,30,NNW,เหนือ-พายัพ,337.5,,— ว่าง —,,,,,,
south-facilities:9505,โรงพยาบาล (ไม่ระบุชื่อ) ยะหา,31,NbW,เหนือค่อนประจิม,348.75,,— ว่าง —,,,,,,
south-facilities:9506,ด่านตรวจ (ไม่ระบุชื่อ) รามัน,0,N,อุดร (เหนือ),0.0,,— ว่าง —,,,,,,
south-facilities:9506,ด่านตรวจ (ไม่ระบุชื่อ) รามัน,1,NbE,เหนือค่อนอีสาน,11.25,,— ว่าง —,,,,,,
south-facilities:9506,ด่านตรวจ (ไม่ระบุชื่อ) รามัน,2,NNE,เหนือ-อีสาน,22.5,south-facilities:9411,โรงพยาบาล โรงพยาบาลกะพ้อ,โรงพยาบาล,12.203,12.623,1.034,0.045571707208110414,65.17763192168357
south-facilities:9506,ด่านตรวจ (ไม่ระบุชื่อ) รามัน,3,NEbN,อีสานค่อนเหนือ,33.75,,— ว่าง —,,,,,,
south-facilities:9506,ด่านตรวจ (ไม่ระบุชื่อ) รามัน,4,NE,อีสาน (ตอ.เฉียงเหนือ),45.0,,— ว่าง —,,,,,,
south-facilities:9506,ด่านตรวจ (ไม่ระบุชื่อ) รามัน,5,NEbE,อีสานค่อนบูรพา,56.25,south-facilities:9408,โรงพยาบาล โรงพยาบาลไม้แก่น,โรงพยาบาล,24.575,30.631,1.246,0.045571707208110414,59.25526141909616
south-facilities:9506,ด่านตรวจ (ไม่ระบุชื่อ) รามัน,6,ENE,บูรพา-อีสาน,67.5,,— ว่าง —,,,,,,
south-facilities:9506,ด่านตรวจ (ไม่ระบุชื่อ) รามัน,7,EbN,บูรพาค่อนเหนือ,78.75,south-facilities:9603,โรงพยาบาล โรงพยาบาลบาเจาะ,โรงพยาบาล,18.976,36.571,1.927,0.045571707208110414,57.37414587941606
south-facilities:9506,ด่านตรวจ (ไม่ระบุชื่อ) รามัน,8,E,บูรพา (ตะวันออก),90.0,,— ว่าง —,,,,,,
south-facilities:9506,ด่านตรวจ (ไม่ระบุชื่อ) รามัน,9,EbS,บูรพาค่อนใต้,101.25,south-facilities:9604/4,ด่านตรวจ (ไม่ระบุชื่อ) ยี่งอ,ด่านตรวจ,19.067,22.81,1.196,0.045571707208110414,0.024832605752899573
south-facilities:9506,ด่านตรวจ (ไม่ระบุชื่อ) รามัน,10,ESE,บูรพา-อาคเนย์,112.5,south-facilities:9604,โรงพยาบาล โรงพยาบาล​ยี่งอเฉลิม​พระเกียรติ​ 80 พรรษา,โรงพยาบาล,24.031,35.045,1.458,0.045571707208110414,34.4785964036298
south-facilities:9506,ด่านตรวจ (ไม่ระบุชื่อ) รามัน,11,SEbE,อาคเนย์ค่อนบูรพา,123.75,,— ว่าง —,,,,,,
south-facilities:9506,ด่านตรวจ (ไม่ระบุชื่อ) รามัน,12,SE,อาคเนย์ (ตอ.เฉียงใต้),135.0,south-facilities:9605,ด่านตรวจ (ไม่ระบุชื่อ) ระแงะ,ด่านตรวจ,21.702,31.4,1.447,0.045571707208110414,0.07093434087537026
south-facilities:9506,ด่านตรวจ (ไม่ระบุชื่อ) รามัน,13,SEbS,อาคเนย์ค่อนใต้,146.25,south-facilities:9606,ด่านตรวจ (ไม่ระบุชื่อ) รือเสาะ,ด่านตรวจ,16.332,23.157,1.418,0.045571707208110414,0.0
south-facilities:9506,ด่านตรวจ (ไม่ระบุชื่อ) รามัน,14,SSE,ใต้-อาคเนย์,157.5,south-facilities:9606/7,โรงพยาบาล (ไม่ระบุชื่อ) รือเสาะ,โรงพยาบาล,4.86,5.514,1.135,0.045571707208110414,31.00652475052335
south-facilities:9506,ด่านตรวจ (ไม่ระบุชื่อ) รามัน,15,SbE,ใต้ค่อนบูรพา,168.75,south-facilities:9606/3,ด่านตรวจ (ไม่ระบุชื่อ) รือเสาะ,ด่านตรวจ,10.129,11.657,1.151,0.045571707208110414,0.022100993314003683
south-facilities:9506,ด่านตรวจ (ไม่ระบุชื่อ) รามัน,16,S,ทักษิณ (ใต้),180.0,,— ว่าง —,,,,,,
south-facilities:9506,ด่านตรวจ (ไม่ระบุชื่อ) รามัน,17,SbW,ใต้ค่อนประจิม,191.25,,— ว่าง —,,,,,,
south-facilities:9506,ด่านตรวจ (ไม่ระบุชื่อ) รามัน,18,SSW,ใต้-หรดี,202.5,,— ว่าง —,,,,,,
south-facilities:9506,ด่านตรวจ (ไม่ระบุชื่อ) รามัน,19,SWbS,หรดีค่อนใต้,213.75,,— ว่าง —,,,,,,
south-facilities:9506,ด่านตรวจ (ไม่ระบุชื่อ) รามัน,20,SW,หรดี (ตต.เฉียงใต้),225.0,,— ว่าง —,,,,,,
south-facilities:9506,ด่านตรวจ (ไม่ระบุชื่อ) รามัน,21,SWbW,หรดีค่อนประจิม,236.25,south-facilities:9506/3,สถานีตำรวจ สถานีภูธรจะว๊ะ,สถานีตำรวจ,0.039,0.0,0.0,0.045571707208110414,39.13537912524573
south-facilities:9506,ด่านตรวจ (ไม่ระบุชื่อ) รามัน,22,WSW,ประจิม-หรดี,247.5,,— ว่าง —,,,,,,
south-facilities:9506,ด่านตรวจ (ไม่ระบุชื่อ) รามัน,23,WbS,ประจิมค่อนใต้,258.75,,— ว่าง —,,,,,,
south-facilities:9506,ด่านตรวจ (ไม่ระบุชื่อ) รามัน,24,W,ประจิม (ตะวันตก),270.0,south-facilities:9506/4,โรงพยาบาล โรงพยาบาลรามัน,โรงพยาบาล,8.035,8.635,1.075,0.045571707208110414,45.37929517289792
south-facilities:9506,ด่านตรวจ (ไม่ระบุชื่อ) รามัน,25,WbN,ประจิมค่อนเหนือ,281.25,south-facilities:9501/8,สถานีตำรวจ กองกำกับการตำรวจตระเวนชายแดนที่44,สถานีตำรวจ,19.061,25.842,1.356,0.045571707208110414,474.45519174138866
south-facilities:9506,ด่านตรวจ (ไม่ระบุชื่อ) รามัน,26,WNW,ประจิม-พายัพ,292.5,south-facilities:9501/12,สถานีดับเพลิง (ไม่ระบุชื่อ) เมืองยะลา,สถานีดับเพลิง,21.073,28.761,1.365,0.045571707208110414,71.10550439130981
south-facilities:9506,ด่านตรวจ (ไม่ระบุชื่อ) รามัน,27,NWbW,พายัพค่อนประจิม,303.75,south-facilities:9506/2,ด่านตรวจ (ไม่ระบุชื่อ) รามัน,ด่านตรวจ,15.172,28.718,1.893,0.045571707208110414,0.022238985381478615
south-facilities:9506,ด่านตรวจ (ไม่ระบุชื่อ) รามัน,28,NW,พายัพ (ตต.เฉียงเหนือ),315.0,,— ว่าง —,,,,,,
south-facilities:9506,ด่านตรวจ (ไม่ระบุชื่อ) รามัน,29,NWbN,พายัพค่อนเหนือ,326.25,,— ว่าง —,,,,,,
south-facilities:9506,ด่านตรวจ (ไม่ระบุชื่อ) รามัน,30,NNW,เหนือ-พายัพ,337.5,south-facilities:9406,รพ.สต./สถานีอนามัย โรงพยาบาลส่งเสริมสุขภาพตำบล ทุ่งยางแดง,รพ.สต./สถานีอนามัย,17.383,27.017,1.554,0.045571707208110414,84.1360683896038
south-facilities:9506,ด่านตรวจ (ไม่ระบุชื่อ) รามัน,31,NbW,เหนือค่อนประจิม,348.75,,— ว่าง —,,,,,,
south-facilities:9506/2,ด่านตรวจ (ไม่ระบุชื่อ) รามัน,0,N,อุดร (เหนือ),0.0,,— ว่าง —,,,,,,
south-facilities:9506/2,ด่านตรวจ (ไม่ระบุชื่อ) รามัน,1,NbE,เหนือค่อนอีสาน,11.25,south-facilities:9405/4,โรงพยาบาล โรงพยาบาลมายอ,โรงพยาบาล,18.935,21.084,1.113,0.022238985381478615,80.34645464891182
south-facilities:9506/2,ด่านตรวจ (ไม่ระบุชื่อ) รามัน,2,NNE,เหนือ-อีสาน,22.5,south-facilities:9405/2,ด่านตรวจ ด่านตรวจบ้านปาลัส 1,ด่านตรวจ,24.932,,,0.022238985381478615,0.03312705535472155
south-facilities:9506/2,ด่านตรวจ (ไม่ระบุชื่อ) รามัน,3,NEbN,อีสานค่อนเหนือ,33.75,south-facilities:9406,รพ.สต./สถานีอนามัย โรงพยาบาลส่งเสริมสุขภาพตำบล ทุ่งยางแดง,รพ.สต./สถานีอนามัย,8.915,9.932,1.114,0.022238985381478615,84.1360683896038
south-facilities:9506/2,ด่านตรวจ (ไม่ระบุชื่อ) รามัน,4,NE,อีสาน (ตอ.เฉียงเหนือ),45.0,south-facilities:9407/2,สถานีตำรวจ จุดตรวจตำรวจ,สถานีตำรวจ,24.021,31.224,1.3,0.022238985381478615,10.149324677184698
south-facilities:9506/2,ด่านตรวจ (ไม่ระบุชื่อ) รามัน,5,NEbE,อีสานค่อนบูรพา,56.25,,— ว่าง —,,,,,,
south-facilities:9506/2,ด่านตรวจ (ไม่ระบุชื่อ) รามัน,6,ENE,บูรพา-อีสาน,67.5,,— ว่าง —,,,,,,
south-facilities:9506/2,ด่านตรวจ (ไม่ระบุชื่อ) รามัน,7,EbN,บูรพาค่อนเหนือ,78.75,south-facilities:9411,โรงพยาบาล โรงพยาบาลกะพ้อ,โรงพยาบาล,18.093,26.655,1.473,0.022238985381478615,65.17763192168357
south-facilities:9506/2,ด่านตรวจ (ไม่ระบุชื่อ) รามัน,8,E,บูรพา (ตะวันออก),90.0,,— ว่าง —,,,,,,
south-facilities:9506/2,ด่านตรวจ (ไม่ระบุชื่อ) รามัน,9,EbS,บูรพาค่อนใต้,101.25,,— ว่าง —,,,,,,
south-facilities:9506/2,ด่านตรวจ (ไม่ระบุชื่อ) รามัน,10,ESE,บูรพา-อาคเนย์,112.5,,— ว่าง —,,,,,,
south-facilities:9506/2,ด่านตรวจ (ไม่ระบุชื่อ) รามัน,11,SEbE,อาคเนย์ค่อนบูรพา,123.75,south-facilities:9506/3,สถานีตำรวจ สถานีภูธรจะว๊ะ,สถานีตำรวจ,15.158,28.753,1.897,0.022238985381478615,39.13537912524573
south-facilities:9506/2,ด่านตรวจ (ไม่ระบุชื่อ) รามัน,12,SE,อาคเนย์ (ตอ.เฉียงใต้),135.0,south-facilities:9606/7,โรงพยาบาล (ไม่ระบุชื่อ) รือเสาะ,โรงพยาบาล,19.274,34.267,1.778,0.022238985381478615,31.00652475052335
south-facilities:9506/2,ด่านตรวจ (ไม่ระบุชื่อ) รามัน,13,SEbS,อาคเนย์ค่อนใต้,146.25,south-facilities:9606/3,ด่านตรวจ (ไม่ระบุชื่อ) รือเสาะ,ด่านตรวจ,23.848,40.41,1.695,0.022238985381478615,0.022100993314003683
south-facilities:9506/2,ด่านตรวจ (ไม่ระบุชื่อ) รามัน,14,SSE,ใต้-อาคเนย์,157.5,south-facilities:9506/4,โรงพยาบาล โรงพยาบาลรามัน,โรงพยาบาล,9.916,22.261,2.245,0.022238985381478615,45.37929517289792
south-facilities:9506/2,ด่านตรวจ (ไม่ระบุชื่อ) รามัน,15,SbE,ใต้ค่อนบูรพา,168.75,,— ว่าง —,,,,,,
south-facilities:9506/2,ด่านตรวจ (ไม่ระบุชื่อ) รามัน,16,S,ทักษิณ (ใต้),180.0,,— ว่าง —,,,,,,
south-facilities:9506/2,ด่านตรวจ (ไม่ระบุชื่อ) รามัน,17,SbW,ใต้ค่อนประจิม,191.25,,— ว่าง —,,,,,,
south-facilities:9506/2,ด่านตรวจ (ไม่ระบุชื่อ) รามัน,18,SSW,ใต้-หรดี,202.5,,— ว่าง —,,,,,,
south-facilities:9506/2,ด่านตรวจ (ไม่ระบุชื่อ) รามัน,19,SWbS,หรดีค่อนใต้,213.75,,— ว่าง —,,,,,,
south-facilities:9506/2,ด่านตรวจ (ไม่ระบุชื่อ) รามัน,20,SW,หรดี (ตต.เฉียงใต้),225.0,,— ว่าง —,,,,,,
south-facilities:9506/2,ด่านตรวจ (ไม่ระบุชื่อ) รามัน,21,SWbW,หรดีค่อนประจิม,236.25,south-facilities:9501/8,สถานีตำรวจ กองกำกับการตำรวจตระเวนชายแดนที่44,สถานีตำรวจ,8.008,13.501,1.686,0.022238985381478615,474.45519174138866
south-facilities:9506/2,ด่านตรวจ (ไม่ระบุชื่อ) รามัน,22,WSW,ประจิม-หรดี,247.5,south-facilities:9501/11,สถานีตำรวจ กองร้อย ๕ กองกำกับการตำรวจตระเวนชายแดน ๙,สถานีตำรวจ,11.733,18.964,1.616,0.022238985381478615,179.81077995896513
south-facilities:9506/2,ด่านตรวจ (ไม่ระบุชื่อ) รามัน,23,WbS,ประจิมค่อนใต้,258.75,south-facilities:9501/12,สถานีดับเพลิง (ไม่ระบุชื่อ) เมืองยะลา,สถานีดับเพลิง,8.01,13.416,1.675,0.022238985381478615,71.10550439130981
south-facilities:9506/2,ด่านตรวจ (ไม่ระบุชื่อ) รามัน,24,W,ประจิม (ตะวันตก),270.0,south-facilities:9501/3,ด่านตรวจ (ไม่ระบุชื่อ) เมืองยะลา,ด่านตรวจ,6.776,10.701,1.579,0.022238985381478615,0.059542925352901066
south-facilities:9506/2,ด่านตรวจ (ไม่ระบุชื่อ) รามัน,25,WbN,ประจิมค่อนเหนือ,281.25,,— ว่าง —,,,,,,
south-facilities:9506/2,ด่านตรวจ (ไม่ระบุชื่อ) รามัน,26,WNW,ประจิม-พายัพ,292.5,south-facilities:9410/2,สถานีตำรวจ จุดตรวจทหารพราน,สถานีตำรวจ,9.772,16.92,1.732,0.022238985381478615,12.209983621104518
south-facilities:9506/2,ด่านตรวจ (ไม่ระบุชื่อ) รามัน,27,NWbW,พายัพค่อนประจิม,303.75,south-facilities:9412,โรงพยาบาล โรงพยาบาลแม่ลาน,โรงพยาบาล,19.096,30.688,1.607,0.022238985381478615,87.77848466069065
south-facilities:9506/2,ด่านตรวจ (ไม่ระบุชื่อ) รามัน,28,NW,พายัพ (ตต.เฉียงเหนือ),315.0,south-facilities:9410/3,สถานีตำรวจ จุดตรวจทหารพราน,สถานีตำรวจ,12.078,16.596,1.374,0.022238985381478615,82.80603665022818
south-facilities:9506/2,ด่านตรวจ (ไม่ระบุชื่อ) รามัน,29,NWbN,พายัพค่อนเหนือ,326.25,south-facilities:9410/4,สถานีตำรวจ จุดตรวจทหารพราน,สถานีตำรวจ,16.91,22.714,1.343,0.022238985381478615,3.6302043299591595
south-facilities:9506/2,ด่านตรวจ (ไม่ระบุชื่อ) รามัน,30,NNW,เหนือ-พายัพ,337.5,south-facilities:9410/5,สถานีตำรวจ จุดตรวจทหารพราน,สถานีตำรวจ,23.067,29.608,1.284,0.022238985381478615,13.7211158574055
south-facilities:9506/2,ด่านตรวจ (ไม่ระบุชื่อ) รามัน,31,NbW,เหนือค่อนประจิม,348.75,south-facilities:9410/7,ด่านตรวจ (ไม่ระบุชื่อ) ยะรัง,ด่านตรวจ,21.811,29.11,1.335,0.022238985381478615,0.049452655347264105
south-facilities:9506/3,สถานีตำรวจ สถานีภูธรจะว๊ะ,0,N,อุดร (เหนือ),0.0,,— ว่าง —,,,,,,
south-facilities:9506/3,สถานีตำรวจ สถานีภูธรจะว๊ะ,1,NbE,เหนือค่อนอีสาน,11.25,,— ว่าง —,,,,,,
south-facilities:9506/3,สถานีตำรวจ สถานีภูธรจะว๊ะ,2,NNE,เหนือ-อีสาน,22.5,south-facilities:9411,โรงพยาบาล โรงพยาบาลกะพ้อ,โรงพยาบาล,12.237,12.623,1.032,39.13537912524573,65.17763192168357
south-facilities:9506/3,สถานีตำรวจ สถานีภูธรจะว๊ะ,3,NEbN,อีสานค่อนเหนือ,33.75,,— ว่าง —,,,,,,
south-facilities:9506/3,สถานีตำรวจ สถานีภูธรจะว๊ะ,4,NE,อีสาน (ตอ.เฉียงเหนือ),45.0,,— ว่าง —,,,,,,
south-facilities:9506/3,สถานีตำรวจ สถานีภูธรจะว๊ะ,5,NEbE,อีสานค่อนบูรพา,56.25,south-facilities:9506,ด่านตรวจ (ไม่ระบุชื่อ) รามัน,ด่านตรวจ,0.039,0.0,0.0,39.13537912524573,0.045571707208110414
south-facilities:9506/3,สถานีตำรวจ สถานีภูธรจะว๊ะ,6,ENE,บูรพา-อีสาน,67.5,,— ว่าง —,,,,,,
south-facilities:9506/3,สถานีตำรวจ สถานีภูธรจะว๊ะ,7,EbN,บูรพาค่อนเหนือ,78.75,south-facilities:9603,โรงพยาบาล โรงพยาบาลบาเจาะ,โรงพยาบาล,19.012,36.571,1.924,39.13537912524573,57.37414587941606
south-facilities:9506/3,สถานีตำรวจ สถานีภูธรจะว๊ะ,8,E,บูรพา (ตะวันออก),90.0,,— ว่าง —,,,,,,
south-facilities:9506/3,สถานีตำรวจ สถานีภูธรจะว๊ะ,9,EbS,บูรพาค่อนใต้,101.25,south-facilities:9604/4,ด่านตรวจ (ไม่ระบุชื่อ) ยี่งอ,ด่านตรวจ,19.096,22.81,1.195,39.13537912524573,0.024832605752899573
south-facilities:9506/3,สถานีตำรวจ สถานีภูธรจะว๊ะ,10,ESE,บูรพา-อาคเนย์,112.5,south-facilities:9604,โรงพยาบาล โรงพยาบาล​ยี่งอเฉลิม​พระเกียรติ​ 80 พรรษา,โรงพยาบาล,24.053,35.045,1.457,39.13537912524573,34.4785964036298
south-facilities:9506/3,สถานีตำรวจ สถานีภูธรจะว๊ะ,11,SEbE,อาคเนย์ค่อนบูรพา,123.75,,— ว่าง —,,,,,,
south-facilities:9506/3,สถานีตำรวจ สถานีภูธรจะว๊ะ,12,SE,อาคเนย์ (ตอ.เฉียงใต้),135.0,south-facilities:9605,ด่านตรวจ (ไม่ระบุชื่อ) ระแงะ,ด่านตรวจ,21.711,31.4,1.446,39.13537912524573,0.07093434087537026
south-facilities:9506/3,สถานีตำรวจ สถานีภูธรจะว๊ะ,13,SEbS,อาคเนย์ค่อนใต้,146.25,south-facilities:9606,ด่านตรวจ (ไม่ระบุชื่อ) รือเสาะ,ด่านตรวจ,16.334,23.157,1.418,39.13537912524573,0.0
south-facilities:9506/3,สถานีตำรวจ สถานีภูธรจะว๊ะ,14,SSE,ใต้-อาคเนย์,157.5,south-facilities:9606/7,โรงพยาบาล (ไม่ระบุชื่อ) รือเสาะ,โรงพยาบาล,4.849,5.514,1.137,39.13537912524573,31.00652475052335
south-facilities:9506/3,สถานีตำรวจ สถานีภูธรจะว๊ะ,15,SbE,ใต้ค่อนบูรพา,168.75,south-facilities:9606/3,ด่านตรวจ (ไม่ระบุชื่อ) รือเสาะ,ด่านตรวจ,10.116,11.657,1.152,39.13537912524573,0.022100993314003683
south-facilities:9506/3,สถานีตำรวจ สถานีภูธรจะว๊ะ,16,S,ทักษิณ (ใต้),180.0,,— ว่าง —,,,,,,
south-facilities:9506/3,สถานีตำรวจ สถานีภูธรจะว๊ะ,17,SbW,ใต้ค่อนประจิม,191.25,,— ว่าง —,,,,,,
south-facilities:9506/3,สถานีตำรวจ สถานีภูธรจะว๊ะ,18,SSW,ใต้-หรดี,202.5,,— ว่าง —,,,,,,
south-facilities:9506/3,สถานีตำรวจ สถานีภูธรจะว๊ะ,19,SWbS,หรดีค่อนใต้,213.75,,— ว่าง —,,,,,,
south-facilities:9506/3,สถานีตำรวจ สถานีภูธรจะว๊ะ,20,SW,หรดี (ตต.เฉียงใต้),225.0,,— ว่าง —,,,,,,
south-facilities:9506/3,สถานีตำรวจ สถานีภูธรจะว๊ะ,21,SWbW,หรดีค่อนประจิม,236.25,,— ว่าง —,,,,,,
south-facilities:9506/3,สถานีตำรวจ สถานีภูธรจะว๊ะ,22,WSW,ประจิม-หรดี,247.5,,— ว่าง —,,,,,,
south-facilities:9506/3,สถานีตำรวจ สถานีภูธรจะว๊ะ,23,WbS,ประจิมค่อนใต้,258.75,,— ว่าง —,,,,,,
south-facilities:9506/3,สถานีตำรวจ สถานีภูธรจะว๊ะ,24,W,ประจิม (ตะวันตก),270.0,south-facilities:9506/4,โรงพยาบาล โรงพยาบาลรามัน,โรงพยาบาล,8.002,8.635,1.079,39.13537912524573,45.37929517289792
south-facilities:9506/3,สถานีตำรวจ สถานีภูธรจะว๊ะ,25,WbN,ประจิมค่อนเหนือ,281.25,south-facilities:9501/8,สถานีตำรวจ กองกำกับการตำรวจตระเวนชายแดนที่44,สถานีตำรวจ,19.033,25.842,1.358,39.13537912524573,474.45519174138866
south-facilities:9506/3,สถานีตำรวจ สถานีภูธรจะว๊ะ,26,WNW,ประจิม-พายัพ,292.5,south-facilities:9501/12,สถานีดับเพลิง (ไม่ระบุชื่อ) เมืองยะลา,สถานีดับเพลิง,21.048,28.761,1.366,39.13537912524573,71.10550439130981
south-facilities:9506/3,สถานีตำรวจ สถานีภูธรจะว๊ะ,27,NWbW,พายัพค่อนประจิม,303.75,south-facilities:9506/2,ด่านตรวจ (ไม่ระบุชื่อ) รามัน,ด่านตรวจ,15.158,28.718,1.895,39.13537912524573,0.022238985381478615
south-facilities:9506/3,สถานีตำรวจ สถานีภูธรจะว๊ะ,28,NW,พายัพ (ตต.เฉียงเหนือ),315.0,,— ว่าง —,,,,,,
south-facilities:9506/3,สถานีตำรวจ สถานีภูธรจะว๊ะ,29,NWbN,พายัพค่อนเหนือ,326.25,,— ว่าง —,,,,,,
south-facilities:9506/3,สถานีตำรวจ สถานีภูธรจะว๊ะ,30,NNW,เหนือ-พายัพ,337.5,south-facilities:9406,รพ.สต./สถานีอนามัย โรงพยาบาลส่งเสริมสุขภาพตำบล ทุ่งยางแดง,รพ.สต./สถานีอนามัย,17.39,27.017,1.554,39.13537912524573,84.1360683896038
south-facilities:9506/3,สถานีตำรวจ สถานีภูธรจะว๊ะ,31,NbW,เหนือค่อนประจิม,348.75,,— ว่าง —,,,,,,
south-facilities:9506/4,โรงพยาบาล โรงพยาบาลรามัน,0,N,อุดร (เหนือ),0.0,south-facilities:9406,รพ.สต./สถานีอนามัย โรงพยาบาลส่งเสริมสุขภาพตำบล ทุ่งยางแดง,รพ.สต./สถานีอนามัย,16.074,30.015,1.867,45.37929517289792,84.1360683896038
south-facilities:9506/4,โรงพยาบาล โรงพยาบาลรามัน,1,NbE,เหนือค่อนอีสาน,11.25,,— ว่าง —,,,,,,
south-facilities:9506/4,โรงพยาบาล โรงพยาบาลรามัน,2,NNE,เหนือ-อีสาน,22.5,,— ว่าง —,,,,,,
south-facilities:9506/4,โรงพยาบาล โรงพยาบาลรามัน,3,NEbN,อีสานค่อนเหนือ,33.75,,— ว่าง —,,,,,,
south-facilities:9506/4,โรงพยาบาล โรงพยาบาลรามัน,4,NE,อีสาน (ตอ.เฉียงเหนือ),45.0,,— ว่าง —,,,,,,
south-facilities:9506/4,โรงพยาบาล โรงพยาบาลรามัน,5,NEbE,อีสานค่อนบูรพา,56.25,south-facilities:9411,โรงพยาบาล โรงพยาบาลกะพ้อ,โรงพยาบาล,17.506,22.939,1.31,45.37929517289792,65.17763192168357
south-facilities:9506/4,โรงพยาบาล โรงพยาบาลรามัน,6,ENE,บูรพา-อีสาน,67.5,,— ว่าง —,,,,,,
south-facilities:9506/4,โรงพยาบาล โรงพยาบาลรามัน,7,EbN,บูรพาค่อนเหนือ,78.75,,— ว่าง —,,,,,,
south-facilities:9506/4,โรงพยาบาล โรงพยาบาลรามัน,8,E,บูรพา (ตะวันออก),90.0,south-facilities:9506/3,สถานีตำรวจ สถานีภูธรจะว๊ะ,สถานีตำรวจ,8.002,10.663,1.332,45.37929517289792,39.13537912524573
south-facilities:9506/4,โรงพยาบาล โรงพยาบาลรามัน,9,EbS,บูรพาค่อนใต้,101.25,,— ว่าง —,,,,,,
south-facilities:9506/4,โรงพยาบาล โรงพยาบาลรามัน,10,ESE,บูรพา-อาคเนย์,112.5,south-facilities:9606/7,โรงพยาบาล (ไม่ระบุชื่อ) รือเสาะ,โรงพยาบาล,10.512,16.176,1.539,45.37929517289792,31.00652475052335
south-facilities:9506/4,โรงพยาบาล โรงพยาบาลรามัน,11,SEbE,อาคเนย์ค่อนบูรพา,123.75,south-facilities:9606/6,ด่านตรวจ (ไม่ระบุชื่อ) รือเสาะ,ด่านตรวจ,11.212,17.102,1.525,45.37929517289792,0.024739096025065188
south-facilities:9506/4,โรงพยาบาล โรงพยาบาลรามัน,12,SE,อาคเนย์ (ตอ.เฉียงใต้),135.0,south-facilities:9606/3,ด่านตรวจ (ไม่ระบุชื่อ) รือเสาะ,ด่านตรวจ,14.353,22.319,1.555,45.37929517289792,0.022100993314003683
south-facilities:9506/4,โรงพยาบาล โรงพยาบาลรามัน,13,SEbS,อาคเนย์ค่อนใต้,146.25,,— ว่าง —,,,,,,
south-facilities:9506/4,โรงพยาบาล โรงพยาบาลรามัน,14,SSE,ใต้-อาคเนย์,157.5,,— ว่าง —,,,,,,
south-facilities:9506/4,โรงพยาบาล โรงพยาบาลรามัน,15,SbE,ใต้ค่อนบูรพา,168.75,,— ว่าง —,,,,,,
south-facilities:9506/4,โรงพยาบาล โรงพยาบาลรามัน,16,S,ทักษิณ (ใต้),180.0,,— ว่าง —,,,,,,
south-facilities:9506/4,โรงพยาบาล โรงพยาบาลรามัน,17,SbW,ใต้ค่อนประจิม,191.25,,— ว่าง —,,,,,,
south-facilities:9506/4,โรงพยาบาล โรงพยาบาลรามัน,18,SSW,ใต้-หรดี,202.5,,— ว่าง —,,,,,,
south-facilities:9506/4,โรงพยาบาล โรงพยาบาลรามัน,19,SWbS,หรดีค่อนใต้,213.75,,— ว่าง —,,,,,,
south-facilities:9506/4,โรงพยาบาล โรงพยาบาลรามัน,20,SW,หรดี (ตต.เฉียงใต้),225.0,,— ว่าง —,,,,,,
south-facilities:9506/4,โรงพยาบาล โรงพยาบาลรามัน,21,SWbW,หรดีค่อนประจิม,236.25,,— ว่าง —,,,,,,
south-facilities:9506/4,โรงพยาบาล โรงพยาบาลรามัน,22,WSW,ประจิม-หรดี,247.5,,— ว่าง —,,,,,,
south-facilities:9506/4,โรงพยาบาล โรงพยาบาลรามัน,23,WbS,ประจิมค่อนใต้,258.75,,— ว่าง —,,,,,,
south-facilities:9506/4,โรงพยาบาล โรงพยาบาลรามัน,24,W,ประจิม (ตะวันตก),270.0,,— ว่าง —,,,,,,
south-facilities:9506/4,โรงพยาบาล โรงพยาบาลรามัน,25,WbN,ประจิมค่อนเหนือ,281.25,,— ว่าง —,,,,,,
south-facilities:9506/4,โรงพยาบาล โรงพยาบาลรามัน,26,WNW,ประจิม-พายัพ,292.5,south-facilities:9501/8,สถานีตำรวจ กองกำกับการตำรวจตระเวนชายแดนที่44,สถานีตำรวจ,11.354,17.208,1.516,45.37929517289792,474.45519174138866
south-facilities:9506/4,โรงพยาบาล โรงพยาบาลรามัน,27,NWbW,พายัพค่อนประจิม,303.75,south-facilities:9501/12,สถานีดับเพลิง (ไม่ระบุชื่อ) เมืองยะลา,สถานีดับเพลิง,13.72,20.127,1.467,45.37929517289792,71.10550439130981
south-facilities:9506/4,โรงพยาบาล โรงพยาบาลรามัน,28,NW,พายัพ (ตต.เฉียงเหนือ),315.0,south-facilities:9501/3,ด่านตรวจ (ไม่ระบุชื่อ) เมืองยะลา,ด่านตรวจ,14.299,25.22,1.764,45.37929517289792,0.059542925352901066
south-facilities:9506/4,โรงพยาบาล โรงพยาบาลรามัน,29,NWbN,พายัพค่อนเหนือ,326.25,south-facilities:9410/3,สถานีตำรวจ จุดตรวจทหารพราน,สถานีตำรวจ,21.679,32.46,1.497,45.37929517289792,82.80603665022818
south-facilities:9506/4,โรงพยาบาล โรงพยาบาลรามัน,30,NNW,เหนือ-พายัพ,337.5,south-facilities:9506/2,ด่านตรวจ (ไม่ระบุชื่อ) รามัน,ด่านตรวจ,9.916,20.083,2.025,45.37929517289792,0.022238985381478615
south-facilities:9506/4,โรงพยาบาล โรงพยาบาลรามัน,31,NbW,เหนือค่อนประจิม,348.75,,— ว่าง —,,,,,,
south-facilities:9507,โรงพยาบาล โรงพยาบาลกาบัง,0,N,อุดร (เหนือ),0.0,,— ว่าง —,,,,,,
south-facilities:9507,โรงพยาบาล โรงพยาบาลกาบัง,1,NbE,เหนือค่อนอีสาน,11.25,,— ว่าง —,,,,,,
south-facilities:9507,โรงพยาบาล โรงพยาบาลกาบัง,2,NNE,เหนือ-อีสาน,22.5,,— ว่าง —,,,,,,
south-facilities:9507,โรงพยาบาล โรงพยาบาลกาบัง,3,NEbN,อีสานค่อนเหนือ,33.75,,— ว่าง —,,,,,,
south-facilities:9507,โรงพยาบาล โรงพยาบาลกาบัง,4,NE,อีสาน (ตอ.เฉียงเหนือ),45.0,,— ว่าง —,,,,,,
south-facilities:9507,โรงพยาบาล โรงพยาบาลกาบัง,5,NEbE,อีสานค่อนบูรพา,56.25,south-facilities:9505,โรงพยาบาล (ไม่ระบุชื่อ) ยะหา,โรงพยาบาล,13.162,18.054,1.372,65.30527889155283,59.737005230787936
south-facilities:9507,โรงพยาบาล โรงพยาบาลกาบัง,6,ENE,บูรพา-อีสาน,67.5,,— ว่าง —,,,,,,
south-facilities:9507,โรงพยาบาล โรงพยาบาลกาบัง,7,EbN,บูรพาค่อนเหนือ,78.75,,— ว่าง —,,,,,,
south-facilities:9507,โรงพยาบาล โรงพยาบาลกาบัง,8,E,บูรพา (ตะวันออก),90.0,,— ว่าง —,,,,,,
south-facilities:9507,โรงพยาบาล โรงพยาบาลกาบัง,9,EbS,บูรพาค่อนใต้,101.25,,— ว่าง —,,,,,,
south-facilities:9507,โรงพยาบาล โรงพยาบาลกาบัง,10,ESE,บูรพา-อาคเนย์,112.5,,— ว่าง —,,,,,,
south-facilities:9507,โรงพยาบาล โรงพยาบาลกาบัง,11,SEbE,อาคเนย์ค่อนบูรพา,123.75,,— ว่าง —,,,,,,
south-facilities:9507,โรงพยาบาล โรงพยาบาลกาบัง,12,SE,อาคเนย์ (ตอ.เฉียงใต้),135.0,,— ว่าง —,,,,,,
south-facilities:9507,โรงพยาบาล โรงพยาบาลกาบัง,13,SEbS,อาคเนย์ค่อนใต้,146.25,,— ว่าง —,,,,,,
south-facilities:9507,โรงพยาบาล โรงพยาบาลกาบัง,14,SSE,ใต้-อาคเนย์,157.5,,— ว่าง —,,,,,,
south-facilities:9507,โรงพยาบาล โรงพยาบาลกาบัง,15,SbE,ใต้ค่อนบูรพา,168.75,,— ว่าง —,,,,,,
south-facilities:9507,โรงพยาบาล โรงพยาบาลกาบัง,16,S,ทักษิณ (ใต้),180.0,,— ว่าง —,,,,,,
south-facilities:9507,โรงพยาบาล โรงพยาบาลกาบัง,17,SbW,ใต้ค่อนประจิม,191.25,,— ว่าง —,,,,,,
south-facilities:9507,โรงพยาบาล โรงพยาบาลกาบัง,18,SSW,ใต้-หรดี,202.5,,— ว่าง —,,,,,,
south-facilities:9507,โรงพยาบาล โรงพยาบาลกาบัง,19,SWbS,หรดีค่อนใต้,213.75,,— ว่าง —,,,,,,
south-facilities:9507,โรงพยาบาล โรงพยาบาลกาบัง,20,SW,หรดี (ตต.เฉียงใต้),225.0,,— ว่าง —,,,,,,
south-facilities:9507,โรงพยาบาล โรงพยาบาลกาบัง,21,SWbW,หรดีค่อนประจิม,236.25,,— ว่าง —,,,,,,
south-facilities:9507,โรงพยาบาล โรงพยาบาลกาบัง,22,WSW,ประจิม-หรดี,247.5,,— ว่าง —,,,,,,
south-facilities:9507,โรงพยาบาล โรงพยาบาลกาบัง,23,WbS,ประจิมค่อนใต้,258.75,,— ว่าง —,,,,,,
south-facilities:9507,โรงพยาบาล โรงพยาบาลกาบัง,24,W,ประจิม (ตะวันตก),270.0,,— ว่าง —,,,,,,
south-facilities:9507,โรงพยาบาล โรงพยาบาลกาบัง,25,WbN,ประจิมค่อนเหนือ,281.25,,— ว่าง —,,,,,,
south-facilities:9507,โรงพยาบาล โรงพยาบาลกาบัง,26,WNW,ประจิม-พายัพ,292.5,,— ว่าง —,,,,,,
south-facilities:9507,โรงพยาบาล โรงพยาบาลกาบัง,27,NWbW,พายัพค่อนประจิม,303.75,,— ว่าง —,,,,,,
south-facilities:9507,โรงพยาบาล โรงพยาบาลกาบัง,28,NW,พายัพ (ตต.เฉียงเหนือ),315.0,,— ว่าง —,,,,,,
south-facilities:9507,โรงพยาบาล โรงพยาบาลกาบัง,29,NWbN,พายัพค่อนเหนือ,326.25,,— ว่าง —,,,,,,
south-facilities:9507,โรงพยาบาล โรงพยาบาลกาบัง,30,NNW,เหนือ-พายัพ,337.5,south-facilities:9006/2,โรงพยาบาล โรงพยาบาลสะบ้าย้อย,โรงพยาบาล,23.009,26.417,1.148,65.30527889155283,109.1222685433677
south-facilities:9507,โรงพยาบาล โรงพยาบาลกาบัง,31,NbW,เหนือค่อนประจิม,348.75,,— ว่าง —,,,,,,
south-facilities:9601,ด่านตรวจ (ไม่ระบุชื่อ) เมืองนราธิวาส,0,N,อุดร (เหนือ),0.0,,— ว่าง —,,,,,,
south-facilities:9601,ด่านตรวจ (ไม่ระบุชื่อ) เมืองนราธิวาส,1,NbE,เหนือค่อนอีสาน,11.25,,— ว่าง —,,,,,,
south-facilities:9601,ด่านตรวจ (ไม่ระบุชื่อ) เมืองนราธิวาส,2,NNE,เหนือ-อีสาน,22.5,,— ว่าง —,,,,,,
south-facilities:9601,ด่านตรวจ (ไม่ระบุชื่อ) เมืองนราธิวาส,3,NEbN,อีสานค่อนเหนือ,33.75,,— ว่าง —,,,,,,
south-facilities:9601,ด่านตรวจ (ไม่ระบุชื่อ) เมืองนราธิวาส,4,NE,อีสาน (ตอ.เฉียงเหนือ),45.0,,— ว่าง —,,,,,,
south-facilities:9601,ด่านตรวจ (ไม่ระบุชื่อ) เมืองนราธิวาส,5,NEbE,อีสานค่อนบูรพา,56.25,,— ว่าง —,,,,,,
south-facilities:9601,ด่านตรวจ (ไม่ระบุชื่อ) เมืองนราธิวาส,6,ENE,บูรพา-อีสาน,67.5,,— ว่าง —,,,,,,
south-facilities:9601,ด่านตรวจ (ไม่ระบุชื่อ) เมืองนราธิวาส,7,EbN,บูรพาค่อนเหนือ,78.75,,— ว่าง —,,,,,,
south-facilities:9601,ด่านตรวจ (ไม่ระบุชื่อ) เมืองนราธิวาส,8,E,บูรพา (ตะวันออก),90.0,,— ว่าง —,,,,,,
south-facilities:9601,ด่านตรวจ (ไม่ระบุชื่อ) เมืองนราธิวาส,9,EbS,บูรพาค่อนใต้,101.25,south-facilities:9601/3,สถานีตำรวจ Khao Tan Yong police station,สถานีตำรวจ,4.929,5.908,1.199,0.035140930250217216,100.28972323324092
south-facilities:9601,ด่านตรวจ (ไม่ระบุชื่อ) เมืองนราธิวาส,10,ESE,บูรพา-อาคเนย์,112.5,,— ว่าง —,,,,,,
south-facilities:9601,ด่านตรวจ (ไม่ระบุชื่อ) เมืองนราธิวาส,11,SEbE,อาคเนย์ค่อนบูรพา,123.75,,— ว่าง —,,,,,,
south-facilities:9601,ด่านตรวจ (ไม่ระบุชื่อ) เมืองนราธิวาส,12,SE,อาคเนย์ (ตอ.เฉียงใต้),135.0,,— ว่าง —,,,,,,
south-facilities:9601,ด่านตรวจ (ไม่ระบุชื่อ) เมืองนราธิวาส,13,SEbS,อาคเนย์ค่อนใต้,146.25,,— ว่าง —,,,,,,
south-facilities:9601,ด่านตรวจ (ไม่ระบุชื่อ) เมืองนราธิวาส,14,SSE,ใต้-อาคเนย์,157.5,,— ว่าง —,,,,,,
south-facilities:9601,ด่านตรวจ (ไม่ระบุชื่อ) เมืองนราธิวาส,15,SbE,ใต้ค่อนบูรพา,168.75,,— ว่าง —,,,,,,
south-facilities:9601,ด่านตรวจ (ไม่ระบุชื่อ) เมืองนราธิวาส,16,S,ทักษิณ (ใต้),180.0,,— ว่าง —,,,,,,
south-facilities:9601,ด่านตรวจ (ไม่ระบุชื่อ) เมืองนราธิวาส,17,SbW,ใต้ค่อนประจิม,191.25,south-facilities:9613,โรงพยาบาล โรงพยาบาลเจาะไอร้อง,โรงพยาบาล,22.241,29.773,1.339,0.035140930250217216,145.55845886309527
south-facilities:9601,ด่านตรวจ (ไม่ระบุชื่อ) เมืองนราธิวาส,18,SSW,ใต้-หรดี,202.5,,— ว่าง —,,,,,,
south-facilities:9601,ด่านตรวจ (ไม่ระบุชื่อ) เมืองนราธิวาส,19,SWbS,หรดีค่อนใต้,213.75,,— ว่าง —,,,,,,
south-facilities:9601,ด่านตรวจ (ไม่ระบุชื่อ) เมืองนราธิวาส,20,SW,หรดี (ตต.เฉียงใต้),225.0,south-facilities:9605/3,โรงพยาบาล โรงพยาบาลระแงะ,โรงพยาบาล,18.13,19.982,1.102,0.035140930250217216,85.95744521056331
south-facilities:9601,ด่านตรวจ (ไม่ระบุชื่อ) เมืองนราธิวาส,21,SWbW,หรดีค่อนประจิม,236.25,south-facilities:9601/11,รพ.สต./สถานีอนามัย Narathiwat Hospital,รพ.สต./สถานีอนามัย,1.349,2.378,1.763,0.035140930250217216,39.461257807225174
south-facilities:9601,ด่านตรวจ (ไม่ระบุชื่อ) เมืองนราธิวาส,22,WSW,ประจิม-หรดี,247.5,south-facilities:9601/14,โรงพยาบาล (ไม่ระบุชื่อ) เมืองนราธิวาส,โรงพยาบาล,1.473,2.378,1.615,0.035140930250217216,175.3221201831381
south-facilities:9601,ด่านตรวจ (ไม่ระบุชื่อ) เมืองนราธิวาส,23,WbS,ประจิมค่อนใต้,258.75,south-facilities:9604/3,ด่านตรวจ (ไม่ระบุชื่อ) ยี่งอ,ด่านตรวจ,9.679,10.482,1.083,0.035140930250217216,0.055472780631213775
south-facilities:9601,ด่านตรวจ (ไม่ระบุชื่อ) เมืองนราธิวาส,24,W,ประจิม (ตะวันตก),270.0,south-facilities:9601/8,ด่านตรวจ (ไม่ระบุชื่อ) เมืองนราธิวาส,ด่านตรวจ,2.775,3.683,1.327,0.035140930250217216,0.03314931417137172
south-facilities:9601,ด่านตรวจ (ไม่ระบุชื่อ) เมืองนราธิวาส,25,WbN,ประจิมค่อนเหนือ,281.25,south-facilities:9601/9,ด่านตรวจ (ไม่ระบุชื่อ) เมืองนราธิวาส,ด่านตรวจ,4.156,5.469,1.316,0.035140930250217216,0.040014440829194836
south-facilities:9601,ด่านตรวจ (ไม่ระบุชื่อ) เมืองนราธิวาส,26,WNW,ประจิม-พายัพ,292.5,south-facilities:9603,โรงพยาบาล โรงพยาบาลบาเจาะ,โรงพยาบาล,21.376,29.856,1.397,0.035140930250217216,57.37414587941606
south-facilities:9601,ด่านตรวจ (ไม่ระบุชื่อ) เมืองนราธิวาส,27,NWbW,พายัพค่อนประจิม,303.75,south-facilities:9601/10,ด่านตรวจ (ไม่ระบุชื่อ) เมืองนราธิวาส,ด่านตรวจ,4.801,5.77,1.202,0.035140930250217216,0.04702727103561508
south-facilities:9601,ด่านตรวจ (ไม่ระบุชื่อ) เมืองนราธิวาส,28,NW,พายัพ (ตต.เฉียงเหนือ),315.0,south-facilities:9601/7,ด่านตรวจ (ไม่ระบุชื่อ) เมืองนราธิวาส,ด่านตรวจ,9.196,10.773,1.171,0.035140930250217216,0.04447797058612646
south-facilities:9601,ด่านตรวจ (ไม่ระบุชื่อ) เมืองนราธิวาส,29,NWbN,พายัพค่อนเหนือ,326.25,south-facilities:9601/2,สถานีตำรวจ (ไม่ระบุชื่อ) เมืองนราธิวาส,สถานีตำรวจ,16.956,18.229,1.075,0.035140930250217216,174.65769624031878
south-facilities:9601,ด่านตรวจ (ไม่ระบุชื่อ) เมืองนราธิวาส,30,NNW,เหนือ-พายัพ,337.5,south-facilities:9601/4,ด่านตรวจ (ไม่ระบุชื่อ) เมืองนราธิวาส,ด่านตรวจ,2.756,3.811,1.383,0.035140930250217216,0.05547132143593729
south-facilities:9601,ด่านตรวจ (ไม่ระบุชื่อ) เมืองนราธิวาส,31,NbW,เหนือค่อนประจิม,348.75,,— ว่าง —,,,,,,
south-facilities:9601/2,สถานีตำรวจ (ไม่ระบุชื่อ) เมืองนราธิวาส,0,N,อุดร (เหนือ),0.0,,— ว่าง —,,,,,,
south-facilities:9601/2,สถานีตำรวจ (ไม่ระบุชื่อ) เมืองนราธิวาส,1,NbE,เหนือค่อนอีสาน,11.25,,— ว่าง —,,,,,,
south-facilities:9601/2,สถานีตำรวจ (ไม่ระบุชื่อ) เมืองนราธิวาส,2,NNE,เหนือ-อีสาน,22.5,,— ว่าง —,,,,,,
south-facilities:9601/2,สถานีตำรวจ (ไม่ระบุชื่อ) เมืองนราธิวาส,3,NEbN,อีสานค่อนเหนือ,33.75,,— ว่าง —,,,,,,
south-facilities:9601/2,สถานีตำรวจ (ไม่ระบุชื่อ) เมืองนราธิวาส,4,NE,อีสาน (ตอ.เฉียงเหนือ),45.0,,— ว่าง —,,,,,,
south-facilities:9601/2,สถานีตำรวจ (ไม่ระบุชื่อ) เมืองนราธิวาส,5,NEbE,อีสานค่อนบูรพา,56.25,,— ว่าง —,,,,,,
south-facilities:9601/2,สถานีตำรวจ (ไม่ระบุชื่อ) เมืองนราธิวาส,6,ENE,บูรพา-อีสาน,67.5,,— ว่าง —,,,,,,
south-facilities:9601/2,สถานีตำรวจ (ไม่ระบุชื่อ) เมืองนราธิวาส,7,EbN,บูรพาค่อนเหนือ,78.75,,— ว่าง —,,,,,,
south-facilities:9601/2,สถานีตำรวจ (ไม่ระบุชื่อ) เมืองนราธิวาส,8,E,บูรพา (ตะวันออก),90.0,,— ว่าง —,,,,,,
south-facilities:9601/2,สถานีตำรวจ (ไม่ระบุชื่อ) เมืองนราธิวาส,9,EbS,บูรพาค่อนใต้,101.25,,— ว่าง —,,,,,,
south-facilities:9601/2,สถานีตำรวจ (ไม่ระบุชื่อ) เมืองนราธิวาส,10,ESE,บูรพา-อาคเนย์,112.5,,— ว่าง —,,,,,,
south-facilities:9601/2,สถานีตำรวจ (ไม่ระบุชื่อ) เมืองนราธิวาส,11,SEbE,อาคเนย์ค่อนบูรพา,123.75,,— ว่าง —,,,,,,
south-facilities:9601/2,สถานีตำรวจ (ไม่ระบุชื่อ) เมืองนราธิวาส,12,SE,อาคเนย์ (ตอ.เฉียงใต้),135.0,south-facilities:9601/3,สถานีตำรวจ Khao Tan Yong police station,สถานีตำรวจ,20.88,24.105,1.154,174.65769624031878,100.28972323324092
south-facilities:9601/2,สถานีตำรวจ (ไม่ระบุชื่อ) เมืองนราธิวาส,13,SEbS,อาคเนย์ค่อนใต้,146.25,south-facilities:9601/7,ด่านตรวจ (ไม่ระบุชื่อ) เมืองนราธิวาส,ด่านตรวจ,7.851,8.5,1.083,174.65769624031878,0.04447797058612646
south-facilities:9601/2,สถานีตำรวจ (ไม่ระบุชื่อ) เมืองนราธิวาส,14,SSE,ใต้-อาคเนย์,157.5,south-facilities:9601/9,ด่านตรวจ (ไม่ระบุชื่อ) เมืองนราธิวาส,ด่านตรวจ,13.82,15.896,1.15,174.65769624031878,0.040014440829194836
south-facilities:9601/2,สถานีตำรวจ (ไม่ระบุชื่อ) เมืองนราธิวาส,15,SbE,ใต้ค่อนบูรพา,168.75,,— ว่าง —,,,,,,
south-facilities:9601/2,สถานีตำรวจ (ไม่ระบุชื่อ) เมืองนราธิวาส,16,S,ทักษิณ (ใต้),180.0,south-facilities:9604/3,ด่านตรวจ (ไม่ระบุชื่อ) ยี่งอ,ด่านตรวจ,15.223,21.262,1.397,174.65769624031878,0.055472780631213775
south-facilities:9601/2,สถานีตำรวจ (ไม่ระบุชื่อ) เมืองนราธิวาส,17,SbW,ใต้ค่อนประจิม,191.25,south-facilities:9604/6,สถานีตำรวจ สถานีตำรวจยี่งอ,สถานีตำรวจ,15.794,24.311,1.539,174.65769624031878,44.22725946585651
south-facilities:9601/2,สถานีตำรวจ (ไม่ระบุชื่อ) เมืองนราธิวาส,18,SSW,ใต้-หรดี,202.5,south-facilities:9604,โรงพยาบาล โรงพยาบาล​ยี่งอเฉลิม​พระเกียรติ​ 80 พรรษา,โรงพยาบาล,17.318,25.816,1.491,174.65769624031878,34.4785964036298
south-facilities:9601/2,สถานีตำรวจ (ไม่ระบุชื่อ) เมืองนราธิวาส,19,SWbS,หรดีค่อนใต้,213.75,south-facilities:9604/4,ด่านตรวจ (ไม่ระบุชื่อ) ยี่งอ,ด่านตรวจ,14.08,19.8,1.406,174.65769624031878,0.024832605752899573
south-facilities:9601/2,สถานีตำรวจ (ไม่ระบุชื่อ) เมืองนราธิวาส,20,SW,หรดี (ตต.เฉียงใต้),225.0,,— ว่าง —,,,,,,
south-facilities:9601/2,สถานีตำรวจ (ไม่ระบุชื่อ) เมืองนราธิวาส,21,SWbW,หรดีค่อนประจิม,236.25,,— ว่าง —,,,,,,
south-facilities:9601/2,สถานีตำรวจ (ไม่ระบุชื่อ) เมืองนราธิวาส,22,WSW,ประจิม-หรดี,247.5,south-facilities:9603,โรงพยาบาล โรงพยาบาลบาเจาะ,โรงพยาบาล,9.93,12.061,1.215,174.65769624031878,57.37414587941606
south-facilities:9601/2,สถานีตำรวจ (ไม่ระบุชื่อ) เมืองนราธิวาส,23,WbS,ประจิมค่อนใต้,258.75,,— ว่าง —,,,,,,
south-facilities:9601/2,สถานีตำรวจ (ไม่ระบุชื่อ) เมืองนราธิวาส,24,W,ประจิม (ตะวันตก),270.0,,— ว่าง —,,,,,,
south-facilities:9601/2,สถานีตำรวจ (ไม่ระบุชื่อ) เมืองนราธิวาส,25,WbN,ประจิมค่อนเหนือ,281.25,south-facilities:9411,โรงพยาบาล โรงพยาบาลกะพ้อ,โรงพยาบาล,22.204,32.548,1.466,174.65769624031878,65.17763192168357
south-facilities:9601/2,สถานีตำรวจ (ไม่ระบุชื่อ) เมืองนราธิวาส,26,WNW,ประจิม-พายัพ,292.5,,— ว่าง —,,,,,,
south-facilities:9601/2,สถานีตำรวจ (ไม่ระบุชื่อ) เมืองนราธิวาส,27,NWbW,พายัพค่อนประจิม,303.75,,— ว่าง —,,,,,,
south-facilities:9601/2,สถานีตำรวจ (ไม่ระบุชื่อ) เมืองนราธิวาส,28,NW,พายัพ (ตต.เฉียงเหนือ),315.0,south-facilities:9408,โรงพยาบาล โรงพยาบาลไม้แก่น,โรงพยาบาล,11.41,14.226,1.247,174.65769624031878,59.25526141909616
south-facilities:9601/2,สถานีตำรวจ (ไม่ระบุชื่อ) เมืองนราธิวาส,29,NWbN,พายัพค่อนเหนือ,326.25,south-facilities:9407/3,โรงพยาบาล โรงพยาบาลสมเด็จพระยุพราชสายบุรี,โรงพยาบาล,21.72,29.311,1.35,174.65769624031878,92.5330404332286
south-facilities:9601/2,สถานีตำรวจ (ไม่ระบุชื่อ) เมืองนราธิวาส,30,NNW,เหนือ-พายัพ,337.5,,— ว่าง —,,,,,,
south-facilities:9601/2,สถานีตำรวจ (ไม่ระบุชื่อ) เมืองนราธิวาส,31,NbW,เหนือค่อนประจิม,348.75,,— ว่าง —,,,,,,
south-facilities:9601/3,สถานีตำรวจ Khao Tan Yong police station,0,N,อุดร (เหนือ),0.0,,— ว่าง —,,,,,,
south-facilities:9601/3,สถานีตำรวจ Khao Tan Yong police station,1,NbE,เหนือค่อนอีสาน,11.25,,— ว่าง —,,,,,,
south-facilities:9601/3,สถานีตำรวจ Khao Tan Yong police station,2,NNE,เหนือ-อีสาน,22.5,,— ว่าง —,,,,,,
south-facilities:9601/3,สถานีตำรวจ Khao Tan Yong police station,3,NEbN,อีสานค่อนเหนือ,33.75,,— ว่าง —,,,,,,
south-facilities:9601/3,สถานีตำรวจ Khao Tan Yong police station,4,NE,อีสาน (ตอ.เฉียงเหนือ),45.0,,— ว่าง —,,,,,,
south-facilities:9601/3,สถานีตำรวจ Khao Tan Yong police station,5,NEbE,อีสานค่อนบูรพา,56.25,,— ว่าง —,,,,,,
south-facilities:9601/3,สถานีตำรวจ Khao Tan Yong police station,6,ENE,บูรพา-อีสาน,67.5,,— ว่าง —,,,,,,
south-facilities:9601/3,สถานีตำรวจ Khao Tan Yong police station,7,EbN,บูรพาค่อนเหนือ,78.75,,— ว่าง —,,,,,,
south-facilities:9601/3,สถานีตำรวจ Khao Tan Yong police station,8,E,บูรพา (ตะวันออก),90.0,,— ว่าง —,,,,,,
south-facilities:9601/3,สถานีตำรวจ Khao Tan Yong police station,9,EbS,บูรพาค่อนใต้,101.25,,— ว่าง —,,,,,,
south-facilities:9601/3,สถานีตำรวจ Khao Tan Yong police station,10,ESE,บูรพา-อาคเนย์,112.5,,— ว่าง —,,,,,,
south-facilities:9601/3,สถานีตำรวจ Khao Tan Yong police station,11,SEbE,อาคเนย์ค่อนบูรพา,123.75,,— ว่าง —,,,,,,
south-facilities:9601/3,สถานีตำรวจ Khao Tan Yong police station,12,SE,อาคเนย์ (ตอ.เฉียงใต้),135.0,,— ว่าง —,,,,,,
south-facilities:9601/3,สถานีตำรวจ Khao Tan Yong police station,13,SEbS,อาคเนย์ค่อนใต้,146.25,,— ว่าง —,,,,,,
south-facilities:9601/3,สถานีตำรวจ Khao Tan Yong police station,14,SSE,ใต้-อาคเนย์,157.5,,— ว่าง —,,,,,,
south-facilities:9601/3,สถานีตำรวจ Khao Tan Yong police station,15,SbE,ใต้ค่อนบูรพา,168.75,,— ว่าง —,,,,,,
south-facilities:9601/3,สถานีตำรวจ Khao Tan Yong police station,16,S,ทักษิณ (ใต้),180.0,,— ว่าง —,,,,,,
south-facilities:9601/3,สถานีตำรวจ Khao Tan Yong police station,17,SbW,ใต้ค่อนประจิม,191.25,,— ว่าง —,,,,,,
south-facilities:9601/3,สถานีตำรวจ Khao Tan Yong police station,18,SSW,ใต้-หรดี,202.5,south-facilities:9613,โรงพยาบาล โรงพยาบาลเจาะไอร้อง,โรงพยาบาล,22.501,35.724,1.588,100.28972323324092,145.55845886309527
south-facilities:9601/3,สถานีตำรวจ Khao Tan Yong police station,19,SWbS,หรดีค่อนใต้,213.75,,— ว่าง —,,,,,,
south-facilities:9601/3,สถานีตำรวจ Khao Tan Yong police station,20,SW,หรดี (ตต.เฉียงใต้),225.0,,— ว่าง —,,,,,,
south-facilities:9601/3,สถานีตำรวจ Khao Tan Yong police station,21,SWbW,หรดีค่อนประจิม,236.25,south-facilities:9605/3,โรงพยาบาล โรงพยาบาลระแงะ,โรงพยาบาล,21.051,25.933,1.232,100.28972323324092,85.95744521056331
south-facilities:9601/3,สถานีตำรวจ Khao Tan Yong police station,22,WSW,ประจิม-หรดี,247.5,,— ว่าง —,,,,,,
south-facilities:9601/3,สถานีตำรวจ Khao Tan Yong police station,23,WbS,ประจิมค่อนใต้,258.75,south-facilities:9604,โรงพยาบาล โรงพยาบาล​ยี่งอเฉลิม​พระเกียรติ​ 80 พรรษา,โรงพยาบาล,20.625,22.974,1.114,100.28972323324092,34.4785964036298
south-facilities:9601/3,สถานีตำรวจ Khao Tan Yong police station,24,W,ประจิม (ตะวันตก),270.0,south-facilities:9601/11,รพ.สต./สถานีอนามัย Narathiwat Hospital,รพ.สต./สถานีอนามัย,6.01,8.329,1.386,100.28972323324092,39.461257807225174
south-facilities:9601/3,สถานีตำรวจ Khao Tan Yong police station,25,WbN,ประจิมค่อนเหนือ,281.25,south-facilities:9601,ด่านตรวจ (ไม่ระบุชื่อ) เมืองนราธิวาส,ด่านตรวจ,4.929,5.951,1.207,100.28972323324092,0.035140930250217216
south-facilities:9601/3,สถานีตำรวจ Khao Tan Yong police station,26,WNW,ประจิม-พายัพ,292.5,south-facilities:9601/10,ด่านตรวจ (ไม่ระบุชื่อ) เมืองนราธิวาส,ด่านตรวจ,9.576,11.721,1.224,100.28972323324092,0.04702727103561508
south-facilities:9601/3,สถานีตำรวจ Khao Tan Yong police station,27,NWbW,พายัพค่อนประจิม,303.75,south-facilities:9601/4,ด่านตรวจ (ไม่ระบุชื่อ) เมืองนราธิวาส,ด่านตรวจ,6.985,9.762,1.397,100.28972323324092,0.05547132143593729
south-facilities:9601/3,สถานีตำรวจ Khao Tan Yong police station,28,NW,พายัพ (ตต.เฉียงเหนือ),315.0,south-facilities:9601/2,สถานีตำรวจ (ไม่ระบุชื่อ) เมืองนราธิวาส,สถานีตำรวจ,20.88,24.18,1.158,100.28972323324092,174.65769624031878
south-facilities:9601/3,สถานีตำรวจ Khao Tan Yong police station,29,NWbN,พายัพค่อนเหนือ,326.25,,— ว่าง —,,,,,,
south-facilities:9601/3,สถานีตำรวจ Khao Tan Yong police station,30,NNW,เหนือ-พายัพ,337.5,,— ว่าง —,,,,,,
south-facilities:9601/3,สถานีตำรวจ Khao Tan Yong police station,31,NbW,เหนือค่อนประจิม,348.75,,— ว่าง —,,,,,,
south-facilities:9601/4,ด่านตรวจ (ไม่ระบุชื่อ) เมืองนราธิวาส,0,N,อุดร (เหนือ),0.0,,— ว่าง —,,,,,,
south-facilities:9601/4,ด่านตรวจ (ไม่ระบุชื่อ) เมืองนราธิวาส,1,NbE,เหนือค่อนอีสาน,11.25,,— ว่าง —,,,,,,
south-facilities:9601/4,ด่านตรวจ (ไม่ระบุชื่อ) เมืองนราธิวาส,2,NNE,เหนือ-อีสาน,22.5,,— ว่าง —,,,,,,
south-facilities:9601/4,ด่านตรวจ (ไม่ระบุชื่อ) เมืองนราธิวาส,3,NEbN,อีสานค่อนเหนือ,33.75,,— ว่าง —,,,,,,
south-facilities:9601/4,ด่านตรวจ (ไม่ระบุชื่อ) เมืองนราธิวาส,4,NE,อีสาน (ตอ.เฉียงเหนือ),45.0,,— ว่าง —,,,,,,
south-facilities:9601/4,ด่านตรวจ (ไม่ระบุชื่อ) เมืองนราธิวาส,5,NEbE,อีสานค่อนบูรพา,56.25,,— ว่าง —,,,,,,
south-facilities:9601/4,ด่านตรวจ (ไม่ระบุชื่อ) เมืองนราธิวาส,6,ENE,บูรพา-อีสาน,67.5,,— ว่าง —,,,,,,
south-facilities:9601/4,ด่านตรวจ (ไม่ระบุชื่อ) เมืองนราธิวาส,7,EbN,บูรพาค่อนเหนือ,78.75,,— ว่าง —,,,,,,
south-facilities:9601/4,ด่านตรวจ (ไม่ระบุชื่อ) เมืองนราธิวาส,8,E,บูรพา (ตะวันออก),90.0,,— ว่าง —,,,,,,
south-facilities:9601/4,ด่านตรวจ (ไม่ระบุชื่อ) เมืองนราธิวาส,9,EbS,บูรพาค่อนใต้,101.25,,— ว่าง —,,,,,,
south-facilities:9601/4,ด่านตรวจ (ไม่ระบุชื่อ) เมืองนราธิวาส,10,ESE,บูรพา-อาคเนย์,112.5,,— ว่าง —,,,,,,
south-facilities:9601/4,ด่านตรวจ (ไม่ระบุชื่อ) เมืองนราธิวาส,11,SEbE,อาคเนย์ค่อนบูรพา,123.75,south-facilities:9601/3,สถานีตำรวจ Khao Tan Yong police station,สถานีตำรวจ,6.985,9.358,1.34,0.05547132143593729,100.28972323324092
south-facilities:9601/4,ด่านตรวจ (ไม่ระบุชื่อ) เมืองนราธิวาส,12,SE,อาคเนย์ (ตอ.เฉียงใต้),135.0,,— ว่าง —,,,,,,
south-facilities:9601/4,ด่านตรวจ (ไม่ระบุชื่อ) เมืองนราธิวาส,13,SEbS,อาคเนย์ค่อนใต้,146.25,,— ว่าง —,,,,,,
south-facilities:9601/4,ด่านตรวจ (ไม่ระบุชื่อ) เมืองนราธิวาส,14,SSE,ใต้-อาคเนย์,157.5,south-facilities:9601,ด่านตรวจ (ไม่ระบุชื่อ) เมืองนราธิวาส,ด่านตรวจ,2.756,3.45,1.252,0.05547132143593729,0.035140930250217216
south-facilities:9601/4,ด่านตรวจ (ไม่ระบุชื่อ) เมืองนราธิวาส,15,SbE,ใต้ค่อนบูรพา,168.75,,— ว่าง —,,,,,,
south-facilities:9601/4,ด่านตรวจ (ไม่ระบุชื่อ) เมืองนราธิวาส,16,S,ทักษิณ (ใต้),180.0,south-facilities:9601/11,รพ.สต./สถานีอนามัย Narathiwat Hospital,รพ.สต./สถานีอนามัย,3.125,3.435,1.099,0.05547132143593729,39.461257807225174
south-facilities:9601/4,ด่านตรวจ (ไม่ระบุชื่อ) เมืองนราธิวาส,17,SbW,ใต้ค่อนประจิม,191.25,,— ว่าง —,,,,,,
south-facilities:9601/4,ด่านตรวจ (ไม่ระบุชื่อ) เมืองนราธิวาส,18,SSW,ใต้-หรดี,202.5,,— ว่าง —,,,,,,
south-facilities:9601/4,ด่านตรวจ (ไม่ระบุชื่อ) เมืองนราธิวาส,19,SWbS,หรดีค่อนใต้,213.75,south-facilities:9601/8,ด่านตรวจ (ไม่ระบุชื่อ) เมืองนราธิวาส,ด่านตรวจ,2.955,4.154,1.406,0.05547132143593729,0.03314931417137172
south-facilities:9601/4,ด่านตรวจ (ไม่ระบุชื่อ) เมืองนราธิวาส,20,SW,หรดี (ตต.เฉียงใต้),225.0,,— ว่าง —,,,,,,
south-facilities:9601/4,ด่านตรวจ (ไม่ระบุชื่อ) เมืองนราธิวาส,21,SWbW,หรดีค่อนประจิม,236.25,south-facilities:9605/2,ด่านตรวจ (ไม่ระบุชื่อ) ระแงะ,ด่านตรวจ,23.899,28.044,1.173,0.05547132143593729,0.05547532425754493
south-facilities:9601/4,ด่านตรวจ (ไม่ระบุชื่อ) เมืองนราธิวาส,22,WSW,ประจิม-หรดี,247.5,south-facilities:9601/9,ด่านตรวจ (ไม่ระบุชื่อ) เมืองนราธิวาส,ด่านตรวจ,2.975,5.941,1.997,0.05547132143593729,0.040014440829194836
south-facilities:9601/4,ด่านตรวจ (ไม่ระบุชื่อ) เมืองนราธิวาส,23,WbS,ประจิมค่อนใต้,258.75,,— ว่าง —,,,,,,
south-facilities:9601/4,ด่านตรวจ (ไม่ระบุชื่อ) เมืองนราธิวาส,24,W,ประจิม (ตะวันตก),270.0,south-facilities:9601/10,ด่านตรวจ (ไม่ระบุชื่อ) เมืองนราธิวาส,ด่านตรวจ,2.825,4.435,1.57,0.05547132143593729,0.04702727103561508
south-facilities:9601/4,ด่านตรวจ (ไม่ระบุชื่อ) เมืองนราธิวาส,25,WbN,ประจิมค่อนเหนือ,281.25,,— ว่าง —,,,,,,
south-facilities:9601/4,ด่านตรวจ (ไม่ระบุชื่อ) เมืองนราธิวาส,26,WNW,ประจิม-พายัพ,292.5,south-facilities:9601/13,โรงพยาบาล (ไม่ระบุชื่อ) เมืองนราธิวาส,โรงพยาบาล,4.034,6.071,1.505,0.05547132143593729,136.44831162335524
south-facilities:9601/4,ด่านตรวจ (ไม่ระบุชื่อ) เมืองนราธิวาส,27,NWbW,พายัพค่อนประจิม,303.75,,— ว่าง —,,,,,,
south-facilities:9601/4,ด่านตรวจ (ไม่ระบุชื่อ) เมืองนราธิวาส,28,NW,พายัพ (ตต.เฉียงเหนือ),315.0,south-facilities:9601/7,ด่านตรวจ (ไม่ระบุชื่อ) เมืองนราธิวาส,ด่านตรวจ,6.572,8.542,1.3,0.05547132143593729,0.04447797058612646
south-facilities:9601/4,ด่านตรวจ (ไม่ระบุชื่อ) เมืองนราธิวาส,29,NWbN,พายัพค่อนเหนือ,326.25,south-facilities:9601/2,สถานีตำรวจ (ไม่ระบุชื่อ) เมืองนราธิวาส,สถานีตำรวจ,14.245,15.999,1.123,0.05547132143593729,174.65769624031878
south-facilities:9601/4,ด่านตรวจ (ไม่ระบุชื่อ) เมืองนราธิวาส,30,NNW,เหนือ-พายัพ,337.5,,— ว่าง —,,,,,,
south-facilities:9601/4,ด่านตรวจ (ไม่ระบุชื่อ) เมืองนราธิวาส,31,NbW,เหนือค่อนประจิม,348.75,,— ว่าง —,,,,,,
south-facilities:9601/5,ด่านตรวจ (ไม่ระบุชื่อ) เมืองนราธิวาส,0,N,อุดร (เหนือ),0.0,,— ว่าง —,,,,,,
south-facilities:9601/5,ด่านตรวจ (ไม่ระบุชื่อ) เมืองนราธิวาส,1,NbE,เหนือค่อนอีสาน,11.25,,— ว่าง —,,,,,,
south-facilities:9601/5,ด่านตรวจ (ไม่ระบุชื่อ) เมืองนราธิวาส,2,NNE,เหนือ-อีสาน,22.5,,— ว่าง —,,,,,,
south-facilities:9601/5,ด่านตรวจ (ไม่ระบุชื่อ) เมืองนราธิวาส,3,NEbN,อีสานค่อนเหนือ,33.75,south-facilities:9601/8,ด่านตรวจ (ไม่ระบุชื่อ) เมืองนราธิวาส,ด่านตรวจ,1.321,1.848,1.4,0.04419990803380737,0.03314931417137172
south-facilities:9601/5,ด่านตรวจ (ไม่ระบุชื่อ) เมืองนราธิวาส,4,NE,อีสาน (ตอ.เฉียงเหนือ),45.0,,— ว่าง —,,,,,,
south-facilities:9601/5,ด่านตรวจ (ไม่ระบุชื่อ) เมืองนราธิวาส,5,NEbE,อีสานค่อนบูรพา,56.25,,— ว่าง —,,,,,,
south-facilities:9601/5,ด่านตรวจ (ไม่ระบุชื่อ) เมืองนราธิวาส,6,ENE,บูรพา-อีสาน,67.5,south-facilities:9601,ด่านตรวจ (ไม่ระบุชื่อ) เมืองนราธิวาส,ด่านตรวจ,3.756,4.638,1.235,0.04419990803380737,0.035140930250217216
south-facilities:9601/5,ด่านตรวจ (ไม่ระบุชื่อ) เมืองนราธิวาส,7,EbN,บูรพาค่อนเหนือ,78.75,south-facilities:9601/14,โรงพยาบาล (ไม่ระบุชื่อ) เมืองนราธิวาส,โรงพยาบาล,2.318,4.622,1.994,0.04419990803380737,175.3221201831381
south-facilities:9601/5,ด่านตรวจ (ไม่ระบุชื่อ) เมืองนราธิวาส,8,E,บูรพา (ตะวันออก),90.0,south-facilities:9601/3,สถานีตำรวจ Khao Tan Yong police station,สถานีตำรวจ,8.417,10.545,1.253,0.04419990803380737,100.28972323324092
south-facilities:9601/5,ด่านตรวจ (ไม่ระบุชื่อ) เมืองนราธิวาส,9,EbS,บูรพาค่อนใต้,101.25,,— ว่าง —,,,,,,
south-facilities:9601/5,ด่านตรวจ (ไม่ระบุชื่อ) เมืองนราธิวาส,10,ESE,บูรพา-อาคเนย์,112.5,,— ว่าง —,,,,,,
south-facilities:9601/5,ด่านตรวจ (ไม่ระบุชื่อ) เมืองนราธิวาส,11,SEbE,อาคเนย์ค่อนบูรพา,123.75,,— ว่าง —,,,,,,
south-facilities:9601/5,ด่านตรวจ (ไม่ระบุชื่อ) เมืองนราธิวาส,12,SE,อาคเนย์ (ตอ.เฉียงใต้),135.0,,— ว่าง —,,,,,,
south-facilities:9601/5,ด่านตรวจ (ไม่ระบุชื่อ) เมืองนราธิวาส,13,SEbS,อาคเนย์ค่อนใต้,146.25,,— ว่าง —,,,,,,
south-facilities:9601/5,ด่านตรวจ (ไม่ระบุชื่อ) เมืองนราธิวาส,14,SSE,ใต้-อาคเนย์,157.5,,— ว่าง —,,,,,,
south-facilities:9601/5,ด่านตรวจ (ไม่ระบุชื่อ) เมืองนราธิวาส,15,SbE,ใต้ค่อนบูรพา,168.75,,— ว่าง —,,,,,,
south-facilities:9601/5,ด่านตรวจ (ไม่ระบุชื่อ) เมืองนราธิวาส,16,S,ทักษิณ (ใต้),180.0,south-facilities:9613,โรงพยาบาล โรงพยาบาลเจาะไอร้อง,โรงพยาบาล,20.9,28.739,1.375,0.04419990803380737,145.55845886309527
south-facilities:9601/5,ด่านตรวจ (ไม่ระบุชื่อ) เมืองนราธิวาส,17,SbW,ใต้ค่อนประจิม,191.25,,— ว่าง —,,,,,,
south-facilities:9601/5,ด่านตรวจ (ไม่ระบุชื่อ) เมืองนราธิวาส,18,SSW,ใต้-หรดี,202.5,,— ว่าง —,,,,,,
south-facilities:9601/5,ด่านตรวจ (ไม่ระบุชื่อ) เมืองนราธิวาส,19,SWbS,หรดีค่อนใต้,213.75,south-facilities:9605/3,โรงพยาบาล โรงพยาบาลระแงะ,โรงพยาบาล,15.03,18.948,1.261,0.04419990803380737,85.95744521056331
south-facilities:9601/5,ด่านตรวจ (ไม่ระบุชื่อ) เมืองนราธิวาส,20,SW,หรดี (ตต.เฉียงใต้),225.0,,— ว่าง —,,,,,,
south-facilities:9601/5,ด่านตรวจ (ไม่ระบุชื่อ) เมืองนราธิวาส,21,SWbW,หรดีค่อนประจิม,236.25,,— ว่าง —,,,,,,
south-facilities:9601/5,ด่านตรวจ (ไม่ระบุชื่อ) เมืองนราธิวาส,22,WSW,ประจิม-หรดี,247.5,south-facilities:9601/12,สถานีตำรวจ (ไม่ระบุชื่อ) เมืองนราธิวาส,สถานีตำรวจ,0.063,0.057,0.895,0.04419990803380737,9.945097133911325
south-facilities:9601/5,ด่านตรวจ (ไม่ระบุชื่อ) เมืองนราธิวาส,23,WbS,ประจิมค่อนใต้,258.75,south-facilities:9604,โรงพยาบาล โรงพยาบาล​ยี่งอเฉลิม​พระเกียรติ​ 80 พรรษา,โรงพยาบาล,12.242,12.559,1.026,0.04419990803380737,34.4785964036298
south-facilities:9601/5,ด่านตรวจ (ไม่ระบุชื่อ) เมืองนราธิวาส,24,W,ประจิม (ตะวันตก),270.0,south-facilities:9604/3,ด่านตรวจ (ไม่ระบุชื่อ) ยี่งอ,ด่านตรวจ,5.981,6.018,1.006,0.04419990803380737,0.055472780631213775
south-facilities:9601/5,ด่านตรวจ (ไม่ระบุชื่อ) เมืองนราธิวาส,25,WbN,ประจิมค่อนเหนือ,281.25,south-facilities:9604/4,ด่านตรวจ (ไม่ระบุชื่อ) ยี่งอ,ด่านตรวจ,16.085,18.353,1.141,0.04419990803380737,0.024832605752899573
south-facilities:9601/5,ด่านตรวจ (ไม่ระบุชื่อ) เมืองนราธิวาส,26,WNW,ประจิม-พายัพ,292.5,,— ว่าง —,,,,,,
south-facilities:9601/5,ด่านตรวจ (ไม่ระบุชื่อ) เมืองนราธิวาส,27,NWbW,พายัพค่อนประจิม,303.75,south-facilities:9603,โรงพยาบาล โรงพยาบาลบาเจาะ,โรงพยาบาล,18.847,26.117,1.386,0.04419990803380737,57.37414587941606
south-facilities:9601/5,ด่านตรวจ (ไม่ระบุชื่อ) เมืองนราธิวาส,28,NW,พายัพ (ตต.เฉียงเหนือ),315.0,,— ว่าง —,,,,,,
south-facilities:9601/5,ด่านตรวจ (ไม่ระบุชื่อ) เมืองนราธิวาส,29,NWbN,พายัพค่อนเหนือ,326.25,,— ว่าง —,,,,,,
south-facilities:9601/5,ด่านตรวจ (ไม่ระบุชื่อ) เมืองนราธิวาส,30,NNW,เหนือ-พายัพ,337.5,south-facilities:9601/6,ด่านตรวจ (ไม่ระบุชื่อ) เมืองนราธิวาส,ด่านตรวจ,0.021,0.149,7.21,0.04419990803380737,0.034965131157439884
south-facilities:9601/5,ด่านตรวจ (ไม่ระบุชื่อ) เมืองนราธิวาส,31,NbW,เหนือค่อนประจิม,348.75,south-facilities:9601/9,ด่านตรวจ (ไม่ระบุชื่อ) เมืองนราธิวาส,ด่านตรวจ,2.391,3.635,1.52,0.04419990803380737,0.040014440829194836
south-facilities:9601/6,ด่านตรวจ (ไม่ระบุชื่อ) เมืองนราธิวาส,0,N,อุดร (เหนือ),0.0,,— ว่าง —,,,,,,
south-facilities:9601/6,ด่านตรวจ (ไม่ระบุชื่อ) เมืองนราธิวาส,1,NbE,เหนือค่อนอีสาน,11.25,,— ว่าง —,,,,,,
south-facilities:9601/6,ด่านตรวจ (ไม่ระบุชื่อ) เมืองนราธิวาส,2,NNE,เหนือ-อีสาน,22.5,,— ว่าง —,,,,,,
south-facilities:9601/6,ด่านตรวจ (ไม่ระบุชื่อ) เมืองนราธิวาส,3,NEbN,อีสานค่อนเหนือ,33.75,south-facilities:9601/8,ด่านตรวจ (ไม่ระบุชื่อ) เมืองนราธิวาส,ด่านตรวจ,1.31,1.7,1.297,0.034965131157439884,0.03314931417137172
south-facilities:9601/6,ด่านตรวจ (ไม่ระบุชื่อ) เมืองนราธิวาส,4,NE,อีสาน (ตอ.เฉียงเหนือ),45.0,,— ว่าง —,,,,,,
south-facilities:9601/6,ด่านตรวจ (ไม่ระบุชื่อ) เมืองนราธิวาส,5,NEbE,อีสานค่อนบูรพา,56.25,,— ว่าง —,,,,,,
south-facilities:9601/6,ด่านตรวจ (ไม่ระบุชื่อ) เมืองนราธิวาส,6,ENE,บูรพา-อีสาน,67.5,south-facilities:9601,ด่านตรวจ (ไม่ระบุชื่อ) เมืองนราธิวาส,ด่านตรวจ,3.758,4.489,1.195,0.034965131157439884,0.035140930250217216
south-facilities:9601/6,ด่านตรวจ (ไม่ระบุชื่อ) เมืองนราธิวาส,7,EbN,บูรพาค่อนเหนือ,78.75,south-facilities:9601/14,โรงพยาบาล (ไม่ระบุชื่อ) เมืองนราธิวาส,โรงพยาบาล,2.322,4.474,1.927,0.034965131157439884,175.3221201831381
south-facilities:9601/6,ด่านตรวจ (ไม่ระบุชื่อ) เมืองนราธิวาส,8,E,บูรพา (ตะวันออก),90.0,south-facilities:9601/3,สถานีตำรวจ Khao Tan Yong police station,สถานีตำรวจ,8.424,10.397,1.234,0.034965131157439884,100.28972323324092
south-facilities:9601/6,ด่านตรวจ (ไม่ระบุชื่อ) เมืองนราธิวาส,9,EbS,บูรพาค่อนใต้,101.25,,— ว่าง —,,,,,,
south-facilities:9601/6,ด่านตรวจ (ไม่ระบุชื่อ) เมืองนราธิวาส,10,ESE,บูรพา-อาคเนย์,112.5,,— ว่าง —,,,,,,
south-facilities:9601/6,ด่านตรวจ (ไม่ระบุชื่อ) เมืองนราธิวาส,11,SEbE,อาคเนย์ค่อนบูรพา,123.75,,— ว่าง —,,,,,,
south-facilities:9601/6,ด่านตรวจ (ไม่ระบุชื่อ) เมืองนราธิวาส,12,SE,อาคเนย์ (ตอ.เฉียงใต้),135.0,,— ว่าง —,,,,,,
south-facilities:9601/6,ด่านตรวจ (ไม่ระบุชื่อ) เมืองนราธิวาส,13,SEbS,อาคเนย์ค่อนใต้,146.25,,— ว่าง —,,,,,,
south-facilities:9601/6,ด่านตรวจ (ไม่ระบุชื่อ) เมืองนราธิวาส,14,SSE,ใต้-อาคเนย์,157.5,south-facilities:9601/5,ด่านตรวจ (ไม่ระบุชื่อ) เมืองนราธิวาส,ด่านตรวจ,0.021,1.138,55.203,0.034965131157439884,0.04419990803380737
south-facilities:9601/6,ด่านตรวจ (ไม่ระบุชื่อ) เมืองนราธิวาส,15,SbE,ใต้ค่อนบูรพา,168.75,,— ว่าง —,,,,,,
south-facilities:9601/6,ด่านตรวจ (ไม่ระบุชื่อ) เมืองนราธิวาส,16,S,ทักษิณ (ใต้),180.0,south-facilities:9613,โรงพยาบาล โรงพยาบาลเจาะไอร้อง,โรงพยาบาล,20.919,29.876,1.428,0.034965131157439884,145.55845886309527
south-facilities:9601/6,ด่านตรวจ (ไม่ระบุชื่อ) เมืองนราธิวาส,17,SbW,ใต้ค่อนประจิม,191.25,,— ว่าง —,,,,,,
south-facilities:9601/6,ด่านตรวจ (ไม่ระบุชื่อ) เมืองนราธิวาส,18,SSW,ใต้-หรดี,202.5,,— ว่าง —,,,,,,
south-facilities:9601/6,ด่านตรวจ (ไม่ระบุชื่อ) เมืองนราธิวาส,19,SWbS,หรดีค่อนใต้,213.75,south-facilities:9605/3,โรงพยาบาล โรงพยาบาลระแงะ,โรงพยาบาล,15.042,20.085,1.335,0.034965131157439884,85.95744521056331
south-facilities:9601/6,ด่านตรวจ (ไม่ระบุชื่อ) เมืองนราธิวาส,20,SW,หรดี (ตต.เฉียงใต้),225.0,south-facilities:9601/12,สถานีตำรวจ (ไม่ระบุชื่อ) เมืองนราธิวาส,สถานีตำรวจ,0.068,1.194,17.46,0.034965131157439884,9.945097133911325
south-facilities:9601/6,ด่านตรวจ (ไม่ระบุชื่อ) เมืองนราธิวาส,21,SWbW,หรดีค่อนประจิม,236.25,,— ว่าง —,,,,,,
south-facilities:9601/6,ด่านตรวจ (ไม่ระบุชื่อ) เมืองนราธิวาส,22,WSW,ประจิม-หรดี,247.5,south-facilities:9605/2,ด่านตรวจ (ไม่ระบุชื่อ) ระแงะ,ด่านตรวจ,20.272,24.245,1.196,0.034965131157439884,0.05547532425754493
south-facilities:9601/6,ด่านตรวจ (ไม่ระบุชื่อ) เมืองนราธิวาส,23,WbS,ประจิมค่อนใต้,258.75,south-facilities:9604,โรงพยาบาล โรงพยาบาล​ยี่งอเฉลิม​พระเกียรติ​ 80 พรรษา,โรงพยาบาล,12.237,13.696,1.119,0.034965131157439884,34.4785964036298
south-facilities:9601/6,ด่านตรวจ (ไม่ระบุชื่อ) เมืองนราธิวาส,24,W,ประจิม (ตะวันตก),270.0,south-facilities:9604/3,ด่านตรวจ (ไม่ระบุชื่อ) ยี่งอ,ด่านตรวจ,5.976,7.155,1.197,0.034965131157439884,0.055472780631213775
south-facilities:9601/6,ด่านตรวจ (ไม่ระบุชื่อ) เมืองนราธิวาส,25,WbN,ประจิมค่อนเหนือ,281.25,south-facilities:9604/4,ด่านตรวจ (ไม่ระบุชื่อ) ยี่งอ,ด่านตรวจ,16.073,19.49,1.213,0.034965131157439884,0.024832605752899573
south-facilities:9601/6,ด่านตรวจ (ไม่ระบุชื่อ) เมืองนราธิวาส,26,WNW,ประจิม-พายัพ,292.5,,— ว่าง —,,,,,,
south-facilities:9601/6,ด่านตรวจ (ไม่ระบุชื่อ) เมืองนราธิวาส,27,NWbW,พายัพค่อนประจิม,303.75,south-facilities:9603,โรงพยาบาล โรงพยาบาลบาเจาะ,โรงพยาบาล,18.83,27.255,1.447,0.034965131157439884,57.37414587941606
south-facilities:9601/6,ด่านตรวจ (ไม่ระบุชื่อ) เมืองนราธิวาส,28,NW,พายัพ (ตต.เฉียงเหนือ),315.0,,— ว่าง —,,,,,,
south-facilities:9601/6,ด่านตรวจ (ไม่ระบุชื่อ) เมืองนราธิวาส,29,NWbN,พายัพค่อนเหนือ,326.25,,— ว่าง —,,,,,,
south-facilities:9601/6,ด่านตรวจ (ไม่ระบุชื่อ) เมืองนราธิวาส,30,NNW,เหนือ-พายัพ,337.5,south-facilities:9601/13,โรงพยาบาล (ไม่ระบุชื่อ) เมืองนราธิวาส,โรงพยาบาล,5.18,7.225,1.395,0.034965131157439884,136.44831162335524
south-facilities:9601/6,ด่านตรวจ (ไม่ระบุชื่อ) เมืองนราธิวาส,31,NbW,เหนือค่อนประจิม,348.75,south-facilities:9601/9,ด่านตรวจ (ไม่ระบุชื่อ) เมืองนราธิวาส,ด่านตรวจ,2.37,3.486,1.471,0.034965131157439884,0.040014440829194836
south-facilities:9601/7,ด่านตรวจ (ไม่ระบุชื่อ) เมืองนราธิวาส,0,N,อุดร (เหนือ),0.0,,— ว่าง —,,,,,,
south-facilities:9601/7,ด่านตรวจ (ไม่ระบุชื่อ) เมืองนราธิวาส,1,NbE,เหนือค่อนอีสาน,11.25,,— ว่าง —,,,,,,
south-facilities:9601/7,ด่านตรวจ (ไม่ระบุชื่อ) เมืองนราธิวาส,2,NNE,เหนือ-อีสาน,22.5,,— ว่าง —,,,,,,
south-facilities:9601/7,ด่านตรวจ (ไม่ระบุชื่อ) เมืองนราธิวาส,3,NEbN,อีสานค่อนเหนือ,33.75,,— ว่าง —,,,,,,
south-facilities:9601/7,ด่านตรวจ (ไม่ระบุชื่อ) เมืองนราธิวาส,4,NE,อีสาน (ตอ.เฉียงเหนือ),45.0,,— ว่าง —,,,,,,
south-facilities:9601/7,ด่านตรวจ (ไม่ระบุชื่อ) เมืองนราธิวาส,5,NEbE,อีสานค่อนบูรพา,56.25,,— ว่าง —,,,,,,
south-facilities:9601/7,ด่านตรวจ (ไม่ระบุชื่อ) เมืองนราธิวาส,6,ENE,บูรพา-อีสาน,67.5,,— ว่าง —,,,,,,
south-facilities:9601/7,ด่านตรวจ (ไม่ระบุชื่อ) เมืองนราธิวาส,7,EbN,บูรพาค่อนเหนือ,78.75,,— ว่าง —,,,,,,
south-facilities:9601/7,ด่านตรวจ (ไม่ระบุชื่อ) เมืองนราธิวาส,8,E,บูรพา (ตะวันออก),90.0,,— ว่าง —,,,,,,
south-facilities:9601/7,ด่านตรวจ (ไม่ระบุชื่อ) เมืองนราธิวาส,9,EbS,บูรพาค่อนใต้,101.25,,— ว่าง —,,,,,,
south-facilities:9601/7,ด่านตรวจ (ไม่ระบุชื่อ) เมืองนราธิวาส,10,ESE,บูรพา-อาคเนย์,112.5,,— ว่าง —,,,,,,
south-facilities:9601/7,ด่านตรวจ (ไม่ระบุชื่อ) เมืองนราธิวาส,11,SEbE,อาคเนย์ค่อนบูรพา,123.75,south-facilities:9601/3,สถานีตำรวจ Khao Tan Yong police station,สถานีตำรวจ,13.479,16.669,1.237,0.04447797058612646,100.28972323324092
south-facilities:9601/7,ด่านตรวจ (ไม่ระบุชื่อ) เมืองนราธิวาส,12,SE,อาคเนย์ (ตอ.เฉียงใต้),135.0,south-facilities:9601/4,ด่านตรวจ (ไม่ระบุชื่อ) เมืองนราธิวาส,ด่านตรวจ,6.572,8.892,1.353,0.04447797058612646,0.05547132143593729
south-facilities:9601/7,ด่านตรวจ (ไม่ระบุชื่อ) เมืองนราธิวาส,13,SEbS,อาคเนย์ค่อนใต้,146.25,south-facilities:9601/14,โรงพยาบาล (ไม่ระบุชื่อ) เมืองนราธิวาส,โรงพยาบาล,8.932,10.746,1.203,0.04447797058612646,175.3221201831381
south-facilities:9601/7,ด่านตรวจ (ไม่ระบุชื่อ) เมืองนราธิวาส,14,SSE,ใต้-อาคเนย์,157.5,south-facilities:9601/13,โรงพยาบาล (ไม่ระบุชื่อ) เมืองนราธิวาส,โรงพยาบาล,3.166,3.657,1.155,0.04447797058612646,136.44831162335524
south-facilities:9601/7,ด่านตรวจ (ไม่ระบุชื่อ) เมืองนราธิวาส,15,SbE,ใต้ค่อนบูรพา,168.75,,— ว่าง —,,,,,,
south-facilities:9601/7,ด่านตรวจ (ไม่ระบุชื่อ) เมืองนราธิวาส,16,S,ทักษิณ (ใต้),180.0,,— ว่าง —,,,,,,
south-facilities:9601/7,ด่านตรวจ (ไม่ระบุชื่อ) เมืองนราธิวาส,17,SbW,ใต้ค่อนประจิม,191.25,south-facilities:9605/3,โรงพยาบาล โรงพยาบาลระแงะ,โรงพยาบาล,21.204,27.669,1.305,0.04447797058612646,85.95744521056331
south-facilities:9601/7,ด่านตรวจ (ไม่ระบุชื่อ) เมืองนราธิวาส,18,SSW,ใต้-หรดี,202.5,south-facilities:9604/3,ด่านตรวจ (ไม่ระบุชื่อ) ยี่งอ,ด่านตรวจ,9.079,12.762,1.406,0.04447797058612646,0.055472780631213775
south-facilities:9601/7,ด่านตรวจ (ไม่ระบุชื่อ) เมืองนราธิวาส,19,SWbS,หรดีค่อนใต้,213.75,,— ว่าง —,,,,,,
south-facilities:9601/7,ด่านตรวจ (ไม่ระบุชื่อ) เมืองนราธิวาส,20,SW,หรดี (ตต.เฉียงใต้),225.0,south-facilities:9604/2,ด่านตรวจ (ไม่ระบุชื่อ) ยี่งอ,ด่านตรวจ,11.394,16.839,1.478,0.04447797058612646,15.088535386528765
south-facilities:9601/7,ด่านตรวจ (ไม่ระบุชื่อ) เมืองนราธิวาส,21,SWbW,หรดีค่อนประจิม,236.25,,— ว่าง —,,,,,,
south-facilities:9601/7,ด่านตรวจ (ไม่ระบุชื่อ) เมืองนราธิวาส,22,WSW,ประจิม-หรดี,247.5,south-facilities:9604/4,ด่านตรวจ (ไม่ระบุชื่อ) ยี่งอ,ด่านตรวจ,13.606,17.167,1.262,0.04447797058612646,0.024832605752899573
south-facilities:9601/7,ด่านตรวจ (ไม่ระบุชื่อ) เมืองนราธิวาส,23,WbS,ประจิมค่อนใต้,258.75,,— ว่าง —,,,,,,
south-facilities:9601/7,ด่านตรวจ (ไม่ระบุชื่อ) เมืองนราธิวาส,24,W,ประจิม (ตะวันตก),270.0,,— ว่าง —,,,,,,
south-facilities:9601/7,ด่านตรวจ (ไม่ระบุชื่อ) เมืองนราธิวาส,25,WbN,ประจิมค่อนเหนือ,281.25,south-facilities:9603,โรงพยาบาล โรงพยาบาลบาเจาะ,โรงพยาบาล,13.258,20.125,1.518,0.04447797058612646,57.37414587941606
south-facilities:9601/7,ด่านตรวจ (ไม่ระบุชื่อ) เมืองนราธิวาส,26,WNW,ประจิม-พายัพ,292.5,,— ว่าง —,,,,,,
south-facilities:9601/7,ด่านตรวจ (ไม่ระบุชื่อ) เมืองนราธิวาส,27,NWbW,พายัพค่อนประจิม,303.75,,— ว่าง —,,,,,,
south-facilities:9601/7,ด่านตรวจ (ไม่ระบุชื่อ) เมืองนราธิวาส,28,NW,พายัพ (ตต.เฉียงเหนือ),315.0,south-facilities:9408,โรงพยาบาล โรงพยาบาลไม้แก่น,โรงพยาบาล,19.072,22.29,1.169,0.04447797058612646,59.25526141909616
south-facilities:9601/7,ด่านตรวจ (ไม่ระบุชื่อ) เมืองนราธิวาส,29,NWbN,พายัพค่อนเหนือ,326.25,south-facilities:9601/2,สถานีตำรวจ (ไม่ระบุชื่อ) เมืองนราธิวาส,สถานีตำรวจ,7.851,8.497,1.082,0.04447797058612646,174.65769624031878
south-facilities:9601/7,ด่านตรวจ (ไม่ระบุชื่อ) เมืองนราธิวาส,30,NNW,เหนือ-พายัพ,337.5,,— ว่าง —,,,,,,
south-facilities:9601/7,ด่านตรวจ (ไม่ระบุชื่อ) เมืองนราธิวาส,31,NbW,เหนือค่อนประจิม,348.75,,— ว่าง —,,,,,,
south-facilities:9601/8,ด่านตรวจ (ไม่ระบุชื่อ) เมืองนราธิวาส,0,N,อุดร (เหนือ),0.0,,— ว่าง —,,,,,,
south-facilities:9601/8,ด่านตรวจ (ไม่ระบุชื่อ) เมืองนราธิวาส,1,NbE,เหนือค่อนอีสาน,11.25,,— ว่าง —,,,,,,
south-facilities:9601/8,ด่านตรวจ (ไม่ระบุชื่อ) เมืองนราธิวาส,2,NNE,เหนือ-อีสาน,22.5,,— ว่าง —,,,,,,
south-facilities:9601/8,ด่านตรวจ (ไม่ระบุชื่อ) เมืองนราธิวาส,3,NEbN,อีสานค่อนเหนือ,33.75,south-facilities:9601/4,ด่านตรวจ (ไม่ระบุชื่อ) เมืองนราธิวาส,ด่านตรวจ,2.955,4.451,1.506,0.03314931417137172,0.05547132143593729
south-facilities:9601/8,ด่านตรวจ (ไม่ระบุชื่อ) เมืองนราธิวาส,4,NE,อีสาน (ตอ.เฉียงเหนือ),45.0,,— ว่าง —,,,,,,
south-facilities:9601/8,ด่านตรวจ (ไม่ระบุชื่อ) เมืองนราธิวาส,5,NEbE,อีสานค่อนบูรพา,56.25,,— ว่าง —,,,,,,
south-facilities:9601/8,ด่านตรวจ (ไม่ระบุชื่อ) เมืองนราธิวาส,6,ENE,บูรพา-อีสาน,67.5,,— ว่าง —,,,,,,
south-facilities:9601/8,ด่านตรวจ (ไม่ระบุชื่อ) เมืองนราธิวาส,7,EbN,บูรพาค่อนเหนือ,78.75,,— ว่าง —,,,,,,
south-facilities:9601/8,ด่านตรวจ (ไม่ระบุชื่อ) เมืองนราธิวาส,8,E,บูรพา (ตะวันออก),90.0,south-facilities:9601,ด่านตรวจ (ไม่ระบุชื่อ) เมืองนราธิวาส,ด่านตรวจ,2.775,3.684,1.327,0.03314931417137172,0.035140930250217216
south-facilities:9601/8,ด่านตรวจ (ไม่ระบุชื่อ) เมืองนราธิวาส,9,EbS,บูรพาค่อนใต้,101.25,south-facilities:9601/3,สถานีตำรวจ Khao Tan Yong police station,สถานีตำรวจ,7.658,9.592,1.253,0.03314931417137172,100.28972323324092
south-facilities:9601/8,ด่านตรวจ (ไม่ระบุชื่อ) เมืองนราธิวาส,10,ESE,บูรพา-อาคเนย์,112.5,south-facilities:9601/14,โรงพยาบาล (ไม่ระบุชื่อ) เมืองนราธิวาส,โรงพยาบาล,1.579,3.669,2.324,0.03314931417137172,175.3221201831381
south-facilities:9601/8,ด่านตรวจ (ไม่ระบุชื่อ) เมืองนราธิวาส,11,SEbE,อาคเนย์ค่อนบูรพา,123.75,,— ว่าง —,,,,,,
south-facilities:9601/8,ด่านตรวจ (ไม่ระบุชื่อ) เมืองนราธิวาส,12,SE,อาคเนย์ (ตอ.เฉียงใต้),135.0,,— ว่าง —,,,,,,
south-facilities:9601/8,ด่านตรวจ (ไม่ระบุชื่อ) เมืองนราธิวาส,13,SEbS,อาคเนย์ค่อนใต้,146.25,,— ว่าง —,,,,,,
south-facilities:9601/8,ด่านตรวจ (ไม่ระบุชื่อ) เมืองนราธิวาส,14,SSE,ใต้-อาคเนย์,157.5,,— ว่าง —,,,,,,
south-facilities:9601/8,ด่านตรวจ (ไม่ระบุชื่อ) เมืองนราธิวาส,15,SbE,ใต้ค่อนบูรพา,168.75,,— ว่าง —,,,,,,
south-facilities:9601/8,ด่านตรวจ (ไม่ระบุชื่อ) เมืองนราธิวาส,16,S,ทักษิณ (ใต้),180.0,south-facilities:9613,โรงพยาบาล โรงพยาบาลเจาะไอร้อง,โรงพยาบาล,21.941,30.477,1.389,0.03314931417137172,145.55845886309527
south-facilities:9601/8,ด่านตรวจ (ไม่ระบุชื่อ) เมืองนราธิวาส,17,SbW,ใต้ค่อนประจิม,191.25,,— ว่าง —,,,,,,
south-facilities:9601/8,ด่านตรวจ (ไม่ระบุชื่อ) เมืองนราธิวาส,18,SSW,ใต้-หรดี,202.5,,— ว่าง —,,,,,,
south-facilities:9601/8,ด่านตรวจ (ไม่ระบุชื่อ) เมืองนราธิวาส,19,SWbS,หรดีค่อนใต้,213.75,south-facilities:9601/6,ด่านตรวจ (ไม่ระบุชื่อ) เมืองนราธิวาส,ด่านตรวจ,1.31,1.887,1.44,0.03314931417137172,0.034965131157439884
south-facilities:9601/8,ด่านตรวจ (ไม่ระบุชื่อ) เมืองนราธิวาส,20,SW,หรดี (ตต.เฉียงใต้),225.0,,— ว่าง —,,,,,,
south-facilities:9601/8,ด่านตรวจ (ไม่ระบุชื่อ) เมืองนราธิวาส,21,SWbW,หรดีค่อนประจิม,236.25,,— ว่าง —,,,,,,
south-facilities:9601/8,ด่านตรวจ (ไม่ระบุชื่อ) เมืองนราธิวาส,22,WSW,ประจิม-หรดี,247.5,south-facilities:9605/2,ด่านตรวจ (ไม่ระบุชื่อ) ระแงะ,ด่านตรวจ,21.424,24.846,1.16,0.03314931417137172,0.05547532425754493
south-facilities:9601/8,ด่านตรวจ (ไม่ระบุชื่อ) เมืองนราธิวาส,23,WbS,ประจิมค่อนใต้,258.75,south-facilities:9604/3,ด่านตรวจ (ไม่ระบุชื่อ) ยี่งอ,ด่านตรวจ,6.94,7.756,1.118,0.03314931417137172,0.055472780631213775
south-facilities:9601/8,ด่านตรวจ (ไม่ระบุชื่อ) เมืองนราธิวาส,24,W,ประจิม (ตะวันตก),270.0,,— ว่าง —,,,,,,
south-facilities:9601/8,ด่านตรวจ (ไม่ระบุชื่อ) เมืองนราธิวาส,25,WbN,ประจิมค่อนเหนือ,281.25,south-facilities:9604/4,ด่านตรวจ (ไม่ระบุชื่อ) ยี่งอ,ด่านตรวจ,16.656,20.091,1.206,0.03314931417137172,0.024832605752899573
south-facilities:9601/8,ด่านตรวจ (ไม่ระบุชื่อ) เมืองนราธิวาส,26,WNW,ประจิม-พายัพ,292.5,,— ว่าง —,,,,,,
south-facilities:9601/8,ด่านตรวจ (ไม่ระบุชื่อ) เมืองนราธิวาส,27,NWbW,พายัพค่อนประจิม,303.75,south-facilities:9603,โรงพยาบาล โรงพยาบาลบาเจาะ,โรงพยาบาล,18.973,27.856,1.468,0.03314931417137172,57.37414587941606
south-facilities:9601/8,ด่านตรวจ (ไม่ระบุชื่อ) เมืองนราธิวาส,28,NW,พายัพ (ตต.เฉียงเหนือ),315.0,south-facilities:9601/9,ด่านตรวจ (ไม่ระบุชื่อ) เมืองนราธิวาส,ด่านตรวจ,1.778,1.786,1.005,0.03314931417137172,0.040014440829194836
south-facilities:9601/8,ด่านตรวจ (ไม่ระบุชื่อ) เมืองนราธิวาส,29,NWbN,พายัพค่อนเหนือ,326.25,south-facilities:9601/13,โรงพยาบาล (ไม่ระบุชื่อ) เมืองนราธิวาส,โรงพยาบาล,4.551,5.526,1.214,0.03314931417137172,136.44831162335524
south-facilities:9601/8,ด่านตรวจ (ไม่ระบุชื่อ) เมืองนราธิวาส,30,NNW,เหนือ-พายัพ,337.5,south-facilities:9601/10,ด่านตรวจ (ไม่ระบุชื่อ) เมืองนราธิวาส,ด่านตรวจ,2.921,3.889,1.332,0.03314931417137172,0.04702727103561508
south-facilities:9601/8,ด่านตรวจ (ไม่ระบุชื่อ) เมืองนราธิวาส,31,NbW,เหนือค่อนประจิม,348.75,,— ว่าง —,,,,,,
south-facilities:9601/9,ด่านตรวจ (ไม่ระบุชื่อ) เมืองนราธิวาส,0,N,อุดร (เหนือ),0.0,,— ว่าง —,,,,,,
south-facilities:9601/9,ด่านตรวจ (ไม่ระบุชื่อ) เมืองนราธิวาส,1,NbE,เหนือค่อนอีสาน,11.25,,— ว่าง —,,,,,,
south-facilities:9601/9,ด่านตรวจ (ไม่ระบุชื่อ) เมืองนราธิวาส,2,NNE,เหนือ-อีสาน,22.5,,— ว่าง —,,,,,,
south-facilities:9601/9,ด่านตรวจ (ไม่ระบุชื่อ) เมืองนราธิวาส,3,NEbN,อีสานค่อนเหนือ,33.75,,— ว่าง —,,,,,,
south-facilities:9601/9,ด่านตรวจ (ไม่ระบุชื่อ) เมืองนราธิวาส,4,NE,อีสาน (ตอ.เฉียงเหนือ),45.0,,— ว่าง —,,,,,,
south-facilities:9601/9,ด่านตรวจ (ไม่ระบุชื่อ) เมืองนราธิวาส,5,NEbE,อีสานค่อนบูรพา,56.25,,— ว่าง —,,,,,,
south-facilities:9601/9,ด่านตรวจ (ไม่ระบุชื่อ) เมืองนราธิวาส,6,ENE,บูรพา-อีสาน,67.5,south-facilities:9601/4,ด่านตรวจ (ไม่ระบุชื่อ) เมืองนราธิวาส,ด่านตรวจ,2.975,6.237,2.097,0.040014440829194836,0.05547132143593729
south-facilities:9601/9,ด่านตรวจ (ไม่ระบุชื่อ) เมืองนราธิวาส,7,EbN,บูรพาค่อนเหนือ,78.75,,— ว่าง —,,,,,,
south-facilities:9601/9,ด่านตรวจ (ไม่ระบุชื่อ) เมืองนราธิวาส,8,E,บูรพา (ตะวันออก),90.0,,— ว่าง —,,,,,,
south-facilities:9601/9,ด่านตรวจ (ไม่ระบุชื่อ) เมืองนราธิวาส,9,EbS,บูรพาค่อนใต้,101.25,south-facilities:9601,ด่านตรวจ (ไม่ระบุชื่อ) เมืองนราธิวาส,ด่านตรวจ,4.156,5.47,1.316,0.040014440829194836,0.035140930250217216
south-facilities:9601/9,ด่านตรวจ (ไม่ระบุชื่อ) เมืองนราธิวาส,10,ESE,บูรพา-อาคเนย์,112.5,,— ว่าง —,,,,,,
south-facilities:9601/9,ด่านตรวจ (ไม่ระบุชื่อ) เมืองนราธิวาส,11,SEbE,อาคเนย์ค่อนบูรพา,123.75,south-facilities:9601/14,โรงพยาบาล (ไม่ระบุชื่อ) เมืองนราธิวาส,โรงพยาบาล,3.272,5.455,1.667,0.040014440829194836,175.3221201831381
south-facilities:9601/9,ด่านตรวจ (ไม่ระบุชื่อ) เมืองนราธิวาส,12,SE,อาคเนย์ (ตอ.เฉียงใต้),135.0,south-facilities:9601/8,ด่านตรวจ (ไม่ระบุชื่อ) เมืองนราธิวาส,ด่านตรวจ,1.778,1.786,1.005,0.040014440829194836,0.03314931417137172
south-facilities:9601/9,ด่านตรวจ (ไม่ระบุชื่อ) เมืองนราธิวาส,13,SEbS,อาคเนย์ค่อนใต้,146.25,,— ว่าง —,,,,,,
south-facilities:9601/9,ด่านตรวจ (ไม่ระบุชื่อ) เมืองนราธิวาส,14,SSE,ใต้-อาคเนย์,157.5,,— ว่าง —,,,,,,
south-facilities:9601/9,ด่านตรวจ (ไม่ระบุชื่อ) เมืองนราธิวาส,15,SbE,ใต้ค่อนบูรพา,168.75,south-facilities:9601/6,ด่านตรวจ (ไม่ระบุชื่อ) เมืองนราธิวาส,ด่านตรวจ,2.37,3.673,1.55,0.040014440829194836,0.034965131157439884
south-facilities:9601/9,ด่านตรวจ (ไม่ระบุชื่อ) เมืองนราธิวาส,16,S,ทักษิณ (ใต้),180.0,south-facilities:9613,โรงพยาบาล โรงพยาบาลเจาะไอร้อง,โรงพยาบาล,23.269,32.263,1.387,0.040014440829194836,145.55845886309527
south-facilities:9601/9,ด่านตรวจ (ไม่ระบุชื่อ) เมืองนราธิวาส,17,SbW,ใต้ค่อนประจิม,191.25,,— ว่าง —,,,,,,
south-facilities:9601/9,ด่านตรวจ (ไม่ระบุชื่อ) เมืองนราธิวาส,18,SSW,ใต้-หรดี,202.5,south-facilities:9605/3,โรงพยาบาล โรงพยาบาลระแงะ,โรงพยาบาล,16.843,22.472,1.334,0.040014440829194836,85.95744521056331
south-facilities:9601/9,ด่านตรวจ (ไม่ระบุชื่อ) เมืองนราธิวาส,19,SWbS,หรดีค่อนใต้,213.75,,— ว่าง —,,,,,,
south-facilities:9601/9,ด่านตรวจ (ไม่ระบุชื่อ) เมืองนราธิวาส,20,SW,หรดี (ตต.เฉียงใต้),225.0,,— ว่าง —,,,,,,
south-facilities:9601/9,ด่านตรวจ (ไม่ระบุชื่อ) เมืองนราธิวาส,21,SWbW,หรดีค่อนประจิม,236.25,south-facilities:9605/2,ด่านตรวจ (ไม่ระบุชื่อ) ระแงะ,ด่านตรวจ,20.931,26.632,1.272,0.040014440829194836,0.05547532425754493
south-facilities:9601/9,ด่านตรวจ (ไม่ระบุชื่อ) เมืองนราธิวาส,22,WSW,ประจิม-หรดี,247.5,south-facilities:9604/3,ด่านตรวจ (ไม่ระบุชื่อ) ยี่งอ,ด่านตรวจ,6.255,9.542,1.526,0.040014440829194836,0.055472780631213775
south-facilities:9601/9,ด่านตรวจ (ไม่ระบุชื่อ) เมืองนราธิวาส,23,WbS,ประจิมค่อนใต้,258.75,,— ว่าง —,,,,,,
south-facilities:9601/9,ด่านตรวจ (ไม่ระบุชื่อ) เมืองนราธิวาส,24,W,ประจิม (ตะวันตก),270.0,south-facilities:9604/4,ด่านตรวจ (ไม่ระบุชื่อ) ยี่งอ,ด่านตรวจ,15.287,21.877,1.431,0.040014440829194836,0.024832605752899573
south-facilities:9601/9,ด่านตรวจ (ไม่ระบุชื่อ) เมืองนราธิวาส,25,WbN,ประจิมค่อนเหนือ,281.25,,— ว่าง —,,,,,,
south-facilities:9601/9,ด่านตรวจ (ไม่ระบุชื่อ) เมืองนราธิวาส,26,WNW,ประจิม-พายัพ,292.5,south-facilities:9603,โรงพยาบาล โรงพยาบาลบาเจาะ,โรงพยาบาล,17.285,27.521,1.592,0.040014440829194836,57.37414587941606
south-facilities:9601/9,ด่านตรวจ (ไม่ระบุชื่อ) เมืองนราธิวาส,27,NWbW,พายัพค่อนประจิม,303.75,,— ว่าง —,,,,,,
south-facilities:9601/9,ด่านตรวจ (ไม่ระบุชื่อ) เมืองนราธิวาส,28,NW,พายัพ (ตต.เฉียงเหนือ),315.0,,— ว่าง —,,,,,,
south-facilities:9601/9,ด่านตรวจ (ไม่ระบุชื่อ) เมืองนราธิวาส,29,NWbN,พายัพค่อนเหนือ,326.25,south-facilities:9408,โรงพยาบาล โรงพยาบาลไม้แก่น,โรงพยาบาล,24.843,29.687,1.195,0.040014440829194836,59.25526141909616
south-facilities:9601/9,ด่านตรวจ (ไม่ระบุชื่อ) เมืองนราธิวาส,30,NNW,เหนือ-พายัพ,337.5,south-facilities:9601/13,โรงพยาบาล (ไม่ระบุชื่อ) เมืองนราธิวาส,โรงพยาบาล,2.842,3.739,1.316,0.040014440829194836,136.44831162335524
south-facilities:9601/9,ด่านตรวจ (ไม่ระบุชื่อ) เมืองนราธิวาส,31,NbW,เหนือค่อนประจิม,348.75,south-facilities:9601/10,ด่านตรวจ (ไม่ระบุชื่อ) เมืองนราธิวาส,ด่านตรวจ,1.301,2.103,1.616,0.040014440829194836,0.04702727103561508
south-facilities:9601/10,ด่านตรวจ (ไม่ระบุชื่อ) เมืองนราธิวาส,0,N,อุดร (เหนือ),0.0,,— ว่าง —,,,,,,
south-facilities:9601/10,ด่านตรวจ (ไม่ระบุชื่อ) เมืองนราธิวาส,1,NbE,เหนือค่อนอีสาน,11.25,,— ว่าง —,,,,,,
south-facilities:9601/10,ด่านตรวจ (ไม่ระบุชื่อ) เมืองนราธิวาส,2,NNE,เหนือ-อีสาน,22.5,,— ว่าง —,,,,,,
south-facilities:9601/10,ด่านตรวจ (ไม่ระบุชื่อ) เมืองนราธิวาส,3,NEbN,อีสานค่อนเหนือ,33.75,,— ว่าง —,,,,,,
south-facilities:9601/10,ด่านตรวจ (ไม่ระบุชื่อ) เมืองนราธิวาส,4,NE,อีสาน (ตอ.เฉียงเหนือ),45.0,,— ว่าง —,,,,,,
south-facilities:9601/10,ด่านตรวจ (ไม่ระบุชื่อ) เมืองนราธิวาส,5,NEbE,อีสานค่อนบูรพา,56.25,,— ว่าง —,,,,,,
south-facilities:9601/10,ด่านตรวจ (ไม่ระบุชื่อ) เมืองนราธิวาส,6,ENE,บูรพา-อีสาน,67.5,,— ว่าง —,,,,,,
south-facilities:9601/10,ด่านตรวจ (ไม่ระบุชื่อ) เมืองนราธิวาส,7,EbN,บูรพาค่อนเหนือ,78.75,,— ว่าง —,,,,,,
south-facilities:9601/10,ด่านตรวจ (ไม่ระบุชื่อ) เมืองนราธิวาส,8,E,บูรพา (ตะวันออก),90.0,south-facilities:9601/4,ด่านตรวจ (ไม่ระบุชื่อ) เมืองนราธิวาส,ด่านตรวจ,2.825,4.772,1.689,0.04702727103561508,0.05547132143593729
south-facilities:9601/10,ด่านตรวจ (ไม่ระบุชื่อ) เมืองนราธิวาส,9,EbS,บูรพาค่อนใต้,101.25,,— ว่าง —,,,,,,
south-facilities:9601/10,ด่านตรวจ (ไม่ระบุชื่อ) เมืองนราธิวาส,10,ESE,บูรพา-อาคเนย์,112.5,south-facilities:9601/3,สถานีตำรวจ Khao Tan Yong police station,สถานีตำรวจ,9.576,11.594,1.211,0.04702727103561508,100.28972323324092
south-facilities:9601/10,ด่านตรวจ (ไม่ระบุชื่อ) เมืองนราธิวาส,11,SEbE,อาคเนย์ค่อนบูรพา,123.75,south-facilities:9601,ด่านตรวจ (ไม่ระบุชื่อ) เมืองนราธิวาส,ด่านตรวจ,4.801,5.686,1.184,0.04702727103561508,0.035140930250217216
south-facilities:9601/10,ด่านตรวจ (ไม่ระบุชื่อ) เมืองนราธิวาส,12,SE,อาคเนย์ (ตอ.เฉียงใต้),135.0,south-facilities:9601/14,โรงพยาบาล (ไม่ระบุชื่อ) เมืองนราธิวาส,โรงพยาบาล,4.235,5.671,1.339,0.04702727103561508,175.3221201831381
south-facilities:9601/10,ด่านตรวจ (ไม่ระบุชื่อ) เมืองนราธิวาส,13,SEbS,อาคเนย์ค่อนใต้,146.25,,— ว่าง —,,,,,,
south-facilities:9601/10,ด่านตรวจ (ไม่ระบุชื่อ) เมืองนราธิวาส,14,SSE,ใต้-อาคเนย์,157.5,south-facilities:9601/8,ด่านตรวจ (ไม่ระบุชื่อ) เมืองนราธิวาส,ด่านตรวจ,2.921,3.889,1.332,0.04702727103561508,0.03314931417137172
south-facilities:9601/10,ด่านตรวจ (ไม่ระบุชื่อ) เมืองนราธิวาส,15,SbE,ใต้ค่อนบูรพา,168.75,south-facilities:9601/9,ด่านตรวจ (ไม่ระบุชื่อ) เมืองนราธิวาส,ด่านตรวจ,1.301,2.103,1.616,0.04702727103561508,0.040014440829194836
south-facilities:9601/10,ด่านตรวจ (ไม่ระบุชื่อ) เมืองนราธิวาส,16,S,ทักษิณ (ใต้),180.0,south-facilities:9613,โรงพยาบาล โรงพยาบาลเจาะไอร้อง,โรงพยาบาล,24.569,33.066,1.346,0.04702727103561508,145.55845886309527
south-facilities:9601/10,ด่านตรวจ (ไม่ระบุชื่อ) เมืองนราธิวาส,17,SbW,ใต้ค่อนประจิม,191.25,,— ว่าง —,,,,,,
south-facilities:9601/10,ด่านตรวจ (ไม่ระบุชื่อ) เมืองนราธิวาส,18,SSW,ใต้-หรดี,202.5,south-facilities:9605/3,โรงพยาบาล โรงพยาบาลระแงะ,โรงพยาบาล,17.941,23.275,1.297,0.04702727103561508,85.95744521056331
south-facilities:9601/10,ด่านตรวจ (ไม่ระบุชื่อ) เมืองนราธิวาส,19,SWbS,หรดีค่อนใต้,213.75,,— ว่าง —,,,,,,
south-facilities:9601/10,ด่านตรวจ (ไม่ระบุชื่อ) เมืองนราธิวาส,20,SW,หรดี (ตต.เฉียงใต้),225.0,,— ว่าง —,,,,,,
south-facilities:9601/10,ด่านตรวจ (ไม่ระบุชื่อ) เมืองนราธิวาส,21,SWbW,หรดีค่อนประจิม,236.25,south-facilities:9604/3,ด่านตรวจ (ไม่ระบุชื่อ) ยี่งอ,ด่านตรวจ,6.849,11.645,1.7,0.04702727103561508,0.055472780631213775
south-facilities:9601/10,ด่านตรวจ (ไม่ระบุชื่อ) เมืองนราธิวาส,22,WSW,ประจิม-หรดี,247.5,south-facilities:9604/2,ด่านตรวจ (ไม่ระบุชื่อ) ยี่งอ,ด่านตรวจ,10.473,15.723,1.501,0.04702727103561508,15.088535386528765
south-facilities:9601/10,ด่านตรวจ (ไม่ระบุชื่อ) เมืองนราธิวาส,23,WbS,ประจิมค่อนใต้,258.75,,— ว่าง —,,,,,,
south-facilities:9601/10,ด่านตรวจ (ไม่ระบุชื่อ) เมืองนราธิวาส,24,W,ประจิม (ตะวันตก),270.0,south-facilities:9604/4,ด่านตรวจ (ไม่ระบุชื่อ) ยี่งอ,ด่านตรวจ,15.094,22.46,1.488,0.04702727103561508,0.024832605752899573
south-facilities:9601/10,ด่านตรวจ (ไม่ระบุชื่อ) เมืองนราธิวาส,25,WbN,ประจิมค่อนเหนือ,281.25,,— ว่าง —,,,,,,
south-facilities:9601/10,ด่านตรวจ (ไม่ระบุชื่อ) เมืองนราธิวาส,26,WNW,ประจิม-พายัพ,292.5,south-facilities:9603,โรงพยาบาล โรงพยาบาลบาเจาะ,โรงพยาบาล,16.602,25.418,1.531,0.04702727103561508,57.37414587941606
south-facilities:9601/10,ด่านตรวจ (ไม่ระบุชื่อ) เมืองนราธิวาส,27,NWbW,พายัพค่อนประจิม,303.75,,— ว่าง —,,,,,,
south-facilities:9601/10,ด่านตรวจ (ไม่ระบุชื่อ) เมืองนราธิวาส,28,NW,พายัพ (ตต.เฉียงเหนือ),315.0,,— ว่าง —,,,,,,
south-facilities:9601/10,ด่านตรวจ (ไม่ระบุชื่อ) เมืองนราธิวาส,29,NWbN,พายัพค่อนเหนือ,326.25,south-facilities:9601/13,โรงพยาบาล (ไม่ระบุชื่อ) เมืองนราธิวาส,โรงพยาบาล,1.643,1.636,0.996,0.04702727103561508,136.44831162335524
south-facilities:9601/10,ด่านตรวจ (ไม่ระบุชื่อ) เมืองนราธิวาส,30,NNW,เหนือ-พายัพ,337.5,south-facilities:9601/7,ด่านตรวจ (ไม่ระบุชื่อ) เมืองนราธิวาส,ด่านตรวจ,4.774,5.293,1.109,0.04702727103561508,0.04447797058612646
south-facilities:9601/10,ด่านตรวจ (ไม่ระบุชื่อ) เมืองนราธิวาส,31,NbW,เหนือค่อนประจิม,348.75,,— ว่าง —,,,,,,
south-facilities:9601/11,รพ.สต./สถานีอนามัย Narathiwat Hospital,0,N,อุดร (เหนือ),0.0,south-facilities:9601/4,ด่านตรวจ (ไม่ระบุชื่อ) เมืองนราธิวาส,ด่านตรวจ,3.125,3.663,1.172,39.461257807225174,0.05547132143593729
south-facilities:9601/11,รพ.สต./สถานีอนามัย Narathiwat Hospital,1,NbE,เหนือค่อนอีสาน,11.25,,— ว่าง —,,,,,,
south-facilities:9601/11,รพ.สต./สถานีอนามัย Narathiwat Hospital,2,NNE,เหนือ-อีสาน,22.5,,— ว่าง —,,,,,,
south-facilities:9601/11,รพ.สต./สถานีอนามัย Narathiwat Hospital,3,NEbN,อีสานค่อนเหนือ,33.75,,— ว่าง —,,,,,,
south-facilities:9601/11,รพ.สต./สถานีอนามัย Narathiwat Hospital,4,NE,อีสาน (ตอ.เฉียงเหนือ),45.0,,— ว่าง —,,,,,,
south-facilities:9601/11,รพ.สต./สถานีอนามัย Narathiwat Hospital,5,NEbE,อีสานค่อนบูรพา,56.25,south-facilities:9601,ด่านตรวจ (ไม่ระบุชื่อ) เมืองนราธิวาส,ด่านตรวจ,1.349,2.275,1.687,39.461257807225174,0.035140930250217216
south-facilities:9601/11,รพ.สต./สถานีอนามัย Narathiwat Hospital,6,ENE,บูรพา-อีสาน,67.5,,— ว่าง —,,,,,,
south-facilities:9601/11,รพ.สต./สถานีอนามัย Narathiwat Hospital,7,EbN,บูรพาค่อนเหนือ,78.75,,— ว่าง —,,,,,,
south-facilities:9601/11,รพ.สต./สถานีอนามัย Narathiwat Hospital,8,E,บูรพา (ตะวันออก),90.0,south-facilities:9601/3,สถานีตำรวจ Khao Tan Yong police station,สถานีตำรวจ,6.01,8.183,1.362,39.461257807225174,100.28972323324092
south-facilities:9601/11,รพ.สต./สถานีอนามัย Narathiwat Hospital,9,EbS,บูรพาค่อนใต้,101.25,,— ว่าง —,,,,,,
south-facilities:9601/11,รพ.สต./สถานีอนามัย Narathiwat Hospital,10,ESE,บูรพา-อาคเนย์,112.5,,— ว่าง —,,,,,,
south-facilities:9601/11,รพ.สต./สถานีอนามัย Narathiwat Hospital,11,SEbE,อาคเนย์ค่อนบูรพา,123.75,,— ว่าง —,,,,,,
south-facilities:9601/11,รพ.สต./สถานีอนามัย Narathiwat Hospital,12,SE,อาคเนย์ (ตอ.เฉียงใต้),135.0,,— ว่าง —,,,,,,
south-facilities:9601/11,รพ.สต./สถานีอนามัย Narathiwat Hospital,13,SEbS,อาคเนย์ค่อนใต้,146.25,,— ว่าง —,,,,,,
south-facilities:9601/11,รพ.สต./สถานีอนามัย Narathiwat Hospital,14,SSE,ใต้-อาคเนย์,157.5,,— ว่าง —,,,,,,
south-facilities:9601/11,รพ.สต./สถานีอนามัย Narathiwat Hospital,15,SbE,ใต้ค่อนบูรพา,168.75,,— ว่าง —,,,,,,
south-facilities:9601/11,รพ.สต./สถานีอนามัย Narathiwat Hospital,16,S,ทักษิณ (ใต้),180.0,south-facilities:9613,โรงพยาบาล โรงพยาบาลเจาะไอร้อง,โรงพยาบาล,21.438,28.106,1.311,39.461257807225174,145.55845886309527
south-facilities:9601/11,รพ.สต./สถานีอนามัย Narathiwat Hospital,17,SbW,ใต้ค่อนประจิม,191.25,,— ว่าง —,,,,,,
south-facilities:9601/11,รพ.สต./สถานีอนามัย Narathiwat Hospital,18,SSW,ใต้-หรดี,202.5,,— ว่าง —,,,,,,
south-facilities:9601/11,รพ.สต./สถานีอนามัย Narathiwat Hospital,19,SWbS,หรดีค่อนใต้,213.75,,— ว่าง —,,,,,,
south-facilities:9601/11,รพ.สต./สถานีอนามัย Narathiwat Hospital,20,SW,หรดี (ตต.เฉียงใต้),225.0,south-facilities:9605/3,โรงพยาบาล โรงพยาบาลระแงะ,โรงพยาบาล,16.856,18.315,1.087,39.461257807225174,85.95744521056331
south-facilities:9601/11,รพ.สต./สถานีอนามัย Narathiwat Hospital,21,SWbW,หรดีค่อนประจิม,236.25,,— ว่าง —,,,,,,
south-facilities:9601/11,รพ.สต./สถานีอนามัย Narathiwat Hospital,22,WSW,ประจิม-หรดี,247.5,south-facilities:9605/2,ด่านตรวจ (ไม่ระบุชื่อ) ระแงะ,ด่านตรวจ,22.684,27.424,1.209,39.461257807225174,0.05547532425754493
south-facilities:9601/11,รพ.สต./สถานีอนามัย Narathiwat Hospital,23,WbS,ประจิมค่อนใต้,258.75,south-facilities:9601/5,ด่านตรวจ (ไม่ระบุชื่อ) เมืองนราธิวาส,ด่านตรวจ,2.456,4.317,1.758,39.461257807225174,0.04419990803380737
south-facilities:9601/11,รพ.สต./สถานีอนามัย Narathiwat Hospital,24,W,ประจิม (ตะวันตก),270.0,south-facilities:9601/14,โรงพยาบาล (ไม่ระบุชื่อ) เมืองนราธิวาส,โรงพยาบาล,0.14,0.0,0.0,39.461257807225174,175.3221201831381
south-facilities:9601/11,รพ.สต./สถานีอนามัย Narathiwat Hospital,25,WbN,ประจิมค่อนเหนือ,281.25,south-facilities:9604/4,ด่านตรวจ (ไม่ระบุชื่อ) ยี่งอ,ด่านตรวจ,18.341,22.669,1.236,39.461257807225174,0.024832605752899573
south-facilities:9601/11,รพ.สต./สถานีอนามัย Narathiwat Hospital,26,WNW,ประจิม-พายัพ,292.5,south-facilities:9601/8,ด่านตรวจ (ไม่ระบุชื่อ) เมืองนราธิวาส,ด่านตรวจ,1.708,3.535,2.069,39.461257807225174,0.03314931417137172
south-facilities:9601/11,รพ.สต./สถานีอนามัย Narathiwat Hospital,27,NWbW,พายัพค่อนประจิม,303.75,south-facilities:9601/9,ด่านตรวจ (ไม่ระบุชื่อ) เมืองนราธิวาส,ด่านตรวจ,3.385,5.322,1.572,39.461257807225174,0.040014440829194836
south-facilities:9601/11,รพ.สต./สถานีอนามัย Narathiwat Hospital,28,NW,พายัพ (ตต.เฉียงเหนือ),315.0,south-facilities:9601/10,ด่านตรวจ (ไม่ระบุชื่อ) เมืองนราธิวาส,ด่านตรวจ,4.326,5.623,1.3,39.461257807225174,0.04702727103561508
south-facilities:9601/11,รพ.สต./สถานีอนามัย Narathiwat Hospital,29,NWbN,พายัพค่อนเหนือ,326.25,south-facilities:9601/7,ด่านตรวจ (ไม่ระบุชื่อ) เมืองนราธิวาส,ด่านตรวจ,9.007,10.625,1.18,39.461257807225174,0.04447797058612646
south-facilities:9601/11,รพ.สต./สถานีอนามัย Narathiwat Hospital,30,NNW,เหนือ-พายัพ,337.5,,— ว่าง —,,,,,,
south-facilities:9601/11,รพ.สต./สถานีอนามัย Narathiwat Hospital,31,NbW,เหนือค่อนประจิม,348.75,,— ว่าง —,,,,,,
south-facilities:9601/12,สถานีตำรวจ (ไม่ระบุชื่อ) เมืองนราธิวาส,0,N,อุดร (เหนือ),0.0,,— ว่าง —,,,,,,
south-facilities:9601/12,สถานีตำรวจ (ไม่ระบุชื่อ) เมืองนราธิวาส,1,NbE,เหนือค่อนอีสาน,11.25,,— ว่าง —,,,,,,
south-facilities:9601/12,สถานีตำรวจ (ไม่ระบุชื่อ) เมืองนราธิวาส,2,NNE,เหนือ-อีสาน,22.5,,— ว่าง —,,,,,,
south-facilities:9601/12,สถานีตำรวจ (ไม่ระบุชื่อ) เมืองนราธิวาส,3,NEbN,อีสานค่อนเหนือ,33.75,south-facilities:9601/8,ด่านตรวจ (ไม่ระบุชื่อ) เมืองนราธิวาส,ด่านตรวจ,1.378,1.792,1.3,9.945097133911325,0.03314931417137172
south-facilities:9601/12,สถานีตำรวจ (ไม่ระบุชื่อ) เมืองนราธิวาส,4,NE,อีสาน (ตอ.เฉียงเหนือ),45.0,south-facilities:9601/6,ด่านตรวจ (ไม่ระบุชื่อ) เมืองนราธิวาส,ด่านตรวจ,0.068,0.092,1.346,9.945097133911325,0.034965131157439884
south-facilities:9601/12,สถานีตำรวจ (ไม่ระบุชื่อ) เมืองนราธิวาส,5,NEbE,อีสานค่อนบูรพา,56.25,,— ว่าง —,,,,,,
south-facilities:9601/12,สถานีตำรวจ (ไม่ระบุชื่อ) เมืองนราธิวาส,6,ENE,บูรพา-อีสาน,67.5,south-facilities:9601/5,ด่านตรวจ (ไม่ระบุชื่อ) เมืองนราธิวาส,ด่านตรวจ,0.063,1.23,19.46,9.945097133911325,0.04419990803380737
south-facilities:9601/12,สถานีตำรวจ (ไม่ระบุชื่อ) เมืองนราธิวาส,7,EbN,บูรพาค่อนเหนือ,78.75,south-facilities:9601/14,โรงพยาบาล (ไม่ระบุชื่อ) เมืองนราธิวาส,โรงพยาบาล,2.379,4.566,1.919,9.945097133911325,175.3221201831381
south-facilities:9601/12,สถานีตำรวจ (ไม่ระบุชื่อ) เมืองนราธิวาส,8,E,บูรพา (ตะวันออก),90.0,south-facilities:9601/3,สถานีตำรวจ Khao Tan Yong police station,สถานีตำรวจ,8.474,10.489,1.238,9.945097133911325,100.28972323324092
south-facilities:9601/12,สถานีตำรวจ (ไม่ระบุชื่อ) เมืองนราธิวาส,9,EbS,บูรพาค่อนใต้,101.25,,— ว่าง —,,,,,,
south-facilities:9601/12,สถานีตำรวจ (ไม่ระบุชื่อ) เมืองนราธิวาส,10,ESE,บูรพา-อาคเนย์,112.5,,— ว่าง —,,,,,,
south-facilities:9601/12,สถานีตำรวจ (ไม่ระบุชื่อ) เมืองนราธิวาส,11,SEbE,อาคเนย์ค่อนบูรพา,123.75,,— ว่าง —,,,,,,
south-facilities:9601/12,สถานีตำรวจ (ไม่ระบุชื่อ) เมืองนราธิวาส,12,SE,อาคเนย์ (ตอ.เฉียงใต้),135.0,,— ว่าง —,,,,,,
south-facilities:9601/12,สถานีตำรวจ (ไม่ระบุชื่อ) เมืองนราธิวาส,13,SEbS,อาคเนย์ค่อนใต้,146.25,,— ว่าง —,,,,,,
south-facilities:9601/12,สถานีตำรวจ (ไม่ระบุชื่อ) เมืองนราธิวาส,14,SSE,ใต้-อาคเนย์,157.5,,— ว่าง —,,,,,,
south-facilities:9601/12,สถานีตำรวจ (ไม่ระบุชื่อ) เมืองนราธิวาส,15,SbE,ใต้ค่อนบูรพา,168.75,,— ว่าง —,,,,,,
south-facilities:9601/12,สถานีตำรวจ (ไม่ระบุชื่อ) เมืองนราธิวาส,16,S,ทักษิณ (ใต้),180.0,south-facilities:9613,โรงพยาบาล โรงพยาบาลเจาะไอร้อง,โรงพยาบาล,20.872,28.682,1.374,9.945097133911325,145.55845886309527
south-facilities:9601/12,สถานีตำรวจ (ไม่ระบุชื่อ) เมืองนราธิวาส,17,SbW,ใต้ค่อนประจิม,191.25,,— ว่าง —,,,,,,
south-facilities:9601/12,สถานีตำรวจ (ไม่ระบุชื่อ) เมืองนราธิวาส,18,SSW,ใต้-หรดี,202.5,,— ว่าง —,,,,,,
south-facilities:9601/12,สถานีตำรวจ (ไม่ระบุชื่อ) เมืองนราธิวาส,19,SWbS,หรดีค่อนใต้,213.75,south-facilities:9605/3,โรงพยาบาล โรงพยาบาลระแงะ,โรงพยาบาล,14.975,18.891,1.262,9.945097133911325,85.95744521056331
south-facilities:9601/12,สถานีตำรวจ (ไม่ระบุชื่อ) เมืองนราธิวาส,20,SW,หรดี (ตต.เฉียงใต้),225.0,,— ว่าง —,,,,,,
south-facilities:9601/12,สถานีตำรวจ (ไม่ระบุชื่อ) เมืองนราธิวาส,21,SWbW,หรดีค่อนประจิม,236.25,,— ว่าง —,,,,,,
south-facilities:9601/12,สถานีตำรวจ (ไม่ระบุชื่อ) เมืองนราธิวาส,22,WSW,ประจิม-หรดี,247.5,south-facilities:9605/2,ด่านตรวจ (ไม่ระบุชื่อ) ระแงะ,ด่านตรวจ,20.209,23.051,1.141,9.945097133911325,0.05547532425754493
south-facilities:9601/12,สถานีตำรวจ (ไม่ระบุชื่อ) เมืองนราธิวาส,23,WbS,ประจิมค่อนใต้,258.75,south-facilities:9604,โรงพยาบาล โรงพยาบาล​ยี่งอเฉลิม​พระเกียรติ​ 80 พรรษา,โรงพยาบาล,12.182,12.502,1.026,9.945097133911325,34.4785964036298
south-facilities:9601/12,สถานีตำรวจ (ไม่ระบุชื่อ) เมืองนราธิวาส,24,W,ประจิม (ตะวันตก),270.0,south-facilities:9604/3,ด่านตรวจ (ไม่ระบุชื่อ) ยี่งอ,ด่านตรวจ,5.923,5.961,1.006,9.945097133911325,0.055472780631213775
south-facilities:9601/12,สถานีตำรวจ (ไม่ระบุชื่อ) เมืองนราธิวาส,25,WbN,ประจิมค่อนเหนือ,281.25,south-facilities:9604/4,ด่านตรวจ (ไม่ระบุชื่อ) ยี่งอ,ด่านตรวจ,16.037,18.296,1.141,9.945097133911325,0.024832605752899573
south-facilities:9601/12,สถานีตำรวจ (ไม่ระบุชื่อ) เมืองนราธิวาส,26,WNW,ประจิม-พายัพ,292.5,,— ว่าง —,,,,,,
south-facilities:9601/12,สถานีตำรวจ (ไม่ระบุชื่อ) เมืองนราธิวาส,27,NWbW,พายัพค่อนประจิม,303.75,south-facilities:9603,โรงพยาบาล โรงพยาบาลบาเจาะ,โรงพยาบาล,18.817,26.061,1.385,9.945097133911325,57.37414587941606
south-facilities:9601/12,สถานีตำรวจ (ไม่ระบุชื่อ) เมืองนราธิวาส,28,NW,พายัพ (ตต.เฉียงเหนือ),315.0,,— ว่าง —,,,,,,
south-facilities:9601/12,สถานีตำรวจ (ไม่ระบุชื่อ) เมืองนราธิวาส,29,NWbN,พายัพค่อนเหนือ,326.25,,— ว่าง —,,,,,,
south-facilities:9601/12,สถานีตำรวจ (ไม่ระบุชื่อ) เมืองนราธิวาส,30,NNW,เหนือ-พายัพ,337.5,south-facilities:9601/7,ด่านตรวจ (ไม่ระบุชื่อ) เมืองนราธิวาส,ด่านตรวจ,8.37,10.974,1.311,9.945097133911325,0.04447797058612646
south-facilities:9601/12,สถานีตำรวจ (ไม่ระบุชื่อ) เมืองนราธิวาส,31,NbW,เหนือค่อนประจิม,348.75,south-facilities:9601/9,ด่านตรวจ (ไม่ระบุชื่อ) เมืองนราธิวาส,ด่านตรวจ,2.41,3.578,1.484,9.945097133911325,0.040014440829194836
south-facilities:9601/13,โรงพยาบาล (ไม่ระบุชื่อ) เมืองนราธิวาส,0,N,อุดร (เหนือ),0.0,,— ว่าง —,,,,,,
south-facilities:9601/13,โรงพยาบาล (ไม่ระบุชื่อ) เมืองนราธิวาส,1,NbE,เหนือค่อนอีสาน,11.25,,— ว่าง —,,,,,,
south-facilities:9601/13,โรงพยาบาล (ไม่ระบุชื่อ) เมืองนราธิวาส,2,NNE,เหนือ-อีสาน,22.5,,— ว่าง —,,,,,,
south-facilities:9601/13,โรงพยาบาล (ไม่ระบุชื่อ) เมืองนราธิวาส,3,NEbN,อีสานค่อนเหนือ,33.75,,— ว่าง —,,,,,,
south-facilities:9601/13,โรงพยาบาล (ไม่ระบุชื่อ) เมืองนราธิวาส,4,NE,อีสาน (ตอ.เฉียงเหนือ),45.0,,— ว่าง —,,,,,,
south-facilities:9601/13,โรงพยาบาล (ไม่ระบุชื่อ) เมืองนราธิวาส,5,NEbE,อีสานค่อนบูรพา,56.25,,— ว่าง —,,,,,,
south-facilities:9601/13,โรงพยาบาล (ไม่ระบุชื่อ) เมืองนราธิวาส,6,ENE,บูรพา-อีสาน,67.5,,— ว่าง —,,,,,,
south-facilities:9601/13,โรงพยาบาล (ไม่ระบุชื่อ) เมืองนราธิวาส,7,EbN,บูรพาค่อนเหนือ,78.75,,— ว่าง —,,,,,,
south-facilities:9601/13,โรงพยาบาล (ไม่ระบุชื่อ) เมืองนราธิวาส,8,E,บูรพา (ตะวันออก),90.0,,— ว่าง —,,,,,,
south-facilities:9601/13,โรงพยาบาล (ไม่ระบุชื่อ) เมืองนราธิวาส,9,EbS,บูรพาค่อนใต้,101.25,,— ว่าง —,,,,,,
south-facilities:9601/13,โรงพยาบาล (ไม่ระบุชื่อ) เมืองนราธิวาส,10,ESE,บูรพา-อาคเนย์,112.5,south-facilities:9601/4,ด่านตรวจ (ไม่ระบุชื่อ) เมืองนราธิวาส,ด่านตรวจ,4.034,6.408,1.589,136.44831162335524,0.05547132143593729
south-facilities:9601/13,โรงพยาบาล (ไม่ระบุชื่อ) เมืองนราธิวาส,11,SEbE,อาคเนย์ค่อนบูรพา,123.75,south-facilities:9601,ด่านตรวจ (ไม่ระบุชื่อ) เมืองนราธิวาส,ด่านตรวจ,6.348,7.322,1.153,136.44831162335524,0.035140930250217216
south-facilities:9601/13,โรงพยาบาล (ไม่ระบุชื่อ) เมืองนราธิวาส,12,SE,อาคเนย์ (ตอ.เฉียงใต้),135.0,south-facilities:9601/14,โรงพยาบาล (ไม่ระบุชื่อ) เมืองนราธิวาส,โรงพยาบาล,5.873,7.307,1.244,136.44831162335524,175.3221201831381
south-facilities:9601/13,โรงพยาบาล (ไม่ระบุชื่อ) เมืองนราธิวาส,13,SEbS,อาคเนย์ค่อนใต้,146.25,south-facilities:9601/10,ด่านตรวจ (ไม่ระบุชื่อ) เมืองนราธิวาส,ด่านตรวจ,1.643,1.636,0.996,136.44831162335524,0.04702727103561508
south-facilities:9601/13,โรงพยาบาล (ไม่ระบุชื่อ) เมืองนราธิวาส,14,SSE,ใต้-อาคเนย์,157.5,south-facilities:9601/9,ด่านตรวจ (ไม่ระบุชื่อ) เมืองนราธิวาส,ด่านตรวจ,2.842,3.739,1.316,136.44831162335524,0.040014440829194836
south-facilities:9601/13,โรงพยาบาล (ไม่ระบุชื่อ) เมืองนราธิวาส,15,SbE,ใต้ค่อนบูรพา,168.75,south-facilities:9601/12,สถานีตำรวจ (ไม่ระบุชื่อ) เมืองนราธิวาส,สถานีตำรวจ,5.212,7.32,1.404,136.44831162335524,9.945097133911325
south-facilities:9601/13,โรงพยาบาล (ไม่ระบุชื่อ) เมืองนราธิวาส,16,S,ทักษิณ (ใต้),180.0,,— ว่าง —,,,,,,
south-facilities:9601/13,โรงพยาบาล (ไม่ระบุชื่อ) เมืองนราธิวาส,17,SbW,ใต้ค่อนประจิม,191.25,,— ว่าง —,,,,,,
south-facilities:9601/13,โรงพยาบาล (ไม่ระบุชื่อ) เมืองนราธิวาส,18,SSW,ใต้-หรดี,202.5,south-facilities:9605/3,โรงพยาบาล โรงพยาบาลระแงะ,โรงพยาบาล,18.772,24.911,1.327,136.44831162335524,85.95744521056331
south-facilities:9601/13,โรงพยาบาล (ไม่ระบุชื่อ) เมืองนราธิวาส,19,SWbS,หรดีค่อนใต้,213.75,south-facilities:9604/3,ด่านตรวจ (ไม่ระบุชื่อ) ยี่งอ,ด่านตรวจ,7.088,10.011,1.412,136.44831162335524,0.055472780631213775
south-facilities:9601/13,โรงพยาบาล (ไม่ระบุชื่อ) เมืองนราธิวาส,20,SW,หรดี (ตต.เฉียงใต้),225.0,,— ว่าง —,,,,,,
south-facilities:9601/13,โรงพยาบาล (ไม่ระบุชื่อ) เมืองนราธิวาส,21,SWbW,หรดีค่อนประจิม,236.25,south-facilities:9604/2,ด่านตรวจ (ไม่ระบุชื่อ) ยี่งอ,ด่านตรวจ,10.283,14.089,1.37,136.44831162335524,15.088535386528765
south-facilities:9601/13,โรงพยาบาล (ไม่ระบุชื่อ) เมืองนราธิวาส,22,WSW,ประจิม-หรดี,247.5,,— ว่าง —,,,,,,
south-facilities:9601/13,โรงพยาบาล (ไม่ระบุชื่อ) เมืองนราธิวาส,23,WbS,ประจิมค่อนใต้,258.75,,— ว่าง —,,,,,,
south-facilities:9601/13,โรงพยาบาล (ไม่ระบุชื่อ) เมืองนราธิวาส,24,W,ประจิม (ตะวันตก),270.0,south-facilities:9604/4,ด่านตรวจ (ไม่ระบุชื่อ) ยี่งอ,ด่านตรวจ,14.175,20.824,1.469,136.44831162335524,0.024832605752899573
south-facilities:9601/13,โรงพยาบาล (ไม่ระบุชื่อ) เมืองนราธิวาส,25,WbN,ประจิมค่อนเหนือ,281.25,,— ว่าง —,,,,,,
south-facilities:9601/13,โรงพยาบาล (ไม่ระบุชื่อ) เมืองนราธิวาส,26,WNW,ประจิม-พายัพ,292.5,south-facilities:9603,โรงพยาบาล โรงพยาบาลบาเจาะ,โรงพยาบาล,15.197,23.782,1.565,136.44831162335524,57.37414587941606
south-facilities:9601/13,โรงพยาบาล (ไม่ระบุชื่อ) เมืองนราธิวาส,27,NWbW,พายัพค่อนประจิม,303.75,,— ว่าง —,,,,,,
south-facilities:9601/13,โรงพยาบาล (ไม่ระบุชื่อ) เมืองนราธิวาส,28,NW,พายัพ (ตต.เฉียงเหนือ),315.0,,— ว่าง —,,,,,,
south-facilities:9601/13,โรงพยาบาล (ไม่ระบุชื่อ) เมืองนราธิวาส,29,NWbN,พายัพค่อนเหนือ,326.25,south-facilities:9601/2,สถานีตำรวจ (ไม่ระบุชื่อ) เมืองนราธิวาส,สถานีตำรวจ,10.988,12.154,1.106,136.44831162335524,174.65769624031878
south-facilities:9601/13,โรงพยาบาล (ไม่ระบุชื่อ) เมืองนราธิวาส,30,NNW,เหนือ-พายัพ,337.5,south-facilities:9601/7,ด่านตรวจ (ไม่ระบุชื่อ) เมืองนราธิวาส,ด่านตรวจ,3.166,3.657,1.155,136.44831162335524,0.04447797058612646
south-facilities:9601/13,โรงพยาบาล (ไม่ระบุชื่อ) เมืองนราธิวาส,31,NbW,เหนือค่อนประจิม,348.75,,— ว่าง —,,,,,,
south-facilities:9601/14,โรงพยาบาล (ไม่ระบุชื่อ) เมืองนราธิวาส,0,N,อุดร (เหนือ),0.0,south-facilities:9601/4,ด่านตรวจ (ไม่ระบุชื่อ) เมืองนราธิวาส,ด่านตรวจ,3.127,3.663,1.172,175.3221201831381,0.05547132143593729
south-facilities:9601/14,โรงพยาบาล (ไม่ระบุชื่อ) เมืองนราธิวาส,1,NbE,เหนือค่อนอีสาน,11.25,,— ว่าง —,,,,,,
south-facilities:9601/14,โรงพยาบาล (ไม่ระบุชื่อ) เมืองนราธิวาส,2,NNE,เหนือ-อีสาน,22.5,,— ว่าง —,,,,,,
south-facilities:9601/14,โรงพยาบาล (ไม่ระบุชื่อ) เมืองนราธิวาส,3,NEbN,อีสานค่อนเหนือ,33.75,,— ว่าง —,,,,,,
south-facilities:9601/14,โรงพยาบาล (ไม่ระบุชื่อ) เมืองนราธิวาส,4,NE,อีสาน (ตอ.เฉียงเหนือ),45.0,,— ว่าง —,,,,,,
south-facilities:9601/14,โรงพยาบาล (ไม่ระบุชื่อ) เมืองนราธิวาส,5,NEbE,อีสานค่อนบูรพา,56.25,,— ว่าง —,,,,,,
south-facilities:9601/14,โรงพยาบาล (ไม่ระบุชื่อ) เมืองนราธิวาส,6,ENE,บูรพา-อีสาน,67.5,south-facilities:9601,ด่านตรวจ (ไม่ระบุชื่อ) เมืองนราธิวาส,ด่านตรวจ,1.473,2.275,1.545,175.3221201831381,0.035140930250217216
south-facilities:9601/14,โรงพยาบาล (ไม่ระบุชื่อ) เมืองนราธิวาส,7,EbN,บูรพาค่อนเหนือ,78.75,,— ว่าง —,,,,,,
south-facilities:9601/14,โรงพยาบาล (ไม่ระบุชื่อ) เมืองนราธิวาส,8,E,บูรพา (ตะวันออก),90.0,south-facilities:9601/11,รพ.สต./สถานีอนามัย Narathiwat Hospital,รพ.สต./สถานีอนามัย,0.14,0.0,0.0,175.3221201831381,39.461257807225174
south-facilities:9601/14,โรงพยาบาล (ไม่ระบุชื่อ) เมืองนราธิวาส,9,EbS,บูรพาค่อนใต้,101.25,,— ว่าง —,,,,,,
south-facilities:9601/14,โรงพยาบาล (ไม่ระบุชื่อ) เมืองนราธิวาส,10,ESE,บูรพา-อาคเนย์,112.5,,— ว่าง —,,,,,,
south-facilities:9601/14,โรงพยาบาล (ไม่ระบุชื่อ) เมืองนราธิวาส,11,SEbE,อาคเนย์ค่อนบูรพา,123.75,,— ว่าง —,,,,,,
south-facilities:9601/14,โรงพยาบาล (ไม่ระบุชื่อ) เมืองนราธิวาส,12,SE,อาคเนย์ (ตอ.เฉียงใต้),135.0,,— ว่าง —,,,,,,
south-facilities:9601/14,โรงพยาบาล (ไม่ระบุชื่อ) เมืองนราธิวาส,13,SEbS,อาคเนย์ค่อนใต้,146.25,,— ว่าง —,,,,,,
south-facilities:9601/14,โรงพยาบาล (ไม่ระบุชื่อ) เมืองนราธิวาส,14,SSE,ใต้-อาคเนย์,157.5,,— ว่าง —,,,,,,
south-facilities:9601/14,โรงพยาบาล (ไม่ระบุชื่อ) เมืองนราธิวาส,15,SbE,ใต้ค่อนบูรพา,168.75,,— ว่าง —,,,,,,
south-facilities:9601/14,โรงพยาบาล (ไม่ระบุชื่อ) เมืองนราธิวาส,16,S,ทักษิณ (ใต้),180.0,south-facilities:9613,โรงพยาบาล โรงพยาบาลเจาะไอร้อง,โรงพยาบาล,21.424,28.106,1.312,175.3221201831381,145.55845886309527
south-facilities:9601/14,โรงพยาบาล (ไม่ระบุชื่อ) เมืองนราธิวาส,17,SbW,ใต้ค่อนประจิม,191.25,,— ว่าง —,,,,,,
south-facilities:9601/14,โรงพยาบาล (ไม่ระบุชื่อ) เมืองนราธิวาส,18,SSW,ใต้-หรดี,202.5,,— ว่าง —,,,,,,
south-facilities:9601/14,โรงพยาบาล (ไม่ระบุชื่อ) เมืองนราธิวาส,19,SWbS,หรดีค่อนใต้,213.75,south-facilities:9605/3,โรงพยาบาล โรงพยาบาลระแงะ,โรงพยาบาล,16.764,18.315,1.092,175.3221201831381,85.95744521056331
south-facilities:9601/14,โรงพยาบาล (ไม่ระบุชื่อ) เมืองนราธิวาส,20,SW,หรดี (ตต.เฉียงใต้),225.0,,— ว่าง —,,,,,,
south-facilities:9601/14,โรงพยาบาล (ไม่ระบุชื่อ) เมืองนราธิวาส,21,SWbW,หรดีค่อนประจิม,236.25,,— ว่าง —,,,,,,
south-facilities:9601/14,โรงพยาบาล (ไม่ระบุชื่อ) เมืองนราธิวาส,22,WSW,ประจิม-หรดี,247.5,south-facilities:9605/2,ด่านตรวจ (ไม่ระบุชื่อ) ระแงะ,ด่านตรวจ,22.553,27.424,1.216,175.3221201831381,0.05547532425754493
south-facilities:9601/14,โรงพยาบาล (ไม่ระบุชื่อ) เมืองนราธิวาส,23,WbS,ประจิมค่อนใต้,258.75,south-facilities:9601/5,ด่านตรวจ (ไม่ระบุชื่อ) เมืองนราธิวาส,ด่านตรวจ,2.318,4.317,1.862,175.3221201831381,0.04419990803380737
south-facilities:9601/14,โรงพยาบาล (ไม่ระบุชื่อ) เมืองนราธิวาส,24,W,ประจิม (ตะวันตก),270.0,south-facilities:9604/6,สถานีตำรวจ สถานีตำรวจยี่งอ,สถานีตำรวจ,12.583,14.974,1.19,175.3221201831381,44.22725946585651
south-facilities:9601/14,โรงพยาบาล (ไม่ระบุชื่อ) เมืองนราธิวาส,25,WbN,ประจิมค่อนเหนือ,281.25,south-facilities:9604/4,ด่านตรวจ (ไม่ระบุชื่อ) ยี่งอ,ด่านตรวจ,18.204,22.669,1.245,175.3221201831381,0.024832605752899573
south-facilities:9601/14,โรงพยาบาล (ไม่ระบุชื่อ) เมืองนราธิวาส,26,WNW,ประจิม-พายัพ,292.5,south-facilities:9601/8,ด่านตรวจ (ไม่ระบุชื่อ) เมืองนราธิวาส,ด่านตรวจ,1.579,3.535,2.239,175.3221201831381,0.03314931417137172
south-facilities:9601/14,โรงพยาบาล (ไม่ระบุชื่อ) เมืองนราธิวาส,27,NWbW,พายัพค่อนประจิม,303.75,south-facilities:9601/9,ด่านตรวจ (ไม่ระบุชื่อ) เมืองนราธิวาส,ด่านตรวจ,3.272,5.322,1.626,175.3221201831381,0.040014440829194836
south-facilities:9601/14,โรงพยาบาล (ไม่ระบุชื่อ) เมืองนราธิวาส,28,NW,พายัพ (ตต.เฉียงเหนือ),315.0,south-facilities:9601/10,ด่านตรวจ (ไม่ระบุชื่อ) เมืองนราธิวาส,ด่านตรวจ,4.235,5.623,1.328,175.3221201831381,0.04702727103561508
south-facilities:9601/14,โรงพยาบาล (ไม่ระบุชื่อ) เมืองนราธิวาส,29,NWbN,พายัพค่อนเหนือ,326.25,south-facilities:9601/7,ด่านตรวจ (ไม่ระบุชื่อ) เมืองนราธิวาส,ด่านตรวจ,8.932,10.625,1.189,175.3221201831381,0.04447797058612646
south-facilities:9601/14,โรงพยาบาล (ไม่ระบุชื่อ) เมืองนราธิวาส,30,NNW,เหนือ-พายัพ,337.5,,— ว่าง —,,,,,,
south-facilities:9601/14,โรงพยาบาล (ไม่ระบุชื่อ) เมืองนราธิวาส,31,NbW,เหนือค่อนประจิม,348.75,,— ว่าง —,,,,,,
south-facilities:9602,สถานีตำรวจ สถานีตำรสจภูธรตากใบ,0,N,อุดร (เหนือ),0.0,,— ว่าง —,,,,,,
south-facilities:9602,สถานีตำรวจ สถานีตำรสจภูธรตากใบ,1,NbE,เหนือค่อนอีสาน,11.25,,— ว่าง —,,,,,,
south-facilities:9602,สถานีตำรวจ สถานีตำรสจภูธรตากใบ,2,NNE,เหนือ-อีสาน,22.5,,— ว่าง —,,,,,,
south-facilities:9602,สถานีตำรวจ สถานีตำรสจภูธรตากใบ,3,NEbN,อีสานค่อนเหนือ,33.75,,— ว่าง —,,,,,,
south-facilities:9602,สถานีตำรวจ สถานีตำรสจภูธรตากใบ,4,NE,อีสาน (ตอ.เฉียงเหนือ),45.0,,— ว่าง —,,,,,,
south-facilities:9602,สถานีตำรวจ สถานีตำรสจภูธรตากใบ,5,NEbE,อีสานค่อนบูรพา,56.25,,— ว่าง —,,,,,,
south-facilities:9602,สถานีตำรวจ สถานีตำรสจภูธรตากใบ,6,ENE,บูรพา-อีสาน,67.5,,— ว่าง —,,,,,,
south-facilities:9602,สถานีตำรวจ สถานีตำรสจภูธรตากใบ,7,EbN,บูรพาค่อนเหนือ,78.75,,— ว่าง —,,,,,,
south-facilities:9602,สถานีตำรวจ สถานีตำรสจภูธรตากใบ,8,E,บูรพา (ตะวันออก),90.0,,— ว่าง —,,,,,,
south-facilities:9602,สถานีตำรวจ สถานีตำรสจภูธรตากใบ,9,EbS,บูรพาค่อนใต้,101.25,,— ว่าง —,,,,,,
south-facilities:9602,สถานีตำรวจ สถานีตำรสจภูธรตากใบ,10,ESE,บูรพา-อาคเนย์,112.5,,— ว่าง —,,,,,,
south-facilities:9602,สถานีตำรวจ สถานีตำรสจภูธรตากใบ,11,SEbE,อาคเนย์ค่อนบูรพา,123.75,south-facilities:9602/4,สถานีตำรวจ สถานีตำรวจน้ำตากใบ,สถานีตำรวจ,4.697,,,126.82529692530065,38.739966521670084
south-facilities:9602,สถานีตำรวจ สถานีตำรสจภูธรตากใบ,12,SE,อาคเนย์ (ตอ.เฉียงใต้),135.0,,— ว่าง —,,,,,,
south-facilities:9602,สถานีตำรวจ สถานีตำรสจภูธรตากใบ,13,SEbS,อาคเนย์ค่อนใต้,146.25,,— ว่าง —,,,,,,
south-facilities:9602,สถานีตำรวจ สถานีตำรสจภูธรตากใบ,14,SSE,ใต้-อาคเนย์,157.5,south-facilities:9602/3,สถานีตำรวจ (ไม่ระบุชื่อ) ตากใบ,สถานีตำรวจ,0.128,0.169,1.321,126.82529692530065,30.32351618101578
south-facilities:9602,สถานีตำรวจ สถานีตำรสจภูธรตากใบ,15,SbE,ใต้ค่อนบูรพา,168.75,,— ว่าง —,,,,,,
south-facilities:9602,สถานีตำรวจ สถานีตำรสจภูธรตากใบ,16,S,ทักษิณ (ใต้),180.0,,— ว่าง —,,,,,,
south-facilities:9602,สถานีตำรวจ สถานีตำรสจภูธรตากใบ,17,SbW,ใต้ค่อนประจิม,191.25,,— ว่าง —,,,,,,
south-facilities:9602,สถานีตำรวจ สถานีตำรสจภูธรตากใบ,18,SSW,ใต้-หรดี,202.5,,— ว่าง —,,,,,,
south-facilities:9602,สถานีตำรวจ สถานีตำรสจภูธรตากใบ,19,SWbS,หรดีค่อนใต้,213.75,,— ว่าง —,,,,,,
south-facilities:9602,สถานีตำรวจ สถานีตำรสจภูธรตากใบ,20,SW,หรดี (ตต.เฉียงใต้),225.0,south-facilities:9602/2,โรงพยาบาล โรงพยาบาลตากใบ,โรงพยาบาล,1.324,1.276,0.964,126.82529692530065,148.4408980727742
south-facilities:9602,สถานีตำรวจ สถานีตำรสจภูธรตากใบ,21,SWbW,หรดีค่อนประจิม,236.25,,— ว่าง —,,,,,,
south-facilities:9602,สถานีตำรวจ สถานีตำรสจภูธรตากใบ,22,WSW,ประจิม-หรดี,247.5,,— ว่าง —,,,,,,
south-facilities:9602,สถานีตำรวจ สถานีตำรสจภูธรตากใบ,23,WbS,ประจิมค่อนใต้,258.75,,— ว่าง —,,,,,,
south-facilities:9602,สถานีตำรวจ สถานีตำรสจภูธรตากใบ,24,W,ประจิม (ตะวันตก),270.0,,— ว่าง —,,,,,,
south-facilities:9602,สถานีตำรวจ สถานีตำรสจภูธรตากใบ,25,WbN,ประจิมค่อนเหนือ,281.25,,— ว่าง —,,,,,,
south-facilities:9602,สถานีตำรวจ สถานีตำรสจภูธรตากใบ,26,WNW,ประจิม-พายัพ,292.5,,— ว่าง —,,,,,,
south-facilities:9602,สถานีตำรวจ สถานีตำรสจภูธรตากใบ,27,NWbW,พายัพค่อนประจิม,303.75,,— ว่าง —,,,,,,
south-facilities:9602,สถานีตำรวจ สถานีตำรสจภูธรตากใบ,28,NW,พายัพ (ตต.เฉียงเหนือ),315.0,,— ว่าง —,,,,,,
south-facilities:9602,สถานีตำรวจ สถานีตำรสจภูธรตากใบ,29,NWbN,พายัพค่อนเหนือ,326.25,,— ว่าง —,,,,,,
south-facilities:9602,สถานีตำรวจ สถานีตำรสจภูธรตากใบ,30,NNW,เหนือ-พายัพ,337.5,,— ว่าง —,,,,,,
south-facilities:9602,สถานีตำรวจ สถานีตำรสจภูธรตากใบ,31,NbW,เหนือค่อนประจิม,348.75,,— ว่าง —,,,,,,
south-facilities:9602/2,โรงพยาบาล โรงพยาบาลตากใบ,0,N,อุดร (เหนือ),0.0,,— ว่าง —,,,,,,
south-facilities:9602/2,โรงพยาบาล โรงพยาบาลตากใบ,1,NbE,เหนือค่อนอีสาน,11.25,,— ว่าง —,,,,,,
south-facilities:9602/2,โรงพยาบาล โรงพยาบาลตากใบ,2,NNE,เหนือ-อีสาน,22.5,,— ว่าง —,,,,,,
south-facilities:9602/2,โรงพยาบาล โรงพยาบาลตากใบ,3,NEbN,อีสานค่อนเหนือ,33.75,,— ว่าง —,,,,,,
south-facilities:9602/2,โรงพยาบาล โรงพยาบาลตากใบ,4,NE,อีสาน (ตอ.เฉียงเหนือ),45.0,south-facilities:9602/3,สถานีตำรวจ (ไม่ระบุชื่อ) ตากใบ,สถานีตำรวจ,1.269,1.448,1.141,148.4408980727742,30.32351618101578
south-facilities:9602/2,โรงพยาบาล โรงพยาบาลตากใบ,5,NEbE,อีสานค่อนบูรพา,56.25,,— ว่าง —,,,,,,
south-facilities:9602/2,โรงพยาบาล โรงพยาบาลตากใบ,6,ENE,บูรพา-อีสาน,67.5,,— ว่าง —,,,,,,
south-facilities:9602/2,โรงพยาบาล โรงพยาบาลตากใบ,7,EbN,บูรพาค่อนเหนือ,78.75,,— ว่าง —,,,,,,
south-facilities:9602/2,โรงพยาบาล โรงพยาบาลตากใบ,8,E,บูรพา (ตะวันออก),90.0,,— ว่าง —,,,,,,
south-facilities:9602/2,โรงพยาบาล โรงพยาบาลตากใบ,9,EbS,บูรพาค่อนใต้,101.25,,— ว่าง —,,,,,,
south-facilities:9602/2,โรงพยาบาล โรงพยาบาลตากใบ,10,ESE,บูรพา-อาคเนย์,112.5,south-facilities:9602/4,สถานีตำรวจ สถานีตำรวจน้ำตากใบ,สถานีตำรวจ,5.069,,,148.4408980727742,38.739966521670084
south-facilities:9602/2,โรงพยาบาล โรงพยาบาลตากใบ,11,SEbE,อาคเนย์ค่อนบูรพา,123.75,,— ว่าง —,,,,,,
south-facilities:9602/2,โรงพยาบาล โรงพยาบาลตากใบ,12,SE,อาคเนย์ (ตอ.เฉียงใต้),135.0,,— ว่าง —,,,,,,
south-facilities:9602/2,โรงพยาบาล โรงพยาบาลตากใบ,13,SEbS,อาคเนย์ค่อนใต้,146.25,,— ว่าง —,,,,,,
south-facilities:9602/2,โรงพยาบาล โรงพยาบาลตากใบ,14,SSE,ใต้-อาคเนย์,157.5,,— ว่าง —,,,,,,
south-facilities:9602/2,โรงพยาบาล โรงพยาบาลตากใบ,15,SbE,ใต้ค่อนบูรพา,168.75,,— ว่าง —,,,,,,
south-facilities:9602/2,โรงพยาบาล โรงพยาบาลตากใบ,16,S,ทักษิณ (ใต้),180.0,,— ว่าง —,,,,,,
south-facilities:9602/2,โรงพยาบาล โรงพยาบาลตากใบ,17,SbW,ใต้ค่อนประจิม,191.25,,— ว่าง —,,,,,,
south-facilities:9602/2,โรงพยาบาล โรงพยาบาลตากใบ,18,SSW,ใต้-หรดี,202.5,,— ว่าง —,,,,,,
south-facilities:9602/2,โรงพยาบาล โรงพยาบาลตากใบ,19,SWbS,หรดีค่อนใต้,213.75,,— ว่าง —,,,,,,
south-facilities:9602/2,โรงพยาบาล โรงพยาบาลตากใบ,20,SW,หรดี (ตต.เฉียงใต้),225.0,,— ว่าง —,,,,,,
south-facilities:9602/2,โรงพยาบาล โรงพยาบาลตากใบ,21,SWbW,หรดีค่อนประจิม,236.25,,— ว่าง —,,,,,,
south-facilities:9602/2,โรงพยาบาล โรงพยาบาลตากใบ,22,WSW,ประจิม-หรดี,247.5,,— ว่าง —,,,,,,
south-facilities:9602/2,โรงพยาบาล โรงพยาบาลตากใบ,23,WbS,ประจิมค่อนใต้,258.75,,— ว่าง —,,,,,,
south-facilities:9602/2,โรงพยาบาล โรงพยาบาลตากใบ,24,W,ประจิม (ตะวันตก),270.0,,— ว่าง —,,,,,,
south-facilities:9602/2,โรงพยาบาล โรงพยาบาลตากใบ,25,WbN,ประจิมค่อนเหนือ,281.25,,— ว่าง —,,,,,,
south-facilities:9602/2,โรงพยาบาล โรงพยาบาลตากใบ,26,WNW,ประจิม-พายัพ,292.5,,— ว่าง —,,,,,,
south-facilities:9602/2,โรงพยาบาล โรงพยาบาลตากใบ,27,NWbW,พายัพค่อนประจิม,303.75,,— ว่าง —,,,,,,
south-facilities:9602/2,โรงพยาบาล โรงพยาบาลตากใบ,28,NW,พายัพ (ตต.เฉียงเหนือ),315.0,,— ว่าง —,,,,,,
south-facilities:9602/2,โรงพยาบาล โรงพยาบาลตากใบ,29,NWbN,พายัพค่อนเหนือ,326.25,,— ว่าง —,,,,,,
south-facilities:9602/2,โรงพยาบาล โรงพยาบาลตากใบ,30,NNW,เหนือ-พายัพ,337.5,,— ว่าง —,,,,,,
south-facilities:9602/2,โรงพยาบาล โรงพยาบาลตากใบ,31,NbW,เหนือค่อนประจิม,348.75,,— ว่าง —,,,,,,
south-facilities:9602/3,สถานีตำรวจ (ไม่ระบุชื่อ) ตากใบ,0,N,อุดร (เหนือ),0.0,,— ว่าง —,,,,,,
south-facilities:9602/3,สถานีตำรวจ (ไม่ระบุชื่อ) ตากใบ,1,NbE,เหนือค่อนอีสาน,11.25,,— ว่าง —,,,,,,
south-facilities:9602/3,สถานีตำรวจ (ไม่ระบุชื่อ) ตากใบ,2,NNE,เหนือ-อีสาน,22.5,,— ว่าง —,,,,,,
south-facilities:9602/3,สถานีตำรวจ (ไม่ระบุชื่อ) ตากใบ,3,NEbN,อีสานค่อนเหนือ,33.75,,— ว่าง —,,,,,,
south-facilities:9602/3,สถานีตำรวจ (ไม่ระบุชื่อ) ตากใบ,4,NE,อีสาน (ตอ.เฉียงเหนือ),45.0,,— ว่าง —,,,,,,
south-facilities:9602/3,สถานีตำรวจ (ไม่ระบุชื่อ) ตากใบ,5,NEbE,อีสานค่อนบูรพา,56.25,,— ว่าง —,,,,,,
south-facilities:9602/3,สถานีตำรวจ (ไม่ระบุชื่อ) ตากใบ,6,ENE,บูรพา-อีสาน,67.5,,— ว่าง —,,,,,,
south-facilities:9602/3,สถานีตำรวจ (ไม่ระบุชื่อ) ตากใบ,7,EbN,บูรพาค่อนเหนือ,78.75,,— ว่าง —,,,,,,
south-facilities:9602/3,สถานีตำรวจ (ไม่ระบุชื่อ) ตากใบ,8,E,บูรพา (ตะวันออก),90.0,,— ว่าง —,,,,,,
south-facilities:9602/3,สถานีตำรวจ (ไม่ระบุชื่อ) ตากใบ,9,EbS,บูรพาค่อนใต้,101.25,,— ว่าง —,,,,,,
south-facilities:9602/3,สถานีตำรวจ (ไม่ระบุชื่อ) ตากใบ,10,ESE,บูรพา-อาคเนย์,112.5,,— ว่าง —,,,,,,
south-facilities:9602/3,สถานีตำรวจ (ไม่ระบุชื่อ) ตากใบ,11,SEbE,อาคเนย์ค่อนบูรพา,123.75,south-facilities:9602/4,สถานีตำรวจ สถานีตำรวจน้ำตากใบ,สถานีตำรวจ,4.595,,,30.32351618101578,38.739966521670084
south-facilities:9602/3,สถานีตำรวจ (ไม่ระบุชื่อ) ตากใบ,12,SE,อาคเนย์ (ตอ.เฉียงใต้),135.0,,— ว่าง —,,,,,,
south-facilities:9602/3,สถานีตำรวจ (ไม่ระบุชื่อ) ตากใบ,13,SEbS,อาคเนย์ค่อนใต้,146.25,,— ว่าง —,,,,,,
south-facilities:9602/3,สถานีตำรวจ (ไม่ระบุชื่อ) ตากใบ,14,SSE,ใต้-อาคเนย์,157.5,,— ว่าง —,,,,,,
south-facilities:9602/3,สถานีตำรวจ (ไม่ระบุชื่อ) ตากใบ,15,SbE,ใต้ค่อนบูรพา,168.75,,— ว่าง —,,,,,,
south-facilities:9602/3,สถานีตำรวจ (ไม่ระบุชื่อ) ตากใบ,16,S,ทักษิณ (ใต้),180.0,,— ว่าง —,,,,,,
south-facilities:9602/3,สถานีตำรวจ (ไม่ระบุชื่อ) ตากใบ,17,SbW,ใต้ค่อนประจิม,191.25,,— ว่าง —,,,,,,
south-facilities:9602/3,สถานีตำรวจ (ไม่ระบุชื่อ) ตากใบ,18,SSW,ใต้-หรดี,202.5,,— ว่าง —,,,,,,
south-facilities:9602/3,สถานีตำรวจ (ไม่ระบุชื่อ) ตากใบ,19,SWbS,หรดีค่อนใต้,213.75,,— ว่าง —,,,,,,
south-facilities:9602/3,สถานีตำรวจ (ไม่ระบุชื่อ) ตากใบ,20,SW,หรดี (ตต.เฉียงใต้),225.0,south-facilities:9602/2,โรงพยาบาล โรงพยาบาลตากใบ,โรงพยาบาล,1.269,1.444,1.138,30.32351618101578,148.4408980727742
south-facilities:9602/3,สถานีตำรวจ (ไม่ระบุชื่อ) ตากใบ,21,SWbW,หรดีค่อนประจิม,236.25,,— ว่าง —,,,,,,
south-facilities:9602/3,สถานีตำรวจ (ไม่ระบุชื่อ) ตากใบ,22,WSW,ประจิม-หรดี,247.5,,— ว่าง —,,,,,,
south-facilities:9602/3,สถานีตำรวจ (ไม่ระบุชื่อ) ตากใบ,23,WbS,ประจิมค่อนใต้,258.75,,— ว่าง —,,,,,,
south-facilities:9602/3,สถานีตำรวจ (ไม่ระบุชื่อ) ตากใบ,24,W,ประจิม (ตะวันตก),270.0,,— ว่าง —,,,,,,
south-facilities:9602/3,สถานีตำรวจ (ไม่ระบุชื่อ) ตากใบ,25,WbN,ประจิมค่อนเหนือ,281.25,,— ว่าง —,,,,,,
south-facilities:9602/3,สถานีตำรวจ (ไม่ระบุชื่อ) ตากใบ,26,WNW,ประจิม-พายัพ,292.5,,— ว่าง —,,,,,,
south-facilities:9602/3,สถานีตำรวจ (ไม่ระบุชื่อ) ตากใบ,27,NWbW,พายัพค่อนประจิม,303.75,,— ว่าง —,,,,,,
south-facilities:9602/3,สถานีตำรวจ (ไม่ระบุชื่อ) ตากใบ,28,NW,พายัพ (ตต.เฉียงเหนือ),315.0,,— ว่าง —,,,,,,
south-facilities:9602/3,สถานีตำรวจ (ไม่ระบุชื่อ) ตากใบ,29,NWbN,พายัพค่อนเหนือ,326.25,,— ว่าง —,,,,,,
south-facilities:9602/3,สถานีตำรวจ (ไม่ระบุชื่อ) ตากใบ,30,NNW,เหนือ-พายัพ,337.5,south-facilities:9602,สถานีตำรวจ สถานีตำรสจภูธรตากใบ,สถานีตำรวจ,0.128,0.169,1.321,30.32351618101578,126.82529692530065
south-facilities:9602/3,สถานีตำรวจ (ไม่ระบุชื่อ) ตากใบ,31,NbW,เหนือค่อนประจิม,348.75,,— ว่าง —,,,,,,
south-facilities:9602/4,สถานีตำรวจ สถานีตำรวจน้ำตากใบ,0,N,อุดร (เหนือ),0.0,,— ว่าง —,,,,,,
south-facilities:9602/4,สถานีตำรวจ สถานีตำรวจน้ำตากใบ,1,NbE,เหนือค่อนอีสาน,11.25,,— ว่าง —,,,,,,
south-facilities:9602/4,สถานีตำรวจ สถานีตำรวจน้ำตากใบ,2,NNE,เหนือ-อีสาน,22.5,,— ว่าง —,,,,,,
south-facilities:9602/4,สถานีตำรวจ สถานีตำรวจน้ำตากใบ,3,NEbN,อีสานค่อนเหนือ,33.75,,— ว่าง —,,,,,,
south-facilities:9602/4,สถานีตำรวจ สถานีตำรวจน้ำตากใบ,4,NE,อีสาน (ตอ.เฉียงเหนือ),45.0,,— ว่าง —,,,,,,
south-facilities:9602/4,สถานีตำรวจ สถานีตำรวจน้ำตากใบ,5,NEbE,อีสานค่อนบูรพา,56.25,,— ว่าง —,,,,,,
south-facilities:9602/4,สถานีตำรวจ สถานีตำรวจน้ำตากใบ,6,ENE,บูรพา-อีสาน,67.5,,— ว่าง —,,,,,,
south-facilities:9602/4,สถานีตำรวจ สถานีตำรวจน้ำตากใบ,7,EbN,บูรพาค่อนเหนือ,78.75,,— ว่าง —,,,,,,
south-facilities:9602/4,สถานีตำรวจ สถานีตำรวจน้ำตากใบ,8,E,บูรพา (ตะวันออก),90.0,,— ว่าง —,,,,,,
south-facilities:9602/4,สถานีตำรวจ สถานีตำรวจน้ำตากใบ,9,EbS,บูรพาค่อนใต้,101.25,,— ว่าง —,,,,,,
south-facilities:9602/4,สถานีตำรวจ สถานีตำรวจน้ำตากใบ,10,ESE,บูรพา-อาคเนย์,112.5,,— ว่าง —,,,,,,
south-facilities:9602/4,สถานีตำรวจ สถานีตำรวจน้ำตากใบ,11,SEbE,อาคเนย์ค่อนบูรพา,123.75,,— ว่าง —,,,,,,
south-facilities:9602/4,สถานีตำรวจ สถานีตำรวจน้ำตากใบ,12,SE,อาคเนย์ (ตอ.เฉียงใต้),135.0,,— ว่าง —,,,,,,
south-facilities:9602/4,สถานีตำรวจ สถานีตำรวจน้ำตากใบ,13,SEbS,อาคเนย์ค่อนใต้,146.25,,— ว่าง —,,,,,,
south-facilities:9602/4,สถานีตำรวจ สถานีตำรวจน้ำตากใบ,14,SSE,ใต้-อาคเนย์,157.5,,— ว่าง —,,,,,,
south-facilities:9602/4,สถานีตำรวจ สถานีตำรวจน้ำตากใบ,15,SbE,ใต้ค่อนบูรพา,168.75,,— ว่าง —,,,,,,
south-facilities:9602/4,สถานีตำรวจ สถานีตำรวจน้ำตากใบ,16,S,ทักษิณ (ใต้),180.0,,— ว่าง —,,,,,,
south-facilities:9602/4,สถานีตำรวจ สถานีตำรวจน้ำตากใบ,17,SbW,ใต้ค่อนประจิม,191.25,,— ว่าง —,,,,,,
south-facilities:9602/4,สถานีตำรวจ สถานีตำรวจน้ำตากใบ,18,SSW,ใต้-หรดี,202.5,,— ว่าง —,,,,,,
south-facilities:9602/4,สถานีตำรวจ สถานีตำรวจน้ำตากใบ,19,SWbS,หรดีค่อนใต้,213.75,,— ว่าง —,,,,,,
south-facilities:9602/4,สถานีตำรวจ สถานีตำรวจน้ำตากใบ,20,SW,หรดี (ตต.เฉียงใต้),225.0,,— ว่าง —,,,,,,
south-facilities:9602/4,สถานีตำรวจ สถานีตำรวจน้ำตากใบ,21,SWbW,หรดีค่อนประจิม,236.25,,— ว่าง —,,,,,,
south-facilities:9602/4,สถานีตำรวจ สถานีตำรวจน้ำตากใบ,22,WSW,ประจิม-หรดี,247.5,,— ว่าง —,,,,,,
south-facilities:9602/4,สถานีตำรวจ สถานีตำรวจน้ำตากใบ,23,WbS,ประจิมค่อนใต้,258.75,,— ว่าง —,,,,,,
south-facilities:9602/4,สถานีตำรวจ สถานีตำรวจน้ำตากใบ,24,W,ประจิม (ตะวันตก),270.0,,— ว่าง —,,,,,,
south-facilities:9602/4,สถานีตำรวจ สถานีตำรวจน้ำตากใบ,25,WbN,ประจิมค่อนเหนือ,281.25,,— ว่าง —,,,,,,
south-facilities:9602/4,สถานีตำรวจ สถานีตำรวจน้ำตากใบ,26,WNW,ประจิม-พายัพ,292.5,south-facilities:9602/2,โรงพยาบาล โรงพยาบาลตากใบ,โรงพยาบาล,5.069,,,38.739966521670084,148.4408980727742
south-facilities:9602/4,สถานีตำรวจ สถานีตำรวจน้ำตากใบ,27,NWbW,พายัพค่อนประจิม,303.75,south-facilities:9602/3,สถานีตำรวจ (ไม่ระบุชื่อ) ตากใบ,สถานีตำรวจ,4.595,,,38.739966521670084,30.32351618101578
south-facilities:9602/4,สถานีตำรวจ สถานีตำรวจน้ำตากใบ,28,NW,พายัพ (ตต.เฉียงเหนือ),315.0,,— ว่าง —,,,,,,
south-facilities:9602/4,สถานีตำรวจ สถานีตำรวจน้ำตากใบ,29,NWbN,พายัพค่อนเหนือ,326.25,,— ว่าง —,,,,,,
south-facilities:9602/4,สถานีตำรวจ สถานีตำรวจน้ำตากใบ,30,NNW,เหนือ-พายัพ,337.5,,— ว่าง —,,,,,,
south-facilities:9602/4,สถานีตำรวจ สถานีตำรวจน้ำตากใบ,31,NbW,เหนือค่อนประจิม,348.75,,— ว่าง —,,,,,,
south-facilities:9603,โรงพยาบาล โรงพยาบาลบาเจาะ,0,N,อุดร (เหนือ),0.0,south-facilities:9408,โรงพยาบาล โรงพยาบาลไม้แก่น,โรงพยาบาล,11.984,33.191,2.77,57.37414587941606,59.25526141909616
south-facilities:9603,โรงพยาบาล โรงพยาบาลบาเจาะ,1,NbE,เหนือค่อนอีสาน,11.25,,— ว่าง —,,,,,,
south-facilities:9603,โรงพยาบาล โรงพยาบาลบาเจาะ,2,NNE,เหนือ-อีสาน,22.5,,— ว่าง —,,,,,,
south-facilities:9603,โรงพยาบาล โรงพยาบาลบาเจาะ,3,NEbN,อีสานค่อนเหนือ,33.75,,— ว่าง —,,,,,,
south-facilities:9603,โรงพยาบาล โรงพยาบาลบาเจาะ,4,NE,อีสาน (ตอ.เฉียงเหนือ),45.0,,— ว่าง —,,,,,,
south-facilities:9603,โรงพยาบาล โรงพยาบาลบาเจาะ,5,NEbE,อีสานค่อนบูรพา,56.25,,— ว่าง —,,,,,,
south-facilities:9603,โรงพยาบาล โรงพยาบาลบาเจาะ,6,ENE,บูรพา-อีสาน,67.5,south-facilities:9601/2,สถานีตำรวจ (ไม่ระบุชื่อ) เมืองนราธิวาส,สถานีตำรวจ,9.93,23.859,2.403,57.37414587941606,174.65769624031878
south-facilities:9603,โรงพยาบาล โรงพยาบาลบาเจาะ,7,EbN,บูรพาค่อนเหนือ,78.75,,— ว่าง —,,,,,,
south-facilities:9603,โรงพยาบาล โรงพยาบาลบาเจาะ,8,E,บูรพา (ตะวันออก),90.0,,— ว่าง —,,,,,,
south-facilities:9603,โรงพยาบาล โรงพยาบาลบาเจาะ,9,EbS,บูรพาค่อนใต้,101.25,south-facilities:9601/7,ด่านตรวจ (ไม่ระบุชื่อ) เมืองนราธิวาส,ด่านตรวจ,13.258,21.325,1.608,57.37414587941606,0.04447797058612646
south-facilities:9603,โรงพยาบาล โรงพยาบาลบาเจาะ,10,ESE,บูรพา-อาคเนย์,112.5,south-facilities:9601/13,โรงพยาบาล (ไม่ระบุชื่อ) เมืองนราธิวาส,โรงพยาบาล,15.197,24.982,1.644,57.37414587941606,136.44831162335524
south-facilities:9603,โรงพยาบาล โรงพยาบาลบาเจาะ,11,SEbE,อาคเนย์ค่อนบูรพา,123.75,south-facilities:9601/12,สถานีตำรวจ (ไม่ระบุชื่อ) เมืองนราธิวาส,สถานีตำรวจ,18.817,22.441,1.193,57.37414587941606,9.945097133911325
south-facilities:9603,โรงพยาบาล โรงพยาบาลบาเจาะ,12,SE,อาคเนย์ (ตอ.เฉียงใต้),135.0,south-facilities:9604/5,ด่านตรวจ (ไม่ระบุชื่อ) ยี่งอ,ด่านตรวจ,14.649,17.793,1.215,57.37414587941606,0.03991881780677653
south-facilities:9603,โรงพยาบาล โรงพยาบาลบาเจาะ,13,SEbS,อาคเนย์ค่อนใต้,146.25,,— ว่าง —,,,,,,
south-facilities:9603,โรงพยาบาล โรงพยาบาลบาเจาะ,14,SSE,ใต้-อาคเนย์,157.5,south-facilities:9604/6,สถานีตำรวจ สถานีตำรวจยี่งอ,สถานีตำรวจ,12.42,14.85,1.196,57.37414587941606,44.22725946585651
south-facilities:9603,โรงพยาบาล โรงพยาบาลบาเจาะ,15,SbE,ใต้ค่อนบูรพา,168.75,south-facilities:9604,โรงพยาบาล โรงพยาบาล​ยี่งอเฉลิม​พระเกียรติ​ 80 พรรษา,โรงพยาบาล,12.746,16.355,1.283,57.37414587941606,34.4785964036298
south-facilities:9603,โรงพยาบาล โรงพยาบาลบาเจาะ,16,S,ทักษิณ (ใต้),180.0,south-facilities:9604/4,ด่านตรวจ (ไม่ระบุชื่อ) ยี่งอ,ด่านตรวจ,6.663,10.281,1.543,57.37414587941606,0.024832605752899573
south-facilities:9603,โรงพยาบาล โรงพยาบาลบาเจาะ,17,SbW,ใต้ค่อนประจิม,191.25,south-facilities:9605,ด่านตรวจ (ไม่ระบุชื่อ) ระแงะ,ด่านตรวจ,18.51,26.957,1.456,57.37414587941606,0.07093434087537026
south-facilities:9603,โรงพยาบาล โรงพยาบาลบาเจาะ,18,SSW,ใต้-หรดี,202.5,,— ว่าง —,,,,,,
south-facilities:9603,โรงพยาบาล โรงพยาบาลบาเจาะ,19,SWbS,หรดีค่อนใต้,213.75,south-facilities:9606,ด่านตรวจ (ไม่ระบุชื่อ) รือเสาะ,ด่านตรวจ,18.793,35.201,1.873,57.37414587941606,0.0
south-facilities:9603,โรงพยาบาล โรงพยาบาลบาเจาะ,20,SW,หรดี (ตต.เฉียงใต้),225.0,south-facilities:9606/4,ด่านตรวจ (ไม่ระบุชื่อ) รือเสาะ,ด่านตรวจ,20.851,37.751,1.81,57.37414587941606,0.04583029052486393
south-facilities:9603,โรงพยาบาล โรงพยาบาลบาเจาะ,21,SWbW,หรดีค่อนประจิม,236.25,south-facilities:9606/5,ด่านตรวจ (ไม่ระบุชื่อ) รือเสาะ,ด่านตรวจ,19.18,32.262,1.682,57.37414587941606,0.045577771105559106
south-facilities:9603,โรงพยาบาล โรงพยาบาลบาเจาะ,22,WSW,ประจิม-หรดี,247.5,south-facilities:9606/7,โรงพยาบาล (ไม่ระบุชื่อ) รือเสาะ,โรงพยาบาล,18.998,36.3,1.911,57.37414587941606,31.00652475052335
south-facilities:9603,โรงพยาบาล โรงพยาบาลบาเจาะ,23,WbS,ประจิมค่อนใต้,258.75,south-facilities:9506,ด่านตรวจ (ไม่ระบุชื่อ) รามัน,ด่านตรวจ,18.976,33.032,1.741,57.37414587941606,0.045571707208110414
south-facilities:9603,โรงพยาบาล โรงพยาบาลบาเจาะ,24,W,ประจิม (ตะวันตก),270.0,,— ว่าง —,,,,,,
south-facilities:9603,โรงพยาบาล โรงพยาบาลบาเจาะ,25,WbN,ประจิมค่อนเหนือ,281.25,,— ว่าง —,,,,,,
south-facilities:9603,โรงพยาบาล โรงพยาบาลบาเจาะ,26,WNW,ประจิม-พายัพ,292.5,,— ว่าง —,,,,,,
south-facilities:9603,โรงพยาบาล โรงพยาบาลบาเจาะ,27,NWbW,พายัพค่อนประจิม,303.75,south-facilities:9411,โรงพยาบาล โรงพยาบาลกะพ้อ,โรงพยาบาล,15.0,38.499,2.567,57.37414587941606,65.17763192168357
south-facilities:9603,โรงพยาบาล โรงพยาบาลบาเจาะ,28,NW,พายัพ (ตต.เฉียงเหนือ),315.0,,— ว่าง —,,,,,,
south-facilities:9603,โรงพยาบาล โรงพยาบาลบาเจาะ,29,NWbN,พายัพค่อนเหนือ,326.25,south-facilities:9407/2,สถานีตำรวจ จุดตรวจตำรวจ,สถานีตำรวจ,24.686,44.06,1.785,57.37414587941606,10.149324677184698
south-facilities:9603,โรงพยาบาล โรงพยาบาลบาเจาะ,30,NNW,เหนือ-พายัพ,337.5,,— ว่าง —,,,,,,
south-facilities:9603,โรงพยาบาล โรงพยาบาลบาเจาะ,31,NbW,เหนือค่อนประจิม,348.75,south-facilities:9407/3,โรงพยาบาล โรงพยาบาลสมเด็จพระยุพราชสายบุรี,โรงพยาบาล,21.789,37.77,1.733,57.37414587941606,92.5330404332286
south-facilities:9604,โรงพยาบาล โรงพยาบาล​ยี่งอเฉลิม​พระเกียรติ​ 80 พรรษา,0,N,อุดร (เหนือ),0.0,,— ว่าง —,,,,,,
south-facilities:9604,โรงพยาบาล โรงพยาบาล​ยี่งอเฉลิม​พระเกียรติ​ 80 พรรษา,1,NbE,เหนือค่อนอีสาน,11.25,,— ว่าง —,,,,,,
south-facilities:9604,โรงพยาบาล โรงพยาบาล​ยี่งอเฉลิม​พระเกียรติ​ 80 พรรษา,2,NNE,เหนือ-อีสาน,22.5,south-facilities:9601/2,สถานีตำรวจ (ไม่ระบุชื่อ) เมืองนราธิวาส,สถานีตำรวจ,17.318,24.856,1.435,34.4785964036298,174.65769624031878
south-facilities:9604,โรงพยาบาล โรงพยาบาล​ยี่งอเฉลิม​พระเกียรติ​ 80 พรรษา,3,NEbN,อีสานค่อนเหนือ,33.75,,— ว่าง —,,,,,,
south-facilities:9604,โรงพยาบาล โรงพยาบาล​ยี่งอเฉลิม​พระเกียรติ​ 80 พรรษา,4,NE,อีสาน (ตอ.เฉียงเหนือ),45.0,south-facilities:9601/7,ด่านตรวจ (ไม่ระบุชื่อ) เมืองนราธิวาส,ด่านตรวจ,13.541,21.741,1.606,34.4785964036298,0.04447797058612646
south-facilities:9604,โรงพยาบาล โรงพยาบาล​ยี่งอเฉลิม​พระเกียรติ​ 80 พรรษา,5,NEbE,อีสานค่อนบูรพา,56.25,south-facilities:9604/6,สถานีตำรวจ สถานีตำรวจยี่งอ,สถานีตำรวจ,2.136,3.472,1.625,34.4785964036298,44.22725946585651
south-facilities:9604,โรงพยาบาล โรงพยาบาล​ยี่งอเฉลิม​พระเกียรติ​ 80 พรรษา,6,ENE,บูรพา-อีสาน,67.5,south-facilities:9604/2,ด่านตรวจ (ไม่ระบุชื่อ) ยี่งอ,ด่านตรวจ,2.312,3.748,1.621,34.4785964036298,15.088535386528765
south-facilities:9604,โรงพยาบาล โรงพยาบาล​ยี่งอเฉลิม​พระเกียรติ​ 80 พรรษา,7,EbN,บูรพาค่อนเหนือ,78.75,south-facilities:9604/5,ด่านตรวจ (ไม่ระบุชื่อ) ยี่งอ,ด่านตรวจ,6.232,10.938,1.755,34.4785964036298,0.03991881780677653
south-facilities:9604,โรงพยาบาล โรงพยาบาล​ยี่งอเฉลิม​พระเกียรติ​ 80 พรรษา,8,E,บูรพา (ตะวันออก),90.0,,— ว่าง —,,,,,,
south-facilities:9604,โรงพยาบาล โรงพยาบาล​ยี่งอเฉลิม​พระเกียรติ​ 80 พรรษา,9,EbS,บูรพาค่อนใต้,101.25,,— ว่าง —,,,,,,
south-facilities:9604,โรงพยาบาล โรงพยาบาล​ยี่งอเฉลิม​พระเกียรติ​ 80 พรรษา,10,ESE,บูรพา-อาคเนย์,112.5,,— ว่าง —,,,,,,
south-facilities:9604,โรงพยาบาล โรงพยาบาล​ยี่งอเฉลิม​พระเกียรติ​ 80 พรรษา,11,SEbE,อาคเนย์ค่อนบูรพา,123.75,,— ว่าง —,,,,,,
south-facilities:9604,โรงพยาบาล โรงพยาบาล​ยี่งอเฉลิม​พระเกียรติ​ 80 พรรษา,12,SE,อาคเนย์ (ตอ.เฉียงใต้),135.0,,— ว่าง —,,,,,,
south-facilities:9604,โรงพยาบาล โรงพยาบาล​ยี่งอเฉลิม​พระเกียรติ​ 80 พรรษา,13,SEbS,อาคเนย์ค่อนใต้,146.25,south-facilities:9613,โรงพยาบาล โรงพยาบาลเจาะไอร้อง,โรงพยาบาล,23.003,29.133,1.267,34.4785964036298,145.55845886309527
south-facilities:9604,โรงพยาบาล โรงพยาบาล​ยี่งอเฉลิม​พระเกียรติ​ 80 พรรษา,14,SSE,ใต้-อาคเนย์,157.5,south-facilities:9605/3,โรงพยาบาล โรงพยาบาลระแงะ,โรงพยาบาล,11.377,15.827,1.391,34.4785964036298,85.95744521056331
south-facilities:9604,โรงพยาบาล โรงพยาบาล​ยี่งอเฉลิม​พระเกียรติ​ 80 พรรษา,15,SbE,ใต้ค่อนบูรพา,168.75,,— ว่าง —,,,,,,
south-facilities:9604,โรงพยาบาล โรงพยาบาล​ยี่งอเฉลิม​พระเกียรติ​ 80 พรรษา,16,S,ทักษิณ (ใต้),180.0,,— ว่าง —,,,,,,
south-facilities:9604,โรงพยาบาล โรงพยาบาล​ยี่งอเฉลิม​พระเกียรติ​ 80 พรรษา,17,SbW,ใต้ค่อนประจิม,191.25,,— ว่าง —,,,,,,
south-facilities:9604,โรงพยาบาล โรงพยาบาล​ยี่งอเฉลิม​พระเกียรติ​ 80 พรรษา,18,SSW,ใต้-หรดี,202.5,,— ว่าง —,,,,,,
south-facilities:9604,โรงพยาบาล โรงพยาบาล​ยี่งอเฉลิม​พระเกียรติ​ 80 พรรษา,19,SWbS,หรดีค่อนใต้,213.75,,— ว่าง —,,,,,,
south-facilities:9604,โรงพยาบาล โรงพยาบาล​ยี่งอเฉลิม​พระเกียรติ​ 80 พรรษา,20,SW,หรดี (ตต.เฉียงใต้),225.0,south-facilities:9605/2,ด่านตรวจ (ไม่ระบุชื่อ) ระแงะ,ด่านตรวจ,8.943,10.549,1.18,34.4785964036298,0.05547532425754493
south-facilities:9604,โรงพยาบาล โรงพยาบาล​ยี่งอเฉลิม​พระเกียรติ​ 80 พรรษา,21,SWbW,หรดีค่อนประจิม,236.25,,— ว่าง —,,,,,,
south-facilities:9604,โรงพยาบาล โรงพยาบาล​ยี่งอเฉลิม​พระเกียรติ​ 80 พรรษา,22,WSW,ประจิม-หรดี,247.5,south-facilities:9606,ด่านตรวจ (ไม่ระบุชื่อ) รือเสาะ,ด่านตรวจ,13.362,18.845,1.41,34.4785964036298,0.0
south-facilities:9604,โรงพยาบาล โรงพยาบาล​ยี่งอเฉลิม​พระเกียรติ​ 80 พรรษา,23,WbS,ประจิมค่อนใต้,258.75,south-facilities:9606/4,ด่านตรวจ (ไม่ระบุชื่อ) รือเสาะ,ด่านตรวจ,17.467,25.987,1.488,34.4785964036298,0.04583029052486393
south-facilities:9604,โรงพยาบาล โรงพยาบาล​ยี่งอเฉลิม​พระเกียรติ​ 80 พรรษา,24,W,ประจิม (ตะวันตก),270.0,south-facilities:9606/5,ด่านตรวจ (ไม่ระบุชื่อ) รือเสาะ,ด่านตรวจ,19.161,32.45,1.694,34.4785964036298,0.045577771105559106
south-facilities:9604,โรงพยาบาล โรงพยาบาล​ยี่งอเฉลิม​พระเกียรติ​ 80 พรรษา,25,WbN,ประจิมค่อนเหนือ,281.25,south-facilities:9606/6,ด่านตรวจ (ไม่ระบุชื่อ) รือเสาะ,ด่านตรวจ,20.826,35.562,1.708,34.4785964036298,0.024739096025065188
south-facilities:9604,โรงพยาบาล โรงพยาบาล​ยี่งอเฉลิม​พระเกียรติ​ 80 พรรษา,26,WNW,ประจิม-พายัพ,292.5,south-facilities:9506,ด่านตรวจ (ไม่ระบุชื่อ) รามัน,ด่านตรวจ,24.031,33.899,1.411,34.4785964036298,0.045571707208110414
south-facilities:9604,โรงพยาบาล โรงพยาบาล​ยี่งอเฉลิม​พระเกียรติ​ 80 พรรษา,27,NWbW,พายัพค่อนประจิม,303.75,,— ว่าง —,,,,,,
south-facilities:9604,โรงพยาบาล โรงพยาบาล​ยี่งอเฉลิม​พระเกียรติ​ 80 พรรษา,28,NW,พายัพ (ตต.เฉียงเหนือ),315.0,,— ว่าง —,,,,,,
south-facilities:9604,โรงพยาบาล โรงพยาบาล​ยี่งอเฉลิม​พระเกียรติ​ 80 พรรษา,29,NWbN,พายัพค่อนเหนือ,326.25,south-facilities:9604/4,ด่านตรวจ (ไม่ระบุชื่อ) ยี่งอ,ด่านตรวจ,6.591,11.148,1.691,34.4785964036298,0.024832605752899573
south-facilities:9604,โรงพยาบาล โรงพยาบาล​ยี่งอเฉลิม​พระเกียรติ​ 80 พรรษา,30,NNW,เหนือ-พายัพ,337.5,,— ว่าง —,,,,,,
south-facilities:9604,โรงพยาบาล โรงพยาบาล​ยี่งอเฉลิม​พระเกียรติ​ 80 พรรษา,31,NbW,เหนือค่อนประจิม,348.75,south-facilities:9603,โรงพยาบาล โรงพยาบาลบาเจาะ,โรงพยาบาล,12.746,18.913,1.484,34.4785964036298,57.37414587941606
south-facilities:9604/2,ด่านตรวจ (ไม่ระบุชื่อ) ยี่งอ,0,N,อุดร (เหนือ),0.0,,— ว่าง —,,,,,,
south-facilities:9604/2,ด่านตรวจ (ไม่ระบุชื่อ) ยี่งอ,1,NbE,เหนือค่อนอีสาน,11.25,south-facilities:9601/2,สถานีตำรวจ (ไม่ระบุชื่อ) เมืองนราธิวาส,สถานีตำรวจ,15.796,22.396,1.418,15.088535386528765,174.65769624031878
south-facilities:9604/2,ด่านตรวจ (ไม่ระบุชื่อ) ยี่งอ,2,NNE,เหนือ-อีสาน,22.5,,— ว่าง —,,,,,,
south-facilities:9604/2,ด่านตรวจ (ไม่ระบุชื่อ) ยี่งอ,3,NEbN,อีสานค่อนเหนือ,33.75,,— ว่าง —,,,,,,
south-facilities:9604/2,ด่านตรวจ (ไม่ระบุชื่อ) ยี่งอ,4,NE,อีสาน (ตอ.เฉียงเหนือ),45.0,south-facilities:9601/7,ด่านตรวจ (ไม่ระบุชื่อ) เมืองนราธิวาส,ด่านตรวจ,11.394,17.994,1.579,15.088535386528765,0.04447797058612646
south-facilities:9604/2,ด่านตรวจ (ไม่ระบุชื่อ) ยี่งอ,5,NEbE,อีสานค่อนบูรพา,56.25,south-facilities:9601/13,โรงพยาบาล (ไม่ระบุชื่อ) เมืองนราธิวาส,โรงพยาบาล,10.283,15.243,1.482,15.088535386528765,136.44831162335524
south-facilities:9604/2,ด่านตรวจ (ไม่ระบุชื่อ) ยี่งอ,6,ENE,บูรพา-อีสาน,67.5,south-facilities:9601/9,ด่านตรวจ (ไม่ระบุชื่อ) เมืองนราธิวาส,ด่านตรวจ,10.115,15.366,1.519,15.088535386528765,0.040014440829194836
south-facilities:9604/2,ด่านตรวจ (ไม่ระบุชื่อ) ยี่งอ,7,EbN,บูรพาค่อนเหนือ,78.75,south-facilities:9601/8,ด่านตรวจ (ไม่ระบุชื่อ) เมืองนราธิวาส,ด่านตรวจ,10.982,13.58,1.237,15.088535386528765,0.03314931417137172
south-facilities:9604/2,ด่านตรวจ (ไม่ระบุชื่อ) ยี่งอ,8,E,บูรพา (ตะวันออก),90.0,south-facilities:9604/5,ด่านตรวจ (ไม่ระบุชื่อ) ยี่งอ,ด่านตรวจ,4.035,7.191,1.782,15.088535386528765,0.03991881780677653
south-facilities:9604/2,ด่านตรวจ (ไม่ระบุชื่อ) ยี่งอ,9,EbS,บูรพาค่อนใต้,101.25,,— ว่าง —,,,,,,
south-facilities:9604/2,ด่านตรวจ (ไม่ระบุชื่อ) ยี่งอ,10,ESE,บูรพา-อาคเนย์,112.5,,— ว่าง —,,,,,,
south-facilities:9604/2,ด่านตรวจ (ไม่ระบุชื่อ) ยี่งอ,11,SEbE,อาคเนย์ค่อนบูรพา,123.75,,— ว่าง —,,,,,,
south-facilities:9604/2,ด่านตรวจ (ไม่ระบุชื่อ) ยี่งอ,12,SE,อาคเนย์ (ตอ.เฉียงใต้),135.0,,— ว่าง —,,,,,,
south-facilities:9604/2,ด่านตรวจ (ไม่ระบุชื่อ) ยี่งอ,13,SEbS,อาคเนย์ค่อนใต้,146.25,south-facilities:9613,โรงพยาบาล โรงพยาบาลเจาะไอร้อง,โรงพยาบาล,22.798,26.636,1.168,15.088535386528765,145.55845886309527
south-facilities:9604/2,ด่านตรวจ (ไม่ระบุชื่อ) ยี่งอ,14,SSE,ใต้-อาคเนย์,157.5,,— ว่าง —,,,,,,
south-facilities:9604/2,ด่านตรวจ (ไม่ระบุชื่อ) ยี่งอ,15,SbE,ใต้ค่อนบูรพา,168.75,south-facilities:9605/3,โรงพยาบาล โรงพยาบาลระแงะ,โรงพยาบาล,11.862,13.329,1.124,15.088535386528765,85.95744521056331
south-facilities:9604/2,ด่านตรวจ (ไม่ระบุชื่อ) ยี่งอ,16,S,ทักษิณ (ใต้),180.0,,— ว่าง —,,,,,,
south-facilities:9604/2,ด่านตรวจ (ไม่ระบุชื่อ) ยี่งอ,17,SbW,ใต้ค่อนประจิม,191.25,,— ว่าง —,,,,,,
south-facilities:9604/2,ด่านตรวจ (ไม่ระบุชื่อ) ยี่งอ,18,SSW,ใต้-หรดี,202.5,,— ว่าง —,,,,,,
south-facilities:9604/2,ด่านตรวจ (ไม่ระบุชื่อ) ยี่งอ,19,SWbS,หรดีค่อนใต้,213.75,,— ว่าง —,,,,,,
south-facilities:9604/2,ด่านตรวจ (ไม่ระบุชื่อ) ยี่งอ,20,SW,หรดี (ตต.เฉียงใต้),225.0,,— ว่าง —,,,,,,
south-facilities:9604/2,ด่านตรวจ (ไม่ระบุชื่อ) ยี่งอ,21,SWbW,หรดีค่อนประจิม,236.25,south-facilities:9605/2,ด่านตรวจ (ไม่ระบุชื่อ) ระแงะ,ด่านตรวจ,11.177,13.012,1.164,15.088535386528765,0.05547532425754493
south-facilities:9604/2,ด่านตรวจ (ไม่ระบุชื่อ) ยี่งอ,22,WSW,ประจิม-หรดี,247.5,south-facilities:9604,โรงพยาบาล โรงพยาบาล​ยี่งอเฉลิม​พระเกียรติ​ 80 พรรษา,โรงพยาบาล,2.312,2.464,1.066,15.088535386528765,34.4785964036298
south-facilities:9604/2,ด่านตรวจ (ไม่ระบุชื่อ) ยี่งอ,23,WbS,ประจิมค่อนใต้,258.75,south-facilities:9606/4,ด่านตรวจ (ไม่ระบุชื่อ) รือเสาะ,ด่านตรวจ,19.72,28.45,1.443,15.088535386528765,0.04583029052486393
south-facilities:9604/2,ด่านตรวจ (ไม่ระบุชื่อ) ยี่งอ,24,W,ประจิม (ตะวันตก),270.0,south-facilities:9606/5,ด่านตรวจ (ไม่ระบุชื่อ) รือเสาะ,ด่านตรวจ,21.213,30.669,1.446,15.088535386528765,0.045577771105559106
south-facilities:9604/2,ด่านตรวจ (ไม่ระบุชื่อ) ยี่งอ,25,WbN,ประจิมค่อนเหนือ,281.25,south-facilities:9604/6,สถานีตำรวจ สถานีตำรวจยี่งอ,สถานีตำรวจ,0.232,0.561,2.419,15.088535386528765,44.22725946585651
south-facilities:9604/2,ด่านตรวจ (ไม่ระบุชื่อ) ยี่งอ,26,WNW,ประจิม-พายัพ,292.5,,— ว่าง —,,,,,,
south-facilities:9604/2,ด่านตรวจ (ไม่ระบุชื่อ) ยี่งอ,27,NWbW,พายัพค่อนประจิม,303.75,south-facilities:9604/4,ด่านตรวจ (ไม่ระบุชื่อ) ยี่งอ,ด่านตรวจ,7.223,8.688,1.203,15.088535386528765,0.024832605752899573
south-facilities:9604/2,ด่านตรวจ (ไม่ระบุชื่อ) ยี่งอ,28,NW,พายัพ (ตต.เฉียงเหนือ),315.0,,— ว่าง —,,,,,,
south-facilities:9604/2,ด่านตรวจ (ไม่ระบุชื่อ) ยี่งอ,29,NWbN,พายัพค่อนเหนือ,326.25,,— ว่าง —,,,,,,
south-facilities:9604/2,ด่านตรวจ (ไม่ระบุชื่อ) ยี่งอ,30,NNW,เหนือ-พายัพ,337.5,south-facilities:9603,โรงพยาบาล โรงพยาบาลบาเจาะ,โรงพยาบาล,12.568,16.453,1.309,15.088535386528765,57.37414587941606
south-facilities:9604/2,ด่านตรวจ (ไม่ระบุชื่อ) ยี่งอ,31,NbW,เหนือค่อนประจิม,348.75,south-facilities:9408,โรงพยาบาล โรงพยาบาลไม้แก่น,โรงพยาบาล,23.732,31.607,1.332,15.088535386528765,59.25526141909616
south-facilities:9604/3,ด่านตรวจ (ไม่ระบุชื่อ) ยี่งอ,0,N,อุดร (เหนือ),0.0,south-facilities:9601/2,สถานีตำรวจ (ไม่ระบุชื่อ) เมืองนราธิวาส,สถานีตำรวจ,15.223,26.043,1.711,0.055472780631213775,174.65769624031878
south-facilities:9604/3,ด่านตรวจ (ไม่ระบุชื่อ) ยี่งอ,1,NbE,เหนือค่อนอีสาน,11.25,,— ว่าง —,,,,,,
south-facilities:9604/3,ด่านตรวจ (ไม่ระบุชื่อ) ยี่งอ,2,NNE,เหนือ-อีสาน,22.5,south-facilities:9601/7,ด่านตรวจ (ไม่ระบุชื่อ) เมืองนราธิวาส,ด่านตรวจ,9.079,17.792,1.96,0.055472780631213775,0.04447797058612646
south-facilities:9604/3,ด่านตรวจ (ไม่ระบุชื่อ) ยี่งอ,3,NEbN,อีสานค่อนเหนือ,33.75,south-facilities:9601/13,โรงพยาบาล (ไม่ระบุชื่อ) เมืองนราธิวาส,โรงพยาบาล,7.088,15.041,2.122,0.055472780631213775,136.44831162335524
south-facilities:9604/3,ด่านตรวจ (ไม่ระบุชื่อ) ยี่งอ,4,NE,อีสาน (ตอ.เฉียงเหนือ),45.0,,— ว่าง —,,,,,,
south-facilities:9604/3,ด่านตรวจ (ไม่ระบุชื่อ) ยี่งอ,5,NEbE,อีสานค่อนบูรพา,56.25,south-facilities:9601/10,ด่านตรวจ (ไม่ระบุชื่อ) เมืองนราธิวาส,ด่านตรวจ,6.849,16.678,2.435,0.055472780631213775,0.04702727103561508
south-facilities:9604/3,ด่านตรวจ (ไม่ระบุชื่อ) ยี่งอ,6,ENE,บูรพา-อีสาน,67.5,south-facilities:9601/9,ด่านตรวจ (ไม่ระบุชื่อ) เมืองนราธิวาส,ด่านตรวจ,6.255,15.165,2.425,0.055472780631213775,0.040014440829194836
south-facilities:9604/3,ด่านตรวจ (ไม่ระบุชื่อ) ยี่งอ,7,EbN,บูรพาค่อนเหนือ,78.75,south-facilities:9601/8,ด่านตรวจ (ไม่ระบุชื่อ) เมืองนราธิวาส,ด่านตรวจ,6.94,13.378,1.928,0.055472780631213775,0.03314931417137172
south-facilities:9604/3,ด่านตรวจ (ไม่ระบุชื่อ) ยี่งอ,8,E,บูรพา (ตะวันออก),90.0,south-facilities:9601/12,สถานีตำรวจ (ไม่ระบุชื่อ) เมืองนราธิวาส,สถานีตำรวจ,5.923,11.637,1.965,0.055472780631213775,9.945097133911325
south-facilities:9604/3,ด่านตรวจ (ไม่ระบุชื่อ) ยี่งอ,9,EbS,บูรพาค่อนใต้,101.25,,— ว่าง —,,,,,,
south-facilities:9604/3,ด่านตรวจ (ไม่ระบุชื่อ) ยี่งอ,10,ESE,บูรพา-อาคเนย์,112.5,,— ว่าง —,,,,,,
south-facilities:9604/3,ด่านตรวจ (ไม่ระบุชื่อ) ยี่งอ,11,SEbE,อาคเนย์ค่อนบูรพา,123.75,,— ว่าง —,,,,,,
south-facilities:9604/3,ด่านตรวจ (ไม่ระบุชื่อ) ยี่งอ,12,SE,อาคเนย์ (ตอ.เฉียงใต้),135.0,,— ว่าง —,,,,,,
south-facilities:9604/3,ด่านตรวจ (ไม่ระบุชื่อ) ยี่งอ,13,SEbS,อาคเนย์ค่อนใต้,146.25,,— ว่าง —,,,,,,
south-facilities:9604/3,ด่านตรวจ (ไม่ระบุชื่อ) ยี่งอ,14,SSE,ใต้-อาคเนย์,157.5,south-facilities:9613,โรงพยาบาล โรงพยาบาลเจาะไอร้อง,โรงพยาบาล,21.409,26.344,1.231,0.055472780631213775,145.55845886309527
south-facilities:9604/3,ด่านตรวจ (ไม่ระบุชื่อ) ยี่งอ,15,SbE,ใต้ค่อนบูรพา,168.75,,— ว่าง —,,,,,,
south-facilities:9604/3,ด่านตรวจ (ไม่ระบุชื่อ) ยี่งอ,16,S,ทักษิณ (ใต้),180.0,,— ว่าง —,,,,,,
south-facilities:9604/3,ด่านตรวจ (ไม่ระบุชื่อ) ยี่งอ,17,SbW,ใต้ค่อนประจิม,191.25,south-facilities:9605/3,โรงพยาบาล โรงพยาบาลระแงะ,โรงพยาบาล,12.205,14.907,1.221,0.055472780631213775,85.95744521056331
south-facilities:9604/3,ด่านตรวจ (ไม่ระบุชื่อ) ยี่งอ,18,SSW,ใต้-หรดี,202.5,,— ว่าง —,,,,,,
south-facilities:9604/3,ด่านตรวจ (ไม่ระบุชื่อ) ยี่งอ,19,SWbS,หรดีค่อนใต้,213.75,,— ว่าง —,,,,,,
south-facilities:9604/3,ด่านตรวจ (ไม่ระบุชื่อ) ยี่งอ,20,SW,หรดี (ตต.เฉียงใต้),225.0,,— ว่าง —,,,,,,
south-facilities:9604/3,ด่านตรวจ (ไม่ระบุชื่อ) ยี่งอ,21,SWbW,หรดีค่อนประจิม,236.25,south-facilities:9605/2,ด่านตรวจ (ไม่ระบุชื่อ) ระแงะ,ด่านตรวจ,14.68,17.09,1.164,0.055472780631213775,0.05547532425754493
south-facilities:9604/3,ด่านตรวจ (ไม่ระบุชื่อ) ยี่งอ,22,WSW,ประจิม-หรดี,247.5,,— ว่าง —,,,,,,
south-facilities:9604/3,ด่านตรวจ (ไม่ระบุชื่อ) ยี่งอ,23,WbS,ประจิมค่อนใต้,258.75,south-facilities:9604,โรงพยาบาล โรงพยาบาล​ยี่งอเฉลิม​พระเกียรติ​ 80 พรรษา,โรงพยาบาล,6.279,6.541,1.042,0.055472780631213775,34.4785964036298
south-facilities:9604/3,ด่านตรวจ (ไม่ระบุชื่อ) ยี่งอ,24,W,ประจิม (ตะวันตก),270.0,south-facilities:9604/5,ด่านตรวจ (ไม่ระบุชื่อ) ยี่งอ,ด่านตรวจ,0.047,0.047,1.001,0.055472780631213775,0.03991881780677653
south-facilities:9604/3,ด่านตรวจ (ไม่ระบุชื่อ) ยี่งอ,25,WbN,ประจิมค่อนเหนือ,281.25,,— ว่าง —,,,,,,
south-facilities:9604/3,ด่านตรวจ (ไม่ระบุชื่อ) ยี่งอ,26,WNW,ประจิม-พายัพ,292.5,south-facilities:9604/4,ด่านตรวจ (ไม่ระบุชื่อ) ยี่งอ,ด่านตรวจ,10.6,12.335,1.164,0.055472780631213775,0.024832605752899573
south-facilities:9604/3,ด่านตรวจ (ไม่ระบุชื่อ) ยี่งอ,27,NWbW,พายัพค่อนประจิม,303.75,,— ว่าง —,,,,,,
south-facilities:9604/3,ด่านตรวจ (ไม่ระบุชื่อ) ยี่งอ,28,NW,พายัพ (ตต.เฉียงเหนือ),315.0,south-facilities:9603,โรงพยาบาล โรงพยาบาลบาเจาะ,โรงพยาบาล,14.678,20.1,1.369,0.055472780631213775,57.37414587941606
south-facilities:9604/3,ด่านตรวจ (ไม่ระบุชื่อ) ยี่งอ,29,NWbN,พายัพค่อนเหนือ,326.25,,— ว่าง —,,,,,,
south-facilities:9604/3,ด่านตรวจ (ไม่ระบุชื่อ) ยี่งอ,30,NNW,เหนือ-พายัพ,337.5,south-facilities:9408,โรงพยาบาล โรงพยาบาลไม้แก่น,โรงพยาบาล,24.699,35.253,1.427,0.055472780631213775,59.25526141909616
south-facilities:9604/3,ด่านตรวจ (ไม่ระบุชื่อ) ยี่งอ,31,NbW,เหนือค่อนประจิม,348.75,,— ว่าง —,,,,,,
south-facilities:9604/4,ด่านตรวจ (ไม่ระบุชื่อ) ยี่งอ,0,N,อุดร (เหนือ),0.0,south-facilities:9603,โรงพยาบาล โรงพยาบาลบาเจาะ,โรงพยาบาล,6.663,13.761,2.065,0.024832605752899573,57.37414587941606
south-facilities:9604/4,ด่านตรวจ (ไม่ระบุชื่อ) ยี่งอ,1,NbE,เหนือค่อนอีสาน,11.25,,— ว่าง —,,,,,,
south-facilities:9604/4,ด่านตรวจ (ไม่ระบุชื่อ) ยี่งอ,2,NNE,เหนือ-อีสาน,22.5,,— ว่าง —,,,,,,
south-facilities:9604/4,ด่านตรวจ (ไม่ระบุชื่อ) ยี่งอ,3,NEbN,อีสานค่อนเหนือ,33.75,south-facilities:9601/2,สถานีตำรวจ (ไม่ระบุชื่อ) เมืองนราธิวาส,สถานีตำรวจ,14.08,19.749,1.403,0.024832605752899573,174.65769624031878
south-facilities:9604/4,ด่านตรวจ (ไม่ระบุชื่อ) ยี่งอ,4,NE,อีสาน (ตอ.เฉียงเหนือ),45.0,,— ว่าง —,,,,,,
south-facilities:9604/4,ด่านตรวจ (ไม่ระบุชื่อ) ยี่งอ,5,NEbE,อีสานค่อนบูรพา,56.25,,— ว่าง —,,,,,,
south-facilities:9604/4,ด่านตรวจ (ไม่ระบุชื่อ) ยี่งอ,6,ENE,บูรพา-อีสาน,67.5,south-facilities:9601/7,ด่านตรวจ (ไม่ระบุชื่อ) เมืองนราธิวาส,ด่านตรวจ,13.606,17.215,1.265,0.024832605752899573,0.04447797058612646
south-facilities:9604/4,ด่านตรวจ (ไม่ระบุชื่อ) ยี่งอ,7,EbN,บูรพาค่อนเหนือ,78.75,,— ว่าง —,,,,,,
south-facilities:9604/4,ด่านตรวจ (ไม่ระบุชื่อ) ยี่งอ,8,E,บูรพา (ตะวันออก),90.0,south-facilities:9601/13,โรงพยาบาล (ไม่ระบุชื่อ) เมืองนราธิวาส,โรงพยาบาล,14.175,20.872,1.472,0.024832605752899573,136.44831162335524
south-facilities:9604/4,ด่านตรวจ (ไม่ระบุชื่อ) ยี่งอ,9,EbS,บูรพาค่อนใต้,101.25,south-facilities:9601/12,สถานีตำรวจ (ไม่ระบุชื่อ) เมืองนราธิวาส,สถานีตำรวจ,16.037,18.32,1.142,0.024832605752899573,9.945097133911325
south-facilities:9604/4,ด่านตรวจ (ไม่ระบุชื่อ) ยี่งอ,10,ESE,บูรพา-อาคเนย์,112.5,south-facilities:9604/5,ด่านตรวจ (ไม่ระบุชื่อ) ยี่งอ,ด่านตรวจ,10.558,13.672,1.295,0.024832605752899573,0.03991881780677653
south-facilities:9604/4,ด่านตรวจ (ไม่ระบุชื่อ) ยี่งอ,11,SEbE,อาคเนย์ค่อนบูรพา,123.75,south-facilities:9604/2,ด่านตรวจ (ไม่ระบุชื่อ) ยี่งอ,ด่านตรวจ,7.223,10.804,1.496,0.024832605752899573,15.088535386528765
south-facilities:9604/4,ด่านตรวจ (ไม่ระบุชื่อ) ยี่งอ,12,SE,อาคเนย์ (ตอ.เฉียงใต้),135.0,south-facilities:9604/6,สถานีตำรวจ สถานีตำรวจยี่งอ,สถานีตำรวจ,7.016,10.729,1.529,0.024832605752899573,44.22725946585651
south-facilities:9604/4,ด่านตรวจ (ไม่ระบุชื่อ) ยี่งอ,13,SEbS,อาคเนย์ค่อนใต้,146.25,south-facilities:9604,โรงพยาบาล โรงพยาบาล​ยี่งอเฉลิม​พระเกียรติ​ 80 พรรษา,โรงพยาบาล,6.591,12.235,1.856,0.024832605752899573,34.4785964036298
south-facilities:9604/4,ด่านตรวจ (ไม่ระบุชื่อ) ยี่งอ,14,SSE,ใต้-อาคเนย์,157.5,south-facilities:9605/3,โรงพยาบาล โรงพยาบาลระแงะ,โรงพยาบาล,17.863,23.105,1.294,0.024832605752899573,85.95744521056331
south-facilities:9604/4,ด่านตรวจ (ไม่ระบุชื่อ) ยี่งอ,15,SbE,ใต้ค่อนบูรพา,168.75,,— ว่าง —,,,,,,
south-facilities:9604/4,ด่านตรวจ (ไม่ระบุชื่อ) ยี่งอ,16,S,ทักษิณ (ใต้),180.0,,— ว่าง —,,,,,,
south-facilities:9604/4,ด่านตรวจ (ไม่ระบุชื่อ) ยี่งอ,17,SbW,ใต้ค่อนประจิม,191.25,south-facilities:9605,ด่านตรวจ (ไม่ระบุชื่อ) ระแงะ,ด่านตรวจ,12.002,22.836,1.903,0.024832605752899573,0.07093434087537026
south-facilities:9604/4,ด่านตรวจ (ไม่ระบุชื่อ) ยี่งอ,18,SSW,ใต้-หรดี,202.5,,— ว่าง —,,,,,,
south-facilities:9604/4,ด่านตรวจ (ไม่ระบุชื่อ) ยี่งอ,19,SWbS,หรดีค่อนใต้,213.75,,— ว่าง —,,,,,,
south-facilities:9604/4,ด่านตรวจ (ไม่ระบุชื่อ) ยี่งอ,20,SW,หรดี (ตต.เฉียงใต้),225.0,south-facilities:9606,ด่านตรวจ (ไม่ระบุชื่อ) รือเสาะ,ด่านตรวจ,13.397,31.08,2.32,0.024832605752899573,0.0
south-facilities:9604/4,ด่านตรวจ (ไม่ระบุชื่อ) ยี่งอ,21,SWbW,หรดีค่อนประจิม,236.25,south-facilities:9606/4,ด่านตรวจ (ไม่ระบุชื่อ) รือเสาะ,ด่านตรวจ,16.398,27.47,1.675,0.024832605752899573,0.04583029052486393
south-facilities:9604/4,ด่านตรวจ (ไม่ระบุชื่อ) ยี่งอ,22,WSW,ประจิม-หรดี,247.5,south-facilities:9606/8,สถานีดับเพลิง สถานีดับเพลิงรือเสาะ,สถานีดับเพลิง,16.567,21.945,1.325,0.024832605752899573,84.00923147400258
south-facilities:9604/4,ด่านตรวจ (ไม่ระบุชื่อ) ยี่งอ,23,WbS,ประจิมค่อนใต้,258.75,south-facilities:9606/5,ด่านตรวจ (ไม่ระบุชื่อ) รือเสาะ,ด่านตรวจ,16.262,21.981,1.352,0.024832605752899573,0.045577771105559106
south-facilities:9604/4,ด่านตรวจ (ไม่ระบุชื่อ) ยี่งอ,24,W,ประจิม (ตะวันตก),270.0,south-facilities:9606/7,โรงพยาบาล (ไม่ระบุชื่อ) รือเสาะ,โรงพยาบาล,17.386,26.019,1.497,0.024832605752899573,31.00652475052335
south-facilities:9604/4,ด่านตรวจ (ไม่ระบุชื่อ) ยี่งอ,25,WbN,ประจิมค่อนเหนือ,281.25,south-facilities:9506,ด่านตรวจ (ไม่ระบุชื่อ) รามัน,ด่านตรวจ,19.067,22.751,1.193,0.024832605752899573,0.045571707208110414
south-facilities:9604/4,ด่านตรวจ (ไม่ระบุชื่อ) ยี่งอ,26,WNW,ประจิม-พายัพ,292.5,,— ว่าง —,,,,,,
south-facilities:9604/4,ด่านตรวจ (ไม่ระบุชื่อ) ยี่งอ,27,NWbW,พายัพค่อนประจิม,303.75,,— ว่าง —,,,,,,
south-facilities:9604/4,ด่านตรวจ (ไม่ระบุชื่อ) ยี่งอ,28,NW,พายัพ (ตต.เฉียงเหนือ),315.0,south-facilities:9411,โรงพยาบาล โรงพยาบาลกะพ้อ,โรงพยาบาล,19.271,30.738,1.595,0.024832605752899573,65.17763192168357
south-facilities:9604/4,ด่านตรวจ (ไม่ระบุชื่อ) ยี่งอ,29,NWbN,พายัพค่อนเหนือ,326.25,,— ว่าง —,,,,,,
south-facilities:9604/4,ด่านตรวจ (ไม่ระบุชื่อ) ยี่งอ,30,NNW,เหนือ-พายัพ,337.5,,— ว่าง —,,,,,,
south-facilities:9604/4,ด่านตรวจ (ไม่ระบุชื่อ) ยี่งอ,31,NbW,เหนือค่อนประจิม,348.75,,— ว่าง —,,,,,,
south-facilities:9604/5,ด่านตรวจ (ไม่ระบุชื่อ) ยี่งอ,0,N,อุดร (เหนือ),0.0,south-facilities:9601/2,สถานีตำรวจ (ไม่ระบุชื่อ) เมืองนราธิวาส,สถานีตำรวจ,15.224,25.996,1.708,0.03991881780677653,174.65769624031878
south-facilities:9604/5,ด่านตรวจ (ไม่ระบุชื่อ) ยี่งอ,1,NbE,เหนือค่อนอีสาน,11.25,,— ว่าง —,,,,,,
south-facilities:9604/5,ด่านตรวจ (ไม่ระบุชื่อ) ยี่งอ,2,NNE,เหนือ-อีสาน,22.5,south-facilities:9601/7,ด่านตรวจ (ไม่ระบุชื่อ) เมืองนราธิวาส,ด่านตรวจ,9.099,17.745,1.95,0.03991881780677653,0.04447797058612646
south-facilities:9604/5,ด่านตรวจ (ไม่ระบุชื่อ) ยี่งอ,3,NEbN,อีสานค่อนเหนือ,33.75,south-facilities:9601/13,โรงพยาบาล (ไม่ระบุชื่อ) เมืองนราธิวาส,โรงพยาบาล,7.12,14.994,2.106,0.03991881780677653,136.44831162335524
south-facilities:9604/5,ด่านตรวจ (ไม่ระบุชื่อ) ยี่งอ,4,NE,อีสาน (ตอ.เฉียงเหนือ),45.0,,— ว่าง —,,,,,,
south-facilities:9604/5,ด่านตรวจ (ไม่ระบุชื่อ) ยี่งอ,5,NEbE,อีสานค่อนบูรพา,56.25,south-facilities:9601/10,ด่านตรวจ (ไม่ระบุชื่อ) เมืองนราธิวาส,ด่านตรวจ,6.888,16.631,2.414,0.03991881780677653,0.04702727103561508
south-facilities:9604/5,ด่านตรวจ (ไม่ระบุชื่อ) ยี่งอ,6,ENE,บูรพา-อีสาน,67.5,south-facilities:9601/9,ด่านตรวจ (ไม่ระบุชื่อ) เมืองนราธิวาส,ด่านตรวจ,6.298,15.118,2.401,0.03991881780677653,0.040014440829194836
south-facilities:9604/5,ด่านตรวจ (ไม่ระบุชื่อ) ยี่งอ,7,EbN,บูรพาค่อนเหนือ,78.75,south-facilities:9601/8,ด่านตรวจ (ไม่ระบุชื่อ) เมืองนราธิวาส,ด่านตรวจ,6.986,13.331,1.908,0.03991881780677653,0.03314931417137172
south-facilities:9604/5,ด่านตรวจ (ไม่ระบุชื่อ) ยี่งอ,8,E,บูรพา (ตะวันออก),90.0,south-facilities:9604/3,ด่านตรวจ (ไม่ระบุชื่อ) ยี่งอ,ด่านตรวจ,0.047,6.895,147.175,0.03991881780677653,0.055472780631213775
south-facilities:9604/5,ด่านตรวจ (ไม่ระบุชื่อ) ยี่งอ,9,EbS,บูรพาค่อนใต้,101.25,,— ว่าง —,,,,,,
south-facilities:9604/5,ด่านตรวจ (ไม่ระบุชื่อ) ยี่งอ,10,ESE,บูรพา-อาคเนย์,112.5,,— ว่าง —,,,,,,
south-facilities:9604/5,ด่านตรวจ (ไม่ระบุชื่อ) ยี่งอ,11,SEbE,อาคเนย์ค่อนบูรพา,123.75,,— ว่าง —,,,,,,
south-facilities:9604/5,ด่านตรวจ (ไม่ระบุชื่อ) ยี่งอ,12,SE,อาคเนย์ (ตอ.เฉียงใต้),135.0,,— ว่าง —,,,,,,
south-facilities:9604/5,ด่านตรวจ (ไม่ระบุชื่อ) ยี่งอ,13,SEbS,อาคเนย์ค่อนใต้,146.25,,— ว่าง —,,,,,,
south-facilities:9604/5,ด่านตรวจ (ไม่ระบุชื่อ) ยี่งอ,14,SSE,ใต้-อาคเนย์,157.5,south-facilities:9613,โรงพยาบาล โรงพยาบาลเจาะไอร้อง,โรงพยาบาล,21.421,30.666,1.432,0.03991881780677653,145.55845886309527
south-facilities:9604/5,ด่านตรวจ (ไม่ระบุชื่อ) ยี่งอ,15,SbE,ใต้ค่อนบูรพา,168.75,,— ว่าง —,,,,,,
south-facilities:9604/5,ด่านตรวจ (ไม่ระบุชื่อ) ยี่งอ,16,S,ทักษิณ (ใต้),180.0,,— ว่าง —,,,,,,
south-facilities:9604/5,ด่านตรวจ (ไม่ระบุชื่อ) ยี่งอ,17,SbW,ใต้ค่อนประจิม,191.25,south-facilities:9605/3,โรงพยาบาล โรงพยาบาลระแงะ,โรงพยาบาล,12.193,17.359,1.424,0.03991881780677653,85.95744521056331
south-facilities:9604/5,ด่านตรวจ (ไม่ระบุชื่อ) ยี่งอ,18,SSW,ใต้-หรดี,202.5,,— ว่าง —,,,,,,
south-facilities:9604/5,ด่านตรวจ (ไม่ระบุชื่อ) ยี่งอ,19,SWbS,หรดีค่อนใต้,213.75,,— ว่าง —,,,,,,
south-facilities:9604/5,ด่านตรวจ (ไม่ระบุชื่อ) ยี่งอ,20,SW,หรดี (ตต.เฉียงใต้),225.0,,— ว่าง —,,,,,,
south-facilities:9604/5,ด่านตรวจ (ไม่ระบุชื่อ) ยี่งอ,21,SWbW,หรดีค่อนประจิม,236.25,south-facilities:9605/2,ด่านตรวจ (ไม่ระบุชื่อ) ระแงะ,ด่านตรวจ,14.638,17.043,1.164,0.03991881780677653,0.05547532425754493
south-facilities:9604/5,ด่านตรวจ (ไม่ระบุชื่อ) ยี่งอ,22,WSW,ประจิม-หรดี,247.5,,— ว่าง —,,,,,,
south-facilities:9604/5,ด่านตรวจ (ไม่ระบุชื่อ) ยี่งอ,23,WbS,ประจิมค่อนใต้,258.75,south-facilities:9604,โรงพยาบาล โรงพยาบาล​ยี่งอเฉลิม​พระเกียรติ​ 80 พรรษา,โรงพยาบาล,6.232,6.494,1.042,0.03991881780677653,34.4785964036298
south-facilities:9604/5,ด่านตรวจ (ไม่ระบุชื่อ) ยี่งอ,24,W,ประจิม (ตะวันตก),270.0,south-facilities:9604/2,ด่านตรวจ (ไม่ระบุชื่อ) ยี่งอ,ด่านตรวจ,4.035,4.031,0.999,0.03991881780677653,15.088535386528765
south-facilities:9604/5,ด่านตรวจ (ไม่ระบุชื่อ) ยี่งอ,25,WbN,ประจิมค่อนเหนือ,281.25,,— ว่าง —,,,,,,
south-facilities:9604/5,ด่านตรวจ (ไม่ระบุชื่อ) ยี่งอ,26,WNW,ประจิม-พายัพ,292.5,south-facilities:9604/4,ด่านตรวจ (ไม่ระบุชื่อ) ยี่งอ,ด่านตรวจ,10.558,12.288,1.164,0.03991881780677653,0.024832605752899573
south-facilities:9604/5,ด่านตรวจ (ไม่ระบุชื่อ) ยี่งอ,27,NWbW,พายัพค่อนประจิม,303.75,,— ว่าง —,,,,,,
south-facilities:9604/5,ด่านตรวจ (ไม่ระบุชื่อ) ยี่งอ,28,NW,พายัพ (ตต.เฉียงเหนือ),315.0,south-facilities:9603,โรงพยาบาล โรงพยาบาลบาเจาะ,โรงพยาบาล,14.649,20.053,1.369,0.03991881780677653,57.37414587941606
south-facilities:9604/5,ด่านตรวจ (ไม่ระบุชื่อ) ยี่งอ,29,NWbN,พายัพค่อนเหนือ,326.25,,— ว่าง —,,,,,,
south-facilities:9604/5,ด่านตรวจ (ไม่ระบุชื่อ) ยี่งอ,30,NNW,เหนือ-พายัพ,337.5,south-facilities:9408,โรงพยาบาล โรงพยาบาลไม้แก่น,โรงพยาบาล,24.685,35.206,1.426,0.03991881780677653,59.25526141909616
south-facilities:9604/5,ด่านตรวจ (ไม่ระบุชื่อ) ยี่งอ,31,NbW,เหนือค่อนประจิม,348.75,,— ว่าง —,,,,,,
south-facilities:9604/6,สถานีตำรวจ สถานีตำรวจยี่งอ,0,N,อุดร (เหนือ),0.0,,— ว่าง —,,,,,,
south-facilities:9604/6,สถานีตำรวจ สถานีตำรวจยี่งอ,1,NbE,เหนือค่อนอีสาน,11.25,south-facilities:9601/2,สถานีตำรวจ (ไม่ระบุชื่อ) เมืองนราธิวาส,สถานีตำรวจ,15.794,22.459,1.422,44.22725946585651,174.65769624031878
south-facilities:9604/6,สถานีตำรวจ สถานีตำรวจยี่งอ,2,NNE,เหนือ-อีสาน,22.5,,— ว่าง —,,,,,,
south-facilities:9604/6,สถานีตำรวจ สถานีตำรวจยี่งอ,3,NEbN,อีสานค่อนเหนือ,33.75,,— ว่าง —,,,,,,
south-facilities:9604/6,สถานีตำรวจ สถานีตำรวจยี่งอ,4,NE,อีสาน (ตอ.เฉียงเหนือ),45.0,south-facilities:9601/7,ด่านตรวจ (ไม่ระบุชื่อ) เมืองนราธิวาส,ด่านตรวจ,11.502,18.269,1.588,44.22725946585651,0.04447797058612646
south-facilities:9604/6,สถานีตำรวจ สถานีตำรวจยี่งอ,5,NEbE,อีสานค่อนบูรพา,56.25,south-facilities:9601/13,โรงพยาบาล (ไม่ระบุชื่อ) เมืองนราธิวาส,โรงพยาบาล,10.442,15.519,1.486,44.22725946585651,136.44831162335524
south-facilities:9604/6,สถานีตำรวจ สถานีตำรวจยี่งอ,6,ENE,บูรพา-อีสาน,67.5,south-facilities:9601/9,ด่านตรวจ (ไม่ระบุชื่อ) เมืองนราธิวาส,ด่านตรวจ,10.315,15.642,1.516,44.22725946585651,0.040014440829194836
south-facilities:9604/6,สถานีตำรวจ สถานีตำรวจยี่งอ,7,EbN,บูรพาค่อนเหนือ,78.75,south-facilities:9601/8,ด่านตรวจ (ไม่ระบุชื่อ) เมืองนราธิวาส,ด่านตรวจ,11.197,13.855,1.237,44.22725946585651,0.03314931417137172
south-facilities:9604/6,สถานีตำรวจ สถานีตำรวจยี่งอ,8,E,บูรพา (ตะวันออก),90.0,south-facilities:9604/5,ด่านตรวจ (ไม่ระบุชื่อ) ยี่งอ,ด่านตรวจ,4.258,7.466,1.753,44.22725946585651,0.03991881780677653
south-facilities:9604/6,สถานีตำรวจ สถานีตำรวจยี่งอ,9,EbS,บูรพาค่อนใต้,101.25,south-facilities:9604/2,ด่านตรวจ (ไม่ระบุชื่อ) ยี่งอ,ด่านตรวจ,0.232,0.275,1.187,44.22725946585651,15.088535386528765
south-facilities:9604/6,สถานีตำรวจ สถานีตำรวจยี่งอ,10,ESE,บูรพา-อาคเนย์,112.5,,— ว่าง —,,,,,,
south-facilities:9604/6,สถานีตำรวจ สถานีตำรวจยี่งอ,11,SEbE,อาคเนย์ค่อนบูรพา,123.75,,— ว่าง —,,,,,,
south-facilities:9604/6,สถานีตำรวจ สถานีตำรวจยี่งอ,12,SE,อาคเนย์ (ตอ.เฉียงใต้),135.0,,— ว่าง —,,,,,,
south-facilities:9604/6,สถานีตำรวจ สถานีตำรวจยี่งอ,13,SEbS,อาคเนย์ค่อนใต้,146.25,south-facilities:9613,โรงพยาบาล โรงพยาบาลเจาะไอร้อง,โรงพยาบาล,22.952,26.698,1.163,44.22725946585651,145.55845886309527
south-facilities:9604/6,สถานีตำรวจ สถานีตำรวจยี่งอ,14,SSE,ใต้-อาคเนย์,157.5,,— ว่าง —,,,,,,
south-facilities:9604/6,สถานีตำรวจ สถานีตำรวจยี่งอ,15,SbE,ใต้ค่อนบูรพา,168.75,south-facilities:9605/3,โรงพยาบาล โรงพยาบาลระแงะ,โรงพยาบาล,11.948,13.391,1.121,44.22725946585651,85.95744521056331
south-facilities:9604/6,สถานีตำรวจ สถานีตำรวจยี่งอ,16,S,ทักษิณ (ใต้),180.0,,— ว่าง —,,,,,,
south-facilities:9604/6,สถานีตำรวจ สถานีตำรวจยี่งอ,17,SbW,ใต้ค่อนประจิม,191.25,,— ว่าง —,,,,,,
south-facilities:9604/6,สถานีตำรวจ สถานีตำรวจยี่งอ,18,SSW,ใต้-หรดี,202.5,,— ว่าง —,,,,,,
south-facilities:9604/6,สถานีตำรวจ สถานีตำรวจยี่งอ,19,SWbS,หรดีค่อนใต้,213.75,,— ว่าง —,,,,,,
south-facilities:9604/6,สถานีตำรวจ สถานีตำรวจยี่งอ,20,SW,หรดี (ตต.เฉียงใต้),225.0,south-facilities:9605/2,ด่านตรวจ (ไม่ระบุชื่อ) ระแงะ,ด่านตรวจ,11.037,13.075,1.185,44.22725946585651,0.05547532425754493
south-facilities:9604/6,สถานีตำรวจ สถานีตำรวจยี่งอ,21,SWbW,หรดีค่อนประจิม,236.25,south-facilities:9604,โรงพยาบาล โรงพยาบาล​ยี่งอเฉลิม​พระเกียรติ​ 80 พรรษา,โรงพยาบาล,2.136,2.526,1.182,44.22725946585651,34.4785964036298
south-facilities:9604/6,สถานีตำรวจ สถานีตำรวจยี่งอ,22,WSW,ประจิม-หรดี,247.5,south-facilities:9606,ด่านตรวจ (ไม่ระบุชื่อ) รือเสาะ,ด่านตรวจ,15.462,21.371,1.382,44.22725946585651,0.0
south-facilities:9604/6,สถานีตำรวจ สถานีตำรวจยี่งอ,23,WbS,ประจิมค่อนใต้,258.75,south-facilities:9606/4,ด่านตรวจ (ไม่ระบุชื่อ) รือเสาะ,ด่านตรวจ,19.513,28.513,1.461,44.22725946585651,0.04583029052486393
south-facilities:9604/6,สถานีตำรวจ สถานีตำรวจยี่งอ,24,W,ประจิม (ตะวันตก),270.0,south-facilities:9606/5,ด่านตรวจ (ไม่ระบุชื่อ) รือเสาะ,ด่านตรวจ,20.987,30.731,1.464,44.22725946585651,0.045577771105559106
south-facilities:9604/6,สถานีตำรวจ สถานีตำรวจยี่งอ,25,WbN,ประจิมค่อนเหนือ,281.25,south-facilities:9606/6,ด่านตรวจ (ไม่ระบุชื่อ) รือเสาะ,ด่านตรวจ,22.515,33.844,1.503,44.22725946585651,0.024739096025065188
south-facilities:9604/6,สถานีตำรวจ สถานีตำรวจยี่งอ,26,WNW,ประจิม-พายัพ,292.5,,— ว่าง —,,,,,,
south-facilities:9604/6,สถานีตำรวจ สถานีตำรวจยี่งอ,27,NWbW,พายัพค่อนประจิม,303.75,,— ว่าง —,,,,,,
south-facilities:9604/6,สถานีตำรวจ สถานีตำรวจยี่งอ,28,NW,พายัพ (ตต.เฉียงเหนือ),315.0,south-facilities:9604/4,ด่านตรวจ (ไม่ระบุชื่อ) ยี่งอ,ด่านตรวจ,7.016,8.751,1.247,44.22725946585651,0.024832605752899573
south-facilities:9604/6,สถานีตำรวจ สถานีตำรวจยี่งอ,29,NWbN,พายัพค่อนเหนือ,326.25,,— ว่าง —,,,,,,
south-facilities:9604/6,สถานีตำรวจ สถานีตำรวจยี่งอ,30,NNW,เหนือ-พายัพ,337.5,south-facilities:9603,โรงพยาบาล โรงพยาบาลบาเจาะ,โรงพยาบาล,12.42,16.515,1.33,44.22725946585651,57.37414587941606
south-facilities:9604/6,สถานีตำรวจ สถานีตำรวจยี่งอ,31,NbW,เหนือค่อนประจิม,348.75,south-facilities:9408,โรงพยาบาล โรงพยาบาลไม้แก่น,โรงพยาบาล,23.634,31.669,1.34,44.22725946585651,59.25526141909616
south-facilities:9605,ด่านตรวจ (ไม่ระบุชื่อ) ระแงะ,0,N,อุดร (เหนือ),0.0,,— ว่าง —,,,,,,
south-facilities:9605,ด่านตรวจ (ไม่ระบุชื่อ) ระแงะ,1,NbE,เหนือค่อนอีสาน,11.25,south-facilities:9604/4,ด่านตรวจ (ไม่ระบุชื่อ) ยี่งอ,ด่านตรวจ,12.002,20.471,1.706,0.07093434087537026,0.024832605752899573
south-facilities:9605,ด่านตรวจ (ไม่ระบุชื่อ) ระแงะ,2,NNE,เหนือ-อีสาน,22.5,,— ว่าง —,,,,,,
south-facilities:9605,ด่านตรวจ (ไม่ระบุชื่อ) ระแงะ,3,NEbN,อีสานค่อนเหนือ,33.75,,— ว่าง —,,,,,,
south-facilities:9605,ด่านตรวจ (ไม่ระบุชื่อ) ระแงะ,4,NE,อีสาน (ตอ.เฉียงเหนือ),45.0,south-facilities:9604,โรงพยาบาล โรงพยาบาล​ยี่งอเฉลิม​พระเกียรติ​ 80 พรรษา,โรงพยาบาล,8.955,10.621,1.186,0.07093434087537026,34.4785964036298
south-facilities:9605,ด่านตรวจ (ไม่ระบุชื่อ) ระแงะ,5,NEbE,อีสานค่อนบูรพา,56.25,south-facilities:9604/2,ด่านตรวจ (ไม่ระบุชื่อ) ยี่งอ,ด่านตรวจ,11.192,13.071,1.168,0.07093434087537026,15.088535386528765
south-facilities:9605,ด่านตรวจ (ไม่ระบุชื่อ) ระแงะ,6,ENE,บูรพา-อีสาน,67.5,south-facilities:9601/12,สถานีตำรวจ (ไม่ระบุชื่อ) เมืองนราธิวาส,สถานีตำรวจ,20.237,24.909,1.231,0.07093434087537026,9.945097133911325
south-facilities:9605,ด่านตรวจ (ไม่ระบุชื่อ) ระแงะ,7,EbN,บูรพาค่อนเหนือ,78.75,,— ว่าง —,,,,,,
south-facilities:9605,ด่านตรวจ (ไม่ระบุชื่อ) ระแงะ,8,E,บูรพา (ตะวันออก),90.0,,— ว่าง —,,,,,,
south-facilities:9605,ด่านตรวจ (ไม่ระบุชื่อ) ระแงะ,9,EbS,บูรพาค่อนใต้,101.25,,— ว่าง —,,,,,,
south-facilities:9605,ด่านตรวจ (ไม่ระบุชื่อ) ระแงะ,10,ESE,บูรพา-อาคเนย์,112.5,south-facilities:9605/3,โรงพยาบาล โรงพยาบาลระแงะ,โรงพยาบาล,11.427,15.861,1.388,0.07093434087537026,85.95744521056331
south-facilities:9605,ด่านตรวจ (ไม่ระบุชื่อ) ระแงะ,11,SEbE,อาคเนย์ค่อนบูรพา,123.75,south-facilities:9605/2,ด่านตรวจ (ไม่ระบุชื่อ) ระแงะ,ด่านตรวจ,0.053,0.053,1.001,0.07093434087537026,0.05547532425754493
south-facilities:9605,ด่านตรวจ (ไม่ระบุชื่อ) ระแงะ,12,SE,อาคเนย์ (ตอ.เฉียงใต้),135.0,,— ว่าง —,,,,,,
south-facilities:9605,ด่านตรวจ (ไม่ระบุชื่อ) ระแงะ,13,SEbS,อาคเนย์ค่อนใต้,146.25,,— ว่าง —,,,,,,
south-facilities:9605,ด่านตรวจ (ไม่ระบุชื่อ) ระแงะ,14,SSE,ใต้-อาคเนย์,157.5,south-facilities:9612,โรงพยาบาล โรงพยาบาลจะแนะ,โรงพยาบาล,24.269,37.994,1.566,0.07093434087537026,54.81603764306187
south-facilities:9605,ด่านตรวจ (ไม่ระบุชื่อ) ระแงะ,15,SbE,ใต้ค่อนบูรพา,168.75,,— ว่าง —,,,,,,
south-facilities:9605,ด่านตรวจ (ไม่ระบุชื่อ) ระแงะ,16,S,ทักษิณ (ใต้),180.0,,— ว่าง —,,,,,,
south-facilities:9605,ด่านตรวจ (ไม่ระบุชื่อ) ระแงะ,17,SbW,ใต้ค่อนประจิม,191.25,,— ว่าง —,,,,,,
south-facilities:9605,ด่านตรวจ (ไม่ระบุชื่อ) ระแงะ,18,SSW,ใต้-หรดี,202.5,,— ว่าง —,,,,,,
south-facilities:9605,ด่านตรวจ (ไม่ระบุชื่อ) ระแงะ,19,SWbS,หรดีค่อนใต้,213.75,,— ว่าง —,,,,,,
south-facilities:9605,ด่านตรวจ (ไม่ระบุชื่อ) ระแงะ,20,SW,หรดี (ตต.เฉียงใต้),225.0,,— ว่าง —,,,,,,
south-facilities:9605,ด่านตรวจ (ไม่ระบุชื่อ) ระแงะ,21,SWbW,หรดีค่อนประจิม,236.25,south-facilities:9607,โรงพยาบาล โรงพยาบาลศรีสาคร,โรงพยาบาล,18.42,28.184,1.53,0.07093434087537026,66.88629971614526
south-facilities:9605,ด่านตรวจ (ไม่ระบุชื่อ) ระแงะ,22,WSW,ประจิม-หรดี,247.5,,— ว่าง —,,,,,,
south-facilities:9605,ด่านตรวจ (ไม่ระบุชื่อ) ระแงะ,23,WbS,ประจิมค่อนใต้,258.75,,— ว่าง —,,,,,,
south-facilities:9605,ด่านตรวจ (ไม่ระบุชื่อ) ระแงะ,24,W,ประจิม (ตะวันตก),270.0,,— ว่าง —,,,,,,
south-facilities:9605,ด่านตรวจ (ไม่ระบุชื่อ) ระแงะ,25,WbN,ประจิมค่อนเหนือ,281.25,south-facilities:9606,ด่านตรวจ (ไม่ระบุชื่อ) รือเสาะ,ด่านตรวจ,6.324,8.244,1.304,0.07093434087537026,0.0
south-facilities:9605,ด่านตรวจ (ไม่ระบุชื่อ) ระแงะ,26,WNW,ประจิม-พายัพ,292.5,south-facilities:9606/8,สถานีดับเพลิง สถานีดับเพลิงรือเสาะ,สถานีดับเพลิง,13.983,20.91,1.495,0.07093434087537026,84.00923147400258
south-facilities:9605,ด่านตรวจ (ไม่ระบุชื่อ) ระแงะ,27,NWbW,พายัพค่อนประจิม,303.75,south-facilities:9606/5,ด่านตรวจ (ไม่ระบุชื่อ) รือเสาะ,ด่านตรวจ,14.352,21.848,1.522,0.07093434087537026,0.045577771105559106
south-facilities:9605,ด่านตรวจ (ไม่ระบุชื่อ) ระแงะ,28,NW,พายัพ (ตต.เฉียงเหนือ),315.0,south-facilities:9506,ด่านตรวจ (ไม่ระบุชื่อ) รามัน,ด่านตรวจ,21.702,31.4,1.447,0.07093434087537026,0.045571707208110414
south-facilities:9605,ด่านตรวจ (ไม่ระบุชื่อ) ระแงะ,29,NWbN,พายัพค่อนเหนือ,326.25,,— ว่าง —,,,,,,
south-facilities:9605,ด่านตรวจ (ไม่ระบุชื่อ) ระแงะ,30,NNW,เหนือ-พายัพ,337.5,,— ว่าง —,,,,,,
south-facilities:9605,ด่านตรวจ (ไม่ระบุชื่อ) ระแงะ,31,NbW,เหนือค่อนประจิม,348.75,,— ว่าง —,,,,,,
south-facilities:9605/2,ด่านตรวจ (ไม่ระบุชื่อ) ระแงะ,0,N,อุดร (เหนือ),0.0,,— ว่าง —,,,,,,
south-facilities:9605/2,ด่านตรวจ (ไม่ระบุชื่อ) ระแงะ,1,NbE,เหนือค่อนอีสาน,11.25,south-facilities:9604/4,ด่านตรวจ (ไม่ระบุชื่อ) ยี่งอ,ด่านตรวจ,12.019,20.418,1.699,0.05547532425754493,0.024832605752899573
south-facilities:9605/2,ด่านตรวจ (ไม่ระบุชื่อ) ระแงะ,2,NNE,เหนือ-อีสาน,22.5,,— ว่าง —,,,,,,
south-facilities:9605/2,ด่านตรวจ (ไม่ระบุชื่อ) ระแงะ,3,NEbN,อีสานค่อนเหนือ,33.75,,— ว่าง —,,,,,,
south-facilities:9605/2,ด่านตรวจ (ไม่ระบุชื่อ) ระแงะ,4,NE,อีสาน (ตอ.เฉียงเหนือ),45.0,south-facilities:9604,โรงพยาบาล โรงพยาบาล​ยี่งอเฉลิม​พระเกียรติ​ 80 พรรษา,โรงพยาบาล,8.943,10.568,1.182,0.05547532425754493,34.4785964036298
south-facilities:9605/2,ด่านตรวจ (ไม่ระบุชื่อ) ระแงะ,5,NEbE,อีสานค่อนบูรพา,56.25,south-facilities:9604/2,ด่านตรวจ (ไม่ระบุชื่อ) ยี่งอ,ด่านตรวจ,11.177,13.018,1.165,0.05547532425754493,15.088535386528765
south-facilities:9605/2,ด่านตรวจ (ไม่ระบุชื่อ) ระแงะ,6,ENE,บูรพา-อีสาน,67.5,south-facilities:9601/12,สถานีตำรวจ (ไม่ระบุชื่อ) เมืองนราธิวาส,สถานีตำรวจ,20.209,24.857,1.23,0.05547532425754493,9.945097133911325
south-facilities:9605/2,ด่านตรวจ (ไม่ระบุชื่อ) ระแงะ,7,EbN,บูรพาค่อนเหนือ,78.75,,— ว่าง —,,,,,,
south-facilities:9605/2,ด่านตรวจ (ไม่ระบุชื่อ) ระแงะ,8,E,บูรพา (ตะวันออก),90.0,,— ว่าง —,,,,,,
south-facilities:9605/2,ด่านตรวจ (ไม่ระบุชื่อ) ระแงะ,9,EbS,บูรพาค่อนใต้,101.25,,— ว่าง —,,,,,,
south-facilities:9605/2,ด่านตรวจ (ไม่ระบุชื่อ) ระแงะ,10,ESE,บูรพา-อาคเนย์,112.5,south-facilities:9605/3,โรงพยาบาล โรงพยาบาลระแงะ,โรงพยาบาล,11.376,15.809,1.39,0.05547532425754493,85.95744521056331
south-facilities:9605/2,ด่านตรวจ (ไม่ระบุชื่อ) ระแงะ,11,SEbE,อาคเนย์ค่อนบูรพา,123.75,south-facilities:9613,โรงพยาบาล โรงพยาบาลเจาะไอร้อง,โรงพยาบาล,23.381,29.115,1.245,0.05547532425754493,145.55845886309527
south-facilities:9605/2,ด่านตรวจ (ไม่ระบุชื่อ) ระแงะ,12,SE,อาคเนย์ (ตอ.เฉียงใต้),135.0,,— ว่าง —,,,,,,
south-facilities:9605/2,ด่านตรวจ (ไม่ระบุชื่อ) ระแงะ,13,SEbS,อาคเนย์ค่อนใต้,146.25,,— ว่าง —,,,,,,
south-facilities:9605/2,ด่านตรวจ (ไม่ระบุชื่อ) ระแงะ,14,SSE,ใต้-อาคเนย์,157.5,south-facilities:9612,โรงพยาบาล โรงพยาบาลจะแนะ,โรงพยาบาล,24.228,37.942,1.566,0.05547532425754493,54.81603764306187
south-facilities:9605/2,ด่านตรวจ (ไม่ระบุชื่อ) ระแงะ,15,SbE,ใต้ค่อนบูรพา,168.75,,— ว่าง —,,,,,,
south-facilities:9605/2,ด่านตรวจ (ไม่ระบุชื่อ) ระแงะ,16,S,ทักษิณ (ใต้),180.0,,— ว่าง —,,,,,,
south-facilities:9605/2,ด่านตรวจ (ไม่ระบุชื่อ) ระแงะ,17,SbW,ใต้ค่อนประจิม,191.25,,— ว่าง —,,,,,,
south-facilities:9605/2,ด่านตรวจ (ไม่ระบุชื่อ) ระแงะ,18,SSW,ใต้-หรดี,202.5,,— ว่าง —,,,,,,
south-facilities:9605/2,ด่านตรวจ (ไม่ระบุชื่อ) ระแงะ,19,SWbS,หรดีค่อนใต้,213.75,,— ว่าง —,,,,,,
south-facilities:9605/2,ด่านตรวจ (ไม่ระบุชื่อ) ระแงะ,20,SW,หรดี (ตต.เฉียงใต้),225.0,,— ว่าง —,,,,,,
south-facilities:9605/2,ด่านตรวจ (ไม่ระบุชื่อ) ระแงะ,21,SWbW,หรดีค่อนประจิม,236.25,south-facilities:9607,โรงพยาบาล โรงพยาบาลศรีสาคร,โรงพยาบาล,18.438,28.236,1.531,0.05547532425754493,66.88629971614526
south-facilities:9605/2,ด่านตรวจ (ไม่ระบุชื่อ) ระแงะ,22,WSW,ประจิม-หรดี,247.5,,— ว่าง —,,,,,,
south-facilities:9605/2,ด่านตรวจ (ไม่ระบุชื่อ) ระแงะ,23,WbS,ประจิมค่อนใต้,258.75,,— ว่าง —,,,,,,
south-facilities:9605/2,ด่านตรวจ (ไม่ระบุชื่อ) ระแงะ,24,W,ประจิม (ตะวันตก),270.0,,— ว่าง —,,,,,,
south-facilities:9605/2,ด่านตรวจ (ไม่ระบุชื่อ) ระแงะ,25,WbN,ประจิมค่อนเหนือ,281.25,south-facilities:9606,ด่านตรวจ (ไม่ระบุชื่อ) รือเสาะ,ด่านตรวจ,6.374,8.296,1.302,0.05547532425754493,0.0
south-facilities:9605/2,ด่านตรวจ (ไม่ระบุชื่อ) ระแงะ,26,WNW,ประจิม-พายัพ,292.5,south-facilities:9606/8,สถานีดับเพลิง สถานีดับเพลิงรือเสาะ,สถานีดับเพลิง,14.035,20.963,1.494,0.05547532425754493,84.00923147400258
south-facilities:9605/2,ด่านตรวจ (ไม่ระบุชื่อ) ระแงะ,27,NWbW,พายัพค่อนประจิม,303.75,south-facilities:9605,ด่านตรวจ (ไม่ระบุชื่อ) ระแงะ,ด่านตรวจ,0.053,0.053,1.001,0.05547532425754493,0.07093434087537026
south-facilities:9605/2,ด่านตรวจ (ไม่ระบุชื่อ) ระแงะ,28,NW,พายัพ (ตต.เฉียงเหนือ),315.0,south-facilities:9506,ด่านตรวจ (ไม่ระบุชื่อ) รามัน,ด่านตรวจ,21.754,31.453,1.446,0.05547532425754493,0.045571707208110414
south-facilities:9605/2,ด่านตรวจ (ไม่ระบุชื่อ) ระแงะ,29,NWbN,พายัพค่อนเหนือ,326.25,,— ว่าง —,,,,,,
south-facilities:9605/2,ด่านตรวจ (ไม่ระบุชื่อ) ระแงะ,30,NNW,เหนือ-พายัพ,337.5,,— ว่าง —,,,,,,
south-facilities:9605/2,ด่านตรวจ (ไม่ระบุชื่อ) ระแงะ,31,NbW,เหนือค่อนประจิม,348.75,,— ว่าง —,,,,,,
south-facilities:9605/3,โรงพยาบาล โรงพยาบาลระแงะ,0,N,อุดร (เหนือ),0.0,,— ว่าง —,,,,,,
south-facilities:9605/3,โรงพยาบาล โรงพยาบาลระแงะ,1,NbE,เหนือค่อนอีสาน,11.25,south-facilities:9604/5,ด่านตรวจ (ไม่ระบุชื่อ) ยี่งอ,ด่านตรวจ,12.193,14.874,1.22,85.95744521056331,0.03991881780677653
south-facilities:9605/3,โรงพยาบาล โรงพยาบาลระแงะ,2,NNE,เหนือ-อีสาน,22.5,south-facilities:9601/9,ด่านตรวจ (ไม่ระบุชื่อ) เมืองนราธิวาส,ด่านตรวจ,16.843,22.406,1.33,85.95744521056331,0.040014440829194836
south-facilities:9605/3,โรงพยาบาล โรงพยาบาลระแงะ,3,NEbN,อีสานค่อนเหนือ,33.75,south-facilities:9601/12,สถานีตำรวจ (ไม่ระบุชื่อ) เมืองนราธิวาส,สถานีตำรวจ,14.975,18.878,1.261,85.95744521056331,9.945097133911325
south-facilities:9605/3,โรงพยาบาล โรงพยาบาลระแงะ,4,NE,อีสาน (ตอ.เฉียงเหนือ),45.0,south-facilities:9601/11,รพ.สต./สถานีอนามัย Narathiwat Hospital,รพ.สต./สถานีอนามัย,16.856,17.695,1.05,85.95744521056331,39.461257807225174
south-facilities:9605/3,โรงพยาบาล โรงพยาบาลระแงะ,5,NEbE,อีสานค่อนบูรพา,56.25,south-facilities:9601/3,สถานีตำรวจ Khao Tan Yong police station,สถานีตำรวจ,21.051,25.878,1.229,85.95744521056331,100.28972323324092
south-facilities:9605/3,โรงพยาบาล โรงพยาบาลระแงะ,6,ENE,บูรพา-อีสาน,67.5,,— ว่าง —,,,,,,
south-facilities:9605/3,โรงพยาบาล โรงพยาบาลระแงะ,7,EbN,บูรพาค่อนเหนือ,78.75,,— ว่าง —,,,,,,
south-facilities:9605/3,โรงพยาบาล โรงพยาบาลระแงะ,8,E,บูรพา (ตะวันออก),90.0,,— ว่าง —,,,,,,
south-facilities:9605/3,โรงพยาบาล โรงพยาบาลระแงะ,9,EbS,บูรพาค่อนใต้,101.25,,— ว่าง —,,,,,,
south-facilities:9605/3,โรงพยาบาล โรงพยาบาลระแงะ,10,ESE,บูรพา-อาคเนย์,112.5,,— ว่าง —,,,,,,
south-facilities:9605/3,โรงพยาบาล โรงพยาบาลระแงะ,11,SEbE,อาคเนย์ค่อนบูรพา,123.75,,— ว่าง —,,,,,,
south-facilities:9605/3,โรงพยาบาล โรงพยาบาลระแงะ,12,SE,อาคเนย์ (ตอ.เฉียงใต้),135.0,south-facilities:9613,โรงพยาบาล โรงพยาบาลเจาะไอร้อง,โรงพยาบาล,12.315,13.644,1.108,85.95744521056331,145.55845886309527
south-facilities:9605/3,โรงพยาบาล โรงพยาบาลระแงะ,13,SEbS,อาคเนย์ค่อนใต้,146.25,,— ว่าง —,,,,,,
south-facilities:9605/3,โรงพยาบาล โรงพยาบาลระแงะ,14,SSE,ใต้-อาคเนย์,157.5,,— ว่าง —,,,,,,
south-facilities:9605/3,โรงพยาบาล โรงพยาบาลระแงะ,15,SbE,ใต้ค่อนบูรพา,168.75,,— ว่าง —,,,,,,
south-facilities:9605/3,โรงพยาบาล โรงพยาบาลระแงะ,16,S,ทักษิณ (ใต้),180.0,,— ว่าง —,,,,,,
south-facilities:9605/3,โรงพยาบาล โรงพยาบาลระแงะ,17,SbW,ใต้ค่อนประจิม,191.25,south-facilities:9612,โรงพยาบาล โรงพยาบาลจะแนะ,โรงพยาบาล,18.819,22.133,1.176,85.95744521056331,54.81603764306187
south-facilities:9605/3,โรงพยาบาล โรงพยาบาลระแงะ,18,SSW,ใต้-หรดี,202.5,,— ว่าง —,,,,,,
south-facilities:9605/3,โรงพยาบาล โรงพยาบาลระแงะ,19,SWbS,หรดีค่อนใต้,213.75,,— ว่าง —,,,,,,
south-facilities:9605/3,โรงพยาบาล โรงพยาบาลระแงะ,20,SW,หรดี (ตต.เฉียงใต้),225.0,,— ว่าง —,,,,,,
south-facilities:9605/3,โรงพยาบาล โรงพยาบาลระแงะ,21,SWbW,หรดีค่อนประจิม,236.25,,— ว่าง —,,,,,,
south-facilities:9605/3,โรงพยาบาล โรงพยาบาลระแงะ,22,WSW,ประจิม-หรดี,247.5,,— ว่าง —,,,,,,
south-facilities:9605/3,โรงพยาบาล โรงพยาบาลระแงะ,23,WbS,ประจิมค่อนใต้,258.75,,— ว่าง —,,,,,,
south-facilities:9605/3,โรงพยาบาล โรงพยาบาลระแงะ,24,W,ประจิม (ตะวันตก),270.0,,— ว่าง —,,,,,,
south-facilities:9605/3,โรงพยาบาล โรงพยาบาลระแงะ,25,WbN,ประจิมค่อนเหนือ,281.25,,— ว่าง —,,,,,,
south-facilities:9605/3,โรงพยาบาล โรงพยาบาลระแงะ,26,WNW,ประจิม-พายัพ,292.5,south-facilities:9605/2,ด่านตรวจ (ไม่ระบุชื่อ) ระแงะ,ด่านตรวจ,11.376,15.809,1.39,85.95744521056331,0.05547532425754493
south-facilities:9605/3,โรงพยาบาล โรงพยาบาลระแงะ,27,NWbW,พายัพค่อนประจิม,303.75,,— ว่าง —,,,,,,
south-facilities:9605/3,โรงพยาบาล โรงพยาบาลระแงะ,28,NW,พายัพ (ตต.เฉียงเหนือ),315.0,,— ว่าง —,,,,,,
south-facilities:9605/3,โรงพยาบาล โรงพยาบาลระแงะ,29,NWbN,พายัพค่อนเหนือ,326.25,,— ว่าง —,,,,,,
south-facilities:9605/3,โรงพยาบาล โรงพยาบาลระแงะ,30,NNW,เหนือ-พายัพ,337.5,south-facilities:9604,โรงพยาบาล โรงพยาบาล​ยี่งอเฉลิม​พระเกียรติ​ 80 พรรษา,โรงพยาบาล,11.377,14.534,1.278,85.95744521056331,34.4785964036298
south-facilities:9605/3,โรงพยาบาล โรงพยาบาลระแงะ,31,NbW,เหนือค่อนประจิม,348.75,south-facilities:9604/2,ด่านตรวจ (ไม่ระบุชื่อ) ยี่งอ,ด่านตรวจ,11.862,13.348,1.125,85.95744521056331,15.088535386528765
south-facilities:9606,ด่านตรวจ (ไม่ระบุชื่อ) รือเสาะ,0,N,อุดร (เหนือ),0.0,,— ว่าง —,,,,,,
south-facilities:9606,ด่านตรวจ (ไม่ระบุชื่อ) รือเสาะ,1,NbE,เหนือค่อนอีสาน,11.25,,— ว่าง —,,,,,,
south-facilities:9606,ด่านตรวจ (ไม่ระบุชื่อ) รือเสาะ,2,NNE,เหนือ-อีสาน,22.5,,— ว่าง —,,,,,,
south-facilities:9606,ด่านตรวจ (ไม่ระบุชื่อ) รือเสาะ,3,NEbN,อีสานค่อนเหนือ,33.75,south-facilities:9603,โรงพยาบาล โรงพยาบาลบาเจาะ,โรงพยาบาล,18.793,36.48,1.941,0.0,57.37414587941606
south-facilities:9606,ด่านตรวจ (ไม่ระบุชื่อ) รือเสาะ,4,NE,อีสาน (ตอ.เฉียงเหนือ),45.0,south-facilities:9604/4,ด่านตรวจ (ไม่ระบุชื่อ) ยี่งอ,ด่านตรวจ,13.397,28.715,2.143,0.0,0.024832605752899573
south-facilities:9606,ด่านตรวจ (ไม่ระบุชื่อ) รือเสาะ,5,NEbE,อีสานค่อนบูรพา,56.25,,— ว่าง —,,,,,,
south-facilities:9606,ด่านตรวจ (ไม่ระบุชื่อ) รือเสาะ,6,ENE,บูรพา-อีสาน,67.5,south-facilities:9604,โรงพยาบาล โรงพยาบาล​ยี่งอเฉลิม​พระเกียรติ​ 80 พรรษา,โรงพยาบาล,13.362,18.864,1.412,0.0,34.4785964036298
south-facilities:9606,ด่านตรวจ (ไม่ระบุชื่อ) รือเสาะ,7,EbN,บูรพาค่อนเหนือ,78.75,south-facilities:9604/5,ด่านตรวจ (ไม่ระบุชื่อ) ยี่งอ,ด่านตรวจ,19.564,28.505,1.457,0.0,0.03991881780677653
south-facilities:9606,ด่านตรวจ (ไม่ระบุชื่อ) รือเสาะ,8,E,บูรพา (ตะวันออก),90.0,,— ว่าง —,,,,,,
south-facilities:9606,ด่านตรวจ (ไม่ระบุชื่อ) รือเสาะ,9,EbS,บูรพาค่อนใต้,101.25,south-facilities:9605,ด่านตรวจ (ไม่ระบุชื่อ) ระแงะ,ด่านตรวจ,6.324,8.244,1.304,0.0,0.07093434087537026
south-facilities:9606,ด่านตรวจ (ไม่ระบุชื่อ) รือเสาะ,10,ESE,บูรพา-อาคเนย์,112.5,south-facilities:9605/3,โรงพยาบาล โรงพยาบาลระแงะ,โรงพยาบาล,17.715,24.105,1.361,0.0,85.95744521056331
south-facilities:9606,ด่านตรวจ (ไม่ระบุชื่อ) รือเสาะ,11,SEbE,อาคเนย์ค่อนบูรพา,123.75,,— ว่าง —,,,,,,
south-facilities:9606,ด่านตรวจ (ไม่ระบุชื่อ) รือเสาะ,12,SE,อาคเนย์ (ตอ.เฉียงใต้),135.0,,— ว่าง —,,,,,,
south-facilities:9606,ด่านตรวจ (ไม่ระบุชื่อ) รือเสาะ,13,SEbS,อาคเนย์ค่อนใต้,146.25,,— ว่าง —,,,,,,
south-facilities:9606,ด่านตรวจ (ไม่ระบุชื่อ) รือเสาะ,14,SSE,ใต้-อาคเนย์,157.5,,— ว่าง —,,,,,,
south-facilities:9606,ด่านตรวจ (ไม่ระบุชื่อ) รือเสาะ,15,SbE,ใต้ค่อนบูรพา,168.75,,— ว่าง —,,,,,,
south-facilities:9606,ด่านตรวจ (ไม่ระบุชื่อ) รือเสาะ,16,S,ทักษิณ (ใต้),180.0,,— ว่าง —,,,,,,
south-facilities:9606,ด่านตรวจ (ไม่ระบุชื่อ) รือเสาะ,17,SbW,ใต้ค่อนประจิม,191.25,,— ว่าง —,,,,,,
south-facilities:9606,ด่านตรวจ (ไม่ระบุชื่อ) รือเสาะ,18,SSW,ใต้-หรดี,202.5,,— ว่าง —,,,,,,
south-facilities:9606,ด่านตรวจ (ไม่ระบุชื่อ) รือเสาะ,19,SWbS,หรดีค่อนใต้,213.75,south-facilities:9607,โรงพยาบาล โรงพยาบาลศรีสาคร,โรงพยาบาล,15.489,19.94,1.287,0.0,66.88629971614526
south-facilities:9606,ด่านตรวจ (ไม่ระบุชื่อ) รือเสาะ,20,SW,หรดี (ตต.เฉียงใต้),225.0,,— ว่าง —,,,,,,
south-facilities:9606,ด่านตรวจ (ไม่ระบุชื่อ) รือเสาะ,21,SWbW,หรดีค่อนประจิม,236.25,,— ว่าง —,,,,,,
south-facilities:9606,ด่านตรวจ (ไม่ระบุชื่อ) รือเสาะ,22,WSW,ประจิม-หรดี,247.5,,— ว่าง —,,,,,,
south-facilities:9606,ด่านตรวจ (ไม่ระบุชื่อ) รือเสาะ,23,WbS,ประจิมค่อนใต้,258.75,,— ว่าง —,,,,,,
south-facilities:9606,ด่านตรวจ (ไม่ระบุชื่อ) รือเสาะ,24,W,ประจิม (ตะวันตก),270.0,,— ว่าง —,,,,,,
south-facilities:9606,ด่านตรวจ (ไม่ระบุชื่อ) รือเสาะ,25,WbN,ประจิมค่อนเหนือ,281.25,south-facilities:9606/4,ด่านตรวจ (ไม่ระบุชื่อ) รือเสาะ,ด่านตรวจ,4.432,7.142,1.611,0.0,0.04583029052486393
south-facilities:9606,ด่านตรวจ (ไม่ระบุชื่อ) รือเสาะ,26,WNW,ประจิม-พายัพ,292.5,south-facilities:9606/3,ด่านตรวจ (ไม่ระบุชื่อ) รือเสาะ,ด่านตรวจ,7.898,11.5,1.456,0.0,0.022100993314003683
south-facilities:9606,ด่านตรวจ (ไม่ระบุชื่อ) รือเสาะ,27,NWbW,พายัพค่อนประจิม,303.75,south-facilities:9606/8,สถานีดับเพลิง สถานีดับเพลิงรือเสาะ,สถานีดับเพลิง,7.815,12.667,1.621,0.0,84.00923147400258
south-facilities:9606,ด่านตรวจ (ไม่ระบุชื่อ) รือเสาะ,28,NW,พายัพ (ตต.เฉียงเหนือ),315.0,south-facilities:9606/6,ด่านตรวจ (ไม่ระบุชื่อ) รือเสาะ,ด่านตรวจ,10.995,16.717,1.52,0.0,0.024739096025065188
south-facilities:9606,ด่านตรวจ (ไม่ระบุชื่อ) รือเสาะ,29,NWbN,พายัพค่อนเหนือ,326.25,south-facilities:9506,ด่านตรวจ (ไม่ระบุชื่อ) รามัน,ด่านตรวจ,16.332,23.157,1.418,0.0,0.045571707208110414
south-facilities:9606,ด่านตรวจ (ไม่ระบุชื่อ) รือเสาะ,30,NNW,เหนือ-พายัพ,337.5,,— ว่าง —,,,,,,
south-facilities:9606,ด่านตรวจ (ไม่ระบุชื่อ) รือเสาะ,31,NbW,เหนือค่อนประจิม,348.75,south-facilities:9411,โรงพยาบาล โรงพยาบาลกะพ้อ,โรงพยาบาล,24.295,35.78,1.473,0.0,65.17763192168357
south-facilities:9606/2,โรงพยาบาล โรงพยาบาลรือเสาะ,0,N,อุดร (เหนือ),0.0,south-facilities:9606/6,ด่านตรวจ (ไม่ระบุชื่อ) รือเสาะ,ด่านตรวจ,5.277,6.257,1.186,90.45742102769908,0.024739096025065188
south-facilities:9606/2,โรงพยาบาล โรงพยาบาลรือเสาะ,1,NbE,เหนือค่อนอีสาน,11.25,south-facilities:9411,โรงพยาบาล โรงพยาบาลกะพ้อ,โรงพยาบาล,21.871,25.32,1.158,90.45742102769908,65.17763192168357
south-facilities:9606/2,โรงพยาบาล โรงพยาบาลรือเสาะ,2,NNE,เหนือ-อีสาน,22.5,south-facilities:9606/3,ด่านตรวจ (ไม่ระบุชื่อ) รือเสาะ,ด่านตรวจ,1.05,1.04,0.991,90.45742102769908,0.022100993314003683
south-facilities:9606/2,โรงพยาบาล โรงพยาบาลรือเสาะ,3,NEbN,อีสานค่อนเหนือ,33.75,south-facilities:9606/8,สถานีดับเพลิง สถานีดับเพลิงรือเสาะ,สถานีดับเพลิง,2.194,2.207,1.006,90.45742102769908,84.00923147400258
south-facilities:9606/2,โรงพยาบาล โรงพยาบาลรือเสาะ,4,NE,อีสาน (ตอ.เฉียงเหนือ),45.0,south-facilities:9603,โรงพยาบาล โรงพยาบาลบาเจาะ,โรงพยาบาล,21.769,37.913,1.742,90.45742102769908,57.37414587941606
south-facilities:9606/2,โรงพยาบาล โรงพยาบาลรือเสาะ,5,NEbE,อีสานค่อนบูรพา,56.25,,— ว่าง —,,,,,,
south-facilities:9606/2,โรงพยาบาล โรงพยาบาลรือเสาะ,6,ENE,บูรพา-อีสาน,67.5,south-facilities:9604/4,ด่านตรวจ (ไม่ระบุชื่อ) ยี่งอ,ด่านตรวจ,18.259,24.152,1.323,90.45742102769908,0.024832605752899573
south-facilities:9606/2,โรงพยาบาล โรงพยาบาลรือเสาะ,7,EbN,บูรพาค่อนเหนือ,78.75,south-facilities:9604/6,สถานีตำรวจ สถานีตำรวจยี่งอ,สถานีตำรวจ,22.275,33.495,1.504,90.45742102769908,44.22725946585651
south-facilities:9606/2,โรงพยาบาล โรงพยาบาลรือเสาะ,8,E,บูรพา (ตะวันออก),90.0,south-facilities:9604,โรงพยาบาล โรงพยาบาล​ยี่งอเฉลิม​พระเกียรติ​ 80 พรรษา,โรงพยาบาล,20.318,31.32,1.541,90.45742102769908,34.4785964036298
south-facilities:9606/2,โรงพยาบาล โรงพยาบาลรือเสาะ,9,EbS,บูรพาค่อนใต้,101.25,,— ว่าง —,,,,,,
south-facilities:9606/2,โรงพยาบาล โรงพยาบาลรือเสาะ,10,ESE,บูรพา-อาคเนย์,112.5,south-facilities:9606,ด่านตรวจ (ไม่ระบุชื่อ) รือเสาะ,ด่านตรวจ,7.939,12.456,1.569,90.45742102769908,0.0
south-facilities:9606/2,โรงพยาบาล โรงพยาบาลรือเสาะ,11,SEbE,อาคเนย์ค่อนบูรพา,123.75,south-facilities:9606/4,ด่านตรวจ (ไม่ระบุชื่อ) รือเสาะ,ด่านตรวจ,3.677,5.314,1.445,90.45742102769908,0.04583029052486393
south-facilities:9606/2,โรงพยาบาล โรงพยาบาลรือเสาะ,12,SE,อาคเนย์ (ตอ.เฉียงใต้),135.0,,— ว่าง —,,,,,,
south-facilities:9606/2,โรงพยาบาล โรงพยาบาลรือเสาะ,13,SEbS,อาคเนย์ค่อนใต้,146.25,,— ว่าง —,,,,,,
south-facilities:9606/2,โรงพยาบาล โรงพยาบาลรือเสาะ,14,SSE,ใต้-อาคเนย์,157.5,,— ว่าง —,,,,,,
south-facilities:9606/2,โรงพยาบาล โรงพยาบาลรือเสาะ,15,SbE,ใต้ค่อนบูรพา,168.75,,— ว่าง —,,,,,,
south-facilities:9606/2,โรงพยาบาล โรงพยาบาลรือเสาะ,16,S,ทักษิณ (ใต้),180.0,south-facilities:9607,โรงพยาบาล โรงพยาบาลศรีสาคร,โรงพยาบาล,15.265,16.035,1.05,90.45742102769908,66.88629971614526
south-facilities:9606/2,โรงพยาบาล โรงพยาบาลรือเสาะ,17,SbW,ใต้ค่อนประจิม,191.25,,— ว่าง —,,,,,,
south-facilities:9606/2,โรงพยาบาล โรงพยาบาลรือเสาะ,18,SSW,ใต้-หรดี,202.5,,— ว่าง —,,,,,,
south-facilities:9606/2,โรงพยาบาล โรงพยาบาลรือเสาะ,19,SWbS,หรดีค่อนใต้,213.75,,— ว่าง —,,,,,,
south-facilities:9606/2,โรงพยาบาล โรงพยาบาลรือเสาะ,20,SW,หรดี (ตต.เฉียงใต้),225.0,,— ว่าง —,,,,,,
south-facilities:9606/2,โรงพยาบาล โรงพยาบาลรือเสาะ,21,SWbW,หรดีค่อนประจิม,236.25,,— ว่าง —,,,,,,
south-facilities:9606/2,โรงพยาบาล โรงพยาบาลรือเสาะ,22,WSW,ประจิม-หรดี,247.5,,— ว่าง —,,,,,,
south-facilities:9606/2,โรงพยาบาล โรงพยาบาลรือเสาะ,23,WbS,ประจิมค่อนใต้,258.75,,— ว่าง —,,,,,,
south-facilities:9606/2,โรงพยาบาล โรงพยาบาลรือเสาะ,24,W,ประจิม (ตะวันตก),270.0,,— ว่าง —,,,,,,
south-facilities:9606/2,โรงพยาบาล โรงพยาบาลรือเสาะ,25,WbN,ประจิมค่อนเหนือ,281.25,,— ว่าง —,,,,,,
south-facilities:9606/2,โรงพยาบาล โรงพยาบาลรือเสาะ,26,WNW,ประจิม-พายัพ,292.5,,— ว่าง —,,,,,,
south-facilities:9606/2,โรงพยาบาล โรงพยาบาลรือเสาะ,27,NWbW,พายัพค่อนประจิม,303.75,,— ว่าง —,,,,,,
south-facilities:9606/2,โรงพยาบาล โรงพยาบาลรือเสาะ,28,NW,พายัพ (ตต.เฉียงเหนือ),315.0,south-facilities:9506/4,โรงพยาบาล โรงพยาบาลรามัน,โรงพยาบาล,14.731,21.332,1.448,90.45742102769908,45.37929517289792
south-facilities:9606/2,โรงพยาบาล โรงพยาบาลรือเสาะ,29,NWbN,พายัพค่อนเหนือ,326.25,south-facilities:9506/2,ด่านตรวจ (ไม่ระบุชื่อ) รามัน,ด่านตรวจ,24.358,41.415,1.7,90.45742102769908,0.022238985381478615
south-facilities:9606/2,โรงพยาบาล โรงพยาบาลรือเสาะ,30,NNW,เหนือ-พายัพ,337.5,,— ว่าง —,,,,,,
south-facilities:9606/2,โรงพยาบาล โรงพยาบาลรือเสาะ,31,NbW,เหนือค่อนประจิม,348.75,south-facilities:9606/7,โรงพยาบาล (ไม่ระบุชื่อ) รือเสาะ,โรงพยาบาล,6.167,7.183,1.165,90.45742102769908,31.00652475052335
south-facilities:9606/3,ด่านตรวจ (ไม่ระบุชื่อ) รือเสาะ,0,N,อุดร (เหนือ),0.0,,— ว่าง —,,,,,,
south-facilities:9606/3,ด่านตรวจ (ไม่ระบุชื่อ) รือเสาะ,1,NbE,เหนือค่อนอีสาน,11.25,south-facilities:9411,โรงพยาบาล โรงพยาบาลกะพ้อ,โรงพยาบาล,20.855,24.28,1.164,0.022100993314003683,65.17763192168357
south-facilities:9606/3,ด่านตรวจ (ไม่ระบุชื่อ) รือเสาะ,2,NNE,เหนือ-อีสาน,22.5,south-facilities:9606/5,ด่านตรวจ (ไม่ระบุชื่อ) รือเสาะ,ด่านตรวจ,1.953,2.105,1.078,0.022100993314003683,0.045577771105559106
south-facilities:9606/3,ด่านตรวจ (ไม่ระบุชื่อ) รือเสาะ,3,NEbN,อีสานค่อนเหนือ,33.75,south-facilities:9606/9,สถานีตำรวจ สถานีตำรวจรือเสาะ,สถานีตำรวจ,1.044,1.018,0.975,0.022100993314003683,43.11774472760165
south-facilities:9606/3,ด่านตรวจ (ไม่ระบุชื่อ) รือเสาะ,4,NE,อีสาน (ตอ.เฉียงเหนือ),45.0,,— ว่าง —,,,,,,
south-facilities:9606/3,ด่านตรวจ (ไม่ระบุชื่อ) รือเสาะ,5,NEbE,อีสานค่อนบูรพา,56.25,south-facilities:9603,โรงพยาบาล โรงพยาบาลบาเจาะ,โรงพยาบาล,20.831,36.872,1.77,0.022100993314003683,57.37414587941606
south-facilities:9606/3,ด่านตรวจ (ไม่ระบุชื่อ) รือเสาะ,6,ENE,บูรพา-อีสาน,67.5,south-facilities:9604/4,ด่านตรวจ (ไม่ระบุชื่อ) ยี่งอ,ด่านตรวจ,17.499,23.112,1.321,0.022100993314003683,0.024832605752899573
south-facilities:9606/3,ด่านตรวจ (ไม่ระบุชื่อ) รือเสาะ,7,EbN,บูรพาค่อนเหนือ,78.75,,— ว่าง —,,,,,,
south-facilities:9606/3,ด่านตรวจ (ไม่ระบุชื่อ) รือเสาะ,8,E,บูรพา (ตะวันออก),90.0,south-facilities:9604,โรงพยาบาล โรงพยาบาล​ยี่งอเฉลิม​พระเกียรติ​ 80 พรรษา,โรงพยาบาล,19.832,30.364,1.531,0.022100993314003683,34.4785964036298
south-facilities:9606/3,ด่านตรวจ (ไม่ระบุชื่อ) รือเสาะ,9,EbS,บูรพาค่อนใต้,101.25,,— ว่าง —,,,,,,
south-facilities:9606/3,ด่านตรวจ (ไม่ระบุชื่อ) รือเสาะ,10,ESE,บูรพา-อาคเนย์,112.5,south-facilities:9606,ด่านตรวจ (ไม่ระบุชื่อ) รือเสาะ,ด่านตรวจ,7.898,11.5,1.456,0.022100993314003683,0.0
south-facilities:9606/3,ด่านตรวจ (ไม่ระบุชื่อ) รือเสาะ,11,SEbE,อาคเนย์ค่อนบูรพา,123.75,,— ว่าง —,,,,,,
south-facilities:9606/3,ด่านตรวจ (ไม่ระบุชื่อ) รือเสาะ,12,SE,อาคเนย์ (ตอ.เฉียงใต้),135.0,south-facilities:9606/4,ด่านตรวจ (ไม่ระบุชื่อ) รือเสาะ,ด่านตรวจ,3.943,4.358,1.105,0.022100993314003683,0.04583029052486393
south-facilities:9606/3,ด่านตรวจ (ไม่ระบุชื่อ) รือเสาะ,13,SEbS,อาคเนย์ค่อนใต้,146.25,,— ว่าง —,,,,,,
south-facilities:9606/3,ด่านตรวจ (ไม่ระบุชื่อ) รือเสาะ,14,SSE,ใต้-อาคเนย์,157.5,,— ว่าง —,,,,,,
south-facilities:9606/3,ด่านตรวจ (ไม่ระบุชื่อ) รือเสาะ,15,SbE,ใต้ค่อนบูรพา,168.75,,— ว่าง —,,,,,,
south-facilities:9606/3,ด่านตรวจ (ไม่ระบุชื่อ) รือเสาะ,16,S,ทักษิณ (ใต้),180.0,south-facilities:9607,โรงพยาบาล โรงพยาบาลศรีสาคร,โรงพยาบาล,16.259,17.076,1.05,0.022100993314003683,66.88629971614526
south-facilities:9606/3,ด่านตรวจ (ไม่ระบุชื่อ) รือเสาะ,17,SbW,ใต้ค่อนประจิม,191.25,,— ว่าง —,,,,,,
south-facilities:9606/3,ด่านตรวจ (ไม่ระบุชื่อ) รือเสาะ,18,SSW,ใต้-หรดี,202.5,south-facilities:9606/2,โรงพยาบาล โรงพยาบาลรือเสาะ,โรงพยาบาล,1.05,1.04,0.991,0.022100993314003683,90.45742102769908
south-facilities:9606/3,ด่านตรวจ (ไม่ระบุชื่อ) รือเสาะ,19,SWbS,หรดีค่อนใต้,213.75,,— ว่าง —,,,,,,
south-facilities:9606/3,ด่านตรวจ (ไม่ระบุชื่อ) รือเสาะ,20,SW,หรดี (ตต.เฉียงใต้),225.0,,— ว่าง —,,,,,,
south-facilities:9606/3,ด่านตรวจ (ไม่ระบุชื่อ) รือเสาะ,21,SWbW,หรดีค่อนประจิม,236.25,,— ว่าง —,,,,,,
south-facilities:9606/3,ด่านตรวจ (ไม่ระบุชื่อ) รือเสาะ,22,WSW,ประจิม-หรดี,247.5,,— ว่าง —,,,,,,
south-facilities:9606/3,ด่านตรวจ (ไม่ระบุชื่อ) รือเสาะ,23,WbS,ประจิมค่อนใต้,258.75,,— ว่าง —,,,,,,
south-facilities:9606/3,ด่านตรวจ (ไม่ระบุชื่อ) รือเสาะ,24,W,ประจิม (ตะวันตก),270.0,,— ว่าง —,,,,,,
south-facilities:9606/3,ด่านตรวจ (ไม่ระบุชื่อ) รือเสาะ,25,WbN,ประจิมค่อนเหนือ,281.25,,— ว่าง —,,,,,,
south-facilities:9606/3,ด่านตรวจ (ไม่ระบุชื่อ) รือเสาะ,26,WNW,ประจิม-พายัพ,292.5,,— ว่าง —,,,,,,
south-facilities:9606/3,ด่านตรวจ (ไม่ระบุชื่อ) รือเสาะ,27,NWbW,พายัพค่อนประจิม,303.75,,— ว่าง —,,,,,,
south-facilities:9606/3,ด่านตรวจ (ไม่ระบุชื่อ) รือเสาะ,28,NW,พายัพ (ตต.เฉียงเหนือ),315.0,south-facilities:9506/4,โรงพยาบาล โรงพยาบาลรามัน,โรงพยาบาล,14.353,20.291,1.414,0.022100993314003683,45.37929517289792
south-facilities:9606/3,ด่านตรวจ (ไม่ระบุชื่อ) รือเสาะ,29,NWbN,พายัพค่อนเหนือ,326.25,south-facilities:9506/2,ด่านตรวจ (ไม่ระบุชื่อ) รามัน,ด่านตรวจ,23.848,40.374,1.693,0.022100993314003683,0.022238985381478615
south-facilities:9606/3,ด่านตรวจ (ไม่ระบุชื่อ) รือเสาะ,30,NNW,เหนือ-พายัพ,337.5,,— ว่าง —,,,,,,
south-facilities:9606/3,ด่านตรวจ (ไม่ระบุชื่อ) รือเสาะ,31,NbW,เหนือค่อนประจิม,348.75,south-facilities:9606/6,ด่านตรวจ (ไม่ระบุชื่อ) รือเสาะ,ด่านตรวจ,4.369,5.217,1.194,0.022100993314003683,0.024739096025065188
south-facilities:9606/4,ด่านตรวจ (ไม่ระบุชื่อ) รือเสาะ,0,N,อุดร (เหนือ),0.0,south-facilities:9411,โรงพยาบาล โรงพยาบาลกะพ้อ,โรงพยาบาล,23.442,28.638,1.222,0.04583029052486393,65.17763192168357
south-facilities:9606/4,ด่านตรวจ (ไม่ระบุชื่อ) รือเสาะ,1,NbE,เหนือค่อนอีสาน,11.25,,— ว่าง —,,,,,,
south-facilities:9606/4,ด่านตรวจ (ไม่ระบุชื่อ) รือเสาะ,2,NNE,เหนือ-อีสาน,22.5,,— ว่าง —,,,,,,
south-facilities:9606/4,ด่านตรวจ (ไม่ระบุชื่อ) รือเสาะ,3,NEbN,อีสานค่อนเหนือ,33.75,,— ว่าง —,,,,,,
south-facilities:9606/4,ด่านตรวจ (ไม่ระบุชื่อ) รือเสาะ,4,NE,อีสาน (ตอ.เฉียงเหนือ),45.0,south-facilities:9603,โรงพยาบาล โรงพยาบาลบาเจาะ,โรงพยาบาล,20.851,41.231,1.977,0.04583029052486393,57.37414587941606
south-facilities:9606/4,ด่านตรวจ (ไม่ระบุชื่อ) รือเสาะ,5,NEbE,อีสานค่อนบูรพา,56.25,south-facilities:9604/4,ด่านตรวจ (ไม่ระบุชื่อ) ยี่งอ,ด่านตรวจ,16.398,27.47,1.675,0.04583029052486393,0.024832605752899573
south-facilities:9606/4,ด่านตรวจ (ไม่ระบุชื่อ) รือเสาะ,6,ENE,บูรพา-อีสาน,67.5,,— ว่าง —,,,,,,
south-facilities:9606/4,ด่านตรวจ (ไม่ระบุชื่อ) รือเสาะ,7,EbN,บูรพาค่อนเหนือ,78.75,south-facilities:9604,โรงพยาบาล โรงพยาบาล​ยี่งอเฉลิม​พระเกียรติ​ 80 พรรษา,โรงพยาบาล,17.467,26.006,1.489,0.04583029052486393,34.4785964036298
south-facilities:9606/4,ด่านตรวจ (ไม่ระบุชื่อ) รือเสาะ,8,E,บูรพา (ตะวันออก),90.0,,— ว่าง —,,,,,,
south-facilities:9606/4,ด่านตรวจ (ไม่ระบุชื่อ) รือเสาะ,9,EbS,บูรพาค่อนใต้,101.25,south-facilities:9606,ด่านตรวจ (ไม่ระบุชื่อ) รือเสาะ,ด่านตรวจ,4.432,7.142,1.611,0.04583029052486393,0.0
south-facilities:9606/4,ด่านตรวจ (ไม่ระบุชื่อ) รือเสาะ,10,ESE,บูรพา-อาคเนย์,112.5,south-facilities:9605/3,โรงพยาบาล โรงพยาบาลระแงะ,โรงพยาบาล,22.034,31.247,1.418,0.04583029052486393,85.95744521056331
south-facilities:9606/4,ด่านตรวจ (ไม่ระบุชื่อ) รือเสาะ,11,SEbE,อาคเนย์ค่อนบูรพา,123.75,,— ว่าง —,,,,,,
south-facilities:9606/4,ด่านตรวจ (ไม่ระบุชื่อ) รือเสาะ,12,SE,อาคเนย์ (ตอ.เฉียงใต้),135.0,,— ว่าง —,,,,,,
south-facilities:9606/4,ด่านตรวจ (ไม่ระบุชื่อ) รือเสาะ,13,SEbS,อาคเนย์ค่อนใต้,146.25,,— ว่าง —,,,,,,
south-facilities:9606/4,ด่านตรวจ (ไม่ระบุชื่อ) รือเสาะ,14,SSE,ใต้-อาคเนย์,157.5,,— ว่าง —,,,,,,
south-facilities:9606/4,ด่านตรวจ (ไม่ระบุชื่อ) รือเสาะ,15,SbE,ใต้ค่อนบูรพา,168.75,,— ว่าง —,,,,,,
south-facilities:9606/4,ด่านตรวจ (ไม่ระบุชื่อ) รือเสาะ,16,S,ทักษิณ (ใต้),180.0,,— ว่าง —,,,,,,
south-facilities:9606/4,ด่านตรวจ (ไม่ระบุชื่อ) รือเสาะ,17,SbW,ใต้ค่อนประจิม,191.25,,— ว่าง —,,,,,,
south-facilities:9606/4,ด่านตรวจ (ไม่ระบุชื่อ) รือเสาะ,18,SSW,ใต้-หรดี,202.5,south-facilities:9607,โรงพยาบาล โรงพยาบาลศรีสาคร,โรงพยาบาล,14.028,21.349,1.522,0.04583029052486393,66.88629971614526
south-facilities:9606/4,ด่านตรวจ (ไม่ระบุชื่อ) รือเสาะ,19,SWbS,หรดีค่อนใต้,213.75,,— ว่าง —,,,,,,
south-facilities:9606/4,ด่านตรวจ (ไม่ระบุชื่อ) รือเสาะ,20,SW,หรดี (ตต.เฉียงใต้),225.0,,— ว่าง —,,,,,,
south-facilities:9606/4,ด่านตรวจ (ไม่ระบุชื่อ) รือเสาะ,21,SWbW,หรดีค่อนประจิม,236.25,,— ว่าง —,,,,,,
south-facilities:9606/4,ด่านตรวจ (ไม่ระบุชื่อ) รือเสาะ,22,WSW,ประจิม-หรดี,247.5,,— ว่าง —,,,,,,
south-facilities:9606/4,ด่านตรวจ (ไม่ระบุชื่อ) รือเสาะ,23,WbS,ประจิมค่อนใต้,258.75,,— ว่าง —,,,,,,
south-facilities:9606/4,ด่านตรวจ (ไม่ระบุชื่อ) รือเสาะ,24,W,ประจิม (ตะวันตก),270.0,,— ว่าง —,,,,,,
south-facilities:9606/4,ด่านตรวจ (ไม่ระบุชื่อ) รือเสาะ,25,WbN,ประจิมค่อนเหนือ,281.25,,— ว่าง —,,,,,,
south-facilities:9606/4,ด่านตรวจ (ไม่ระบุชื่อ) รือเสาะ,26,WNW,ประจิม-พายัพ,292.5,,— ว่าง —,,,,,,
south-facilities:9606/4,ด่านตรวจ (ไม่ระบุชื่อ) รือเสาะ,27,NWbW,พายัพค่อนประจิม,303.75,south-facilities:9606/2,โรงพยาบาล โรงพยาบาลรือเสาะ,โรงพยาบาล,3.677,5.314,1.445,0.04583029052486393,90.45742102769908
south-facilities:9606/4,ด่านตรวจ (ไม่ระบุชื่อ) รือเสาะ,28,NW,พายัพ (ตต.เฉียงเหนือ),315.0,south-facilities:9606/3,ด่านตรวจ (ไม่ระบุชื่อ) รือเสาะ,ด่านตรวจ,3.943,4.358,1.105,0.04583029052486393,0.022100993314003683
south-facilities:9606/4,ด่านตรวจ (ไม่ระบุชื่อ) รือเสาะ,29,NWbN,พายัพค่อนเหนือ,326.25,south-facilities:9606/9,สถานีตำรวจ สถานีตำรวจรือเสาะ,สถานีตำรวจ,4.325,5.377,1.243,0.04583029052486393,43.11774472760165
south-facilities:9606/4,ด่านตรวจ (ไม่ระบุชื่อ) รือเสาะ,30,NNW,เหนือ-พายัพ,337.5,south-facilities:9606/5,ด่านตรวจ (ไม่ระบุชื่อ) รือเสาะ,ด่านตรวจ,5.101,6.463,1.267,0.04583029052486393,0.045577771105559106
south-facilities:9606/4,ด่านตรวจ (ไม่ระบุชื่อ) รือเสาะ,31,NbW,เหนือค่อนประจิม,348.75,,— ว่าง —,,,,,,
south-facilities:9606/5,ด่านตรวจ (ไม่ระบุชื่อ) รือเสาะ,0,N,อุดร (เหนือ),0.0,,— ว่าง —,,,,,,
south-facilities:9606/5,ด่านตรวจ (ไม่ระบุชื่อ) รือเสาะ,1,NbE,เหนือค่อนอีสาน,11.25,south-facilities:9411,โรงพยาบาล โรงพยาบาลกะพ้อ,โรงพยาบาล,18.944,22.175,1.171,0.045577771105559106,65.17763192168357
south-facilities:9606/5,ด่านตรวจ (ไม่ระบุชื่อ) รือเสาะ,2,NNE,เหนือ-อีสาน,22.5,,— ว่าง —,,,,,,
south-facilities:9606/5,ด่านตรวจ (ไม่ระบุชื่อ) รือเสาะ,3,NEbN,อีสานค่อนเหนือ,33.75,,— ว่าง —,,,,,,
south-facilities:9606/5,ด่านตรวจ (ไม่ระบุชื่อ) รือเสาะ,4,NE,อีสาน (ตอ.เฉียงเหนือ),45.0,,— ว่าง —,,,,,,
south-facilities:9606/5,ด่านตรวจ (ไม่ระบุชื่อ) รือเสาะ,5,NEbE,อีสานค่อนบูรพา,56.25,south-facilities:9603,โรงพยาบาล โรงพยาบาลบาเจาะ,โรงพยาบาล,19.18,35.742,1.864,0.045577771105559106,57.37414587941606
south-facilities:9606/5,ด่านตรวจ (ไม่ระบุชื่อ) รือเสาะ,6,ENE,บูรพา-อีสาน,67.5,,— ว่าง —,,,,,,
south-facilities:9606/5,ด่านตรวจ (ไม่ระบุชื่อ) รือเสาะ,7,EbN,บูรพาค่อนเหนือ,78.75,south-facilities:9604/4,ด่านตรวจ (ไม่ระบุชื่อ) ยี่งอ,ด่านตรวจ,16.262,21.981,1.352,0.045577771105559106,0.024832605752899573
south-facilities:9606/5,ด่านตรวจ (ไม่ระบุชื่อ) รือเสาะ,8,E,บูรพา (ตะวันออก),90.0,south-facilities:9604,โรงพยาบาล โรงพยาบาล​ยี่งอเฉลิม​พระเกียรติ​ 80 พรรษา,โรงพยาบาล,19.161,32.469,1.695,0.045577771105559106,34.4785964036298
south-facilities:9606/5,ด่านตรวจ (ไม่ระบุชื่อ) รือเสาะ,9,EbS,บูรพาค่อนใต้,101.25,,— ว่าง —,,,,,,
south-facilities:9606/5,ด่านตรวจ (ไม่ระบุชื่อ) รือเสาะ,10,ESE,บูรพา-อาคเนย์,112.5,,— ว่าง —,,,,,,
south-facilities:9606/5,ด่านตรวจ (ไม่ระบุชื่อ) รือเสาะ,11,SEbE,อาคเนย์ค่อนบูรพา,123.75,south-facilities:9606,ด่านตรวจ (ไม่ระบุชื่อ) รือเสาะ,ด่านตรวจ,8.299,13.605,1.639,0.045577771105559106,0.0
south-facilities:9606/5,ด่านตรวจ (ไม่ระบุชื่อ) รือเสาะ,12,SE,อาคเนย์ (ตอ.เฉียงใต้),135.0,,— ว่าง —,,,,,,
south-facilities:9606/5,ด่านตรวจ (ไม่ระบุชื่อ) รือเสาะ,13,SEbS,อาคเนย์ค่อนใต้,146.25,,— ว่าง —,,,,,,
south-facilities:9606/5,ด่านตรวจ (ไม่ระบุชื่อ) รือเสาะ,14,SSE,ใต้-อาคเนย์,157.5,south-facilities:9606/4,ด่านตรวจ (ไม่ระบุชื่อ) รือเสาะ,ด่านตรวจ,5.101,6.463,1.267,0.045577771105559106,0.04583029052486393
south-facilities:9606/5,ด่านตรวจ (ไม่ระบุชื่อ) รือเสาะ,15,SbE,ใต้ค่อนบูรพา,168.75,,— ว่าง —,,,,,,
south-facilities:9606/5,ด่านตรวจ (ไม่ระบุชื่อ) รือเสาะ,16,S,ทักษิณ (ใต้),180.0,south-facilities:9606/8,สถานีดับเพลิง สถานีดับเพลิงรือเสาะ,สถานีดับเพลิง,0.872,0.938,1.076,0.045577771105559106,84.00923147400258
south-facilities:9606/5,ด่านตรวจ (ไม่ระบุชื่อ) รือเสาะ,17,SbW,ใต้ค่อนประจิม,191.25,south-facilities:9606/10,รพ.สต./สถานีอนามัย สำนักงานสาธารนสุขอำเภอรือเสาะ,รพ.สต./สถานีอนามัย,0.923,1.086,1.176,0.045577771105559106,39.23968785158769
south-facilities:9606/5,ด่านตรวจ (ไม่ระบุชื่อ) รือเสาะ,18,SSW,ใต้-หรดี,202.5,south-facilities:9606/3,ด่านตรวจ (ไม่ระบุชื่อ) รือเสาะ,ด่านตรวจ,1.953,2.105,1.078,0.045577771105559106,0.022100993314003683
south-facilities:9606/5,ด่านตรวจ (ไม่ระบุชื่อ) รือเสาะ,19,SWbS,หรดีค่อนใต้,213.75,,— ว่าง —,,,,,,
south-facilities:9606/5,ด่านตรวจ (ไม่ระบุชื่อ) รือเสาะ,20,SW,หรดี (ตต.เฉียงใต้),225.0,,— ว่าง —,,,,,,
south-facilities:9606/5,ด่านตรวจ (ไม่ระบุชื่อ) รือเสาะ,21,SWbW,หรดีค่อนประจิม,236.25,,— ว่าง —,,,,,,
south-facilities:9606/5,ด่านตรวจ (ไม่ระบุชื่อ) รือเสาะ,22,WSW,ประจิม-หรดี,247.5,,— ว่าง —,,,,,,
south-facilities:9606/5,ด่านตรวจ (ไม่ระบุชื่อ) รือเสาะ,23,WbS,ประจิมค่อนใต้,258.75,,— ว่าง —,,,,,,
south-facilities:9606/5,ด่านตรวจ (ไม่ระบุชื่อ) รือเสาะ,24,W,ประจิม (ตะวันตก),270.0,,— ว่าง —,,,,,,
south-facilities:9606/5,ด่านตรวจ (ไม่ระบุชื่อ) รือเสาะ,25,WbN,ประจิมค่อนเหนือ,281.25,,— ว่าง —,,,,,,
south-facilities:9606/5,ด่านตรวจ (ไม่ระบุชื่อ) รือเสาะ,26,WNW,ประจิม-พายัพ,292.5,,— ว่าง —,,,,,,
south-facilities:9606/5,ด่านตรวจ (ไม่ระบุชื่อ) รือเสาะ,27,NWbW,พายัพค่อนประจิม,303.75,south-facilities:9506/4,โรงพยาบาล โรงพยาบาลรามัน,โรงพยาบาล,13.723,18.187,1.325,0.045577771105559106,45.37929517289792
south-facilities:9606/5,ด่านตรวจ (ไม่ระบุชื่อ) รือเสาะ,28,NW,พายัพ (ตต.เฉียงเหนือ),315.0,south-facilities:9506/2,ด่านตรวจ (ไม่ระบุชื่อ) รามัน,ด่านตรวจ,22.89,38.27,1.672,0.045577771105559106,0.022238985381478615
south-facilities:9606/5,ด่านตรวจ (ไม่ระบุชื่อ) รือเสาะ,29,NWbN,พายัพค่อนเหนือ,326.25,south-facilities:9606/6,ด่านตรวจ (ไม่ระบุชื่อ) รือเสาะ,ด่านตรวจ,2.846,3.112,1.094,0.045577771105559106,0.024739096025065188
south-facilities:9606/5,ด่านตรวจ (ไม่ระบุชื่อ) รือเสาะ,30,NNW,เหนือ-พายัพ,337.5,south-facilities:9606/7,โรงพยาบาล (ไม่ระบุชื่อ) รือเสาะ,โรงพยาบาล,3.767,4.038,1.072,0.045577771105559106,31.00652475052335
south-facilities:9606/5,ด่านตรวจ (ไม่ระบุชื่อ) รือเสาะ,31,NbW,เหนือค่อนประจิม,348.75,,— ว่าง —,,,,,,
south-facilities:9606/6,ด่านตรวจ (ไม่ระบุชื่อ) รือเสาะ,0,N,อุดร (เหนือ),0.0,,— ว่าง —,,,,,,
south-facilities:9606/6,ด่านตรวจ (ไม่ระบุชื่อ) รือเสาะ,1,NbE,เหนือค่อนอีสาน,11.25,south-facilities:9411,โรงพยาบาล โรงพยาบาลกะพ้อ,โรงพยาบาล,16.768,19.063,1.137,0.024739096025065188,65.17763192168357
south-facilities:9606/6,ด่านตรวจ (ไม่ระบุชื่อ) รือเสาะ,2,NNE,เหนือ-อีสาน,22.5,,— ว่าง —,,,,,,
south-facilities:9606/6,ด่านตรวจ (ไม่ระบุชื่อ) รือเสาะ,3,NEbN,อีสานค่อนเหนือ,33.75,,— ว่าง —,,,,,,
south-facilities:9606/6,ด่านตรวจ (ไม่ระบุชื่อ) รือเสาะ,4,NE,อีสาน (ตอ.เฉียงเหนือ),45.0,,— ว่าง —,,,,,,
south-facilities:9606/6,ด่านตรวจ (ไม่ระบุชื่อ) รือเสาะ,5,NEbE,อีสานค่อนบูรพา,56.25,,— ว่าง —,,,,,,
south-facilities:9606/6,ด่านตรวจ (ไม่ระบุชื่อ) รือเสาะ,6,ENE,บูรพา-อีสาน,67.5,south-facilities:9603,โรงพยาบาล โรงพยาบาลบาเจาะ,โรงพยาบาล,19.073,38.854,2.037,0.024739096025065188,57.37414587941606
south-facilities:9606/6,ด่านตรวจ (ไม่ระบุชื่อ) รือเสาะ,7,EbN,บูรพาค่อนเหนือ,78.75,south-facilities:9604/4,ด่านตรวจ (ไม่ระบุชื่อ) ยี่งอ,ด่านตรวจ,17.134,25.093,1.465,0.024739096025065188,0.024832605752899573
south-facilities:9606/6,ด่านตรวจ (ไม่ระบุชื่อ) รือเสาะ,8,E,บูรพา (ตะวันออก),90.0,,— ว่าง —,,,,,,
south-facilities:9606/6,ด่านตรวจ (ไม่ระบุชื่อ) รือเสาะ,9,EbS,บูรพาค่อนใต้,101.25,south-facilities:9604,โรงพยาบาล โรงพยาบาล​ยี่งอเฉลิม​พระเกียรติ​ 80 พรรษา,โรงพยาบาล,20.826,35.581,1.709,0.024739096025065188,34.4785964036298
south-facilities:9606/6,ด่านตรวจ (ไม่ระบุชื่อ) รือเสาะ,10,ESE,บูรพา-อาคเนย์,112.5,,— ว่าง —,,,,,,
south-facilities:9606/6,ด่านตรวจ (ไม่ระบุชื่อ) รือเสาะ,11,SEbE,อาคเนย์ค่อนบูรพา,123.75,south-facilities:9605,ด่านตรวจ (ไม่ระบุชื่อ) ระแงะ,ด่านตรวจ,16.85,24.961,1.481,0.024739096025065188,0.07093434087537026
south-facilities:9606/6,ด่านตรวจ (ไม่ระบุชื่อ) รือเสาะ,12,SE,อาคเนย์ (ตอ.เฉียงใต้),135.0,south-facilities:9606,ด่านตรวจ (ไม่ระบุชื่อ) รือเสาะ,ด่านตรวจ,10.995,16.717,1.52,0.024739096025065188,0.0
south-facilities:9606/6,ด่านตรวจ (ไม่ระบุชื่อ) รือเสาะ,13,SEbS,อาคเนย์ค่อนใต้,146.25,south-facilities:9606/5,ด่านตรวจ (ไม่ระบุชื่อ) รือเสาะ,ด่านตรวจ,2.846,3.112,1.094,0.024739096025065188,0.045577771105559106
south-facilities:9606/6,ด่านตรวจ (ไม่ระบุชื่อ) รือเสาะ,14,SSE,ใต้-อาคเนย์,157.5,south-facilities:9606/10,รพ.สต./สถานีอนามัย สำนักงานสาธารนสุขอำเภอรือเสาะ,รพ.สต./สถานีอนามัย,3.602,4.199,1.166,0.024739096025065188,39.23968785158769
south-facilities:9606/6,ด่านตรวจ (ไม่ระบุชื่อ) รือเสาะ,15,SbE,ใต้ค่อนบูรพา,168.75,south-facilities:9606/3,ด่านตรวจ (ไม่ระบุชื่อ) รือเสาะ,ด่านตรวจ,4.369,5.217,1.194,0.024739096025065188,0.022100993314003683
south-facilities:9606/6,ด่านตรวจ (ไม่ระบุชื่อ) รือเสาะ,16,S,ทักษิณ (ใต้),180.0,south-facilities:9606/2,โรงพยาบาล โรงพยาบาลรือเสาะ,โรงพยาบาล,5.277,6.257,1.186,0.024739096025065188,90.45742102769908
south-facilities:9606/6,ด่านตรวจ (ไม่ระบุชื่อ) รือเสาะ,17,SbW,ใต้ค่อนประจิม,191.25,,— ว่าง —,,,,,,
south-facilities:9606/6,ด่านตรวจ (ไม่ระบุชื่อ) รือเสาะ,18,SSW,ใต้-หรดี,202.5,,— ว่าง —,,,,,,
south-facilities:9606/6,ด่านตรวจ (ไม่ระบุชื่อ) รือเสาะ,19,SWbS,หรดีค่อนใต้,213.75,,— ว่าง —,,,,,,
south-facilities:9606/6,ด่านตรวจ (ไม่ระบุชื่อ) รือเสาะ,20,SW,หรดี (ตต.เฉียงใต้),225.0,,— ว่าง —,,,,,,
south-facilities:9606/6,ด่านตรวจ (ไม่ระบุชื่อ) รือเสาะ,21,SWbW,หรดีค่อนประจิม,236.25,,— ว่าง —,,,,,,
south-facilities:9606/6,ด่านตรวจ (ไม่ระบุชื่อ) รือเสาะ,22,WSW,ประจิม-หรดี,247.5,,— ว่าง —,,,,,,
south-facilities:9606/6,ด่านตรวจ (ไม่ระบุชื่อ) รือเสาะ,23,WbS,ประจิมค่อนใต้,258.75,,— ว่าง —,,,,,,
south-facilities:9606/6,ด่านตรวจ (ไม่ระบุชื่อ) รือเสาะ,24,W,ประจิม (ตะวันตก),270.0,,— ว่าง —,,,,,,
south-facilities:9606/6,ด่านตรวจ (ไม่ระบุชื่อ) รือเสาะ,25,WbN,ประจิมค่อนเหนือ,281.25,,— ว่าง —,,,,,,
south-facilities:9606/6,ด่านตรวจ (ไม่ระบุชื่อ) รือเสาะ,26,WNW,ประจิม-พายัพ,292.5,south-facilities:9501/8,สถานีตำรวจ กองกำกับการตำรวจตระเวนชายแดนที่44,สถานีตำรวจ,22.51,32.282,1.434,0.024739096025065188,474.45519174138866
south-facilities:9606/6,ด่านตรวจ (ไม่ระบุชื่อ) รือเสาะ,27,NWbW,พายัพค่อนประจิม,303.75,south-facilities:9506/4,โรงพยาบาล โรงพยาบาลรามัน,โรงพยาบาล,11.212,15.074,1.344,0.024739096025065188,45.37929517289792
south-facilities:9606/6,ด่านตรวจ (ไม่ระบุชื่อ) รือเสาะ,28,NW,พายัพ (ตต.เฉียงเหนือ),315.0,south-facilities:9506/2,ด่านตรวจ (ไม่ระบุชื่อ) รามัน,ด่านตรวจ,20.126,35.158,1.747,0.024739096025065188,0.022238985381478615
south-facilities:9606/6,ด่านตรวจ (ไม่ระบุชื่อ) รือเสาะ,29,NWbN,พายัพค่อนเหนือ,326.25,,— ว่าง —,,,,,,
south-facilities:9606/6,ด่านตรวจ (ไม่ระบุชื่อ) รือเสาะ,30,NNW,เหนือ-พายัพ,337.5,south-facilities:9606/7,โรงพยาบาล (ไม่ระบุชื่อ) รือเสาะ,โรงพยาบาล,0.928,0.926,0.998,0.024739096025065188,31.00652475052335
south-facilities:9606/6,ด่านตรวจ (ไม่ระบุชื่อ) รือเสาะ,31,NbW,เหนือค่อนประจิม,348.75,,— ว่าง —,,,,,,
south-facilities:9606/7,โรงพยาบาล (ไม่ระบุชื่อ) รือเสาะ,0,N,อุดร (เหนือ),0.0,,— ว่าง —,,,,,,
south-facilities:9606/7,โรงพยาบาล (ไม่ระบุชื่อ) รือเสาะ,1,NbE,เหนือค่อนอีสาน,11.25,south-facilities:9411,โรงพยาบาล โรงพยาบาลกะพ้อ,โรงพยาบาล,16.016,18.137,1.132,31.00652475052335,65.17763192168357
south-facilities:9606/7,โรงพยาบาล (ไม่ระบุชื่อ) รือเสาะ,2,NNE,เหนือ-อีสาน,22.5,,— ว่าง —,,,,,,
south-facilities:9606/7,โรงพยาบาล (ไม่ระบุชื่อ) รือเสาะ,3,NEbN,อีสานค่อนเหนือ,33.75,,— ว่าง —,,,,,,
south-facilities:9606/7,โรงพยาบาล (ไม่ระบุชื่อ) รือเสาะ,4,NE,อีสาน (ตอ.เฉียงเหนือ),45.0,,— ว่าง —,,,,,,
south-facilities:9606/7,โรงพยาบาล (ไม่ระบุชื่อ) รือเสาะ,5,NEbE,อีสานค่อนบูรพา,56.25,,— ว่าง —,,,,,,
south-facilities:9606/7,โรงพยาบาล (ไม่ระบุชื่อ) รือเสาะ,6,ENE,บูรพา-อีสาน,67.5,south-facilities:9603,โรงพยาบาล โรงพยาบาลบาเจาะ,โรงพยาบาล,18.998,39.78,2.094,31.00652475052335,57.37414587941606
south-facilities:9606/7,โรงพยาบาล (ไม่ระบุชื่อ) รือเสาะ,7,EbN,บูรพาค่อนเหนือ,78.75,,— ว่าง —,,,,,,
south-facilities:9606/7,โรงพยาบาล (ไม่ระบุชื่อ) รือเสาะ,8,E,บูรพา (ตะวันออก),90.0,south-facilities:9604/4,ด่านตรวจ (ไม่ระบุชื่อ) ยี่งอ,ด่านตรวจ,17.386,26.019,1.497,31.00652475052335,0.024832605752899573
south-facilities:9606/7,โรงพยาบาล (ไม่ระบุชื่อ) รือเสาะ,9,EbS,บูรพาค่อนใต้,101.25,south-facilities:9604,โรงพยาบาล โรงพยาบาล​ยี่งอเฉลิม​พระเกียรติ​ 80 พรรษา,โรงพยาบาล,21.318,36.507,1.713,31.00652475052335,34.4785964036298
south-facilities:9606/7,โรงพยาบาล (ไม่ระบุชื่อ) รือเสาะ,10,ESE,บูรพา-อาคเนย์,112.5,,— ว่าง —,,,,,,
south-facilities:9606/7,โรงพยาบาล (ไม่ระบุชื่อ) รือเสาะ,11,SEbE,อาคเนย์ค่อนบูรพา,123.75,south-facilities:9605,ด่านตรวจ (ไม่ระบุชื่อ) ระแงะ,ด่านตรวจ,17.624,25.887,1.469,31.00652475052335,0.07093434087537026
south-facilities:9606/7,โรงพยาบาล (ไม่ระบุชื่อ) รือเสาะ,12,SE,อาคเนย์ (ตอ.เฉียงใต้),135.0,south-facilities:9606,ด่านตรวจ (ไม่ระบุชื่อ) รือเสาะ,ด่านตรวจ,11.847,17.643,1.489,31.00652475052335,0.0
south-facilities:9606/7,โรงพยาบาล (ไม่ระบุชื่อ) รือเสาะ,13,SEbS,อาคเนย์ค่อนใต้,146.25,,— ว่าง —,,,,,,
south-facilities:9606/7,โรงพยาบาล (ไม่ระบุชื่อ) รือเสาะ,14,SSE,ใต้-อาคเนย์,157.5,south-facilities:9606/6,ด่านตรวจ (ไม่ระบุชื่อ) รือเสาะ,ด่านตรวจ,0.928,0.926,0.998,31.00652475052335,0.024739096025065188
south-facilities:9606/7,โรงพยาบาล (ไม่ระบุชื่อ) รือเสาะ,15,SbE,ใต้ค่อนบูรพา,168.75,south-facilities:9606/3,ด่านตรวจ (ไม่ระบุชื่อ) รือเสาะ,ด่านตรวจ,5.281,6.143,1.163,31.00652475052335,0.022100993314003683
south-facilities:9606/7,โรงพยาบาล (ไม่ระบุชื่อ) รือเสาะ,16,S,ทักษิณ (ใต้),180.0,south-facilities:9607,โรงพยาบาล โรงพยาบาลศรีสาคร,โรงพยาบาล,21.361,23.219,1.087,31.00652475052335,66.88629971614526
south-facilities:9606/7,โรงพยาบาล (ไม่ระบุชื่อ) รือเสาะ,17,SbW,ใต้ค่อนประจิม,191.25,,— ว่าง —,,,,,,
south-facilities:9606/7,โรงพยาบาล (ไม่ระบุชื่อ) รือเสาะ,18,SSW,ใต้-หรดี,202.5,,— ว่าง —,,,,,,
south-facilities:9606/7,โรงพยาบาล (ไม่ระบุชื่อ) รือเสาะ,19,SWbS,หรดีค่อนใต้,213.75,,— ว่าง —,,,,,,
south-facilities:9606/7,โรงพยาบาล (ไม่ระบุชื่อ) รือเสาะ,20,SW,หรดี (ตต.เฉียงใต้),225.0,,— ว่าง —,,,,,,
south-facilities:9606/7,โรงพยาบาล (ไม่ระบุชื่อ) รือเสาะ,21,SWbW,หรดีค่อนประจิม,236.25,,— ว่าง —,,,,,,
south-facilities:9606/7,โรงพยาบาล (ไม่ระบุชื่อ) รือเสาะ,22,WSW,ประจิม-หรดี,247.5,,— ว่าง —,,,,,,
south-facilities:9606/7,โรงพยาบาล (ไม่ระบุชื่อ) รือเสาะ,23,WbS,ประจิมค่อนใต้,258.75,,— ว่าง —,,,,,,
south-facilities:9606/7,โรงพยาบาล (ไม่ระบุชื่อ) รือเสาะ,24,W,ประจิม (ตะวันตก),270.0,,— ว่าง —,,,,,,
south-facilities:9606/7,โรงพยาบาล (ไม่ระบุชื่อ) รือเสาะ,25,WbN,ประจิมค่อนเหนือ,281.25,,— ว่าง —,,,,,,
south-facilities:9606/7,โรงพยาบาล (ไม่ระบุชื่อ) รือเสาะ,26,WNW,ประจิม-พายัพ,292.5,south-facilities:9506/4,โรงพยาบาล โรงพยาบาลรามัน,โรงพยาบาล,10.512,14.148,1.346,31.00652475052335,45.37929517289792
south-facilities:9606/7,โรงพยาบาล (ไม่ระบุชื่อ) รือเสาะ,27,NWbW,พายัพค่อนประจิม,303.75,south-facilities:9501/3,ด่านตรวจ (ไม่ระบุชื่อ) เมืองยะลา,ด่านตรวจ,24.639,39.368,1.598,31.00652475052335,0.059542925352901066
south-facilities:9606/7,โรงพยาบาล (ไม่ระบุชื่อ) รือเสาะ,28,NW,พายัพ (ตต.เฉียงเหนือ),315.0,south-facilities:9506/2,ด่านตรวจ (ไม่ระบุชื่อ) รามัน,ด่านตรวจ,19.274,34.232,1.776,31.00652475052335,0.022238985381478615
south-facilities:9606/7,โรงพยาบาล (ไม่ระบุชื่อ) รือเสาะ,29,NWbN,พายัพค่อนเหนือ,326.25,,— ว่าง —,,,,,,
south-facilities:9606/7,โรงพยาบาล (ไม่ระบุชื่อ) รือเสาะ,30,NNW,เหนือ-พายัพ,337.5,south-facilities:9506/3,สถานีตำรวจ สถานีภูธรจะว๊ะ,สถานีตำรวจ,4.849,5.514,1.137,31.00652475052335,39.13537912524573
south-facilities:9606/7,โรงพยาบาล (ไม่ระบุชื่อ) รือเสาะ,31,NbW,เหนือค่อนประจิม,348.75,,— ว่าง —,,,,,,
south-facilities:9606/8,สถานีดับเพลิง สถานีดับเพลิงรือเสาะ,0,N,อุดร (เหนือ),0.0,south-facilities:9606/5,ด่านตรวจ (ไม่ระบุชื่อ) รือเสาะ,ด่านตรวจ,0.872,0.938,1.076,84.00923147400258,0.045577771105559106
south-facilities:9606/8,สถานีดับเพลิง สถานีดับเพลิงรือเสาะ,1,NbE,เหนือค่อนอีสาน,11.25,south-facilities:9411,โรงพยาบาล โรงพยาบาลกะพ้อ,โรงพยาบาล,19.813,23.114,1.167,84.00923147400258,65.17763192168357
south-facilities:9606/8,สถานีดับเพลิง สถานีดับเพลิงรือเสาะ,2,NNE,เหนือ-อีสาน,22.5,,— ว่าง —,,,,,,
south-facilities:9606/8,สถานีดับเพลิง สถานีดับเพลิงรือเสาะ,3,NEbN,อีสานค่อนเหนือ,33.75,,— ว่าง —,,,,,,
south-facilities:9606/8,สถานีดับเพลิง สถานีดับเพลิงรือเสาะ,4,NE,อีสาน (ตอ.เฉียงเหนือ),45.0,,— ว่าง —,,,,,,
south-facilities:9606/8,สถานีดับเพลิง สถานีดับเพลิงรือเสาะ,5,NEbE,อีสานค่อนบูรพา,56.25,south-facilities:9603,โรงพยาบาล โรงพยาบาลบาเจาะ,โรงพยาบาล,19.735,35.706,1.809,84.00923147400258,57.37414587941606
south-facilities:9606/8,สถานีดับเพลิง สถานีดับเพลิงรือเสาะ,6,ENE,บูรพา-อีสาน,67.5,south-facilities:9604/4,ด่านตรวจ (ไม่ระบุชื่อ) ยี่งอ,ด่านตรวจ,16.567,21.945,1.325,84.00923147400258,0.024832605752899573
south-facilities:9606/8,สถานีดับเพลิง สถานีดับเพลิงรือเสาะ,7,EbN,บูรพาค่อนเหนือ,78.75,,— ว่าง —,,,,,,
south-facilities:9606/8,สถานีดับเพลิง สถานีดับเพลิงรือเสาะ,8,E,บูรพา (ตะวันออก),90.0,south-facilities:9604,โรงพยาบาล โรงพยาบาล​ยี่งอเฉลิม​พระเกียรติ​ 80 พรรษา,โรงพยาบาล,19.176,31.531,1.644,84.00923147400258,34.4785964036298
south-facilities:9606/8,สถานีดับเพลิง สถานีดับเพลิงรือเสาะ,9,EbS,บูรพาค่อนใต้,101.25,,— ว่าง —,,,,,,
south-facilities:9606/8,สถานีดับเพลิง สถานีดับเพลิงรือเสาะ,10,ESE,บูรพา-อาคเนย์,112.5,south-facilities:9605,ด่านตรวจ (ไม่ระบุชื่อ) ระแงะ,ด่านตรวจ,13.983,20.91,1.495,84.00923147400258,0.07093434087537026
south-facilities:9606/8,สถานีดับเพลิง สถานีดับเพลิงรือเสาะ,11,SEbE,อาคเนย์ค่อนบูรพา,123.75,south-facilities:9606,ด่านตรวจ (ไม่ระบุชื่อ) รือเสาะ,ด่านตรวจ,7.815,12.667,1.621,84.00923147400258,0.0
south-facilities:9606/8,สถานีดับเพลิง สถานีดับเพลิงรือเสาะ,12,SE,อาคเนย์ (ตอ.เฉียงใต้),135.0,,— ว่าง —,,,,,,
south-facilities:9606/8,สถานีดับเพลิง สถานีดับเพลิงรือเสาะ,13,SEbS,อาคเนย์ค่อนใต้,146.25,south-facilities:9606/4,ด่านตรวจ (ไม่ระบุชื่อ) รือเสาะ,ด่านตรวจ,4.338,5.525,1.274,84.00923147400258,0.04583029052486393
south-facilities:9606/8,สถานีดับเพลิง สถานีดับเพลิงรือเสาะ,14,SSE,ใต้-อาคเนย์,157.5,,— ว่าง —,,,,,,
south-facilities:9606/8,สถานีดับเพลิง สถานีดับเพลิงรือเสาะ,15,SbE,ใต้ค่อนบูรพา,168.75,,— ว่าง —,,,,,,
south-facilities:9606/8,สถานีดับเพลิง สถานีดับเพลิงรือเสาะ,16,S,ทักษิณ (ใต้),180.0,,— ว่าง —,,,,,,
south-facilities:9606/8,สถานีดับเพลิง สถานีดับเพลิงรือเสาะ,17,SbW,ใต้ค่อนประจิม,191.25,south-facilities:9607,โรงพยาบาล โรงพยาบาลศรีสาคร,โรงพยาบาล,17.284,18.242,1.055,84.00923147400258,66.88629971614526
south-facilities:9606/8,สถานีดับเพลิง สถานีดับเพลิงรือเสาะ,18,SSW,ใต้-หรดี,202.5,,— ว่าง —,,,,,,
south-facilities:9606/8,สถานีดับเพลิง สถานีดับเพลิงรือเสาะ,19,SWbS,หรดีค่อนใต้,213.75,south-facilities:9606/3,ด่านตรวจ (ไม่ระบุชื่อ) รือเสาะ,ด่านตรวจ,1.152,1.166,1.012,84.00923147400258,0.022100993314003683
south-facilities:9606/8,สถานีดับเพลิง สถานีดับเพลิงรือเสาะ,20,SW,หรดี (ตต.เฉียงใต้),225.0,,— ว่าง —,,,,,,
south-facilities:9606/8,สถานีดับเพลิง สถานีดับเพลิงรือเสาะ,21,SWbW,หรดีค่อนประจิม,236.25,south-facilities:9606/9,สถานีตำรวจ สถานีตำรวจรือเสาะ,สถานีตำรวจ,0.116,0.148,1.278,84.00923147400258,43.11774472760165
south-facilities:9606/8,สถานีดับเพลิง สถานีดับเพลิงรือเสาะ,22,WSW,ประจิม-หรดี,247.5,,— ว่าง —,,,,,,
south-facilities:9606/8,สถานีดับเพลิง สถานีดับเพลิงรือเสาะ,23,WbS,ประจิมค่อนใต้,258.75,south-facilities:9606/10,รพ.สต./สถานีอนามัย สำนักงานสาธารนสุขอำเภอรือเสาะ,รพ.สต./สถานีอนามัย,0.135,0.148,1.101,84.00923147400258,39.23968785158769
south-facilities:9606/8,สถานีดับเพลิง สถานีดับเพลิงรือเสาะ,24,W,ประจิม (ตะวันตก),270.0,,— ว่าง —,,,,,,
south-facilities:9606/8,สถานีดับเพลิง สถานีดับเพลิงรือเสาะ,25,WbN,ประจิมค่อนเหนือ,281.25,,— ว่าง —,,,,,,
south-facilities:9606/8,สถานีดับเพลิง สถานีดับเพลิงรือเสาะ,26,WNW,ประจิม-พายัพ,292.5,,— ว่าง —,,,,,,
south-facilities:9606/8,สถานีดับเพลิง สถานีดับเพลิงรือเสาะ,27,NWbW,พายัพค่อนประจิม,303.75,south-facilities:9506/4,โรงพยาบาล โรงพยาบาลรามัน,โรงพยาบาล,14.213,19.125,1.346,84.00923147400258,45.37929517289792
south-facilities:9606/8,สถานีดับเพลิง สถานีดับเพลิงรือเสาะ,28,NW,พายัพ (ตต.เฉียงเหนือ),315.0,south-facilities:9506/2,ด่านตรวจ (ไม่ระบุชื่อ) รามัน,ด่านตรวจ,23.514,39.208,1.667,84.00923147400258,0.022238985381478615
south-facilities:9606/8,สถานีดับเพลิง สถานีดับเพลิงรือเสาะ,29,NWbN,พายัพค่อนเหนือ,326.25,,— ว่าง —,,,,,,
south-facilities:9606/8,สถานีดับเพลิง สถานีดับเพลิงรือเสาะ,30,NNW,เหนือ-พายัพ,337.5,south-facilities:9606/6,ด่านตรวจ (ไม่ระบุชื่อ) รือเสาะ,ด่านตรวจ,3.615,4.05,1.121,84.00923147400258,0.024739096025065188
south-facilities:9606/8,สถานีดับเพลิง สถานีดับเพลิงรือเสาะ,31,NbW,เหนือค่อนประจิม,348.75,,— ว่าง —,,,,,,
south-facilities:9606/9,สถานีตำรวจ สถานีตำรวจรือเสาะ,0,N,อุดร (เหนือ),0.0,,— ว่าง —,,,,,,
south-facilities:9606/9,สถานีตำรวจ สถานีตำรวจรือเสาะ,1,NbE,เหนือค่อนอีสาน,11.25,south-facilities:9606/5,ด่านตรวจ (ไม่ระบุชื่อ) รือเสาะ,ด่านตรวจ,0.949,1.086,1.145,43.11774472760165,0.045577771105559106
south-facilities:9606/9,สถานีตำรวจ สถานีตำรวจรือเสาะ,2,NNE,เหนือ-อีสาน,22.5,,— ว่าง —,,,,,,
south-facilities:9606/9,สถานีตำรวจ สถานีตำรวจรือเสาะ,3,NEbN,อีสานค่อนเหนือ,33.75,,— ว่าง —,,,,,,
south-facilities:9606/9,สถานีตำรวจ สถานีตำรวจรือเสาะ,4,NE,อีสาน (ตอ.เฉียงเหนือ),45.0,,— ว่าง —,,,,,,
south-facilities:9606/9,สถานีตำรวจ สถานีตำรวจรือเสาะ,5,NEbE,อีสานค่อนบูรพา,56.25,south-facilities:9606/8,สถานีดับเพลิง สถานีดับเพลิงรือเสาะ,สถานีดับเพลิง,0.116,0.148,1.278,43.11774472760165,84.00923147400258
south-facilities:9606/9,สถานีตำรวจ สถานีตำรวจรือเสาะ,6,ENE,บูรพา-อีสาน,67.5,south-facilities:9604/4,ด่านตรวจ (ไม่ระบุชื่อ) ยี่งอ,ด่านตรวจ,16.678,22.093,1.325,43.11774472760165,0.024832605752899573
south-facilities:9606/9,สถานีตำรวจ สถานีตำรวจรือเสาะ,7,EbN,บูรพาค่อนเหนือ,78.75,,— ว่าง —,,,,,,
south-facilities:9606/9,สถานีตำรวจ สถานีตำรวจรือเสาะ,8,E,บูรพา (ตะวันออก),90.0,south-facilities:9604,โรงพยาบาล โรงพยาบาล​ยี่งอเฉลิม​พระเกียรติ​ 80 พรรษา,โรงพยาบาล,19.27,31.383,1.629,43.11774472760165,34.4785964036298
south-facilities:9606/9,สถานีตำรวจ สถานีตำรวจรือเสาะ,9,EbS,บูรพาค่อนใต้,101.25,,— ว่าง —,,,,,,
south-facilities:9606/9,สถานีตำรวจ สถานีตำรวจรือเสาะ,10,ESE,บูรพา-อาคเนย์,112.5,south-facilities:9605,ด่านตรวจ (ไม่ระบุชื่อ) ระแงะ,ด่านตรวจ,14.038,20.762,1.479,43.11774472760165,0.07093434087537026
south-facilities:9606/9,สถานีตำรวจ สถานีตำรวจรือเสาะ,11,SEbE,อาคเนย์ค่อนบูรพา,123.75,south-facilities:9606,ด่านตรวจ (ไม่ระบุชื่อ) รือเสาะ,ด่านตรวจ,7.856,12.518,1.593,43.11774472760165,0.0
south-facilities:9606/9,สถานีตำรวจ สถานีตำรวจรือเสาะ,12,SE,อาคเนย์ (ตอ.เฉียงใต้),135.0,,— ว่าง —,,,,,,
south-facilities:9606/9,สถานีตำรวจ สถานีตำรวจรือเสาะ,13,SEbS,อาคเนย์ค่อนใต้,146.25,south-facilities:9606/4,ด่านตรวจ (ไม่ระบุชื่อ) รือเสาะ,ด่านตรวจ,4.325,5.377,1.243,43.11774472760165,0.04583029052486393
south-facilities:9606/9,สถานีตำรวจ สถานีตำรวจรือเสาะ,14,SSE,ใต้-อาคเนย์,157.5,,— ว่าง —,,,,,,
south-facilities:9606/9,สถานีตำรวจ สถานีตำรวจรือเสาะ,15,SbE,ใต้ค่อนบูรพา,168.75,,— ว่าง —,,,,,,
south-facilities:9606/9,สถานีตำรวจ สถานีตำรวจรือเสาะ,16,S,ทักษิณ (ใต้),180.0,,— ว่าง —,,,,,,
south-facilities:9606/9,สถานีตำรวจ สถานีตำรวจรือเสาะ,17,SbW,ใต้ค่อนประจิม,191.25,south-facilities:9607,โรงพยาบาล โรงพยาบาลศรีสาคร,โรงพยาบาล,17.205,18.094,1.052,43.11774472760165,66.88629971614526
south-facilities:9606/9,สถานีตำรวจ สถานีตำรวจรือเสาะ,18,SSW,ใต้-หรดี,202.5,south-facilities:9606/2,โรงพยาบาล โรงพยาบาลรือเสาะ,โรงพยาบาล,2.089,2.059,0.985,43.11774472760165,90.45742102769908
south-facilities:9606/9,สถานีตำรวจ สถานีตำรวจรือเสาะ,19,SWbS,หรดีค่อนใต้,213.75,south-facilities:9606/3,ด่านตรวจ (ไม่ระบุชื่อ) รือเสาะ,ด่านตรวจ,1.044,1.018,0.975,43.11774472760165,0.022100993314003683
south-facilities:9606/9,สถานีตำรวจ สถานีตำรวจรือเสาะ,20,SW,หรดี (ตต.เฉียงใต้),225.0,,— ว่าง —,,,,,,
south-facilities:9606/9,สถานีตำรวจ สถานีตำรวจรือเสาะ,21,SWbW,หรดีค่อนประจิม,236.25,,— ว่าง —,,,,,,
south-facilities:9606/9,สถานีตำรวจ สถานีตำรวจรือเสาะ,22,WSW,ประจิม-หรดี,247.5,,— ว่าง —,,,,,,
south-facilities:9606/9,สถานีตำรวจ สถานีตำรวจรือเสาะ,23,WbS,ประจิมค่อนใต้,258.75,,— ว่าง —,,,,,,
south-facilities:9606/9,สถานีตำรวจ สถานีตำรวจรือเสาะ,24,W,ประจิม (ตะวันตก),270.0,,— ว่าง —,,,,,,
south-facilities:9606/9,สถานีตำรวจ สถานีตำรวจรือเสาะ,25,WbN,ประจิมค่อนเหนือ,281.25,,— ว่าง —,,,,,,
south-facilities:9606/9,สถานีตำรวจ สถานีตำรวจรือเสาะ,26,WNW,ประจิม-พายัพ,292.5,,— ว่าง —,,,,,,
south-facilities:9606/9,สถานีตำรวจ สถานีตำรวจรือเสาะ,27,NWbW,พายัพค่อนประจิม,303.75,south-facilities:9506/4,โรงพยาบาล โรงพยาบาลรามัน,โรงพยาบาล,14.182,19.273,1.359,43.11774472760165,45.37929517289792
south-facilities:9606/9,สถานีตำรวจ สถานีตำรวจรือเสาะ,28,NW,พายัพ (ตต.เฉียงเหนือ),315.0,south-facilities:9606/10,รพ.สต./สถานีอนามัย สำนักงานสาธารนสุขอำเภอรือเสาะ,รพ.สต./สถานีอนามัย,0.048,0.0,0.0,43.11774472760165,39.23968785158769
south-facilities:9606/9,สถานีตำรวจ สถานีตำรวจรือเสาะ,29,NWbN,พายัพค่อนเหนือ,326.25,,— ว่าง —,,,,,,
south-facilities:9606/9,สถานีตำรวจ สถานีตำรวจรือเสาะ,30,NNW,เหนือ-พายัพ,337.5,south-facilities:9606/6,ด่านตรวจ (ไม่ระบุชื่อ) รือเสาะ,ด่านตรวจ,3.644,4.199,1.152,43.11774472760165,0.024739096025065188
south-facilities:9606/9,สถานีตำรวจ สถานีตำรวจรือเสาะ,31,NbW,เหนือค่อนประจิม,348.75,,— ว่าง —,,,,,,
south-facilities:9606/10,รพ.สต./สถานีอนามัย สำนักงานสาธารนสุขอำเภอรือเสาะ,0,N,อุดร (เหนือ),0.0,,— ว่าง —,,,,,,
south-facilities:9606/10,รพ.สต./สถานีอนามัย สำนักงานสาธารนสุขอำเภอรือเสาะ,1,NbE,เหนือค่อนอีสาน,11.25,south-facilities:9606/5,ด่านตรวจ (ไม่ระบุชื่อ) รือเสาะ,ด่านตรวจ,0.923,1.086,1.176,39.23968785158769,0.045577771105559106
south-facilities:9606/10,รพ.สต./สถานีอนามัย สำนักงานสาธารนสุขอำเภอรือเสาะ,2,NNE,เหนือ-อีสาน,22.5,,— ว่าง —,,,,,,
south-facilities:9606/10,รพ.สต./สถานีอนามัย สำนักงานสาธารนสุขอำเภอรือเสาะ,3,NEbN,อีสานค่อนเหนือ,33.75,,— ว่าง —,,,,,,
south-facilities:9606/10,รพ.สต./สถานีอนามัย สำนักงานสาธารนสุขอำเภอรือเสาะ,4,NE,อีสาน (ตอ.เฉียงเหนือ),45.0,,— ว่าง —,,,,,,
south-facilities:9606/10,รพ.สต./สถานีอนามัย สำนักงานสาธารนสุขอำเภอรือเสาะ,5,NEbE,อีสานค่อนบูรพา,56.25,south-facilities:9603,โรงพยาบาล โรงพยาบาลบาเจาะ,โรงพยาบาล,19.86,35.854,1.805,39.23968785158769,57.37414587941606
south-facilities:9606/10,รพ.สต./สถานีอนามัย สำนักงานสาธารนสุขอำเภอรือเสาะ,6,ENE,บูรพา-อีสาน,67.5,south-facilities:9604/4,ด่านตรวจ (ไม่ระบุชื่อ) ยี่งอ,ด่านตรวจ,16.701,22.093,1.323,39.23968785158769,0.024832605752899573
south-facilities:9606/10,รพ.สต./สถานีอนามัย สำนักงานสาธารนสุขอำเภอรือเสาะ,7,EbN,บูรพาค่อนเหนือ,78.75,south-facilities:9606/8,สถานีดับเพลิง สถานีดับเพลิงรือเสาะ,สถานีดับเพลิง,0.135,0.148,1.101,39.23968785158769,84.00923147400258
south-facilities:9606/10,รพ.สต./สถานีอนามัย สำนักงานสาธารนสุขอำเภอรือเสาะ,8,E,บูรพา (ตะวันออก),90.0,south-facilities:9604,โรงพยาบาล โรงพยาบาล​ยี่งอเฉลิม​พระเกียรติ​ 80 พรรษา,โรงพยาบาล,19.306,31.383,1.626,39.23968785158769,34.4785964036298
south-facilities:9606/10,รพ.สต./สถานีอนามัย สำนักงานสาธารนสุขอำเภอรือเสาะ,9,EbS,บูรพาค่อนใต้,101.25,,— ว่าง —,,,,,,
south-facilities:9606/10,รพ.สต./สถานีอนามัย สำนักงานสาธารนสุขอำเภอรือเสาะ,10,ESE,บูรพา-อาคเนย์,112.5,south-facilities:9605,ด่านตรวจ (ไม่ระบุชื่อ) ระแงะ,ด่านตรวจ,14.084,20.762,1.474,39.23968785158769,0.07093434087537026
south-facilities:9606/10,รพ.สต./สถานีอนามัย สำนักงานสาธารนสุขอำเภอรือเสาะ,11,SEbE,อาคเนย์ค่อนบูรพา,123.75,south-facilities:9606,ด่านตรวจ (ไม่ระบุชื่อ) รือเสาะ,ด่านตรวจ,7.904,12.518,1.584,39.23968785158769,0.0
south-facilities:9606/10,รพ.สต./สถานีอนามัย สำนักงานสาธารนสุขอำเภอรือเสาะ,12,SE,อาคเนย์ (ตอ.เฉียงใต้),135.0,south-facilities:9606/9,สถานีตำรวจ สถานีตำรวจรือเสาะ,สถานีตำรวจ,0.048,0.0,0.0,39.23968785158769,43.11774472760165
south-facilities:9606/10,รพ.สต./สถานีอนามัย สำนักงานสาธารนสุขอำเภอรือเสาะ,13,SEbS,อาคเนย์ค่อนใต้,146.25,south-facilities:9606/4,ด่านตรวจ (ไม่ระบุชื่อ) รือเสาะ,ด่านตรวจ,4.371,5.377,1.23,39.23968785158769,0.04583029052486393
south-facilities:9606/10,รพ.สต./สถานีอนามัย สำนักงานสาธารนสุขอำเภอรือเสาะ,14,SSE,ใต้-อาคเนย์,157.5,,— ว่าง —,,,,,,
south-facilities:9606/10,รพ.สต./สถานีอนามัย สำนักงานสาธารนสุขอำเภอรือเสาะ,15,SbE,ใต้ค่อนบูรพา,168.75,,— ว่าง —,,,,,,
south-facilities:9606/10,รพ.สต./สถานีอนามัย สำนักงานสาธารนสุขอำเภอรือเสาะ,16,S,ทักษิณ (ใต้),180.0,,— ว่าง —,,,,,,
south-facilities:9606/10,รพ.สต./สถานีอนามัย สำนักงานสาธารนสุขอำเภอรือเสาะ,17,SbW,ใต้ค่อนประจิม,191.25,south-facilities:9607,โรงพยาบาล โรงพยาบาลศรีสาคร,โรงพยาบาล,17.232,18.094,1.05,39.23968785158769,66.88629971614526
south-facilities:9606/10,รพ.สต./สถานีอนามัย สำนักงานสาธารนสุขอำเภอรือเสาะ,18,SSW,ใต้-หรดี,202.5,south-facilities:9606/2,โรงพยาบาล โรงพยาบาลรือเสาะ,โรงพยาบาล,2.102,2.059,0.98,39.23968785158769,90.45742102769908
south-facilities:9606/10,รพ.สต./สถานีอนามัย สำนักงานสาธารนสุขอำเภอรือเสาะ,19,SWbS,หรดีค่อนใต้,213.75,south-facilities:9606/3,ด่านตรวจ (ไม่ระบุชื่อ) รือเสาะ,ด่านตรวจ,1.054,1.018,0.966,39.23968785158769,0.022100993314003683
south-facilities:9606/10,รพ.สต./สถานีอนามัย สำนักงานสาธารนสุขอำเภอรือเสาะ,20,SW,หรดี (ตต.เฉียงใต้),225.0,,— ว่าง —,,,,,,
south-facilities:9606/10,รพ.สต./สถานีอนามัย สำนักงานสาธารนสุขอำเภอรือเสาะ,21,SWbW,หรดีค่อนประจิม,236.25,,— ว่าง —,,,,,,
south-facilities:9606/10,รพ.สต./สถานีอนามัย สำนักงานสาธารนสุขอำเภอรือเสาะ,22,WSW,ประจิม-หรดี,247.5,,— ว่าง —,,,,,,
south-facilities:9606/10,รพ.สต./สถานีอนามัย สำนักงานสาธารนสุขอำเภอรือเสาะ,23,WbS,ประจิมค่อนใต้,258.75,,— ว่าง —,,,,,,
south-facilities:9606/10,รพ.สต./สถานีอนามัย สำนักงานสาธารนสุขอำเภอรือเสาะ,24,W,ประจิม (ตะวันตก),270.0,,— ว่าง —,,,,,,
south-facilities:9606/10,รพ.สต./สถานีอนามัย สำนักงานสาธารนสุขอำเภอรือเสาะ,25,WbN,ประจิมค่อนเหนือ,281.25,,— ว่าง —,,,,,,
south-facilities:9606/10,รพ.สต./สถานีอนามัย สำนักงานสาธารนสุขอำเภอรือเสาะ,26,WNW,ประจิม-พายัพ,292.5,,— ว่าง —,,,,,,
south-facilities:9606/10,รพ.สต./สถานีอนามัย สำนักงานสาธารนสุขอำเภอรือเสาะ,27,NWbW,พายัพค่อนประจิม,303.75,south-facilities:9506/4,โรงพยาบาล โรงพยาบาลรามัน,โรงพยาบาล,14.134,19.273,1.364,39.23968785158769,45.37929517289792
south-facilities:9606/10,รพ.สต./สถานีอนามัย สำนักงานสาธารนสุขอำเภอรือเสาะ,28,NW,พายัพ (ตต.เฉียงเหนือ),315.0,south-facilities:9506/2,ด่านตรวจ (ไม่ระบุชื่อ) รามัน,ด่านตรวจ,23.457,39.356,1.678,39.23968785158769,0.022238985381478615
south-facilities:9606/10,รพ.สต./สถานีอนามัย สำนักงานสาธารนสุขอำเภอรือเสาะ,29,NWbN,พายัพค่อนเหนือ,326.25,,— ว่าง —,,,,,,
south-facilities:9606/10,รพ.สต./สถานีอนามัย สำนักงานสาธารนสุขอำเภอรือเสาะ,30,NNW,เหนือ-พายัพ,337.5,south-facilities:9606/6,ด่านตรวจ (ไม่ระบุชื่อ) รือเสาะ,ด่านตรวจ,3.602,4.199,1.166,39.23968785158769,0.024739096025065188
south-facilities:9606/10,รพ.สต./สถานีอนามัย สำนักงานสาธารนสุขอำเภอรือเสาะ,31,NbW,เหนือค่อนประจิม,348.75,,— ว่าง —,,,,,,
south-facilities:9607,โรงพยาบาล โรงพยาบาลศรีสาคร,0,N,อุดร (เหนือ),0.0,south-facilities:9606/2,โรงพยาบาล โรงพยาบาลรือเสาะ,โรงพยาบาล,15.265,16.035,1.05,66.88629971614526,90.45742102769908
south-facilities:9607,โรงพยาบาล โรงพยาบาลศรีสาคร,1,NbE,เหนือค่อนอีสาน,11.25,south-facilities:9606/9,สถานีตำรวจ สถานีตำรวจรือเสาะ,สถานีตำรวจ,17.205,18.094,1.052,66.88629971614526,43.11774472760165
south-facilities:9607,โรงพยาบาล โรงพยาบาลศรีสาคร,2,NNE,เหนือ-อีสาน,22.5,south-facilities:9606/4,ด่านตรวจ (ไม่ระบุชื่อ) รือเสาะ,ด่านตรวจ,14.028,21.349,1.522,66.88629971614526,0.04583029052486393
south-facilities:9607,โรงพยาบาล โรงพยาบาลศรีสาคร,3,NEbN,อีสานค่อนเหนือ,33.75,south-facilities:9606,ด่านตรวจ (ไม่ระบุชื่อ) รือเสาะ,ด่านตรวจ,15.489,19.94,1.287,66.88629971614526,0.0
south-facilities:9607,โรงพยาบาล โรงพยาบาลศรีสาคร,4,NE,อีสาน (ตอ.เฉียงเหนือ),45.0,,— ว่าง —,,,,,,
south-facilities:9607,โรงพยาบาล โรงพยาบาลศรีสาคร,5,NEbE,อีสานค่อนบูรพา,56.25,south-facilities:9605,ด่านตรวจ (ไม่ระบุชื่อ) ระแงะ,ด่านตรวจ,18.42,28.184,1.53,66.88629971614526,0.07093434087537026
south-facilities:9607,โรงพยาบาล โรงพยาบาลศรีสาคร,6,ENE,บูรพา-อีสาน,67.5,,— ว่าง —,,,,,,
south-facilities:9607,โรงพยาบาล โรงพยาบาลศรีสาคร,7,EbN,บูรพาค่อนเหนือ,78.75,,— ว่าง —,,,,,,
south-facilities:9607,โรงพยาบาล โรงพยาบาลศรีสาคร,8,E,บูรพา (ตะวันออก),90.0,,— ว่าง —,,,,,,
south-facilities:9607,โรงพยาบาล โรงพยาบาลศรีสาคร,9,EbS,บูรพาค่อนใต้,101.25,,— ว่าง —,,,,,,
south-facilities:9607,โรงพยาบาล โรงพยาบาลศรีสาคร,10,ESE,บูรพา-อาคเนย์,112.5,,— ว่าง —,,,,,,
south-facilities:9607,โรงพยาบาล โรงพยาบาลศรีสาคร,11,SEbE,อาคเนย์ค่อนบูรพา,123.75,,— ว่าง —,,,,,,
south-facilities:9607,โรงพยาบาล โรงพยาบาลศรีสาคร,12,SE,อาคเนย์ (ตอ.เฉียงใต้),135.0,,— ว่าง —,,,,,,
south-facilities:9607,โรงพยาบาล โรงพยาบาลศรีสาคร,13,SEbS,อาคเนย์ค่อนใต้,146.25,,— ว่าง —,,,,,,
south-facilities:9607,โรงพยาบาล โรงพยาบาลศรีสาคร,14,SSE,ใต้-อาคเนย์,157.5,,— ว่าง —,,,,,,
south-facilities:9607,โรงพยาบาล โรงพยาบาลศรีสาคร,15,SbE,ใต้ค่อนบูรพา,168.75,,— ว่าง —,,,,,,
south-facilities:9607,โรงพยาบาล โรงพยาบาลศรีสาคร,16,S,ทักษิณ (ใต้),180.0,,— ว่าง —,,,,,,
south-facilities:9607,โรงพยาบาล โรงพยาบาลศรีสาคร,17,SbW,ใต้ค่อนประจิม,191.25,,— ว่าง —,,,,,,
south-facilities:9607,โรงพยาบาล โรงพยาบาลศรีสาคร,18,SSW,ใต้-หรดี,202.5,,— ว่าง —,,,,,,
south-facilities:9607,โรงพยาบาล โรงพยาบาลศรีสาคร,19,SWbS,หรดีค่อนใต้,213.75,,— ว่าง —,,,,,,
south-facilities:9607,โรงพยาบาล โรงพยาบาลศรีสาคร,20,SW,หรดี (ตต.เฉียงใต้),225.0,,— ว่าง —,,,,,,
south-facilities:9607,โรงพยาบาล โรงพยาบาลศรีสาคร,21,SWbW,หรดีค่อนประจิม,236.25,,— ว่าง —,,,,,,
south-facilities:9607,โรงพยาบาล โรงพยาบาลศรีสาคร,22,WSW,ประจิม-หรดี,247.5,,— ว่าง —,,,,,,
south-facilities:9607,โรงพยาบาล โรงพยาบาลศรีสาคร,23,WbS,ประจิมค่อนใต้,258.75,,— ว่าง —,,,,,,
south-facilities:9607,โรงพยาบาล โรงพยาบาลศรีสาคร,24,W,ประจิม (ตะวันตก),270.0,,— ว่าง —,,,,,,
south-facilities:9607,โรงพยาบาล โรงพยาบาลศรีสาคร,25,WbN,ประจิมค่อนเหนือ,281.25,,— ว่าง —,,,,,,
south-facilities:9607,โรงพยาบาล โรงพยาบาลศรีสาคร,26,WNW,ประจิม-พายัพ,292.5,,— ว่าง —,,,,,,
south-facilities:9607,โรงพยาบาล โรงพยาบาลศรีสาคร,27,NWbW,พายัพค่อนประจิม,303.75,,— ว่าง —,,,,,,
south-facilities:9607,โรงพยาบาล โรงพยาบาลศรีสาคร,28,NW,พายัพ (ตต.เฉียงเหนือ),315.0,,— ว่าง —,,,,,,
south-facilities:9607,โรงพยาบาล โรงพยาบาลศรีสาคร,29,NWbN,พายัพค่อนเหนือ,326.25,,— ว่าง —,,,,,,
south-facilities:9607,โรงพยาบาล โรงพยาบาลศรีสาคร,30,NNW,เหนือ-พายัพ,337.5,,— ว่าง —,,,,,,
south-facilities:9607,โรงพยาบาล โรงพยาบาลศรีสาคร,31,NbW,เหนือค่อนประจิม,348.75,,— ว่าง —,,,,,,
south-facilities:9608,โรงพยาบาล โรงพยาบาลแว้ง,0,N,อุดร (เหนือ),0.0,south-facilities:9611,โรงพยาบาล โรงพยาบาลสุไหงปาดี,โรงพยาบาล,15.547,18.971,1.22,104.742827578945,98.23485337496163
south-facilities:9608,โรงพยาบาล โรงพยาบาลแว้ง,1,NbE,เหนือค่อนอีสาน,11.25,,— ว่าง —,,,,,,
south-facilities:9608,โรงพยาบาล โรงพยาบาลแว้ง,2,NNE,เหนือ-อีสาน,22.5,,— ว่าง —,,,,,,
south-facilities:9608,โรงพยาบาล โรงพยาบาลแว้ง,3,NEbN,อีสานค่อนเหนือ,33.75,,— ว่าง —,,,,,,
south-facilities:9608,โรงพยาบาล โรงพยาบาลแว้ง,4,NE,อีสาน (ตอ.เฉียงเหนือ),45.0,south-facilities:9610/3,สถานีตำรวจ Police Station,สถานีตำรวจ,12.407,15.069,1.215,104.742827578945,36.32873307419211
south-facilities:9608,โรงพยาบาล โรงพยาบาลแว้ง,5,NEbE,อีสานค่อนบูรพา,56.25,,— ว่าง —,,,,,,
south-facilities:9608,โรงพยาบาล โรงพยาบาลแว้ง,6,ENE,บูรพา-อีสาน,67.5,,— ว่าง —,,,,,,
south-facilities:9608,โรงพยาบาล โรงพยาบาลแว้ง,7,EbN,บูรพาค่อนเหนือ,78.75,,— ว่าง —,,,,,,
south-facilities:9608,โรงพยาบาล โรงพยาบาลแว้ง,8,E,บูรพา (ตะวันออก),90.0,,— ว่าง —,,,,,,
south-facilities:9608,โรงพยาบาล โรงพยาบาลแว้ง,9,EbS,บูรพาค่อนใต้,101.25,,— ว่าง —,,,,,,
south-facilities:9608,โรงพยาบาล โรงพยาบาลแว้ง,10,ESE,บูรพา-อาคเนย์,112.5,,— ว่าง —,,,,,,
south-facilities:9608,โรงพยาบาล โรงพยาบาลแว้ง,11,SEbE,อาคเนย์ค่อนบูรพา,123.75,,— ว่าง —,,,,,,
south-facilities:9608,โรงพยาบาล โรงพยาบาลแว้ง,12,SE,อาคเนย์ (ตอ.เฉียงใต้),135.0,,— ว่าง —,,,,,,
south-facilities:9608,โรงพยาบาล โรงพยาบาลแว้ง,13,SEbS,อาคเนย์ค่อนใต้,146.25,,— ว่าง —,,,,,,
south-facilities:9608,โรงพยาบาล โรงพยาบาลแว้ง,14,SSE,ใต้-อาคเนย์,157.5,,— ว่าง —,,,,,,
south-facilities:9608,โรงพยาบาล โรงพยาบาลแว้ง,15,SbE,ใต้ค่อนบูรพา,168.75,,— ว่าง —,,,,,,
south-facilities:9608,โรงพยาบาล โรงพยาบาลแว้ง,16,S,ทักษิณ (ใต้),180.0,,— ว่าง —,,,,,,
south-facilities:9608,โรงพยาบาล โรงพยาบาลแว้ง,17,SbW,ใต้ค่อนประจิม,191.25,,— ว่าง —,,,,,,
south-facilities:9608,โรงพยาบาล โรงพยาบาลแว้ง,18,SSW,ใต้-หรดี,202.5,,— ว่าง —,,,,,,
south-facilities:9608,โรงพยาบาล โรงพยาบาลแว้ง,19,SWbS,หรดีค่อนใต้,213.75,,— ว่าง —,,,,,,
south-facilities:9608,โรงพยาบาล โรงพยาบาลแว้ง,20,SW,หรดี (ตต.เฉียงใต้),225.0,,— ว่าง —,,,,,,
south-facilities:9608,โรงพยาบาล โรงพยาบาลแว้ง,21,SWbW,หรดีค่อนประจิม,236.25,,— ว่าง —,,,,,,
south-facilities:9608,โรงพยาบาล โรงพยาบาลแว้ง,22,WSW,ประจิม-หรดี,247.5,,— ว่าง —,,,,,,
south-facilities:9608,โรงพยาบาล โรงพยาบาลแว้ง,23,WbS,ประจิมค่อนใต้,258.75,,— ว่าง —,,,,,,
south-facilities:9608,โรงพยาบาล โรงพยาบาลแว้ง,24,W,ประจิม (ตะวันตก),270.0,south-facilities:9609/2,หน่วยกู้ภัย (ไม่ระบุชื่อ) สุคิริน,หน่วยกู้ภัย,12.141,17.395,1.433,104.742827578945,222.58722157170945
south-facilities:9608,โรงพยาบาล โรงพยาบาลแว้ง,25,WbN,ประจิมค่อนเหนือ,281.25,,— ว่าง —,,,,,,
south-facilities:9608,โรงพยาบาล โรงพยาบาลแว้ง,26,WNW,ประจิม-พายัพ,292.5,,— ว่าง —,,,,,,
south-facilities:9608,โรงพยาบาล โรงพยาบาลแว้ง,27,NWbW,พายัพค่อนประจิม,303.75,,— ว่าง —,,,,,,
south-facilities:9608,โรงพยาบาล โรงพยาบาลแว้ง,28,NW,พายัพ (ตต.เฉียงเหนือ),315.0,,— ว่าง —,,,,,,
south-facilities:9608,โรงพยาบาล โรงพยาบาลแว้ง,29,NWbN,พายัพค่อนเหนือ,326.25,,— ว่าง —,,,,,,
south-facilities:9608,โรงพยาบาล โรงพยาบาลแว้ง,30,NNW,เหนือ-พายัพ,337.5,,— ว่าง —,,,,,,
south-facilities:9608,โรงพยาบาล โรงพยาบาลแว้ง,31,NbW,เหนือค่อนประจิม,348.75,,— ว่าง —,,,,,,
south-facilities:9609,ด่านตรวจ (ไม่ระบุชื่อ) สุคิริน,0,N,อุดร (เหนือ),0.0,,— ว่าง —,,,,,,
south-facilities:9609,ด่านตรวจ (ไม่ระบุชื่อ) สุคิริน,1,NbE,เหนือค่อนอีสาน,11.25,,— ว่าง —,,,,,,
south-facilities:9609,ด่านตรวจ (ไม่ระบุชื่อ) สุคิริน,2,NNE,เหนือ-อีสาน,22.5,,— ว่าง —,,,,,,
south-facilities:9609,ด่านตรวจ (ไม่ระบุชื่อ) สุคิริน,3,NEbN,อีสานค่อนเหนือ,33.75,south-facilities:9611,โรงพยาบาล โรงพยาบาลสุไหงปาดี,โรงพยาบาล,19.241,24.543,1.276,0.01568310875389913,98.23485337496163
south-facilities:9609,ด่านตรวจ (ไม่ระบุชื่อ) สุคิริน,4,NE,อีสาน (ตอ.เฉียงเหนือ),45.0,,— ว่าง —,,,,,,
south-facilities:9609,ด่านตรวจ (ไม่ระบุชื่อ) สุคิริน,5,NEbE,อีสานค่อนบูรพา,56.25,,— ว่าง —,,,,,,
south-facilities:9609,ด่านตรวจ (ไม่ระบุชื่อ) สุคิริน,6,ENE,บูรพา-อีสาน,67.5,south-facilities:9610/3,สถานีตำรวจ Police Station,สถานีตำรวจ,23.191,32.802,1.414,0.01568310875389913,36.32873307419211
south-facilities:9609,ด่านตรวจ (ไม่ระบุชื่อ) สุคิริน,7,EbN,บูรพาค่อนเหนือ,78.75,,— ว่าง —,,,,,,
south-facilities:9609,ด่านตรวจ (ไม่ระบุชื่อ) สุคิริน,8,E,บูรพา (ตะวันออก),90.0,south-facilities:9608,โรงพยาบาล โรงพยาบาลแว้ง,โรงพยาบาล,12.842,18.304,1.425,0.01568310875389913,104.742827578945
south-facilities:9609,ด่านตรวจ (ไม่ระบุชื่อ) สุคิริน,9,EbS,บูรพาค่อนใต้,101.25,,— ว่าง —,,,,,,
south-facilities:9609,ด่านตรวจ (ไม่ระบุชื่อ) สุคิริน,10,ESE,บูรพา-อาคเนย์,112.5,south-facilities:9609/5,โรงพยาบาล โรงพยาบาลสุคิริน,โรงพยาบาล,0.727,0.821,1.13,0.01568310875389913,167.77802359633367
south-facilities:9609,ด่านตรวจ (ไม่ระบุชื่อ) สุคิริน,11,SEbE,อาคเนย์ค่อนบูรพา,123.75,south-facilities:9609/2,หน่วยกู้ภัย (ไม่ระบุชื่อ) สุคิริน,หน่วยกู้ภัย,0.796,1.054,1.325,0.01568310875389913,222.58722157170945
south-facilities:9609,ด่านตรวจ (ไม่ระบุชื่อ) สุคิริน,12,SE,อาคเนย์ (ตอ.เฉียงใต้),135.0,,— ว่าง —,,,,,,
south-facilities:9609,ด่านตรวจ (ไม่ระบุชื่อ) สุคิริน,13,SEbS,อาคเนย์ค่อนใต้,146.25,south-facilities:9609/3,สถานีตำรวจ (ไม่ระบุชื่อ) สุคิริน,สถานีตำรวจ,0.865,1.487,1.719,0.01568310875389913,502.7298131174381
south-facilities:9609,ด่านตรวจ (ไม่ระบุชื่อ) สุคิริน,14,SSE,ใต้-อาคเนย์,157.5,,— ว่าง —,,,,,,
south-facilities:9609,ด่านตรวจ (ไม่ระบุชื่อ) สุคิริน,15,SbE,ใต้ค่อนบูรพา,168.75,,— ว่าง —,,,,,,
south-facilities:9609,ด่านตรวจ (ไม่ระบุชื่อ) สุคิริน,16,S,ทักษิณ (ใต้),180.0,,— ว่าง —,,,,,,
south-facilities:9609,ด่านตรวจ (ไม่ระบุชื่อ) สุคิริน,17,SbW,ใต้ค่อนประจิม,191.25,,— ว่าง —,,,,,,
south-facilities:9609,ด่านตรวจ (ไม่ระบุชื่อ) สุคิริน,18,SSW,ใต้-หรดี,202.5,,— ว่าง —,,,,,,
south-facilities:9609,ด่านตรวจ (ไม่ระบุชื่อ) สุคิริน,19,SWbS,หรดีค่อนใต้,213.75,,— ว่าง —,,,,,,
south-facilities:9609,ด่านตรวจ (ไม่ระบุชื่อ) สุคิริน,20,SW,หรดี (ตต.เฉียงใต้),225.0,,— ว่าง —,,,,,,
south-facilities:9609,ด่านตรวจ (ไม่ระบุชื่อ) สุคิริน,21,SWbW,หรดีค่อนประจิม,236.25,,— ว่าง —,,,,,,
south-facilities:9609,ด่านตรวจ (ไม่ระบุชื่อ) สุคิริน,22,WSW,ประจิม-หรดี,247.5,,— ว่าง —,,,,,,
south-facilities:9609,ด่านตรวจ (ไม่ระบุชื่อ) สุคิริน,23,WbS,ประจิมค่อนใต้,258.75,,— ว่าง —,,,,,,
south-facilities:9609,ด่านตรวจ (ไม่ระบุชื่อ) สุคิริน,24,W,ประจิม (ตะวันตก),270.0,,— ว่าง —,,,,,,
south-facilities:9609,ด่านตรวจ (ไม่ระบุชื่อ) สุคิริน,25,WbN,ประจิมค่อนเหนือ,281.25,,— ว่าง —,,,,,,
south-facilities:9609,ด่านตรวจ (ไม่ระบุชื่อ) สุคิริน,26,WNW,ประจิม-พายัพ,292.5,,— ว่าง —,,,,,,
south-facilities:9609,ด่านตรวจ (ไม่ระบุชื่อ) สุคิริน,27,NWbW,พายัพค่อนประจิม,303.75,south-facilities:9609/4,ด่านตรวจ (ไม่ระบุชื่อ) สุคิริน,ด่านตรวจ,0.02,0.026,1.294,0.01568310875389913,0.033179068860102606
south-facilities:9609,ด่านตรวจ (ไม่ระบุชื่อ) สุคิริน,28,NW,พายัพ (ตต.เฉียงเหนือ),315.0,,— ว่าง —,,,,,,
south-facilities:9609,ด่านตรวจ (ไม่ระบุชื่อ) สุคิริน,29,NWbN,พายัพค่อนเหนือ,326.25,,— ว่าง —,,,,,,
south-facilities:9609,ด่านตรวจ (ไม่ระบุชื่อ) สุคิริน,30,NNW,เหนือ-พายัพ,337.5,south-facilities:9612,โรงพยาบาล โรงพยาบาลจะแนะ,โรงพยาบาล,22.241,34.652,1.558,0.01568310875389913,54.81603764306187
south-facilities:9609,ด่านตรวจ (ไม่ระบุชื่อ) สุคิริน,31,NbW,เหนือค่อนประจิม,348.75,,— ว่าง —,,,,,,
south-facilities:9609/2,หน่วยกู้ภัย (ไม่ระบุชื่อ) สุคิริน,0,N,อุดร (เหนือ),0.0,,— ว่าง —,,,,,,
south-facilities:9609/2,หน่วยกู้ภัย (ไม่ระบุชื่อ) สุคิริน,1,NbE,เหนือค่อนอีสาน,11.25,,— ว่าง —,,,,,,
south-facilities:9609/2,หน่วยกู้ภัย (ไม่ระบุชื่อ) สุคิริน,2,NNE,เหนือ-อีสาน,22.5,,— ว่าง —,,,,,,
south-facilities:9609/2,หน่วยกู้ภัย (ไม่ระบุชื่อ) สุคิริน,3,NEbN,อีสานค่อนเหนือ,33.75,south-facilities:9611,โรงพยาบาล โรงพยาบาลสุไหงปาดี,โรงพยาบาล,19.132,25.597,1.338,222.58722157170945,98.23485337496163
south-facilities:9609/2,หน่วยกู้ภัย (ไม่ระบุชื่อ) สุคิริน,4,NE,อีสาน (ตอ.เฉียงเหนือ),45.0,,— ว่าง —,,,,,,
south-facilities:9609/2,หน่วยกู้ภัย (ไม่ระบุชื่อ) สุคิริน,5,NEbE,อีสานค่อนบูรพา,56.25,,— ว่าง —,,,,,,
south-facilities:9609/2,หน่วยกู้ภัย (ไม่ระบุชื่อ) สุคิริน,6,ENE,บูรพา-อีสาน,67.5,south-facilities:9610/3,สถานีตำรวจ Police Station,สถานีตำรวจ,22.69,32.32,1.424,222.58722157170945,36.32873307419211
south-facilities:9609/2,หน่วยกู้ภัย (ไม่ระบุชื่อ) สุคิริน,7,EbN,บูรพาค่อนเหนือ,78.75,,— ว่าง —,,,,,,
south-facilities:9609/2,หน่วยกู้ภัย (ไม่ระบุชื่อ) สุคิริน,8,E,บูรพา (ตะวันออก),90.0,south-facilities:9608,โรงพยาบาล โรงพยาบาลแว้ง,โรงพยาบาล,12.141,17.25,1.421,222.58722157170945,104.742827578945
south-facilities:9609/2,หน่วยกู้ภัย (ไม่ระบุชื่อ) สุคิริน,9,EbS,บูรพาค่อนใต้,101.25,,— ว่าง —,,,,,,
south-facilities:9609/2,หน่วยกู้ภัย (ไม่ระบุชื่อ) สุคิริน,10,ESE,บูรพา-อาคเนย์,112.5,,— ว่าง —,,,,,,
south-facilities:9609/2,หน่วยกู้ภัย (ไม่ระบุชื่อ) สุคิริน,11,SEbE,อาคเนย์ค่อนบูรพา,123.75,,— ว่าง —,,,,,,
south-facilities:9609/2,หน่วยกู้ภัย (ไม่ระบุชื่อ) สุคิริน,12,SE,อาคเนย์ (ตอ.เฉียงใต้),135.0,,— ว่าง —,,,,,,
south-facilities:9609/2,หน่วยกู้ภัย (ไม่ระบุชื่อ) สุคิริน,13,SEbS,อาคเนย์ค่อนใต้,146.25,,— ว่าง —,,,,,,
south-facilities:9609/2,หน่วยกู้ภัย (ไม่ระบุชื่อ) สุคิริน,14,SSE,ใต้-อาคเนย์,157.5,,— ว่าง —,,,,,,
south-facilities:9609/2,หน่วยกู้ภัย (ไม่ระบุชื่อ) สุคิริน,15,SbE,ใต้ค่อนบูรพา,168.75,,— ว่าง —,,,,,,
south-facilities:9609/2,หน่วยกู้ภัย (ไม่ระบุชื่อ) สุคิริน,16,S,ทักษิณ (ใต้),180.0,,— ว่าง —,,,,,,
south-facilities:9609/2,หน่วยกู้ภัย (ไม่ระบุชื่อ) สุคิริน,17,SbW,ใต้ค่อนประจิม,191.25,,— ว่าง —,,,,,,
south-facilities:9609/2,หน่วยกู้ภัย (ไม่ระบุชื่อ) สุคิริน,18,SSW,ใต้-หรดี,202.5,,— ว่าง —,,,,,,
south-facilities:9609/2,หน่วยกู้ภัย (ไม่ระบุชื่อ) สุคิริน,19,SWbS,หรดีค่อนใต้,213.75,south-facilities:9609/3,สถานีตำรวจ (ไม่ระบุชื่อ) สุคิริน,สถานีตำรวจ,0.442,0.433,0.98,222.58722157170945,502.7298131174381
south-facilities:9609/2,หน่วยกู้ภัย (ไม่ระบุชื่อ) สุคิริน,20,SW,หรดี (ตต.เฉียงใต้),225.0,,— ว่าง —,,,,,,
south-facilities:9609/2,หน่วยกู้ภัย (ไม่ระบุชื่อ) สุคิริน,21,SWbW,หรดีค่อนประจิม,236.25,,— ว่าง —,,,,,,
south-facilities:9609/2,หน่วยกู้ภัย (ไม่ระบุชื่อ) สุคิริน,22,WSW,ประจิม-หรดี,247.5,,— ว่าง —,,,,,,
south-facilities:9609/2,หน่วยกู้ภัย (ไม่ระบุชื่อ) สุคิริน,23,WbS,ประจิมค่อนใต้,258.75,,— ว่าง —,,,,,,
south-facilities:9609/2,หน่วยกู้ภัย (ไม่ระบุชื่อ) สุคิริน,24,W,ประจิม (ตะวันตก),270.0,,— ว่าง —,,,,,,
south-facilities:9609/2,หน่วยกู้ภัย (ไม่ระบุชื่อ) สุคิริน,25,WbN,ประจิมค่อนเหนือ,281.25,,— ว่าง —,,,,,,
south-facilities:9609/2,หน่วยกู้ภัย (ไม่ระบุชื่อ) สุคิริน,26,WNW,ประจิม-พายัพ,292.5,,— ว่าง —,,,,,,
south-facilities:9609/2,หน่วยกู้ภัย (ไม่ระบุชื่อ) สุคิริน,27,NWbW,พายัพค่อนประจิม,303.75,south-facilities:9609,ด่านตรวจ (ไม่ระบุชื่อ) สุคิริน,ด่านตรวจ,0.796,1.054,1.325,222.58722157170945,0.01568310875389913
south-facilities:9609/2,หน่วยกู้ภัย (ไม่ระบุชื่อ) สุคิริน,28,NW,พายัพ (ตต.เฉียงเหนือ),315.0,,— ว่าง —,,,,,,
south-facilities:9609/2,หน่วยกู้ภัย (ไม่ระบุชื่อ) สุคิริน,29,NWbN,พายัพค่อนเหนือ,326.25,,— ว่าง —,,,,,,
south-facilities:9609/2,หน่วยกู้ภัย (ไม่ระบุชื่อ) สุคิริน,30,NNW,เหนือ-พายัพ,337.5,south-facilities:9609/5,โรงพยาบาล โรงพยาบาลสุคิริน,โรงพยาบาล,0.093,0.233,2.497,222.58722157170945,167.77802359633367
south-facilities:9609/2,หน่วยกู้ภัย (ไม่ระบุชื่อ) สุคิริน,31,NbW,เหนือค่อนประจิม,348.75,,— ว่าง —,,,,,,
south-facilities:9609/3,สถานีตำรวจ (ไม่ระบุชื่อ) สุคิริน,0,N,อุดร (เหนือ),0.0,,— ว่าง —,,,,,,
south-facilities:9609/3,สถานีตำรวจ (ไม่ระบุชื่อ) สุคิริน,1,NbE,เหนือค่อนอีสาน,11.25,,— ว่าง —,,,,,,
south-facilities:9609/3,สถานีตำรวจ (ไม่ระบุชื่อ) สุคิริน,2,NNE,เหนือ-อีสาน,22.5,south-facilities:9609/5,โรงพยาบาล โรงพยาบาลสุคิริน,โรงพยาบาล,0.499,0.666,1.333,502.7298131174381,167.77802359633367
south-facilities:9609/3,สถานีตำรวจ (ไม่ระบุชื่อ) สุคิริน,3,NEbN,อีสานค่อนเหนือ,33.75,south-facilities:9609/2,หน่วยกู้ภัย (ไม่ระบุชื่อ) สุคิริน,หน่วยกู้ภัย,0.442,0.433,0.98,502.7298131174381,222.58722157170945
south-facilities:9609/3,สถานีตำรวจ (ไม่ระบุชื่อ) สุคิริน,4,NE,อีสาน (ตอ.เฉียงเหนือ),45.0,,— ว่าง —,,,,,,
south-facilities:9609/3,สถานีตำรวจ (ไม่ระบุชื่อ) สุคิริน,5,NEbE,อีสานค่อนบูรพา,56.25,,— ว่าง —,,,,,,
south-facilities:9609/3,สถานีตำรวจ (ไม่ระบุชื่อ) สุคิริน,6,ENE,บูรพา-อีสาน,67.5,south-facilities:9610/3,สถานีตำรวจ Police Station,สถานีตำรวจ,23.067,31.887,1.382,502.7298131174381,36.32873307419211
south-facilities:9609/3,สถานีตำรวจ (ไม่ระบุชื่อ) สุคิริน,7,EbN,บูรพาค่อนเหนือ,78.75,,— ว่าง —,,,,,,
south-facilities:9609/3,สถานีตำรวจ (ไม่ระบุชื่อ) สุคิริน,8,E,บูรพา (ตะวันออก),90.0,south-facilities:9608,โรงพยาบาล โรงพยาบาลแว้ง,โรงพยาบาล,12.403,16.818,1.356,502.7298131174381,104.742827578945
south-facilities:9609/3,สถานีตำรวจ (ไม่ระบุชื่อ) สุคิริน,9,EbS,บูรพาค่อนใต้,101.25,,— ว่าง —,,,,,,
south-facilities:9609/3,สถานีตำรวจ (ไม่ระบุชื่อ) สุคิริน,10,ESE,บูรพา-อาคเนย์,112.5,,— ว่าง —,,,,,,
south-facilities:9609/3,สถานีตำรวจ (ไม่ระบุชื่อ) สุคิริน,11,SEbE,อาคเนย์ค่อนบูรพา,123.75,,— ว่าง —,,,,,,
south-facilities:9609/3,สถานีตำรวจ (ไม่ระบุชื่อ) สุคิริน,12,SE,อาคเนย์ (ตอ.เฉียงใต้),135.0,,— ว่าง —,,,,,,
south-facilities:9609/3,สถานีตำรวจ (ไม่ระบุชื่อ) สุคิริน,13,SEbS,อาคเนย์ค่อนใต้,146.25,,— ว่าง —,,,,,,
south-facilities:9609/3,สถานีตำรวจ (ไม่ระบุชื่อ) สุคิริน,14,SSE,ใต้-อาคเนย์,157.5,,— ว่าง —,,,,,,
south-facilities:9609/3,สถานีตำรวจ (ไม่ระบุชื่อ) สุคิริน,15,SbE,ใต้ค่อนบูรพา,168.75,,— ว่าง —,,,,,,
south-facilities:9609/3,สถานีตำรวจ (ไม่ระบุชื่อ) สุคิริน,16,S,ทักษิณ (ใต้),180.0,,— ว่าง —,,,,,,
south-facilities:9609/3,สถานีตำรวจ (ไม่ระบุชื่อ) สุคิริน,17,SbW,ใต้ค่อนประจิม,191.25,,— ว่าง —,,,,,,
south-facilities:9609/3,สถานีตำรวจ (ไม่ระบุชื่อ) สุคิริน,18,SSW,ใต้-หรดี,202.5,,— ว่าง —,,,,,,
south-facilities:9609/3,สถานีตำรวจ (ไม่ระบุชื่อ) สุคิริน,19,SWbS,หรดีค่อนใต้,213.75,,— ว่าง —,,,,,,
south-facilities:9609/3,สถานีตำรวจ (ไม่ระบุชื่อ) สุคิริน,20,SW,หรดี (ตต.เฉียงใต้),225.0,,— ว่าง —,,,,,,
south-facilities:9609/3,สถานีตำรวจ (ไม่ระบุชื่อ) สุคิริน,21,SWbW,หรดีค่อนประจิม,236.25,,— ว่าง —,,,,,,
south-facilities:9609/3,สถานีตำรวจ (ไม่ระบุชื่อ) สุคิริน,22,WSW,ประจิม-หรดี,247.5,,— ว่าง —,,,,,,
south-facilities:9609/3,สถานีตำรวจ (ไม่ระบุชื่อ) สุคิริน,23,WbS,ประจิมค่อนใต้,258.75,,— ว่าง —,,,,,,
south-facilities:9609/3,สถานีตำรวจ (ไม่ระบุชื่อ) สุคิริน,24,W,ประจิม (ตะวันตก),270.0,,— ว่าง —,,,,,,
south-facilities:9609/3,สถานีตำรวจ (ไม่ระบุชื่อ) สุคิริน,25,WbN,ประจิมค่อนเหนือ,281.25,,— ว่าง —,,,,,,
south-facilities:9609/3,สถานีตำรวจ (ไม่ระบุชื่อ) สุคิริน,26,WNW,ประจิม-พายัพ,292.5,,— ว่าง —,,,,,,
south-facilities:9609/3,สถานีตำรวจ (ไม่ระบุชื่อ) สุคิริน,27,NWbW,พายัพค่อนประจิม,303.75,,— ว่าง —,,,,,,
south-facilities:9609/3,สถานีตำรวจ (ไม่ระบุชื่อ) สุคิริน,28,NW,พายัพ (ตต.เฉียงเหนือ),315.0,,— ว่าง —,,,,,,
south-facilities:9609/3,สถานีตำรวจ (ไม่ระบุชื่อ) สุคิริน,29,NWbN,พายัพค่อนเหนือ,326.25,south-facilities:9609,ด่านตรวจ (ไม่ระบุชื่อ) สุคิริน,ด่านตรวจ,0.865,1.487,1.719,502.7298131174381,0.01568310875389913
south-facilities:9609/3,สถานีตำรวจ (ไม่ระบุชื่อ) สุคิริน,30,NNW,เหนือ-พายัพ,337.5,south-facilities:9612,โรงพยาบาล โรงพยาบาลจะแนะ,โรงพยาบาล,23.095,36.139,1.565,502.7298131174381,54.81603764306187
south-facilities:9609/3,สถานีตำรวจ (ไม่ระบุชื่อ) สุคิริน,31,NbW,เหนือค่อนประจิม,348.75,,— ว่าง —,,,,,,
south-facilities:9609/4,ด่านตรวจ (ไม่ระบุชื่อ) สุคิริน,0,N,อุดร (เหนือ),0.0,,— ว่าง —,,,,,,
south-facilities:9609/4,ด่านตรวจ (ไม่ระบุชื่อ) สุคิริน,1,NbE,เหนือค่อนอีสาน,11.25,,— ว่าง —,,,,,,
south-facilities:9609/4,ด่านตรวจ (ไม่ระบุชื่อ) สุคิริน,2,NNE,เหนือ-อีสาน,22.5,,— ว่าง —,,,,,,
south-facilities:9609/4,ด่านตรวจ (ไม่ระบุชื่อ) สุคิริน,3,NEbN,อีสานค่อนเหนือ,33.75,south-facilities:9611,โรงพยาบาล โรงพยาบาลสุไหงปาดี,โรงพยาบาล,19.241,24.517,1.274,0.033179068860102606,98.23485337496163
south-facilities:9609/4,ด่านตรวจ (ไม่ระบุชื่อ) สุคิริน,4,NE,อีสาน (ตอ.เฉียงเหนือ),45.0,,— ว่าง —,,,,,,
south-facilities:9609/4,ด่านตรวจ (ไม่ระบุชื่อ) สุคิริน,5,NEbE,อีสานค่อนบูรพา,56.25,,— ว่าง —,,,,,,
south-facilities:9609/4,ด่านตรวจ (ไม่ระบุชื่อ) สุคิริน,6,ENE,บูรพา-อีสาน,67.5,south-facilities:9610/3,สถานีตำรวจ Police Station,สถานีตำรวจ,23.202,32.776,1.413,0.033179068860102606,36.32873307419211
south-facilities:9609/4,ด่านตรวจ (ไม่ระบุชื่อ) สุคิริน,7,EbN,บูรพาค่อนเหนือ,78.75,,— ว่าง —,,,,,,
south-facilities:9609/4,ด่านตรวจ (ไม่ระบุชื่อ) สุคิริน,8,E,บูรพา (ตะวันออก),90.0,south-facilities:9608,โรงพยาบาล โรงพยาบาลแว้ง,โรงพยาบาล,12.858,18.33,1.426,0.033179068860102606,104.742827578945
south-facilities:9609/4,ด่านตรวจ (ไม่ระบุชื่อ) สุคิริน,9,EbS,บูรพาค่อนใต้,101.25,,— ว่าง —,,,,,,
south-facilities:9609/4,ด่านตรวจ (ไม่ระบุชื่อ) สุคิริน,10,ESE,บูรพา-อาคเนย์,112.5,south-facilities:9609/5,โรงพยาบาล โรงพยาบาลสุคิริน,โรงพยาบาล,0.746,0.847,1.135,0.033179068860102606,167.77802359633367
south-facilities:9609/4,ด่านตรวจ (ไม่ระบุชื่อ) สุคิริน,11,SEbE,อาคเนย์ค่อนบูรพา,123.75,south-facilities:9609,ด่านตรวจ (ไม่ระบุชื่อ) สุคิริน,ด่านตรวจ,0.02,0.026,1.294,0.033179068860102606,0.01568310875389913
south-facilities:9609/4,ด่านตรวจ (ไม่ระบุชื่อ) สุคิริน,12,SE,อาคเนย์ (ตอ.เฉียงใต้),135.0,,— ว่าง —,,,,,,
south-facilities:9609/4,ด่านตรวจ (ไม่ระบุชื่อ) สุคิริน,13,SEbS,อาคเนย์ค่อนใต้,146.25,south-facilities:9609/3,สถานีตำรวจ (ไม่ระบุชื่อ) สุคิริน,สถานีตำรวจ,0.883,1.513,1.712,0.033179068860102606,502.7298131174381
south-facilities:9609/4,ด่านตรวจ (ไม่ระบุชื่อ) สุคิริน,14,SSE,ใต้-อาคเนย์,157.5,,— ว่าง —,,,,,,
south-facilities:9609/4,ด่านตรวจ (ไม่ระบุชื่อ) สุคิริน,15,SbE,ใต้ค่อนบูรพา,168.75,,— ว่าง —,,,,,,
south-facilities:9609/4,ด่านตรวจ (ไม่ระบุชื่อ) สุคิริน,16,S,ทักษิณ (ใต้),180.0,,— ว่าง —,,,,,,
south-facilities:9609/4,ด่านตรวจ (ไม่ระบุชื่อ) สุคิริน,17,SbW,ใต้ค่อนประจิม,191.25,,— ว่าง —,,,,,,
south-facilities:9609/4,ด่านตรวจ (ไม่ระบุชื่อ) สุคิริน,18,SSW,ใต้-หรดี,202.5,,— ว่าง —,,,,,,
south-facilities:9609/4,ด่านตรวจ (ไม่ระบุชื่อ) สุคิริน,19,SWbS,หรดีค่อนใต้,213.75,,— ว่าง —,,,,,,
south-facilities:9609/4,ด่านตรวจ (ไม่ระบุชื่อ) สุคิริน,20,SW,หรดี (ตต.เฉียงใต้),225.0,,— ว่าง —,,,,,,
south-facilities:9609/4,ด่านตรวจ (ไม่ระบุชื่อ) สุคิริน,21,SWbW,หรดีค่อนประจิม,236.25,,— ว่าง —,,,,,,
south-facilities:9609/4,ด่านตรวจ (ไม่ระบุชื่อ) สุคิริน,22,WSW,ประจิม-หรดี,247.5,,— ว่าง —,,,,,,
south-facilities:9609/4,ด่านตรวจ (ไม่ระบุชื่อ) สุคิริน,23,WbS,ประจิมค่อนใต้,258.75,,— ว่าง —,,,,,,
south-facilities:9609/4,ด่านตรวจ (ไม่ระบุชื่อ) สุคิริน,24,W,ประจิม (ตะวันตก),270.0,,— ว่าง —,,,,,,
south-facilities:9609/4,ด่านตรวจ (ไม่ระบุชื่อ) สุคิริน,25,WbN,ประจิมค่อนเหนือ,281.25,,— ว่าง —,,,,,,
south-facilities:9609/4,ด่านตรวจ (ไม่ระบุชื่อ) สุคิริน,26,WNW,ประจิม-พายัพ,292.5,,— ว่าง —,,,,,,
south-facilities:9609/4,ด่านตรวจ (ไม่ระบุชื่อ) สุคิริน,27,NWbW,พายัพค่อนประจิม,303.75,,— ว่าง —,,,,,,
south-facilities:9609/4,ด่านตรวจ (ไม่ระบุชื่อ) สุคิริน,28,NW,พายัพ (ตต.เฉียงเหนือ),315.0,,— ว่าง —,,,,,,
south-facilities:9609/4,ด่านตรวจ (ไม่ระบุชื่อ) สุคิริน,29,NWbN,พายัพค่อนเหนือ,326.25,,— ว่าง —,,,,,,
south-facilities:9609/4,ด่านตรวจ (ไม่ระบุชื่อ) สุคิริน,30,NNW,เหนือ-พายัพ,337.5,south-facilities:9612,โรงพยาบาล โรงพยาบาลจะแนะ,โรงพยาบาล,22.224,34.653,1.559,0.033179068860102606,54.81603764306187
south-facilities:9609/4,ด่านตรวจ (ไม่ระบุชื่อ) สุคิริน,31,NbW,เหนือค่อนประจิม,348.75,,— ว่าง —,,,,,,
south-facilities:9609/5,โรงพยาบาล โรงพยาบาลสุคิริน,0,N,อุดร (เหนือ),0.0,,— ว่าง —,,,,,,
south-facilities:9609/5,โรงพยาบาล โรงพยาบาลสุคิริน,1,NbE,เหนือค่อนอีสาน,11.25,,— ว่าง —,,,,,,
south-facilities:9609/5,โรงพยาบาล โรงพยาบาลสุคิริน,2,NNE,เหนือ-อีสาน,22.5,,— ว่าง —,,,,,,
south-facilities:9609/5,โรงพยาบาล โรงพยาบาลสุคิริน,3,NEbN,อีสานค่อนเหนือ,33.75,south-facilities:9611,โรงพยาบาล โรงพยาบาลสุไหงปาดี,โรงพยาบาล,19.08,25.364,1.329,167.77802359633367,98.23485337496163
south-facilities:9609/5,โรงพยาบาล โรงพยาบาลสุคิริน,4,NE,อีสาน (ตอ.เฉียงเหนือ),45.0,,— ว่าง —,,,,,,
south-facilities:9609/5,โรงพยาบาล โรงพยาบาลสุคิริน,5,NEbE,อีสานค่อนบูรพา,56.25,,— ว่าง —,,,,,,
south-facilities:9609/5,โรงพยาบาล โรงพยาบาลสุคิริน,6,ENE,บูรพา-อีสาน,67.5,south-facilities:9610/3,สถานีตำรวจ Police Station,สถานีตำรวจ,22.687,32.553,1.435,167.77802359633367,36.32873307419211
south-facilities:9609/5,โรงพยาบาล โรงพยาบาลสุคิริน,7,EbN,บูรพาค่อนเหนือ,78.75,,— ว่าง —,,,,,,
south-facilities:9609/5,โรงพยาบาล โรงพยาบาลสุคิริน,8,E,บูรพา (ตะวันออก),90.0,south-facilities:9608,โรงพยาบาล โรงพยาบาลแว้ง,โรงพยาบาล,12.174,17.483,1.436,167.77802359633367,104.742827578945
south-facilities:9609/5,โรงพยาบาล โรงพยาบาลสุคิริน,9,EbS,บูรพาค่อนใต้,101.25,,— ว่าง —,,,,,,
south-facilities:9609/5,โรงพยาบาล โรงพยาบาลสุคิริน,10,ESE,บูรพา-อาคเนย์,112.5,,— ว่าง —,,,,,,
south-facilities:9609/5,โรงพยาบาล โรงพยาบาลสุคิริน,11,SEbE,อาคเนย์ค่อนบูรพา,123.75,,— ว่าง —,,,,,,
south-facilities:9609/5,โรงพยาบาล โรงพยาบาลสุคิริน,12,SE,อาคเนย์ (ตอ.เฉียงใต้),135.0,,— ว่าง —,,,,,,
south-facilities:9609/5,โรงพยาบาล โรงพยาบาลสุคิริน,13,SEbS,อาคเนย์ค่อนใต้,146.25,,— ว่าง —,,,,,,
south-facilities:9609/5,โรงพยาบาล โรงพยาบาลสุคิริน,14,SSE,ใต้-อาคเนย์,157.5,south-facilities:9609/2,หน่วยกู้ภัย (ไม่ระบุชื่อ) สุคิริน,หน่วยกู้ภัย,0.093,0.233,2.497,167.77802359633367,222.58722157170945
south-facilities:9609/5,โรงพยาบาล โรงพยาบาลสุคิริน,15,SbE,ใต้ค่อนบูรพา,168.75,,— ว่าง —,,,,,,
south-facilities:9609/5,โรงพยาบาล โรงพยาบาลสุคิริน,16,S,ทักษิณ (ใต้),180.0,,— ว่าง —,,,,,,
south-facilities:9609/5,โรงพยาบาล โรงพยาบาลสุคิริน,17,SbW,ใต้ค่อนประจิม,191.25,,— ว่าง —,,,,,,
south-facilities:9609/5,โรงพยาบาล โรงพยาบาลสุคิริน,18,SSW,ใต้-หรดี,202.5,south-facilities:9609/3,สถานีตำรวจ (ไม่ระบุชื่อ) สุคิริน,สถานีตำรวจ,0.499,0.666,1.333,167.77802359633367,502.7298131174381
south-facilities:9609/5,โรงพยาบาล โรงพยาบาลสุคิริน,19,SWbS,หรดีค่อนใต้,213.75,,— ว่าง —,,,,,,
south-facilities:9609/5,โรงพยาบาล โรงพยาบาลสุคิริน,20,SW,หรดี (ตต.เฉียงใต้),225.0,,— ว่าง —,,,,,,
south-facilities:9609/5,โรงพยาบาล โรงพยาบาลสุคิริน,21,SWbW,หรดีค่อนประจิม,236.25,,— ว่าง —,,,,,,
south-facilities:9609/5,โรงพยาบาล โรงพยาบาลสุคิริน,22,WSW,ประจิม-หรดี,247.5,,— ว่าง —,,,,,,
south-facilities:9609/5,โรงพยาบาล โรงพยาบาลสุคิริน,23,WbS,ประจิมค่อนใต้,258.75,,— ว่าง —,,,,,,
south-facilities:9609/5,โรงพยาบาล โรงพยาบาลสุคิริน,24,W,ประจิม (ตะวันตก),270.0,,— ว่าง —,,,,,,
south-facilities:9609/5,โรงพยาบาล โรงพยาบาลสุคิริน,25,WbN,ประจิมค่อนเหนือ,281.25,,— ว่าง —,,,,,,
south-facilities:9609/5,โรงพยาบาล โรงพยาบาลสุคิริน,26,WNW,ประจิม-พายัพ,292.5,south-facilities:9609,ด่านตรวจ (ไม่ระบุชื่อ) สุคิริน,ด่านตรวจ,0.727,0.821,1.13,167.77802359633367,0.01568310875389913
south-facilities:9609/5,โรงพยาบาล โรงพยาบาลสุคิริน,27,NWbW,พายัพค่อนประจิม,303.75,,— ว่าง —,,,,,,
south-facilities:9609/5,โรงพยาบาล โรงพยาบาลสุคิริน,28,NW,พายัพ (ตต.เฉียงเหนือ),315.0,,— ว่าง —,,,,,,
south-facilities:9609/5,โรงพยาบาล โรงพยาบาลสุคิริน,29,NWbN,พายัพค่อนเหนือ,326.25,,— ว่าง —,,,,,,
south-facilities:9609/5,โรงพยาบาล โรงพยาบาลสุคิริน,30,NNW,เหนือ-พายัพ,337.5,south-facilities:9612,โรงพยาบาล โรงพยาบาลจะแนะ,โรงพยาบาล,22.765,35.473,1.558,167.77802359633367,54.81603764306187
south-facilities:9609/5,โรงพยาบาล โรงพยาบาลสุคิริน,31,NbW,เหนือค่อนประจิม,348.75,,— ว่าง —,,,,,,
south-facilities:9610,สถานีตำรวจ (ไม่ระบุชื่อ) สุไหงโก-ลก,0,N,อุดร (เหนือ),0.0,,— ว่าง —,,,,,,
south-facilities:9610,สถานีตำรวจ (ไม่ระบุชื่อ) สุไหงโก-ลก,1,NbE,เหนือค่อนอีสาน,11.25,,— ว่าง —,,,,,,
south-facilities:9610,สถานีตำรวจ (ไม่ระบุชื่อ) สุไหงโก-ลก,2,NNE,เหนือ-อีสาน,22.5,,— ว่าง —,,,,,,
south-facilities:9610,สถานีตำรวจ (ไม่ระบุชื่อ) สุไหงโก-ลก,3,NEbN,อีสานค่อนเหนือ,33.75,,— ว่าง —,,,,,,
south-facilities:9610,สถานีตำรวจ (ไม่ระบุชื่อ) สุไหงโก-ลก,4,NE,อีสาน (ตอ.เฉียงเหนือ),45.0,,— ว่าง —,,,,,,
south-facilities:9610,สถานีตำรวจ (ไม่ระบุชื่อ) สุไหงโก-ลก,5,NEbE,อีสานค่อนบูรพา,56.25,,— ว่าง —,,,,,,
south-facilities:9610,สถานีตำรวจ (ไม่ระบุชื่อ) สุไหงโก-ลก,6,ENE,บูรพา-อีสาน,67.5,,— ว่าง —,,,,,,
south-facilities:9610,สถานีตำรวจ (ไม่ระบุชื่อ) สุไหงโก-ลก,7,EbN,บูรพาค่อนเหนือ,78.75,south-facilities:9610/2,โรงพยาบาล โรงพยาบาล สุไหงโก-ลก,โรงพยาบาล,0.74,0.696,0.94,12.218661447505305,148.52684641928113
south-facilities:9610,สถานีตำรวจ (ไม่ระบุชื่อ) สุไหงโก-ลก,8,E,บูรพา (ตะวันออก),90.0,,— ว่าง —,,,,,,
south-facilities:9610,สถานีตำรวจ (ไม่ระบุชื่อ) สุไหงโก-ลก,9,EbS,บูรพาค่อนใต้,101.25,,— ว่าง —,,,,,,
south-facilities:9610,สถานีตำรวจ (ไม่ระบุชื่อ) สุไหงโก-ลก,10,ESE,บูรพา-อาคเนย์,112.5,,— ว่าง —,,,,,,
south-facilities:9610,สถานีตำรวจ (ไม่ระบุชื่อ) สุไหงโก-ลก,11,SEbE,อาคเนย์ค่อนบูรพา,123.75,,— ว่าง —,,,,,,
south-facilities:9610,สถานีตำรวจ (ไม่ระบุชื่อ) สุไหงโก-ลก,12,SE,อาคเนย์ (ตอ.เฉียงใต้),135.0,,— ว่าง —,,,,,,
south-facilities:9610,สถานีตำรวจ (ไม่ระบุชื่อ) สุไหงโก-ลก,13,SEbS,อาคเนย์ค่อนใต้,146.25,,— ว่าง —,,,,,,
south-facilities:9610,สถานีตำรวจ (ไม่ระบุชื่อ) สุไหงโก-ลก,14,SSE,ใต้-อาคเนย์,157.5,,— ว่าง —,,,,,,
south-facilities:9610,สถานีตำรวจ (ไม่ระบุชื่อ) สุไหงโก-ลก,15,SbE,ใต้ค่อนบูรพา,168.75,south-facilities:9610/3,สถานีตำรวจ Police Station,สถานีตำรวจ,0.428,0.44,1.027,12.218661447505305,36.32873307419211
south-facilities:9610,สถานีตำรวจ (ไม่ระบุชื่อ) สุไหงโก-ลก,16,S,ทักษิณ (ใต้),180.0,,— ว่าง —,,,,,,
south-facilities:9610,สถานีตำรวจ (ไม่ระบุชื่อ) สุไหงโก-ลก,17,SbW,ใต้ค่อนประจิม,191.25,,— ว่าง —,,,,,,
south-facilities:9610,สถานีตำรวจ (ไม่ระบุชื่อ) สุไหงโก-ลก,18,SSW,ใต้-หรดี,202.5,,— ว่าง —,,,,,,
south-facilities:9610,สถานีตำรวจ (ไม่ระบุชื่อ) สุไหงโก-ลก,19,SWbS,หรดีค่อนใต้,213.75,,— ว่าง —,,,,,,
south-facilities:9610,สถานีตำรวจ (ไม่ระบุชื่อ) สุไหงโก-ลก,20,SW,หรดี (ตต.เฉียงใต้),225.0,south-facilities:9608,โรงพยาบาล โรงพยาบาลแว้ง,โรงพยาบาล,12.621,15.557,1.233,12.218661447505305,104.742827578945
south-facilities:9610,สถานีตำรวจ (ไม่ระบุชื่อ) สุไหงโก-ลก,21,SWbW,หรดีค่อนประจิม,236.25,,— ว่าง —,,,,,,
south-facilities:9610,สถานีตำรวจ (ไม่ระบุชื่อ) สุไหงโก-ลก,22,WSW,ประจิม-หรดี,247.5,south-facilities:9609/5,โรงพยาบาล โรงพยาบาลสุคิริน,โรงพยาบาล,22.741,33.185,1.459,12.218661447505305,167.77802359633367
south-facilities:9610,สถานีตำรวจ (ไม่ระบุชื่อ) สุไหงโก-ลก,23,WbS,ประจิมค่อนใต้,258.75,,— ว่าง —,,,,,,
south-facilities:9610,สถานีตำรวจ (ไม่ระบุชื่อ) สุไหงโก-ลก,24,W,ประจิม (ตะวันตก),270.0,,— ว่าง —,,,,,,
south-facilities:9610,สถานีตำรวจ (ไม่ระบุชื่อ) สุไหงโก-ลก,25,WbN,ประจิมค่อนเหนือ,281.25,,— ว่าง —,,,,,,
south-facilities:9610,สถานีตำรวจ (ไม่ระบุชื่อ) สุไหงโก-ลก,26,WNW,ประจิม-พายัพ,292.5,,— ว่าง —,,,,,,
south-facilities:9610,สถานีตำรวจ (ไม่ระบุชื่อ) สุไหงโก-ลก,27,NWbW,พายัพค่อนประจิม,303.75,south-facilities:9611,โรงพยาบาล โรงพยาบาลสุไหงปาดี,โรงพยาบาล,11.536,14.322,1.241,12.218661447505305,98.23485337496163
south-facilities:9610,สถานีตำรวจ (ไม่ระบุชื่อ) สุไหงโก-ลก,28,NW,พายัพ (ตต.เฉียงเหนือ),315.0,,— ว่าง —,,,,,,
south-facilities:9610,สถานีตำรวจ (ไม่ระบุชื่อ) สุไหงโก-ลก,29,NWbN,พายัพค่อนเหนือ,326.25,,— ว่าง —,,,,,,
south-facilities:9610,สถานีตำรวจ (ไม่ระบุชื่อ) สุไหงโก-ลก,30,NNW,เหนือ-พายัพ,337.5,,— ว่าง —,,,,,,
south-facilities:9610,สถานีตำรวจ (ไม่ระบุชื่อ) สุไหงโก-ลก,31,NbW,เหนือค่อนประจิม,348.75,,— ว่าง —,,,,,,
south-facilities:9610/2,โรงพยาบาล โรงพยาบาล สุไหงโก-ลก,0,N,อุดร (เหนือ),0.0,,— ว่าง —,,,,,,
south-facilities:9610/2,โรงพยาบาล โรงพยาบาล สุไหงโก-ลก,1,NbE,เหนือค่อนอีสาน,11.25,,— ว่าง —,,,,,,
south-facilities:9610/2,โรงพยาบาล โรงพยาบาล สุไหงโก-ลก,2,NNE,เหนือ-อีสาน,22.5,,— ว่าง —,,,,,,
south-facilities:9610/2,โรงพยาบาล โรงพยาบาล สุไหงโก-ลก,3,NEbN,อีสานค่อนเหนือ,33.75,,— ว่าง —,,,,,,
south-facilities:9610/2,โรงพยาบาล โรงพยาบาล สุไหงโก-ลก,4,NE,อีสาน (ตอ.เฉียงเหนือ),45.0,,— ว่าง —,,,,,,
south-facilities:9610/2,โรงพยาบาล โรงพยาบาล สุไหงโก-ลก,5,NEbE,อีสานค่อนบูรพา,56.25,,— ว่าง —,,,,,,
south-facilities:9610/2,โรงพยาบาล โรงพยาบาล สุไหงโก-ลก,6,ENE,บูรพา-อีสาน,67.5,,— ว่าง —,,,,,,
south-facilities:9610/2,โรงพยาบาล โรงพยาบาล สุไหงโก-ลก,7,EbN,บูรพาค่อนเหนือ,78.75,,— ว่าง —,,,,,,
south-facilities:9610/2,โรงพยาบาล โรงพยาบาล สุไหงโก-ลก,8,E,บูรพา (ตะวันออก),90.0,,— ว่าง —,,,,,,
south-facilities:9610/2,โรงพยาบาล โรงพยาบาล สุไหงโก-ลก,9,EbS,บูรพาค่อนใต้,101.25,,— ว่าง —,,,,,,
south-facilities:9610/2,โรงพยาบาล โรงพยาบาล สุไหงโก-ลก,10,ESE,บูรพา-อาคเนย์,112.5,,— ว่าง —,,,,,,
south-facilities:9610/2,โรงพยาบาล โรงพยาบาล สุไหงโก-ลก,11,SEbE,อาคเนย์ค่อนบูรพา,123.75,,— ว่าง —,,,,,,
south-facilities:9610/2,โรงพยาบาล โรงพยาบาล สุไหงโก-ลก,12,SE,อาคเนย์ (ตอ.เฉียงใต้),135.0,,— ว่าง —,,,,,,
south-facilities:9610/2,โรงพยาบาล โรงพยาบาล สุไหงโก-ลก,13,SEbS,อาคเนย์ค่อนใต้,146.25,,— ว่าง —,,,,,,
south-facilities:9610/2,โรงพยาบาล โรงพยาบาล สุไหงโก-ลก,14,SSE,ใต้-อาคเนย์,157.5,,— ว่าง —,,,,,,
south-facilities:9610/2,โรงพยาบาล โรงพยาบาล สุไหงโก-ลก,15,SbE,ใต้ค่อนบูรพา,168.75,,— ว่าง —,,,,,,
south-facilities:9610/2,โรงพยาบาล โรงพยาบาล สุไหงโก-ลก,16,S,ทักษิณ (ใต้),180.0,,— ว่าง —,,,,,,
south-facilities:9610/2,โรงพยาบาล โรงพยาบาล สุไหงโก-ลก,17,SbW,ใต้ค่อนประจิม,191.25,,— ว่าง —,,,,,,
south-facilities:9610/2,โรงพยาบาล โรงพยาบาล สุไหงโก-ลก,18,SSW,ใต้-หรดี,202.5,,— ว่าง —,,,,,,
south-facilities:9610/2,โรงพยาบาล โรงพยาบาล สุไหงโก-ลก,19,SWbS,หรดีค่อนใต้,213.75,,— ว่าง —,,,,,,
south-facilities:9610/2,โรงพยาบาล โรงพยาบาล สุไหงโก-ลก,20,SW,หรดี (ตต.เฉียงใต้),225.0,south-facilities:9610/3,สถานีตำรวจ Police Station,สถานีตำรวจ,0.842,1.287,1.527,148.52684641928113,36.32873307419211
south-facilities:9610/2,โรงพยาบาล โรงพยาบาล สุไหงโก-ลก,21,SWbW,หรดีค่อนประจิม,236.25,,— ว่าง —,,,,,,
south-facilities:9610/2,โรงพยาบาล โรงพยาบาล สุไหงโก-ลก,22,WSW,ประจิม-หรดี,247.5,south-facilities:9609/5,โรงพยาบาล โรงพยาบาลสุคิริน,โรงพยาบาล,23.471,34.032,1.45,148.52684641928113,167.77802359633367
south-facilities:9610/2,โรงพยาบาล โรงพยาบาล สุไหงโก-ลก,23,WbS,ประจิมค่อนใต้,258.75,south-facilities:9610,สถานีตำรวจ (ไม่ระบุชื่อ) สุไหงโก-ลก,สถานีตำรวจ,0.74,0.871,1.176,148.52684641928113,12.218661447505305
south-facilities:9610/2,โรงพยาบาล โรงพยาบาล สุไหงโก-ลก,24,W,ประจิม (ตะวันตก),270.0,,— ว่าง —,,,,,,
south-facilities:9610/2,โรงพยาบาล โรงพยาบาล สุไหงโก-ลก,25,WbN,ประจิมค่อนเหนือ,281.25,,— ว่าง —,,,,,,
south-facilities:9610/2,โรงพยาบาล โรงพยาบาล สุไหงโก-ลก,26,WNW,ประจิม-พายัพ,292.5,,— ว่าง —,,,,,,
south-facilities:9610/2,โรงพยาบาล โรงพยาบาล สุไหงโก-ลก,27,NWbW,พายัพค่อนประจิม,303.75,south-facilities:9611,โรงพยาบาล โรงพยาบาลสุไหงปาดี,โรงพยาบาล,12.052,15.169,1.259,148.52684641928113,98.23485337496163
south-facilities:9610/2,โรงพยาบาล โรงพยาบาล สุไหงโก-ลก,28,NW,พายัพ (ตต.เฉียงเหนือ),315.0,,— ว่าง —,,,,,,
south-facilities:9610/2,โรงพยาบาล โรงพยาบาล สุไหงโก-ลก,29,NWbN,พายัพค่อนเหนือ,326.25,,— ว่าง —,,,,,,
south-facilities:9610/2,โรงพยาบาล โรงพยาบาล สุไหงโก-ลก,30,NNW,เหนือ-พายัพ,337.5,,— ว่าง —,,,,,,
south-facilities:9610/2,โรงพยาบาล โรงพยาบาล สุไหงโก-ลก,31,NbW,เหนือค่อนประจิม,348.75,,— ว่าง —,,,,,,
south-facilities:9610/3,สถานีตำรวจ Police Station,0,N,อุดร (เหนือ),0.0,,— ว่าง —,,,,,,
south-facilities:9610/3,สถานีตำรวจ Police Station,1,NbE,เหนือค่อนอีสาน,11.25,,— ว่าง —,,,,,,
south-facilities:9610/3,สถานีตำรวจ Police Station,2,NNE,เหนือ-อีสาน,22.5,,— ว่าง —,,,,,,
south-facilities:9610/3,สถานีตำรวจ Police Station,3,NEbN,อีสานค่อนเหนือ,33.75,,— ว่าง —,,,,,,
south-facilities:9610/3,สถานีตำรวจ Police Station,4,NE,อีสาน (ตอ.เฉียงเหนือ),45.0,south-facilities:9610/2,โรงพยาบาล โรงพยาบาล สุไหงโก-ลก,โรงพยาบาล,0.842,1.136,1.348,36.32873307419211,148.52684641928113
south-facilities:9610/3,สถานีตำรวจ Police Station,5,NEbE,อีสานค่อนบูรพา,56.25,,— ว่าง —,,,,,,
south-facilities:9610/3,สถานีตำรวจ Police Station,6,ENE,บูรพา-อีสาน,67.5,,— ว่าง —,,,,,,
south-facilities:9610/3,สถานีตำรวจ Police Station,7,EbN,บูรพาค่อนเหนือ,78.75,,— ว่าง —,,,,,,
south-facilities:9610/3,สถานีตำรวจ Police Station,8,E,บูรพา (ตะวันออก),90.0,,— ว่าง —,,,,,,
south-facilities:9610/3,สถานีตำรวจ Police Station,9,EbS,บูรพาค่อนใต้,101.25,,— ว่าง —,,,,,,
south-facilities:9610/3,สถานีตำรวจ Police Station,10,ESE,บูรพา-อาคเนย์,112.5,,— ว่าง —,,,,,,
south-facilities:9610/3,สถานีตำรวจ Police Station,11,SEbE,อาคเนย์ค่อนบูรพา,123.75,,— ว่าง —,,,,,,
south-facilities:9610/3,สถานีตำรวจ Police Station,12,SE,อาคเนย์ (ตอ.เฉียงใต้),135.0,,— ว่าง —,,,,,,
south-facilities:9610/3,สถานีตำรวจ Police Station,13,SEbS,อาคเนย์ค่อนใต้,146.25,,— ว่าง —,,,,,,
south-facilities:9610/3,สถานีตำรวจ Police Station,14,SSE,ใต้-อาคเนย์,157.5,,— ว่าง —,,,,,,
south-facilities:9610/3,สถานีตำรวจ Police Station,15,SbE,ใต้ค่อนบูรพา,168.75,,— ว่าง —,,,,,,
south-facilities:9610/3,สถานีตำรวจ Police Station,16,S,ทักษิณ (ใต้),180.0,,— ว่าง —,,,,,,
south-facilities:9610/3,สถานีตำรวจ Police Station,17,SbW,ใต้ค่อนประจิม,191.25,,— ว่าง —,,,,,,
south-facilities:9610/3,สถานีตำรวจ Police Station,18,SSW,ใต้-หรดี,202.5,,— ว่าง —,,,,,,
south-facilities:9610/3,สถานีตำรวจ Police Station,19,SWbS,หรดีค่อนใต้,213.75,,— ว่าง —,,,,,,
south-facilities:9610/3,สถานีตำรวจ Police Station,20,SW,หรดี (ตต.เฉียงใต้),225.0,south-facilities:9608,โรงพยาบาล โรงพยาบาลแว้ง,โรงพยาบาล,12.407,15.117,1.218,36.32873307419211,104.742827578945
south-facilities:9610/3,สถานีตำรวจ Police Station,21,SWbW,หรดีค่อนประจิม,236.25,,— ว่าง —,,,,,,
south-facilities:9610/3,สถานีตำรวจ Police Station,22,WSW,ประจิม-หรดี,247.5,south-facilities:9609/5,โรงพยาบาล โรงพยาบาลสุคิริน,โรงพยาบาล,22.687,32.745,1.443,36.32873307419211,167.77802359633367
south-facilities:9610/3,สถานีตำรวจ Police Station,23,WbS,ประจิมค่อนใต้,258.75,,— ว่าง —,,,,,,
south-facilities:9610/3,สถานีตำรวจ Police Station,24,W,ประจิม (ตะวันตก),270.0,,— ว่าง —,,,,,,
south-facilities:9610/3,สถานีตำรวจ Police Station,25,WbN,ประจิมค่อนเหนือ,281.25,,— ว่าง —,,,,,,
south-facilities:9610/3,สถานีตำรวจ Police Station,26,WNW,ประจิม-พายัพ,292.5,,— ว่าง —,,,,,,
south-facilities:9610/3,สถานีตำรวจ Police Station,27,NWbW,พายัพค่อนประจิม,303.75,south-facilities:9611,โรงพยาบาล โรงพยาบาลสุไหงปาดี,โรงพยาบาล,11.863,14.515,1.224,36.32873307419211,98.23485337496163
south-facilities:9610/3,สถานีตำรวจ Police Station,28,NW,พายัพ (ตต.เฉียงเหนือ),315.0,,— ว่าง —,,,,,,
south-facilities:9610/3,สถานีตำรวจ Police Station,29,NWbN,พายัพค่อนเหนือ,326.25,,— ว่าง —,,,,,,
south-facilities:9610/3,สถานีตำรวจ Police Station,30,NNW,เหนือ-พายัพ,337.5,,— ว่าง —,,,,,,
south-facilities:9610/3,สถานีตำรวจ Police Station,31,NbW,เหนือค่อนประจิม,348.75,south-facilities:9610,สถานีตำรวจ (ไม่ระบุชื่อ) สุไหงโก-ลก,สถานีตำรวจ,0.428,0.44,1.027,36.32873307419211,12.218661447505305
south-facilities:9611,โรงพยาบาล โรงพยาบาลสุไหงปาดี,0,N,อุดร (เหนือ),0.0,,— ว่าง —,,,,,,
south-facilities:9611,โรงพยาบาล โรงพยาบาลสุไหงปาดี,1,NbE,เหนือค่อนอีสาน,11.25,,— ว่าง —,,,,,,
south-facilities:9611,โรงพยาบาล โรงพยาบาลสุไหงปาดี,2,NNE,เหนือ-อีสาน,22.5,,— ว่าง —,,,,,,
south-facilities:9611,โรงพยาบาล โรงพยาบาลสุไหงปาดี,3,NEbN,อีสานค่อนเหนือ,33.75,,— ว่าง —,,,,,,
south-facilities:9611,โรงพยาบาล โรงพยาบาลสุไหงปาดี,4,NE,อีสาน (ตอ.เฉียงเหนือ),45.0,,— ว่าง —,,,,,,
south-facilities:9611,โรงพยาบาล โรงพยาบาลสุไหงปาดี,5,NEbE,อีสานค่อนบูรพา,56.25,,— ว่าง —,,,,,,
south-facilities:9611,โรงพยาบาล โรงพยาบาลสุไหงปาดี,6,ENE,บูรพา-อีสาน,67.5,,— ว่าง —,,,,,,
south-facilities:9611,โรงพยาบาล โรงพยาบาลสุไหงปาดี,7,EbN,บูรพาค่อนเหนือ,78.75,,— ว่าง —,,,,,,
south-facilities:9611,โรงพยาบาล โรงพยาบาลสุไหงปาดี,8,E,บูรพา (ตะวันออก),90.0,,— ว่าง —,,,,,,
south-facilities:9611,โรงพยาบาล โรงพยาบาลสุไหงปาดี,9,EbS,บูรพาค่อนใต้,101.25,,— ว่าง —,,,,,,
south-facilities:9611,โรงพยาบาล โรงพยาบาลสุไหงปาดี,10,ESE,บูรพา-อาคเนย์,112.5,,— ว่าง —,,,,,,
south-facilities:9611,โรงพยาบาล โรงพยาบาลสุไหงปาดี,11,SEbE,อาคเนย์ค่อนบูรพา,123.75,south-facilities:9610,สถานีตำรวจ (ไม่ระบุชื่อ) สุไหงโก-ลก,สถานีตำรวจ,11.536,14.221,1.233,98.23485337496163,12.218661447505305
south-facilities:9611,โรงพยาบาล โรงพยาบาลสุไหงปาดี,12,SE,อาคเนย์ (ตอ.เฉียงใต้),135.0,,— ว่าง —,,,,,,
south-facilities:9611,โรงพยาบาล โรงพยาบาลสุไหงปาดี,13,SEbS,อาคเนย์ค่อนใต้,146.25,,— ว่าง —,,,,,,
south-facilities:9611,โรงพยาบาล โรงพยาบาลสุไหงปาดี,14,SSE,ใต้-อาคเนย์,157.5,,— ว่าง —,,,,,,
south-facilities:9611,โรงพยาบาล โรงพยาบาลสุไหงปาดี,15,SbE,ใต้ค่อนบูรพา,168.75,,— ว่าง —,,,,,,
south-facilities:9611,โรงพยาบาล โรงพยาบาลสุไหงปาดี,16,S,ทักษิณ (ใต้),180.0,south-facilities:9608,โรงพยาบาล โรงพยาบาลแว้ง,โรงพยาบาล,15.547,18.964,1.22,98.23485337496163,104.742827578945
south-facilities:9611,โรงพยาบาล โรงพยาบาลสุไหงปาดี,17,SbW,ใต้ค่อนประจิม,191.25,,— ว่าง —,,,,,,
south-facilities:9611,โรงพยาบาล โรงพยาบาลสุไหงปาดี,18,SSW,ใต้-หรดี,202.5,,— ว่าง —,,,,,,
south-facilities:9611,โรงพยาบาล โรงพยาบาลสุไหงปาดี,19,SWbS,หรดีค่อนใต้,213.75,south-facilities:9609/5,โรงพยาบาล โรงพยาบาลสุคิริน,โรงพยาบาล,19.08,25.356,1.329,98.23485337496163,167.77802359633367
south-facilities:9611,โรงพยาบาล โรงพยาบาลสุไหงปาดี,20,SW,หรดี (ตต.เฉียงใต้),225.0,,— ว่าง —,,,,,,
south-facilities:9611,โรงพยาบาล โรงพยาบาลสุไหงปาดี,21,SWbW,หรดีค่อนประจิม,236.25,,— ว่าง —,,,,,,
south-facilities:9611,โรงพยาบาล โรงพยาบาลสุไหงปาดี,22,WSW,ประจิม-หรดี,247.5,,— ว่าง —,,,,,,
south-facilities:9611,โรงพยาบาล โรงพยาบาลสุไหงปาดี,23,WbS,ประจิมค่อนใต้,258.75,,— ว่าง —,,,,,,
south-facilities:9611,โรงพยาบาล โรงพยาบาลสุไหงปาดี,24,W,ประจิม (ตะวันตก),270.0,,— ว่าง —,,,,,,
south-facilities:9611,โรงพยาบาล โรงพยาบาลสุไหงปาดี,25,WbN,ประจิมค่อนเหนือ,281.25,south-facilities:9612,โรงพยาบาล โรงพยาบาลจะแนะ,โรงพยาบาล,20.691,43.59,2.107,98.23485337496163,54.81603764306187
south-facilities:9611,โรงพยาบาล โรงพยาบาลสุไหงปาดี,26,WNW,ประจิม-พายัพ,292.5,,— ว่าง —,,,,,,
south-facilities:9611,โรงพยาบาล โรงพยาบาลสุไหงปาดี,27,NWbW,พายัพค่อนประจิม,303.75,,— ว่าง —,,,,,,
south-facilities:9611,โรงพยาบาล โรงพยาบาลสุไหงปาดี,28,NW,พายัพ (ตต.เฉียงเหนือ),315.0,,— ว่าง —,,,,,,
south-facilities:9611,โรงพยาบาล โรงพยาบาลสุไหงปาดี,29,NWbN,พายัพค่อนเหนือ,326.25,,— ว่าง —,,,,,,
south-facilities:9611,โรงพยาบาล โรงพยาบาลสุไหงปาดี,30,NNW,เหนือ-พายัพ,337.5,south-facilities:9613,โรงพยาบาล โรงพยาบาลเจาะไอร้อง,โรงพยาบาล,17.356,21.802,1.256,98.23485337496163,145.55845886309527
south-facilities:9611,โรงพยาบาล โรงพยาบาลสุไหงปาดี,31,NbW,เหนือค่อนประจิม,348.75,,— ว่าง —,,,,,,
south-facilities:9612,โรงพยาบาล โรงพยาบาลจะแนะ,0,N,อุดร (เหนือ),0.0,,— ว่าง —,,,,,,
south-facilities:9612,โรงพยาบาล โรงพยาบาลจะแนะ,1,NbE,เหนือค่อนอีสาน,11.25,south-facilities:9605/3,โรงพยาบาล โรงพยาบาลระแงะ,โรงพยาบาล,18.819,22.133,1.176,54.81603764306187,85.95744521056331
south-facilities:9612,โรงพยาบาล โรงพยาบาลจะแนะ,2,NNE,เหนือ-อีสาน,22.5,,— ว่าง —,,,,,,
south-facilities:9612,โรงพยาบาล โรงพยาบาลจะแนะ,3,NEbN,อีสานค่อนเหนือ,33.75,,— ว่าง —,,,,,,
south-facilities:9612,โรงพยาบาล โรงพยาบาลจะแนะ,4,NE,อีสาน (ตอ.เฉียงเหนือ),45.0,south-facilities:9613,โรงพยาบาล โรงพยาบาลเจาะไอร้อง,โรงพยาบาล,16.014,21.789,1.361,54.81603764306187,145.55845886309527
south-facilities:9612,โรงพยาบาล โรงพยาบาลจะแนะ,5,NEbE,อีสานค่อนบูรพา,56.25,,— ว่าง —,,,,,,
south-facilities:9612,โรงพยาบาล โรงพยาบาลจะแนะ,6,ENE,บูรพา-อีสาน,67.5,,— ว่าง —,,,,,,
south-facilities:9612,โรงพยาบาล โรงพยาบาลจะแนะ,7,EbN,บูรพาค่อนเหนือ,78.75,,— ว่าง —,,,,,,
south-facilities:9612,โรงพยาบาล โรงพยาบาลจะแนะ,8,E,บูรพา (ตะวันออก),90.0,,— ว่าง —,,,,,,
south-facilities:9612,โรงพยาบาล โรงพยาบาลจะแนะ,9,EbS,บูรพาค่อนใต้,101.25,south-facilities:9611,โรงพยาบาล โรงพยาบาลสุไหงปาดี,โรงพยาบาล,20.691,43.513,2.103,54.81603764306187,98.23485337496163
south-facilities:9612,โรงพยาบาล โรงพยาบาลจะแนะ,10,ESE,บูรพา-อาคเนย์,112.5,,— ว่าง —,,,,,,
south-facilities:9612,โรงพยาบาล โรงพยาบาลจะแนะ,11,SEbE,อาคเนย์ค่อนบูรพา,123.75,,— ว่าง —,,,,,,
south-facilities:9612,โรงพยาบาล โรงพยาบาลจะแนะ,12,SE,อาคเนย์ (ตอ.เฉียงใต้),135.0,,— ว่าง —,,,,,,
south-facilities:9612,โรงพยาบาล โรงพยาบาลจะแนะ,13,SEbS,อาคเนย์ค่อนใต้,146.25,,— ว่าง —,,,,,,
south-facilities:9612,โรงพยาบาล โรงพยาบาลจะแนะ,14,SSE,ใต้-อาคเนย์,157.5,south-facilities:9609/4,ด่านตรวจ (ไม่ระบุชื่อ) สุคิริน,ด่านตรวจ,22.224,34.653,1.559,54.81603764306187,0.033179068860102606
south-facilities:9612,โรงพยาบาล โรงพยาบาลจะแนะ,15,SbE,ใต้ค่อนบูรพา,168.75,,— ว่าง —,,,,,,
south-facilities:9612,โรงพยาบาล โรงพยาบาลจะแนะ,16,S,ทักษิณ (ใต้),180.0,,— ว่าง —,,,,,,
south-facilities:9612,โรงพยาบาล โรงพยาบาลจะแนะ,17,SbW,ใต้ค่อนประจิม,191.25,,— ว่าง —,,,,,,
south-facilities:9612,โรงพยาบาล โรงพยาบาลจะแนะ,18,SSW,ใต้-หรดี,202.5,,— ว่าง —,,,,,,
south-facilities:9612,โรงพยาบาล โรงพยาบาลจะแนะ,19,SWbS,หรดีค่อนใต้,213.75,,— ว่าง —,,,,,,
south-facilities:9612,โรงพยาบาล โรงพยาบาลจะแนะ,20,SW,หรดี (ตต.เฉียงใต้),225.0,,— ว่าง —,,,,,,
south-facilities:9612,โรงพยาบาล โรงพยาบาลจะแนะ,21,SWbW,หรดีค่อนประจิม,236.25,,— ว่าง —,,,,,,
south-facilities:9612,โรงพยาบาล โรงพยาบาลจะแนะ,22,WSW,ประจิม-หรดี,247.5,,— ว่าง —,,,,,,
south-facilities:9612,โรงพยาบาล โรงพยาบาลจะแนะ,23,WbS,ประจิมค่อนใต้,258.75,,— ว่าง —,,,,,,
south-facilities:9612,โรงพยาบาล โรงพยาบาลจะแนะ,24,W,ประจิม (ตะวันตก),270.0,,— ว่าง —,,,,,,
south-facilities:9612,โรงพยาบาล โรงพยาบาลจะแนะ,25,WbN,ประจิมค่อนเหนือ,281.25,,— ว่าง —,,,,,,
south-facilities:9612,โรงพยาบาล โรงพยาบาลจะแนะ,26,WNW,ประจิม-พายัพ,292.5,,— ว่าง —,,,,,,
south-facilities:9612,โรงพยาบาล โรงพยาบาลจะแนะ,27,NWbW,พายัพค่อนประจิม,303.75,,— ว่าง —,,,,,,
south-facilities:9612,โรงพยาบาล โรงพยาบาลจะแนะ,28,NW,พายัพ (ตต.เฉียงเหนือ),315.0,,— ว่าง —,,,,,,
south-facilities:9612,โรงพยาบาล โรงพยาบาลจะแนะ,29,NWbN,พายัพค่อนเหนือ,326.25,,— ว่าง —,,,,,,
south-facilities:9612,โรงพยาบาล โรงพยาบาลจะแนะ,30,NNW,เหนือ-พายัพ,337.5,south-facilities:9605/2,ด่านตรวจ (ไม่ระบุชื่อ) ระแงะ,ด่านตรวจ,24.228,37.942,1.566,54.81603764306187,0.05547532425754493
south-facilities:9612,โรงพยาบาล โรงพยาบาลจะแนะ,31,NbW,เหนือค่อนประจิม,348.75,,— ว่าง —,,,,,,
south-facilities:9613,โรงพยาบาล โรงพยาบาลเจาะไอร้อง,0,N,อุดร (เหนือ),0.0,south-facilities:9601/12,สถานีตำรวจ (ไม่ระบุชื่อ) เมืองนราธิวาส,สถานีตำรวจ,20.872,28.714,1.376,145.55845886309527,9.945097133911325
south-facilities:9613,โรงพยาบาล โรงพยาบาลเจาะไอร้อง,1,NbE,เหนือค่อนอีสาน,11.25,south-facilities:9601,ด่านตรวจ (ไม่ระบุชื่อ) เมืองนราธิวาส,ด่านตรวจ,22.241,29.806,1.34,145.55845886309527,0.035140930250217216
south-facilities:9613,โรงพยาบาล โรงพยาบาลเจาะไอร้อง,2,NNE,เหนือ-อีสาน,22.5,south-facilities:9601/3,สถานีตำรวจ Khao Tan Yong police station,สถานีตำรวจ,22.501,35.714,1.587,145.55845886309527,100.28972323324092
south-facilities:9613,โรงพยาบาล โรงพยาบาลเจาะไอร้อง,3,NEbN,อีสานค่อนเหนือ,33.75,,— ว่าง —,,,,,,
south-facilities:9613,โรงพยาบาล โรงพยาบาลเจาะไอร้อง,4,NE,อีสาน (ตอ.เฉียงเหนือ),45.0,,— ว่าง —,,,,,,
south-facilities:9613,โรงพยาบาล โรงพยาบาลเจาะไอร้อง,5,NEbE,อีสานค่อนบูรพา,56.25,,— ว่าง —,,,,,,
south-facilities:9613,โรงพยาบาล โรงพยาบาลเจาะไอร้อง,6,ENE,บูรพา-อีสาน,67.5,,— ว่าง —,,,,,,
south-facilities:9613,โรงพยาบาล โรงพยาบาลเจาะไอร้อง,7,EbN,บูรพาค่อนเหนือ,78.75,,— ว่าง —,,,,,,
south-facilities:9613,โรงพยาบาล โรงพยาบาลเจาะไอร้อง,8,E,บูรพา (ตะวันออก),90.0,,— ว่าง —,,,,,,
south-facilities:9613,โรงพยาบาล โรงพยาบาลเจาะไอร้อง,9,EbS,บูรพาค่อนใต้,101.25,,— ว่าง —,,,,,,
south-facilities:9613,โรงพยาบาล โรงพยาบาลเจาะไอร้อง,10,ESE,บูรพา-อาคเนย์,112.5,,— ว่าง —,,,,,,
south-facilities:9613,โรงพยาบาล โรงพยาบาลเจาะไอร้อง,11,SEbE,อาคเนย์ค่อนบูรพา,123.75,,— ว่าง —,,,,,,
south-facilities:9613,โรงพยาบาล โรงพยาบาลเจาะไอร้อง,12,SE,อาคเนย์ (ตอ.เฉียงใต้),135.0,,— ว่าง —,,,,,,
south-facilities:9613,โรงพยาบาล โรงพยาบาลเจาะไอร้อง,13,SEbS,อาคเนย์ค่อนใต้,146.25,,— ว่าง —,,,,,,
south-facilities:9613,โรงพยาบาล โรงพยาบาลเจาะไอร้อง,14,SSE,ใต้-อาคเนย์,157.5,south-facilities:9611,โรงพยาบาล โรงพยาบาลสุไหงปาดี,โรงพยาบาล,17.356,21.724,1.252,145.55845886309527,98.23485337496163
south-facilities:9613,โรงพยาบาล โรงพยาบาลเจาะไอร้อง,15,SbE,ใต้ค่อนบูรพา,168.75,,— ว่าง —,,,,,,
south-facilities:9613,โรงพยาบาล โรงพยาบาลเจาะไอร้อง,16,S,ทักษิณ (ใต้),180.0,,— ว่าง —,,,,,,
south-facilities:9613,โรงพยาบาล โรงพยาบาลเจาะไอร้อง,17,SbW,ใต้ค่อนประจิม,191.25,,— ว่าง —,,,,,,
south-facilities:9613,โรงพยาบาล โรงพยาบาลเจาะไอร้อง,18,SSW,ใต้-หรดี,202.5,,— ว่าง —,,,,,,
south-facilities:9613,โรงพยาบาล โรงพยาบาลเจาะไอร้อง,19,SWbS,หรดีค่อนใต้,213.75,,— ว่าง —,,,,,,
south-facilities:9613,โรงพยาบาล โรงพยาบาลเจาะไอร้อง,20,SW,หรดี (ตต.เฉียงใต้),225.0,south-facilities:9612,โรงพยาบาล โรงพยาบาลจะแนะ,โรงพยาบาล,16.014,21.789,1.361,145.55845886309527,54.81603764306187
south-facilities:9613,โรงพยาบาล โรงพยาบาลเจาะไอร้อง,21,SWbW,หรดีค่อนประจิม,236.25,,— ว่าง —,,,,,,
south-facilities:9613,โรงพยาบาล โรงพยาบาลเจาะไอร้อง,22,WSW,ประจิม-หรดี,247.5,,— ว่าง —,,,,,,
south-facilities:9613,โรงพยาบาล โรงพยาบาลเจาะไอร้อง,23,WbS,ประจิมค่อนใต้,258.75,,— ว่าง —,,,,,,
south-facilities:9613,โรงพยาบาล โรงพยาบาลเจาะไอร้อง,24,W,ประจิม (ตะวันตก),270.0,,— ว่าง —,,,,,,
south-facilities:9613,โรงพยาบาล โรงพยาบาลเจาะไอร้อง,25,WbN,ประจิมค่อนเหนือ,281.25,,— ว่าง —,,,,,,
south-facilities:9613,โรงพยาบาล โรงพยาบาลเจาะไอร้อง,26,WNW,ประจิม-พายัพ,292.5,,— ว่าง —,,,,,,
south-facilities:9613,โรงพยาบาล โรงพยาบาลเจาะไอร้อง,27,NWbW,พายัพค่อนประจิม,303.75,south-facilities:9605/2,ด่านตรวจ (ไม่ระบุชื่อ) ระแงะ,ด่านตรวจ,23.381,29.061,1.243,145.55845886309527,0.05547532425754493
south-facilities:9613,โรงพยาบาล โรงพยาบาลเจาะไอร้อง,28,NW,พายัพ (ตต.เฉียงเหนือ),315.0,south-facilities:9605/3,โรงพยาบาล โรงพยาบาลระแงะ,โรงพยาบาล,12.315,13.59,1.103,145.55845886309527,85.95744521056331
south-facilities:9613,โรงพยาบาล โรงพยาบาลเจาะไอร้อง,29,NWbN,พายัพค่อนเหนือ,326.25,south-facilities:9604/2,ด่านตรวจ (ไม่ระบุชื่อ) ยี่งอ,ด่านตรวจ,22.798,26.6,1.167,145.55845886309527,15.088535386528765
south-facilities:9613,โรงพยาบาล โรงพยาบาลเจาะไอร้อง,30,NNW,เหนือ-พายัพ,337.5,south-facilities:9604/3,ด่านตรวจ (ไม่ระบุชื่อ) ยี่งอ,ด่านตรวจ,21.409,31.016,1.449,145.55845886309527,0.055472780631213775
south-facilities:9613,โรงพยาบาล โรงพยาบาลเจาะไอร้อง,31,NbW,เหนือค่อนประจิม,348.75,,— ว่าง —,,,,,,
