{"type":"FeatureCollection","features":[{"type":"Feature","geometry":{"type":"Point","coordinates":[101.8820404,5.8431884]},"properties":{"osm_id":1185606967,"name_th":"บ้านบูเก๊ะตา","name_en":"Ban Buketa","place":"village","subdistrict_code":"960804","subdistrict_th":"โละจูด","district_code":"9608","district_th":"แว้ง","province_code":"96"}},{"type":"Feature","geometry":{"type":"Point","coordinates":[101.2328055,5.857584]},"properties":{"osm_id":1192389996,"name_th":"บ้านจุฬาภรณ์ พัฒนา","name_en":"Ban Chulabhorn Phattana","place":"village","subdistrict_code":"950202","subdistrict_th":"ยะรม","district_code":"9502","district_th":"เบตง","province_code":"95"}},{"type":"Feature","geometry":{"type":"Point","coordinates":[101.1775284,6.0474557]},"properties":{"osm_id":1193614588,"name_th":"ตำบลแม่หวาด","name_en":"Mae Wat","place":"village","subdistrict_code":"950403","subdistrict_th":"แม่หวาด","district_code":"9504","district_th":"ธารโต","province_code":"95"}},{"type":"Feature","geometry":{"type":"Point","coordinates":[101.4001157,6.0587489]},"properties":{"osm_id":1193778389,"name_th":"บ้านจุฬาภรณ์ พัฒนา 9","name_en":"Ban Chulabhorn Phattana 9","place":"hamlet","subdistrict_code":"950403","subdistrict_th":"แม่หวาด","district_code":"9504","district_th":"ธารโต","province_code":"95"}},{"type":"Feature","geometry":{"type":"Point","coordinates":[101.5145105,6.3813209]},"properties":{"osm_id":2792284682,"name_th":"หมุ่บ้านปาตี","name_en":null,"place":"hamlet","subdistrict_code":"960601","subdistrict_th":"รือเสาะ","district_code":"9606","district_th":"รือเสาะ","province_code":"96"}},{"type":"Feature","geometry":{"type":"Point","coordinates":[101.5165757,6.3855923]},"properties":{"osm_id":2792284686,"name_th":"หมุ่บ้านยาบะ","name_en":"Mooban Yaba","place":"hamlet","subdistrict_code":"960601","subdistrict_th":"รือเสาะ","district_code":"9606","district_th":"รือเสาะ","province_code":"96"}},{"type":"Feature","geometry":{"type":"Point","coordinates":[101.5202041,6.3877381]},"properties":{"osm_id":2927378765,"name_th":"หมู่บ้านบลูกาปือดอ","name_en":"Muban Blu Ka Pue Do","place":"hamlet","subdistrict_code":"960607","subdistrict_th":"รือเสาะออก","district_code":"9606","district_th":"รือเสาะ","province_code":"96"}},{"type":"Feature","geometry":{"type":"Point","coordinates":[101.5278712,6.408129]},"properties":{"osm_id":2927378766,"name_th":"หมู่บ้านเปาะรามะ","name_en":"Muban Po Ra Ma","place":"hamlet","subdistrict_code":"960607","subdistrict_th":"รือเสาะออก","district_code":"9606","district_th":"รือเสาะ","province_code":"96"}},{"type":"Feature","geometry":{"type":"Point","coordinates":[101.4978834,6.3541899]},"properties":{"osm_id":2927428975,"name_th":"หมู่บ้านท่าเรือ","name_en":"Muban Tharuea","place":"hamlet","subdistrict_code":"960601","subdistrict_th":"รือเสาะ","district_code":"9606","district_th":"รือเสาะ","province_code":"96"}},{"type":"Feature","geometry":{"type":"Point","coordinates":[101.5038717,6.3669161]},"properties":{"osm_id":2927428976,"name_th":"หมู่บ้านยาแลเบาะ","name_en":"Muban Ya Lae Bo","place":"hamlet","subdistrict_code":"960601","subdistrict_th":"รือเสาะ","district_code":"9606","district_th":"รือเสาะ","province_code":"96"}},{"type":"Feature","geometry":{"type":"Point","coordinates":[101.502349,6.3806122]},"properties":{"osm_id":2927455263,"name_th":"หมู่บ้านนาดา","name_en":"Muban Na Da","place":"hamlet","subdistrict_code":"960601","subdistrict_th":"รือเสาะ","district_code":"9606","district_th":"รือเสาะ","province_code":"96"}},{"type":"Feature","geometry":{"type":"Point","coordinates":[101.4570616,6.3831459]},"properties":{"osm_id":2990793062,"name_th":"บ้านบาโงปูโละ","name_en":"Ban Ba Ngo Pu Lo","place":"hamlet","subdistrict_code":"960603","subdistrict_th":"เรียง","district_code":"9606","district_th":"รือเสาะ","province_code":"96"}},{"type":"Feature","geometry":{"type":"Point","coordinates":[101.5461369,6.4132495]},"properties":{"osm_id":2990793067,"name_th":"หมู่บ้านกาโดะ","name_en":"Muban Ka Do","place":"hamlet","subdistrict_code":"960607","subdistrict_th":"รือเสาะออก","district_code":"9606","district_th":"รือเสาะ","province_code":"96"}},{"type":"Feature","geometry":{"type":"Point","coordinates":[101.4419597,6.3764377]},"properties":{"osm_id":2990793068,"name_th":"หมู่บ้านซือเลาะ","name_en":"Muban Sue Lo","place":"hamlet","subdistrict_code":"960603","subdistrict_th":"เรียง","district_code":"9606","district_th":"รือเสาะ","province_code":"96"}},{"type":"Feature","geometry":{"type":"Point","coordinates":[101.5761292,6.4469001]},"properties":{"osm_id":2990793069,"name_th":"หมู่บ้านดือแยหะยี","name_en":"Muban Due Yae Hayi","place":"hamlet","subdistrict_code":"960609","subdistrict_th":"สุวารี","district_code":"9606","district_th":"รือเสาะ","province_code":"96"}},{"type":"Feature","geometry":{"type":"Point","coordinates":[101.4670144,6.3351495]},"properties":{"osm_id":2990793070,"name_th":"หมู่บ้านตันหยง","name_en":"Muban Tanyong","place":"hamlet","subdistrict_code":"960605","subdistrict_th":"บาตง","district_code":"9606","district_th":"รือเสาะ","province_code":"96"}},{"type":"Feature","geometry":{"type":"Point","coordinates":[101.5740117,6.4563548]},"properties":{"osm_id":2990793071,"name_th":"หมู่บ้านตายา","name_en":"Baan Ta Yai","place":"hamlet","subdistrict_code":"960609","subdistrict_th":"สุวารี","district_code":"9606","district_th":"รือเสาะ","province_code":"96"}},{"type":"Feature","geometry":{"type":"Point","coordinates":[101.4653907,6.3370729]},"properties":{"osm_id":2990793072,"name_th":"หมู่บ้านบลูกาฮีเล","name_en":"Muban Blu Ka Hi Le","place":"hamlet","subdistrict_code":"960605","subdistrict_th":"บาตง","district_code":"9606","district_th":"รือเสาะ","province_code":"96"}},{"type":"Feature","geometry":{"type":"Point","coordinates":[101.4702681,6.3309588]},"properties":{"osm_id":2990793073,"name_th":"หมู่บ้านบลูกาฮูลู","name_en":"Muban Blu Ka Hu Lu","place":"hamlet","subdistrict_code":"960605","subdistrict_th":"บาตง","district_code":"9606","district_th":"รือเสาะ","province_code":"96"}},{"type":"Feature","geometry":{"type":"Point","coordinates":[101.4803429,6.3266126]},"properties":{"osm_id":2990793074,"name_th":"หมู่บ้านบาตง","name_en":"Muban Ba Tong","place":"hamlet","subdistrict_code":"960605","subdistrict_th":"บาตง","district_code":"9606","district_th":"รือเสาะ","province_code":"96"}},{"type":"Feature","geometry":{"type":"Point","coordinates":[101.5148387,6.3933983]},"properties":{"osm_id":2990793075,"name_th":"หมู่บ้านปราลี","name_en":"Muban Pra Li","place":"hamlet","subdistrict_code":"960601","subdistrict_th":"รือเสาะ","district_code":"9606","district_th":"รือเสาะ","province_code":"96"}},{"type":"Feature","geometry":{"type":"Point","coordinates":[101.5516191,6.4185118]},"properties":{"osm_id":2990793076,"name_th":"หมู่บ้านปูโป","name_en":"Muban Pu Po","place":"hamlet","subdistrict_code":"960604","subdistrict_th":"สามัคคี","district_code":"9606","district_th":"รือเสาะ","province_code":"96"}},{"type":"Feature","geometry":{"type":"Point","coordinates":[101.4813601,6.3444356]},"properties":{"osm_id":2990793077,"name_th":"หมู่บ้านพงมูซู","name_en":"Muban Phong Mu Su","place":"hamlet","subdistrict_code":"960605","subdistrict_th":"บาตง","district_code":"9606","district_th":"รือเสาะ","province_code":"96"}},{"type":"Feature","geometry":{"type":"Point","coordinates":[101.5627936,6.4239203]},"properties":{"osm_id":2990793078,"name_th":"หมู่บ้านมะนังปันยัง","name_en":"Muban Manang Pan Yang","place":"hamlet","subdistrict_code":"960604","subdistrict_th":"สามัคคี","district_code":"9606","district_th":"รือเสาะ","province_code":"96"}},{"type":"Feature","geometry":{"type":"Point","coordinates":[101.4945266,6.3238794]},"properties":{"osm_id":2990793079,"name_th":"หมู่บ้านยาแม","name_en":"Muban Ya Mae","place":"hamlet","subdistrict_code":"960605","subdistrict_th":"บาตง","district_code":"9606","district_th":"รือเสาะ","province_code":"96"}},{"type":"Feature","geometry":{"type":"Point","coordinates":[101.4888784,6.3380192]},"properties":{"osm_id":2990793080,"name_th":"หมู่บ้านยาแม","name_en":"Muban Ya Mae","place":"hamlet","subdistrict_code":"960605","subdistrict_th":"บาตง","district_code":"9606","district_th":"รือเสาะ","province_code":"96"}},{"type":"Feature","geometry":{"type":"Point","coordinates":[101.578693,6.4523631]},"properties":{"osm_id":2990793081,"name_th":"หมู่บ้านยือลาแป","name_en":"Muban Yue La Pae","place":"hamlet","subdistrict_code":"960609","subdistrict_th":"สุวารี","district_code":"9606","district_th":"รือเสาะ","province_code":"96"}},{"type":"Feature","geometry":{"type":"Point","coordinates":[101.485193,6.2673484]},"properties":{"osm_id":2990793082,"name_th":"หมู่บ้านสวนพลู","name_en":"Muban Suan Phlu","place":"hamlet","subdistrict_code":"960608","subdistrict_th":"โคกสะตอ","district_code":"9606","district_th":"รือเสาะ","province_code":"96"}},{"type":"Feature","geometry":{"type":"Point","coordinates":[101.4771406,6.2897566]},"properties":{"osm_id":2990793083,"name_th":"หมู่บ้านไอร์กลูแป","name_en":"Muban Ai Klu Pae","place":"hamlet","subdistrict_code":"960608","subdistrict_th":"โคกสะตอ","district_code":"9606","district_th":"รือเสาะ","province_code":"96"}},{"type":"Feature","geometry":{"type":"Point","coordinates":[101.4476334,6.3028577]},"properties":{"osm_id":2990793084,"name_th":"หมู่บ้านไอร์จาดา","name_en":"Muban Ai Cha Da","place":"hamlet","subdistrict_code":"960608","subdistrict_th":"โคกสะตอ","district_code":"9606","district_th":"รือเสาะ","province_code":"96"}},{"type":"Feature","geometry":{"type":"Point","coordinates":[101.4512102,6.2715537]},"properties":{"osm_id":2990793085,"name_th":"หมู่บ้านไอร์จือนะ","name_en":"Muban Ai Chue Na","place":"hamlet","subdistrict_code":"960608","subdistrict_th":"โคกสะตอ","district_code":"9606","district_th":"รือเสาะ","province_code":"96"}},{"type":"Feature","geometry":{"type":"Point","coordinates":[101.5709287,6.3777727]},"properties":{"osm_id":2990835014,"name_th":"บ้านลาเมาะใน","name_en":"Ban La Mo Nai","place":"hamlet","subdistrict_code":"960607","subdistrict_th":"รือเสาะออก","district_code":"9606","district_th":"รือเสาะ","province_code":"96"}},{"type":"Feature","geometry":{"type":"Point","coordinates":[101.5011662,6.4376807]},"properties":{"osm_id":2990835017,"name_th":"หมู่บ้านจือแร","name_en":"Muban Chue Rae","place":"hamlet","subdistrict_code":"960602","subdistrict_th":"สาวอ","district_code":"9606","district_th":"รือเสาะ","province_code":"96"}},{"type":"Feature","geometry":{"type":"Point","coordinates":[101.4820747,6.4254681]},"properties":{"osm_id":2990835018,"name_th":"หมู่บ้านดือแย","name_en":"Muban Due Yae","place":"hamlet","subdistrict_code":"960602","subdistrict_th":"สาวอ","district_code":"9606","district_th":"รือเสาะ","province_code":"96"}},{"type":"Feature","geometry":{"type":"Point","coordinates":[101.5564079,6.3724421]},"properties":{"osm_id":2990835019,"name_th":"หมู่บ้านลาเมาะ","name_en":"Muban La Mo","place":"hamlet","subdistrict_code":"960607","subdistrict_th":"รือเสาะออก","district_code":"9606","district_th":"รือเสาะ","province_code":"96"}},{"type":"Feature","geometry":{"type":"Point","coordinates":[101.5378138,6.3583797]},"properties":{"osm_id":2990835020,"name_th":"หมู่บ้านสะโล","name_en":"Muban Sa Lo","place":"hamlet","subdistrict_code":"960601","subdistrict_th":"รือเสาะ","district_code":"9606","district_th":"รือเสาะ","province_code":"96"}},{"type":"Feature","geometry":{"type":"Point","coordinates":[101.4079481,6.477195]},"properties":{"osm_id":3180219442,"name_th":"บ้านตอแล","name_en":"Ban To Lae","place":"hamlet","subdistrict_code":"950601","subdistrict_th":"กายูบอเกาะ","district_code":"9506","district_th":"รามัน","province_code":"95"}},{"type":"Feature","geometry":{"type":"Point","coordinates":[101.4907741,6.4752882]},"properties":{"osm_id":3180219443,"name_th":"บ้านตะโละหะลอ","name_en":"Ban Ta Lo Ha Lo","place":"hamlet","subdistrict_code":"950616","subdistrict_th":"ตะโล๊ะหะลอ","district_code":"9506","district_th":"รามัน","province_code":"95"}},{"type":"Feature","geometry":{"type":"Point","coordinates":[101.4627138,6.4761011]},"properties":{"osm_id":3180219444,"name_th":"บ้านทุ่งขมิ้น","name_en":"Ban Thung Khamin","place":"hamlet","subdistrict_code":"950616","subdistrict_th":"ตะโล๊ะหะลอ","district_code":"9506","district_th":"รามัน","province_code":"95"}},{"type":"Feature","geometry":{"type":"Point","coordinates":[101.3922384,6.4691897]},"properties":{"osm_id":3180219445,"name_th":"บ้านพงจือนือเระ","name_en":"Ban Phong Chue Nue Re","place":"hamlet","subdistrict_code":"950601","subdistrict_th":"กายูบอเกาะ","district_code":"9506","district_th":"รามัน","province_code":"95"}},{"type":"Feature","geometry":{"type":"Point","coordinates":[101.3673857,6.4598139]},"properties":{"osm_id":3180992649,"name_th":"บ้านกาลูปัง","name_en":"Ban Ka Lu Pang","place":"hamlet","subdistrict_code":"950602","subdistrict_th":"กาลูปัง","district_code":"9506","district_th":"รามัน","province_code":"95"}},{"type":"Feature","geometry":{"type":"Point","coordinates":[101.6893876,6.392938]},"properties":{"osm_id":3180992650,"name_th":"บ้านจีจา","name_en":"Ban Chi Cha","place":"hamlet","subdistrict_code":"960403","subdistrict_th":"จอเบาะ","district_code":"9604","district_th":"ยี่งอ","province_code":"96"}},{"type":"Feature","geometry":{"type":"Point","coordinates":[101.6667168,6.3715208]},"properties":{"osm_id":3180992651,"name_th":"บ้านตะลาฆอสะโต","name_en":"Ban Ta La Kho Sa To","place":"hamlet","subdistrict_code":"960403","subdistrict_th":"จอเบาะ","district_code":"9604","district_th":"ยี่งอ","province_code":"96"}},{"type":"Feature","geometry":{"type":"Point","coordinates":[101.7476776,6.4067084]},"properties":{"osm_id":3180992652,"name_th":"บ้านทุ่งคา","name_en":"Ban Thung Kha","place":"hamlet","subdistrict_code":"960402","subdistrict_th":"ละหาร","district_code":"9604","district_th":"ยี่งอ","province_code":"96"}},{"type":"Feature","geometry":{"type":"Point","coordinates":[101.6002872,6.3670473]},"properties":{"osm_id":3180992653,"name_th":"บ้านบาโง","name_en":"Ban Ba Ngo","place":"hamlet","subdistrict_code":"960606","subdistrict_th":"ลาโละ","district_code":"9606","district_th":"รือเสาะ","province_code":"96"}},{"type":"Feature","geometry":{"type":"Point","coordinates":[101.4241268,6.4776364]},"properties":{"osm_id":3180992654,"name_th":"บ้านรามัน","name_en":"Ban Raman","place":"hamlet","subdistrict_code":"950601","subdistrict_th":"กายูบอเกาะ","district_code":"9506","district_th":"รามัน","province_code":"95"}},{"type":"Feature","geometry":{"type":"Point","coordinates":[101.6114858,6.3611092]},"properties":{"osm_id":3180992655,"name_th":"บ้านสะโล","name_en":"Ban Sa Lo","place":"hamlet","subdistrict_code":"960510","subdistrict_th":"มะรือโบตก","district_code":"9605","district_th":"ระแงะ","province_code":"96"}},{"type":"Feature","geometry":{"type":"Point","coordinates":[100.35439,6.70461]},"properties":{"osm_id":3748662313,"name_th":"บ้านท่าข่อย","name_en":"Ban Tha Khoi","place":"village","subdistrict_code":"901007","subdistrict_th":"ปาดังเบซาร์","district_code":"9010","district_th":"สะเดา","province_code":"90"}},{"type":"Feature","geometry":{"type":"Point","coordinates":[100.50011,7.30011]},"properties":{"osm_id":3748685072,"name_th":"บ้านวัดขนุน","name_en":"Ban Wat Khanun","place":"village","subdistrict_code":"901505","subdistrict_th":"วัดขนุน","district_code":"9015","district_th":"สิงหนคร","province_code":"90"}},{"type":"Feature","geometry":{"type":"Point","coordinates":[100.6337775,7.1045985]},"properties":{"osm_id":4462723745,"name_th":"บ้านด่าน","name_en":"Ban Dan","place":"village","subdistrict_code":"900103","subdistrict_th":"เกาะแต้ว","district_code":"9001","district_th":"เมืองสงขลา","province_code":"90"}},{"type":"Feature","geometry":{"type":"Point","coordinates":[100.6303766,7.0820168]},"properties":{"osm_id":4462746212,"name_th":"บ้านอ่างทอง","name_en":"Ban Ang Tong","place":"village","subdistrict_code":"900105","subdistrict_th":"ทุ่งหวัง","district_code":"9001","district_th":"เมืองสงขลา","province_code":"90"}},{"type":"Feature","geometry":{"type":"Point","coordinates":[100.6495269,7.0781499]},"properties":{"osm_id":4462786541,"name_th":"บ้านยางงาม","name_en":"Ban Yang Ngam","place":"village","subdistrict_code":"900105","subdistrict_th":"ทุ่งหวัง","district_code":"9001","district_th":"เมืองสงขลา","province_code":"90"}},{"type":"Feature","geometry":{"type":"Point","coordinates":[100.5898665,7.1416253]},"properties":{"osm_id":4463200042,"name_th":"บ้านบางดาน","name_en":"Ban Bang Dan","place":"village","subdistrict_code":"900104","subdistrict_th":"พะวง","district_code":"9001","district_th":"เมืองสงขลา","province_code":"90"}},{"type":"Feature","geometry":{"type":"Point","coordinates":[100.6403068,7.1234047]},"properties":{"osm_id":4463200078,"name_th":"สามกอง","name_en":"Ban Sam Kong","place":"village","subdistrict_code":"900103","subdistrict_th":"เกาะแต้ว","district_code":"9001","district_th":"เมืองสงขลา","province_code":"90"}},{"type":"Feature","geometry":{"type":"Point","coordinates":[100.5870797,7.0779922]},"properties":{"osm_id":4464319230,"name_th":"บ้านกลาง","name_en":"Ban Klang","place":"village","subdistrict_code":"900104","subdistrict_th":"พะวง","district_code":"9001","district_th":"เมืองสงขลา","province_code":"90"}},{"type":"Feature","geometry":{"type":"Point","coordinates":[100.4964702,6.8356331]},"properties":{"osm_id":4464550293,"name_th":"บ้านควนเนียง","name_en":"Ban Khuan Niang","place":"village","subdistrict_code":"901118","subdistrict_th":"พะตง","district_code":"9011","district_th":"หาดใหญ่","province_code":"90"}},{"type":"Feature","geometry":{"type":"Point","coordinates":[100.4953008,6.8957301]},"properties":{"osm_id":4464565102,"name_th":"บ้านไร่","name_en":"Ban Rai","place":"village","subdistrict_code":"901116","subdistrict_th":"บ้านพรุ","district_code":"9011","district_th":"หาดใหญ่","province_code":"90"}},{"type":"Feature","geometry":{"type":"Point","coordinates":[100.5342141,6.8558308]},"properties":{"osm_id":4464589995,"name_th":"บ้านทุ่งจัง","name_en":"Ban Tung Chang","place":"hamlet","subdistrict_code":"901118","subdistrict_th":"พะตง","district_code":"9011","district_th":"หาดใหญ่","province_code":"90"}},{"type":"Feature","geometry":{"type":"Point","coordinates":[100.4460018,6.9954691]},"properties":{"osm_id":4465620010,"name_th":"บ้านหน้าควน","name_en":"Ban Nakuan","place":"village","subdistrict_code":"901102","subdistrict_th":"ควนลัง","district_code":"9011","district_th":"หาดใหญ่","province_code":"90"}},{"type":"Feature","geometry":{"type":"Point","coordinates":[100.4754689,6.9797921]},"properties":{"osm_id":4465649857,"name_th":"บ้านคลองหวะ","name_en":"Ban Khlong Wa","place":"village","subdistrict_code":"901104","subdistrict_th":"คอหงส์","district_code":"9011","district_th":"หาดใหญ่","province_code":"90"}},{"type":"Feature","geometry":{"type":"Point","coordinates":[100.5014048,7.0448027]},"properties":{"osm_id":4465649858,"name_th":"บ้านคลองเปล","name_en":"Ban Khlong Ple","place":"village","subdistrict_code":"901104","subdistrict_th":"คอหงส์","district_code":"9011","district_th":"หาดใหญ่","province_code":"90"}},{"type":"Feature","geometry":{"type":"Point","coordinates":[100.5809274,7.0259142]},"properties":{"osm_id":4465674241,"name_th":"บ้านเขากลอย","name_en":"Ban Kao Kloi","place":"hamlet","subdistrict_code":"901113","subdistrict_th":"ท่าข้าม","district_code":"9011","district_th":"หาดใหญ่","province_code":"90"}},{"type":"Feature","geometry":{"type":"Point","coordinates":[100.5212662,7.1183627]},"properties":{"osm_id":4465696538,"name_th":"บ้านท่านางหอม","name_en":"Ban Ta Nang Hom","place":"village","subdistrict_code":"901114","subdistrict_th":"น้ำน้อย","district_code":"9011","district_th":"หาดใหญ่","province_code":"90"}},{"type":"Feature","geometry":{"type":"Point","coordinates":[100.5422094,7.0407352]},"properties":{"osm_id":4465696548,"name_th":"บ้านพรุเตาะ","name_en":"Ban Pru To","place":"hamlet","subdistrict_code":"901111","subdistrict_th":"ทุ่งใหญ่","district_code":"9011","district_th":"หาดใหญ่","province_code":"90"}},{"type":"Feature","geometry":{"type":"Point","coordinates":[100.5358599,7.0976601]},"properties":{"osm_id":4465874149,"name_th":"บ้านท่าจีน","name_en":"Ban Ta Chin ","place":"village","subdistrict_code":"901114","subdistrict_th":"น้ำน้อย","district_code":"9011","district_th":"หาดใหญ่","province_code":"90"}},{"type":"Feature","geometry":{"type":"Point","coordinates":[100.5835481,7.0382884]},"properties":{"osm_id":4466007754,"name_th":"บ้านหินเกลี้ยง","name_en":"Ban Hin Kliang","place":"hamlet","subdistrict_code":"901113","subdistrict_th":"ท่าข้าม","district_code":"9011","district_th":"หาดใหญ่","province_code":"90"}},{"type":"Feature","geometry":{"type":"Point","coordinates":[100.5395999,7.0584431]},"properties":{"osm_id":4466209878,"name_th":"บ้านทุ่งใหญ่","name_en":"Ban Tung Yai","place":"hamlet","subdistrict_code":"901111","subdistrict_th":"ทุ่งใหญ่","district_code":"9011","district_th":"หาดใหญ่","province_code":"90"}},{"type":"Feature","geometry":{"type":"Point","coordinates":[100.4767981,7.0459902]},"properties":{"osm_id":4466209889,"name_th":"บ้านคลองแห","name_en":"Ban Klong Hae","place":"village","subdistrict_code":"901105","subdistrict_th":"คลองแห","district_code":"9011","district_th":"หาดใหญ่","province_code":"90"}},{"type":"Feature","geometry":{"type":"Point","coordinates":[100.4729739,7.1021393]},"properties":{"osm_id":4466224465,"name_th":"บ้านดอน","name_en":"Ban Don","place":"hamlet","subdistrict_code":"901103","subdistrict_th":"คูเต่า","district_code":"9011","district_th":"หาดใหญ่","province_code":"90"}},{"type":"Feature","geometry":{"type":"Point","coordinates":[100.4541367,7.1368334]},"properties":{"osm_id":4466262320,"name_th":"บ้านเกาะนก","name_en":"Ban Ko Nok","place":"village","subdistrict_code":"901103","subdistrict_th":"คูเต่า","district_code":"9011","district_th":"หาดใหญ่","province_code":"90"}},{"type":"Feature","geometry":{"type":"Point","coordinates":[100.4631461,7.1251986]},"properties":{"osm_id":4466291179,"name_th":"บ้านควน","name_en":"Ban Kuan","place":"village","subdistrict_code":"901103","subdistrict_th":"คูเต่า","district_code":"9011","district_th":"หาดใหญ่","province_code":"90"}},{"type":"Feature","geometry":{"type":"Point","coordinates":[100.4807204,7.0792165]},"properties":{"osm_id":4467243076,"name_th":"บ้านทุ่งนํ้า","name_en":"Ban Tung Nam","place":"hamlet","subdistrict_code":"901105","subdistrict_th":"คลองแห","district_code":"9011","district_th":"หาดใหญ่","province_code":"90"}},{"type":"Feature","geometry":{"type":"Point","coordinates":[100.5010831,7.0573464]},"properties":{"osm_id":4467258564,"name_th":"บ้านเกาะหมี","name_en":"Ban Ko Mi","place":"village","subdistrict_code":"901105","subdistrict_th":"คลองแห","district_code":"9011","district_th":"หาดใหญ่","province_code":"90"}},{"type":"Feature","geometry":{"type":"Point","coordinates":[100.4159627,6.9925308]},"properties":{"osm_id":4467258568,"name_th":"บ้านควนลัง","name_en":"Ban Khuan Lang","place":"village","subdistrict_code":"901102","subdistrict_th":"ควนลัง","district_code":"9011","district_th":"หาดใหญ่","province_code":"90"}},{"type":"Feature","geometry":{"type":"Point","coordinates":[100.4539412,7.0405448]},"properties":{"osm_id":4467282116,"name_th":"บ้านท่าไทร","name_en":"Ban Ta Sai","place":"village","subdistrict_code":"901105","subdistrict_th":"คลองแห","district_code":"9011","district_th":"หาดใหญ่","province_code":"90"}},{"type":"Feature","geometry":{"type":"Point","coordinates":[100.4411855,7.0118146]},"properties":{"osm_id":4469522820,"name_th":"บ้านบางแฟบ","name_en":"Ban Bang Faep","place":"village","subdistrict_code":"901102","subdistrict_th":"ควนลัง","district_code":"9011","district_th":"หาดใหญ่","province_code":"90"}},{"type":"Feature","geometry":{"type":"Point","coordinates":[100.3405483,6.976557]},"properties":{"osm_id":4469529320,"name_th":"บ้านหูแร่","name_en":"Ban Hu Rae","place":"village","subdistrict_code":"901112","subdistrict_th":"ทุ่งตำเสา","district_code":"9011","district_th":"หาดใหญ่","province_code":"90"}},{"type":"Feature","geometry":{"type":"Point","coordinates":[100.2583221,6.8961047]},"properties":{"osm_id":4469536158,"name_th":"บ้านวังพา","name_en":"Ban Wang Pa","place":"village","subdistrict_code":"901112","subdistrict_th":"ทุ่งตำเสา","district_code":"9011","district_th":"หาดใหญ่","province_code":"90"}},{"type":"Feature","geometry":{"type":"Point","coordinates":[100.3072257,6.99811]},"properties":{"osm_id":4469552657,"name_th":"บ้านฉลุง","name_en":"Ban Cha Lung","place":"village","subdistrict_code":"901108","subdistrict_th":"ฉลุง","district_code":"9011","district_th":"หาดใหญ่","province_code":"90"}},{"type":"Feature","geometry":{"type":"Point","coordinates":[100.3779271,6.976588]},"properties":{"osm_id":4469552681,"name_th":"บ้านม่วงค่อม","name_en":"Ban Muang Khom","place":"village","subdistrict_code":"901102","subdistrict_th":"ควนลัง","district_code":"9011","district_th":"หาดใหญ่","province_code":"90"}},{"type":"Feature","geometry":{"type":"Point","coordinates":[100.3229888,6.9713753]},"properties":{"osm_id":4469560480,"name_th":"บ้านนาแสน","name_en":"Ban Na Saen","place":"village","subdistrict_code":"901112","subdistrict_th":"ทุ่งตำเสา","district_code":"9011","district_th":"หาดใหญ่","province_code":"90"}},{"type":"Feature","geometry":{"type":"Point","coordinates":[100.3848042,6.963735]},"properties":{"osm_id":4469574675,"name_th":"บ้านทุ่งเลียบ","name_en":"Ban Tung Liap","place":"village","subdistrict_code":"901112","subdistrict_th":"ทุ่งตำเสา","district_code":"9011","district_th":"หาดใหญ่","province_code":"90"}},{"type":"Feature","geometry":{"type":"Point","coordinates":[100.28942,6.9192807]},"properties":{"osm_id":4469586976,"name_th":"บ้านท่าหมอไชย","name_en":"Ban Ta Mo Chai","place":"hamlet","subdistrict_code":"901112","subdistrict_th":"ทุ่งตำเสา","district_code":"9011","district_th":"หาดใหญ่","province_code":"90"}},{"type":"Feature","geometry":{"type":"Point","coordinates":[100.3175345,6.9587188]},"properties":{"osm_id":4469692640,"name_th":"บ้านหินผุด","name_en":"Ban Hin Put","place":"village","subdistrict_code":"901112","subdistrict_th":"ทุ่งตำเสา","district_code":"9011","district_th":"หาดใหญ่","province_code":"90"}},{"type":"Feature","geometry":{"type":"Point","coordinates":[100.3678093,6.9480912]},"properties":{"osm_id":4469715373,"name_th":"บ้านทุ่งตําเสา","name_en":"Ban Tung Tam Sao","place":"hamlet","subdistrict_code":"901112","subdistrict_th":"ทุ่งตำเสา","district_code":"9011","district_th":"หาดใหญ่","province_code":"90"}},{"type":"Feature","geometry":{"type":"Point","coordinates":[100.2300855,7.8491074]},"properties":{"osm_id":4470684197,"name_th":"บ้านขาว","name_en":"Ban Khao","place":"village","subdistrict_code":"900711","subdistrict_th":"บ้านขาว","district_code":"9007","district_th":"ระโนด","province_code":"90"}},{"type":"Feature","geometry":{"type":"Point","coordinates":[100.22265,7.8655018]},"properties":{"osm_id":4470823185,"name_th":"บ้านคูวา","name_en":"Ban Ku Wa","place":"village","subdistrict_code":"900711","subdistrict_th":"บ้านขาว","district_code":"9007","district_th":"ระโนด","province_code":"90"}},{"type":"Feature","geometry":{"type":"Point","coordinates":[100.252915,7.844262]},"properties":{"osm_id":4470823205,"name_th":"บ้านดอนแบก","name_en":"Ban Don Baek","place":"village","subdistrict_code":"900703","subdistrict_th":"ตะเครียะ","district_code":"9007","district_th":"ระโนด","province_code":"90"}},{"type":"Feature","geometry":{"type":"Point","coordinates":[100.3489892,7.8655102]},"properties":{"osm_id":4470883585,"name_th":"บ้านมาบบัว","name_en":"Ban Map Bua","place":"village","subdistrict_code":"900704","subdistrict_th":"ท่าบอน","district_code":"9007","district_th":"ระโนด","province_code":"90"}},{"type":"Feature","geometry":{"type":"Point","coordinates":[100.2991447,7.8719682]},"properties":{"osm_id":4475019382,"name_th":"บ้านแม่ใหญ่","name_en":"Ban Mae Yai","place":"village","subdistrict_code":"900712","subdistrict_th":"แดนสงวน","district_code":"9007","district_th":"ระโนด","province_code":"90"}},{"type":"Feature","geometry":{"type":"Point","coordinates":[100.3167618,7.8617045]},"properties":{"osm_id":4475040832,"name_th":"บ้านขี้นาก","name_en":"Ban Ki Nak","place":"village","subdistrict_code":"900712","subdistrict_th":"แดนสงวน","district_code":"9007","district_th":"ระโนด","province_code":"90"}},{"type":"Feature","geometry":{"type":"Point","coordinates":[100.4710216,7.3862801]},"properties":{"osm_id":4475160290,"name_th":"บ้านบ่อประดู่","name_en":"Ban Bo Pra Du","place":"village","subdistrict_code":"900209","subdistrict_th":"วัดจันทร์","district_code":"9002","district_th":"สทิงพระ","province_code":"90"}},{"type":"Feature","geometry":{"type":"Point","coordinates":[100.4462159,7.4542641]},"properties":{"osm_id":4476086674,"name_th":"บ้านพังเภา","name_en":"Ban Pang Pao","place":"village","subdistrict_code":"900201","subdistrict_th":"จะทิ้งพระ","district_code":"9002","district_th":"สทิงพระ","province_code":"90"}},{"type":"Feature","geometry":{"type":"Point","coordinates":[100.4103144,7.5758203]},"properties":{"osm_id":4476088661,"name_th":"บ้านชะแม","name_en":"Ban Cha Mae","place":"village","subdistrict_code":"900204","subdistrict_th":"ดีหลวง","district_code":"9002","district_th":"สทิงพระ","province_code":"90"}},{"type":"Feature","geometry":{"type":"Point","coordinates":[100.3909644,7.5684272]},"properties":{"osm_id":4476091400,"name_th":"บ้านท่าคุระ","name_en":"Ban Ta Ku Ra","place":"village","subdistrict_code":"900206","subdistrict_th":"คลองรี","district_code":"9002","district_th":"สทิงพระ","province_code":"90"}},{"type":"Feature","geometry":{"type":"Point","coordinates":[100.3082224,7.1780472]},"properties":{"osm_id":4476107267,"name_th":"บ้านโคกค่าย","name_en":"Ban Kok Kai","place":"village","subdistrict_code":"900904","subdistrict_th":"ควนรู","district_code":"9009","district_th":"รัตภูมิ","province_code":"90"}},{"type":"Feature","geometry":{"type":"Point","coordinates":[100.2874083,7.1697496]},"properties":{"osm_id":4481586514,"name_th":"บ้านกองอิฐ","name_en":"Ban Kong It","place":"village","subdistrict_code":"900903","subdistrict_th":"คูหาใต้","district_code":"9009","district_th":"รัตภูมิ","province_code":"90"}},{"type":"Feature","geometry":{"type":"Point","coordinates":[100.2228555,7.1909369]},"properties":{"osm_id":4481637718,"name_th":"บ้านพรุพ้อ","name_en":"Ban Pru Po","place":"village","subdistrict_code":"900903","subdistrict_th":"คูหาใต้","district_code":"9009","district_th":"รัตภูมิ","province_code":"90"}},{"type":"Feature","geometry":{"type":"Point","coordinates":[100.2422733,7.1661506]},"properties":{"osm_id":4483176955,"name_th":"บ้านทุ่งมะขาม","name_en":"Ban Tung Kakham","place":"hamlet","subdistrict_code":"900903","subdistrict_th":"คูหาใต้","district_code":"9009","district_th":"รัตภูมิ","province_code":"90"}},{"type":"Feature","geometry":{"type":"Point","coordinates":[100.1616527,7.1458313]},"properties":{"osm_id":4483315041,"name_th":"บ้านท่ามะปราง","name_en":"Ban Ta Ma Prang","place":"village","subdistrict_code":"900902","subdistrict_th":"ท่าชะมวง","district_code":"9009","district_th":"รัตภูมิ","province_code":"90"}},{"type":"Feature","geometry":{"type":"Point","coordinates":[100.1327516,6.9410924]},"properties":{"osm_id":4483473767,"name_th":"บ้านคลองถั่ว","name_en":"Ban Klong Tua","place":"village","subdistrict_code":"900909","subdistrict_th":"เขาพระ","district_code":"9009","district_th":"รัตภูมิ","province_code":"90"}},{"type":"Feature","geometry":{"type":"Point","coordinates":[100.204461,7.0678043]},"properties":{"osm_id":4483535469,"name_th":"บ้านคลองเขาล้อน","name_en":"Ban Klong Kao Lon","place":"village","subdistrict_code":"900909","subdistrict_th":"เขาพระ","district_code":"9009","district_th":"รัตภูมิ","province_code":"90"}},{"type":"Feature","geometry":{"type":"Point","coordinates":[100.1901498,7.0835716]},"properties":{"osm_id":4483535476,"name_th":"บ้านนาลึก","name_en":"Ban Na Luek","place":"village","subdistrict_code":"900909","subdistrict_th":"เขาพระ","district_code":"9009","district_th":"รัตภูมิ","province_code":"90"}},{"type":"Feature","geometry":{"type":"Point","coordinates":[100.1300388,7.0532577]},"properties":{"osm_id":4483535478,"name_th":"บ้านควนดินแดง","name_en":"Ban Kuan Din Daeng","place":"village","subdistrict_code":"900909","subdistrict_th":"เขาพระ","district_code":"9009","district_th":"รัตภูมิ","province_code":"90"}},{"type":"Feature","geometry":{"type":"Point","coordinates":[100.1475672,7.0990813]},"properties":{"osm_id":4483628027,"name_th":"บ้านทุ่งคมบาง","name_en":"Ban Tung Kom Bang","place":"hamlet","subdistrict_code":"900909","subdistrict_th":"เขาพระ","district_code":"9009","district_th":"รัตภูมิ","province_code":"90"}},{"type":"Feature","geometry":{"type":"Point","coordinates":[100.2731057,7.050569]},"properties":{"osm_id":4483680397,"name_th":"บ้านห้วยโอน","name_en":"Ban Huai On","place":"village","subdistrict_code":"900901","subdistrict_th":"กำแพงเพชร","district_code":"9009","district_th":"รัตภูมิ","province_code":"90"}},{"type":"Feature","geometry":{"type":"Point","coordinates":[100.2601775,7.0753839]},"properties":{"osm_id":4483680460,"name_th":"บ้านเขารักเกียรติ","name_en":"Ban Kao Rak Kiat","place":"village","subdistrict_code":"900901","subdistrict_th":"กำแพงเพชร","district_code":"9009","district_th":"รัตภูมิ","province_code":"90"}},{"type":"Feature","geometry":{"type":"Point","coordinates":[100.3145089,7.0778208]},"properties":{"osm_id":4483730290,"name_th":"บ้านควนนา","name_en":"Ban Kuan Na","place":"village","subdistrict_code":"900901","subdistrict_th":"กำแพงเพชร","district_code":"9009","district_th":"รัตภูมิ","province_code":"90"}},{"type":"Feature","geometry":{"type":"Point","coordinates":[100.9552782,6.8535078]},"properties":{"osm_id":4485223173,"name_th":"บ้านเทพา","name_en":"Ban Thae Pa","place":"hamlet","subdistrict_code":"900501","subdistrict_th":"เทพา","district_code":"9005","district_th":"เทพา","province_code":"90"}},{"type":"Feature","geometry":{"type":"Point","coordinates":[100.9631425,6.8653731]},"properties":{"osm_id":4485224161,"name_th":"บ้านพระพุทธ","name_en":"Ban Pra Put","place":"village","subdistrict_code":"900501","subdistrict_th":"เทพา","district_code":"9005","district_th":"เทพา","province_code":"90"}},{"type":"Feature","geometry":{"type":"Point","coordinates":[100.9705557,6.8693579]},"properties":{"osm_id":4485313135,"name_th":"บ้านคลองประดู่","name_en":"Ban Pra Du","place":"village","subdistrict_code":"900502","subdistrict_th":"ปากบาง","district_code":"9005","district_th":"เทพา","province_code":"90"}},{"type":"Feature","geometry":{"type":"Point","coordinates":[100.9665023,6.8427708]},"properties":{"osm_id":4485313138,"name_th":"บ้านบ่อเตย","name_en":"Ban Bo Toei","place":"village","subdistrict_code":"900502","subdistrict_th":"ปากบาง","district_code":"9005","district_th":"เทพา","province_code":"90"}},{"type":"Feature","geometry":{"type":"Point","coordinates":[100.9552776,6.8098538]},"properties":{"osm_id":4485352915,"name_th":"บ้านป่ากอ","name_en":"Ban Pa Ko","place":"village","subdistrict_code":"900501","subdistrict_th":"เทพา","district_code":"9005","district_th":"เทพา","province_code":"90"}},{"type":"Feature","geometry":{"type":"Point","coordinates":[100.9306893,6.8001593]},"properties":{"osm_id":4485352923,"name_th":"บ้านป่าโอน","name_en":"Ban Pa On","place":"village","subdistrict_code":"900501","subdistrict_th":"เทพา","district_code":"9005","district_th":"เทพา","province_code":"90"}},{"type":"Feature","geometry":{"type":"Point","coordinates":[101.0120365,6.7780005]},"properties":{"osm_id":4485480670,"name_th":"บ้านหนองสาหร่าย","name_en":"Ban Nong Sa Rai","place":"village","subdistrict_code":"900505","subdistrict_th":"ท่าม่วง","district_code":"9005","district_th":"เทพา","province_code":"90"}},{"type":"Feature","geometry":{"type":"Point","coordinates":[100.9974656,6.7041098]},"properties":{"osm_id":4485501346,"name_th":"บ้านควนหรัน","name_en":"Ban Khuan Ran","place":"village","subdistrict_code":"900505","subdistrict_th":"ท่าม่วง","district_code":"9005","district_th":"เทพา","province_code":"90"}},{"type":"Feature","geometry":{"type":"Point","coordinates":[101.0577889,6.6880494]},"properties":{"osm_id":4485616205,"name_th":"บ้านกระอาน","name_en":"Ban Kra An","place":"village","subdistrict_code":"900505","subdistrict_th":"ท่าม่วง","district_code":"9005","district_th":"เทพา","province_code":"90"}},{"type":"Feature","geometry":{"type":"Point","coordinates":[100.938606,6.7418407]},"properties":{"osm_id":4485626489,"name_th":"บ้านลำไพล","name_en":"Ban Lam Plai","place":"village","subdistrict_code":"900504","subdistrict_th":"ลำไพล","district_code":"9005","district_th":"เทพา","province_code":"90"}},{"type":"Feature","geometry":{"type":"Point","coordinates":[100.8861588,6.6686086]},"properties":{"osm_id":4486232253,"name_th":"บ้านท่าไทร","name_en":"Ban Tha Sai","place":"village","subdistrict_code":"900504","subdistrict_th":"ลำไพล","district_code":"9005","district_th":"เทพา","province_code":"90"}},{"type":"Feature","geometry":{"type":"Point","coordinates":[100.9056638,6.6745768]},"properties":{"osm_id":4486234176,"name_th":"บ้านทุ่งโพธิ์","name_en":"Ban Tung Pho","place":"village","subdistrict_code":"900504","subdistrict_th":"ลำไพล","district_code":"9005","district_th":"เทพา","province_code":"90"}},{"type":"Feature","geometry":{"type":"Point","coordinates":[100.9486585,6.6966183]},"properties":{"osm_id":4486234191,"name_th":"บ้านลำเปา","name_en":"Ban Lam Pao","place":"village","subdistrict_code":"900504","subdistrict_th":"ลำไพล","district_code":"9005","district_th":"เทพา","province_code":"90"}},{"type":"Feature","geometry":{"type":"Point","coordinates":[100.8543726,6.7186925]},"properties":{"osm_id":4486256162,"name_th":"บ้านควนหมาก","name_en":"Ban Kuan Mak","place":"village","subdistrict_code":"900506","subdistrict_th":"วังใหญ่","district_code":"9005","district_th":"เทพา","province_code":"90"}},{"type":"Feature","geometry":{"type":"Point","coordinates":[100.8898955,6.8012441]},"properties":{"osm_id":4486285579,"name_th":"บ้านพรุตู","name_en":"Ban Pru Tu","place":"village","subdistrict_code":"900503","subdistrict_th":"เกาะสะบ้า","district_code":"9005","district_th":"เทพา","province_code":"90"}},{"type":"Feature","geometry":{"type":"Point","coordinates":[100.8659044,6.7377354]},"properties":{"osm_id":4486285698,"name_th":"บ้านวังใหญ่","name_en":"Ban Wang Yai","place":"village","subdistrict_code":"900506","subdistrict_th":"วังใหญ่","district_code":"9005","district_th":"เทพา","province_code":"90"}},{"type":"Feature","geometry":{"type":"Point","coordinates":[100.9202795,6.842002]},"properties":{"osm_id":4486291824,"name_th":"บ้านบ่อนํ้าส้ม","name_en":"Ban Bo Nam Som","place":"village","subdistrict_code":"900503","subdistrict_th":"เกาะสะบ้า","district_code":"9005","district_th":"เทพา","province_code":"90"}},{"type":"Feature","geometry":{"type":"Point","coordinates":[100.911408,6.90209]},"properties":{"osm_id":4486419326,"name_th":"บ้านกรงอิตํา","name_en":"Ban Krong I Tam","place":"village","subdistrict_code":"900503","subdistrict_th":"เกาะสะบ้า","district_code":"9005","district_th":"เทพา","province_code":"90"}},{"type":"Feature","geometry":{"type":"Point","coordinates":[100.8589011,6.9018025]},"properties":{"osm_id":4486419372,"name_th":"บ้านโคกพยอม","name_en":"Ban Kok Pa Yom","place":"village","subdistrict_code":"900503","subdistrict_th":"เกาะสะบ้า","district_code":"9005","district_th":"เทพา","province_code":"90"}},{"type":"Feature","geometry":{"type":"Point","coordinates":[100.8505648,6.9239658]},"properties":{"osm_id":4486444377,"name_th":"บ้านพรุหลุมพี","name_en":"Ban Phru Lum Pi","place":"village","subdistrict_code":"900507","subdistrict_th":"สะกอม","district_code":"9005","district_th":"เทพา","province_code":"90"}},{"type":"Feature","geometry":{"type":"Point","coordinates":[100.83108,6.949496]},"properties":{"osm_id":4486710789,"name_th":"บ้านปากบางสะกอม","name_en":"Ban Pak Bang Sa Kom","place":"village","subdistrict_code":"900507","subdistrict_th":"สะกอม","district_code":"9005","district_th":"เทพา","province_code":"90"}},{"type":"Feature","geometry":{"type":"Point","coordinates":[100.815182,6.94006]},"properties":{"osm_id":4486710792,"name_th":"บ้านสวรรค์","name_en":"Ban Sa Wan","place":"village","subdistrict_code":"900507","subdistrict_th":"สะกอม","district_code":"9005","district_th":"เทพา","province_code":"90"}},{"type":"Feature","geometry":{"type":"Point","coordinates":[100.8180404,6.9214588]},"properties":{"osm_id":4486722607,"name_th":"บ้านม่วงถํ้า","name_en":"Ban Muang Tam","place":"village","subdistrict_code":"900507","subdistrict_th":"สะกอม","district_code":"9005","district_th":"เทพา","province_code":"90"}},{"type":"Feature","geometry":{"type":"Point","coordinates":[100.8249882,6.8574704]},"properties":{"osm_id":4486733235,"name_th":"บ้านแซะ","name_en":"BanSae","place":"village","subdistrict_code":"900507","subdistrict_th":"สะกอม","district_code":"9005","district_th":"เทพา","province_code":"90"}},{"type":"Feature","geometry":{"type":"Point","coordinates":[100.8790604,6.929495]},"properties":{"osm_id":4486746013,"name_th":"บ้านเขาน้อย","name_en":"Ban Kao Noi","place":"village","subdistrict_code":"900507","subdistrict_th":"สะกอม","district_code":"9005","district_th":"เทพา","province_code":"90"}},{"type":"Feature","geometry":{"type":"Point","coordinates":[100.9874541,6.8189403]},"properties":{"osm_id":4488583705,"name_th":"บ้านคลองขุด","name_en":"Ban Klong Kut","place":"village","subdistrict_code":"900502","subdistrict_th":"ปากบาง","district_code":"9005","district_th":"เทพา","province_code":"90"}},{"type":"Feature","geometry":{"type":"Point","coordinates":[100.9928935,6.787013]},"properties":{"osm_id":4488639193,"name_th":"บ้านโคกกอ","name_en":"Ban Kok Kor","place":"village","subdistrict_code":"900505","subdistrict_th":"ท่าม่วง","district_code":"9005","district_th":"เทพา","province_code":"90"}},{"type":"Feature","geometry":{"type":"Point","coordinates":[101.0277397,6.7812595]},"properties":{"osm_id":4488653003,"name_th":"บ้านตาแปด","name_en":"Ban Ta Paet","place":"hamlet","subdistrict_code":"900502","subdistrict_th":"ปากบาง","district_code":"9005","district_th":"เทพา","province_code":"90"}},{"type":"Feature","geometry":{"type":"Point","coordinates":[101.041179,6.8485969]},"properties":{"osm_id":4489924769,"name_th":"บ้านเกาะแลหนัง","name_en":"Ban Ko Lae Nang","place":"village","subdistrict_code":"900502","subdistrict_th":"ปากบาง","district_code":"9005","district_th":"เทพา","province_code":"90"}},{"type":"Feature","geometry":{"type":"Point","coordinates":[101.0279984,6.8199851]},"properties":{"osm_id":4489924777,"name_th":"บ้านควนตีหมุน","name_en":"Ban Khuan Ti Mun","place":"village","subdistrict_code":"900502","subdistrict_th":"ปากบาง","district_code":"9005","district_th":"เทพา","province_code":"90"}},{"type":"Feature","geometry":{"type":"Point","coordinates":[101.0013597,6.8365011]},"properties":{"osm_id":4489924781,"name_th":"บ้านตูหยง","name_en":"Ban Tu Yong","place":"village","subdistrict_code":"900502","subdistrict_th":"ปากบาง","district_code":"9005","district_th":"เทพา","province_code":"90"}},{"type":"Feature","geometry":{"type":"Point","coordinates":[100.6923266,7.0648839]},"properties":{"osm_id":4490288625,"name_th":"บ้านปากบาง","name_en":"Ban Pak Bang","place":"village","subdistrict_code":"900306","subdistrict_th":"นาทับ","district_code":"9003","district_th":"จะนะ","province_code":"90"}},{"type":"Feature","geometry":{"type":"Point","coordinates":[100.7686821,6.9796449]},"properties":{"osm_id":4490288682,"name_th":"บ้านตลิ่งชัน","name_en":"Ban Taling Chan","place":"village","subdistrict_code":"900314","subdistrict_th":"ตลิ่งชัน","district_code":"9003","district_th":"จะนะ","province_code":"90"}},{"type":"Feature","geometry":{"type":"Point","coordinates":[100.7200713,6.952893]},"properties":{"osm_id":4490308182,"name_th":"บ้านนนท์","name_en":"Ban Non","place":"hamlet","subdistrict_code":"900314","subdistrict_th":"ตลิ่งชัน","district_code":"9003","district_th":"จะนะ","province_code":"90"}},{"type":"Feature","geometry":{"type":"Point","coordinates":[100.7333616,6.925149]},"properties":{"osm_id":4490342917,"name_th":"บ้านสุเหร่า","name_en":"Ban Su Rao","place":"village","subdistrict_code":"900314","subdistrict_th":"ตลิ่งชัน","district_code":"9003","district_th":"จะนะ","province_code":"90"}},{"type":"Feature","geometry":{"type":"Point","coordinates":[100.8117695,6.9260064]},"properties":{"osm_id":4490494009,"name_th":"บ้านเลียบ","name_en":"Ban Liap","place":"village","subdistrict_code":"900304","subdistrict_th":"สะกอม","district_code":"9003","district_th":"จะนะ","province_code":"90"}},{"type":"Feature","geometry":{"type":"Point","coordinates":[100.7617742,6.9075542]},"properties":{"osm_id":4490494067,"name_th":"บ้านโคกม้า","name_en":"Ban Kok Ma","place":"village","subdistrict_code":"900301","subdistrict_th":"บ้านนา","district_code":"9003","district_th":"จะนะ","province_code":"90"}},{"type":"Feature","geometry":{"type":"Point","coordinates":[100.8146234,6.9514389]},"properties":{"osm_id":4490503775,"name_th":"บ้านบ่อโชน","name_en":"Ban Bo Chon","place":"village","subdistrict_code":"900304","subdistrict_th":"สะกอม","district_code":"9003","district_th":"จะนะ","province_code":"90"}},{"type":"Feature","geometry":{"type":"Point","coordinates":[100.7309817,6.9716461]},"properties":{"osm_id":4490530226,"name_th":"บ้านป่างาม","name_en":"BanPa Ngam","place":"village","subdistrict_code":"900314","subdistrict_th":"ตลิ่งชัน","district_code":"9003","district_th":"จะนะ","province_code":"90"}},{"type":"Feature","geometry":{"type":"Point","coordinates":[100.6931719,7.0390943]},"properties":{"osm_id":4490607517,"name_th":"บ้านนาทับ","name_en":"Ban Na Tap","place":"village","subdistrict_code":"900306","subdistrict_th":"นาทับ","district_code":"9003","district_th":"จะนะ","province_code":"90"}},{"type":"Feature","geometry":{"type":"Point","coordinates":[100.7067553,7.0391062]},"properties":{"osm_id":4491748958,"name_th":"บ้านท่าคลอง","name_en":"Ban Ta Klong","place":"village","subdistrict_code":"900306","subdistrict_th":"นาทับ","district_code":"9003","district_th":"จะนะ","province_code":"90"}},{"type":"Feature","geometry":{"type":"Point","coordinates":[100.6643029,7.0281594]},"properties":{"osm_id":4491755770,"name_th":"บ้านทางควาย","name_en":"Ban Tang Kwai","place":"hamlet","subdistrict_code":"900310","subdistrict_th":"จะโหนง","district_code":"9003","district_th":"จะนะ","province_code":"90"}},{"type":"Feature","geometry":{"type":"Point","coordinates":[100.7116585,6.9933065]},"properties":{"osm_id":4491815205,"name_th":"บ้านเขาจันทร์","name_en":"Ban Kao Chan","place":"hamlet","subdistrict_code":"900310","subdistrict_th":"จะโหนง","district_code":"9003","district_th":"จะนะ","province_code":"90"}},{"type":"Feature","geometry":{"type":"Point","coordinates":[100.6429859,6.9870672]},"properties":{"osm_id":4491815212,"name_th":"บ้านปากช่อง","name_en":"Ban Pak Chong","place":"hamlet","subdistrict_code":"900310","subdistrict_th":"จะโหนง","district_code":"9003","district_th":"จะนะ","province_code":"90"}},{"type":"Feature","geometry":{"type":"Point","coordinates":[100.7000068,6.8151479]},"properties":{"osm_id":4491838442,"name_th":"บ้านแค","name_en":"Ban Kae","place":"village","subdistrict_code":"900312","subdistrict_th":"แค","district_code":"9003","district_th":"จะนะ","province_code":"90"}},{"type":"Feature","geometry":{"type":"Point","coordinates":[100.6192322,6.8329919]},"properties":{"osm_id":4492230924,"name_th":"บ้านคูนายสังข์","name_en":"Ban Khu Nai Sang ","place":"village","subdistrict_code":"900312","subdistrict_th":"แค","district_code":"9003","district_th":"จะนะ","province_code":"90"}},{"type":"Feature","geometry":{"type":"Point","coordinates":[100.6225247,6.8056558]},"properties":{"osm_id":4493560077,"name_th":"บ้านคลองแงะ","name_en":"Ban Klong Ngae","place":"village","subdistrict_code":"900307","subdistrict_th":"น้ำขาว","district_code":"9003","district_th":"จะนะ","province_code":"90"}},{"type":"Feature","geometry":{"type":"Point","coordinates":[100.6766624,6.8149671]},"properties":{"osm_id":4493561047,"name_th":"บ้านทุ่งครก","name_en":"Ban Tung Krok","place":"village","subdistrict_code":"900312","subdistrict_th":"แค","district_code":"9003","district_th":"จะนะ","province_code":"90"}},{"type":"Feature","geometry":{"type":"Point","coordinates":[100.6968002,6.9411348]},"properties":{"osm_id":4493565966,"name_th":"บ้านป่าชิง","name_en":"Ban Pa Ching","place":"village","subdistrict_code":"900302","subdistrict_th":"ป่าชิง","district_code":"9003","district_th":"จะนะ","province_code":"90"}},{"type":"Feature","geometry":{"type":"Point","coordinates":[100.7007706,6.9621895]},"properties":{"osm_id":4493572632,"name_th":"บ้านควนหัวช้าง","name_en":"Ban Kuan Hua Chang","place":"village","subdistrict_code":"900313","subdistrict_th":"คลองเปียะ","district_code":"9003","district_th":"จะนะ","province_code":"90"}},{"type":"Feature","geometry":{"type":"Point","coordinates":[100.7888945,6.8226168]},"properties":{"osm_id":4493611119,"name_th":"บ้านสะพานไม้แก่น","name_en":"Ban Sapan Mai Kaen","place":"village","subdistrict_code":"900303","subdistrict_th":"สะพานไม้แก่น","district_code":"9003","district_th":"จะนะ","province_code":"90"}},{"type":"Feature","geometry":{"type":"Point","coordinates":[100.6422485,6.920612]},"properties":{"osm_id":4493611121,"name_th":"บ้านควนไม้ไผ่","name_en":"Ban Kuan Mai Pai","place":"village","subdistrict_code":"900305","subdistrict_th":"นาหว้า","district_code":"9003","district_th":"จะนะ","province_code":"90"}},{"type":"Feature","geometry":{"type":"Point","coordinates":[100.6454833,6.945118]},"properties":{"osm_id":4493625791,"name_th":"บ้านช่องเขา","name_en":"Ban Chong Kao","place":"village","subdistrict_code":"900313","subdistrict_th":"คลองเปียะ","district_code":"9003","district_th":"จะนะ","province_code":"90"}},{"type":"Feature","geometry":{"type":"Point","coordinates":[100.7449839,6.8835134]},"properties":{"osm_id":4493713305,"name_th":"บ้านลางา","name_en":"Ban La Nga","place":"village","subdistrict_code":"900301","subdistrict_th":"บ้านนา","district_code":"9003","district_th":"จะนะ","province_code":"90"}},{"type":"Feature","geometry":{"type":"Point","coordinates":[100.7697874,6.8236232]},"properties":{"osm_id":4493884654,"name_th":"บ้านทรายขาว","name_en":"Ban Sai Khao","place":"village","subdistrict_code":"900303","subdistrict_th":"สะพานไม้แก่น","district_code":"9003","district_th":"จะนะ","province_code":"90"}},{"type":"Feature","geometry":{"type":"Point","coordinates":[100.7227752,6.799903]},"properties":{"osm_id":4493885554,"name_th":"บ้านสะพานหัก","name_en":"Ban Sapan Hak","place":"village","subdistrict_code":"900309","subdistrict_th":"ท่าหมอไทร","district_code":"9003","district_th":"จะนะ","province_code":"90"}},{"type":"Feature","geometry":{"type":"Point","coordinates":[100.7698404,6.8887654]},"properties":{"osm_id":4493995007,"name_th":"บ้านนํ้าเค็ม","name_en":"Ban Nam Khem","place":"village","subdistrict_code":"900301","subdistrict_th":"บ้านนา","district_code":"9003","district_th":"จะนะ","province_code":"90"}},{"type":"Feature","geometry":{"type":"Point","coordinates":[100.6928525,6.8955188]},"properties":{"osm_id":4493995013,"name_th":"บ้านเกาะทาก","name_en":"Ban Ko Tak","place":"village","subdistrict_code":"900305","subdistrict_th":"นาหว้า","district_code":"9003","district_th":"จะนะ","province_code":"90"}},{"type":"Feature","geometry":{"type":"Point","coordinates":[100.639337,6.903889]},"properties":{"osm_id":4493995016,"name_th":"บ้านควนขี้แรด","name_en":"Ban Kuan Ki Raet","place":"village","subdistrict_code":"900305","subdistrict_th":"นาหว้า","district_code":"9003","district_th":"จะนะ","province_code":"90"}},{"type":"Feature","geometry":{"type":"Point","coordinates":[100.6960913,6.9074468]},"properties":{"osm_id":4494101326,"name_th":"บ้านนาหว้า","name_en":"Ban Na Wa","place":"village","subdistrict_code":"900305","subdistrict_th":"นาหว้า","district_code":"9003","district_th":"จะนะ","province_code":"90"}},{"type":"Feature","geometry":{"type":"Point","coordinates":[100.6066424,6.8953663]},"properties":{"osm_id":4494101331,"name_th":"บ้านหว้าหลัง","name_en":"Ban Wa Lang","place":"village","subdistrict_code":"900305","subdistrict_th":"นาหว้า","district_code":"9003","district_th":"จะนะ","province_code":"90"}},{"type":"Feature","geometry":{"type":"Point","coordinates":[100.6951674,6.7251544]},"properties":{"osm_id":4496265902,"name_th":"บ้านทุ่งนํ้าขาว","name_en":"Ban Tung Nam Khao","place":"village","subdistrict_code":"900401","subdistrict_th":"นาทวี","district_code":"9004","district_th":"นาทวี","province_code":"90"}},{"type":"Feature","geometry":{"type":"Point","coordinates":[100.7114752,6.7208711]},"properties":{"osm_id":4496265905,"name_th":"บ้านเคลียง","name_en":"Ban Kliang","place":"village","subdistrict_code":"900401","subdistrict_th":"นาทวี","district_code":"9004","district_th":"นาทวี","province_code":"90"}},{"type":"Feature","geometry":{"type":"Point","coordinates":[100.7569814,6.6943453]},"properties":{"osm_id":4496275496,"name_th":"บ้านวังใหญ่","name_en":"Ban Wang Yai","place":"hamlet","subdistrict_code":"900401","subdistrict_th":"นาทวี","district_code":"9004","district_th":"นาทวี","province_code":"90"}},{"type":"Feature","geometry":{"type":"Point","coordinates":[100.7988701,6.7106262]},"properties":{"osm_id":4496282523,"name_th":"บ้านลําลอง","name_en":"Ban Lam Long","place":"village","subdistrict_code":"900401","subdistrict_th":"นาทวี","district_code":"9004","district_th":"นาทวี","province_code":"90"}},{"type":"Feature","geometry":{"type":"Point","coordinates":[100.722913,6.7586092]},"properties":{"osm_id":4496588624,"name_th":"บ้านวังบวบ","name_en":"Ban Wang Buap","place":"village","subdistrict_code":"900402","subdistrict_th":"ฉาง","district_code":"9004","district_th":"นาทวี","province_code":"90"}},{"type":"Feature","geometry":{"type":"Point","coordinates":[100.6667003,6.7907246]},"properties":{"osm_id":4496635870,"name_th":"บ้านโมย","name_en":"Ban Moi","place":"village","subdistrict_code":"900403","subdistrict_th":"นาหมอศรี","district_code":"9004","district_th":"นาทวี","province_code":"90"}},{"type":"Feature","geometry":{"type":"Point","coordinates":[100.6553669,6.7453551]},"properties":{"osm_id":4496635877,"name_th":"บ้านลำชิง","name_en":"Ban Lam Ching","place":"village","subdistrict_code":"900404","subdistrict_th":"คลองทราย","district_code":"9004","district_th":"นาทวี","province_code":"90"}},{"type":"Feature","geometry":{"type":"Point","coordinates":[100.5760557,6.74054]},"properties":{"osm_id":4497694887,"name_th":"บ้านโต้นนท์","name_en":"Ban To Non","place":"hamlet","subdistrict_code":"900404","subdistrict_th":"คลองทราย","district_code":"9004","district_th":"นาทวี","province_code":"90"}},{"type":"Feature","geometry":{"type":"Point","coordinates":[100.6296591,6.6233448]},"properties":{"osm_id":4497696396,"name_th":"บ้านนาปรัง","name_en":"Ban Na Prang","place":"village","subdistrict_code":"900410","subdistrict_th":"คลองกวาง","district_code":"9004","district_th":"นาทวี","province_code":"90"}},{"type":"Feature","geometry":{"type":"Point","coordinates":[100.6108667,6.6763455]},"properties":{"osm_id":4497731902,"name_th":"บ้านคลองกวางเขาวัง","name_en":"Ban Khlong Kwang ","place":"village","subdistrict_code":"900410","subdistrict_th":"คลองกวาง","district_code":"9004","district_th":"นาทวี","province_code":"90"}},{"type":"Feature","geometry":{"type":"Point","coordinates":[100.6428574,6.6456662]},"properties":{"osm_id":4497731909,"name_th":"บ้านสม็อง","name_en":"Ban Samong","place":"village","subdistrict_code":"900405","subdistrict_th":"ปลักหนู","district_code":"9004","district_th":"นาทวี","province_code":"90"}},{"type":"Feature","geometry":{"type":"Point","coordinates":[100.6150161,6.7078124]},"properties":{"osm_id":4497731961,"name_th":"บ้านเก่า","name_en":"Ban Kao","place":"village","subdistrict_code":"900410","subdistrict_th":"คลองกวาง","district_code":"9004","district_th":"นาทวี","province_code":"90"}},{"type":"Feature","geometry":{"type":"Point","coordinates":[100.6918638,6.6292076]},"properties":{"osm_id":4497811045,"name_th":"บ้านสะท้อน","name_en":"Ban Sathon","place":"village","subdistrict_code":"900407","subdistrict_th":"สะท้อน","district_code":"9004","district_th":"นาทวี","province_code":"90"}},{"type":"Feature","geometry":{"type":"Point","coordinates":[100.7399692,6.5928389]},"properties":{"osm_id":4497815599,"name_th":"บ้านป็อง","name_en":"Ban Pong","place":"village","subdistrict_code":"900407","subdistrict_th":"สะท้อน","district_code":"9004","district_th":"นาทวี","province_code":"90"}},{"type":"Feature","geometry":{"type":"Point","coordinates":[100.7010369,6.5277618]},"properties":{"osm_id":4497815610,"name_th":"บ้านพรุหวา","name_en":"Ban Pru Wa","place":"village","subdistrict_code":"900409","subdistrict_th":"ประกอบ","district_code":"9004","district_th":"นาทวี","province_code":"90"}},{"type":"Feature","geometry":{"type":"Point","coordinates":[100.698021,6.5998134]},"properties":{"osm_id":4497815611,"name_th":"บ้านกะทิง","name_en":"Ban Ga Ting","place":"hamlet","subdistrict_code":"900408","subdistrict_th":"ทับช้าง","district_code":"9004","district_th":"นาทวี","province_code":"90"}},{"type":"Feature","geometry":{"type":"Point","coordinates":[101.0013624,6.6314906]},"properties":{"osm_id":4497886074,"name_th":"บ้านท่า","name_en":"Ban Tha","place":"village","subdistrict_code":"900603","subdistrict_th":"เปียน","district_code":"9006","district_th":"สะบ้าย้อย","province_code":"90"}},{"type":"Feature","geometry":{"type":"Point","coordinates":[101.0224191,6.6668773]},"properties":{"osm_id":4497919903,"name_th":"บ้านนาม่วง","name_en":"Ban Na Muang","place":"village","subdistrict_code":"900604","subdistrict_th":"บ้านโหนด","district_code":"9006","district_th":"สะบ้าย้อย","province_code":"90"}},{"type":"Feature","geometry":{"type":"Point","coordinates":[101.0457195,6.637895]},"properties":{"osm_id":4497919910,"name_th":"บ้านห้วยบอน","name_en":"Ban Huai Bon","place":"village","subdistrict_code":"900604","subdistrict_th":"บ้านโหนด","district_code":"9006","district_th":"สะบ้าย้อย","province_code":"90"}},{"type":"Feature","geometry":{"type":"Point","coordinates":[100.9726765,6.5938262]},"properties":{"osm_id":4497940259,"name_th":"บ้านทําเนียบ","name_en":"Ban Tham Niap","place":"village","subdistrict_code":"900601","subdistrict_th":"สะบ้าย้อย","district_code":"9006","district_th":"สะบ้าย้อย","province_code":"90"}},{"type":"Feature","geometry":{"type":"Point","coordinates":[100.9712877,6.6181223]},"properties":{"osm_id":4497943477,"name_th":"บ้านบ่อทอง","name_en":"Ban Bo Tong","place":"village","subdistrict_code":"900601","subdistrict_th":"สะบ้าย้อย","district_code":"9006","district_th":"สะบ้าย้อย","province_code":"90"}},{"type":"Feature","geometry":{"type":"Point","coordinates":[100.9268484,6.5988315]},"properties":{"osm_id":4498003198,"name_th":"บ้านโคกสิเหรง","name_en":"Ban Kok Si Hae Rong","place":"village","subdistrict_code":"900602","subdistrict_th":"ทุ่งพอ","district_code":"9006","district_th":"สะบ้าย้อย","province_code":"90"}},{"type":"Feature","geometry":{"type":"Point","coordinates":[100.9955328,6.5813109]},"properties":{"osm_id":4498003232,"name_th":"บ้านไร่","name_en":"Ban Rai","place":"village","subdistrict_code":"900601","subdistrict_th":"สะบ้าย้อย","district_code":"9006","district_th":"สะบ้าย้อย","province_code":"90"}},{"type":"Feature","geometry":{"type":"Point","coordinates":[100.9076867,6.5754915]},"properties":{"osm_id":4498003234,"name_th":"บ้านโคกตก","name_en":"Ban Kok Tok","place":"village","subdistrict_code":"900602","subdistrict_th":"ทุ่งพอ","district_code":"9006","district_th":"สะบ้าย้อย","province_code":"90"}},{"type":"Feature","geometry":{"type":"Point","coordinates":[100.9638521,6.6807402]},"properties":{"osm_id":4498003246,"name_th":"บ้านปลักบ่อ","name_en":"Ban Plak Bo","place":"village","subdistrict_code":"900601","subdistrict_th":"สะบ้าย้อย","district_code":"9006","district_th":"สะบ้าย้อย","province_code":"90"}},{"type":"Feature","geometry":{"type":"Point","coordinates":[100.8331004,6.5538063]},"properties":{"osm_id":4498090367,"name_th":"บ้านทุ่งไพล","name_en":"Ban Tung Plai","place":"village","subdistrict_code":"900607","subdistrict_th":"เขาแดง","district_code":"9006","district_th":"สะบ้าย้อย","province_code":"90"}},{"type":"Feature","geometry":{"type":"Point","coordinates":[100.8481116,6.6008405]},"properties":{"osm_id":4498090383,"name_th":"บ้านคูหา","name_en":"Ban Khu Ha","place":"village","subdistrict_code":"900606","subdistrict_th":"คูหา","district_code":"9006","district_th":"สะบ้าย้อย","province_code":"90"}},{"type":"Feature","geometry":{"type":"Point","coordinates":[100.8864635,6.5743404]},"properties":{"osm_id":4498145569,"name_th":"บ้านตะเคียนทอง","name_en":"Ban Ta Khian Tong","place":"village","subdistrict_code":"900602","subdistrict_th":"ทุ่งพอ","district_code":"9006","district_th":"สะบ้าย้อย","province_code":"90"}},{"type":"Feature","geometry":{"type":"Point","coordinates":[100.8111063,6.5903649]},"properties":{"osm_id":4498161098,"name_th":"บ้านทับยาง","name_en":"Ban Tap Yang","place":"village","subdistrict_code":"900606","subdistrict_th":"คูหา","district_code":"9006","district_th":"สะบ้าย้อย","province_code":"90"}},{"type":"Feature","geometry":{"type":"Point","coordinates":[100.8914331,6.6079076]},"properties":{"osm_id":4498161100,"name_th":"บ้านล่องควน","name_en":"Ban Long Khuan","place":"village","subdistrict_code":"900606","subdistrict_th":"คูหา","district_code":"9006","district_th":"สะบ้าย้อย","province_code":"90"}},{"type":"Feature","geometry":{"type":"Point","coordinates":[100.8206748,6.5253739]},"properties":{"osm_id":4498161103,"name_th":"บ้านถํ้าตลอด","name_en":"Ban Tam Talot","place":"village","subdistrict_code":"900607","subdistrict_th":"เขาแดง","district_code":"9006","district_th":"สะบ้าย้อย","province_code":"90"}},{"type":"Feature","geometry":{"type":"Point","coordinates":[100.8168144,6.6204923]},"properties":{"osm_id":4498288507,"name_th":"บ้านทัพหลวง","name_en":"Ban Tap Luang","place":"village","subdistrict_code":"900606","subdistrict_th":"คูหา","district_code":"9006","district_th":"สะบ้าย้อย","province_code":"90"}},{"type":"Feature","geometry":{"type":"Point","coordinates":[100.8228842,6.6581495]},"properties":{"osm_id":4498288511,"name_th":"บ้านห้วยเต่า","name_en":"Ban Huai Tao","place":"village","subdistrict_code":"900606","subdistrict_th":"คูหา","district_code":"9006","district_th":"สะบ้าย้อย","province_code":"90"}},{"type":"Feature","geometry":{"type":"Point","coordinates":[100.9842018,6.5111975]},"properties":{"osm_id":4498373903,"name_th":"บ้านมุนี","name_en":"Ban Mu Ni","place":"village","subdistrict_code":"900605","subdistrict_th":"จะแหน","district_code":"9006","district_th":"สะบ้าย้อย","province_code":"90"}},{"type":"Feature","geometry":{"type":"Point","coordinates":[100.9539261,6.556168]},"properties":{"osm_id":4498430375,"name_th":"บ้านเมาะลาแต","name_en":"Ban Mo La Tae","place":"village","subdistrict_code":"900602","subdistrict_th":"ทุ่งพอ","district_code":"9006","district_th":"สะบ้าย้อย","province_code":"90"}},{"type":"Feature","geometry":{"type":"Point","coordinates":[100.9994738,6.5051898]},"properties":{"osm_id":4499500981,"name_th":"บ้านนาจะแหน","name_en":"Ban Na Cha Nae","place":"village","subdistrict_code":"900605","subdistrict_th":"จะแหน","district_code":"9006","district_th":"สะบ้าย้อย","province_code":"90"}},{"type":"Feature","geometry":{"type":"Point","coordinates":[101.0128736,6.5320303]},"properties":{"osm_id":4499501172,"name_th":"บ้านสุโสะ","name_en":"Ban Su So","place":"village","subdistrict_code":"900609","subdistrict_th":"ธารคีรี","district_code":"9006","district_th":"สะบ้าย้อย","province_code":"90"}},{"type":"Feature","geometry":{"type":"Point","coordinates":[100.325261,6.7040455]},"properties":{"osm_id":4500508131,"name_th":"บ้านไร่","name_en":"Ban Rai","place":"village","subdistrict_code":"901007","subdistrict_th":"ปาดังเบซาร์","district_code":"9010","district_th":"สะเดา","province_code":"90"}},{"type":"Feature","geometry":{"type":"Point","coordinates":[100.4522623,6.7434207]},"properties":{"osm_id":4500534239,"name_th":"บ้านพังลา","name_en":"Ban Pang La","place":"village","subdistrict_code":"901003","subdistrict_th":"พังลา","district_code":"9010","district_th":"สะเดา","province_code":"90"}},{"type":"Feature","geometry":{"type":"Point","coordinates":[100.463479,6.76124]},"properties":{"osm_id":4500563484,"name_th":"บ้านระตะ","name_en":"Ban Ra Ta","place":"village","subdistrict_code":"901003","subdistrict_th":"พังลา","district_code":"9010","district_th":"สะเดา","province_code":"90"}},{"type":"Feature","geometry":{"type":"Point","coordinates":[100.5311466,6.7918916]},"properties":{"osm_id":4501776472,"name_th":"บ้านสํานักหว้า","name_en":"Ban Sam Nak Wa","place":"village","subdistrict_code":"901009","subdistrict_th":"เขามีเกียรติ","district_code":"9010","district_th":"สะเดา","province_code":"90"}},{"type":"Feature","geometry":{"type":"Point","coordinates":[100.4330319,6.7814616]},"properties":{"osm_id":4501785493,"name_th":"บ้านท่าโพธิ์","name_en":"Ban Ta Pho","place":"village","subdistrict_code":"901006","subdistrict_th":"ท่าโพธิ์","district_code":"9010","district_th":"สะเดา","province_code":"90"}},{"type":"Feature","geometry":{"type":"Point","coordinates":[100.4187552,6.6099798]},"properties":{"osm_id":4501888979,"name_th":"บ้านสํานักขาม","name_en":"Ban Sam Nak Kham","place":"hamlet","subdistrict_code":"901008","subdistrict_th":"สำนักขาม","district_code":"9010","district_th":"สะเดา","province_code":"90"}},{"type":"Feature","geometry":{"type":"Point","coordinates":[100.3991117,6.5760776]},"properties":{"osm_id":4501889095,"name_th":"บ้านพรุเตียว","name_en":"Ban Pru Tieo","place":"hamlet","subdistrict_code":"901008","subdistrict_th":"สำนักขาม","district_code":"9010","district_th":"สะเดา","province_code":"90"}},{"type":"Feature","geometry":{"type":"Point","coordinates":[100.5269917,6.6033693]},"properties":{"osm_id":4501979674,"name_th":"บ้านควนตานี","name_en":"Ban Kuan Ta Ni","place":"village","subdistrict_code":"901004","subdistrict_th":"สำนักแต้ว","district_code":"9010","district_th":"สะเดา","province_code":"90"}},{"type":"Feature","geometry":{"type":"Point","coordinates":[100.4643068,6.5854887]},"properties":{"osm_id":4501979683,"name_th":"บ้านเกาะค่าง","name_en":"Ban Ko Kang","place":"hamlet","subdistrict_code":"901004","subdistrict_th":"สำนักแต้ว","district_code":"9010","district_th":"สะเดา","province_code":"90"}},{"type":"Feature","geometry":{"type":"Point","coordinates":[100.4766863,6.6251569]},"properties":{"osm_id":4501987489,"name_th":"บ้านม่วง","name_en":"Ban Muang","place":"village","subdistrict_code":"901004","subdistrict_th":"สำนักแต้ว","district_code":"9010","district_th":"สะเดา","province_code":"90"}},{"type":"Feature","geometry":{"type":"Point","coordinates":[100.3593236,6.6448513]},"properties":{"osm_id":4502032423,"name_th":"บ้านทับโกบ","name_en":"Ban Tap Kop","place":"village","subdistrict_code":"901001","subdistrict_th":"สะเดา","district_code":"9010","district_th":"สะเดา","province_code":"90"}},{"type":"Feature","geometry":{"type":"Point","coordinates":[100.4872722,6.6637723]},"properties":{"osm_id":4502032424,"name_th":"บ้านยางเกาะ","name_en":"Ban Yang Ko","place":"village","subdistrict_code":"901002","subdistrict_th":"ปริก","district_code":"9010","district_th":"สะเดา","province_code":"90"}},{"type":"Feature","geometry":{"type":"Point","coordinates":[100.4360235,6.6711707]},"properties":{"osm_id":4502032425,"name_th":"บ้านหัวถนน","name_en":"Ban Hua Tanon","place":"village","subdistrict_code":"901002","subdistrict_th":"ปริก","district_code":"9010","district_th":"สะเดา","province_code":"90"}},{"type":"Feature","geometry":{"type":"Point","coordinates":[100.4429122,6.6983493]},"properties":{"osm_id":4502124177,"name_th":"บ้านปริกใต้","name_en":"Ban Prik Tai","place":"village","subdistrict_code":"901002","subdistrict_th":"ปริก","district_code":"9010","district_th":"สะเดา","province_code":"90"}},{"type":"Feature","geometry":{"type":"Point","coordinates":[100.428075,6.7006145]},"properties":{"osm_id":4502124186,"name_th":"บ้านตะเคียนเภา","name_en":"Ban Ta Kian Pao","place":"village","subdistrict_code":"901002","subdistrict_th":"ปริก","district_code":"9010","district_th":"สะเดา","province_code":"90"}},{"type":"Feature","geometry":{"type":"Point","coordinates":[100.4568167,6.7312954]},"properties":{"osm_id":4502177808,"name_th":"บ้านใหม่","name_en":"Ban Mai","place":"village","subdistrict_code":"901002","subdistrict_th":"ปริก","district_code":"9010","district_th":"สะเดา","province_code":"90"}},{"type":"Feature","geometry":{"type":"Point","coordinates":[100.522095,6.6967999]},"properties":{"osm_id":4502231645,"name_th":"บ้านควนเสม็ด","name_en":"Ban Kuan Samet","place":"village","subdistrict_code":"901002","subdistrict_th":"ปริก","district_code":"9010","district_th":"สะเดา","province_code":"90"}},{"type":"Feature","geometry":{"type":"Point","coordinates":[100.3459651,7.6828371]},"properties":{"osm_id":4502555379,"name_th":"บ้านโคกแห้ว","name_en":"Ban Kok Haeo","place":"village","subdistrict_code":"900802","subdistrict_th":"โรง","district_code":"9008","district_th":"กระแสสินธุ์","province_code":"90"}},{"type":"Feature","geometry":{"type":"Point","coordinates":[100.5749517,6.9023561]},"properties":{"osm_id":4503890163,"name_th":"บ้านต้นปริง","name_en":"Ban Ton Pring","place":"village","subdistrict_code":"901204","subdistrict_th":"คลองหรัง","district_code":"9012","district_th":"นาหม่อม","province_code":"90"}},{"type":"Feature","geometry":{"type":"Point","coordinates":[100.3773263,7.1757326]},"properties":{"osm_id":4504190398,"name_th":"บ้านยางงาม","name_en":"Ban Yang Ngam","place":"village","subdistrict_code":"901301","subdistrict_th":"รัตภูมิ","district_code":"9013","district_th":"ควนเนียง","province_code":"90"}},{"type":"Feature","geometry":{"type":"Point","coordinates":[100.3525868,7.1487149]},"properties":{"osm_id":4504262689,"name_th":"บ้านหนองปลิง","name_en":"Ban Nong Pling","place":"village","subdistrict_code":"901301","subdistrict_th":"รัตภูมิ","district_code":"9013","district_th":"ควนเนียง","province_code":"90"}},{"type":"Feature","geometry":{"type":"Point","coordinates":[100.3699877,7.2384369]},"properties":{"osm_id":4505592490,"name_th":"บ้านควนโส","name_en":"Ban Kuan So","place":"village","subdistrict_code":"901303","subdistrict_th":"ห้วยลึก","district_code":"9013","district_th":"ควนเนียง","province_code":"90"}},{"type":"Feature","geometry":{"type":"Point","coordinates":[100.4061332,7.2617122]},"properties":{"osm_id":4505592504,"name_th":"บ้านบ่อหว้า","name_en":" Ban Bo Wa","place":"village","subdistrict_code":"901302","subdistrict_th":"ควนโส","district_code":"9013","district_th":"ควนเนียง","province_code":"90"}},{"type":"Feature","geometry":{"type":"Point","coordinates":[100.3468472,7.2730783]},"properties":{"osm_id":4505765668,"name_th":"บ้านหัวไทร","name_en":"Ban Hua Sai","place":"hamlet","subdistrict_code":"901303","subdistrict_th":"ห้วยลึก","district_code":"9013","district_th":"ควนเนียง","province_code":"90"}},{"type":"Feature","geometry":{"type":"Point","coordinates":[100.3749337,7.2162969]},"properties":{"osm_id":4505765743,"name_th":"บ้านกรอบ","name_en":"Ban Krop","place":"hamlet","subdistrict_code":"901302","subdistrict_th":"ควนโส","district_code":"9013","district_th":"ควนเนียง","province_code":"90"}},{"type":"Feature","geometry":{"type":"Point","coordinates":[100.4078945,7.1718459]},"properties":{"osm_id":4506203939,"name_th":"บ้านโคกเมือง","name_en":"Ban Kok Mueang","place":"hamlet","subdistrict_code":"901304","subdistrict_th":"บางเหรียง","district_code":"9013","district_th":"ควนเนียง","province_code":"90"}},{"type":"Feature","geometry":{"type":"Point","coordinates":[100.414202,7.1490967]},"properties":{"osm_id":4506203951,"name_th":"บ้านบางเหรียง","name_en":"Ban Bang Riang","place":"village","subdistrict_code":"901304","subdistrict_th":"บางเหรียง","district_code":"9013","district_th":"ควนเนียง","province_code":"90"}},{"type":"Feature","geometry":{"type":"Point","coordinates":[100.3933226,7.0976785]},"properties":{"osm_id":4506320934,"name_th":"บ้านคลองช้าง","name_en":"Ban Klong Chong","place":"village","subdistrict_code":"901304","subdistrict_th":"บางเหรียง","district_code":"9013","district_th":"ควนเนียง","province_code":"90"}},{"type":"Feature","geometry":{"type":"Point","coordinates":[100.4292218,7.1364828]},"properties":{"osm_id":4506320975,"name_th":"บ้านเกาะนํ้ารอบ","name_en":"Ban Ko Nam Rop","place":"village","subdistrict_code":"901304","subdistrict_th":"บางเหรียง","district_code":"9013","district_th":"ควนเนียง","province_code":"90"}},{"type":"Feature","geometry":{"type":"Point","coordinates":[100.3704305,7.119099]},"properties":{"osm_id":4506361339,"name_th":"บ้านหน้าควน","name_en":"Ban Na Khuan","place":"village","subdistrict_code":"901304","subdistrict_th":"บางเหรียง","district_code":"9013","district_th":"ควนเนียง","province_code":"90"}},{"type":"Feature","geometry":{"type":"Point","coordinates":[100.4710108,7.0957079]},"properties":{"osm_id":4506410520,"name_th":"บ้านแม่ทอม","name_en":"Ban Mae Thom","place":"village","subdistrict_code":"901403","subdistrict_th":"แม่ทอม","district_code":"9014","district_th":"บางกล่ำ","province_code":"90"}},{"type":"Feature","geometry":{"type":"Point","coordinates":[100.4378156,7.1026071]},"properties":{"osm_id":4506438996,"name_th":"บ้านยวนยาง","name_en":"Ban Yuan Yang","place":"village","subdistrict_code":"901401","subdistrict_th":"บางกล่ำ","district_code":"9014","district_th":"บางกล่ำ","province_code":"90"}},{"type":"Feature","geometry":{"type":"Point","coordinates":[100.4491024,7.1138598]},"properties":{"osm_id":4506439062,"name_th":"บ้านหนองม่วง","name_en":"Ban Nong Muang","place":"village","subdistrict_code":"901403","subdistrict_th":"แม่ทอม","district_code":"9014","district_th":"บางกล่ำ","province_code":"90"}},{"type":"Feature","geometry":{"type":"Point","coordinates":[100.440895,7.0318229]},"properties":{"osm_id":4506591356,"name_th":"บ้านโคกเมา","name_en":"Ban Kok Mao","place":"village","subdistrict_code":"901402","subdistrict_th":"ท่าช้าง","district_code":"9014","district_th":"บางกล่ำ","province_code":"90"}},{"type":"Feature","geometry":{"type":"Point","coordinates":[100.4316596,7.044049]},"properties":{"osm_id":4508486337,"name_th":"บ้านดินลาน","name_en":"Ban Din Lan","place":"village","subdistrict_code":"901402","subdistrict_th":"ท่าช้าง","district_code":"9014","district_th":"บางกล่ำ","province_code":"90"}},{"type":"Feature","geometry":{"type":"Point","coordinates":[100.40667,7.0479453]},"properties":{"osm_id":4508486350,"name_th":"บ้านคลองนกกระทุง","name_en":"Ban Klong Nok Kratung","place":"village","subdistrict_code":"901402","subdistrict_th":"ท่าช้าง","district_code":"9014","district_th":"บางกล่ำ","province_code":"90"}},{"type":"Feature","geometry":{"type":"Point","coordinates":[100.3431032,7.0383511]},"properties":{"osm_id":4508495249,"name_th":"บ้านป่ายาง","name_en":"Ban Pa Yang","place":"village","subdistrict_code":"901402","subdistrict_th":"ท่าช้าง","district_code":"9014","district_th":"บางกล่ำ","province_code":"90"}},{"type":"Feature","geometry":{"type":"Point","coordinates":[100.3550653,7.0675786]},"properties":{"osm_id":4508650680,"name_th":"บ้านยางงาม","name_en":"Ban Yang Ngam","place":"village","subdistrict_code":"901402","subdistrict_th":"ท่าช้าง","district_code":"9014","district_th":"บางกล่ำ","province_code":"90"}},{"type":"Feature","geometry":{"type":"Point","coordinates":[100.5077794,7.2447053]},"properties":{"osm_id":4508699700,"name_th":"บ้านพร้าว","name_en":"Ban Phrao","place":"village","subdistrict_code":"901503","subdistrict_th":"ทำนบ","district_code":"9015","district_th":"สิงหนคร","province_code":"90"}},{"type":"Feature","geometry":{"type":"Point","coordinates":[100.5733587,7.2160689]},"properties":{"osm_id":4509938461,"name_th":"บ้านเขาแดง","name_en":"Ban Khao Daeng","place":"village","subdistrict_code":"901509","subdistrict_th":"หัวเขา","district_code":"9015","district_th":"สิงหนคร","province_code":"90"}},{"type":"Feature","geometry":{"type":"Point","coordinates":[100.5122736,7.3012477]},"properties":{"osm_id":4510138492,"name_th":"บ้านขนุน","name_en":"Ban Ka Nun","place":"village","subdistrict_code":"901505","subdistrict_th":"วัดขนุน","district_code":"9015","district_th":"สิงหนคร","province_code":"90"}},{"type":"Feature","geometry":{"type":"Point","coordinates":[100.4333836,7.2822333]},"properties":{"osm_id":4510282465,"name_th":"บ้านบางไหน","name_en":"Ban Bang Nai","place":"village","subdistrict_code":"901507","subdistrict_th":"ปากรอ","district_code":"9015","district_th":"สิงหนคร","province_code":"90"}},{"type":"Feature","geometry":{"type":"Point","coordinates":[100.4204889,7.2646924]},"properties":{"osm_id":4510634876,"name_th":"บ้านแหลมจาก","name_en":"Ban Laem Chak","place":"village","subdistrict_code":"901507","subdistrict_th":"ปากรอ","district_code":"9015","district_th":"สิงหนคร","province_code":"90"}},{"type":"Feature","geometry":{"type":"Point","coordinates":[100.4791982,7.365476]},"properties":{"osm_id":4510691143,"name_th":"บ้านม่วงพุ่ม","name_en":"Ban Muang Pum","place":"village","subdistrict_code":"901511","subdistrict_th":"ม่วงงาม","district_code":"9015","district_th":"สิงหนคร","province_code":"90"}},{"type":"Feature","geometry":{"type":"Point","coordinates":[100.4274087,7.3603283]},"properties":{"osm_id":4510717319,"name_th":"บ้านท่าแคง","name_en":"Ban Ta Kaeng","place":"village","subdistrict_code":"901510","subdistrict_th":"บางเขียด","district_code":"9015","district_th":"สิงหนคร","province_code":"90"}},{"type":"Feature","geometry":{"type":"Point","coordinates":[100.3789693,6.8952952]},"properties":{"osm_id":4510778655,"name_th":"บ้านหน้าวัดโพธิ์","name_en":"Ban Na Wat Pho","place":"village","subdistrict_code":"901601","subdistrict_th":"คลองหอยโข่ง","district_code":"9016","district_th":"คลองหอยโข่ง","province_code":"90"}},{"type":"Feature","geometry":{"type":"Point","coordinates":[100.3198257,6.8123837]},"properties":{"osm_id":4511700322,"name_th":"บ้านเก่าร้าง","name_en":"Ban Khao Rang","place":"village","subdistrict_code":"901601","subdistrict_th":"คลองหอยโข่ง","district_code":"9016","district_th":"คลองหอยโข่ง","province_code":"90"}},{"type":"Feature","geometry":{"type":"Point","coordinates":[100.4172385,6.8699222]},"properties":{"osm_id":4511841912,"name_th":"บ้านปลักคล้า","name_en":"Ban Plak Kla","place":"village","subdistrict_code":"901603","subdistrict_th":"โคกม่วง","district_code":"9016","district_th":"คลองหอยโข่ง","province_code":"90"}},{"type":"Feature","geometry":{"type":"Point","coordinates":[100.4465867,6.8995227]},"properties":{"osm_id":4511841913,"name_th":"บ้านโคกพยอม","name_en":"Ban Kok Payom","place":"village","subdistrict_code":"901602","subdistrict_th":"ทุ่งลาน","district_code":"9016","district_th":"คลองหอยโข่ง","province_code":"90"}},{"type":"Feature","geometry":{"type":"Point","coordinates":[101.181169,6.1651678]},"properties":{"osm_id":4585394785,"name_th":"ธารโต","name_en":"Thanto","place":"village","subdistrict_code":"950401","subdistrict_th":"ธารโต","district_code":"9504","district_th":"ธารโต","province_code":"95"}},{"type":"Feature","geometry":{"type":"Point","coordinates":[100.4986565,7.3234687]},"properties":{"osm_id":4690122001,"name_th":"บ้านวัดวาส","name_en":"Ban Wat Wat","place":"village","subdistrict_code":"901505","subdistrict_th":"วัดขนุน","district_code":"9015","district_th":"สิงหนคร","province_code":"90"}},{"type":"Feature","geometry":{"type":"Point","coordinates":[100.4927769,7.3107047]},"properties":{"osm_id":4690521861,"name_th":"บ้านหนองหอย","name_en":"Ban Nong Hoi","place":"village","subdistrict_code":"901505","subdistrict_th":"วัดขนุน","district_code":"9015","district_th":"สิงหนคร","province_code":"90"}},{"type":"Feature","geometry":{"type":"Point","coordinates":[100.4438076,7.314897]},"properties":{"osm_id":4691708464,"name_th":"บ้านชะแล้","name_en":"Ban Cha Lae","place":"village","subdistrict_code":"901506","subdistrict_th":"ชะแล้","district_code":"9015","district_th":"สิงหนคร","province_code":"90"}},{"type":"Feature","geometry":{"type":"Point","coordinates":[100.4718857,7.3593808]},"properties":{"osm_id":4691758290,"name_th":"บ้านมะขามคลาน","name_en":"Ban Makam Khlan","place":"village","subdistrict_code":"901511","subdistrict_th":"ม่วงงาม","district_code":"9015","district_th":"สิงหนคร","province_code":"90"}},{"type":"Feature","geometry":{"type":"Point","coordinates":[100.48664,7.3263377]},"properties":{"osm_id":4691770617,"name_th":"บ้านปะโอ","name_en":"Ban Pa O","place":"village","subdistrict_code":"901511","subdistrict_th":"ม่วงงาม","district_code":"9015","district_th":"สิงหนคร","province_code":"90"}},{"type":"Feature","geometry":{"type":"Point","coordinates":[100.481284,7.3384768]},"properties":{"osm_id":4692025496,"name_th":"วัดประตูเขียน","name_en":"Ban Pratu Kian","place":"village","subdistrict_code":"901511","subdistrict_th":"ม่วงงาม","district_code":"9015","district_th":"สิงหนคร","province_code":"90"}},{"type":"Feature","geometry":{"type":"Point","coordinates":[100.4365778,7.3347386]},"properties":{"osm_id":4692046829,"name_th":"บ้านบางเขียด","name_en":"Ban Bang Kiat","place":"village","subdistrict_code":"901510","subdistrict_th":"บางเขียด","district_code":"9015","district_th":"สิงหนคร","province_code":"90"}},{"type":"Feature","geometry":{"type":"Point","coordinates":[100.4066529,6.908226]},"properties":{"osm_id":4692982283,"name_th":"บ้านโคกม่วง","name_en":"Ban Kok Muang","place":"village","subdistrict_code":"901603","subdistrict_th":"โคกม่วง","district_code":"9016","district_th":"คลองหอยโข่ง","province_code":"90"}},{"type":"Feature","geometry":{"type":"Point","coordinates":[101.0712974,6.6835001]},"properties":{"osm_id":4713504890,"name_th":"ช้างไห้(ตก)","name_en":null,"place":"village","subdistrict_code":"940215","subdistrict_th":"ช้างให้ตก","district_code":"9402","district_th":"โคกโพธิ์","province_code":"94"}},{"type":"Feature","geometry":{"type":"Point","coordinates":[101.0782976,6.6771255]},"properties":{"osm_id":4713504891,"name_th":"ลำอาน(ใต้)","name_en":null,"place":"village","subdistrict_code":"940205","subdistrict_th":"ทรายขาว","district_code":"9402","district_th":"โคกโพธิ์","province_code":"94"}},{"type":"Feature","geometry":{"type":"Point","coordinates":[101.0784514,6.6745491]},"properties":{"osm_id":4713504892,"name_th":"ลำอาน(กลาง)","name_en":null,"place":"village","subdistrict_code":"940205","subdistrict_th":"ทรายขาว","district_code":"9402","district_th":"โคกโพธิ์","province_code":"94"}},{"type":"Feature","geometry":{"type":"Point","coordinates":[101.0770054,6.6711209]},"properties":{"osm_id":4713504893,"name_th":"ลำอาน(เหนือ)","name_en":null,"place":"village","subdistrict_code":"940205","subdistrict_th":"ทรายขาว","district_code":"9402","district_th":"โคกโพธิ์","province_code":"94"}},{"type":"Feature","geometry":{"type":"Point","coordinates":[101.1016669,6.6752656]},"properties":{"osm_id":4713504894,"name_th":"บ้านใหญ่(เหนือ)","name_en":null,"place":"village","subdistrict_code":"940205","subdistrict_th":"ทรายขาว","district_code":"9402","district_th":"โคกโพธิ์","province_code":"94"}},{"type":"Feature","geometry":{"type":"Point","coordinates":[101.1011714,6.6770654]},"properties":{"osm_id":4713504895,"name_th":"บ้านใหญ่(ใต้)","name_en":null,"place":"village","subdistrict_code":"940205","subdistrict_th":"ทรายขาว","district_code":"9402","district_th":"โคกโพธิ์","province_code":"94"}},{"type":"Feature","geometry":{"type":"Point","coordinates":[101.1025381,6.6768921]},"properties":{"osm_id":4713504896,"name_th":"บ้านออก","name_en":null,"place":"village","subdistrict_code":"940205","subdistrict_th":"ทรายขาว","district_code":"9402","district_th":"โคกโพธิ์","province_code":"94"}},{"type":"Feature","geometry":{"type":"Point","coordinates":[101.1048815,6.6794226]},"properties":{"osm_id":4713504897,"name_th":"บ้านนาทุ่ง","name_en":null,"place":"village","subdistrict_code":"940205","subdistrict_th":"ทรายขาว","district_code":"9402","district_th":"โคกโพธิ์","province_code":"94"}},{"type":"Feature","geometry":{"type":"Point","coordinates":[101.1009037,6.6793839]},"properties":{"osm_id":4713504898,"name_th":"บ้านใต้","name_en":null,"place":"village","subdistrict_code":"940205","subdistrict_th":"ทรายขาว","district_code":"9402","district_th":"โคกโพธิ์","province_code":"94"}},{"type":"Feature","geometry":{"type":"Point","coordinates":[101.101416,6.6802178]},"properties":{"osm_id":4713504899,"name_th":"บ้านทุ่ง","name_en":null,"place":"village","subdistrict_code":"940205","subdistrict_th":"ทรายขาว","district_code":"9402","district_th":"โคกโพธิ์","province_code":"94"}},{"type":"Feature","geometry":{"type":"Point","coordinates":[101.0992755,6.6806138]},"properties":{"osm_id":4713504900,"name_th":"บ้านนางหาย","name_en":null,"place":"village","subdistrict_code":"940205","subdistrict_th":"ทรายขาว","district_code":"9402","district_th":"โคกโพธิ์","province_code":"94"}},{"type":"Feature","geometry":{"type":"Point","coordinates":[101.0992236,6.6753656]},"properties":{"osm_id":4713504902,"name_th":"บ้านตก","name_en":null,"place":"village","subdistrict_code":"940205","subdistrict_th":"ทรายขาว","district_code":"9402","district_th":"โคกโพธิ์","province_code":"94"}},{"type":"Feature","geometry":{"type":"Point","coordinates":[101.0916139,6.6773348]},"properties":{"osm_id":4713504903,"name_th":"บ้านตลิ่ง(ตก)","name_en":null,"place":"village","subdistrict_code":"940205","subdistrict_th":"ทรายขาว","district_code":"9402","district_th":"โคกโพธิ์","province_code":"94"}},{"type":"Feature","geometry":{"type":"Point","coordinates":[101.0934164,6.6764291]},"properties":{"osm_id":4713504904,"name_th":"บ้านตลิ่ง(ออก)","name_en":null,"place":"village","subdistrict_code":"940205","subdistrict_th":"ทรายขาว","district_code":"9402","district_th":"โคกโพธิ์","province_code":"94"}},{"type":"Feature","geometry":{"type":"Point","coordinates":[101.0947592,6.6721325]},"properties":{"osm_id":4713504905,"name_th":"บ้านควนลังงา","name_en":null,"place":"village","subdistrict_code":"940205","subdistrict_th":"ทรายขาว","district_code":"9402","district_th":"โคกโพธิ์","province_code":"94"}},{"type":"Feature","geometry":{"type":"Point","coordinates":[101.3052699,6.8800304]},"properties":{"osm_id":4742609208,"name_th":"บ้านตันหยงลุโละ","name_en":"Ban Tan Yong Yu Lo","place":"village","subdistrict_code":"940105","subdistrict_th":"ตันหยงลุโละ","district_code":"9401","district_th":"เมืองปัตตานี","province_code":"94"}},{"type":"Feature","geometry":{"type":"Point","coordinates":[101.2967566,6.8712637]},"properties":{"osm_id":4742694300,"name_th":"บ้านกรือเซะ","name_en":"Ban Kue Se","place":"village","subdistrict_code":"940104","subdistrict_th":"บานา","district_code":"9401","district_th":"เมืองปัตตานี","province_code":"94"}},{"type":"Feature","geometry":{"type":"Point","coordinates":[101.3046578,6.8564876]},"properties":{"osm_id":4743093417,"name_th":"บ้านคลองมานิง","name_en":"Ban Klong Ma Ning","place":"village","subdistrict_code":"940106","subdistrict_th":"คลองมานิง","district_code":"9401","district_th":"เมืองปัตตานี","province_code":"94"}},{"type":"Feature","geometry":{"type":"Point","coordinates":[101.3023045,6.8441774]},"properties":{"osm_id":4744164461,"name_th":"บ้านสระมาลา","name_en":"Ban Sa Ma La","place":"village","subdistrict_code":"940107","subdistrict_th":"กะมิยอ","district_code":"9401","district_th":"เมืองปัตตานี","province_code":"94"}},{"type":"Feature","geometry":{"type":"Point","coordinates":[101.3114197,6.8457082]},"properties":{"osm_id":4744164480,"name_th":"บ้านกะมิยอ","name_en":"Ban Ka Mi Yo","place":"village","subdistrict_code":"940107","subdistrict_th":"กะมิยอ","district_code":"9401","district_th":"เมืองปัตตานี","province_code":"94"}},{"type":"Feature","geometry":{"type":"Point","coordinates":[101.2826531,6.8576168]},"properties":{"osm_id":4744164496,"name_th":"บ้านกูวิง","name_en":"Ban Ku Wing","place":"village","subdistrict_code":"940104","subdistrict_th":"บานา","district_code":"9401","district_th":"เมืองปัตตานี","province_code":"94"}},{"type":"Feature","geometry":{"type":"Point","coordinates":[101.2895243,6.8743909]},"properties":{"osm_id":4744179409,"name_th":"บ้านบานา","name_en":"Ban Ba Na","place":"village","subdistrict_code":"940104","subdistrict_th":"บานา","district_code":"9401","district_th":"เมืองปัตตานี","province_code":"94"}},{"type":"Feature","geometry":{"type":"Point","coordinates":[101.2939886,6.8590495]},"properties":{"osm_id":4744183656,"name_th":"บ้านจือโระ","name_en":"Ban Chue Ro","place":"village","subdistrict_code":"940104","subdistrict_th":"บานา","district_code":"9401","district_th":"เมืองปัตตานี","province_code":"94"}},{"type":"Feature","geometry":{"type":"Point","coordinates":[101.2587108,6.8886327]},"properties":{"osm_id":4744229998,"name_th":"บ้านยูโย","name_en":"Ban Yu Yo","place":"village","subdistrict_code":"940104","subdistrict_th":"บานา","district_code":"9401","district_th":"เมืองปัตตานี","province_code":"94"}},{"type":"Feature","geometry":{"type":"Point","coordinates":[101.2480093,6.8510323]},"properties":{"osm_id":4744230006,"name_th":"บ้านตะลุโบะ","name_en":"Ban Ta Lu Bo","place":"village","subdistrict_code":"940109","subdistrict_th":"ปะกาฮะรัง","district_code":"9401","district_th":"เมืองปัตตานี","province_code":"94"}},{"type":"Feature","geometry":{"type":"Point","coordinates":[101.220658,6.8234809]},"properties":{"osm_id":4744230011,"name_th":"บ้านปะกาฮะรัง","name_en":"Ban Pa Ka Ha Rang ","place":"village","subdistrict_code":"940109","subdistrict_th":"ปะกาฮะรัง","district_code":"9401","district_th":"เมืองปัตตานี","province_code":"94"}},{"type":"Feature","geometry":{"type":"Point","coordinates":[101.1971096,6.8636742]},"properties":{"osm_id":4744238583,"name_th":"บ้านบางปลาหมอ","name_en":"Ban Bang Pla Mo","place":"village","subdistrict_code":"940110","subdistrict_th":"รูสะมิแล","district_code":"9401","district_th":"เมืองปัตตานี","province_code":"94"}},{"type":"Feature","geometry":{"type":"Point","coordinates":[101.2339306,6.8283373]},"properties":{"osm_id":4744287222,"name_th":"บ้านกือยา","name_en":"Ban Kue Ya","place":"village","subdistrict_code":"940109","subdistrict_th":"ปะกาฮะรัง","district_code":"9401","district_th":"เมืองปัตตานี","province_code":"94"}},{"type":"Feature","geometry":{"type":"Point","coordinates":[101.2822911,6.8165597]},"properties":{"osm_id":4744287237,"name_th":"บ้านปูยุด","name_en":"Ban Pu Yut","place":"village","subdistrict_code":"940113","subdistrict_th":"ปุยุด","district_code":"9401","district_th":"เมืองปัตตานี","province_code":"94"}},{"type":"Feature","geometry":{"type":"Point","coordinates":[101.2773461,6.827816]},"properties":{"osm_id":4744417071,"name_th":"บ้านกาฮง","name_en":"Ban Ka Hong","place":"village","subdistrict_code":"940112","subdistrict_th":"บาราเฮาะ","district_code":"9401","district_th":"เมืองปัตตานี","province_code":"94"}},{"type":"Feature","geometry":{"type":"Point","coordinates":[101.2720154,6.8387456]},"properties":{"osm_id":4744417072,"name_th":"บ้านสะนิง","name_en":"Ban Sa Ming","place":"village","subdistrict_code":"940112","subdistrict_th":"บาราเฮาะ","district_code":"9401","district_th":"เมืองปัตตานี","province_code":"94"}},{"type":"Feature","geometry":{"type":"Point","coordinates":[101.2691881,6.8311234]},"properties":{"osm_id":4744417078,"name_th":"บ้านลดา","name_en":"Ban La Da","place":"village","subdistrict_code":"940112","subdistrict_th":"บาราเฮาะ","district_code":"9401","district_th":"เมืองปัตตานี","province_code":"94"}},{"type":"Feature","geometry":{"type":"Point","coordinates":[101.136777,6.7410169]},"properties":{"osm_id":4744601194,"name_th":"บ้านนาเกตุ","name_en":"Ban Na Ket","place":"hamlet","subdistrict_code":"940213","subdistrict_th":"นาเกตุ","district_code":"9402","district_th":"โคกโพธิ์","province_code":"94"}},{"type":"Feature","geometry":{"type":"Point","coordinates":[101.1825063,6.757677]},"properties":{"osm_id":4744610395,"name_th":"บ้านบาโงฆาดิง","name_en":"Ban Ba Ngo Kha Ding","place":"hamlet","subdistrict_code":"940213","subdistrict_th":"นาเกตุ","district_code":"9402","district_th":"โคกโพธิ์","province_code":"94"}},{"type":"Feature","geometry":{"type":"Point","coordinates":[101.1648549,6.7562315]},"properties":{"osm_id":4744610415,"name_th":"บ้านควนลาแม","name_en":"Ban Khuan La Mae","place":"hamlet","subdistrict_code":"940213","subdistrict_th":"นาเกตุ","district_code":"9402","district_th":"โคกโพธิ์","province_code":"94"}},{"type":"Feature","geometry":{"type":"Point","coordinates":[101.1356167,6.7670447]},"properties":{"osm_id":4744941575,"name_th":"บ้านชะเมา","name_en":"Ban Cha Mao","place":"village","subdistrict_code":"940213","subdistrict_th":"นาเกตุ","district_code":"9402","district_th":"โคกโพธิ์","province_code":"94"}},{"type":"Feature","geometry":{"type":"Point","coordinates":[101.1909662,6.6337283]},"properties":{"osm_id":4748132418,"name_th":"บ้านบาเงง","name_en":"Ban Ba Ngeng","place":"village","subdistrict_code":"940207","subdistrict_th":"ปากล่อ","district_code":"9402","district_th":"โคกโพธิ์","province_code":"94"}},{"type":"Feature","geometry":{"type":"Point","coordinates":[101.202828,6.6227568]},"properties":{"osm_id":4748134223,"name_th":"บ้านคลองหิน","name_en":"Ban Khlong Hin","place":"village","subdistrict_code":"940207","subdistrict_th":"ปากล่อ","district_code":"9402","district_th":"โคกโพธิ์","province_code":"94"}},{"type":"Feature","geometry":{"type":"Point","coordinates":[101.1355534,6.7145284]},"properties":{"osm_id":4748148118,"name_th":"บ้านยางแดง","name_en":"Ban Yang Daeng","place":"village","subdistrict_code":"940206","subdistrict_th":"นาประดู่","district_code":"9402","district_th":"โคกโพธิ์","province_code":"94"}},{"type":"Feature","geometry":{"type":"Point","coordinates":[101.0780985,6.7873444]},"properties":{"osm_id":4748214556,"name_th":"บ้านควนแตน","name_en":"Ban Khuan Taen","place":"village","subdistrict_code":"940211","subdistrict_th":"ท่าเรือ","district_code":"9402","district_th":"โคกโพธิ์","province_code":"94"}},{"type":"Feature","geometry":{"type":"Point","coordinates":[101.0996769,6.7862018]},"properties":{"osm_id":4748214559,"name_th":"บ้านท่าเรือ","name_en":"Ban Tha Ruea","place":"village","subdistrict_code":"940211","subdistrict_th":"ท่าเรือ","district_code":"9402","district_th":"โคกโพธิ์","province_code":"94"}},{"type":"Feature","geometry":{"type":"Point","coordinates":[101.1777635,6.6509676]},"properties":{"osm_id":4748214571,"name_th":"บ้านเกาะตา","name_en":"Ban Ko Ta","place":"village","subdistrict_code":"940208","subdistrict_th":"ทุ่งพลา","district_code":"9402","district_th":"โคกโพธิ์","province_code":"94"}},{"type":"Feature","geometry":{"type":"Point","coordinates":[101.0874628,6.7075816]},"properties":{"osm_id":4748253143,"name_th":"บ้านป่าบอน","name_en":"Ban Pa Bon","place":"village","subdistrict_code":"940204","subdistrict_th":"ป่าบอน","district_code":"9402","district_th":"โคกโพธิ์","province_code":"94"}},{"type":"Feature","geometry":{"type":"Point","coordinates":[101.5170527,6.8592996]},"properties":{"osm_id":4748492709,"name_th":"บ้านบางมะรวด","name_en":"Ban Bang Ma Ruat","place":"village","subdistrict_code":"940409","subdistrict_th":"บ้านกลาง","district_code":"9404","district_th":"ปะนาเระ","province_code":"94"}},{"type":"Feature","geometry":{"type":"Point","coordinates":[101.5233173,6.8453245]},"properties":{"osm_id":4748493032,"name_th":"บ้านท่าชะเมา","name_en":"Ban Tha Cha Mao","place":"village","subdistrict_code":"940409","subdistrict_th":"บ้านกลาง","district_code":"9404","district_th":"ปะนาเระ","province_code":"94"}},{"type":"Feature","geometry":{"type":"Point","coordinates":[101.4666282,6.866372]},"properties":{"osm_id":4748493090,"name_th":"บ้านคลองต่ำ","name_en":"Ban Khlong Tam","place":"village","subdistrict_code":"940401","subdistrict_th":"ปะนาเระ","district_code":"9404","district_th":"ปะนาเระ","province_code":"94"}},{"type":"Feature","geometry":{"type":"Point","coordinates":[101.4842583,6.8364682]},"properties":{"osm_id":4748614739,"name_th":"บ้านท่าข้าม","name_en":"Ban Tha Kham","place":"village","subdistrict_code":"940402","subdistrict_th":"ท่าข้าม","district_code":"9404","district_th":"ปะนาเระ","province_code":"94"}},{"type":"Feature","geometry":{"type":"Point","coordinates":[101.5205111,6.8216061]},"properties":{"osm_id":4748614741,"name_th":"บ้านบ่ออิฐ","name_en":"Ban Bo It","place":"village","subdistrict_code":"940409","subdistrict_th":"บ้านกลาง","district_code":"9404","district_th":"ปะนาเระ","province_code":"94"}},{"type":"Feature","geometry":{"type":"Point","coordinates":[101.539411,6.8469337]},"properties":{"osm_id":4748614769,"name_th":"บ้านเตราะหัก","name_en":"Ban Tro Hak","place":"village","subdistrict_code":"940410","subdistrict_th":"บ้านน้ำบ่อ","district_code":"9404","district_th":"ปะนาเระ","province_code":"94"}},{"type":"Feature","geometry":{"type":"Point","coordinates":[101.479108,6.8204123]},"properties":{"osm_id":4748848501,"name_th":"บ้านนอก","name_en":"Ban Nok","place":"village","subdistrict_code":"940403","subdistrict_th":"บ้านนอก","district_code":"9404","district_th":"ปะนาเระ","province_code":"94"}},{"type":"Feature","geometry":{"type":"Point","coordinates":[101.47085,6.8115671]},"properties":{"osm_id":4748848504,"name_th":"บ้านปุลามาวอ","name_en":"Ban Pu La Ma Wo","place":"village","subdistrict_code":"940403","subdistrict_th":"บ้านนอก","district_code":"9404","district_th":"ปะนาเระ","province_code":"94"}},{"type":"Feature","geometry":{"type":"Point","coordinates":[101.4860305,6.789687]},"properties":{"osm_id":4749942474,"name_th":"บ้านดอน","name_en":"Ban Don","place":"village","subdistrict_code":"940404","subdistrict_th":"ดอน","district_code":"9404","district_th":"ปะนาเระ","province_code":"94"}},{"type":"Feature","geometry":{"type":"Point","coordinates":[101.4662406,6.8210097]},"properties":{"osm_id":4749942483,"name_th":"บ้านหัวคลอง","name_en":"Ban Hua Khlong","place":"village","subdistrict_code":"940403","subdistrict_th":"บ้านนอก","district_code":"9404","district_th":"ปะนาเระ","province_code":"94"}},{"type":"Feature","geometry":{"type":"Point","coordinates":[101.4898618,6.8232937]},"properties":{"osm_id":4749951945,"name_th":"บ้านกลาง","name_en":"Ban Klang","place":"hamlet","subdistrict_code":"940409","subdistrict_th":"บ้านกลาง","district_code":"9404","district_th":"ปะนาเระ","province_code":"94"}},{"type":"Feature","geometry":{"type":"Point","coordinates":[101.4807809,6.7814049]},"properties":{"osm_id":4750051258,"name_th":"บ้านคลอง","name_en":"Ban Khlong","place":"village","subdistrict_code":"940404","subdistrict_th":"ดอน","district_code":"9404","district_th":"ปะนาเระ","province_code":"94"}},{"type":"Feature","geometry":{"type":"Point","coordinates":[101.4710638,6.7734805]},"properties":{"osm_id":4750051320,"name_th":"บ้านราวอ","name_en":"Ban Ra Wo","place":"village","subdistrict_code":"940404","subdistrict_th":"ดอน","district_code":"9404","district_th":"ปะนาเระ","province_code":"94"}},{"type":"Feature","geometry":{"type":"Point","coordinates":[101.5426391,6.7823084]},"properties":{"osm_id":4750822064,"name_th":"บ้านพ่อมิ่ง","name_en":"Ban Pho Ming","place":"village","subdistrict_code":"940408","subdistrict_th":"พ่อมิ่ง","district_code":"9404","district_th":"ปะนาเระ","province_code":"94"}},{"type":"Feature","geometry":{"type":"Point","coordinates":[101.576044,6.812145]},"properties":{"osm_id":4750946453,"name_th":"บ้านน้ำบ่อ","name_en":"Ban Nam Bo","place":"village","subdistrict_code":"940410","subdistrict_th":"บ้านน้ำบ่อ","district_code":"9404","district_th":"ปะนาเระ","province_code":"94"}},{"type":"Feature","geometry":{"type":"Point","coordinates":[101.5904125,6.7862458]},"properties":{"osm_id":4751842061,"name_th":"บ้านท่าสู","name_en":"Ban Tha Su","place":"village","subdistrict_code":"940410","subdistrict_th":"บ้านน้ำบ่อ","district_code":"9404","district_th":"ปะนาเระ","province_code":"94"}},{"type":"Feature","geometry":{"type":"Point","coordinates":[101.5104349,6.8100498]},"properties":{"osm_id":4751842071,"name_th":"บ้านมะรวด","name_en":"Ban Ma Ruat","place":"village","subdistrict_code":"940407","subdistrict_th":"คอกกระบือ","district_code":"9404","district_th":"ปะนาเระ","province_code":"94"}},{"type":"Feature","geometry":{"type":"Point","coordinates":[101.4162119,6.6913678]},"properties":{"osm_id":4751876339,"name_th":"บ้านเมืองยอน","name_en":"Ban Mueang Yon","place":"village","subdistrict_code":"940505","subdistrict_th":"ลุโบะยิไร","district_code":"9405","district_th":"มายอ","province_code":"94"}},{"type":"Feature","geometry":{"type":"Point","coordinates":[101.3706265,6.6369098]},"properties":{"osm_id":4751964291,"name_th":"บ้านน้ำใส","name_en":"Ban Nam Sai","place":"village","subdistrict_code":"940505","subdistrict_th":"ลุโบะยิไร","district_code":"9405","district_th":"มายอ","province_code":"94"}},{"type":"Feature","geometry":{"type":"Point","coordinates":[101.3880148,6.653362]},"properties":{"osm_id":4751990379,"name_th":"บ้านบูเกะกุง","name_en":"Ban Bu Ke Kung","place":"village","subdistrict_code":"940505","subdistrict_th":"ลุโบะยิไร","district_code":"9405","district_th":"มายอ","province_code":"94"}},{"type":"Feature","geometry":{"type":"Point","coordinates":[101.4154646,6.7491946]},"properties":{"osm_id":4752392801,"name_th":"บ้านถนน","name_en":"Ban Tha Non","place":"village","subdistrict_code":"940502","subdistrict_th":"ถนน","district_code":"9405","district_th":"มายอ","province_code":"94"}},{"type":"Feature","geometry":{"type":"Point","coordinates":[101.41918,6.6490408]},"properties":{"osm_id":4752822334,"name_th":"บ้านเจาะบาแน","name_en":"Ban Che Ba Nae","place":"village","subdistrict_code":"940505","subdistrict_th":"ลุโบะยิไร","district_code":"9405","district_th":"มายอ","province_code":"94"}},{"type":"Feature","geometry":{"type":"Point","coordinates":[101.455934,6.748769]},"properties":{"osm_id":4753807272,"name_th":"บ้านสะกำ","name_en":"Ban Sa Kam","place":"village","subdistrict_code":"940512","subdistrict_th":"สะกำ","district_code":"9405","district_th":"มายอ","province_code":"94"}},{"type":"Feature","geometry":{"type":"Point","coordinates":[101.4829953,6.7457686]},"properties":{"osm_id":4753807275,"name_th":"บ้านด่าน","name_en":"Ban Dan","place":"village","subdistrict_code":"940506","subdistrict_th":"ลางา","district_code":"9405","district_th":"มายอ","province_code":"94"}},{"type":"Feature","geometry":{"type":"Point","coordinates":[101.4651597,6.736742]},"properties":{"osm_id":4753807283,"name_th":"บ้านบาละแต","name_en":"Ban Ba La Tae","place":"village","subdistrict_code":"940506","subdistrict_th":"ลางา","district_code":"9405","district_th":"มายอ","province_code":"94"}},{"type":"Feature","geometry":{"type":"Point","coordinates":[101.439661,6.762748]},"properties":{"osm_id":4753807292,"name_th":"บ้านกระหวะ","name_en":"Ban Kra Wa","place":"village","subdistrict_code":"940504","subdistrict_th":"กระหวะ","district_code":"9405","district_th":"มายอ","province_code":"94"}},{"type":"Feature","geometry":{"type":"Point","coordinates":[101.4531193,6.7371426]},"properties":{"osm_id":4753807299,"name_th":"บ้านกูบังบาเดาะ","name_en":"Ban Ku Bang Ba Do","place":"village","subdistrict_code":"940512","subdistrict_th":"สะกำ","district_code":"9405","district_th":"มายอ","province_code":"94"}},{"type":"Feature","geometry":{"type":"Point","coordinates":[101.3601389,6.7089621]},"properties":{"osm_id":4753820982,"name_th":"บ้านตรัง","name_en":"Ban Trang","place":"village","subdistrict_code":"940503","subdistrict_th":"ตรัง","district_code":"9405","district_th":"มายอ","province_code":"94"}},{"type":"Feature","geometry":{"type":"Point","coordinates":[101.3805237,6.6911034]},"properties":{"osm_id":4753820991,"name_th":"บ้านเขาวัง","name_en":"Ban Khao Wang","place":"village","subdistrict_code":"940503","subdistrict_th":"ตรัง","district_code":"9405","district_th":"มายอ","province_code":"94"}},{"type":"Feature","geometry":{"type":"Point","coordinates":[101.3449975,6.6991761]},"properties":{"osm_id":4753861512,"name_th":"บ้านมะหุด","name_en":"Ban Ma Hut","place":"village","subdistrict_code":"940509","subdistrict_th":"ปะโด","district_code":"9405","district_th":"มายอ","province_code":"94"}},{"type":"Feature","geometry":{"type":"Point","coordinates":[101.3527042,6.6860993]},"properties":{"osm_id":4753905993,"name_th":"บ้านควนหยี","name_en":"Ban Khuan Yi","place":"village","subdistrict_code":"940509","subdistrict_th":"ปะโด","district_code":"9405","district_th":"มายอ","province_code":"94"}},{"type":"Feature","geometry":{"type":"Point","coordinates":[101.3659479,6.6757337]},"properties":{"osm_id":4753910033,"name_th":"บ้านบูดน","name_en":"Ban Bu Don","place":"village","subdistrict_code":"940509","subdistrict_th":"ปะโด","district_code":"9405","district_th":"มายอ","province_code":"94"}},{"type":"Feature","geometry":{"type":"Point","coordinates":[101.3517873,6.7409341]},"properties":{"osm_id":4753944764,"name_th":"บ้านกูวิง","name_en":"Ban Ku Wing","place":"village","subdistrict_code":"940511","subdistrict_th":"สาคอใต้","district_code":"9405","district_th":"มายอ","province_code":"94"}},{"type":"Feature","geometry":{"type":"Point","coordinates":[101.381474,6.7153883]},"properties":{"osm_id":4753944977,"name_th":"บ้านคลองช้าง","name_en":"Ban Khlong Chang","place":"village","subdistrict_code":"940508","subdistrict_th":"เกาะจัน","district_code":"9405","district_th":"มายอ","province_code":"94"}},{"type":"Feature","geometry":{"type":"Point","coordinates":[101.3825232,6.7427343]},"properties":{"osm_id":4754007473,"name_th":"บ้านกระเสาะ","name_en":"Ban Kra So","place":"hamlet","subdistrict_code":"940507","subdistrict_th":"กระเสาะ","district_code":"9405","district_th":"มายอ","province_code":"94"}},{"type":"Feature","geometry":{"type":"Point","coordinates":[101.3757248,6.7285171]},"properties":{"osm_id":4754007727,"name_th":"บ้านเกาะจัน","name_en":"Ban Ko Chan","place":"village","subdistrict_code":"940508","subdistrict_th":"เกาะจัน","district_code":"9405","district_th":"มายอ","province_code":"94"}},{"type":"Feature","geometry":{"type":"Point","coordinates":[101.3579493,6.7572154]},"properties":{"osm_id":4754007734,"name_th":"บ้านสมาหอ","name_en":"Ban Sa Ma Ho","place":"village","subdistrict_code":"940511","subdistrict_th":"สาคอใต้","district_code":"9405","district_th":"มายอ","province_code":"94"}},{"type":"Feature","geometry":{"type":"Point","coordinates":[101.3916464,6.7513512]},"properties":{"osm_id":4754007744,"name_th":"บ้านลางสาด","name_en":"Ban Lang Sat","place":"hamlet","subdistrict_code":"940507","subdistrict_th":"กระเสาะ","district_code":"9405","district_th":"มายอ","province_code":"94"}},{"type":"Feature","geometry":{"type":"Point","coordinates":[101.3431429,6.7584339]},"properties":{"osm_id":4754037496,"name_th":"บ้านบาตะกูโบ","name_en":"Ban Ba Ta Ku Bo","place":"village","subdistrict_code":"940510","subdistrict_th":"สาคอบน","district_code":"9405","district_th":"มายอ","province_code":"94"}},{"type":"Feature","geometry":{"type":"Point","coordinates":[101.2620509,6.7382767]},"properties":{"osm_id":4754138568,"name_th":"บ้านบินยา","name_en":"Ban Bin Ya","place":"hamlet","subdistrict_code":"941009","subdistrict_th":"คลองใหม่","district_code":"9410","district_th":"ยะรัง","province_code":"94"}},{"type":"Feature","geometry":{"type":"Point","coordinates":[101.3151892,6.7189774]},"properties":{"osm_id":4754138617,"name_th":"บ้านกระโด","name_en":"Ban Kra Do","place":"village","subdistrict_code":"941008","subdistrict_th":"กระโด","district_code":"9410","district_th":"ยะรัง","province_code":"94"}},{"type":"Feature","geometry":{"type":"Point","coordinates":[101.3004846,6.6811132]},"properties":{"osm_id":4754458872,"name_th":"บ้านต้นแซะ","name_en":"Ban Ton Sae","place":"village","subdistrict_code":"941010","subdistrict_th":"เมาะมาวี","district_code":"9410","district_th":"ยะรัง","province_code":"94"}},{"type":"Feature","geometry":{"type":"Point","coordinates":[101.2971815,6.8297262]},"properties":{"osm_id":4754514283,"name_th":"บ้านสิเดะ","name_en":"Ban Si De","place":"village","subdistrict_code":"941002","subdistrict_th":"สะดาวา","district_code":"9410","district_th":"ยะรัง","province_code":"94"}},{"type":"Feature","geometry":{"type":"Point","coordinates":[101.3200027,6.8320542]},"properties":{"osm_id":4754665094,"name_th":"บ้านอาโห","name_en":"Ban A Ho","place":"hamlet","subdistrict_code":"941002","subdistrict_th":"สะดาวา","district_code":"9410","district_th":"ยะรัง","province_code":"94"}},{"type":"Feature","geometry":{"type":"Point","coordinates":[101.3090417,6.7795552]},"properties":{"osm_id":4754998809,"name_th":"บ้านต้นทุเรียน","name_en":"Ban Ton Tu Rian","place":"village","subdistrict_code":"941001","subdistrict_th":"ยะรัง","district_code":"9410","district_th":"ยะรัง","province_code":"94"}},{"type":"Feature","geometry":{"type":"Point","coordinates":[101.2730201,6.770844]},"properties":{"osm_id":4754998810,"name_th":"บ้านกรือเซะ","name_en":"Ban Krue Se","place":"village","subdistrict_code":"941001","subdistrict_th":"ยะรัง","district_code":"9410","district_th":"ยะรัง","province_code":"94"}},{"type":"Feature","geometry":{"type":"Point","coordinates":[101.3097889,6.8049437]},"properties":{"osm_id":4755026127,"name_th":"บ้านบือแนปีแน","name_en":"Ban Bue Nae Pi Nae","place":"village","subdistrict_code":"941003","subdistrict_th":"ประจัน","district_code":"9410","district_th":"ยะรัง","province_code":"94"}},{"type":"Feature","geometry":{"type":"Point","coordinates":[101.3002791,6.7842432]},"properties":{"osm_id":4755625535,"name_th":"บ้านพงสตา","name_en":"Ban Pong Sa Ta","place":"hamlet","subdistrict_code":"941001","subdistrict_th":"ยะรัง","district_code":"9410","district_th":"ยะรัง","province_code":"94"}},{"type":"Feature","geometry":{"type":"Point","coordinates":[101.2923735,6.7909002]},"properties":{"osm_id":4755625539,"name_th":"บ้านประจัน","name_en":"Ban Pra Chan","place":"village","subdistrict_code":"941003","subdistrict_th":"ประจัน","district_code":"9410","district_th":"ยะรัง","province_code":"94"}},{"type":"Feature","geometry":{"type":"Point","coordinates":[101.3280453,6.7897661]},"properties":{"osm_id":4755625543,"name_th":"บ้านสะนอ","name_en":"Ban Sa No","place":"village","subdistrict_code":"941004","subdistrict_th":"สะนอ","district_code":"9410","district_th":"ยะรัง","province_code":"94"}},{"type":"Feature","geometry":{"type":"Point","coordinates":[101.3137795,6.7747225]},"properties":{"osm_id":4755651460,"name_th":"บ้านคางา","name_en":"Ban Kha Nga","place":"village","subdistrict_code":"941004","subdistrict_th":"สะนอ","district_code":"9410","district_th":"ยะรัง","province_code":"94"}},{"type":"Feature","geometry":{"type":"Point","coordinates":[101.3720164,6.8993019]},"properties":{"osm_id":4755788670,"name_th":"บ้านปาตา","name_en":"Ban Pa Tha","place":"village","subdistrict_code":"940902","subdistrict_th":"ตะโละกาโปร์","district_code":"9409","district_th":"ยะหริ่ง","province_code":"94"}},{"type":"Feature","geometry":{"type":"Point","coordinates":[101.332031,6.9124872]},"properties":{"osm_id":4755788684,"name_th":"บ้านดาโต๊ะ","name_en":"Ban Da To","place":"hamlet","subdistrict_code":"940918","subdistrict_th":"แหลมโพธิ์","district_code":"9409","district_th":"ยะหริ่ง","province_code":"94"}},{"type":"Feature","geometry":{"type":"Point","coordinates":[101.4087684,6.8714935]},"properties":{"osm_id":4755798640,"name_th":"บ้านท่าด่าน","name_en":"Ban Tha Dan","place":"village","subdistrict_code":"940902","subdistrict_th":"ตะโละกาโปร์","district_code":"9409","district_th":"ยะหริ่ง","province_code":"94"}},{"type":"Feature","geometry":{"type":"Point","coordinates":[101.3214786,6.9293999]},"properties":{"osm_id":4755798646,"name_th":"บ้านตะโละสะมีแล","name_en":"Ban Ta Lo Sa Mi Lae","place":"hamlet","subdistrict_code":"940918","subdistrict_th":"แหลมโพธิ์","district_code":"9409","district_th":"ยะหริ่ง","province_code":"94"}},{"type":"Feature","geometry":{"type":"Point","coordinates":[101.4298529,6.7976025]},"properties":{"osm_id":4755832971,"name_th":"บ้านจาแบปะ","name_en":"Ban Cha Bae Pa","place":"village","subdistrict_code":"940903","subdistrict_th":"ตันหยงดาลอ","district_code":"9409","district_th":"ยะหริ่ง","province_code":"94"}},{"type":"Feature","geometry":{"type":"Point","coordinates":[101.456763,6.7791382]},"properties":{"osm_id":4755844244,"name_th":"บ้านโต๊ะตีเต","name_en":"Ban To Ti Te","place":"village","subdistrict_code":"940904","subdistrict_th":"ตันหยงจึงงา","district_code":"9409","district_th":"ยะหริ่ง","province_code":"94"}},{"type":"Feature","geometry":{"type":"Point","coordinates":[101.4209913,6.7866982]},"properties":{"osm_id":4755921833,"name_th":"บ้านยือริง","name_en":"Ban Yue Ring","place":"village","subdistrict_code":"940903","subdistrict_th":"ตันหยงดาลอ","district_code":"9409","district_th":"ยะหริ่ง","province_code":"94"}},{"type":"Feature","geometry":{"type":"Point","coordinates":[101.4345176,6.7822492]},"properties":{"osm_id":4755921911,"name_th":"บ้านบาโลย","name_en":"Ban Ba Loi","place":"village","subdistrict_code":"940913","subdistrict_th":"บาโลย","district_code":"9409","district_th":"ยะหริ่ง","province_code":"94"}},{"type":"Feature","geometry":{"type":"Point","coordinates":[101.4209478,6.8280566]},"properties":{"osm_id":4755921915,"name_th":"บ้านตือระ","name_en":"Ban Tue Ra","place":"village","subdistrict_code":"940903","subdistrict_th":"ตันหยงดาลอ","district_code":"9409","district_th":"ยะหริ่ง","province_code":"94"}},{"type":"Feature","geometry":{"type":"Point","coordinates":[101.4755809,6.851167]},"properties":{"osm_id":4756306468,"name_th":"บ้านจะรัง","name_en":"Ban Cha Rang","place":"village","subdistrict_code":"940917","subdistrict_th":"จะรัง","district_code":"9409","district_th":"ยะหริ่ง","province_code":"94"}},{"type":"Feature","geometry":{"type":"Point","coordinates":[101.4422969,6.8489616]},"properties":{"osm_id":4757203561,"name_th":"บ้านตูเวาะ","name_en":"Ban Tu Wo","place":"village","subdistrict_code":"940917","subdistrict_th":"จะรัง","district_code":"9409","district_th":"ยะหริ่ง","province_code":"94"}},{"type":"Feature","geometry":{"type":"Point","coordinates":[101.4088626,6.8580197]},"properties":{"osm_id":4757203865,"name_th":"บ้านหนองแรต","name_en":"Ban Nong Raet","place":"village","subdistrict_code":"940910","subdistrict_th":"หนองแรต","district_code":"9409","district_th":"ยะหริ่ง","province_code":"94"}},{"type":"Feature","geometry":{"type":"Point","coordinates":[101.3966559,6.8408983]},"properties":{"osm_id":4757219522,"name_th":"บ้านแบรอ","name_en":"Ban Bae Ro","place":"village","subdistrict_code":"940910","subdistrict_th":"หนองแรต","district_code":"9409","district_th":"ยะหริ่ง","province_code":"94"}},{"type":"Feature","geometry":{"type":"Point","coordinates":[101.4430787,6.8234809]},"properties":{"osm_id":4757240607,"name_th":"บ้านสาบัน","name_en":"Ban Sa Ban","place":"village","subdistrict_code":"940914","subdistrict_th":"สาบัน","district_code":"9409","district_th":"ยะหริ่ง","province_code":"94"}},{"type":"Feature","geometry":{"type":"Point","coordinates":[101.4111245,6.837479]},"properties":{"osm_id":4757240608,"name_th":"บ้านลางา","name_en":"Ban La Nga","place":"village","subdistrict_code":"940910","subdistrict_th":"หนองแรต","district_code":"9409","district_th":"ยะหริ่ง","province_code":"94"}},{"type":"Feature","geometry":{"type":"Point","coordinates":[101.3686179,6.7903646]},"properties":{"osm_id":4757281224,"name_th":"บ้านใหม่","name_en":"Ban Mai","place":"village","subdistrict_code":"940907","subdistrict_th":"ตาลีอายร์","district_code":"9409","district_th":"ยะหริ่ง","province_code":"94"}},{"type":"Feature","geometry":{"type":"Point","coordinates":[101.3923479,6.7981289]},"properties":{"osm_id":4757281305,"name_th":"บ้านตาลีอายร์","name_en":"Ban Ta Li Ali","place":"village","subdistrict_code":"940907","subdistrict_th":"ตาลีอายร์","district_code":"9409","district_th":"ยะหริ่ง","province_code":"94"}},{"type":"Feature","geometry":{"type":"Point","coordinates":[101.3770428,6.7696269]},"properties":{"osm_id":4757335623,"name_th":"บ้านปุลากง","name_en":"Ban Pu La Kong","place":"village","subdistrict_code":"940912","subdistrict_th":"ปุลากง","district_code":"9409","district_th":"ยะหริ่ง","province_code":"94"}},{"type":"Feature","geometry":{"type":"Point","coordinates":[101.3416243,6.7899613]},"properties":{"osm_id":4757335709,"name_th":"บ้านตะโละ","name_en":"Ban Tha Lo","place":"village","subdistrict_code":"940901","subdistrict_th":"ตะโละ","district_code":"9409","district_th":"ยะหริ่ง","province_code":"94"}},{"type":"Feature","geometry":{"type":"Point","coordinates":[101.3335026,6.8396541]},"properties":{"osm_id":4757394329,"name_th":"บ้านตาแกะ","name_en":"Ban Tha Kae","place":"village","subdistrict_code":"940906","subdistrict_th":"ตาแกะ","district_code":"9409","district_th":"ยะหริ่ง","province_code":"94"}},{"type":"Feature","geometry":{"type":"Point","coordinates":[101.3447346,6.8532731]},"properties":{"osm_id":4757407835,"name_th":"บ้านฝาง","name_en":"Ban Fang","place":"hamlet","subdistrict_code":"940906","subdistrict_th":"ตาแกะ","district_code":"9409","district_th":"ยะหริ่ง","province_code":"94"}},{"type":"Feature","geometry":{"type":"Point","coordinates":[101.3752918,6.8134746]},"properties":{"osm_id":4757444584,"name_th":"บ้านตาหมน","name_en":"Ban Mu Long","place":"village","subdistrict_code":"940911","subdistrict_th":"ปิยามุมัง","district_code":"9409","district_th":"ยะหริ่ง","province_code":"94"}},{"type":"Feature","geometry":{"type":"Point","coordinates":[101.3349985,6.8366605]},"properties":{"osm_id":4757445126,"name_th":"บ้านเฑียรยา","name_en":"Ban Tian Ya","place":"village","subdistrict_code":"940906","subdistrict_th":"ตาแกะ","district_code":"9409","district_th":"ยะหริ่ง","province_code":"94"}},{"type":"Feature","geometry":{"type":"Point","coordinates":[101.3512629,6.8337273]},"properties":{"osm_id":4757445143,"name_th":"บ้านมูหลง","name_en":"Ban Mu Long","place":"village","subdistrict_code":"940916","subdistrict_th":"ราตาปันยัง","district_code":"9409","district_th":"ยะหริ่ง","province_code":"94"}},{"type":"Feature","geometry":{"type":"Point","coordinates":[101.3921014,6.8152624]},"properties":{"osm_id":4757648625,"name_th":"บ้านชะเอาะ","name_en":"Ban Cha O","place":"village","subdistrict_code":"940915","subdistrict_th":"มะนังยง","district_code":"9409","district_th":"ยะหริ่ง","province_code":"94"}},{"type":"Feature","geometry":{"type":"Point","coordinates":[101.6021651,6.7002007]},"properties":{"osm_id":4757778435,"name_th":"บ้านตะบิ้ง","name_en":"Ban Ta Bing","place":"village","subdistrict_code":"940702","subdistrict_th":"ตะบิ้ง","district_code":"9407","district_th":"สายบุรี","province_code":"94"}},{"type":"Feature","geometry":{"type":"Point","coordinates":[101.5690989,6.6968178]},"properties":{"osm_id":4758839551,"name_th":"บ้านชะเมาสามต้น","name_en":"Ban Cha Mao Sam Ton","place":"village","subdistrict_code":"940706","subdistrict_th":"เตราะบอน","district_code":"9407","district_th":"สายบุรี","province_code":"94"}},{"type":"Feature","geometry":{"type":"Point","coordinates":[101.5640349,6.6866426]},"properties":{"osm_id":4758839566,"name_th":"บ้านบาโง","name_en":"Ban Ba Ngo","place":"village","subdistrict_code":"940706","subdistrict_th":"เตราะบอน","district_code":"9407","district_th":"สายบุรี","province_code":"94"}},{"type":"Feature","geometry":{"type":"Point","coordinates":[101.5709356,6.7132054]},"properties":{"osm_id":4758839573,"name_th":"บ้านบาโงยือริง","name_en":"Ban Ba Ngo Yue Ring","place":"village","subdistrict_code":"940705","subdistrict_th":"บือเระ","district_code":"9407","district_th":"สายบุรี","province_code":"94"}},{"type":"Feature","geometry":{"type":"Point","coordinates":[101.5893978,6.6704151]},"properties":{"osm_id":4758839606,"name_th":"บ้านแซะโมะ","name_en":"Ban Chae Mo","place":"village","subdistrict_code":"940702","subdistrict_th":"ตะบิ้ง","district_code":"9407","district_th":"สายบุรี","province_code":"94"}},{"type":"Feature","geometry":{"type":"Point","coordinates":[101.5534036,6.6546991]},"properties":{"osm_id":4758842514,"name_th":"บ้านปายอ","name_en":"Ban Pa Yo","place":"village","subdistrict_code":"940707","subdistrict_th":"กะดุนง","district_code":"9407","district_th":"สายบุรี","province_code":"94"}},{"type":"Feature","geometry":{"type":"Point","coordinates":[101.5490772,6.636395]},"properties":{"osm_id":4758843356,"name_th":"บ้านโตะบาลา","name_en":"Ban To Ba La","place":"village","subdistrict_code":"940707","subdistrict_th":"กะดุนง","district_code":"9407","district_th":"สายบุรี","province_code":"94"}},{"type":"Feature","geometry":{"type":"Point","coordinates":[101.5703864,6.64664]},"properties":{"osm_id":4758887286,"name_th":"บ้านละอาร์","name_en":"Ban La A","place":"village","subdistrict_code":"940707","subdistrict_th":"กะดุนง","district_code":"9407","district_th":"สายบุรี","province_code":"94"}},{"type":"Feature","geometry":{"type":"Point","coordinates":[101.54505,6.7570712]},"properties":{"osm_id":4758931841,"name_th":"บ้านจะเฆ่","name_en":"Ban Cha Kae","place":"village","subdistrict_code":"940710","subdistrict_th":"แป้น","district_code":"9407","district_th":"สายบุรี","province_code":"94"}},{"type":"Feature","geometry":{"type":"Point","coordinates":[101.5581188,6.7477571]},"properties":{"osm_id":4758931846,"name_th":"บ้านละหาร","name_en":"Ban La Han","place":"village","subdistrict_code":"940710","subdistrict_th":"แป้น","district_code":"9407","district_th":"สายบุรี","province_code":"94"}},{"type":"Feature","geometry":{"type":"Point","coordinates":[101.5435791,6.7356944]},"properties":{"osm_id":4758931885,"name_th":"บ้านแป้น","name_en":"Ban Paen","place":"village","subdistrict_code":"940710","subdistrict_th":"แป้น","district_code":"9407","district_th":"สายบุรี","province_code":"94"}},{"type":"Feature","geometry":{"type":"Point","coordinates":[101.5479309,6.7149125]},"properties":{"osm_id":4758984462,"name_th":"บ้านบือเระ","name_en":"Ban Bue Ro","place":"village","subdistrict_code":"940705","subdistrict_th":"บือเระ","district_code":"9407","district_th":"สายบุรี","province_code":"94"}},{"type":"Feature","geometry":{"type":"Point","coordinates":[101.5357574,6.7139338]},"properties":{"osm_id":4758984480,"name_th":"บ้านพอเหมาะ","name_en":"Ban Pho Mo","place":"village","subdistrict_code":"940711","subdistrict_th":"ทุ่งคล้า","district_code":"9407","district_th":"สายบุรี","province_code":"94"}},{"type":"Feature","geometry":{"type":"Point","coordinates":[101.6222694,6.7265431]},"properties":{"osm_id":4758991203,"name_th":"บ้านบน","name_en":"Ban Bon","place":"village","subdistrict_code":"940703","subdistrict_th":"ปะเสยะวอ","district_code":"9407","district_th":"สายบุรี","province_code":"94"}},{"type":"Feature","geometry":{"type":"Point","coordinates":[101.6018785,6.720542]},"properties":{"osm_id":4759005306,"name_th":"บ้านบาเลาะ","name_en":"Ban Ba Lo","place":"village","subdistrict_code":"940703","subdistrict_th":"ปะเสยะวอ","district_code":"9407","district_th":"สายบุรี","province_code":"94"}},{"type":"Feature","geometry":{"type":"Point","coordinates":[101.6189057,6.713484]},"properties":{"osm_id":4759005311,"name_th":"บ้านทุ่งเค็จ","name_en":"Ban Thung Khet","place":"village","subdistrict_code":"940703","subdistrict_th":"ปะเสยะวอ","district_code":"9407","district_th":"สายบุรี","province_code":"94"}},{"type":"Feature","geometry":{"type":"Point","coordinates":[101.6312402,6.6764331]},"properties":{"osm_id":4759322160,"name_th":"บ้านช่องแมว","name_en":"Ban Chong Maeo","place":"village","subdistrict_code":"940708","subdistrict_th":"ละหาร","district_code":"9407","district_th":"สายบุรี","province_code":"94"}},{"type":"Feature","geometry":{"type":"Point","coordinates":[101.6282941,6.6408267]},"properties":{"osm_id":4759322163,"name_th":"บ้านละหาร","name_en":"Ban La Han","place":"village","subdistrict_code":"940708","subdistrict_th":"ละหาร","district_code":"9407","district_th":"สายบุรี","province_code":"94"}},{"type":"Feature","geometry":{"type":"Point","coordinates":[101.2613273,6.7175211]},"properties":{"osm_id":4760952491,"name_th":"บ้านเปียะ","name_en":"Ban Pia","place":"village","subdistrict_code":"940304","subdistrict_th":"ดาโต๊ะ","district_code":"9403","district_th":"หนองจิก","province_code":"94"}},{"type":"Feature","geometry":{"type":"Point","coordinates":[101.2555396,6.7323178]},"properties":{"osm_id":4760953129,"name_th":"บ้านคอลอตันหยง","name_en":"Ban Kho Lo Tanyong","place":"village","subdistrict_code":"940304","subdistrict_th":"ดาโต๊ะ","district_code":"9403","district_th":"หนองจิก","province_code":"94"}},{"type":"Feature","geometry":{"type":"Point","coordinates":[101.240463,6.7284235]},"properties":{"osm_id":4760998552,"name_th":"บ้านโคกหมัก","name_en":"Ban Khok Mak","place":"village","subdistrict_code":"940302","subdistrict_th":"คอลอตันหยง","district_code":"9403","district_th":"หนองจิก","province_code":"94"}},{"type":"Feature","geometry":{"type":"Point","coordinates":[101.0761439,6.8176765]},"properties":{"osm_id":4760998553,"name_th":"บ้านปรัง","name_en":"Ban Prang","place":"village","subdistrict_code":"940306","subdistrict_th":"ท่ากำชำ","district_code":"9403","district_th":"หนองจิก","province_code":"94"}},{"type":"Feature","geometry":{"type":"Point","coordinates":[101.070178,6.8355818]},"properties":{"osm_id":4760998555,"name_th":"บ้านท่ายามู","name_en":"Ban Tha Ya Mu","place":"village","subdistrict_code":"940306","subdistrict_th":"ท่ากำชำ","district_code":"9403","district_th":"หนองจิก","province_code":"94"}},{"type":"Feature","geometry":{"type":"Point","coordinates":[101.0777307,6.8027253]},"properties":{"osm_id":4760998565,"name_th":"บ้านเกาะหม้อแกง","name_en":"Ban Ko Mo Kaeng","place":"village","subdistrict_code":"940306","subdistrict_th":"ท่ากำชำ","district_code":"9403","district_th":"หนองจิก","province_code":"94"}},{"type":"Feature","geometry":{"type":"Point","coordinates":[101.2411282,6.7132802]},"properties":{"osm_id":4760998566,"name_th":"บ้านบาโงกาเซาะ","name_en":"Ban Ba Ngoka So","place":"village","subdistrict_code":"940304","subdistrict_th":"ดาโต๊ะ","district_code":"9403","district_th":"หนองจิก","province_code":"94"}},{"type":"Feature","geometry":{"type":"Point","coordinates":[101.102655,6.8344391]},"properties":{"osm_id":4761115360,"name_th":"บ้านบางทัน","name_en":"Ban Bang Than","place":"village","subdistrict_code":"940308","subdistrict_th":"บางเขา","district_code":"9403","district_th":"หนองจิก","province_code":"94"}},{"type":"Feature","geometry":{"type":"Point","coordinates":[101.0643316,6.8523718]},"properties":{"osm_id":4761115370,"name_th":"บ้านบางราพา","name_en":"Ban Bang Ra Pha","place":"village","subdistrict_code":"940306","subdistrict_th":"ท่ากำชำ","district_code":"9403","district_th":"หนองจิก","province_code":"94"}},{"type":"Feature","geometry":{"type":"Point","coordinates":[101.133156,6.8568537]},"properties":{"osm_id":4761131454,"name_th":"บ้านสายหมอ","name_en":"Ban Sai Mo","place":"village","subdistrict_code":"940308","subdistrict_th":"บางเขา","district_code":"9403","district_th":"หนองจิก","province_code":"94"}},{"type":"Feature","geometry":{"type":"Point","coordinates":[101.116308,6.8296571]},"properties":{"osm_id":4761131456,"name_th":"บ้านดอนนา","name_en":"Ban Don Na","place":"hamlet","subdistrict_code":"940308","subdistrict_th":"บางเขา","district_code":"9403","district_th":"หนองจิก","province_code":"94"}},{"type":"Feature","geometry":{"type":"Point","coordinates":[101.1129445,6.8516587]},"properties":{"osm_id":4761131468,"name_th":"บ้านแคนา","name_en":"Ban Kae Na","place":"village","subdistrict_code":"940308","subdistrict_th":"บางเขา","district_code":"9403","district_th":"หนองจิก","province_code":"94"}},{"type":"Feature","geometry":{"type":"Point","coordinates":[101.1420269,6.7801218]},"properties":{"osm_id":4761198126,"name_th":"บ้านควนดิน","name_en":"Ban Khuan Din","place":"hamlet","subdistrict_code":"940307","subdistrict_th":"บ่อทอง","district_code":"9403","district_th":"หนองจิก","province_code":"94"}},{"type":"Feature","geometry":{"type":"Point","coordinates":[101.1639792,6.7872678]},"properties":{"osm_id":4761198138,"name_th":"บ้านไผ่มัน","name_en":"Ban Pai Man","place":"village","subdistrict_code":"940307","subdistrict_th":"บ่อทอง","district_code":"9403","district_th":"หนองจิก","province_code":"94"}},{"type":"Feature","geometry":{"type":"Point","coordinates":[101.1930823,6.8081861]},"properties":{"osm_id":4761198141,"name_th":"บ้านกาหยี","name_en":"Ban Ka Yi","place":"village","subdistrict_code":"940310","subdistrict_th":"ปุโละปุโย","district_code":"9403","district_th":"หนองจิก","province_code":"94"}},{"type":"Feature","geometry":{"type":"Point","coordinates":[101.1749725,6.7843333]},"properties":{"osm_id":4761198153,"name_th":"บ้านปะแดลางา","name_en":"Ban Pa Dae La Nga","place":"village","subdistrict_code":"940307","subdistrict_th":"บ่อทอง","district_code":"9403","district_th":"หนองจิก","province_code":"94"}},{"type":"Feature","geometry":{"type":"Point","coordinates":[101.1386904,6.8046672]},"properties":{"osm_id":4761346306,"name_th":"บ้านดอนยาง","name_en":"Ban Don Yang","place":"village","subdistrict_code":"940308","subdistrict_th":"บางเขา","district_code":"9403","district_th":"หนองจิก","province_code":"94"}},{"type":"Feature","geometry":{"type":"Point","coordinates":[101.191759,6.7686829]},"properties":{"osm_id":4761346310,"name_th":"บ้านน้ำดำ","name_en":"Ban Nam Dam","place":"village","subdistrict_code":"940310","subdistrict_th":"ปุโละปุโย","district_code":"9403","district_th":"หนองจิก","province_code":"94"}},{"type":"Feature","geometry":{"type":"Point","coordinates":[101.1883632,6.8314895]},"properties":{"osm_id":4761579307,"name_th":"บ้านปะกาลือสง","name_en":"Ban Pa Ka Lue Song","place":"village","subdistrict_code":"940305","subdistrict_th":"ตุยง","district_code":"9403","district_th":"หนองจิก","province_code":"94"}},{"type":"Feature","geometry":{"type":"Point","coordinates":[101.2115228,6.8258918]},"properties":{"osm_id":4763459943,"name_th":"บ้านปะกาจินอ","name_en":"Ban Pak Ka Chi No","place":"hamlet","subdistrict_code":"940303","subdistrict_th":"ดอนรัก","district_code":"9403","district_th":"หนองจิก","province_code":"94"}},{"type":"Feature","geometry":{"type":"Point","coordinates":[101.2070424,6.8524293]},"properties":{"osm_id":4763459948,"name_th":"บ้านดอนรัก","name_en":"Ban Don Rak","place":"village","subdistrict_code":"940303","subdistrict_th":"ดอนรัก","district_code":"9403","district_th":"หนองจิก","province_code":"94"}},{"type":"Feature","geometry":{"type":"Point","coordinates":[101.6736952,6.5917974]},"properties":{"osm_id":4763497361,"name_th":"บ้านโคกนิบง","name_en":"Ban Khok Ni Bong","place":"village","subdistrict_code":"940801","subdistrict_th":"ไทรทอง","district_code":"9408","district_th":"ไม้แก่น","province_code":"94"}},{"type":"Feature","geometry":{"type":"Point","coordinates":[101.6891057,6.6315034]},"properties":{"osm_id":4763604034,"name_th":"บ้านละเวง","name_en":"Ban La Waeng","place":"village","subdistrict_code":"940804","subdistrict_th":"ดอนทราย","district_code":"9408","district_th":"ไม้แก่น","province_code":"94"}},{"type":"Feature","geometry":{"type":"Point","coordinates":[101.7044925,6.5830647]},"properties":{"osm_id":4763604318,"name_th":"บ้านป่าไหม้","name_en":"Ban Pa Mai","place":"village","subdistrict_code":"940804","subdistrict_th":"ดอนทราย","district_code":"9408","district_th":"ไม้แก่น","province_code":"94"}},{"type":"Feature","geometry":{"type":"Point","coordinates":[101.7013508,6.6115479]},"properties":{"osm_id":4763691572,"name_th":"บ้านรังมดแดง","name_en":"Ban Rang Mot Daeng","place":"village","subdistrict_code":"940804","subdistrict_th":"ดอนทราย","district_code":"9408","district_th":"ไม้แก่น","province_code":"94"}},{"type":"Feature","geometry":{"type":"Point","coordinates":[101.6783482,6.6315042]},"properties":{"osm_id":4763764456,"name_th":"บ้านท่าช้าง","name_en":"Ban Tha Chang","place":"village","subdistrict_code":"940801","subdistrict_th":"ไทรทอง","district_code":"9408","district_th":"ไม้แก่น","province_code":"94"}},{"type":"Feature","geometry":{"type":"Point","coordinates":[101.6659731,6.6618604]},"properties":{"osm_id":4763764627,"name_th":"บ้านกระจูด","name_en":"Ban Kra Chut","place":"village","subdistrict_code":"940802","subdistrict_th":"ไม้แก่น","district_code":"9408","district_th":"ไม้แก่น","province_code":"94"}},{"type":"Feature","geometry":{"type":"Point","coordinates":[101.4794689,6.6795896]},"properties":{"osm_id":4763778933,"name_th":"บ้านโต๊ะชูด","name_en":"Ban To Chut","place":"village","subdistrict_code":"940602","subdistrict_th":"พิเทน","district_code":"9406","district_th":"ทุ่งยางแดง","province_code":"94"}},{"type":"Feature","geometry":{"type":"Point","coordinates":[101.4580716,6.6598415]},"properties":{"osm_id":4763839862,"name_th":"บ้านบือจะ","name_en":"Ban Ku Bu Cha","place":"village","subdistrict_code":"940602","subdistrict_th":"พิเทน","district_code":"9406","district_th":"ทุ่งยางแดง","province_code":"94"}},{"type":"Feature","geometry":{"type":"Point","coordinates":[101.4596443,6.6434008]},"properties":{"osm_id":4763871566,"name_th":"บ้านปาแดปาลัส","name_en":"Ban Pa Dae Pa Lat","place":"village","subdistrict_code":"940604","subdistrict_th":"ปากู","district_code":"9406","district_th":"ทุ่งยางแดง","province_code":"94"}},{"type":"Feature","geometry":{"type":"Point","coordinates":[101.4825896,6.6486503]},"properties":{"osm_id":4763871567,"name_th":"บ้านมะนังยง","name_en":"Ban Ma Nang Yong","place":"hamlet","subdistrict_code":"940604","subdistrict_th":"ปากู","district_code":"9406","district_th":"ทุ่งยางแดง","province_code":"94"}},{"type":"Feature","geometry":{"type":"Point","coordinates":[101.4715463,6.6124876]},"properties":{"osm_id":4764033618,"name_th":"บ้านเขาดิน","name_en":"Ban Khao Din","place":"village","subdistrict_code":"940604","subdistrict_th":"ปากู","district_code":"9406","district_th":"ทุ่งยางแดง","province_code":"94"}},{"type":"Feature","geometry":{"type":"Point","coordinates":[101.4536367,6.6355088]},"properties":{"osm_id":4764320689,"name_th":"บ้านปากู","name_en":"Ban Pa Ku","place":"village","subdistrict_code":"940604","subdistrict_th":"ปากู","district_code":"9406","district_th":"ทุ่งยางแดง","province_code":"94"}},{"type":"Feature","geometry":{"type":"Point","coordinates":[101.4521494,6.6721468]},"properties":{"osm_id":4765947394,"name_th":"บ้านพิเทน","name_en":"Ban Pi Ten","place":"village","subdistrict_code":"940602","subdistrict_th":"พิเทน","district_code":"9406","district_th":"ทุ่งยางแดง","province_code":"94"}},{"type":"Feature","geometry":{"type":"Point","coordinates":[101.3947726,6.5902664]},"properties":{"osm_id":4765947410,"name_th":"บ้านแลแวะ","name_en":"Ban Lae Wae","place":"village","subdistrict_code":"940601","subdistrict_th":"ตะโละแมะนา","district_code":"9406","district_th":"ทุ่งยางแดง","province_code":"94"}},{"type":"Feature","geometry":{"type":"Point","coordinates":[101.4490005,6.6248492]},"properties":{"osm_id":4765964639,"name_th":"บ้านน้ำดำ","name_en":"Ban Dam Nam","place":"village","subdistrict_code":"940603","subdistrict_th":"น้ำดำ","district_code":"9406","district_th":"ทุ่งยางแดง","province_code":"94"}},{"type":"Feature","geometry":{"type":"Point","coordinates":[101.5350584,6.5608005]},"properties":{"osm_id":4766228457,"name_th":"บ้านวังกะพ้อ","name_en":"Ban Wang Ka Pho","place":"village","subdistrict_code":"941101","subdistrict_th":"กะรุบี","district_code":"9411","district_th":"กะพ้อ","province_code":"94"}},{"type":"Feature","geometry":{"type":"Point","coordinates":[101.5675724,6.6089406]},"properties":{"osm_id":4766527438,"name_th":"บ้านอุแตบือราแง","name_en":"Ban U Taebue Ra Ngae","place":"village","subdistrict_code":"941102","subdistrict_th":"ตะโละดือรามัน","district_code":"9411","district_th":"กะพ้อ","province_code":"94"}},{"type":"Feature","geometry":{"type":"Point","coordinates":[101.560926,6.5974998]},"properties":{"osm_id":4766675117,"name_th":"บ้านตะโล๊ะ","name_en":"Ban Ta Lo","place":"village","subdistrict_code":"941102","subdistrict_th":"ตะโละดือรามัน","district_code":"9411","district_th":"กะพ้อ","province_code":"94"}},{"type":"Feature","geometry":{"type":"Point","coordinates":[101.549812,6.6033887]},"properties":{"osm_id":4766677125,"name_th":"บ้านบีติง","name_en":"Ban Bi Ting","place":"village","subdistrict_code":"941102","subdistrict_th":"ตะโละดือรามัน","district_code":"9411","district_th":"กะพ้อ","province_code":"94"}},{"type":"Feature","geometry":{"type":"Point","coordinates":[101.5271402,6.5940183]},"properties":{"osm_id":4770474644,"name_th":"บ้านปล่องหอย","name_en":"Ban Plong Hoi","place":"village","subdistrict_code":"941103","subdistrict_th":"ปล่องหอย","district_code":"9411","district_th":"กะพ้อ","province_code":"94"}},{"type":"Feature","geometry":{"type":"Point","coordinates":[101.5325662,6.6570993]},"properties":{"osm_id":4770487296,"name_th":"บ้านมะกอ","name_en":"Ban Ma Ko","place":"village","subdistrict_code":"941103","subdistrict_th":"ปล่องหอย","district_code":"9411","district_th":"กะพ้อ","province_code":"94"}},{"type":"Feature","geometry":{"type":"Point","coordinates":[101.5068955,6.6573276]},"properties":{"osm_id":4770495208,"name_th":"บ้านมะแนดาแล","name_en":"Ban Ma Nae Da Lae","place":"village","subdistrict_code":"941103","subdistrict_th":"ปล่องหอย","district_code":"9411","district_th":"กะพ้อ","province_code":"94"}},{"type":"Feature","geometry":{"type":"Point","coordinates":[101.5269037,6.6343127]},"properties":{"osm_id":4770495212,"name_th":"บ้านโลทู","name_en":"Ban Lo Tu","place":"village","subdistrict_code":"941103","subdistrict_th":"ปล่องหอย","district_code":"9411","district_th":"กะพ้อ","province_code":"94"}},{"type":"Feature","geometry":{"type":"Point","coordinates":[101.1899647,6.6620772]},"properties":{"osm_id":4770513964,"name_th":"บ้านต้นโตนด","name_en":"Ban Ton To Not","place":"village","subdistrict_code":"941203","subdistrict_th":"ป่าไร่","district_code":"9412","district_th":"แม่ลาน","province_code":"94"}},{"type":"Feature","geometry":{"type":"Point","coordinates":[101.2060162,6.6920639]},"properties":{"osm_id":4770515844,"name_th":"บ้านควนแปลงงู","name_en":"Ban Khuan Plang Ngu","place":"village","subdistrict_code":"941203","subdistrict_th":"ป่าไร่","district_code":"9412","district_th":"แม่ลาน","province_code":"94"}},{"type":"Feature","geometry":{"type":"Point","coordinates":[101.2859123,6.6913017]},"properties":{"osm_id":4770651192,"name_th":"บ้านตันหยง","name_en":"Ban Tan Yong","place":"village","subdistrict_code":"941202","subdistrict_th":"ม่วงเตี้ย","district_code":"9412","district_th":"แม่ลาน","province_code":"94"}},{"type":"Feature","geometry":{"type":"Point","coordinates":[101.2636275,6.6606346]},"properties":{"osm_id":4770651210,"name_th":"บ้านปลักปรือ","name_en":"Ban Plak Prue","place":"village","subdistrict_code":"941202","subdistrict_th":"ม่วงเตี้ย","district_code":"9412","district_th":"แม่ลาน","province_code":"94"}},{"type":"Feature","geometry":{"type":"Point","coordinates":[101.2769178,6.6829912]},"properties":{"osm_id":4770651333,"name_th":"บ้านคูระ","name_en":"Ban Ku Ra","place":"village","subdistrict_code":"941202","subdistrict_th":"ม่วงเตี้ย","district_code":"9412","district_th":"แม่ลาน","province_code":"94"}},{"type":"Feature","geometry":{"type":"Point","coordinates":[101.1328266,6.4966986]},"properties":{"osm_id":4856966060,"name_th":"บ้านพงบลูกา","name_en":null,"place":"hamlet","subdistrict_code":"950501","subdistrict_th":"ยะหา","district_code":"9505","district_th":"ยะหา","province_code":"95"}},{"type":"Feature","geometry":{"type":"Point","coordinates":[101.842575,6.4319613]},"properties":{"osm_id":4924167595,"name_th":"บ้านบางมะนาว","name_en":"Ban Bang Ma Nao","place":"village","subdistrict_code":"960106","subdistrict_th":"กะลุวอเหนือ","district_code":"9601","district_th":"เมืองนราธิวาส","province_code":"96"}},{"type":"Feature","geometry":{"type":"Point","coordinates":[101.8424668,6.4146273]},"properties":{"osm_id":4924246249,"name_th":"บ้านค่าย","name_en":"Ban Kai","place":"village","subdistrict_code":"960106","subdistrict_th":"กะลุวอเหนือ","district_code":"9601","district_th":"เมืองนราธิวาส","province_code":"96"}},{"type":"Feature","geometry":{"type":"Point","coordinates":[101.8021153,6.4098527]},"properties":{"osm_id":4924323413,"name_th":"บ้านปลักปลา","name_en":"Ban Plak Pla","place":"village","subdistrict_code":"960102","subdistrict_th":"ลำภู","district_code":"9601","district_th":"เมืองนราธิวาส","province_code":"96"}},{"type":"Feature","geometry":{"type":"Point","coordinates":[101.8331327,6.4271685]},"properties":{"osm_id":4925320152,"name_th":"บ้านปูลากาป๊ะ","name_en":"Ban Pu La Ka Pa","place":"village","subdistrict_code":"960106","subdistrict_th":"กะลุวอเหนือ","district_code":"9601","district_th":"เมืองนราธิวาส","province_code":"96"}},{"type":"Feature","geometry":{"type":"Point","coordinates":[101.882303,6.4120386]},"properties":{"osm_id":4925320158,"name_th":"บ้านเขาตันหยง","name_en":"Ban Khao Tan Yong","place":"village","subdistrict_code":"960106","subdistrict_th":"กะลุวอเหนือ","district_code":"9601","district_th":"เมืองนราธิวาส","province_code":"96"}},{"type":"Feature","geometry":{"type":"Point","coordinates":[101.8601173,6.4047241]},"properties":{"osm_id":4925320164,"name_th":"บ้านหัวเขา","name_en":"Ban Hua Khao","place":"village","subdistrict_code":"960106","subdistrict_th":"กะลุวอเหนือ","district_code":"9601","district_th":"เมืองนราธิวาส","province_code":"96"}},{"type":"Feature","geometry":{"type":"Point","coordinates":[101.8983833,6.3879362]},"properties":{"osm_id":4925321739,"name_th":"บ้านใหม่","name_en":"Ban Mai","place":"village","subdistrict_code":"960106","subdistrict_th":"กะลุวอเหนือ","district_code":"9601","district_th":"เมืองนราธิวาส","province_code":"96"}},{"type":"Feature","geometry":{"type":"Point","coordinates":[101.8819628,6.386527]},"properties":{"osm_id":4925347055,"name_th":"บ้านโคกสยา","name_en":"Ban Kok Sa Ya","place":"hamlet","subdistrict_code":"960106","subdistrict_th":"กะลุวอเหนือ","district_code":"9601","district_th":"เมืองนราธิวาส","province_code":"96"}},{"type":"Feature","geometry":{"type":"Point","coordinates":[101.7788233,6.4830177]},"properties":{"osm_id":4925698952,"name_th":"บ้านบือราเปะ","name_en":"Ban Bue Ra Pe","place":"village","subdistrict_code":"960107","subdistrict_th":"โคกเคียน","district_code":"9601","district_th":"เมืองนราธิวาส","province_code":"96"}},{"type":"Feature","geometry":{"type":"Point","coordinates":[101.7864864,6.4792589]},"properties":{"osm_id":4925698955,"name_th":"บ้านโคกพยอม","name_en":"Ban Khok Payom","place":"village","subdistrict_code":"960107","subdistrict_th":"โคกเคียน","district_code":"9601","district_th":"เมืองนราธิวาส","province_code":"96"}},{"type":"Feature","geometry":{"type":"Point","coordinates":[101.7579131,6.5118155]},"properties":{"osm_id":4925698986,"name_th":"บ้านฮูแตทูวอ","name_en":"Ban Hu Tae Thu Wo","place":"village","subdistrict_code":"960107","subdistrict_th":"โคกเคียน","district_code":"9601","district_th":"เมืองนราธิวาส","province_code":"96"}},{"type":"Feature","geometry":{"type":"Point","coordinates":[101.7426915,6.5398991]},"properties":{"osm_id":4925710307,"name_th":"บ้านทอน","name_en":"Ban Ton","place":"village","subdistrict_code":"960107","subdistrict_th":"โคกเคียน","district_code":"9601","district_th":"เมืองนราธิวาส","province_code":"96"}},{"type":"Feature","geometry":{"type":"Point","coordinates":[101.8428262,6.3834973]},"properties":{"osm_id":4925892783,"name_th":"บ้านยาบี","name_en":"Ban Ya Bi","place":"village","subdistrict_code":"960105","subdistrict_th":"กะลุวอ","district_code":"9601","district_th":"เมืองนราธิวาส","province_code":"96"}},{"type":"Feature","geometry":{"type":"Point","coordinates":[101.8841261,6.3427784]},"properties":{"osm_id":4925941816,"name_th":"บ้านกูแบสาลอ","name_en":"Ban Ku Bae Sa Lo","place":"village","subdistrict_code":"960105","subdistrict_th":"กะลุวอ","district_code":"9601","district_th":"เมืองนราธิวาส","province_code":"96"}},{"type":"Feature","geometry":{"type":"Point","coordinates":[101.8234473,6.3442472]},"properties":{"osm_id":4926594971,"name_th":"บ้านแคนา","name_en":"Ban Khae Na","place":"village","subdistrict_code":"960104","subdistrict_th":"บางปอ","district_code":"9601","district_th":"เมืองนราธิวาส","province_code":"96"}},{"type":"Feature","geometry":{"type":"Point","coordinates":[101.8040252,6.3456548]},"properties":{"osm_id":4927624722,"name_th":"บ้านทําเนียบ","name_en":"Ban Tam Niap","place":"village","subdistrict_code":"960104","subdistrict_th":"บางปอ","district_code":"9601","district_th":"เมืองนราธิวาส","province_code":"96"}},{"type":"Feature","geometry":{"type":"Point","coordinates":[101.8089113,6.3456734]},"properties":{"osm_id":4927624745,"name_th":"บ้านรามา","name_en":"Ban Ra Ma","place":"village","subdistrict_code":"960104","subdistrict_th":"บางปอ","district_code":"9601","district_th":"เมืองนราธิวาส","province_code":"96"}},{"type":"Feature","geometry":{"type":"Point","coordinates":[101.7743505,6.3534497]},"properties":{"osm_id":4927631245,"name_th":"บ้านมะนังกาหยี","name_en":"Ban Ma Nang Ka Yi","place":"village","subdistrict_code":"960103","subdistrict_th":"มะนังตายอ","district_code":"9601","district_th":"เมืองนราธิวาส","province_code":"96"}},{"type":"Feature","geometry":{"type":"Point","coordinates":[101.7457168,6.3522304]},"properties":{"osm_id":4927694775,"name_th":"บ้านจูดแดง","name_en":"Ban Chut Daeng","place":"village","subdistrict_code":"960103","subdistrict_th":"มะนังตายอ","district_code":"9601","district_th":"เมืองนราธิวาส","province_code":"96"}},{"type":"Feature","geometry":{"type":"Point","coordinates":[101.7779419,6.3630447]},"properties":{"osm_id":4927701670,"name_th":"บ้านจะแลเกาะ","name_en":"Ban Cha Lae Ko","place":"village","subdistrict_code":"960103","subdistrict_th":"มะนังตายอ","district_code":"9601","district_th":"เมืองนราธิวาส","province_code":"96"}},{"type":"Feature","geometry":{"type":"Point","coordinates":[101.7880433,6.3203974]},"properties":{"osm_id":4927903127,"name_th":"บ้านตะโละแน็ง","name_en":"Ban Ta Lo Naeng","place":"village","subdistrict_code":"960104","subdistrict_th":"บางปอ","district_code":"9601","district_th":"เมืองนราธิวาส","province_code":"96"}},{"type":"Feature","geometry":{"type":"Point","coordinates":[101.7916075,6.3332493]},"properties":{"osm_id":4927903143,"name_th":"บ้านจืองา","name_en":"Ban Chue Nga","place":"village","subdistrict_code":"960104","subdistrict_th":"บางปอ","district_code":"9601","district_th":"เมืองนราธิวาส","province_code":"96"}},{"type":"Feature","geometry":{"type":"Point","coordinates":[101.7799656,6.3350477]},"properties":{"osm_id":4927903161,"name_th":"บ้านทุ่งโต๊ะดัง","name_en":"Ban Tung To Dang","place":"village","subdistrict_code":"960103","subdistrict_th":"มะนังตายอ","district_code":"9601","district_th":"เมืองนราธิวาส","province_code":"96"}},{"type":"Feature","geometry":{"type":"Point","coordinates":[101.8210858,6.3134756]},"properties":{"osm_id":4927961284,"name_th":"บ้านยารอ","name_en":"Ban Ya Ro","place":"village","subdistrict_code":"960104","subdistrict_th":"บางปอ","district_code":"9601","district_th":"เมืองนราธิวาส","province_code":"96"}},{"type":"Feature","geometry":{"type":"Point","coordinates":[101.8120543,6.3078622]},"properties":{"osm_id":4927967863,"name_th":"บ้านโคกตีเต","name_en":"Ban Khok Ti Te","place":"village","subdistrict_code":"960104","subdistrict_th":"บางปอ","district_code":"9601","district_th":"เมืองนราธิวาส","province_code":"96"}},{"type":"Feature","geometry":{"type":"Point","coordinates":[101.7962511,6.3232117]},"properties":{"osm_id":4927989042,"name_th":"บ้านโคกสุมุ","name_en":"Ban Khok Su Mu","place":"village","subdistrict_code":"960104","subdistrict_th":"บางปอ","district_code":"9601","district_th":"เมืองนราธิวาส","province_code":"96"}},{"type":"Feature","geometry":{"type":"Point","coordinates":[102.0590157,6.166332]},"properties":{"osm_id":4928432037,"name_th":"บ้านโคกมือบา","name_en":"Ban Khok Mue Ba","place":"village","subdistrict_code":"960208","subdistrict_th":"โฆษิต","district_code":"9602","district_th":"ตากใบ","province_code":"96"}},{"type":"Feature","geometry":{"type":"Point","coordinates":[102.0246989,6.1626712]},"properties":{"osm_id":4928432047,"name_th":"บ้านปลักปลา","name_en":"Ban Plak Pla","place":"village","subdistrict_code":"960203","subdistrict_th":"พร่อน","district_code":"9602","district_th":"ตากใบ","province_code":"96"}},{"type":"Feature","geometry":{"type":"Point","coordinates":[102.0717961,6.1567201]},"properties":{"osm_id":4928444007,"name_th":"บ้านปะดะดอ","name_en":"Ban Pa Da Do","place":"village","subdistrict_code":"960207","subdistrict_th":"นานาค","district_code":"9602","district_th":"ตากใบ","province_code":"96"}},{"type":"Feature","geometry":{"type":"Point","coordinates":[102.0686353,6.1167744]},"properties":{"osm_id":4928540332,"name_th":"บ้านแฆแบ๊ะ","name_en":"Ban Khae Bae","place":"village","subdistrict_code":"960207","subdistrict_th":"นานาค","district_code":"9602","district_th":"ตากใบ","province_code":"96"}},{"type":"Feature","geometry":{"type":"Point","coordinates":[101.9598321,6.2573441]},"properties":{"osm_id":4928701513,"name_th":"บ้านบางขุนทอง","name_en":"Ban Bang Khun Tong","place":"village","subdistrict_code":"960205","subdistrict_th":"บางขุนทอง","district_code":"9602","district_th":"ตากใบ","province_code":"96"}},{"type":"Feature","geometry":{"type":"Point","coordinates":[102.0878484,6.2366072]},"properties":{"osm_id":4928781915,"name_th":"บ้านตาบา","name_en":"Ban Ta Ba","place":"village","subdistrict_code":"960201","subdistrict_th":"เจ๊ะเห","district_code":"9602","district_th":"ตากใบ","province_code":"96"}},{"type":"Feature","geometry":{"type":"Point","coordinates":[102.0588706,6.2463248]},"properties":{"osm_id":4929669986,"name_th":"บ้านหัวคลอง","name_en":"Ban Hua Khlong","place":"village","subdistrict_code":"960201","subdistrict_th":"เจ๊ะเห","district_code":"9602","district_th":"ตากใบ","province_code":"96"}},{"type":"Feature","geometry":{"type":"Point","coordinates":[101.9884362,6.309134]},"properties":{"osm_id":4929808142,"name_th":"บ้านคลองตัน","name_en":"Ban Khlong Tan","place":"village","subdistrict_code":"960204","subdistrict_th":"ศาลาใหม่","district_code":"9602","district_th":"ตากใบ","province_code":"96"}},{"type":"Feature","geometry":{"type":"Point","coordinates":[102.0056677,6.286789]},"properties":{"osm_id":4929816333,"name_th":"บ้านศาลาใหม่","name_en":"Ban Sala Mai","place":"village","subdistrict_code":"960204","subdistrict_th":"ศาลาใหม่","district_code":"9602","district_th":"ตากใบ","province_code":"96"}},{"type":"Feature","geometry":{"type":"Point","coordinates":[101.9736846,6.3109506]},"properties":{"osm_id":4929816336,"name_th":"บ้านไพรวัน","name_en":"Ban Prai Wan","place":"village","subdistrict_code":"960202","subdistrict_th":"ไพรวัน","district_code":"9602","district_th":"ตากใบ","province_code":"96"}},{"type":"Feature","geometry":{"type":"Point","coordinates":[101.9171598,6.3668041]},"properties":{"osm_id":4929841377,"name_th":"บ้านสะปอม","name_en":"Ban Sa Pom","place":"hamlet","subdistrict_code":"960202","subdistrict_th":"ไพรวัน","district_code":"9602","district_th":"ตากใบ","province_code":"96"}},{"type":"Feature","geometry":{"type":"Point","coordinates":[101.9428575,6.2809274]},"properties":{"osm_id":4929841382,"name_th":"บ้านตอหลัง","name_en":"Ban To Lang","place":"hamlet","subdistrict_code":"960202","subdistrict_th":"ไพรวัน","district_code":"9602","district_th":"ตากใบ","province_code":"96"}},{"type":"Feature","geometry":{"type":"Point","coordinates":[101.9298198,6.3276238]},"properties":{"osm_id":4929849433,"name_th":"บ้านโคกกระดูกหมู","name_en":"Ban Khok Kraduk Mu","place":"village","subdistrict_code":"960202","subdistrict_th":"ไพรวัน","district_code":"9602","district_th":"ตากใบ","province_code":"96"}},{"type":"Feature","geometry":{"type":"Point","coordinates":[101.9769384,6.3165442]},"properties":{"osm_id":4929985023,"name_th":"บ้านกูบู","name_en":"Ban Ku Bu","place":"village","subdistrict_code":"960202","subdistrict_th":"ไพรวัน","district_code":"9602","district_th":"ตากใบ","province_code":"96"}},{"type":"Feature","geometry":{"type":"Point","coordinates":[102.0440666,6.229283]},"properties":{"osm_id":4931687093,"name_th":"บ้านปูยู","name_en":"Ban Pu Yu","place":"village","subdistrict_code":"960206","subdistrict_th":"เกาะสะท้อน","district_code":"9602","district_th":"ตากใบ","province_code":"96"}},{"type":"Feature","geometry":{"type":"Point","coordinates":[102.0788785,6.2018139]},"properties":{"osm_id":4931687103,"name_th":"บ้านศรีพงัน","name_en":"Ban Si Pha Ngan","place":"hamlet","subdistrict_code":"960206","subdistrict_th":"เกาะสะท้อน","district_code":"9602","district_th":"ตากใบ","province_code":"96"}},{"type":"Feature","geometry":{"type":"Point","coordinates":[102.0631189,6.2320342]},"properties":{"osm_id":4931687108,"name_th":"บ้านตะเหลี่ยง","name_en":"Ban Tha Liang","place":"village","subdistrict_code":"960206","subdistrict_th":"เกาะสะท้อน","district_code":"9602","district_th":"ตากใบ","province_code":"96"}},{"type":"Feature","geometry":{"type":"Point","coordinates":[102.0790686,6.1832124]},"properties":{"osm_id":4931688638,"name_th":"บ้านปะลุกา","name_en":"Ban Pa Lu Ka","place":"village","subdistrict_code":"960208","subdistrict_th":"โฆษิต","district_code":"9602","district_th":"ตากใบ","province_code":"96"}},{"type":"Feature","geometry":{"type":"Point","coordinates":[101.6500898,6.5171112]},"properties":{"osm_id":4931702531,"name_th":"บ้านแป๊ะบุญ","name_en":"Ban Pae Bun","place":"village","subdistrict_code":"960301","subdistrict_th":"บาเจาะ","district_code":"9603","district_th":"บาเจาะ","province_code":"96"}},{"type":"Feature","geometry":{"type":"Point","coordinates":[101.66303,6.5006827]},"properties":{"osm_id":4931755141,"name_th":"บ้านปะลุกานากอ","name_en":"Ban Pa Lu Ka","place":"village","subdistrict_code":"960301","subdistrict_th":"บาเจาะ","district_code":"9603","district_th":"บาเจาะ","province_code":"96"}},{"type":"Feature","geometry":{"type":"Point","coordinates":[101.6504014,6.4889295]},"properties":{"osm_id":4931758542,"name_th":"บ้านตะโละ","name_en":"Ban Ta Lo","place":"village","subdistrict_code":"960302","subdistrict_th":"ลุโบะสาวอ","district_code":"9603","district_th":"บาเจาะ","province_code":"96"}},{"type":"Feature","geometry":{"type":"Point","coordinates":[101.6608453,6.4797152]},"properties":{"osm_id":4931995427,"name_th":"บ้านสุไหงบาตู","name_en":"Ban Su Ngai BaTu","place":"village","subdistrict_code":"960302","subdistrict_th":"ลุโบะสาวอ","district_code":"9603","district_th":"บาเจาะ","province_code":"96"}},{"type":"Feature","geometry":{"type":"Point","coordinates":[101.6419534,6.5593213]},"properties":{"osm_id":4934254280,"name_th":"บ้านยะลูตง","name_en":"Ban Ta Lu Tong","place":"village","subdistrict_code":"960303","subdistrict_th":"กาเยาะมาตี","district_code":"9603","district_th":"บาเจาะ","province_code":"96"}},{"type":"Feature","geometry":{"type":"Point","coordinates":[101.6453201,6.5419208]},"properties":{"osm_id":4934254282,"name_th":"บ้านกาเยาะมาตี","name_en":"Ban Ka Yo Ma Ti","place":"village","subdistrict_code":"960303","subdistrict_th":"กาเยาะมาตี","district_code":"9603","district_th":"บาเจาะ","province_code":"96"}},{"type":"Feature","geometry":{"type":"Point","coordinates":[101.6881705,6.5263414]},"properties":{"osm_id":4934263527,"name_th":"บ้านบือเระ","name_en":"Ban Bue Re","place":"village","subdistrict_code":"960306","subdistrict_th":"บาเระใต้","district_code":"9603","district_th":"บาเจาะ","province_code":"96"}},{"type":"Feature","geometry":{"type":"Point","coordinates":[101.7090481,6.5311975]},"properties":{"osm_id":4934299380,"name_th":"บ้านบูเกะสูดอ","name_en":"Ban Bu Ke Sudo","place":"village","subdistrict_code":"960306","subdistrict_th":"บาเระใต้","district_code":"9603","district_th":"บาเจาะ","province_code":"96"}},{"type":"Feature","geometry":{"type":"Point","coordinates":[101.6630884,6.5670298]},"properties":{"osm_id":4934714251,"name_th":"บ้านยือลอ","name_en":"Ban Yue Lo","place":"village","subdistrict_code":"960305","subdistrict_th":"บาเระเหนือ","district_code":"9603","district_th":"บาเจาะ","province_code":"96"}},{"type":"Feature","geometry":{"type":"Point","coordinates":[101.7161861,6.4993439]},"properties":{"osm_id":4934715512,"name_th":"บ้านฮูแตยือลอ","name_en":"Ban Hu Tae Yue Lo","place":"village","subdistrict_code":"960306","subdistrict_th":"บาเระใต้","district_code":"9603","district_th":"บาเจาะ","province_code":"96"}},{"type":"Feature","geometry":{"type":"Point","coordinates":[101.6379788,6.5763039]},"properties":{"osm_id":4934751367,"name_th":"บ้านกะลูแป","name_en":"Ban Ka Lu Pae","place":"village","subdistrict_code":"960305","subdistrict_th":"บาเระเหนือ","district_code":"9603","district_th":"บาเจาะ","province_code":"96"}},{"type":"Feature","geometry":{"type":"Point","coordinates":[101.638081,6.614861]},"properties":{"osm_id":4934809590,"name_th":"บ้านบือแนปีแย","name_en":"Ban Bue Nae Pi Yae","place":"village","subdistrict_code":"960304","subdistrict_th":"ปะลุกาสาเมาะ","district_code":"9603","district_th":"บาเจาะ","province_code":"96"}},{"type":"Feature","geometry":{"type":"Point","coordinates":[101.6227736,6.588764]},"properties":{"osm_id":4934809598,"name_th":"บ้านมะยูง","name_en":"Ban Ma Yung","place":"village","subdistrict_code":"960304","subdistrict_th":"ปะลุกาสาเมาะ","district_code":"9603","district_th":"บาเจาะ","province_code":"96"}},{"type":"Feature","geometry":{"type":"Point","coordinates":[101.6722837,6.4256181]},"properties":{"osm_id":4934831571,"name_th":"บ้านปาลอบาต๊ะ","name_en":"Ban Pa Lo Ba Ta","place":"village","subdistrict_code":"960404","subdistrict_th":"ลุโบะบายะ","district_code":"9604","district_th":"ยี่งอ","province_code":"96"}},{"type":"Feature","geometry":{"type":"Point","coordinates":[101.6756716,6.3829076]},"properties":{"osm_id":4934831581,"name_th":"บ้านต้นตาล","name_en":"Ban Ton Tan","place":"village","subdistrict_code":"960403","subdistrict_th":"จอเบาะ","district_code":"9604","district_th":"ยี่งอ","province_code":"96"}},{"type":"Feature","geometry":{"type":"Point","coordinates":[101.6295301,6.6147369]},"properties":{"osm_id":4934850592,"name_th":"บ้านบาตู","name_en":"Ban Ba Tu","place":"village","subdistrict_code":"960304","subdistrict_th":"ปะลุกาสาเมาะ","district_code":"9603","district_th":"บาเจาะ","province_code":"96"}},{"type":"Feature","geometry":{"type":"Point","coordinates":[101.6684159,6.4053356]},"properties":{"osm_id":4934874936,"name_th":"บ้านลูโบะบายะ","name_en":"Ban Lu Bo Ba Ya","place":"village","subdistrict_code":"960404","subdistrict_th":"ลุโบะบายะ","district_code":"9604","district_th":"ยี่งอ","province_code":"96"}},{"type":"Feature","geometry":{"type":"Point","coordinates":[101.6676274,6.3957862]},"properties":{"osm_id":4934906625,"name_th":"บ้านแยะ","name_en":"Ban Yae","place":"village","subdistrict_code":"960403","subdistrict_th":"จอเบาะ","district_code":"9604","district_th":"ยี่งอ","province_code":"96"}},{"type":"Feature","geometry":{"type":"Point","coordinates":[101.6553579,6.3716454]},"properties":{"osm_id":4934924156,"name_th":"บ้านลุโบะปาเระ","name_en":"Ban Lu Bo Pa Re","place":"village","subdistrict_code":"960403","subdistrict_th":"จอเบาะ","district_code":"9604","district_th":"ยี่งอ","province_code":"96"}},{"type":"Feature","geometry":{"type":"Point","coordinates":[101.6816455,6.3969104]},"properties":{"osm_id":4934960873,"name_th":"บ้านจอเบาะ","name_en":"Ban Cho Bo","place":"village","subdistrict_code":"960403","subdistrict_th":"จอเบาะ","district_code":"9604","district_th":"ยี่งอ","province_code":"96"}},{"type":"Feature","geometry":{"type":"Point","coordinates":[101.6980025,6.4718809]},"properties":{"osm_id":4935016522,"name_th":"บ้านตะโละมีญอ","name_en":"Ban Ta Lo Mi Yo","place":"village","subdistrict_code":"960406","subdistrict_th":"ตะปอเยาะ","district_code":"9604","district_th":"ยี่งอ","province_code":"96"}},{"type":"Feature","geometry":{"type":"Point","coordinates":[101.7168295,6.4232571]},"properties":{"osm_id":4935016527,"name_th":"บ้านลูโบะดาโต๊ะ","name_en":"Ban Lu Bo Da To","place":"village","subdistrict_code":"960405","subdistrict_th":"ลุโบะบือซา","district_code":"9604","district_th":"ยี่งอ","province_code":"96"}},{"type":"Feature","geometry":{"type":"Point","coordinates":[101.7084891,6.4308509]},"properties":{"osm_id":4935016528,"name_th":"บ้านกาแร","name_en":"Ban Ka Rae","place":"village","subdistrict_code":"960405","subdistrict_th":"ลุโบะบือซา","district_code":"9604","district_th":"ยี่งอ","province_code":"96"}},{"type":"Feature","geometry":{"type":"Point","coordinates":[101.6616558,6.4686779]},"properties":{"osm_id":4935114165,"name_th":"บ้านกูยิ","name_en":"Ban Ku Yi","place":"village","subdistrict_code":"960406","subdistrict_th":"ตะปอเยาะ","district_code":"9604","district_th":"ยี่งอ","province_code":"96"}},{"type":"Feature","geometry":{"type":"Point","coordinates":[101.6932125,6.4051091]},"properties":{"osm_id":4935140663,"name_th":"บ้านกูเล็ง","name_en":"Ban Ku Leng","place":"village","subdistrict_code":"960401","subdistrict_th":"ยี่งอ","district_code":"9604","district_th":"ยี่งอ","province_code":"96"}},{"type":"Feature","geometry":{"type":"Point","coordinates":[101.6939011,6.3827053]},"properties":{"osm_id":4935140664,"name_th":"บ้านบูเกะกอตอ","name_en":"Ban Bu Ke Ko To","place":"village","subdistrict_code":"960401","subdistrict_th":"ยี่งอ","district_code":"9604","district_th":"ยี่งอ","province_code":"96"}},{"type":"Feature","geometry":{"type":"Point","coordinates":[101.6946038,6.3679548]},"properties":{"osm_id":4935140673,"name_th":"บ้านกาบุ๊","name_en":"Ban Ka Bu","place":"village","subdistrict_code":"960401","subdistrict_th":"ยี่งอ","district_code":"9604","district_th":"ยี่งอ","province_code":"96"}},{"type":"Feature","geometry":{"type":"Point","coordinates":[101.7362276,6.4029126]},"properties":{"osm_id":4935284547,"name_th":"บ้านศาลาลูกไก่","name_en":"Ban Sala Luk Kai","place":"village","subdistrict_code":"960402","subdistrict_th":"ละหาร","district_code":"9604","district_th":"ยี่งอ","province_code":"96"}},{"type":"Feature","geometry":{"type":"Point","coordinates":[101.6244524,6.3232862]},"properties":{"osm_id":4936322869,"name_th":"บ้านบระเอ็ง","name_en":"Ban Bra Eng","place":"village","subdistrict_code":"960510","subdistrict_th":"มะรือโบตก","district_code":"9605","district_th":"ระแงะ","province_code":"96"}},{"type":"Feature","geometry":{"type":"Point","coordinates":[101.6599834,6.3427468]},"properties":{"osm_id":4936328543,"name_th":"บ้านบาโงระนะ","name_en":"Ban Ba Ngo Ra Na","place":"village","subdistrict_code":"960510","subdistrict_th":"มะรือโบตก","district_code":"9605","district_th":"ระแงะ","province_code":"96"}},{"type":"Feature","geometry":{"type":"Point","coordinates":[101.6850915,6.3402451]},"properties":{"osm_id":4936362423,"name_th":"บ้านทํานบ","name_en":"Ban Tam Nop","place":"village","subdistrict_code":"960509","subdistrict_th":"เฉลิม","district_code":"9605","district_th":"ระแงะ","province_code":"96"}},{"type":"Feature","geometry":{"type":"Point","coordinates":[101.6927105,6.2612205]},"properties":{"osm_id":4936407860,"name_th":"บ้านเจ๊ะเก","name_en":"Ban Che Ke","place":"village","subdistrict_code":"960508","subdistrict_th":"บาโงสะโต","district_code":"9605","district_th":"ระแงะ","province_code":"96"}},{"type":"Feature","geometry":{"type":"Point","coordinates":[101.681599,6.2657034]},"properties":{"osm_id":4936407870,"name_th":"บ้านลูโบ๊ะบาตู","name_en":"Ban Lu Bo Ba Tu","place":"village","subdistrict_code":"960508","subdistrict_th":"บาโงสะโต","district_code":"9605","district_th":"ระแงะ","province_code":"96"}},{"type":"Feature","geometry":{"type":"Point","coordinates":[101.7199004,6.2600938]},"properties":{"osm_id":4936415987,"name_th":"บ้านเขาน้อย","name_en":"Ban Khao Noi","place":"village","subdistrict_code":"960508","subdistrict_th":"บาโงสะโต","district_code":"9605","district_th":"ระแงะ","province_code":"96"}},{"type":"Feature","geometry":{"type":"Point","coordinates":[101.6768775,6.2337091]},"properties":{"osm_id":4936464951,"name_th":"บ้านกาลิซา","name_en":"Ban Ka Li Sa","place":"village","subdistrict_code":"960507","subdistrict_th":"กาลิซา","district_code":"9605","district_th":"ระแงะ","province_code":"96"}},{"type":"Feature","geometry":{"type":"Point","coordinates":[101.6608288,6.2492297]},"properties":{"osm_id":4936464972,"name_th":"บ้านกาหนั๊วะ","name_en":"Ban Ka Na Wa","place":"village","subdistrict_code":"960507","subdistrict_th":"กาลิซา","district_code":"9605","district_th":"ระแงะ","province_code":"96"}},{"type":"Feature","geometry":{"type":"Point","coordinates":[101.7571026,6.3238018]},"properties":{"osm_id":4936576709,"name_th":"บ้านแกแม","name_en":"Ban Kae Mae","place":"village","subdistrict_code":"960501","subdistrict_th":"ตันหยงมัส","district_code":"9605","district_th":"ระแงะ","province_code":"96"}},{"type":"Feature","geometry":{"type":"Point","coordinates":[101.7560405,6.2951966]},"properties":{"osm_id":4936679183,"name_th":"บ้านตะโละ","name_en":null,"place":"village","subdistrict_code":"960502","subdistrict_th":"ตันหยงลิมอ","district_code":"9605","district_th":"ระแงะ","province_code":"96"}},{"type":"Feature","geometry":{"type":"Point","coordinates":[101.7553613,6.2751052]},"properties":{"osm_id":4937808185,"name_th":"บ้านตันหยงลิมอ","name_en":"Ban Tan Yong Li Mo","place":"village","subdistrict_code":"960502","subdistrict_th":"ตันหยงลิมอ","district_code":"9605","district_th":"ระแงะ","province_code":"96"}},{"type":"Feature","geometry":{"type":"Point","coordinates":[101.7904017,6.2768382]},"properties":{"osm_id":4937826881,"name_th":"บ้านลูโบ๊ะดีแย","name_en":"Ban Lu Bo Di Yae","place":"village","subdistrict_code":"960502","subdistrict_th":"ตันหยงลิมอ","district_code":"9605","district_th":"ระแงะ","province_code":"96"}},{"type":"Feature","geometry":{"type":"Point","coordinates":[101.7408092,6.222424]},"properties":{"osm_id":4937834294,"name_th":"บ้านสาเมาะ","name_en":"Ban Sa Mo","place":"village","subdistrict_code":"960506","subdistrict_th":"บองอ","district_code":"9605","district_th":"ระแงะ","province_code":"96"}},{"type":"Feature","geometry":{"type":"Point","coordinates":[101.7190168,6.1732825]},"properties":{"osm_id":4937834306,"name_th":"บ้านบองอ","name_en":"Ban Bo Ngo","place":"village","subdistrict_code":"960506","subdistrict_th":"บองอ","district_code":"9605","district_th":"ระแงะ","province_code":"96"}},{"type":"Feature","geometry":{"type":"Point","coordinates":[101.7638279,6.2254013]},"properties":{"osm_id":4937834310,"name_th":"บ้านบาโงกูโบ","name_en":"Ban Ba Ngo Ku Bo","place":"village","subdistrict_code":"960506","subdistrict_th":"บองอ","district_code":"9605","district_th":"ระแงะ","province_code":"96"}},{"type":"Feature","geometry":{"type":"Point","coordinates":[101.7130111,6.2140429]},"properties":{"osm_id":4937845713,"name_th":"บ้านลาไม","name_en":"Ban La Mai","place":"village","subdistrict_code":"960506","subdistrict_th":"บองอ","district_code":"9605","district_th":"ระแงะ","province_code":"96"}},{"type":"Feature","geometry":{"type":"Point","coordinates":[101.688739,6.1954454]},"properties":{"osm_id":4937896826,"name_th":"บ้านปาเซ","name_en":"Ban Pa Se","place":"village","subdistrict_code":"960506","subdistrict_th":"บองอ","district_code":"9605","district_th":"ระแงะ","province_code":"96"}},{"type":"Feature","geometry":{"type":"Point","coordinates":[101.654554,6.2961461]},"properties":{"osm_id":4937959447,"name_th":"บ้านลูโบ๊ะกาเยาะ","name_en":"Ban Lu Bo Ka Yo","place":"village","subdistrict_code":"960509","subdistrict_th":"เฉลิม","district_code":"9605","district_th":"ระแงะ","province_code":"96"}},{"type":"Feature","geometry":{"type":"Point","coordinates":[101.6693475,6.3145467]},"properties":{"osm_id":4937959485,"name_th":"บ้านสะโล","name_en":"Ban Sa Lo","place":"village","subdistrict_code":"960509","subdistrict_th":"เฉลิม","district_code":"9605","district_th":"ระแงะ","province_code":"96"}},{"type":"Feature","geometry":{"type":"Point","coordinates":[101.674588,6.2951927]},"properties":{"osm_id":4938076934,"name_th":"บ้านตราแด๊ะ","name_en":"Ban Tra Dae","place":"village","subdistrict_code":"960508","subdistrict_th":"บาโงสะโต","district_code":"9605","district_th":"ระแงะ","province_code":"96"}},{"type":"Feature","geometry":{"type":"Point","coordinates":[101.6953617,6.2864947]},"properties":{"osm_id":4938076989,"name_th":"บ้านบาโงสะโต","name_en":"Ban Ba Ngo Sa To","place":"village","subdistrict_code":"960508","subdistrict_th":"บาโงสะโต","district_code":"9605","district_th":"ระแงะ","province_code":"96"}},{"type":"Feature","geometry":{"type":"Point","coordinates":[101.6576697,6.2817802]},"properties":{"osm_id":4938077013,"name_th":"บ้านสิโป","name_en":"Ban Si Po","place":"village","subdistrict_code":"960509","subdistrict_th":"เฉลิม","district_code":"9605","district_th":"ระแงะ","province_code":"96"}},{"type":"Feature","geometry":{"type":"Point","coordinates":[101.6873757,6.2873045]},"properties":{"osm_id":4938146057,"name_th":"บ้านบละแต","name_en":"Ban Bla Tae","place":"village","subdistrict_code":"960508","subdistrict_th":"บาโงสะโต","district_code":"9605","district_th":"ระแงะ","province_code":"96"}},{"type":"Feature","geometry":{"type":"Point","coordinates":[101.5272941,6.3848438]},"properties":{"osm_id":4939397938,"name_th":"บ้านบลูกา","name_en":"Ban Ba Lu Ka","place":"village","subdistrict_code":"960607","subdistrict_th":"รือเสาะออก","district_code":"9606","district_th":"รือเสาะ","province_code":"96"}},{"type":"Feature","geometry":{"type":"Point","coordinates":[101.4872057,6.3007457]},"properties":{"osm_id":4939434886,"name_th":"บ้านจือแร","name_en":"Ban Chue Rae","place":"village","subdistrict_code":"960608","subdistrict_th":"โคกสะตอ","district_code":"9606","district_th":"รือเสาะ","province_code":"96"}},{"type":"Feature","geometry":{"type":"Point","coordinates":[101.5401319,6.3607386]},"properties":{"osm_id":4939460283,"name_th":"บ้านบูกิ๊ตยือแร","name_en":"Ban Bu Kit Yue Rae","place":"village","subdistrict_code":"960601","subdistrict_th":"รือเสาะ","district_code":"9606","district_th":"รือเสาะ","province_code":"96"}},{"type":"Feature","geometry":{"type":"Point","coordinates":[101.4784647,6.3995999]},"properties":{"osm_id":4939472865,"name_th":"บ้านรือเสาะ","name_en":"Ban Rue So","place":"village","subdistrict_code":"960601","subdistrict_th":"รือเสาะ","district_code":"9606","district_th":"รือเสาะ","province_code":"96"}},{"type":"Feature","geometry":{"type":"Point","coordinates":[101.4934422,6.3824722]},"properties":{"osm_id":4939472873,"name_th":"บ้านนาดา","name_en":"Ban Na Da","place":"village","subdistrict_code":"960601","subdistrict_th":"รือเสาะ","district_code":"9606","district_th":"รือเสาะ","province_code":"96"}},{"type":"Feature","geometry":{"type":"Point","coordinates":[100.3493273,7.613451]},"properties":{"osm_id":5008589273,"name_th":"บ้านรัดปูน","name_en":"Ban Rat Pun","place":"village","subdistrict_code":"900803","subdistrict_th":"เชิงแส","district_code":"9008","district_th":"กระแสสินธุ์","province_code":"90"}},{"type":"Feature","geometry":{"type":"Point","coordinates":[100.2536077,6.7221427]},"properties":{"osm_id":5484133729,"name_th":"บ้านตะโล๊ะ","name_en":null,"place":"village","subdistrict_code":"901007","subdistrict_th":"ปาดังเบซาร์","district_code":"9010","district_th":"สะเดา","province_code":"90"}},{"type":"Feature","geometry":{"type":"Point","coordinates":[100.2480059,6.7362586]},"properties":{"osm_id":5484133730,"name_th":"สี่แยกพัฒนา","name_en":null,"place":"village","subdistrict_code":"901007","subdistrict_th":"ปาดังเบซาร์","district_code":"9010","district_th":"สะเดา","province_code":"90"}},{"type":"Feature","geometry":{"type":"Point","coordinates":[101.6416569,5.9232641]},"properties":{"osm_id":5484242487,"name_th":"บ้านจุฬาภรณ์พัฒนา 12","name_en":null,"place":"village","subdistrict_code":"960902","subdistrict_th":"สุคิริน","district_code":"9609","district_th":"สุคิริน","province_code":"96"}},{"type":"Feature","geometry":{"type":"Point","coordinates":[101.3091686,6.9358975]},"properties":{"osm_id":5484269521,"name_th":"บ้านบูดี","name_en":"Ban Budi","place":"village","subdistrict_code":"940918","subdistrict_th":"แหลมโพธิ์","district_code":"9409","district_th":"ยะหริ่ง","province_code":"94"}},{"type":"Feature","geometry":{"type":"Point","coordinates":[100.4175666,6.5421128]},"properties":{"osm_id":9997690424,"name_th":"บ้านด่านนอก","name_en":"Ban Dan Nok","place":"village","subdistrict_code":"901008","subdistrict_th":"สำนักขาม","district_code":"9010","district_th":"สะเดา","province_code":"90"}},{"type":"Feature","geometry":{"type":"Point","coordinates":[100.418719,6.5224209]},"properties":{"osm_id":9997690425,"name_th":"บ้านไทย-จังโหลน","name_en":"Ban Thai–Changlon","place":"village","subdistrict_code":"901008","subdistrict_th":"สำนักขาม","district_code":"9010","district_th":"สะเดา","province_code":"90"}},{"type":"Feature","geometry":{"type":"Point","coordinates":[101.4500069,6.4444308]},"properties":{"osm_id":9997690427,"name_th":"บ้านบาลอ","name_en":"Ban Balo","place":"village","subdistrict_code":"950610","subdistrict_th":"บาลอ","district_code":"9506","district_th":"รามัน","province_code":"95"}},{"type":"Feature","geometry":{"type":"Point","coordinates":[101.4570343,6.4409766]},"properties":{"osm_id":9997690428,"name_th":"บ้านสะเตเซ็ง","name_en":"Ban Sate Seng","place":"village","subdistrict_code":"950610","subdistrict_th":"บาลอ","district_code":"9506","district_th":"รามัน","province_code":"95"}},{"type":"Feature","geometry":{"type":"Point","coordinates":[101.4379692,6.7994981]},"properties":{"osm_id":9997690429,"name_th":"บ้านตอหลัง","name_en":"Ban To Lang","place":"village","subdistrict_code":"940905","subdistrict_th":"ตอหลัง","district_code":"9409","district_th":"ยะหริ่ง","province_code":"94"}},{"type":"Feature","geometry":{"type":"Point","coordinates":[100.2682181,7.5493315]},"properties":{"osm_id":11615135195,"name_th":"บ้านแหลมคูลา","name_en":null,"place":"village","subdistrict_code":"900801","subdistrict_th":"เกาะใหญ่","district_code":"9008","district_th":"กระแสสินธุ์","province_code":"90"}},{"type":"Feature","geometry":{"type":"Point","coordinates":[100.3318387,7.6344983]},"properties":{"osm_id":11615148826,"name_th":"เชิงแส","name_en":"Choeng Sae","place":"village","subdistrict_code":"900803","subdistrict_th":"เชิงแส","district_code":"9008","district_th":"กระแสสินธุ์","province_code":"90"}},{"type":"Feature","geometry":{"type":"Point","coordinates":[100.2809722,6.7166044]},"properties":{"osm_id":11991563779,"name_th":"บ้านหน้าถ้ำ","name_en":null,"place":"village","subdistrict_code":"901007","subdistrict_th":"ปาดังเบซาร์","district_code":"9010","district_th":"สะเดา","province_code":"90"}},{"type":"Feature","geometry":{"type":"Point","coordinates":[100.2475715,6.7773185]},"properties":{"osm_id":11991563812,"name_th":"บ้านบาโรย","name_en":null,"place":"village","subdistrict_code":"901007","subdistrict_th":"ปาดังเบซาร์","district_code":"9010","district_th":"สะเดา","province_code":"90"}},{"type":"Feature","geometry":{"type":"Point","coordinates":[100.3719761,6.6573587]},"properties":{"osm_id":11991629006,"name_th":"หมู่บ้านตัวอย่าง","name_en":null,"place":"village","subdistrict_code":"901001","subdistrict_th":"สะเดา","district_code":"9010","district_th":"สะเดา","province_code":"90"}},{"type":"Feature","geometry":{"type":"Point","coordinates":[101.1169811,5.7618368]},"properties":{"osm_id":11994967553,"name_th":"บ้านราโมง","name_en":null,"place":"village","subdistrict_code":"950202","subdistrict_th":"ยะรม","district_code":"9502","district_th":"เบตง","province_code":"95"}},{"type":"Feature","geometry":{"type":"Point","coordinates":[101.1503555,5.7799495]},"properties":{"osm_id":11994967554,"name_th":"บ้านสุโบ๊ะบีเดร์","name_en":null,"place":"village","subdistrict_code":"950202","subdistrict_th":"ยะรม","district_code":"9502","district_th":"เบตง","province_code":"95"}},{"type":"Feature","geometry":{"type":"Point","coordinates":[100.6093559,7.1708759]},"properties":{"osm_id":12870292535,"name_th":"บ้านสำโรง","name_en":null,"place":"village","subdistrict_code":"900102","subdistrict_th":"เขารูปช้าง","district_code":"9001","district_th":"เมืองสงขลา","province_code":"90"}},{"type":"Feature","geometry":{"type":"Point","coordinates":[100.6217758,7.1801533]},"properties":{"osm_id":12870292536,"name_th":"บ้านเก้าเส็ง","name_en":null,"place":"village","subdistrict_code":"900102","subdistrict_th":"เขารูปช้าง","district_code":"9001","district_th":"เมืองสงขลา","province_code":"90"}},{"type":"Feature","geometry":{"type":"Point","coordinates":[100.625158,7.1511141]},"properties":{"osm_id":12870292543,"name_th":"บ้านเกาะกลาง","name_en":null,"place":"village","subdistrict_code":"900102","subdistrict_th":"เขารูปช้าง","district_code":"9001","district_th":"เมืองสงขลา","province_code":"90"}},{"type":"Feature","geometry":{"type":"Point","coordinates":[101.3208167,6.7525298]},"properties":{"osm_id":14028712739,"name_th":"บ้านระแว้ง","name_en":"Ban Rawaeng","place":"village","subdistrict_code":"941005","subdistrict_th":"ระแว้ง","district_code":"9410","district_th":"ยะรัง","province_code":"94"}},{"type":"Feature","geometry":{"type":"Point","coordinates":[101.334577,6.7508782]},"properties":{"osm_id":14028712740,"name_th":"บ้านมาปะ","name_en":"Ban Mapa","place":"village","subdistrict_code":"941005","subdistrict_th":"ระแว้ง","district_code":"9410","district_th":"ยะรัง","province_code":"94"}},{"type":"Feature","geometry":{"type":"Point","coordinates":[101.3281864,6.7581848]},"properties":{"osm_id":14028712741,"name_th":"บ้านจือโระ","name_en":"Ban Chuero","place":"village","subdistrict_code":"941005","subdistrict_th":"ระแว้ง","district_code":"9410","district_th":"ยะรัง","province_code":"94"}},{"type":"Feature","geometry":{"type":"Point","coordinates":[101.324576,6.7638664]},"properties":{"osm_id":14028712742,"name_th":"บ้านแว้ง","name_en":"Ban Waeng","place":"village","subdistrict_code":"941005","subdistrict_th":"ระแว้ง","district_code":"9410","district_th":"ยะรัง","province_code":"94"}},{"type":"Feature","geometry":{"type":"Point","coordinates":[101.3295994,6.73797]},"properties":{"osm_id":14028712743,"name_th":"บ้านกูแบปาเซ","name_en":"Ban Kubang Pasir","place":"village","subdistrict_code":"941005","subdistrict_th":"ระแว้ง","district_code":"9410","district_th":"ยะรัง","province_code":"94"}},{"type":"Feature","geometry":{"type":"Point","coordinates":[101.310321,6.754578]},"properties":{"osm_id":14028712744,"name_th":"บ้านพงกูวา","name_en":"Ban Phong Kuwa","place":"village","subdistrict_code":"941005","subdistrict_th":"ระแว้ง","district_code":"9410","district_th":"ยะรัง","province_code":"94"}},{"type":"Feature","geometry":{"type":"Point","coordinates":[101.3080756,6.7599732]},"properties":{"osm_id":14028712745,"name_th":"บ้านจาเละ","name_en":"Ban Chalae","place":"village","subdistrict_code":"941001","subdistrict_th":"ยะรัง","district_code":"9410","district_th":"ยะรัง","province_code":"94"}},{"type":"Feature","geometry":{"type":"Point","coordinates":[101.3438338,6.7408324]},"properties":{"osm_id":14028712746,"name_th":"บ้านม่วงหวาน","name_en":"Ban Muang Wan","place":"village","subdistrict_code":"940510","subdistrict_th":"สาคอบน","district_code":"9405","district_th":"มายอ","province_code":"94"}},{"type":"Feature","geometry":{"type":"Point","coordinates":[101.3511127,6.7372981]},"properties":{"osm_id":14028712747,"name_th":"บ้านกูวิง","name_en":"Ban Kuwing","place":"village","subdistrict_code":"940511","subdistrict_th":"สาคอใต้","district_code":"9405","district_th":"มายอ","province_code":"94"}}]}