{
  "type": "FeatureCollection",
  "features": [
    {
      "type": "Feature",
      "properties": {
        "province_code": "90",
        "province_th": "สงขลา",
        "province_en": "Songkhla"
      },
      "geometry": {
        "type": "Polygon",
        "coordinates": [
          [
            [100.32852338384714, 7.937827843780042],
            [100.32586329085825, 7.938688658654712],
            [100.31623080081084, 7.937682078964826],
            [100.31159378302675, 7.936218128363976],
            [100.30965045420515, 7.929082249845976],
            [100.30634930737472, 7.922615858135373],
            [100.3075590034453, 7.916924346581368],
            [100.30699681115397, 7.914191050576562],
            [100.2955431453999, 7.9160885724297145],
            [100.28095679831767, 7.91383232180425],
            [100.26649450911435, 7.91421247512568],
            [100.26683800516986, 7.90602195714763],
            [100.2602685079853, 7.902559494425191],
            [100.25600422141775, 7.897830110870984],
            [100.2497116138, 7.893250861937759],
            [100.2428633195866, 7.890286300772232],
            [100.23253940556918, 7.882280978384472],
            [100.21667027541292, 7.882243698787704],
            [100.18850511871631, 7.878705312600118],
            [100.18079610855364, 7.876078388406938],
            [100.17756698033196, 7.876401741447239],
            [100.17749716506216, 7.874764439327464],
            [100.19537369623913, 7.802750203958794],
            [100.2176395332379, 7.784235253054533],
            [100.2166633479352, 7.776673527561286],
            [100.21623785259487, 7.740814007960125],
            [100.21697906213404, 7.725381542724051],
            [100.23329862043505, 7.574966963654504],
            [100.23522195373022, 7.547134178399688],
            [100.23716892300746, 7.538818578214887],
            [100.25723802741311, 7.50074425594272],
            [100.28652752102835, 7.498663370418285],
            [100.29938494396004, 7.498723367789239],
            [100.30470342482323, 7.502285717312077],
            [100.3553229281107, 7.527791698328258],
            [100.38528912289479, 7.506094491867373],
            [100.38510327529599, 7.47874802400213],
            [100.38268006013675, 7.425078920555791],
            [100.38615843006755, 7.416395276420928],
            [100.39551409979595, 7.406321775929257],
            [100.3990178692793, 7.400060199418704],
            [100.40122645763495, 7.377907466556394],
            [100.40986288196649, 7.35087666522594],
            [100.41080018597984, 7.339317598028799],
            [100.41775002804144, 7.323086330669696],
            [100.42731154719019, 7.31031541172689],
            [100.42741717706116, 7.304357315038089],
            [100.42587811058638, 7.295801668712102],
            [100.4259687280744, 7.28257062243631],
            [100.42469802559344, 7.280438730063395],
            [100.42024399736266, 7.277066034969607],
            [100.41115034691103, 7.273363543193],
            [100.4091487294304, 7.270420535179596],
            [100.4085631889401, 7.266883044716792],
            [100.40097750370887, 7.263665076182349],
            [100.39958472815272, 7.263916934019335],
            [100.39363425141966, 7.270582090291271],
            [100.3867427816541, 7.274279340818964],
            [100.38321717843007, 7.2791740944089725],
            [100.3824096429907, 7.282203261071686],
            [100.38375270132616, 7.2908163461974596],
            [100.37899356460139, 7.299061481801971],
            [100.37908915623962, 7.312149766098855],
            [100.37818569371484, 7.313447991431701],
            [100.37674597264856, 7.313585213586805],
            [100.37481331967899, 7.311546177114451],
            [100.37271238287025, 7.305184336987622],
            [100.36830876973397, 7.306379568362445],
            [100.35781762858073, 7.300521713706189],
            [100.35650787843588, 7.297569007403808],
            [100.35642915178397, 7.294170599793404],
            [100.35864331143972, 7.289744530585665],
            [100.35853529656674, 7.28633453161342],
            [100.36095822843953, 7.28151397568945],
            [100.35977623058864, 7.27929820804593],
            [100.35928688608101, 7.278623791155098],
            [100.35536641842555, 7.279404122102619],
            [100.34828972878802, 7.278505068953791],
            [100.3457180337603, 7.274100054673852],
            [100.34138283295147, 7.270920544747412],
            [100.33922340783408, 7.262907015146652],
            [100.33974447862482, 7.258040061399754],
            [100.34166964024178, 7.253291051041231],
            [100.34060703638568, 7.24940433943874],
            [100.3340038955634, 7.24423148759314],
            [100.33379779343346, 7.240113741056348],
            [100.32905118156685, 7.237054736686787],
            [100.32436845843768, 7.236086983427583],
            [100.31638386991972, 7.2315789167336675],
            [100.31407876182544, 7.22852429925706],
            [100.30665227997878, 7.211375119965851],
            [100.3044261449507, 7.208757682720943],
            [100.30032207440428, 7.208404517154804],
            [100.2926830171076, 7.211290488365421],
            [100.28022836904404, 7.210838873115563],
            [100.27459102995215, 7.208168060207868],
            [100.2717020702944, 7.2082372603413205],
            [100.26892291875777, 7.204315527339759],
            [100.26072104863755, 7.2006119581753865],
            [100.25873965690971, 7.1977725592562365],
            [100.25562861057199, 7.1970438862663855],
            [100.25357281613265, 7.198784569952011],
            [100.24937837631109, 7.199377903967161],
            [100.24559349404456, 7.194572492626492],
            [100.24162926537838, 7.19285191328521],
            [100.23463588623724, 7.194656982134063],
            [100.22679307673917, 7.193155276195114],
            [100.22330421082074, 7.193824246791621],
            [100.21585123494657, 7.190459940573874],
            [100.2126648622936, 7.186855872400656],
            [100.21096331620413, 7.186445475778157],
            [100.20830681420819, 7.187615200581092],
            [100.20620212003189, 7.1847419197038676],
            [100.20112110965152, 7.184690408335712],
            [100.19737687314426, 7.181415776217136],
            [100.19387325384764, 7.18223053141395],
            [100.18938463409364, 7.180084043943509],
            [100.18706271767036, 7.177812441890751],
            [100.18538631033005, 7.17848100689298],
            [100.1835983465865, 7.176862911594128],
            [100.18246850401829, 7.1775250986044625],
            [100.17713854780578, 7.175810614868055],
            [100.17424859169921, 7.176197110208534],
            [100.1742687589961, 7.174126316876084],
            [100.17253841661471, 7.173128815842233],
            [100.17091759457139, 7.170284989560685],
            [100.17143999366084, 7.168003031814521],
            [100.17031291740727, 7.165283390216359],
            [100.16813182042722, 7.165102457412502],
            [100.16560159763566, 7.163105087429869],
            [100.16780191402717, 7.16052984008013],
            [100.1653894808399, 7.15891433842603],
            [100.16529465272612, 7.156112634590443],
            [100.16277988658254, 7.15652244395568],
            [100.16042352162827, 7.154183215582975],
            [100.1602592946308, 7.152161409221719],
            [100.1587297213996, 7.152074532913389],
            [100.1559004740277, 7.149101015399594],
            [100.15481731886422, 7.150808840555612],
            [100.15095834595098, 7.152191799112302],
            [100.14685477902486, 7.149648171026342],
            [100.14132630106798, 7.152682099599247],
            [100.13615842966783, 7.153499525782536],
            [100.13249809720946, 7.159812747660226],
            [100.1258434594082, 7.161855893134998],
            [100.12309986077003, 7.165416864896429],
            [100.12129026383468, 7.166350881887752],
            [100.117379212081, 7.166350856706742],
            [100.11667873283733, 7.165300067244345],
            [100.11206718835012, 7.166175688557246],
            [100.10538205094093, 7.161991324739915],
            [100.1047554797816, 7.159852712632642],
            [100.09742360571488, 7.1549303336680055],
            [100.0951687499379, 7.151327563216512],
            [100.08863650806848, 7.1479621346448425],
            [100.08354752339955, 7.146525320187436],
            [100.07419341399492, 7.146950246256893],
            [100.06768992884719, 7.139476919624201],
            [100.06258517906281, 7.137979310097137],
            [100.06015127096447, 7.126128441674268],
            [100.06102774033803, 7.1243412783273925],
            [100.0647965490216, 7.121540704040285],
            [100.06423158232172, 7.116059358652535],
            [100.06582490939212, 7.11299244564492],
            [100.06592501922432, 7.110390799595791],
            [100.06437611056913, 7.108498990236285],
            [100.0596478205905, 7.108907595409221],
            [100.05687896359336, 7.107705704554689],
            [100.05707857081944, 7.10259772800282],
            [100.0545574887372, 7.094673730408374],
            [100.05986995043793, 7.084768793445107],
            [100.06194089755445, 7.082877858226652],
            [100.06230110121493, 7.076844830024925],
            [100.06086046643742, 7.074503644727486],
            [100.06023021705096, 7.069371062724429],
            [100.06140077012952, 7.065769261742105],
            [100.06392190886908, 7.065409096752489],
            [100.06446216489707, 7.0636982417804575],
            [100.06392196642565, 7.057124937765707],
            [100.0678837732176, 7.053883335047942],
            [100.07004477124923, 7.050371586779363],
            [100.07310616331887, 7.0486607479952],
            [100.07301613308812, 7.047129978665623],
            [100.0708551647341, 7.046319556402466],
            [100.06905434877922, 7.046769771407867],
            [100.06905435597383, 7.045869318014638],
            [100.07238587740636, 7.042897849156475],
            [100.0775181887135, 7.043438156445802],
            [100.07931901725891, 7.040826855275213],
            [100.07886883013248, 7.038485676273012],
            [100.07490707729983, 7.033533161925902],
            [100.07004489175841, 7.032632676157107],
            [100.06689346316284, 7.033713198105659],
            [100.06392213819618, 7.0314620484348325],
            [100.06581300326752, 7.029661154238909],
            [100.06617318534427, 7.026599619177148],
            [100.06284172776361, 7.020206386415623],
            [100.06419237008186, 7.015163863421606],
            [100.06716373282006, 7.011742166068132],
            [100.07193590341927, 7.009040838264127],
            [100.07337656877371, 7.006609628131855],
            [100.08037886559225, 7.002207986309543],
            [100.08269779626636, 6.999205687792312],
            [100.08338304639057, 6.99434271444477],
            [100.07969788275113, 6.986542966284901],
            [100.08111239941775, 6.978468664097591],
            [100.07844355962266, 6.96376447704904],
            [100.08143981199777, 6.963099651427797],
            [100.09486946185626, 6.964915805320231],
            [100.09576874972805, 6.962264549969063],
            [100.09934568535516, 6.95759724121973],
            [100.10133487510444, 6.949275421323705],
            [100.10585512491417, 6.949033699745485],
            [100.10782442255913, 6.944961660352419],
            [100.11644456466496, 6.939947817637744],
            [100.11994146602592, 6.936036929560714],
            [100.1217828261166, 6.923616356809475],
            [100.130063666605, 6.922675928551314],
            [100.1429352637515, 6.924041398891518],
            [100.14874413683253, 6.923364912660645],
            [100.15765933301185, 6.919098715033726],
            [100.16317562155774, 6.914247158579542],
            [100.16769760526034, 6.913168875043596],
            [100.17434506017645, 6.913157623625466],
            [100.17747771092769, 6.912056672677352],
            [100.1817844616836, 6.913398117629072],
            [100.18618036942854, 6.912377071444723],
            [100.18884056314153, 6.9098770766657935],
            [100.1912483270487, 6.911469242711405],
            [100.19413860241463, 6.9098694845890805],
            [100.19499089981025, 6.906892246579957],
            [100.19792585079745, 6.908078850758386],
            [100.20076523802538, 6.8999596840922095],
            [100.20730141173084, 6.895586052554336],
            [100.20858593319434, 6.892293712784692],
            [100.2085335413899, 6.888578692552642],
            [100.21123651405395, 6.887507474990002],
            [100.21211510942481, 6.884171081929935],
            [100.21400181693036, 6.882108764707766],
            [100.21838996262676, 6.879751802603664],
            [100.21884371736371, 6.872150364847528],
            [100.22032319655835, 6.87089130858709],
            [100.21770300558927, 6.868735586877904],
            [100.21732011203358, 6.865845274639753],
            [100.21082261816935, 6.857750279052198],
            [100.2114623014441, 6.853950700964106],
            [100.21023944019805, 6.849872056050572],
            [100.21081114282003, 6.843780531446441],
            [100.20266196307921, 6.84036532180221],
            [100.19894776033095, 6.836199008277674],
            [100.19733215255684, 6.829673135406949],
            [100.19527431215982, 6.827006816411483],
            [100.19626776264721, 6.814384895346677],
            [100.19126891342967, 6.809960641870191],
            [100.19357180469507, 6.806792745788641],
            [100.19306339815734, 6.804842431932741],
            [100.19166028939088, 6.804356937422767],
            [100.19276268195227, 6.802491398159532],
            [100.1927120393292, 6.798924718401054],
            [100.19592184471742, 6.795771685414991],
            [100.19297779169182, 6.793632640733847],
            [100.19239248772317, 6.791561262842038],
            [100.19718978538037, 6.783789667059523],
            [100.1993605167745, 6.783373645177619],
            [100.19908075477309, 6.7768195147089045],
            [100.21267506600157, 6.769004888165114],
            [100.2141310018443, 6.765663684631363],
            [100.21289921932356, 6.7632027923750115],
            [100.2137423391377, 6.758334940205373],
            [100.20666845088834, 6.749880953243462],
            [100.20691644613714, 6.731950263993554],
            [100.20600838537877, 6.728519106671456],
            [100.20395931517032, 6.726232015595087],
            [100.2043105561873, 6.724211471881972],
            [100.20700615171262, 6.7206431220824925],
            [100.21158253540574, 6.721070466428955],
            [100.21402054441268, 6.719909036972524],
            [100.21520918375688, 6.713358120680766],
            [100.21821021063278, 6.7096634880795705],
            [100.21814806658006, 6.703535665038942],
            [100.22413707656489, 6.6975674707622375],
            [100.2277883834272, 6.6975004793636685],
            [100.22932501543715, 6.696430224974961],
            [100.22857326494426, 6.694251906000716],
            [100.23181143674844, 6.695252787586128],
            [100.2375848162863, 6.692900249247145],
            [100.24239005315849, 6.693840163093114],
            [100.24350772070483, 6.696377592152203],
            [100.2491704017927, 6.698211611077056],
            [100.25049950894527, 6.7027234702120495],
            [100.25321441021691, 6.704798655833372],
            [100.25256658358103, 6.708162147265341],
            [100.25454067371317, 6.709499859131256],
            [100.2565445808678, 6.709011723312415],
            [100.25740114644583, 6.711087298340203],
            [100.26272458527143, 6.704514554603065],
            [100.26365325129655, 6.6993618907387145],
            [100.26609690894526, 6.699399405957877],
            [100.2698414116519, 6.703229759745682],
            [100.27417368516751, 6.704336879143682],
            [100.2763189477613, 6.70702470992245],
            [100.28008592272721, 6.70706633594267],
            [100.28366598529703, 6.708925686970929],
            [100.28673311773923, 6.7080350235975175],
            [100.28982412538312, 6.71042325962577],
            [100.29350769542384, 6.707671565290582],
            [100.29493444736693, 6.704892176332919],
            [100.29159258193215, 6.699443831567635],
            [100.28994209844916, 6.692274651154264],
            [100.29063771955515, 6.6878362225636465],
            [100.29475010793118, 6.679873573906377],
            [100.29749237197547, 6.678709307088923],
            [100.30021217095498, 6.68060587566066],
            [100.30197495997646, 6.679763531961498],
            [100.30456660556445, 6.672111783432115],
            [100.30721535180709, 6.668111907438629],
            [100.31142085059184, 6.666834047253531],
            [100.31626209811742, 6.667383011416916],
            [100.31916241801122, 6.664913089967172],
            [100.32538778511827, 6.665757276377235],
            [100.327143169122, 6.66388332305695],
            [100.32568811641352, 6.660125011260334],
            [100.319619299691, 6.654155376269671],
            [100.32163831725461, 6.647701745938889],
            [100.32156736434246, 6.6435694753510575],
            [100.3176342711048, 6.640059640839809],
            [100.31653163932373, 6.636966751814214],
            [100.31759176464828, 6.635339437565051],
            [100.32125601455351, 6.635667702702392],
            [100.32358624610845, 6.625426152195189],
            [100.3254124823003, 6.622497869681013],
            [100.31872505341852, 6.615708479262935],
            [100.31566458495269, 6.6139626415626935],
            [100.31201835656196, 6.613870244316388],
            [100.30946064689141, 6.611128492885712],
            [100.30580734623209, 6.610705397835886],
            [100.30420383613819, 6.605108887964832],
            [100.30592430756082, 6.60486697932771],
            [100.30694732865635, 6.605960020738394],
            [100.31025744802287, 6.604168268151113],
            [100.31590234411794, 6.603934361681468],
            [100.3202706103005, 6.591856912666458],
            [100.32490264673982, 6.589042751421914],
            [100.3252166207505, 6.58658651855302],
            [100.32935263071937, 6.584532195404563],
            [100.33538653755875, 6.584978471379372],
            [100.3360536177803, 6.582693132182328],
            [100.34165690224432, 6.580022082752976],
            [100.3409003997337, 6.576350644566617],
            [100.34498790027146, 6.571765651663554],
            [100.34820574380012, 6.573370317386264],
            [100.35143988214492, 6.572943889448993],
            [100.35364463759004, 6.568081450298735],
            [100.35311493870353, 6.561868142201035],
            [100.35528824665533, 6.561595482145833],
            [100.3565566261874, 6.5586958016699555],
            [100.35900540637448, 6.557259419786419],
            [100.3581669567397, 6.554759123734641],
            [100.36009030442409, 6.547244809600329],
            [100.36125976572566, 6.5458200847292005],
            [100.36385460840353, 6.54502257583124],
            [100.36652637818986, 6.5405078883284204],
            [100.36865592243294, 6.540028859044639],
            [100.3730832875637, 6.544978516245578],
            [100.38211737771485, 6.541595180373349],
            [100.3843030639353, 6.539397222004254],
            [100.38649218826396, 6.539479933552116],
            [100.38806623836626, 6.5356577770847935],
            [100.39631928081025, 6.534171304761969],
            [100.40190731277232, 6.536715669392663],
            [100.40277093173319, 6.535517677099165],
            [100.4023943244386, 6.530772694804057],
            [100.40767104168526, 6.529413315572128],
            [100.41085663102876, 6.523596482591643],
            [100.41524057329389, 6.524142918760731],
            [100.41692224526548, 6.520551315191085],
            [100.42054941882066, 6.51858263358173],
            [100.42384379015886, 6.518850871670452],
            [100.42942806835072, 6.524099793570656],
            [100.43241433465386, 6.523326864043611],
            [100.43671730286133, 6.525113701835892],
            [100.43974879337219, 6.527715210288761],
            [100.44180353290676, 6.5269495014184145],
            [100.44444696055882, 6.527667289913552],
            [100.44606468533703, 6.526586485577923],
            [100.4532253662577, 6.52759881643226],
            [100.4559827577981, 6.531344132126037],
            [100.45769294457381, 6.532149129678658],
            [100.45970733692411, 6.531640825663601],
            [100.46188025996611, 6.526364523004361],
            [100.46661406818475, 6.52489253875973],
            [100.46775067994997, 6.5218297671301],
            [100.46907309974381, 6.521059780184771],
            [100.47692924438917, 6.5244509590446],
            [100.48617017141635, 6.523283228937942],
            [100.48929360231796, 6.525765423435587],
            [100.49436072176997, 6.523350023384921],
            [100.49539344565108, 6.521906832734203],
            [100.49574507427582, 6.518706758909843],
            [100.49323919703136, 6.517512281166887],
            [100.49256686297042, 6.515653345625424],
            [100.49264045179547, 6.512252314692603],
            [100.49414954656436, 6.508321405908191],
            [100.50228507459656, 6.499845312711045],
            [100.50549997284554, 6.499109481117728],
            [100.50815335239537, 6.500716350179459],
            [100.50976017379304, 6.496632816551312],
            [100.51194510098566, 6.494931274059127],
            [100.5121014157478, 6.492681417613369],
            [100.51552471209584, 6.493583888185924],
            [100.51861812182892, 6.489338207692185],
            [100.52100388921815, 6.48933896671997],
            [100.52402153826341, 6.490886163965342],
            [100.5259188973393, 6.48807234086587],
            [100.53081048081907, 6.489191887095956],
            [100.5320706486416, 6.490367068985108],
            [100.53682333992526, 6.487048296341868],
            [100.53966648991661, 6.488348650369971],
            [100.54258227455239, 6.491463018803302],
            [100.54713228832452, 6.485962025926824],
            [100.54885367435764, 6.485190377933634],
            [100.55319462543167, 6.491776212202467],
            [100.55776186212029, 6.492983555646617],
            [100.5622863837097, 6.49636863530435],
            [100.56581718231718, 6.491040494823039],
            [100.57085479771081, 6.487310534153892],
            [100.5728315624267, 6.483082224065413],
            [100.583976495419, 6.478473852386401],
            [100.58761819572322, 6.478459088216368],
            [100.58934255761301, 6.4793986684138645],
            [100.59471049219553, 6.477858687328592],
            [100.59880540224759, 6.474811957805684],
            [100.60272646705289, 6.468972952040133],
            [100.60398692175909, 6.469466612394285],
            [100.60498564856891, 6.472339905861986],
            [100.60830570544402, 6.472276425416737],
            [100.60953463441592, 6.469263986144085],
            [100.61426996428747, 6.465636690281087],
            [100.61464554095903, 6.462110534873318],
            [100.61721280862429, 6.460090380566669],
            [100.6262619992919, 6.457914490661267],
            [100.63210363197709, 6.4586016950122485],
            [100.63991003242211, 6.457775781027522],
            [100.6460545963426, 6.45867095629967],
            [100.646601170108, 6.456112400367033],
            [100.64294872020736, 6.449551072623933],
            [100.64545791595015, 6.448506476792545],
            [100.6458716724398, 6.4468088085797035],
            [100.64997008894852, 6.446173612022619],
            [100.65129976177462, 6.443364138044558],
            [100.65260770967814, 6.442837132627631],
            [100.66227216702697, 6.450966054240041],
            [100.671746127282, 6.451626261842534],
            [100.67913683859427, 6.454030995933749],
            [100.68443066274494, 6.453802442228948],
            [100.68490047577637, 6.4600463659471075],
            [100.68651907919224, 6.462396833147352],
            [100.68618056628014, 6.464933217194243],
            [100.69169328721551, 6.465769420322545],
            [100.69428663342143, 6.4650809173505195],
            [100.69687721960804, 6.466279719033878],
            [100.69751639386652, 6.46756772087366],
            [100.6966374360689, 6.469940691809541],
            [100.69738281306644, 6.471164571987458],
            [100.70267584041778, 6.470113783424438],
            [100.70502081635766, 6.471056495960568],
            [100.7089242031895, 6.470981221805971],
            [100.711656833696, 6.481289264587929],
            [100.71938797797287, 6.486465241577662],
            [100.72005046086014, 6.49087843159441],
            [100.72354290967758, 6.495592818054149],
            [100.72806194270453, 6.495019061380617],
            [100.73018503071467, 6.496423523626788],
            [100.73055256744709, 6.498651165918602],
            [100.7294132846954, 6.500501360949102],
            [100.7316597138248, 6.501946289090029],
            [100.72992341163621, 6.505458123693529],
            [100.73314459164965, 6.506223588847604],
            [100.73414646788524, 6.509948160779061],
            [100.73843727725858, 6.510158388099171],
            [100.73825688494736, 6.508829576823587],
            [100.74069036856571, 6.5063796383096815],
            [100.74100955144968, 6.5022846122450915],
            [100.74317980980044, 6.499786701195376],
            [100.73856979775803, 6.4905863542769],
            [100.74273368041509, 6.481941906194038],
            [100.74351049321473, 6.470558589907057],
            [100.75241316093866, 6.458589027161906],
            [100.75723183458155, 6.456665862939246],
            [100.75891480877146, 6.457566474613145],
            [100.76786706241506, 6.45550766564628],
            [100.77054154095941, 6.45678008313439],
            [100.77608135487071, 6.463173931931465],
            [100.77927375478004, 6.458723629591873],
            [100.78161623240328, 6.45729839660379],
            [100.78151299472898, 6.454755708309335],
            [100.7879747729175, 6.453699752241846],
            [100.78910777120672, 6.450387564434607],
            [100.79143254117889, 6.448766550835728],
            [100.80605561027824, 6.444544428082963],
            [100.8102146455895, 6.444671535562975],
            [100.81180471711406, 6.443325443814217],
            [100.81295385283812, 6.436488583581308],
            [100.81461393568463, 6.4335469326449015],
            [100.81377561465297, 6.431168522609255],
            [100.81653222198452, 6.426957129667869],
            [100.81627198516406, 6.423507478687213],
            [100.81845618210718, 6.4214964048352385],
            [100.82135231835485, 6.41571407344577],
            [100.8219643339869, 6.410206023589183],
            [100.82411300501121, 6.405131046760459],
            [100.82128356698308, 6.399831873442281],
            [100.82229360816353, 6.39393418691327],
            [100.821815967433, 6.390653712798667],
            [100.82416514680415, 6.3827858337992325],
            [100.82119299266253, 6.374687563780071],
            [100.82166041799394, 6.371244383421583],
            [100.82040397696204, 6.369268099842998],
            [100.82215570702033, 6.36544967826012],
            [100.82170849664988, 6.357152589720272],
            [100.8275443260099, 6.3524619318727105],
            [100.82851325378368, 6.347722889599709],
            [100.8306117642216, 6.3464846688324315],
            [100.83550221005902, 6.338695437344597],
            [100.84039132939637, 6.327534777907715],
            [100.84025359732573, 6.322766894376741],
            [100.84379398360551, 6.320269583174763],
            [100.84638291503956, 6.316572526001323],
            [100.84912718277332, 6.314959582918448],
            [100.84843494401753, 6.310236356122971],
            [100.8452092655952, 6.309870017287494],
            [100.84283516690948, 6.308189316583764],
            [100.84330242136969, 6.302321297789717],
            [100.84705180379774, 6.290276947423251],
            [100.84862998088897, 6.289299102871325],
            [100.85193284632385, 6.291486512192819],
            [100.85835900056748, 6.293780614383877],
            [100.86210357072326, 6.293826613807255],
            [100.86475226930185, 6.297274585753598],
            [100.87079983684305, 6.294303562059781],
            [100.88095786821111, 6.295617087558583],
            [100.88376314775115, 6.297135271775403],
            [100.88936988381317, 6.29636993702303],
            [100.89230770273838, 6.301030902853938],
            [100.89648418489725, 6.303377812336237],
            [100.9113702688229, 6.304161489661055],
            [100.9112187447493, 6.306069393287942],
            [100.91312050420794, 6.30802363628186],
            [100.91610172171715, 6.316734739416745],
            [100.91779541312786, 6.318711373730935],
            [100.9221592807263, 6.320813192774665],
            [100.9236005828007, 6.320658119076995],
            [100.92469834115559, 6.319161681366552],
            [100.92655295635393, 6.319515902736782],
            [100.92872718161419, 6.321990520446207],
            [100.92544788471218, 6.32307999604501],
            [100.92404191340364, 6.326070518839401],
            [100.9247875610971, 6.327023024992684],
            [100.92799527466224, 6.32642260342044],
            [100.92866531635133, 6.3277746100102945],
            [100.92558550706553, 6.329032034001216],
            [100.92647494286439, 6.332459896207297],
            [100.92462068559621, 6.336484913647894],
            [100.92580549023126, 6.3401802324318055],
            [100.9248973854061, 6.341041394444858],
            [100.92209131356333, 6.340847527591393],
            [100.91987517000314, 6.344316577847849],
            [100.91979892727875, 6.347979714392352],
            [100.92149188933928, 6.3497195356281395],
            [100.91995856593513, 6.351203193072934],
            [100.91935297326114, 6.354297279096215],
            [100.91999674755192, 6.355180936750855],
            [100.92544274059009, 6.355196296272084],
            [100.92538702219338, 6.35995672981926],
            [100.9275740169274, 6.364054437662219],
            [100.927560980355, 6.3660119164168805],
            [100.92546884790909, 6.369037993908364],
            [100.92655445012781, 6.370048823794207],
            [100.92237127521423, 6.373425328416204],
            [100.92153445155378, 6.3769850573145845],
            [100.92245996005914, 6.380780354629735],
            [100.91967521204145, 6.382050016595031],
            [100.92017227183294, 6.386749631690179],
            [100.92182008522883, 6.389514634193063],
            [100.91786152768742, 6.39161878787678],
            [100.91688203557754, 6.396766652958718],
            [100.91801311291488, 6.400159133137549],
            [100.91754859599098, 6.404799614210901],
            [100.91873089961138, 6.409041773858803],
            [100.9191460077821, 6.4188375762931855],
            [100.9215983645729, 6.425215471117156],
            [100.9288933070805, 6.436142600001062],
            [100.931926237406, 6.444055756268199],
            [100.933115001756, 6.445301198591494],
            [100.93520116720015, 6.4455876956157],
            [100.93774578184241, 6.4435731575752015],
            [100.94051363969277, 6.444343289311405],
            [100.94850736442339, 6.443020797571819],
            [100.95194114506785, 6.446056785592248],
            [100.95239284215597, 6.451718313749211],
            [100.95945173061295, 6.45155151559004],
            [100.96083266389638, 6.454713961779987],
            [100.96104246313922, 6.4621087290346395],
            [100.96384713473753, 6.468438216950176],
            [100.96487642230909, 6.468802379426336],
            [100.96884400634588, 6.466643182736732],
            [100.97255470983202, 6.4682508126249445],
            [100.97286181931759, 6.472347726366536],
            [100.97173440671753, 6.475597814187836],
            [100.97543397210018, 6.480494941088693],
            [100.97563130404149, 6.482135671424146],
            [100.97439863029263, 6.483665002737723],
            [100.97634411029253, 6.486160076426415],
            [100.97972590742472, 6.486176266921234],
            [100.98355803197768, 6.484695532273065],
            [100.98835502656328, 6.4856641839549525],
            [100.9970469750379, 6.4856286148687445],
            [100.99974874890569, 6.483975927147355],
            [101.00506635922517, 6.483242406811655],
            [101.01425010825596, 6.485521464244243],
            [101.01724039992456, 6.488033471267727],
            [101.01867574938638, 6.487674623784926],
            [101.0205297728308, 6.482590849787925],
            [101.02417795544835, 6.481574115852823],
            [101.02668981318442, 6.481693751765306],
            [101.03452439658372, 6.4852225466832465],
            [101.0385314122949, 6.484803907774165],
            [101.03966772458585, 6.485581436434188],
            [101.04403350594163, 6.495928468424154],
            [101.04142028561773, 6.5020538534026855],
            [101.04002605765652, 6.512144269242697],
            [101.03627186925144, 6.517302966658633],
            [101.0384904319879, 6.522473712292026],
            [101.04161051381425, 6.523264007727846],
            [101.0439058408819, 6.525189390577964],
            [101.0432698025594, 6.54157659858123],
            [101.06372613435366, 6.5429375543247374],
            [101.06867646424746, 6.544043306753281],
            [101.07231419944083, 6.5479851962598445],
            [101.07363476842988, 6.551732643346838],
            [101.08053781696674, 6.555579575237232],
            [101.08178622255616, 6.564920425936975],
            [101.08504893775836, 6.574526335621954],
            [101.08133281315884, 6.587394922737531],
            [101.08228740573924, 6.599539749859616],
            [101.08393178192625, 6.605558977964506],
            [101.08801665644359, 6.607327864389504],
            [101.08956375386418, 6.6090442645812],
            [101.08853036358545, 6.613503209405621],
            [101.08904861500162, 6.6146039490130875],
            [101.09823956220612, 6.619002888372677],
            [101.099980833149, 6.620691708155846],
            [101.10223030828217, 6.626835192889871],
            [101.10806452515777, 6.629101575277502],
            [101.10482656109696, 6.632387305030136],
            [101.09217676374669, 6.641424586875246],
            [101.0830810853239, 6.643128031433548],
            [101.07421361706486, 6.641735174039127],
            [101.07158578455636, 6.644221680785961],
            [101.0690147838053, 6.644087783424538],
            [101.06192768181711, 6.6557369869724425],
            [101.04894682243798, 6.663274235617507],
            [101.05514523956123, 6.671604694401196],
            [101.05737204998019, 6.677754736092254],
            [101.05888370242099, 6.678137772640127],
            [101.06298465411857, 6.68240803700138],
            [101.07294698401614, 6.685962095674199],
            [101.06721199114054, 6.687150076714715],
            [101.06154669392487, 6.690167919114231],
            [101.06309450540715, 6.701443864442865],
            [101.06081288041014, 6.706131864793747],
            [101.05878682565157, 6.707221265748842],
            [101.0578869703075, 6.710290880319917],
            [101.0456011429784, 6.7153953576097365],
            [101.04321670029054, 6.717900744723636],
            [101.04254919379031, 6.720140235583472],
            [101.02711275714807, 6.7213564904097325],
            [101.02064711457274, 6.723447306248261],
            [101.01878636240076, 6.725607224194107],
            [101.0200234805992, 6.728045351012213],
            [101.02352702974866, 6.72999353257552],
            [101.02450109355067, 6.734207229580022],
            [101.03157814021904, 6.7398016620171575],
            [101.03243027034074, 6.745991469930459],
            [101.0312962153481, 6.74864960059864],
            [101.0295397107891, 6.749444857594142],
            [101.02817376111022, 6.755328617221949],
            [101.0332131202893, 6.760889309793868],
            [101.02833916621961, 6.765920950091811],
            [101.0277066316558, 6.769030158215287],
            [101.03048714566529, 6.782513953556133],
            [101.03388876655339, 6.782868018444333],
            [101.03599230959748, 6.785912637258434],
            [101.03831075373836, 6.78728545326112],
            [101.03804540337273, 6.788962019781422],
            [101.039334936758, 6.789224373606032],
            [101.03989090034486, 6.79095272758633],
            [101.04151761114889, 6.791949939937808],
            [101.03836343422518, 6.8063082558214205],
            [101.03924990136193, 6.817840769635836],
            [101.04228616817221, 6.830124127426586],
            [101.04817558633431, 6.834773613411585],
            [101.04925099203973, 6.836938180852428],
            [101.04773815878906, 6.839185518297086],
            [101.04469491413903, 6.837762151402217],
            [101.04390849657989, 6.838214689356505],
            [101.04293493100232, 6.84165476795323],
            [101.04536384696405, 6.845604454581974],
            [101.0434609606549, 6.84783395757114],
            [101.0444671005763, 6.84872750956697],
            [101.04952475826104, 6.8482415204298945],
            [101.05713935759536, 6.852238185843646],
            [101.0621178731414, 6.852677901264201],
            [101.06371570311728, 6.8544333464218425],
            [101.06368530783072, 6.857486291159432],
            [101.04101574627975, 6.854181159432983],
            [101.02044888510801, 6.854543290340644],
            [101.00378917802823, 6.85754000676593],
            [100.98374667556868, 6.864129223385021],
            [100.95862757030619, 6.880297043573762],
            [100.95463146786801, 6.881301671734832],
            [100.95301643476074, 6.880181539146747],
            [100.94931022788478, 6.881661852012883],
            [100.92045043663842, 6.9001704519048985],
            [100.9013604313389, 6.914842796657808],
            [100.84942525677025, 6.962003016326207],
            [100.84463445761418, 6.959788478055884],
            [100.83832771085525, 6.960533516008979],
            [100.8304591411765, 6.951992638349623],
            [100.82465083916497, 6.952052341642286],
            [100.8108284598656, 6.9548674633628025],
            [100.80365590069931, 6.957796791788553],
            [100.79390168741298, 6.963230638583127],
            [100.77641332521483, 6.975766990054581],
            [100.76392255138472, 6.98631594142762],
            [100.75190157799551, 6.9987837861428375],
            [100.70452620901739, 7.058818850409693],
            [100.69799200212924, 7.068931999312383],
            [100.68536847307661, 7.08522324335803],
            [100.65626928859683, 7.128506525256],
            [100.62303156075797, 7.18415403737896],
            [100.61869796433962, 7.183068430663582],
            [100.61660847140388, 7.185065138745188],
            [100.59766869605352, 7.215484452445594],
            [100.59604221637522, 7.216765701276131],
            [100.59109141343805, 7.2154260270895065],
            [100.58770576540883, 7.2166302957515995],
            [100.58388385895302, 7.222578326328744],
            [100.58019091437927, 7.231299715009868],
            [100.58240711099944, 7.233650255954615],
            [100.5597979955811, 7.25212459257591],
            [100.55635482421582, 7.249874594037351],
            [100.55104669994529, 7.252120182300644],
            [100.53934487256788, 7.2640994181536485],
            [100.51183659957945, 7.311185563363097],
            [100.48940438170689, 7.3564986555885525],
            [100.47975017123349, 7.378133122645522],
            [100.46309919836938, 7.420970416351679],
            [100.44847166323672, 7.466003546926174],
            [100.43311864500953, 7.518097727927852],
            [100.42878877987835, 7.5388030073529535],
            [100.41377942498053, 7.595180870600757],
            [100.39141370298006, 7.690897788002587],
            [100.37712070215872, 7.747660076351508],
            [100.33690886135491, 7.931888955710804],
            [100.3350273447362, 7.93200096717095],
            [100.33366430886082, 7.935731447648266],
            [100.32852338384714, 7.937827843780042]
          ]
        ]
      }
    },
    {
      "type": "Feature",
      "properties": {
        "province_code": "94",
        "province_th": "ปัตตานี",
        "province_en": "Pattani"
      },
      "geometry": {
        "type": "Polygon",
        "coordinates": [
          [
            [101.29285905380237, 6.949851498248108],
            [101.28484191881955, 6.952489515578748],
            [101.277573795894, 6.952901343022631],
            [101.27797801957001, 6.95219364492084],
            [101.27062154544802, 6.948929833445106],
            [101.26321550159417, 6.9480545709617445],
            [101.25154270972831, 6.942930126923841],
            [101.24750360260924, 6.9421962036918785],
            [101.24098064534058, 6.934850998075149],
            [101.2393048279555, 6.931243745402583],
            [101.23944386404315, 6.928839196571687],
            [101.24203455634978, 6.933311602448555],
            [101.24313975209793, 6.933531799652883],
            [101.24401961821087, 6.932431065441392],
            [101.24457813317434, 6.935105181558924],
            [101.24513905022707, 6.932374928859929],
            [101.24559257203964, 6.934187418914291],
            [101.2463375992009, 6.93404265594387],
            [101.24563088405813, 6.9308757563111385],
            [101.24477663423437, 6.931654063784038],
            [101.24540114324822, 6.929578292704093],
            [101.24959457492974, 6.935933388814874],
            [101.2533927986388, 6.937979707097838],
            [101.25614880792119, 6.936644064571965],
            [101.26059940793641, 6.9409266694303255],
            [101.26293879279109, 6.940433614319886],
            [101.26375579359507, 6.9418635543596],
            [101.26702806589259, 6.942914542572112],
            [101.26804771542976, 6.945101093940366],
            [101.26767141840128, 6.942612470189374],
            [101.27278770378956, 6.944620789417968],
            [101.27265173798736, 6.9460936855751925],
            [101.27373941314346, 6.946957636385832],
            [101.27294090060212, 6.945677064744814],
            [101.2746138590424, 6.94462672044682],
            [101.27462391526154, 6.943189455429092],
            [101.27401713907977, 6.944690030920242],
            [101.27309404615335, 6.944249846053594],
            [101.27448548531697, 6.941264509649443],
            [101.28051933999558, 6.948435996823832],
            [101.28628186021973, 6.947974638318954],
            [101.28630630559161, 6.949348168383324],
            [101.2893563581095, 6.948745340225344],
            [101.28730484983902, 6.946797736026724],
            [101.28639612897825, 6.944184759419159],
            [101.28549560184064, 6.944906007606221],
            [101.28579672813657, 6.937716268690906],
            [101.29209952237511, 6.93858976940237],
            [101.29652755660152, 6.9366515343409105],
            [101.29889035620505, 6.934102834977921],
            [101.29653034539916, 6.937577167852055],
            [101.29921562659996, 6.937902843841243],
            [101.30043212784051, 6.939041504262036],
            [101.30119146141686, 6.935447105599508],
            [101.30069786311594, 6.930541918075107],
            [101.30054654768509, 6.932796736979867],
            [101.29933398997173, 6.9321756525843625],
            [101.30062849930584, 6.928012481291034],
            [101.30591342826216, 6.929331969294992],
            [101.31335444225374, 6.922858434269358],
            [101.31938806400802, 6.926895952286429],
            [101.32424328699818, 6.927747866570826],
            [101.32740150997176, 6.922739619437948],
            [101.32785140661719, 6.9142957669361635],
            [101.32923921971428, 6.911637795447973],
            [101.32974051890989, 6.911150640789515],
            [101.33404287198101, 6.913076297033513],
            [101.33928880813204, 6.912717255297139],
            [101.34291134028621, 6.909521221227408],
            [101.34329779515718, 6.90660886570663],
            [101.34160606067121, 6.901358354704371],
            [101.34467656197381, 6.898684838434576],
            [101.34558161090268, 6.889156390954724],
            [101.34402505621142, 6.886089182969442],
            [101.33829058764059, 6.884510068784721],
            [101.33275562557174, 6.87597231716876],
            [101.32750831705522, 6.87492845608341],
            [101.32483068189049, 6.875976407285407],
            [101.32280863181296, 6.878398456923321],
            [101.31700033339871, 6.880142951935738],
            [101.30836910804794, 6.886880154695405],
            [101.29587758058591, 6.879969564443911],
            [101.28845730406141, 6.878704054648438],
            [101.28321089306831, 6.882719294659751],
            [101.28448603820016, 6.890250647349546],
            [101.28395379423227, 6.892313532043943],
            [101.27161543030792, 6.893358200720456],
            [101.26706303243304, 6.899184101565083],
            [101.26180158387604, 6.901669988679089],
            [101.25326387722623, 6.900779918858234],
            [101.24900779157639, 6.901304505098892],
            [101.2468741788004, 6.900327583251396],
            [101.23435529306238, 6.8840799401371555],
            [101.23222812302953, 6.882524932279864],
            [101.21634971996366, 6.873136706194089],
            [101.20586161672031, 6.87141224358021],
            [101.19850268834847, 6.868379958967978],
            [101.17970068643757, 6.865288383851862],
            [101.16668121106909, 6.865067156024452],
            [101.15877089126366, 6.8614467930351],
            [101.15546981817761, 6.861143545238463],
            [101.14200175917392, 6.861127587668079],
            [101.13427376792009, 6.860083445094972],
            [101.09923845089384, 6.862524017169733],
            [101.09527155303982, 6.860851411263695],
            [101.06368530783072, 6.857486291159432],
            [101.06371570311728, 6.8544333464218425],
            [101.0621178731414, 6.852677901264201],
            [101.05713935759536, 6.852238185843646],
            [101.04952475826104, 6.8482415204298945],
            [101.04363684286608, 6.8482473768150385],
            [101.04536384696405, 6.845604454581974],
            [101.04293493100232, 6.84165476795323],
            [101.04390849657989, 6.838214689356505],
            [101.04469491413903, 6.837762151402217],
            [101.04773815878906, 6.839185518297086],
            [101.04925099203973, 6.836938180852428],
            [101.04817558633431, 6.834773613411585],
            [101.04228616817221, 6.830124127426586],
            [101.03924990136193, 6.817840769635836],
            [101.03836343422518, 6.8063082558214205],
            [101.04151761114889, 6.791949939937808],
            [101.03989090034486, 6.79095272758633],
            [101.039334936758, 6.789224373606032],
            [101.03804540337273, 6.788962019781422],
            [101.03831075373836, 6.78728545326112],
            [101.03599230959748, 6.785912637258434],
            [101.03388876655339, 6.782868018444333],
            [101.03048714566529, 6.782513953556133],
            [101.0277066316558, 6.769030158215287],
            [101.02833916621961, 6.765920950091811],
            [101.0332131202893, 6.760889309793868],
            [101.02817376111022, 6.755328617221949],
            [101.0295397107891, 6.749444857594142],
            [101.0312962153481, 6.74864960059864],
            [101.03243027034074, 6.745991469930459],
            [101.03157814021904, 6.7398016620171575],
            [101.02450109355067, 6.734207229580022],
            [101.02352702974866, 6.72999353257552],
            [101.0200234805992, 6.728045351012213],
            [101.01878636240076, 6.725607224194107],
            [101.02064711457274, 6.723447306248261],
            [101.02711275714807, 6.7213564904097325],
            [101.04314327514209, 6.7198868830732295],
            [101.04419239906002, 6.7164159343479355],
            [101.0578869703075, 6.710290880319917],
            [101.05878682565157, 6.707221265748842],
            [101.06081288041014, 6.706131864793747],
            [101.06309450540715, 6.701443864442865],
            [101.06154669392487, 6.690167919114231],
            [101.06721199114054, 6.687150076714715],
            [101.07294698401614, 6.685962095674199],
            [101.06298465411857, 6.68240803700138],
            [101.05888370242099, 6.678137772640127],
            [101.05737204998019, 6.677754736092254],
            [101.05514523956123, 6.671604694401196],
            [101.04894682243798, 6.663274235617507],
            [101.06192768181711, 6.6557369869724425],
            [101.0690147838053, 6.644087783424538],
            [101.07158578455636, 6.644221680785961],
            [101.07421361706486, 6.641735174039127],
            [101.0830810853239, 6.643128031433548],
            [101.09419498900758, 6.640569099584354],
            [101.10806452515777, 6.629101575277502],
            [101.11389101775632, 6.626775775581621],
            [101.12490772361264, 6.614720982287565],
            [101.13368117674497, 6.608440707972363],
            [101.14227607488101, 6.608388540099099],
            [101.14893494129456, 6.610900066884653],
            [101.15647308026848, 6.607166178876128],
            [101.16155036295896, 6.603220864751165],
            [101.16957749300695, 6.603978884418041],
            [101.17791472098764, 6.599224423268595],
            [101.18626512043903, 6.599610470746654],
            [101.18984059286913, 6.5983516923767525],
            [101.19310197167869, 6.598902962401837],
            [101.19833856837027, 6.59743300343041],
            [101.20302393370764, 6.597570845218399],
            [101.21294589933387, 6.595779353434466],
            [101.21721784272933, 6.597065626777294],
            [101.21942270969038, 6.598811261230765],
            [101.22383242742467, 6.604920958435514],
            [101.22504653377058, 6.608248631669085],
            [101.23040788891302, 6.612950587699515],
            [101.23549818839075, 6.623416487580869],
            [101.2380738629185, 6.633297224687226],
            [101.24883658494048, 6.644023164437556],
            [101.25037898879935, 6.644124346261606],
            [101.25423991593942, 6.641238495560174],
            [101.27122450760498, 6.646226262432094],
            [101.27627354798591, 6.654097663176685],
            [101.27869253543224, 6.667226070726656],
            [101.2806389372372, 6.668916362700031],
            [101.28362728637023, 6.6696071022859655],
            [101.28115036729565, 6.671484580049366],
            [101.28259665161426, 6.675096931877931],
            [101.27944278585596, 6.679417552877794],
            [101.27950613679883, 6.681360364589182],
            [101.28294159108162, 6.680566630145904],
            [101.28924987568126, 6.683779718059611],
            [101.29663262169817, 6.676951922992885],
            [101.2902428180517, 6.6682494839266155],
            [101.28936738829441, 6.663828202709453],
            [101.29061739377778, 6.660453084842061],
            [101.29592366814285, 6.6534299624228765],
            [101.29776692580305, 6.649334619796889],
            [101.29894384158507, 6.64276737541411],
            [101.29720171898418, 6.635456726246957],
            [101.30265595880553, 6.621274582156275],
            [101.3020932565986, 6.618960938596501],
            [101.2954281650778, 6.6178404157026876],
            [101.29217106164526, 6.614894578422081],
            [101.2931657442038, 6.600986179868357],
            [101.29828566914836, 6.590632077408486],
            [101.29894490188576, 6.58657163297454],
            [101.29787029477836, 6.5800402040921995],
            [101.30014646988371, 6.576248585903556],
            [101.30054751355698, 6.572132681178346],
            [101.30452376795756, 6.56685778865608],
            [101.30936314039667, 6.565092666793191],
            [101.31212627141036, 6.566474186434618],
            [101.31463753919115, 6.569705881321397],
            [101.32279922220641, 6.570526778887768],
            [101.32681132628176, 6.5735904075713165],
            [101.32842858880838, 6.572602165957221],
            [101.33100362571679, 6.566330764353324],
            [101.33750675113572, 6.565117503370118],
            [101.34053071791834, 6.561140998957967],
            [101.34522623120569, 6.557787698643438],
            [101.35159389624135, 6.557364697123148],
            [101.35806007031607, 6.55988042733992],
            [101.36267722297549, 6.563553245086268],
            [101.3695107413277, 6.566083993081861],
            [101.37773773310994, 6.567038120712766],
            [101.38208947155192, 6.569625060148439],
            [101.38707383089263, 6.568520654004999],
            [101.38978122102657, 6.568857415937032],
            [101.3937170257202, 6.571751824587068],
            [101.39939674896084, 6.573602359561278],
            [101.40818437990526, 6.582118345785091],
            [101.41515910081193, 6.584349913617643],
            [101.42260410059885, 6.584189586979903],
            [101.42991637663954, 6.58218486863683],
            [101.43699621030692, 6.582227778888921],
            [101.44199051794811, 6.5803683721027255],
            [101.4468854190269, 6.576906277202966],
            [101.45271911519507, 6.575820808983224],
            [101.45746714079598, 6.581179657715097],
            [101.45704273633328, 6.585046638191841],
            [101.46121321461823, 6.586314022174406],
            [101.46883678019333, 6.586500644988803],
            [101.47155393156874, 6.59593694163658],
            [101.4753388606, 6.595304154363305],
            [101.47614165841088, 6.597771190787853],
            [101.47828889681517, 6.597969240388181],
            [101.48167539740172, 6.601270987066471],
            [101.48414825243998, 6.600383120584581],
            [101.48668421830212, 6.60354134355822],
            [101.488479854162, 6.602217089147416],
            [101.48906864570148, 6.6043462277962135],
            [101.49066902975198, 6.603316811621596],
            [101.49051216910141, 6.605526259729174],
            [101.49190377463952, 6.604175865623745],
            [101.4939687799353, 6.60594173842054],
            [101.49326940685768, 6.60271620478909],
            [101.49464196295628, 6.600065026779589],
            [101.49761504070165, 6.6008089315869825],
            [101.5023919309429, 6.604248111761024],
            [101.50590727200307, 6.603598266147117],
            [101.50922844493687, 6.601863350713131],
            [101.51347079973766, 6.595516733410591],
            [101.51857010592573, 6.59155285817792],
            [101.52078171600346, 6.587791645168352],
            [101.52156028068248, 6.583724066412572],
            [101.51803580880556, 6.580137069170462],
            [101.51782167213253, 6.57709641816524],
            [101.52632187435506, 6.57116556104188],
            [101.52961475821456, 6.562655316989321],
            [101.53372142240579, 6.557380373205717],
            [101.53942333461924, 6.555407907249162],
            [101.55052648690793, 6.555241437342488],
            [101.56090440971082, 6.550549584295936],
            [101.5654253861727, 6.5500774600068326],
            [101.57453035369292, 6.555188890854652],
            [101.58092683300697, 6.5557048058321925],
            [101.5883449871315, 6.563796276976632],
            [101.59285377238376, 6.565124759100399],
            [101.59472147901312, 6.568376175220351],
            [101.59391070601436, 6.573659885595305],
            [101.5970245942097, 6.578364905615956],
            [101.5958805288634, 6.581889104098934],
            [101.59154066956631, 6.58540109158713],
            [101.58845354339638, 6.5897345998719175],
            [101.58308136491314, 6.590742402639819],
            [101.57900372813958, 6.592678816574164],
            [101.57452114463518, 6.597802929661498],
            [101.57384342723242, 6.601210082279522],
            [101.57721441901026, 6.6102716745981525],
            [101.57445375843429, 6.6207515112732835],
            [101.57488105511663, 6.622191018300896],
            [101.57893530861764, 6.6250352016132865],
            [101.58215773509147, 6.629286332898005],
            [101.58875350057366, 6.626174746067704],
            [101.59210465870308, 6.626034128072604],
            [101.59618703670242, 6.624007125428534],
            [101.59996850604176, 6.623906572230567],
            [101.60282231569738, 6.62733077869251],
            [101.60401974411593, 6.630868422939443],
            [101.60924853559152, 6.631865092100384],
            [101.612726374023, 6.633633419147031],
            [101.61520576083723, 6.62981805256112],
            [101.6194391943634, 6.629896536396075],
            [101.62351642014676, 6.633756476080578],
            [101.62507593001021, 6.633484600234169],
            [101.62627139610811, 6.630329203829717],
            [101.62234124365352, 6.6268727656656665],
            [101.62309401937358, 6.625451690243381],
            [101.62639986156444, 6.624772826205003],
            [101.62962594827894, 6.626954528428769],
            [101.6296657198971, 6.633071132426892],
            [101.63084842011853, 6.63560646786425],
            [101.63283762155902, 6.631417504913941],
            [101.6324434226259, 6.625787960246214],
            [101.6339412407957, 6.621288717700224],
            [101.63860647570834, 6.618358349658138],
            [101.6423298272598, 6.620373248326814],
            [101.64612480801355, 6.618476233691297],
            [101.64774948634977, 6.612227724330069],
            [101.65341512890512, 6.599286936942633],
            [101.6556526349612, 6.595954607918884],
            [101.65922355502312, 6.5954171757621225],
            [101.6617862910046, 6.593300714856127],
            [101.65983694571855, 6.588646230439224],
            [101.66528723301946, 6.585224194041359],
            [101.66627387294096, 6.578444021674329],
            [101.66909045695905, 6.5736885793645],
            [101.69010891359557, 6.572569562835099],
            [101.70408756808683, 6.56841363288288],
            [101.70892750260225, 6.568401944394282],
            [101.72468914578752, 6.576797345021532],
            [101.68945907787423, 6.633490860414952],
            [101.66117998426893, 6.675938747675104],
            [101.65350190808664, 6.691213140873799],
            [101.64268171758727, 6.709490037635192],
            [101.63782577334081, 6.713627912797961],
            [101.63517162037402, 6.719180610396904],
            [101.63208996837739, 6.720364063350871],
            [101.62812841519428, 6.725286696823673],
            [101.59587989933794, 6.781939863234129],
            [101.55750745360615, 6.8460107781749],
            [101.54978370805173, 6.846636973417617],
            [101.54766202298401, 6.845754090079254],
            [101.54453179320774, 6.846938748124785],
            [101.52596495591803, 6.865619748053007],
            [101.52218206744851, 6.8634873223820705],
            [101.52000997268215, 6.863565393428189],
            [101.50974892487307, 6.8662982901340115],
            [101.50874023087704, 6.865678845202581],
            [101.50929391198451, 6.86450981377692],
            [101.51561767931253, 6.864249891719169],
            [101.51794337108976, 6.863177466367006],
            [101.52162051007855, 6.863099403414765],
            [101.52193505156146, 6.862191736559453],
            [101.52029506586467, 6.861356477719312],
            [101.50872159512556, 6.862013061053972],
            [101.49974777483999, 6.864613054149174],
            [101.50236472375303, 6.865187416965796],
            [101.50467819104574, 6.864360253822724],
            [101.50350013222538, 6.86572148925535],
            [101.49468574285282, 6.866945164387857],
            [101.49245284492292, 6.868817984562384],
            [101.48879139100995, 6.86780671310936],
            [101.47002054970864, 6.879242393321817],
            [101.46077613241266, 6.881687899976669],
            [101.45282668040704, 6.8850518833377805],
            [101.44604761330675, 6.885978554666622],
            [101.44426035103442, 6.885202517082519],
            [101.43714959957441, 6.8874408271325365],
            [101.42793067625973, 6.887677144684517],
            [101.41431049603261, 6.891148204026422],
            [101.41111590717344, 6.890173523289491],
            [101.3979095302007, 6.89401236487879],
            [101.36958463682157, 6.89999321441536],
            [101.3575848442652, 6.903968630647853],
            [101.35101197732098, 6.907341422868399],
            [101.33823282418552, 6.916510225166803],
            [101.32336097023267, 6.9304350102675585],
            [101.31440597455617, 6.937118324750941],
            [101.31171503931768, 6.9380630077017145],
            [101.30283975055409, 6.944699489090226],
            [101.29285905380237, 6.949851498248108]
          ]
        ]
      }
    },
    {
      "type": "Feature",
      "properties": {
        "province_code": "95",
        "province_th": "ยะลา",
        "province_en": "Yala"
      },
      "geometry": {
        "type": "Polygon",
        "coordinates": [
          [
            [101.29287750699143, 6.680489065418101],
            [101.28924987568126, 6.683779718059611],
            [101.28294159108162, 6.680566630145904],
            [101.27950613679883, 6.681360364589182],
            [101.27944278585596, 6.679417552877794],
            [101.28259665161426, 6.675096931877931],
            [101.28115036729565, 6.671484580049366],
            [101.28362728637023, 6.6696071022859655],
            [101.2806389372372, 6.668916362700031],
            [101.27869253543224, 6.667226070726656],
            [101.27627354798591, 6.654097663176685],
            [101.27122450760498, 6.646226262432094],
            [101.25423991593942, 6.641238495560174],
            [101.25037898879935, 6.644124346261606],
            [101.24804381007385, 6.643328190843363],
            [101.2380738629185, 6.633297224687226],
            [101.23549818839075, 6.623416487580869],
            [101.23040788891302, 6.612950587699515],
            [101.22504653377058, 6.608248631669085],
            [101.22383242742467, 6.604920958435514],
            [101.21942270969038, 6.598811261230765],
            [101.2149210992294, 6.596284677096207],
            [101.21018980011922, 6.59587121018825],
            [101.19310197167869, 6.598902962401837],
            [101.18984059286913, 6.5983516923767525],
            [101.18626512043903, 6.599610470746654],
            [101.17791472098764, 6.599224423268595],
            [101.16957749300695, 6.603978884418041],
            [101.16155036295896, 6.603220864751165],
            [101.15647308026848, 6.607166178876128],
            [101.14893494129456, 6.610900066884653],
            [101.14227607488101, 6.608388540099099],
            [101.13368117674497, 6.608440707972363],
            [101.12490772361264, 6.614720982287565],
            [101.11283048324026, 6.627539390830293],
            [101.10806452515777, 6.629101575277502],
            [101.10253444011238, 6.627132797440709],
            [101.09889658710784, 6.619508062746945],
            [101.08876036969536, 6.6143181291783435],
            [101.08956375386418, 6.6090442645812],
            [101.08801665644359, 6.607327864389504],
            [101.08393178192625, 6.605558977964506],
            [101.0832500733323, 6.603664612731734],
            [101.08133281315884, 6.587394922737531],
            [101.08504893775836, 6.574526335621954],
            [101.08178622255616, 6.564920425936975],
            [101.08053781696674, 6.555579575237232],
            [101.07363476842988, 6.551732643346838],
            [101.07231419944083, 6.5479851962598445],
            [101.06867646424746, 6.544043306753281],
            [101.06372613435366, 6.5429375543247374],
            [101.0432698025594, 6.54157659858123],
            [101.0439058408819, 6.525189390577964],
            [101.04161051381425, 6.523264007727846],
            [101.0384904319879, 6.522473712292026],
            [101.03627186925144, 6.517302966658633],
            [101.04002605765652, 6.512144269242697],
            [101.04142028561773, 6.5020538534026855],
            [101.04403350594163, 6.495928468424154],
            [101.03966772458585, 6.485581436434188],
            [101.0385314122949, 6.484803907774165],
            [101.03452439658372, 6.4852225466832465],
            [101.02668981318442, 6.481693751765306],
            [101.02417795544835, 6.481574115852823],
            [101.0205297728308, 6.482590849787925],
            [101.01867574938638, 6.487674623784926],
            [101.01724039992456, 6.488033471267727],
            [101.01425010825596, 6.485521464244243],
            [101.00506635922517, 6.483242406811655],
            [100.99974874890569, 6.483975927147355],
            [100.9970469750379, 6.4856286148687445],
            [100.98835502656328, 6.4856641839549525],
            [100.98355803197768, 6.484695532273065],
            [100.97972590742472, 6.486176266921234],
            [100.97634411029253, 6.486160076426415],
            [100.97439863029263, 6.483665002737723],
            [100.97563130404149, 6.482135671424146],
            [100.97543397210018, 6.480494941088693],
            [100.97173440671753, 6.475597814187836],
            [100.97286181931759, 6.472347726366536],
            [100.97255470983202, 6.4682508126249445],
            [100.96884400634588, 6.466643182736732],
            [100.96487642230909, 6.468802379426336],
            [100.96384713473753, 6.468438216950176],
            [100.96104246313922, 6.4621087290346395],
            [100.96083266389638, 6.454713961779987],
            [100.95945173061295, 6.45155151559004],
            [100.95239284215597, 6.451718313749211],
            [100.95194114506785, 6.446056785592248],
            [100.94850736442339, 6.443020797571819],
            [100.94051363969277, 6.444343289311405],
            [100.93774578184241, 6.4435731575752015],
            [100.93520116720015, 6.4455876956157],
            [100.933115001756, 6.445301198591494],
            [100.931926237406, 6.444055756268199],
            [100.9288933070805, 6.436142600001062],
            [100.9215983645729, 6.425215471117156],
            [100.9191460077821, 6.4188375762931855],
            [100.91873089961138, 6.409041773858803],
            [100.91754859599098, 6.404799614210901],
            [100.91801311291488, 6.400159133137549],
            [100.91688203557754, 6.396766652958718],
            [100.91786152768742, 6.39161878787678],
            [100.92182008522883, 6.389514634193063],
            [100.92017227183294, 6.386749631690179],
            [100.91967521204145, 6.382050016595031],
            [100.92245996005914, 6.380780354629735],
            [100.92153445155378, 6.3769850573145845],
            [100.92237127521423, 6.373425328416204],
            [100.92655445012781, 6.370048823794207],
            [100.92546884790909, 6.369037993908364],
            [100.9276789606156, 6.3652361899982],
            [100.92538702219338, 6.35995672981926],
            [100.92544274059009, 6.355196296272084],
            [100.91999674755192, 6.355180936750855],
            [100.91935297326114, 6.354297279096215],
            [100.91995856593513, 6.351203193072934],
            [100.92149188933928, 6.3497195356281395],
            [100.91979892727875, 6.347979714392352],
            [100.9201055241507, 6.34368283369588],
            [100.92209131356333, 6.340847527591393],
            [100.9248973854061, 6.341041394444858],
            [100.92587800166848, 6.33993443602543],
            [100.92462068559621, 6.336484913647894],
            [100.92647494286439, 6.332459896207297],
            [100.92558550706553, 6.329032034001216],
            [100.92821935963582, 6.328595911372247],
            [100.92865957867667, 6.3271411779230675],
            [100.92751826795376, 6.326333111883628],
            [100.92399995643291, 6.326522738433653],
            [100.92544788471218, 6.32307999604501],
            [100.92852751413352, 6.322366188848605],
            [100.92744067804489, 6.320098601369409],
            [100.92469834115559, 6.319161681366552],
            [100.9236005828007, 6.320658119076995],
            [100.9221592807263, 6.320813192774665],
            [100.91779541312786, 6.318711373730935],
            [100.91610172171715, 6.316734739416745],
            [100.91312050420794, 6.30802363628186],
            [100.9112187447493, 6.306069393287942],
            [100.9113702688229, 6.304161489661055],
            [100.89648418489725, 6.303377812336237],
            [100.89230770273838, 6.301030902853938],
            [100.88883790694393, 6.296221547986079],
            [100.88376314775115, 6.297135271775403],
            [100.88095786821111, 6.295617087558583],
            [100.87079983684305, 6.294303562059781],
            [100.86475226930185, 6.297274585753598],
            [100.86210357072326, 6.293826613807255],
            [100.85835900056748, 6.293780614383877],
            [100.84834157640267, 6.289273280637417],
            [100.84658123263785, 6.291203121426975],
            [100.84352965307107, 6.301414629181863],
            [100.84283516690948, 6.308189316583764],
            [100.84110800543016, 6.3062571051813165],
            [100.8409016433962, 6.301230642280359],
            [100.83716711327173, 6.300051994404043],
            [100.83460732436856, 6.2956514533519226],
            [100.83487561192004, 6.2937251837702775],
            [100.83631038941303, 6.292187567901976],
            [100.83478558258861, 6.28882883028632],
            [100.8349757694163, 6.285243675755055],
            [100.8383130851808, 6.282702533395252],
            [100.83895259668503, 6.276803948443501],
            [100.8423095797234, 6.2702329520890885],
            [100.84264583533707, 6.266114400659092],
            [100.84484185656646, 6.262983903784175],
            [100.84400569210908, 6.260790837727029],
            [100.8460151705637, 6.25841993613119],
            [100.84447925261549, 6.25492110572452],
            [100.8441405760268, 6.25042414385922],
            [100.84568661764337, 6.2485969319029095],
            [100.84751378913012, 6.241616014667386],
            [100.85098069360419, 6.233698071308993],
            [100.85397907287597, 6.231261794396346],
            [100.85908564558616, 6.233370159605215],
            [100.86128754838171, 6.23669665472687],
            [100.86648783134842, 6.23744631699401],
            [100.87028261964724, 6.239788932213514],
            [100.87004836334137, 6.241288191097169],
            [100.86723738659617, 6.242881136855033],
            [100.8658318901297, 6.2452705725789315],
            [100.869219177623, 6.252806399395865],
            [100.86900762380287, 6.259543979870841],
            [100.87040310272107, 6.26114219565585],
            [100.87130611918212, 6.264556409750583],
            [100.87451143425534, 6.263261350930634],
            [100.87591548281335, 6.258471094965103],
            [100.8803311315765, 6.254700809594738],
            [100.88412365628176, 6.255297529557367],
            [100.88621135956663, 6.250096440798131],
            [100.88995931477064, 6.250190167242465],
            [100.89211439256525, 6.24920629183697],
            [100.89277034817309, 6.2390862936975395],
            [100.89534706861241, 6.238664642059632],
            [100.8970805172521, 6.235572429324179],
            [100.89914189828005, 6.234354294015532],
            [100.9040610936446, 6.233651547580905],
            [100.90748108138683, 6.236884346835211],
            [100.90741078857707, 6.2400702743237275],
            [100.9091676312812, 6.241616395979918],
            [100.91132270727718, 6.241288445605335],
            [100.91310295843482, 6.245551977641696],
            [100.9153048801162, 6.245879952298026],
            [100.91713199404637, 6.248035149702446],
            [100.92228545291141, 6.244568145403662],
            [100.928047932666, 6.2445213275972264],
            [100.93067150778393, 6.243256343005896],
            [100.93357616780594, 6.244005991783126],
            [100.93629344238849, 6.242787859172438],
            [100.93854220885589, 6.243865466418185],
            [100.94111893379181, 6.24264733380744],
            [100.94383619938117, 6.242928461879046],
            [100.94561645863274, 6.246020696198229],
            [100.94524164188834, 6.249347176031392],
            [100.94697506085043, 6.25108070561015],
            [100.94547993075429, 6.256716629169148],
            [100.94657636440775, 6.263217699637153],
            [100.94796293644043, 6.264343266828348],
            [100.95462196203397, 6.265409091156698],
            [100.95569588835463, 6.269085394675244],
            [100.95849408483423, 6.2688248116157865],
            [100.95989524297113, 6.271175163702878],
            [100.96501188359161, 6.272405089123595],
            [100.96750500305353, 6.2751710592970085],
            [100.9679302555769, 6.279340219175822],
            [100.96631173040208, 6.281635386164169],
            [100.96748986476553, 6.283173590189108],
            [100.97178482181215, 6.282942554355429],
            [100.97614551120643, 6.279181566176362],
            [100.97998540770044, 6.28033673635133],
            [100.98227235758327, 6.27835884028832],
            [100.98443083571453, 6.278921659407104],
            [100.98426665458248, 6.275454782812005],
            [100.98812952515755, 6.2706105693223435],
            [100.98955094142286, 6.266231334108852],
            [100.9916881811647, 6.265973750288367],
            [100.99355053772717, 6.263293949556157],
            [100.99487004911356, 6.263397992123714],
            [101.00092652803687, 6.259886280727301],
            [101.00352724058973, 6.260420512196902],
            [101.00470116612598, 6.258185195990052],
            [101.00703664792303, 6.25743492668056],
            [101.00801957993974, 6.256057525034805],
            [101.0100491375577, 6.256159102560559],
            [101.01010714203102, 6.2535311018788775],
            [101.01182792012247, 6.249597405196141],
            [101.01403948343545, 6.247701360029794],
            [101.0188438938307, 6.247068219322898],
            [101.02046439841331, 6.249712341251609],
            [101.0217128138953, 6.250136980437333],
            [101.02951729069048, 6.244040582407024],
            [101.03172636557935, 6.244515174435776],
            [101.03806150843195, 6.249265816164552],
            [101.04306646134819, 6.249350413590776],
            [101.05003654624966, 6.254557814691452],
            [101.05343533697129, 6.25487113669368],
            [101.05934907909676, 6.253730917747703],
            [101.06123950439968, 6.257033483708369],
            [101.06401866672815, 6.259167440025408],
            [101.06763700894089, 6.255717806131884],
            [101.07197798429661, 6.2576986573672],
            [101.0755473008673, 6.25558208764329],
            [101.08169384059835, 6.25850891235649],
            [101.09507112383335, 6.260232150993033],
            [101.09831565564303, 6.258828108730256],
            [101.10764686201315, 6.25159748933271],
            [101.11048092255658, 6.251633015251514],
            [101.11211212457494, 6.250638814729541],
            [101.11160815799013, 6.248167192661867],
            [101.10569243465818, 6.240523589292252],
            [101.10522343101661, 6.238027511960183],
            [101.10973769943536, 6.232684156748462],
            [101.1107047440288, 6.228196585603996],
            [101.11325918916032, 6.226466731554467],
            [101.1128430971313, 6.222516665411831],
            [101.11610295788523, 6.2207808794340735],
            [101.11542859135648, 6.217474277316114],
            [101.11848484469988, 6.211707353111933],
            [101.11541357177896, 6.206358762047273],
            [101.11503649773624, 6.203827861166928],
            [101.11914545879597, 6.203241904290508],
            [101.12061277735785, 6.201538727730167],
            [101.12301352565373, 6.200871437966555],
            [101.12327723026004, 6.198624448559485],
            [101.1261861575652, 6.194874664134488],
            [101.12629671302295, 6.193015326596083],
            [101.12352529295794, 6.192039346338788],
            [101.12114137997077, 6.18814292925282],
            [101.11571741492679, 6.1843588869531345],
            [101.11180597916268, 6.182902573395097],
            [101.10807919759696, 6.179741956426199],
            [101.10138113603068, 6.178288672684118],
            [101.096332367245, 6.179825686006666],
            [101.09230436495454, 6.176349691185351],
            [101.08603146238215, 6.178939548921107],
            [101.08428685315579, 6.174874793137235],
            [101.07548922444823, 6.171396374642995],
            [101.07453267404372, 6.169028097268949],
            [101.07523402742851, 6.1609369336925965],
            [101.06725228886211, 6.156687789010277],
            [101.06356216006571, 6.1515105169968365],
            [101.06069829509033, 6.150800019305507],
            [101.06092865373444, 6.148606786873756],
            [101.05834999255819, 6.142484365161351],
            [101.06044559998452, 6.140438206957754],
            [101.06339584664107, 6.141385990770914],
            [101.06500602610726, 6.140172012128687],
            [101.07026132240219, 6.140184479430218],
            [101.07488971209062, 6.13560674135806],
            [101.07744696940216, 6.13588612384558],
            [101.08210960257617, 6.133906231287597],
            [101.08909329422022, 6.134196021629123],
            [101.09310004643004, 6.131102682043206],
            [101.09521285878645, 6.128165899137002],
            [101.09952205030243, 6.127154035030742],
            [101.1016645708633, 6.123960042422084],
            [101.10518425474964, 6.123887765707877],
            [101.10766939542634, 6.118104901919764],
            [101.10591028912859, 6.1134537611822],
            [101.10962825194235, 6.11390602933983],
            [101.11410680108804, 6.113045122734263],
            [101.11839151935317, 6.114905961241163],
            [101.12316271598661, 6.11062493918962],
            [101.12668811956115, 6.105814596866196],
            [101.12756236401196, 6.103062910624885],
            [101.12624270243884, 6.0955270055669075],
            [101.11493985299188, 6.092910663696216],
            [101.1161934944343, 6.086122694207006],
            [101.11549040895528, 6.081273629774216],
            [101.11217599082937, 6.077817938047474],
            [101.10986237155129, 6.073633385372489],
            [101.1105706704002, 6.066068943926666],
            [101.10399776568443, 6.0634547289526495],
            [101.10443650983711, 6.060149332825517],
            [101.10014316077832, 6.0504452900181604],
            [101.1014637711362, 6.048651876383019],
            [101.10526569375685, 6.048539006969634],
            [101.10677850542373, 6.044740538644987],
            [101.11374559288487, 6.039185888617908],
            [101.11222642570903, 6.031812047687879],
            [101.10775295143765, 6.0284511094312165],
            [101.11003146567964, 6.023780292426579],
            [101.11012632976639, 6.019404956673441],
            [101.10829847659346, 6.015799830897549],
            [101.10967262898868, 6.014300038715874],
            [101.110110740918, 6.011409387433332],
            [101.112564946715, 6.009331359954331],
            [101.10884183078593, 6.006085553805292],
            [101.10870654936781, 6.003781911605984],
            [101.10620161191491, 6.000194617587567],
            [101.10718560962823, 5.990563956761264],
            [101.10872819874743, 5.9891403830222885],
            [101.1130667045648, 5.988767720154215],
            [101.11406875526887, 5.986353195143863],
            [101.12261522311411, 5.9822218382672645],
            [101.12342459137187, 5.97741661758289],
            [101.11990596868554, 5.974794954423658],
            [101.1186442306468, 5.971012488635495],
            [101.11453935340847, 5.967073697293358],
            [101.11328854572986, 5.960377903817232],
            [101.11173591298206, 5.9578265631454315],
            [101.11061651963672, 5.957444939432435],
            [101.10862425600465, 5.958876422708784],
            [101.10558161659839, 5.95464302155824],
            [101.1020238985841, 5.953256455820849],
            [101.0997535897564, 5.951021943607884],
            [101.09541478986074, 5.950954810116457],
            [101.09525247841918, 5.949223046806196],
            [101.09817418059401, 5.9452528007761885],
            [101.09918070902256, 5.942067306760862],
            [101.09268038409249, 5.933410270867341],
            [101.09173720211027, 5.927061199314949],
            [101.08711489813408, 5.924937157124134],
            [101.08875747297907, 5.9204011134207235],
            [101.0856334035588, 5.910432692414872],
            [101.0831205331861, 5.9108625027024],
            [101.08002999858564, 5.915570086690195],
            [101.07498028820982, 5.918194367775925],
            [101.06986598942393, 5.917580623646927],
            [101.06293407624668, 5.920014637865279],
            [101.06112425538015, 5.919230306733311],
            [101.0597217761391, 5.916286561275854],
            [101.05599886435618, 5.916235948330382],
            [101.05565618398577, 5.9125282719622305],
            [101.05203652786355, 5.9106318059131695],
            [101.04950993833307, 5.91149547973265],
            [101.04533923162029, 5.916122199380027],
            [101.03697703756029, 5.917446910646447],
            [101.03166382402634, 5.914921958781406],
            [101.02801613693521, 5.915087292844362],
            [101.02622419279231, 5.913624695723172],
            [101.0252656917583, 5.911526191580549],
            [101.02679824264482, 5.908700985761925],
            [101.02645745714597, 5.907009326819036],
            [101.02925941369102, 5.903800908185417],
            [101.02915039337603, 5.901288517151386],
            [101.02407012763433, 5.897280438441555],
            [101.02299294037198, 5.892310172376597],
            [101.01967124493206, 5.889582827185791],
            [101.01810900292821, 5.885595226038902],
            [101.0143802437533, 5.882163540814815],
            [101.01323765419443, 5.875123075869283],
            [101.00907562144283, 5.87373331124337],
            [101.00891166783924, 5.872858621628154],
            [101.00984627838312, 5.863767402943324],
            [101.0090224211479, 5.857132028620299],
            [101.00669551078926, 5.851310622587221],
            [101.00934004280879, 5.841464021047784],
            [101.01212930991977, 5.8378823010274346],
            [101.00854038363184, 5.836359857621403],
            [101.00733716717656, 5.832957395867197],
            [101.00431662681092, 5.830049045027465],
            [101.0010544628932, 5.82852875729634],
            [101.00178744543433, 5.824716495170151],
            [100.99987951212984, 5.822728025777792],
            [100.99919841057823, 5.819034352753249],
            [100.9920713598055, 5.811743500362297],
            [100.98476339241671, 5.809823990984455],
            [100.98379320559201, 5.8067572155731],
            [100.98493157103525, 5.80438613411286],
            [100.98462227709649, 5.802934157085701],
            [100.98825302455748, 5.797273226977893],
            [100.98882152019706, 5.785857679888068],
            [100.98968019738328, 5.783815699035358],
            [100.99068344508498, 5.782968471118124],
            [100.99356836229015, 5.784880131213129],
            [100.99630368986345, 5.784167426585498],
            [100.99761401917169, 5.780210362818025],
            [101.0028730764314, 5.7793193837825925],
            [101.00499853505443, 5.775196529995924],
            [101.00725353562223, 5.774064663053821],
            [101.00710173725543, 5.770366298266083],
            [101.01879931893347, 5.766212979945124],
            [101.01999097100656, 5.759226325934264],
            [101.02461770324447, 5.752544500728163],
            [101.02683425959344, 5.750951084624887],
            [101.02852913990796, 5.7460601567509],
            [101.03371678829922, 5.738678494417059],
            [101.03667106481782, 5.737457075683551],
            [101.0409416043716, 5.7407231138806765],
            [101.05063912709409, 5.740724974577972],
            [101.05364973174977, 5.744578513787417],
            [101.05481118458857, 5.7430287471789825],
            [101.05616916177746, 5.744632081005761],
            [101.06006232421697, 5.744339209586883],
            [101.06107488889506, 5.742440964678849],
            [101.05919550187099, 5.734190165144071],
            [101.06284524571157, 5.731562284072197],
            [101.06214507403598, 5.726895560781543],
            [101.06597599709465, 5.726797197432745],
            [101.06795452987774, 5.728757918243389],
            [101.07581226272578, 5.7254534070491445],
            [101.07904961974424, 5.7220022865762985],
            [101.08256867230642, 5.721427311321406],
            [101.08232298022142, 5.719314397341634],
            [101.08012073658278, 5.717231939802218],
            [101.08117273293533, 5.715241821053269],
            [101.07996540927627, 5.71383137831549],
            [101.08087597914317, 5.709995386677804],
            [101.08174461092511, 5.709898163669379],
            [101.08386636344198, 5.712415939843822],
            [101.08521270520225, 5.7124504711123905],
            [101.08582786216618, 5.711714363427177],
            [101.08527974516414, 5.708721657978174],
            [101.08844738403963, 5.704669027753482],
            [101.09514311366382, 5.70359993978542],
            [101.09655514730224, 5.700219857660329],
            [101.09476075160745, 5.697088756441019],
            [101.09662855986022, 5.694799230000513],
            [101.09685060067471, 5.69225351458806],
            [101.09986982892951, 5.68908117585562],
            [101.10280666129842, 5.68885746230211],
            [101.1046070590686, 5.684486038599857],
            [101.11054258007607, 5.681528489448283],
            [101.11468287801245, 5.675226863429032],
            [101.11830170855706, 5.6718036902881295],
            [101.11967584656315, 5.6636453473549295],
            [101.1231934368277, 5.661714779913211],
            [101.1228463632691, 5.657022395367278],
            [101.125688065352, 5.651343679367358],
            [101.12519124388086, 5.646413408851799],
            [101.12800841425695, 5.6422162845539106],
            [101.12919626039917, 5.638361312724442],
            [101.12781863662082, 5.631920006703012],
            [101.13099132788756, 5.620664482280063],
            [101.13296865288106, 5.618181339896978],
            [101.13294039618239, 5.614288447254069],
            [101.13459454620141, 5.6127376428279945],
            [101.13908848994191, 5.614486903347938],
            [101.14130335466615, 5.613593974582329],
            [101.14396310591269, 5.614376946838661],
            [101.14472909986813, 5.623195178115054],
            [101.1484330197681, 5.624182763223985],
            [101.15156995758753, 5.622664876682734],
            [101.1566414441474, 5.626999580166512],
            [101.16348362207157, 5.630493119861626],
            [101.16815600659447, 5.635605465319998],
            [101.16654127296141, 5.6412220093882866],
            [101.17137846184659, 5.64753995990128],
            [101.1761893158843, 5.647831021884201],
            [101.18352975779214, 5.649951057595274],
            [101.18624684441642, 5.649585454405269],
            [101.18811211208435, 5.650673965930821],
            [101.19064808693975, 5.64939146344534],
            [101.19506805334805, 5.649380994437365],
            [101.19901099686007, 5.651347523969093],
            [101.20080826139218, 5.653988849006225],
            [101.20260859171321, 5.654453227434544],
            [101.20447871482088, 5.65986950507363],
            [101.20836172841109, 5.6594699695634745],
            [101.21374425359448, 5.6614817188063284],
            [101.2144615870327, 5.663981886255101],
            [101.21784868836636, 5.666409842640178],
            [101.21802727843624, 5.672282057670884],
            [101.22180042544932, 5.675593549402834],
            [101.22119823221271, 5.678265847091211],
            [101.21860132738942, 5.681088684994847],
            [101.2181778123562, 5.687674593008126],
            [101.22430895389516, 5.688402989906081],
            [101.23300445738988, 5.687833799090583],
            [101.23554997764938, 5.690057316192224],
            [101.24169461801227, 5.691145914052754],
            [101.24492276957022, 5.696019853733333],
            [101.2488371182385, 5.696642779041042],
            [101.2506012949139, 5.699112787725028],
            [101.24860184659798, 5.704640862785652],
            [101.2502484207281, 5.7055230140758795],
            [101.25171856136257, 5.70863992309404],
            [101.2555997754094, 5.709698516873118],
            [101.25659947528561, 5.711051137699883],
            [101.25918695431454, 5.711168772620795],
            [101.26083349606904, 5.717637820928758],
            [101.2575991355917, 5.719578513837405],
            [101.25883404595453, 5.7236363727204775],
            [101.25795193963035, 5.725459460385821],
            [101.25930447861884, 5.726812085709241],
            [101.25895161882221, 5.730458270033182],
            [101.25983370086465, 5.732693033156977],
            [101.25889278427462, 5.735457071586609],
            [101.2568933584418, 5.737162534223614],
            [101.25724618226553, 5.7396913423816045],
            [101.25477629858739, 5.742278943718304],
            [101.25360014722906, 5.746689645310937],
            [101.25555930321934, 5.752501838688943],
            [101.25087503955149, 5.758033747559466],
            [101.25011884281042, 5.76124522568665],
            [101.2544183171517, 5.769264976797274],
            [101.2544739474148, 5.772637081036521],
            [101.25681119098374, 5.774404083381796],
            [101.25904648380822, 5.778625145833871],
            [101.25871442443122, 5.7873484941377455],
            [101.26394750117629, 5.800636609591891],
            [101.26585266726681, 5.802653833008037],
            [101.26940948865706, 5.803379119151089],
            [101.27238324359189, 5.807258664955498],
            [101.27619521433775, 5.809846683577632],
            [101.27670940441556, 5.812021984427076],
            [101.2875990720396, 5.8143796318146315],
            [101.29076543028043, 5.816323246620584],
            [101.29234160458145, 5.815772793179917],
            [101.29544761021907, 5.812147839151521],
            [101.30130603504551, 5.81259460795485],
            [101.30433598321912, 5.8140081956217955],
            [101.307449275164, 5.8045766024283125],
            [101.3097311537698, 5.802659446576229],
            [101.31210003279034, 5.802162785184464],
            [101.3141693296509, 5.8027633398563125],
            [101.32078516979982, 5.812442591052786],
            [101.32336337322118, 5.813742100617503],
            [101.32655607080608, 5.813711442728959],
            [101.32931975220487, 5.811963413380852],
            [101.33217432358623, 5.811471432960332],
            [101.3372510936631, 5.806932059966641],
            [101.33918725668661, 5.8073912574006386],
            [101.34121307042693, 5.809616073123323],
            [101.34596542176683, 5.808905728316745],
            [101.34630058740225, 5.8124710635887595],
            [101.34826402776275, 5.816240064727253],
            [101.34742214631507, 5.822706434854126],
            [101.34859041061901, 5.825831312764933],
            [101.35398957236094, 5.828296186320017],
            [101.3586570259011, 5.833304551264064],
            [101.3618335968431, 5.831165115377814],
            [101.36738184009988, 5.831364676738474],
            [101.37002012542848, 5.832836509897049],
            [101.37241336888195, 5.83183780736897],
            [101.3743450281006, 5.832818282437813],
            [101.37470630285367, 5.834888337426889],
            [101.37364880714676, 5.837081319847073],
            [101.37699410799178, 5.844073942658383],
            [101.37932779923858, 5.8456667499206105],
            [101.37965513537625, 5.850640635756804],
            [101.38669756174312, 5.853962961621448],
            [101.38947360522275, 5.85834733735976],
            [101.38924960298687, 5.864835251645616],
            [101.39087545493834, 5.86947758262437],
            [101.39121512797584, 5.875841621593622],
            [101.39563223903667, 5.873312781060065],
            [101.39927418935241, 5.873158193895563],
            [101.40267943360902, 5.874375643920871],
            [101.4077013036723, 5.872135628756325],
            [101.41122456416235, 5.873644005866254],
            [101.41338233092989, 5.873114413099756],
            [101.41767985913827, 5.876517483694954],
            [101.42413414417547, 5.8741937479431385],
            [101.4276937291823, 5.875618800167558],
            [101.43183516835842, 5.8709866809905975],
            [101.43486851506998, 5.870877450234161],
            [101.43733250189348, 5.872613101313618],
            [101.4383041797941, 5.870794128046612],
            [101.4467713283342, 5.870751498383015],
            [101.45412777997313, 5.867376235724748],
            [101.45558811529935, 5.867990643553412],
            [101.45916482519658, 5.873460012669511],
            [101.46492310961389, 5.87663812594883],
            [101.4673903303995, 5.874800957598154],
            [101.47031413339062, 5.874682408966066],
            [101.47392120979606, 5.8702518890135025],
            [101.47899095886572, 5.872721130575769],
            [101.48511836911752, 5.8699604798922564],
            [101.48731895080897, 5.873659686445421],
            [101.48678773566553, 5.8830977691467865],
            [101.48794893939208, 5.883539976588679],
            [101.49410315303817, 5.881728064798381],
            [101.49884483572066, 5.8878820464193495],
            [101.50162401963286, 5.888853591220311],
            [101.49855200117395, 5.899722524075287],
            [101.49134193218447, 5.898195226128848],
            [101.48990096106058, 5.900930025800108],
            [101.49227804279752, 5.906832495823096],
            [101.48981965605236, 5.914424148955334],
            [101.4922748933717, 5.9227591583085655],
            [101.49068697032749, 5.926944678654024],
            [101.4912927869326, 5.931327645154738],
            [101.49007680370158, 5.936806195449606],
            [101.49319689092385, 5.941134327587179],
            [101.49524916901402, 5.942229391573221],
            [101.49708406028122, 5.948410976085711],
            [101.49539687276751, 5.95071650776066],
            [101.4918777266758, 5.949312034722652],
            [101.49114308758351, 5.95449101544807],
            [101.48710606329422, 5.9551707068627024],
            [101.48615805824784, 5.9561335786017935],
            [101.48474558124366, 5.961829954588779],
            [101.4856955261277, 5.968185618171788],
            [101.48329179208258, 5.972511008276456],
            [101.48409554677215, 5.978340866138126],
            [101.48297119906164, 5.978741363922836],
            [101.48032777860413, 5.976210786798447],
            [101.47884410497153, 5.976377342140665],
            [101.47663777031693, 5.9803267670666855],
            [101.47546731076784, 5.9885375054016095],
            [101.47261415761733, 5.98868651317207],
            [101.47817696809267, 5.997853122024026],
            [101.47788098501951, 6.00814430701422],
            [101.48217417040172, 6.012106650701412],
            [101.47779478410206, 6.020511035555899],
            [101.47730504029545, 6.026117993750461],
            [101.47948121528594, 6.029188944714065],
            [101.47846068171515, 6.034453739648427],
            [101.47411811006276, 6.039245889586198],
            [101.47453975180815, 6.040455357229007],
            [101.47804981474724, 6.04237973103983],
            [101.47858376113174, 6.046998001556574],
            [101.47850217373639, 6.052499161706976],
            [101.47670129842624, 6.057771491161418],
            [101.47582815744357, 6.065899008932149],
            [101.4731310627484, 6.068431265090851],
            [101.4695331171597, 6.074389684636287],
            [101.46749852243892, 6.080155125858425],
            [101.46576706399884, 6.080250587994271],
            [101.46145467539304, 6.077550331282794],
            [101.45368778576278, 6.078011573775143],
            [101.44656718672633, 6.082386739556455],
            [101.44467463722481, 6.086678885322328],
            [101.44020531782121, 6.091226169652032],
            [101.4377500211466, 6.096386288896156],
            [101.43803360796471, 6.104816620091015],
            [101.44098228080765, 6.110529573281212],
            [101.43954211277833, 6.113910784954783],
            [101.43719853078761, 6.113836121439874],
            [101.43587854815655, 6.114849032357029],
            [101.43773936777768, 6.121597008994797],
            [101.43524183714112, 6.128656262576499],
            [101.43187530689994, 6.128035756445058],
            [101.43006625855105, 6.128989032417962],
            [101.42799686276504, 6.135147323590161],
            [101.42737428369628, 6.1407454621333954],
            [101.4254229617004, 6.143569767730639],
            [101.42337680529539, 6.144274436016474],
            [101.41710426784772, 6.143330066029762],
            [101.41514552284764, 6.143835747621722],
            [101.4142131228374, 6.147529059118824],
            [101.41135366543938, 6.151003139283489],
            [101.41220253102205, 6.155630390430247],
            [101.41147729524107, 6.157517058365613],
            [101.40584142744001, 6.1573690731243005],
            [101.40250405681684, 6.158641029260139],
            [101.39739493722664, 6.1581561597790255],
            [101.39319205906634, 6.160645952648622],
            [101.38739050736609, 6.166891093149502],
            [101.3858597731101, 6.171568098389059],
            [101.38637273201601, 6.179104014238931],
            [101.38567579070525, 6.183297111372667],
            [101.37472088805862, 6.204302964010651],
            [101.37122077342002, 6.2078985425837345],
            [101.371919212102, 6.209700896379331],
            [101.38006216044039, 6.215262652849219],
            [101.39529114507036, 6.223138204864313],
            [101.39756365723707, 6.230569433332732],
            [101.40156904157806, 6.235830832427041],
            [101.40338474131283, 6.239909933296815],
            [101.40149261988853, 6.241487593277839],
            [101.39702328159922, 6.24259201920637],
            [101.39511062415602, 6.2454343103452175],
            [101.39715622478002, 6.249973639272071],
            [101.39780690856202, 6.254759398627414],
            [101.40102717396496, 6.2586323811794955],
            [101.39986104105424, 6.265350504821981],
            [101.40261161393488, 6.271422515037102],
            [101.39947824012876, 6.2779333026797985],
            [101.39944586813237, 6.281590095406614],
            [101.39480053341794, 6.286869549290316],
            [101.39552633397318, 6.2928604667371815],
            [101.39391919601417, 6.300176628748488],
            [101.39899267097502, 6.308684543556865],
            [101.40006068605186, 6.317226655985451],
            [101.39874558763881, 6.319768586151383],
            [101.39165170835969, 6.32451486077224],
            [101.38885892939612, 6.327786672616924],
            [101.38880721298256, 6.332873364014574],
            [101.38757556536012, 6.336880859963742],
            [101.38869736619057, 6.3400476669663135],
            [101.39662904309591, 6.347949135644171],
            [101.39851583064114, 6.358387772577714],
            [101.39981770542283, 6.36017191600115],
            [101.40368362290093, 6.3625587472884035],
            [101.40884643741322, 6.367583228083561],
            [101.41464523538934, 6.370211163114732],
            [101.41677237304663, 6.372646085648398],
            [101.41998041306567, 6.3814886291969515],
            [101.41996638813833, 6.388121147273182],
            [101.41871894482352, 6.390986521310936],
            [101.41256169056965, 6.394827379180242],
            [101.41184003768763, 6.396248806237452],
            [101.4126844965923, 6.39825574320804],
            [101.41841899663945, 6.401412544353491],
            [101.42039591424009, 6.404042426416879],
            [101.42167676287238, 6.40982035202768],
            [101.42487745003433, 6.413768527795355],
            [101.42193258222295, 6.417477995613069],
            [101.42447445663095, 6.422048959991571],
            [101.43566949355233, 6.429494163025254],
            [101.44399816358447, 6.428513889404542],
            [101.44735019495562, 6.430159185597972],
            [101.4558738434032, 6.431463862667158],
            [101.45842701239678, 6.430557384715598],
            [101.46139832657155, 6.425012360132371],
            [101.46364260272401, 6.4234097331727185],
            [101.46646272737303, 6.423424959594286],
            [101.46866054095125, 6.425310086990976],
            [101.4695758277623, 6.42880620324371],
            [101.46387519618344, 6.44402382673826],
            [101.46630623634377, 6.4500912818871825],
            [101.46230384224856, 6.455653777599821],
            [101.46228129534558, 6.45764903687359],
            [101.46463301170417, 6.461307099443161],
            [101.4633037111974, 6.464356531428848],
            [101.46362569187227, 6.465887655990571],
            [101.47071199975903, 6.4633360221397425],
            [101.47918211516253, 6.463982260572891],
            [101.48338456434624, 6.461733352911949],
            [101.48501143702828, 6.4632183584405425],
            [101.48665781960273, 6.463146482823959],
            [101.49687281942516, 6.4543718371905925],
            [101.50105661666959, 6.452937759370172],
            [101.50365631029052, 6.4541904115582724],
            [101.50756242926275, 6.452908606946721],
            [101.50927661442427, 6.453431133739855],
            [101.51262404936045, 6.456499884062453],
            [101.51553046126185, 6.457505098581464],
            [101.52096971927716, 6.4644693846544214],
            [101.52446661164487, 6.466105925048453],
            [101.53160508110966, 6.467124443238504],
            [101.53530710793672, 6.471955205568349],
            [101.54067934757387, 6.475598161326161],
            [101.54186695539573, 6.47988842031441],
            [101.54494772965404, 6.480950133841645],
            [101.54677809733141, 6.483111634594309],
            [101.55110750290902, 6.481705453743757],
            [101.55443690284085, 6.483019458581225],
            [101.55903830207603, 6.487180570427029],
            [101.56454850940622, 6.495711647274732],
            [101.56713161503205, 6.4975037586915505],
            [101.57387722285563, 6.499273560626364],
            [101.57950214860534, 6.506634548445675],
            [101.58119177058381, 6.510604557054705],
            [101.58769903917937, 6.513549007580707],
            [101.5912306067072, 6.517894141401541],
            [101.59256297030487, 6.521438891191906],
            [101.59351493416693, 6.529304207123516],
            [101.60209755295978, 6.533809536281126],
            [101.60546199137787, 6.540067226821122],
            [101.60882962778516, 6.543330202826667],
            [101.6071334713327, 6.545799335570905],
            [101.598370321733, 6.551428528603765],
            [101.59710425255929, 6.560513409766088],
            [101.59215897955335, 6.56542527026005],
            [101.58688480109276, 6.562565945062374],
            [101.58139109182548, 6.555962744884823],
            [101.57453035369292, 6.555188890854652],
            [101.57231344840699, 6.5532623092082645],
            [101.56409002423527, 6.549815985719192],
            [101.55052648690793, 6.555241437342488],
            [101.5352487032651, 6.556270642176457],
            [101.53024497792347, 6.561513402821333],
            [101.52632187435506, 6.57116556104188],
            [101.51782167213253, 6.57709641816524],
            [101.51803580880556, 6.580137069170462],
            [101.52156028068248, 6.583724066412572],
            [101.52078171600346, 6.587791645168352],
            [101.51857010592573, 6.59155285817792],
            [101.51347079973766, 6.595516733410591],
            [101.50922844493687, 6.601863350713131],
            [101.50590727200307, 6.603598266147117],
            [101.5023919309429, 6.604248111761024],
            [101.49761504070165, 6.6008089315869825],
            [101.49464196295628, 6.600065026779589],
            [101.49326940685768, 6.60271620478909],
            [101.4939687799353, 6.60594173842054],
            [101.49190377463952, 6.604175865623745],
            [101.49051216910141, 6.605526259729174],
            [101.49066902975198, 6.603316811621596],
            [101.48906864570148, 6.6043462277962135],
            [101.488479854162, 6.602217089147416],
            [101.48668421830212, 6.60354134355822],
            [101.48414825243998, 6.600383120584581],
            [101.48167539740172, 6.601270987066471],
            [101.47828889681517, 6.597969240388181],
            [101.47614165841088, 6.597771190787853],
            [101.4753388606, 6.595304154363305],
            [101.47155393156874, 6.59593694163658],
            [101.46883678019333, 6.586500644988803],
            [101.46121321461823, 6.586314022174406],
            [101.45704273633328, 6.585046638191841],
            [101.45746714079598, 6.581179657715097],
            [101.45271911519507, 6.575820808983224],
            [101.4468854190269, 6.576906277202966],
            [101.44199051794811, 6.5803683721027255],
            [101.43699621030692, 6.582227778888921],
            [101.42991637663954, 6.58218486863683],
            [101.42260410059885, 6.584189586979903],
            [101.41470016777856, 6.584299597448535],
            [101.41207224084133, 6.582765606747387],
            [101.40818437990526, 6.582118345785091],
            [101.39939674896084, 6.573602359561278],
            [101.3937170257202, 6.571751824587068],
            [101.38978122102657, 6.568857415937032],
            [101.38707383089263, 6.568520654004999],
            [101.38208947155192, 6.569625060148439],
            [101.37773773310994, 6.567038120712766],
            [101.3695107413277, 6.566083993081861],
            [101.36267722297549, 6.563553245086268],
            [101.35583146574959, 6.558649211392037],
            [101.34941471211931, 6.557032566699661],
            [101.34365655540574, 6.558544127409618],
            [101.33750675113572, 6.565117503370118],
            [101.33100362571679, 6.566330764353324],
            [101.32740451280807, 6.573475226900257],
            [101.32279922220641, 6.570526778887768],
            [101.31463753919115, 6.569705881321397],
            [101.31021426957295, 6.565296639328494],
            [101.30507555509286, 6.566583514317756],
            [101.30054751355698, 6.572132681178346],
            [101.30014646988371, 6.576248585903556],
            [101.29787029477836, 6.5800402040921995],
            [101.29888294399274, 6.588206858559715],
            [101.29290623223687, 6.602907615594006],
            [101.29217106164526, 6.614894578422081],
            [101.29463896141897, 6.617487580187742],
            [101.30162290936983, 6.618776123419423],
            [101.30270000759936, 6.620295339158645],
            [101.29720171898418, 6.635456726246957],
            [101.29894384158507, 6.64276737541411],
            [101.29776692580305, 6.649334619796889],
            [101.29592366814285, 6.6534299624228765],
            [101.29061739377778, 6.660453084842061],
            [101.28936738829441, 6.663828202709453],
            [101.2902428180517, 6.6682494839266155],
            [101.29661031941077, 6.6766526097301835],
            [101.29287750699143, 6.680489065418101]
          ]
        ]
      }
    },
    {
      "type": "Feature",
      "properties": {
        "province_code": "96",
        "province_th": "นราธิวาส",
        "province_en": "Narathiwat"
      },
      "geometry": {
        "type": "Polygon",
        "coordinates": [
          [
            [101.63254883306223, 6.625108509849895],
            [101.63283762155902, 6.631417504913941],
            [101.63084842011853, 6.63560646786425],
            [101.6296657198971, 6.633071132426892],
            [101.62962594827894, 6.626954528428769],
            [101.62639986156444, 6.624772826205003],
            [101.62309401937358, 6.625451690243381],
            [101.62234124365352, 6.6268727656656665],
            [101.62627139610811, 6.630329203829717],
            [101.62507593001021, 6.633484600234169],
            [101.62351642014676, 6.633756476080578],
            [101.6194391943634, 6.629896536396075],
            [101.61520576083723, 6.62981805256112],
            [101.612726374023, 6.633633419147031],
            [101.60924853559152, 6.631865092100384],
            [101.60401974411593, 6.630868422939443],
            [101.60282231569738, 6.62733077869251],
            [101.59996850604176, 6.623906572230567],
            [101.59618703670242, 6.624007125428534],
            [101.59210465870308, 6.626034128072604],
            [101.58875350057366, 6.626174746067704],
            [101.58215773509147, 6.629286332898005],
            [101.57915108655345, 6.6252526675766035],
            [101.5744314048855, 6.621303968403481],
            [101.57721205739057, 6.611124010664582],
            [101.57384342723242, 6.601210082279522],
            [101.57452114463518, 6.597802929661498],
            [101.57900372813958, 6.592678816574164],
            [101.58308136491314, 6.590742402639819],
            [101.58845354339638, 6.5897345998719175],
            [101.59131879962297, 6.5856383381388355],
            [101.59626816274556, 6.581372603662771],
            [101.5970245942097, 6.578364905615956],
            [101.59391070601436, 6.573659885595305],
            [101.59472147901312, 6.568376175220351],
            [101.59285377238376, 6.565124759100399],
            [101.59710425255929, 6.560513409766088],
            [101.598370321733, 6.551428528603765],
            [101.6071334713327, 6.545799335570905],
            [101.60882962778516, 6.543330202826667],
            [101.60546199137787, 6.540067226821122],
            [101.60209755295978, 6.533809536281126],
            [101.59351493416693, 6.529304207123516],
            [101.59256297030487, 6.521438891191906],
            [101.5912306067072, 6.517894141401541],
            [101.58769903917937, 6.513549007580707],
            [101.58119177058381, 6.510604557054705],
            [101.57950214860534, 6.506634548445675],
            [101.57387722285563, 6.499273560626364],
            [101.56713161503205, 6.4975037586915505],
            [101.56454850940622, 6.495711647274732],
            [101.55903830207603, 6.487180570427029],
            [101.55443690284085, 6.483019458581225],
            [101.55110750290902, 6.481705453743757],
            [101.54677809733141, 6.483111634594309],
            [101.54494772965404, 6.480950133841645],
            [101.54186695539573, 6.47988842031441],
            [101.54067934757387, 6.475598161326161],
            [101.53530710793672, 6.471955205568349],
            [101.53160508110966, 6.467124443238504],
            [101.52171172741436, 6.464920978320549],
            [101.51877412972237, 6.462530386068522],
            [101.51553046126185, 6.457505098581464],
            [101.51262404936045, 6.456499884062453],
            [101.5079762262219, 6.452882281092457],
            [101.50365631029052, 6.4541904115582724],
            [101.50105661666959, 6.452937759370172],
            [101.49687281942516, 6.4543718371905925],
            [101.48665781960273, 6.463146482823959],
            [101.48501143702828, 6.4632183584405425],
            [101.48338456434624, 6.461733352911949],
            [101.47918211516253, 6.463982260572891],
            [101.47071199975903, 6.4633360221397425],
            [101.46362569187227, 6.465887655990571],
            [101.4633037111974, 6.464356531428848],
            [101.46463301170417, 6.461307099443161],
            [101.46228129534558, 6.45764903687359],
            [101.46230384224856, 6.455653777599821],
            [101.46630623634377, 6.4500912818871825],
            [101.46387519618344, 6.44402382673826],
            [101.4695758277623, 6.42880620324371],
            [101.46799942593282, 6.42451793085786],
            [101.46524458307113, 6.423049536706799],
            [101.46364260272401, 6.4234097331727185],
            [101.46139832657155, 6.425012360132371],
            [101.45842701239678, 6.430557384715598],
            [101.4558738434032, 6.431463862667158],
            [101.44735019495562, 6.430159185597972],
            [101.44399816358447, 6.428513889404542],
            [101.43566949355233, 6.429494163025254],
            [101.42400612658156, 6.421411716577495],
            [101.42193258222295, 6.417477995613069],
            [101.42487745003433, 6.413768527795355],
            [101.42167676287238, 6.40982035202768],
            [101.42110180740252, 6.405488056029014],
            [101.41924383503499, 6.402097833148503],
            [101.4126844965923, 6.39825574320804],
            [101.41184003768763, 6.396248806237452],
            [101.41256169056965, 6.394827379180242],
            [101.41871894482352, 6.390986521310936],
            [101.41996638813833, 6.388121147273182],
            [101.41998041306567, 6.3814886291969515],
            [101.41677237304663, 6.372646085648398],
            [101.41464523538934, 6.370211163114732],
            [101.40884643741322, 6.367583228083561],
            [101.40368362290093, 6.3625587472884035],
            [101.39981770542283, 6.36017191600115],
            [101.39851583064114, 6.358387772577714],
            [101.39662904309591, 6.347949135644171],
            [101.38869736619057, 6.3400476669663135],
            [101.3874434369651, 6.335839284955057],
            [101.38866397975892, 6.333772231003707],
            [101.38850232482247, 6.329803348345877],
            [101.38995052020039, 6.326108388391447],
            [101.39874558763881, 6.319768586151383],
            [101.40006068605186, 6.317226655985451],
            [101.39899267097502, 6.308684543556865],
            [101.39391919601417, 6.300176628748488],
            [101.39552633397318, 6.2928604667371815],
            [101.39480053341794, 6.286869549290316],
            [101.39944586813237, 6.281590095406614],
            [101.39947824012876, 6.2779333026797985],
            [101.40261161393488, 6.271422515037102],
            [101.39986104105424, 6.265350504821981],
            [101.40102717396496, 6.2586323811794955],
            [101.39780690856202, 6.254759398627414],
            [101.39715622478002, 6.249973639272071],
            [101.39511062415602, 6.2454343103452175],
            [101.39702328159922, 6.24259201920637],
            [101.40149261988853, 6.241487593277839],
            [101.40338474131283, 6.239909933296815],
            [101.40156904157806, 6.235830832427041],
            [101.39756365723707, 6.230569433332732],
            [101.39529114507036, 6.223138204864313],
            [101.38006216044039, 6.215262652849219],
            [101.371919212102, 6.209700896379331],
            [101.37122077342002, 6.2078985425837345],
            [101.37472088805862, 6.204302964010651],
            [101.38567579070525, 6.183297111372667],
            [101.38637273201601, 6.179104014238931],
            [101.3858597731101, 6.171568098389059],
            [101.38739050736609, 6.166891093149502],
            [101.39319205906634, 6.160645952648622],
            [101.39739493722664, 6.1581561597790255],
            [101.40250405681684, 6.158641029260139],
            [101.40584142744001, 6.1573690731243005],
            [101.41147729524107, 6.157517058365613],
            [101.41220253102205, 6.155630390430247],
            [101.41135366543938, 6.151003139283489],
            [101.4142131228374, 6.147529059118824],
            [101.41514552284764, 6.143835747621722],
            [101.41710426784772, 6.143330066029762],
            [101.42337680529539, 6.144274436016474],
            [101.4254229617004, 6.143569767730639],
            [101.42737428369628, 6.1407454621333954],
            [101.42799686276504, 6.135147323590161],
            [101.43006625855105, 6.128989032417962],
            [101.43187530689994, 6.128035756445058],
            [101.43524183714112, 6.128656262576499],
            [101.43773936777768, 6.121597008994797],
            [101.43587854815655, 6.114849032357029],
            [101.43719853078761, 6.113836121439874],
            [101.43954211277833, 6.113910784954783],
            [101.44098228080765, 6.110529573281212],
            [101.43803360796471, 6.104816620091015],
            [101.4377500211466, 6.096386288896156],
            [101.44020531782121, 6.091226169652032],
            [101.44467463722481, 6.086678885322328],
            [101.44656718672633, 6.082386739556455],
            [101.45368778576278, 6.078011573775143],
            [101.46145467539304, 6.077550331282794],
            [101.46576706399884, 6.080250587994271],
            [101.46749852243892, 6.080155125858425],
            [101.4695331171597, 6.074389684636287],
            [101.4731310627484, 6.068431265090851],
            [101.47582815744357, 6.065899008932149],
            [101.47670129842624, 6.057771491161418],
            [101.47850217373639, 6.052499161706976],
            [101.47858376113174, 6.046998001556574],
            [101.47804981474724, 6.04237973103983],
            [101.47453975180815, 6.040455357229007],
            [101.47411811006276, 6.039245889586198],
            [101.47846068171515, 6.034453739648427],
            [101.47948121528594, 6.029188944714065],
            [101.47730504029545, 6.026117993750461],
            [101.47779478410206, 6.020511035555899],
            [101.48217417040172, 6.012106650701412],
            [101.47788098501951, 6.00814430701422],
            [101.47817696809267, 5.997853122024026],
            [101.47261415761733, 5.98868651317207],
            [101.47546731076784, 5.9885375054016095],
            [101.47663777031693, 5.9803267670666855],
            [101.47884410497153, 5.976377342140665],
            [101.48032777860413, 5.976210786798447],
            [101.48297119906164, 5.978741363922836],
            [101.48409554677215, 5.978340866138126],
            [101.48329179208258, 5.972511008276456],
            [101.4856955261277, 5.968185618171788],
            [101.48474558124366, 5.961829954588779],
            [101.48615805824784, 5.9561335786017935],
            [101.48710606329422, 5.9551707068627024],
            [101.49114308758351, 5.95449101544807],
            [101.4918777266758, 5.949312034722652],
            [101.49539687276751, 5.95071650776066],
            [101.49708406028122, 5.948410976085711],
            [101.49524916901402, 5.942229391573221],
            [101.49319689092385, 5.941134327587179],
            [101.49007680370158, 5.936806195449606],
            [101.4912927869326, 5.931327645154738],
            [101.49068697032749, 5.926944678654024],
            [101.4922748933717, 5.9227591583085655],
            [101.48989159462144, 5.915876687159425],
            [101.49227804279752, 5.906832495823096],
            [101.48990096106058, 5.900930025800108],
            [101.49061461717093, 5.898790471203313],
            [101.49394941033705, 5.898221396400345],
            [101.4983096509697, 5.899960858806651],
            [101.501800041239, 5.889397440939206],
            [101.50754955726632, 5.8939215245587775],
            [101.50830823613626, 5.89705058791435],
            [101.51168049505884, 5.899245002954558],
            [101.51331072041347, 5.903426268607461],
            [101.51520152343164, 5.903859633915033],
            [101.51783212495269, 5.899681950261822],
            [101.52016750512632, 5.900673165034561],
            [101.52200619512985, 5.8987327212381615],
            [101.52338478927669, 5.898651770562822],
            [101.52494413186628, 5.901490047127993],
            [101.52458313860103, 5.905610088734647],
            [101.52638383134882, 5.909477134861959],
            [101.53285963086734, 5.914631915730354],
            [101.5364296722916, 5.915192615147134],
            [101.53953635601806, 5.918919726764045],
            [101.55023575137886, 5.919852068318335],
            [101.55431339085038, 5.921084444391624],
            [101.55659200042055, 5.91943927500256],
            [101.55929865221111, 5.9190794121851695],
            [101.56254772020117, 5.921480818784801],
            [101.56515974712471, 5.921643276815814],
            [101.56899765521769, 5.924444634412396],
            [101.57259863691763, 5.925534453552245],
            [101.57532392805689, 5.930535304660623],
            [101.58162024537808, 5.934341925339652],
            [101.58215801118331, 5.932831163227661],
            [101.58498701034233, 5.932610379665334],
            [101.58776020926632, 5.929951457593745],
            [101.58945825609368, 5.918588966008031],
            [101.59464438732869, 5.914860856143662],
            [101.59694500600727, 5.914270017747185],
            [101.59772319656832, 5.911958766384032],
            [101.59948891827901, 5.911985805400661],
            [101.60118492634331, 5.913753683685627],
            [101.6042445278627, 5.913630893850723],
            [101.6082735697695, 5.915087301837559],
            [101.61508151320135, 5.91094393271635],
            [101.61447178724325, 5.9057843287837954],
            [101.61510885708816, 5.9007815288445045],
            [101.6181999618588, 5.8960340779104286],
            [101.62186088876905, 5.8959486018465554],
            [101.62290048616859, 5.877375480094372],
            [101.63192788986026, 5.875322275702501],
            [101.63770972392467, 5.871109188438368],
            [101.64146075391074, 5.870501818704042],
            [101.64693917919982, 5.874632338311812],
            [101.65181085079018, 5.876097504796064],
            [101.65405937623927, 5.877830098180539],
            [101.65870871113816, 5.8748707279017935],
            [101.65899042197043, 5.871195769769031],
            [101.66178893321273, 5.868534523849235],
            [101.66263149095062, 5.86620004839358],
            [101.6594747455631, 5.86406579889757],
            [101.65556301302269, 5.857321021148266],
            [101.65712991531342, 5.854058582937284],
            [101.66003533885987, 5.8524411927069195],
            [101.66119877830101, 5.848068625067015],
            [101.65960104455263, 5.841991575051168],
            [101.65664558182817, 5.8382496084327045],
            [101.65856330335384, 5.832539980036074],
            [101.65884677865597, 5.825907282994763],
            [101.65725991411381, 5.822882053563944],
            [101.65819895471805, 5.814905699238693],
            [101.65764126533219, 5.812397204967056],
            [101.65909418215085, 5.811909528701847],
            [101.66267747238749, 5.814845148784627],
            [101.66427927556816, 5.8138191608256875],
            [101.66755682868478, 5.8080921458359285],
            [101.66430194657761, 5.80082367936933],
            [101.66986857557436, 5.7954222189603115],
            [101.66893828987025, 5.790932382423534],
            [101.67167048240691, 5.787456589949727],
            [101.67408717838066, 5.786372226097399],
            [101.67847181941897, 5.781241926573728],
            [101.68447747225758, 5.783376059157831],
            [101.68767374284903, 5.7809814658220375],
            [101.6901211542679, 5.7716660857213355],
            [101.689720270674, 5.767011285642354],
            [101.68781525656891, 5.764253512789423],
            [101.68951062431591, 5.7634459054042395],
            [101.68964066898172, 5.760824379841324],
            [101.69119056059594, 5.758135156012713],
            [101.69042045314148, 5.756372974932901],
            [101.69133485142231, 5.755185424667673],
            [101.69777184339591, 5.752479895231033],
            [101.70216839955208, 5.752771131682437],
            [101.70683398340168, 5.7551027445960585],
            [101.70978362391514, 5.761998837776218],
            [101.71442078738949, 5.763610382413276],
            [101.71684034230799, 5.774608625187966],
            [101.71667344342472, 5.785724816746949],
            [101.7181518614193, 5.788290858636287],
            [101.71988827242592, 5.787847090870571],
            [101.7215583116668, 5.780009593667842],
            [101.72532551326191, 5.782087400812941],
            [101.72685832675046, 5.785293598121086],
            [101.72849902381097, 5.783906723016912],
            [101.73360310000311, 5.784461988729845],
            [101.73673664468049, 5.782343121238114],
            [101.73886906585477, 5.782178653222331],
            [101.7409229986975, 5.783866710380437],
            [101.74119214869876, 5.786477737257826],
            [101.7434223810381, 5.789404863243874],
            [101.74387545318967, 5.793606217952629],
            [101.74627701177474, 5.794298206696908],
            [101.74786187712397, 5.792928473570271],
            [101.75344683610268, 5.797215473415406],
            [101.75729339567374, 5.795570245570445],
            [101.7606554661769, 5.7953031154464725],
            [101.76569124965152, 5.789375162234023],
            [101.76895677613436, 5.788922667447196],
            [101.77103241141674, 5.786832965868712],
            [101.77358774957503, 5.786391592098369],
            [101.7763415420286, 5.783402265402287],
            [101.77384253560462, 5.773521172164408],
            [101.7750647466408, 5.769295953045855],
            [101.77662462882364, 5.766156521406401],
            [101.7865598954229, 5.757214068574456],
            [101.78937136859383, 5.753541903735936],
            [101.79265760016818, 5.750871726648938],
            [101.79415800209017, 5.751637336593831],
            [101.79934358473872, 5.750417355876323],
            [101.80133587624977, 5.746566244836401],
            [101.80389842517224, 5.744562736980754],
            [101.80903723228249, 5.74336636076896],
            [101.8144361476102, 5.737999458608158],
            [101.81562981956057, 5.733449618405189],
            [101.82128911290232, 5.733515439785776],
            [101.82289877705699, 5.732734564748398],
            [101.82585120277088, 5.733961379414154],
            [101.82697249098771, 5.738476339411591],
            [101.82405637180415, 5.744627396437238],
            [101.82379267619109, 5.752592077562383],
            [101.82263128180824, 5.75403788434096],
            [101.81897448458483, 5.754190518177893],
            [101.81829209610339, 5.756275910205147],
            [101.82104199629117, 5.758505743245507],
            [101.82237976211638, 5.762307884401366],
            [101.82456926416029, 5.764814724819757],
            [101.82586644358156, 5.76975571795208],
            [101.8349222811384, 5.784325664997482],
            [101.83574637399602, 5.788629242945262],
            [101.83751194372127, 5.788940040550472],
            [101.8378428105973, 5.790018979692206],
            [101.84052405474137, 5.79000255357505],
            [101.84046359332024, 5.791567723771493],
            [101.84290329305259, 5.78887553307942],
            [101.84604412403718, 5.790286475840219],
            [101.85473744667587, 5.791051708069915],
            [101.85633613280635, 5.793929233747178],
            [101.85759857771222, 5.791889530877199],
            [101.86614243032898, 5.791013342991448],
            [101.86674964178258, 5.792792766772834],
            [101.86590662628981, 5.793673598757607],
            [101.86384477041986, 5.793643037096558],
            [101.86355823202683, 5.79768572621532],
            [101.86032890055839, 5.798736319625505],
            [101.86081505067409, 5.801470865687975],
            [101.86557118815989, 5.804071580938739],
            [101.86726170766173, 5.8025819007341966],
            [101.86815963665799, 5.804197391596404],
            [101.86941468913665, 5.803923844809617],
            [101.86961886941538, 5.805177563593759],
            [101.87237719625068, 5.802932037383641],
            [101.87481782857998, 5.804574214728291],
            [101.87496273544195, 5.806218384071201],
            [101.87613013729606, 5.806327786598104],
            [101.87660119858651, 5.809223084677683],
            [101.87842966060043, 5.808940457436222],
            [101.87806396388089, 5.810635198355783],
            [101.87999953155321, 5.810186249595802],
            [101.88010488443291, 5.812381482119747],
            [101.87875707318045, 5.813877799321006],
            [101.87951611807443, 5.815928117788474],
            [101.87661704284233, 5.820773971641529],
            [101.87949195958635, 5.831349113970475],
            [101.88407670157858, 5.835296168283605],
            [101.8834270277352, 5.837907885840309],
            [101.88623735606916, 5.839458615622675],
            [101.8884595520667, 5.837989297867864],
            [101.89072779335305, 5.838354997285364],
            [101.89523777740158, 5.845562007680542],
            [101.89694727529655, 5.843039751083666],
            [101.8990003681725, 5.8442926074179695],
            [101.90056097161158, 5.84278186239311],
            [101.9058956834391, 5.8414105257751885],
            [101.91650508544137, 5.843132892069377],
            [101.91622537919795, 5.845432880323244],
            [101.92001264196989, 5.845772191833248],
            [101.92295477494298, 5.849545732749391],
            [101.92559357018717, 5.849982027148883],
            [101.92901654817524, 5.853446801128996],
            [101.9290292304147, 5.854474160554105],
            [101.92688660643182, 5.854873000888347],
            [101.92672385342314, 5.856591595425812],
            [101.93009515456777, 5.861325150035668],
            [101.9353451610504, 5.863428443967564],
            [101.93742150230054, 5.862133772755442],
            [101.93871788582186, 5.865289687169366],
            [101.94094243174789, 5.867663445011999],
            [101.94024836197241, 5.870445971704271],
            [101.94322070677026, 5.872051070900227],
            [101.94175021540019, 5.876638836413235],
            [101.93904501241747, 5.879230230191013],
            [101.94028343463287, 5.884616862578184],
            [101.93885805685392, 5.88727662731452],
            [101.939664181257, 5.888970056123242],
            [101.93868293816712, 5.889684736561378],
            [101.9364590172699, 5.888528155350116],
            [101.93794250474286, 5.89166385840042],
            [101.93429160527342, 5.8971615426710855],
            [101.93512133058499, 5.8995054951824955],
            [101.93296733107752, 5.900422211915611],
            [101.9338673420043, 5.902109740272351],
            [101.93173399542763, 5.9055171204188355],
            [101.93268153102787, 5.90695495470743],
            [101.9311345855927, 5.907044146770033],
            [101.92976247735652, 5.904917366143593],
            [101.92962238006885, 5.909745333380499],
            [101.92654669057737, 5.910682814560289],
            [101.92508714305728, 5.908948195902553],
            [101.92151127762344, 5.910652969658884],
            [101.92047308496495, 5.91812731792146],
            [101.92341106666743, 5.920903040343092],
            [101.92243012125317, 5.923216046283585],
            [101.92296027789456, 5.924350509568399],
            [101.92700842140158, 5.924267027301539],
            [101.92874588011836, 5.931226714241518],
            [101.93021113383679, 5.932639875629832],
            [101.92860073223807, 5.935266934721312],
            [101.93077903412518, 5.936326807336343],
            [101.92838394526291, 5.938810848142168],
            [101.93067945759094, 5.941257267608876],
            [101.92975786023715, 5.943309943199381],
            [101.93110643861132, 5.945040567967908],
            [101.93036771299961, 5.945604268422301],
            [101.92858852663926, 5.944865044586209],
            [101.9284894798057, 5.948901575147602],
            [101.93387481716911, 5.949537589188424],
            [101.93591296870858, 5.948256523819566],
            [101.94302355559267, 5.954477699186498],
            [101.94360981374194, 5.957761632093707],
            [101.94083287723555, 5.95945149778845],
            [101.9406924615879, 5.962278032805045],
            [101.94181383074374, 5.965115140251555],
            [101.93894832990156, 5.9723271481793745],
            [101.9455969638289, 5.977294775633425],
            [101.94536035939313, 5.97818906057671],
            [101.94302151413166, 5.978406715397625],
            [101.94460037290895, 5.980349029783952],
            [101.94167391691781, 5.9809516897687445],
            [101.94372836057545, 5.98349720013573],
            [101.94483291240903, 5.986912014078257],
            [101.94613633582333, 5.9872216335716075],
            [101.94656932881156, 5.98414900717097],
            [101.94745785359714, 5.983875831804255],
            [101.94805777964285, 5.985106963215856],
            [101.94741746864133, 5.990701140245449],
            [101.94902902766756, 5.990791005000915],
            [101.94976954023218, 5.988054900413374],
            [101.951209586853, 5.987821003836302],
            [101.95224907003859, 5.991500669920015],
            [101.95463996356352, 5.9927224133087975],
            [101.95322359609213, 5.99547204190128],
            [101.95439531918868, 5.995681704447179],
            [101.95723771734686, 5.993796776699924],
            [101.95886288581357, 5.997562363112593],
            [101.96090483608936, 5.996424078608413],
            [101.9626468372818, 5.996751754689797],
            [101.96374896724109, 5.9977042932185896],
            [101.96417383215669, 6.000762423447156],
            [101.96673710143614, 6.002119981551971],
            [101.9677639824219, 6.004455840164951],
            [101.97086134107809, 6.005880576727293],
            [101.97228828097946, 6.00964826575489],
            [101.97057689900475, 6.010942532272111],
            [101.97123079156785, 6.014200401927042],
            [101.97036168044724, 6.0195035430541],
            [101.97549919882903, 6.0241883858853384],
            [101.97771727593158, 6.030234449760087],
            [101.98008068437616, 6.028875614617959],
            [101.98273595070361, 6.029876028555918],
            [101.98367924959774, 6.032912038160077],
            [101.99042470903316, 6.040615686564706],
            [101.99465622970132, 6.04110282413609],
            [101.99723975261253, 6.0396625913555795],
            [101.99930240797983, 6.040635659608029],
            [102.0005768444459, 6.042940810869766],
            [102.00361959267013, 6.044165818797524],
            [102.00377320227153, 6.046977226318006],
            [102.00253885578365, 6.049356423260349],
            [102.004368343924, 6.050924678131423],
            [102.0116074879952, 6.051335126914637],
            [102.01557718723745, 6.0536785901948065],
            [102.0187137824152, 6.052205440428793],
            [102.02187402256817, 6.061529381176058],
            [102.02895266463383, 6.06536145626626],
            [102.03114263882179, 6.071279686908099],
            [102.0336247667696, 6.0695578916834165],
            [102.03850555658624, 6.073069987989584],
            [102.04302763921424, 6.074151199718131],
            [102.04322029018431, 6.076197687972979],
            [102.05315922691688, 6.080130164275715],
            [102.05675191416958, 6.085747298299225],
            [102.05776142295139, 6.091006530926734],
            [102.06065671203771, 6.091423153555752],
            [102.05862136368506, 6.0970047742509905],
            [102.06065725792615, 6.096587361117884],
            [102.05971070258693, 6.09920144029428],
            [102.06114938403692, 6.101346380930806],
            [102.06088675681843, 6.103075280799601],
            [102.06450487420062, 6.1069573581955865],
            [102.0659324418288, 6.10667016689473],
            [102.06701453759092, 6.1097303448795515],
            [102.06987397700249, 6.109302200136483],
            [102.06969183011392, 6.110759852785009],
            [102.07139937018485, 6.112212688664727],
            [102.07141084643348, 6.115014161374518],
            [102.07379120979658, 6.115818078841301],
            [102.07263423288362, 6.11822537240306],
            [102.07497878074622, 6.118040683131085],
            [102.07387820031875, 6.120165263116462],
            [102.07655084244749, 6.120840446229636],
            [102.07860180033288, 6.123094400885918],
            [102.07809749200572, 6.124304491758949],
            [102.07886165224352, 6.125612459447495],
            [102.07715867173539, 6.127519371122105],
            [102.07931349232388, 6.1277019757656035],
            [102.07981075626145, 6.129578125230353],
            [102.08144695491308, 6.129559308715159],
            [102.08249361289, 6.136799692052193],
            [102.08510866243489, 6.136755066792944],
            [102.08590988463351, 6.138272638571436],
            [102.08826122957214, 6.138615947567985],
            [102.08688742521457, 6.1408635512119645],
            [102.09169624588509, 6.145595810798056],
            [102.0926628237304, 6.148720569998375],
            [102.08995836988294, 6.150741075939948],
            [102.09094687230038, 6.154288869935442],
            [102.08824211538138, 6.159482187652884],
            [102.08553479629387, 6.157746125583287],
            [102.08452860960773, 6.158364245813345],
            [102.0834631072367, 6.1618506421934285],
            [102.08522369741576, 6.165410832444024],
            [102.08238834724449, 6.168714302223293],
            [102.08226744958318, 6.1714652222422615],
            [102.07911352896627, 6.170344318935236],
            [102.07802699055321, 6.171674012445749],
            [102.08011077369332, 6.180339187203799],
            [102.07954364232529, 6.18498794833522],
            [102.07694318517991, 6.190974456406082],
            [102.07771955641243, 6.194108249296335],
            [102.07702040366877, 6.197973003051686],
            [102.07969255836491, 6.203275381553681],
            [102.07847953570206, 6.2096730695565725],
            [102.07909117541749, 6.217156579212826],
            [102.08071906163542, 6.220491733906442],
            [102.08001666503714, 6.226108444349279],
            [102.08893935526709, 6.23394526256385],
            [102.09101625679489, 6.236855383269358],
            [102.08716057270232, 6.24143225169712],
            [102.086550466331, 6.2471824476119195],
            [102.08550912964267, 6.2468529593966196],
            [102.08037448369555, 6.251384269068808],
            [102.07183332814566, 6.256055488070388],
            [102.03572630162756, 6.28108367277332],
            [101.98384241809316, 6.313876728128548],
            [101.94922599178614, 6.341835443650837],
            [101.91740873592448, 6.373551409769789],
            [101.8739847362067, 6.424617109891756],
            [101.86686993060289, 6.428236357721801],
            [101.86534557793613, 6.427282186024115],
            [101.85965340358177, 6.429336426434986],
            [101.8573371420955, 6.4277106140536375],
            [101.85607175910445, 6.427858859199034],
            [101.83883224741032, 6.4385047619852],
            [101.83337589598085, 6.443372963091804],
            [101.83058837625265, 6.444733584287519],
            [101.82843855499539, 6.444628049744722],
            [101.82621680775952, 6.447743476680159],
            [101.82464739006508, 6.4468333807559475],
            [101.82168736687856, 6.4481480555883195],
            [101.81567764101038, 6.4533597734348405],
            [101.79941961971974, 6.471297044822791],
            [101.77858397636948, 6.498139894140877],
            [101.75555748738822, 6.53062417626478],
            [101.72468914578752, 6.576797345021532],
            [101.70892750260225, 6.568401944394282],
            [101.70408756808683, 6.56841363288288],
            [101.69010891359557, 6.572569562835099],
            [101.66942578537174, 6.573493916611028],
            [101.66627387294096, 6.578444021674329],
            [101.66528723301946, 6.585224194041359],
            [101.65983694571855, 6.588646230439224],
            [101.66172021241795, 6.592189561998737],
            [101.66136407459243, 6.594088307829168],
            [101.6556526349612, 6.595954607918884],
            [101.65221134857495, 6.6015869701626],
            [101.64612480801355, 6.618476233691297],
            [101.6423298272598, 6.620373248326814],
            [101.6381700059411, 6.618527565195052],
            [101.6339412407957, 6.621288717700224],
            [101.63254883306223, 6.625108509849895]
          ]
        ]
      }
    }
  ]
}
