{"type":"FeatureCollection","features":[{"type":"Feature","properties":{"subdistrict_code":"900210","subdistrict_th":"บ่อแดง","subdistrict_en":"Bo Daeng","district_code":"9002","district_th":"สทิงพระ","province_code":"90","province_th":"สงขลา"},"geometry":{"type":"Polygon","coordinates":[[[100.47188963339994,7.398636903570264],[100.4629440032632,7.421468292727582],[100.44347564058842,7.418949024577898],[100.43668058534081,7.416697260670105],[100.43979766343148,7.395786318883552],[100.44424487659984,7.389641290912891],[100.44773846216037,7.386774733367304],[100.45509126614905,7.391309682595818],[100.45768913324696,7.3912606515579],[100.45910071542573,7.393020559151523],[100.47188963339994,7.398636903570264]]]}},{"type":"Feature","properties":{"subdistrict_code":"900209","subdistrict_th":"วัดจันทร์","subdistrict_en":"Wat Chan","district_code":"9002","district_th":"สทิงพระ","province_code":"90","province_th":"สงขลา"},"geometry":{"type":"Polygon","coordinates":[[[100.4804587893417,7.376539216411743],[100.47188963339994,7.398636903570264],[100.45910071542573,7.393020559151523],[100.45768913324696,7.3912606515579],[100.45509126614905,7.391309682595818],[100.44773846216037,7.386774733367304],[100.4450568358044,7.3889643882959035],[100.44151745676527,7.386272623882519],[100.44692339310018,7.3664444604435175],[100.4804587893417,7.376539216411743]]]}},{"type":"Feature","properties":{"subdistrict_code":"901511","subdistrict_th":"ม่วงงาม","subdistrict_en":"Muang Ngam","district_code":"9015","district_th":"สิงหนคร","province_code":"90","province_th":"สงขลา"},"geometry":{"type":"Polygon","coordinates":[[[100.504149692954,7.326310153790587],[100.4804587893417,7.376539216411743],[100.44692339310018,7.3664444604435175],[100.45249432715156,7.351064960779354],[100.45947443679586,7.354421438398731],[100.46108161342579,7.345886611378035],[100.46206111902546,7.343500583185403],[100.46409405359776,7.342384775437097],[100.46821379483083,7.328530143751209],[100.47021751222849,7.327592736315751],[100.47528356508451,7.317470612179079],[100.48857245125765,7.321495099019671],[100.48921716534,7.319774243586494],[100.4984383648387,7.323572559925765],[100.49836911344391,7.325095940425342],[100.504149692954,7.326310153790587]]]}},{"type":"Feature","properties":{"subdistrict_code":"901510","subdistrict_th":"บางเขียด","subdistrict_en":"Bang Khiat","district_code":"9015","district_th":"สิงหนคร","province_code":"90","province_th":"สงขลา"},"geometry":{"type":"Polygon","coordinates":[[[100.44692339310018,7.3664444604435175],[100.44517469015989,7.372420244998352],[100.42993070303959,7.369088841376993],[100.43002638281138,7.368220698826235],[100.42495290425319,7.365542793864904],[100.40617362011653,7.3615621004106515],[100.40986288196649,7.35087666522594],[100.41080018597984,7.339317598028799],[100.41775002804144,7.323086330669696],[100.42033266242248,7.319720336424439],[100.45086375106132,7.323492910569428],[100.4587128468205,7.326892039436132],[100.46863188875074,7.328281792370888],[100.46409405359776,7.342384775437097],[100.46206111902546,7.343500583185403],[100.46108161342579,7.345886611378035],[100.45947443679586,7.354421438398731],[100.45249432715156,7.351064960779354],[100.44692339310018,7.3664444604435175]]]}},{"type":"Feature","properties":{"subdistrict_code":"901504","subdistrict_th":"รำแดง","subdistrict_en":"Ram Daeng","district_code":"9015","district_th":"สิงหนคร","province_code":"90","province_th":"สงขลา"},"geometry":{"type":"Polygon","coordinates":[[[100.47528356508451,7.317470612179079],[100.46979169223289,7.328073971636513],[100.4587128468205,7.326892039436132],[100.46095196356231,7.3170482006140105],[100.46269198894419,7.313366558719736],[100.45600297995361,7.311356346418279],[100.45857668856337,7.3018612907659985],[100.46623874871932,7.283211207731085],[100.47663050129665,7.288560273637756],[100.48304687091644,7.275052814435867],[100.4965264286518,7.284206705075405],[100.48566351226134,7.304752068852963],[100.48087452433987,7.303159005283931],[100.4800797790586,7.303846334640696],[100.47972229944463,7.306853731414606],[100.47528356508451,7.317470612179079]]]}},{"type":"Feature","properties":{"subdistrict_code":"901506","subdistrict_th":"ชะแล้","subdistrict_en":"Chalae","district_code":"9015","district_th":"สิงหนคร","province_code":"90","province_th":"สงขลา"},"geometry":{"type":"Polygon","coordinates":[[[100.45857668856337,7.3018612907659985],[100.45600297995361,7.311356346418279],[100.46269198894419,7.313366558719736],[100.46095196356231,7.3170482006140105],[100.4587128468205,7.326892039436132],[100.45086375106132,7.323492910569428],[100.42033266242248,7.319720336424439],[100.42622827331621,7.312161952811948],[100.42774935694734,7.308605429996646],[100.42587811058638,7.295801668712102],[100.42617896888436,7.286944605609108],[100.45857668856337,7.3018612907659985]]]}},{"type":"Feature","properties":{"subdistrict_code":"901505","subdistrict_th":"วัดขนุน","subdistrict_en":"Wat Khanun","district_code":"9015","district_th":"สิงหนคร","province_code":"90","province_th":"สงขลา"},"geometry":{"type":"Polygon","coordinates":[[[100.51971479110478,7.297767551631239],[100.504149692954,7.326310153790587],[100.49836911344391,7.325095940425342],[100.4984383648387,7.323572559925765],[100.48921716534,7.319774243586494],[100.48857245125765,7.321495099019671],[100.47528356508451,7.317470612179079],[100.47972229944463,7.306853731414606],[100.4800797790586,7.303846334640696],[100.48087452433987,7.303159005283931],[100.48566351226134,7.304752068852963],[100.4965264286518,7.284206705075405],[100.50368552856435,7.291450790021997],[100.5043779471846,7.2903428801198515],[100.50887859806892,7.292904962294244],[100.51157901755766,7.290412177380119],[100.51971479110478,7.297767551631239]]]}},{"type":"Feature","properties":{"subdistrict_code":"901303","subdistrict_th":"ห้วยลึก","subdistrict_en":"Huai Luek","district_code":"9013","district_th":"ควนเนียง","province_code":"90","province_th":"สงขลา"},"geometry":{"type":"Polygon","coordinates":[[[100.37818569371484,7.313447991431701],[100.37641886224077,7.313430215432163],[100.37481331967899,7.311546177114451],[100.37271238287025,7.305184336987622],[100.36794243899243,7.306262550376459],[100.35742567975137,7.299885329144672],[100.35642915178397,7.294170599793404],[100.35864331143972,7.289744530585665],[100.35853529656674,7.28633453161342],[100.36095822843953,7.28151397568945],[100.35928688608101,7.278623791155098],[100.35536641842555,7.279404122102619],[100.34863207640927,7.278655528230104],[100.3457180337603,7.274100054673852],[100.34138283295147,7.270920544747412],[100.33922340783408,7.262907015146652],[100.34160026563978,7.252182058355345],[100.34043905202071,7.249139746302319],[100.3340038955634,7.24423148759314],[100.33378083311902,7.2431545449463215],[100.33426421692013,7.240750228140541],[100.33907186307607,7.240635856859342],[100.33884178681905,7.237614791289616],[100.34334404389256,7.237457685124127],[100.3484070318591,7.2396742090975295],[100.35308146773559,7.238558168424788],[100.35682472488122,7.235237684371668],[100.37032516217653,7.2385094332638005],[100.37178993655641,7.241588828861438],[100.37668601664643,7.243969983627892],[100.37997759738829,7.244426878797469],[100.38301618444939,7.246557542696507],[100.38587479558538,7.252017816069383],[100.38875905268821,7.2538165527917045],[100.38950548189251,7.258936197147818],[100.39255192363242,7.263941393780328],[100.39827349142854,7.264912348626012],[100.39363425141966,7.270582090291271],[100.3867427816541,7.274279340818964],[100.38321717843007,7.2791740944089725],[100.3824096429907,7.282203261071686],[100.38375270132616,7.2908163461974596],[100.37849735736722,7.300989234365716],[100.37914828306685,7.311678765062993],[100.37818569371484,7.313447991431701]]]}},{"type":"Feature","properties":{"subdistrict_code":"901507","subdistrict_th":"ปากรอ","subdistrict_en":"Pak Ro","district_code":"9015","district_th":"สิงหนคร","province_code":"90","province_th":"สงขลา"},"geometry":{"type":"Polygon","coordinates":[[[100.46623874871932,7.283211207731085],[100.45857668856337,7.3018612907659985],[100.42617896888436,7.286944605609108],[100.42525922143597,7.281055859240553],[100.42024399736266,7.277066034969607],[100.41115034691103,7.273363543193],[100.4091487294304,7.270420535179596],[100.40899726920867,7.267226472423829],[100.42497635407557,7.260452368681911],[100.43828900393447,7.2510055058994],[100.44860307757006,7.266050182569927],[100.4589055040858,7.268405676081159],[100.4569845108266,7.274046976686691],[100.47152705642856,7.2779578953406485],[100.46623874871932,7.283211207731085]]]}},{"type":"Feature","properties":{"subdistrict_code":"901501","subdistrict_th":"ชิงโค","subdistrict_en":"Ching Kho","district_code":"9015","district_th":"สิงหนคร","province_code":"90","province_th":"สงขลา"},"geometry":{"type":"Polygon","coordinates":[[[100.55635482421582,7.249874594037351],[100.54973111320038,7.253089598406291],[100.53934487256788,7.2640994181536485],[100.51971479110478,7.297767551631239],[100.51157901755766,7.290412177380119],[100.50887859806892,7.292904962294244],[100.5043779471846,7.2903428801198515],[100.50368552856435,7.291450790021997],[100.4965264286518,7.284206705075405],[100.51718781666449,7.252189186381884],[100.51496377885536,7.252146401135576],[100.52168319482365,7.238374169832127],[100.52311027411992,7.237994687404921],[100.53188827422451,7.2411702933744095],[100.52929929602573,7.24377999195309],[100.5355817826732,7.247482690573747],[100.53840906682501,7.242551684412774],[100.54047272943296,7.240963126447184],[100.54536801991827,7.243342067982098],[100.54888573788656,7.240784046246802],[100.55193537042106,7.244806568068725],[100.55457984578334,7.246153152645945],[100.55346678906113,7.249502164992975],[100.55635482421582,7.249874594037351]]]}},{"type":"Feature","properties":{"subdistrict_code":"901508","subdistrict_th":"ป่าขาด","subdistrict_en":"Pa Khat","district_code":"9015","district_th":"สิงหนคร","province_code":"90","province_th":"สงขลา"},"geometry":{"type":"Polygon","coordinates":[[[100.48304687091644,7.275052814435867],[100.47663050129665,7.288560273637756],[100.46623874871932,7.283211207731085],[100.47152705642856,7.2779578953406485],[100.4569845108266,7.274046976686691],[100.4589055040858,7.268405676081159],[100.44860307757006,7.266050182569927],[100.43828900393447,7.2510055058994],[100.46056009027603,7.1861334281152836],[100.4998448892303,7.2419965320144115],[100.50185133067441,7.247466459609484],[100.48304687091644,7.275052814435867]]]}},{"type":"Feature","properties":{"subdistrict_code":"901503","subdistrict_th":"ทำนบ","subdistrict_en":"Thamnop","district_code":"9015","district_th":"สิงหนคร","province_code":"90","province_th":"สงขลา"},"geometry":{"type":"Polygon","coordinates":[[[100.52168319482365,7.238374169832127],[100.51496377885536,7.252146401135576],[100.51718781666449,7.252189186381884],[100.4965264286518,7.284206705075405],[100.48304687091644,7.275052814435867],[100.50185133067441,7.247466459609484],[100.4998448892303,7.2419965320144115],[100.46056009027603,7.1861334281152836],[100.51360572702276,7.230893245726747],[100.51546933903882,7.2348742791247105],[100.52168319482365,7.238374169832127]]]}},{"type":"Feature","properties":{"subdistrict_code":"901302","subdistrict_th":"ควนโส","subdistrict_en":"Khuan So","district_code":"9013","district_th":"ควนเนียง","province_code":"90","province_th":"สงขลา"},"geometry":{"type":"Polygon","coordinates":[[[100.43828900393447,7.2510055058994],[100.42497635407557,7.260452368681911],[100.40899726920867,7.267226472423829],[100.40097750370887,7.263665076182349],[100.39827349142854,7.264912348626012],[100.39286934744251,7.264178937108284],[100.38950548189251,7.258936197147818],[100.38875905268821,7.2538165527917045],[100.38587479558538,7.252017816069383],[100.38301618444939,7.246557542696507],[100.37997759738829,7.244426878797469],[100.37668601664643,7.243969983627892],[100.37178993655641,7.241588828861438],[100.37032516217653,7.2385094332638005],[100.35682472488122,7.235237684371668],[100.35167692724843,7.2390337308220865],[100.3484070318591,7.2396742090975295],[100.34471353779958,7.237759428354991],[100.33927758209478,7.237460335426192],[100.33857548856798,7.238625906260609],[100.33907186307607,7.240635856859342],[100.33426421692013,7.240750228140541],[100.32905118156685,7.237054736686787],[100.32436845843768,7.236086983427583],[100.31670725083899,7.231840813702661],[100.32809831298681,7.220874075977861],[100.33618961505874,7.220276764261314],[100.34470947736054,7.222224085173423],[100.3500791350441,7.220175987132166],[100.35379852777987,7.217238838201865],[100.35943870693086,7.218258693683822],[100.36526358614566,7.217072450133514],[100.37085208665451,7.21732969940615],[100.37239014768721,7.214943408611475],[100.37339892621952,7.210413863409144],[100.37629697622452,7.209766547588174],[100.37734430509568,7.207710164092873],[100.38074045900504,7.206530499083328],[100.38247832871195,7.207028852999201],[100.38323541488256,7.210519007646155],[100.38203068306962,7.22010186141182],[100.38298692140938,7.221134432408178],[100.38555600840311,7.220616822208626],[100.38759233611745,7.219300479133835],[100.38905558974375,7.216401588262727],[100.46056009027603,7.1861334281152836],[100.43828900393447,7.2510055058994]]]}},{"type":"Feature","properties":{"subdistrict_code":"901509","subdistrict_th":"หัวเขา","subdistrict_en":"Hua Khao","district_code":"9015","district_th":"สิงหนคร","province_code":"90","province_th":"สงขลา"},"geometry":{"type":"Polygon","coordinates":[[[100.5597979955811,7.25212459257591],[100.55551374856071,7.249366559818952],[100.55346678906113,7.249502164992975],[100.55457984578334,7.246153152645945],[100.55193537042106,7.244806568068725],[100.54938448840346,7.241467193756023],[100.55213556040786,7.239014392700085],[100.55510481333653,7.239050525661298],[100.5593037012049,7.232791912416872],[100.56337657426957,7.228935955829741],[100.56291977442811,7.226934570374169],[100.55957110292411,7.223300135692739],[100.55751562144883,7.216350781063738],[100.560849537776,7.216280339865818],[100.561892495942,7.215360072609315],[100.56295500087265,7.204045746913721],[100.56120216914485,7.201355060787478],[100.55719916620859,7.200410566694359],[100.55773241741718,7.198983086300416],[100.55487635675854,7.181514523576425],[100.5607630158006,7.1769641500754915],[100.5661328956167,7.1745619916426335],[100.57265608940708,7.170108135182318],[100.57826212309857,7.1766319306191235],[100.58273278069333,7.186366164566891],[100.58500952776757,7.19393260160831],[100.58536070763063,7.199733335824817],[100.57533302579856,7.2256230710479485],[100.57920607310183,7.2363172494415835],[100.5597979955811,7.25212459257591]]]}},{"type":"Feature","properties":{"subdistrict_code":"901502","subdistrict_th":"สทิงหม้อ","subdistrict_en":"Sathing Mo","district_code":"9015","district_th":"สิงหนคร","province_code":"90","province_th":"สงขลา"},"geometry":{"type":"Polygon","coordinates":[[[100.54938448840346,7.241467193756023],[100.54860000978266,7.240787137216671],[100.54536801991827,7.243342067982098],[100.54047272943296,7.240963126447184],[100.53840906682501,7.242551684412774],[100.5355817826732,7.247482690573747],[100.53278401876753,7.246345745160056],[100.52929929602573,7.24377999195309],[100.53188827422451,7.2411702933744095],[100.52311027411992,7.237994687404921],[100.52168319482365,7.238374169832127],[100.51546933903882,7.2348742791247105],[100.51360572702276,7.230893245726747],[100.46056009027603,7.1861334281152836],[100.54000192894591,7.189217697139043],[100.54689825055385,7.1886372198318895],[100.55487635675854,7.181514523576425],[100.55773241741718,7.198983086300416],[100.55719916620859,7.200410566694359],[100.56120216914485,7.201355060787478],[100.56295500087265,7.204045746913721],[100.561892495942,7.215360072609315],[100.560849537776,7.216280339865818],[100.55751562144883,7.216350781063738],[100.55957110292411,7.223300135692739],[100.56291977442811,7.226934570374169],[100.56337657426957,7.228935955829741],[100.5593037012049,7.232791912416872],[100.55510481333653,7.239050525661298],[100.55213556040786,7.239014392700085],[100.54938448840346,7.241467193756023]]]}},{"type":"Feature","properties":{"subdistrict_code":"900101","subdistrict_th":"บ่อยาง","subdistrict_en":"Bo Yang","district_code":"9001","district_th":"เมืองสงขลา","province_code":"90","province_th":"สงขลา"},"geometry":{"type":"Polygon","coordinates":[[[100.61978952276831,7.183227342667806],[100.61767951899469,7.1839027982755965],[100.61365026844521,7.189126015753061],[100.59685626560423,7.216355941373649],[100.59032127001063,7.2154462285606655],[100.586473351564,7.217976270588451],[100.58019091437927,7.231299715009868],[100.58240711099944,7.233650255954615],[100.57920607310183,7.2363172494415835],[100.57533302579856,7.2256230710479485],[100.58463708973,7.202552607017253],[100.58549717255653,7.197638374111705],[100.58347836813226,7.188256320073151],[100.58095345044143,7.182707220661769],[100.59630622585172,7.182256099139693],[100.5978247787906,7.183191049627283],[100.59965802969435,7.182895581865637],[100.60103808074291,7.179464781574438],[100.60434598507919,7.175862791734517],[100.60599177500046,7.171414907671874],[100.60716524907707,7.170897643711328],[100.6101066805789,7.17253929765053],[100.61110954516943,7.177252000579415],[100.61487525478924,7.1774603150415714],[100.61814029743681,7.179465851767702],[100.62009377330907,7.17924363828331],[100.62047210640264,7.179804912366876],[100.61856977497519,7.18092902535426],[100.61978952276831,7.183227342667806]]]}},{"type":"Feature","properties":{"subdistrict_code":"900904","subdistrict_th":"ควนรู","subdistrict_en":"Khuan Ru","district_code":"9009","district_th":"รัตภูมิ","province_code":"90","province_th":"สงขลา"},"geometry":{"type":"Polygon","coordinates":[[[100.32809831298681,7.220874075977861],[100.31670725083899,7.231840813702661],[100.31407876182544,7.22852429925706],[100.30665227997878,7.211375119965851],[100.303992578195,7.208550350318433],[100.30554911759776,7.201068489119507],[100.30313318784641,7.19915246101732],[100.30174898642662,7.199404817978007],[100.2997559457803,7.1958304022513175],[100.29995763133968,7.1932156845562645],[100.29830873066345,7.187743410629935],[100.30102561763823,7.184867163788624],[100.3009712536205,7.183661115368238],[100.29659900793791,7.1781125996168385],[100.29714773018367,7.172679877874089],[100.29554022080458,7.168784875421693],[100.29774778123516,7.162334250625236],[100.29345294919432,7.160109904348644],[100.29017002982306,7.150027997893858],[100.28721301307013,7.146742642259198],[100.28449079581361,7.145248403391179],[100.28769252618918,7.142766008344665],[100.29636964124603,7.14122066819931],[100.29729107941984,7.140473667925505],[100.29744657400028,7.13776675623086],[100.3003526864274,7.1377739831828535],[100.30295834165418,7.1417441698575885],[100.30679442142548,7.143958635282843],[100.31089410957554,7.14153969100397],[100.3226096318291,7.14104277600336],[100.32500623155238,7.139684727768042],[100.32611851755559,7.142937518951385],[100.32886632861823,7.146409141268919],[100.3290807989398,7.15110724190572],[100.32652829364588,7.162570593358225],[100.32888569102187,7.17128935781767],[100.32859240231755,7.175497327040034],[100.32991182557038,7.177177539411957],[100.33119852968844,7.1860512228856805],[100.33669402231135,7.187274209137513],[100.33943025370331,7.1916806110713765],[100.34018934176476,7.194433847743937],[100.33651985240931,7.196516674904672],[100.33601826003473,7.198882464753979],[100.33725809328644,7.202684488098669],[100.34057444225675,7.207048469011681],[100.33955497618126,7.209885478432113],[100.32809831298681,7.220874075977861]]]}},{"type":"Feature","properties":{"subdistrict_code":"901301","subdistrict_th":"รัตภูมิ","subdistrict_en":"Rattaphum","district_code":"9013","district_th":"ควนเนียง","province_code":"90","province_th":"สงขลา"},"geometry":{"type":"Polygon","coordinates":[[[100.46056009027603,7.1861334281152836],[100.38905558974375,7.216401588262727],[100.38737240061585,7.219561144031616],[100.38460998006661,7.220895514916151],[100.38298692140938,7.221134432408178],[100.38203068306962,7.22010186141182],[100.38323541488256,7.210519007646155],[100.38247832871195,7.207028852999201],[100.38105392130149,7.206504683144658],[100.37734430509568,7.207710164092873],[100.37629697622452,7.209766547588174],[100.37339892621952,7.210413863409144],[100.37239014768721,7.214943408611475],[100.37085208665451,7.21732969940615],[100.36526358614566,7.217072450133514],[100.35943870693086,7.218258693683822],[100.35379852777987,7.217238838201865],[100.3500791350441,7.220175987132166],[100.34470947736054,7.222224085173423],[100.33618961505874,7.220276764261314],[100.32809831298681,7.220874075977861],[100.33995022462324,7.209375618590002],[100.34054742572317,7.206329021267379],[100.33725809328644,7.202684488098669],[100.33601826003473,7.198882464753979],[100.33651985240931,7.196516674904672],[100.3397988336493,7.195012646916155],[100.34025760390534,7.193973557633626],[100.33694761583985,7.187484863635575],[100.33182139204365,7.186551333177533],[100.331010080351,7.185665721296061],[100.32991182557038,7.177177539411957],[100.32859240231755,7.175497327040034],[100.32888569102187,7.17128935781767],[100.32653904504093,7.1635495332843675],[100.32915330318247,7.147411023799748],[100.32545728472599,7.141074737009546],[100.3275018322438,7.142836038552389],[100.32890956262628,7.139039039719933],[100.33196831518563,7.1387919815647365],[100.33356948344499,7.136640070283079],[100.33848851423363,7.136478881195444],[100.33885402389416,7.135196174563873],[100.33704879136866,7.131512471423491],[100.33835596315726,7.129635817439066],[100.3395790897033,7.130504640776621],[100.34519840458279,7.126185291418096],[100.34923896320765,7.1284053434318935],[100.34933957755953,7.131848378100244],[100.35363399141562,7.129921981714119],[100.35530141992467,7.131301318700935],[100.35813924143292,7.137725748044886],[100.35652552763105,7.141050590212615],[100.36001094195149,7.143014076438533],[100.36489798025764,7.148757513948169],[100.3683834404435,7.151182134747785],[100.36762236218232,7.153195434421832],[100.36840251236612,7.156352112360139],[100.37382237380359,7.157570970723782],[100.37823934007355,7.161194922907441],[100.38538730997641,7.15952643229906],[100.39323425006063,7.1631330959156685],[100.39654708807774,7.1657529739206325],[100.39789223463896,7.167793249658814],[100.39699254656881,7.170428163429051],[100.403988045412,7.173480448064254],[100.4053455441616,7.174916445937299],[100.40552745542777,7.178503259717729],[100.40338578742421,7.179904178634956],[100.40322349666712,7.181608209551257],[100.40585801923226,7.183869454112084],[100.46056009027603,7.1861334281152836]]]}},{"type":"Feature","properties":{"subdistrict_code":"900903","subdistrict_th":"คูหาใต้","subdistrict_en":"Khuha Tai","district_code":"9009","district_th":"รัตภูมิ","province_code":"90","province_th":"สงขลา"},"geometry":{"type":"Polygon","coordinates":[[[100.303992578195,7.208550350318433],[100.30032207440428,7.208404517154804],[100.2926830171076,7.211290488365421],[100.28352711468466,7.210399762938778],[100.2811775351152,7.2110430902664575],[100.27459102995215,7.208168060207868],[100.2717020702944,7.2082372603413205],[100.26892291875777,7.204315527339759],[100.26072104863755,7.2006119581753865],[100.25873965690971,7.1977725592562365],[100.25562861057199,7.1970438862663855],[100.25357281613265,7.198784569952011],[100.24937837631109,7.199377903967161],[100.24559349404456,7.194572492626492],[100.24162926537838,7.19285191328521],[100.23463588623724,7.194656982134063],[100.22679307673917,7.193155276195114],[100.22330421082074,7.193824246791621],[100.22024044633957,7.192186980644692],[100.22494813644738,7.187080982601287],[100.22614647767784,7.174893886443726],[100.23079765708627,7.157873190595296],[100.23596351760233,7.144838358403547],[100.2468174920337,7.133096002178831],[100.24794407905608,7.133002126447025],[100.2483448178591,7.134565070821395],[100.25089939609029,7.135370979387233],[100.25310083483572,7.138498784591263],[100.25970031181998,7.140773936268204],[100.26495286518264,7.147988983904554],[100.26865710164401,7.148250685720598],[100.27953938313607,7.1435082368157055],[100.28615694908399,7.146105177611901],[100.28980171427776,7.1494553159101315],[100.29345294919432,7.160109904348644],[100.29774778123516,7.162334250625236],[100.29554022080458,7.168784875421693],[100.29714773018367,7.172679877874089],[100.29659900793791,7.1781125996168385],[100.3009712536205,7.183661115368238],[100.30102561763823,7.184867163788624],[100.29830873066345,7.187743410629935],[100.29995763133968,7.1932156845562645],[100.2997559457803,7.1958304022513175],[100.30174898642662,7.199404817978007],[100.30313318784641,7.19915246101732],[100.30554911759776,7.201068489119507],[100.303992578195,7.208550350318433]]]}},{"type":"Feature","properties":{"subdistrict_code":"900902","subdistrict_th":"ท่าชะมวง","subdistrict_en":"Tha Chamuang","district_code":"9009","district_th":"รัตภูมิ","province_code":"90","province_th":"สงขลา"},"geometry":{"type":"Polygon","coordinates":[[[100.24762364071853,7.1329504244225745],[100.23596351760233,7.144838358403547],[100.23079765708627,7.157873190595296],[100.22614647767784,7.174893886443726],[100.22494813644738,7.187080982601287],[100.22024044633957,7.192186980644692],[100.2154537462934,7.19018119840365],[100.2126648622936,7.186855872400656],[100.21096331620413,7.186445475778157],[100.20830681420819,7.187615200581092],[100.20620212003189,7.1847419197038676],[100.20112110965152,7.184690408335712],[100.19737687314426,7.181415776217136],[100.19387325384764,7.18223053141395],[100.18938463409364,7.180084043943509],[100.18706271767036,7.177812441890751],[100.18538631033005,7.17848100689298],[100.1835983465865,7.176862911594128],[100.18246850401829,7.1775250986044625],[100.17713854780578,7.175810614868055],[100.17424859169921,7.176197110208534],[100.1742687589961,7.174126316876084],[100.17253841661471,7.173128815842233],[100.17091759457139,7.170284989560685],[100.17143999366084,7.168003031814521],[100.17031291740727,7.165283390216359],[100.16813182042722,7.165102457412502],[100.16560159763566,7.163105087429869],[100.16780191402717,7.16052984008013],[100.1653894808399,7.15891433842603],[100.16529465272612,7.156112634590443],[100.16277988658254,7.15652244395568],[100.16042352162827,7.154183215582975],[100.1602592946308,7.152161409221719],[100.1587297213996,7.152074532913389],[100.1559004740277,7.149101015399594],[100.15481731886422,7.150808840555612],[100.15095834595098,7.152191799112302],[100.14685477902486,7.149648171026342],[100.14132630106798,7.152682099599247],[100.13615842966783,7.153499525782536],[100.13249809720946,7.159812747660226],[100.1258434594082,7.161855893134998],[100.12309986077003,7.165416864896429],[100.12023953282824,7.166467629177816],[100.117379212081,7.166350856706742],[100.11667873283733,7.165300067244345],[100.11095808684627,7.165942172393386],[100.1095922855556,7.164120738581289],[100.10538205094093,7.161991324739915],[100.10428241030507,7.159411807409015],[100.09742360571488,7.1549303336680055],[100.09549294474368,7.151525203625283],[100.08899057475526,7.148109964303444],[100.08287769664844,7.146392923794451],[100.07419341399492,7.146950246256893],[100.06768992884719,7.139476919624201],[100.06222172705111,7.137313962869143],[100.06256065455062,7.135321138959455],[100.06015127096447,7.126128441674268],[100.06102774033803,7.1243412783273925],[100.0647965490216,7.121540704040285],[100.06423158232172,7.116059358652535],[100.06582490939212,7.11299244564492],[100.0657548549027,7.109974580762355],[100.06437611056913,7.108498990236285],[100.0596478205905,7.108907595409221],[100.05687896359336,7.107705704554689],[100.05982733966005,7.105757687567291],[100.06002436942919,7.100486278119263],[100.06138921384121,7.098471324592026],[100.06874924478188,7.096289986593661],[100.07932693758818,7.096597338896117],[100.08073385588278,7.0963480594154476],[100.08149273080494,7.094421625257837],[100.08814735421709,7.0944800479159085],[100.10180683032104,7.096931972132836],[100.10752745742627,7.099150333421221],[100.1155830600103,7.098508240862657],[100.11873524673433,7.098916900894324],[100.11984434284221,7.099967692155303],[100.12124532201403,7.099383932322667],[100.12054484636764,7.0977493749337555],[100.12159558007204,7.097165613302479],[100.12410565175446,7.097982906386051],[100.12486452397866,7.096348359789033],[100.12509800956553,7.097691031415991],[100.1271994661825,7.098391567317037],[100.12743298144699,7.095531101778988],[100.12918421058293,7.09377980429457],[100.13151916987385,7.09313767576316],[100.1403919828038,7.096173336430354],[100.14109246204754,7.097224123194792],[100.14342741684186,7.097340893867226],[100.1462877223006,7.099734366647738],[100.14657958288149,7.101018660582781],[100.15341276578658,7.102145482328183],[100.15487351120362,7.104073791572262],[100.15738600925698,7.105125610758364],[100.15948946776479,7.110150892849447],[100.16083336067112,7.110852102342676],[100.1622941240746,7.110150912634538],[100.1629952778099,7.111728617581662],[100.16509876419667,7.1126051319213275],[100.16588757934835,7.111947762579234],[100.16851692991247,7.114182856653542],[100.17066424925576,7.113613146929254],[100.17175983125128,7.11168485387293],[100.17596680762216,7.1130872827519624],[100.17627356007682,7.114095259988289],[100.17846470428276,7.113218774426969],[100.17881529508986,7.111991675575439],[100.1823649380915,7.112298474794841],[100.18293462713137,7.113087330416022],[100.18678244575335,7.11035526288515],[100.18786158724254,7.110533537292952],[100.1889547581556,7.108460680915755],[100.19118124481867,7.107504629635002],[100.1943690563869,7.109254089804438],[100.19596034019759,7.108992888910734],[100.19708699107184,7.107374956389151],[100.20151692016981,7.111475717430437],[100.2027750483299,7.114479599653862],[100.20442602823869,7.114964323444838],[100.20442670273019,7.116671314929306],[100.20658378241569,7.116812759401398],[100.20714456097278,7.118107043005693],[100.20986329875228,7.118190198818695],[100.21010491600913,7.116707571996926],[100.21213523355425,7.115203874958922],[100.22705599084134,7.0673702618281595],[100.22303364258858,7.065820928692972],[100.22269753896029,7.056515905184938],[100.21943648030935,7.051101696885837],[100.21274834725847,7.0446608081498425],[100.20916317564013,7.0433499410469835],[100.20621182191809,7.039015278032707],[100.20681414555645,7.028838584832897],[100.20605239640105,7.023487019710217],[100.20788195288986,7.019918948700592],[100.21148498774204,7.017600787846106],[100.21149188644148,7.01414066426031],[100.20871135444548,7.005646402059881],[100.20865819731802,7.002798786934534],[100.21558088614904,6.992384812109435],[100.22376001241469,6.995558439570402],[100.22846877811168,6.996268569438996],[100.23233337178772,6.998449945208847],[100.23733012018897,7.007102099582255],[100.2384934732952,7.01188499279823],[100.23791385843788,7.016680956760808],[100.2404542912326,7.017985436878462],[100.24070548626923,7.02190043305859],[100.24402732200338,7.024919968881534],[100.2467745655938,7.0242343086664505],[100.24880333090903,7.026600445654083],[100.25089220870854,7.026927565055132],[100.24934234677193,7.034377919405529],[100.24568500635803,7.034211587095115],[100.24389407395239,7.036564004025593],[100.24470603675428,7.042534897167798],[100.24413827586079,7.045403336994468],[100.2399182287433,7.045103328555797],[100.24384835421824,7.0497719269329195],[100.24384963934943,7.0513851613961265],[100.2468670033096,7.050877820555002],[100.24868964940788,7.05402080361722],[100.24832944215012,7.056528064019005],[100.25133904496101,7.0567743676430155],[100.25278910283487,7.063260047113545],[100.25196218071011,7.066524290263828],[100.25272967113744,7.070187836899208],[100.24878915399631,7.075187825557748],[100.24835589121147,7.130852769239937],[100.24762364071853,7.1329504244225745]]]}},{"type":"Feature","properties":{"subdistrict_code":"900106","subdistrict_th":"เกาะยอ","subdistrict_en":"Ko Yo","district_code":"9001","district_th":"เมืองสงขลา","province_code":"90","province_th":"สงขลา"},"geometry":{"type":"MultiPolygon","coordinates":[[[[100.55487635675854,7.181514523576425],[100.54689825055385,7.1886372198318895],[100.54000192894591,7.189217697139043],[100.46056009027603,7.1861334281152836],[100.4990400697435,7.169484976950173],[100.50948799037849,7.160377353731917],[100.52204894909977,7.147505856410191],[100.52756104410696,7.144311891680502],[100.53241296928314,7.143233264603509],[100.53755418297919,7.143732164407936],[100.55115969886106,7.1488980635948],[100.55526726777026,7.149430178959619],[100.57265608940708,7.170108135182318],[100.5661328956167,7.1745619916426335],[100.5607630158006,7.1769641500754915],[100.55487635675854,7.181514523576425]],[[100.54641880758197,7.176037192762294],[100.54919753373923,7.167573990447352],[100.55755466011954,7.160353971358745],[100.55829471582854,7.157994143115275],[100.55346369359467,7.156395210570565],[100.55012256740264,7.152776935806969],[100.54295334741909,7.148258134805133],[100.53500191510636,7.147877187382335],[100.531383012616,7.146597227280267],[100.52577721544617,7.1478094684322855],[100.52482291244752,7.150455964571165],[100.52823748087508,7.1539227566299814],[100.52702954567707,7.156868513870847],[100.52765956573643,7.157614152571114],[100.52919018667785,7.1582833291124075],[100.5309826884004,7.156031358360565],[100.53312457943588,7.155217726416993],[100.53739018530888,7.159665566412798],[100.5378237079978,7.175214335573173],[100.54039347757697,7.176087395616889],[100.54200890908396,7.177804340797763],[100.54081299872098,7.181697598565393],[100.54161857813494,7.183136651435348],[100.54438838121888,7.1823146171259395],[100.54641880758197,7.176037192762294]]],[[[100.54641880758197,7.176037192762294],[100.54438838121888,7.1823146171259395],[100.54161857813494,7.183136651435348],[100.54081299872098,7.181697598565393],[100.54200890908396,7.177804340797763],[100.54039347757697,7.176087395616889],[100.5378237079978,7.175214335573173],[100.53739018530888,7.159665566412798],[100.53312457943588,7.155217726416993],[100.5309826884004,7.156031358360565],[100.52919018667785,7.1582833291124075],[100.52765956573643,7.157614152571114],[100.52702954567707,7.156868513870847],[100.52823748087508,7.1539227566299814],[100.52482291244752,7.150455964571165],[100.52577721544617,7.1478094684322855],[100.531383012616,7.146597227280267],[100.53500191510636,7.147877187382335],[100.54295334741909,7.148258134805133],[100.55012256740264,7.152776935806969],[100.55346369359467,7.156395210570565],[100.55829471582854,7.157994143115275],[100.55755466011954,7.160353971358745],[100.54919753373923,7.167573990447352],[100.54641880758197,7.176037192762294]]]]}},{"type":"Feature","properties":{"subdistrict_code":"901304","subdistrict_th":"บางเหรียง","subdistrict_en":"Bang Riang","district_code":"9013","district_th":"ควนเนียง","province_code":"90","province_th":"สงขลา"},"geometry":{"type":"Polygon","coordinates":[[[100.4007024181821,7.085379970009683],[100.40588329108107,7.090916386282231],[100.40752712677556,7.093763453720442],[100.40813387058171,7.097737290743396],[100.41019465176186,7.099433442699251],[100.41179677959775,7.102637538291788],[100.41185835527892,7.110995353552767],[100.41800536355674,7.11849156073697],[100.42367709542168,7.12134539017768],[100.43034781939639,7.127920166382637],[100.43041506440375,7.130809838303435],[100.4291639500563,7.133908193408445],[100.43276579060881,7.131957828291206],[100.43277123060784,7.130339638563498],[100.43404055532744,7.129377120257914],[100.4353359477958,7.132003546226713],[100.4373339068344,7.132314413079769],[100.43615507729504,7.134988089428816],[100.43844230237039,7.139528572185895],[100.4365648875596,7.141107373406612],[100.43643846356429,7.142391902064674],[100.43896797319348,7.1465828911875064],[100.4454290463135,7.148014396047586],[100.4466809250847,7.149398663117836],[100.45072880509036,7.168380159816593],[100.46056009027603,7.1861334281152836],[100.4108410853479,7.18463809657095],[100.40532859373968,7.183592428747659],[100.40322349666712,7.181608209551257],[100.40338578742421,7.179904178634956],[100.40552745542777,7.178503259717729],[100.40504080169171,7.174363192907094],[100.39699254656881,7.170428163429051],[100.39789223463896,7.167793249658814],[100.39323425006063,7.1631330959156685],[100.38512285983217,7.159468446711514],[100.37823934007355,7.161194922907441],[100.37382237380359,7.157570970723782],[100.36803488210421,7.15604064026337],[100.36762236218232,7.153195434421832],[100.3683834404435,7.151182134747785],[100.36489798025764,7.148757513948169],[100.36001094195149,7.143014076438533],[100.35652552763105,7.141050590212615],[100.35813924143292,7.137725748044886],[100.35530141992467,7.131301318700935],[100.35363399141562,7.129921981714119],[100.34933957755953,7.131848378100244],[100.34923193860317,7.1223258418641535],[100.34718730744834,7.117612196445748],[100.33982569100289,7.113188071572267],[100.33842750422599,7.1061618545859915],[100.3342413867307,7.102629954309009],[100.33544371825303,7.092473806121291],[100.33239022313035,7.086978514946566],[100.33453532564482,7.083166133210511],[100.33908658857524,7.079773009117105],[100.34003289480233,7.077119947927315],[100.35022124141722,7.076630279663732],[100.35283741511466,7.0738227176443615],[100.35439562905509,7.073821580901267],[100.36865651058957,7.077629597328098],[100.37973260677444,7.084282836683599],[100.38867116194461,7.087096997028823],[100.4007024181821,7.085379970009683]]]}},{"type":"Feature","properties":{"subdistrict_code":"901401","subdistrict_th":"บางกล่ำ","subdistrict_en":"Bang Klam","district_code":"9014","district_th":"บางกล่ำ","province_code":"90","province_th":"สงขลา"},"geometry":{"type":"Polygon","coordinates":[[[100.45361944198373,7.130265493058118],[100.45250710022253,7.135867831435348],[100.45267387499939,7.147116983262208],[100.45179769970412,7.150097764600218],[100.45261344955111,7.152171726244205],[100.45181617267826,7.157915507294888],[100.45639880665965,7.175424347056037],[100.46056009027603,7.1861334281152836],[100.45072880509036,7.168380159816593],[100.4466809250847,7.149398663117836],[100.4454290463135,7.148014396047586],[100.43896797319348,7.1465828911875064],[100.43643846356429,7.142391902064674],[100.4365648875596,7.141107373406612],[100.43844230237039,7.139528572185895],[100.43615507729504,7.134988089428816],[100.4373339068344,7.132314413079769],[100.4353359477958,7.132003546226713],[100.43404055532744,7.129377120257914],[100.43277123060784,7.130339638563498],[100.43276579060881,7.131957828291206],[100.4291639500563,7.133908193408445],[100.43041506440375,7.130809838303435],[100.43034781939639,7.127920166382637],[100.42367709542168,7.12134539017768],[100.41800536355674,7.11849156073697],[100.41185835527892,7.110995353552767],[100.41179677959775,7.102637538291788],[100.41019465176186,7.099433442699251],[100.40813387058171,7.097737290743396],[100.40752712677556,7.093763453720442],[100.40588329108107,7.090916386282231],[100.4007024181821,7.085379970009683],[100.41224563392893,7.086627939427899],[100.41690217869268,7.081943468915995],[100.42104523125249,7.082932613449373],[100.42728281115285,7.08009729295577],[100.4290636603597,7.081850459231362],[100.43080862212025,7.088658058222848],[100.43259122410575,7.090595733906071],[100.4344629039399,7.091511240151647],[100.4399216340762,7.089825317084774],[100.44051814089954,7.092059968692638],[100.43978493532654,7.106462992573086],[100.43686737542907,7.1173267354405425],[100.44348110127186,7.1226574695666045],[100.45078962264301,7.123242762743359],[100.45361944198373,7.130265493058118]]]}},{"type":"Feature","properties":{"subdistrict_code":"901103","subdistrict_th":"คูเต่า","subdistrict_en":"Khu Tao","district_code":"9011","district_th":"หาดใหญ่","province_code":"90","province_th":"สงขลา"},"geometry":{"type":"Polygon","coordinates":[[[100.50437266726482,7.165083993431608],[100.49688117792408,7.170696680307572],[100.46056009027603,7.1861334281152836],[100.45639880665965,7.175424347056037],[100.45169071185694,7.15617679222521],[100.45261344955111,7.152171726244205],[100.45179769970412,7.150097764600218],[100.45267387499939,7.147116983262208],[100.45250710022253,7.135867831435348],[100.45322312244917,7.131090796403157],[100.45699127912428,7.121471728737333],[100.45679942135627,7.115000835919886],[100.45804403540399,7.1111682805916985],[100.4615444207385,7.108012505572731],[100.46658367829417,7.108040677735119],[100.46738168181923,7.103644333818977],[100.47226258405107,7.097663822427535],[100.47184502972442,7.092678446852915],[100.474909873392,7.0907874837554346],[100.47465067438918,7.0864072170194845],[100.47608638537844,7.0835682209966535],[100.4773681162456,7.082485200731469],[100.47986850672629,7.083020589628575],[100.49237402134406,7.078871531396089],[100.50027773832704,7.07322138685754],[100.50496517660167,7.076214747912331],[100.50490135261538,7.08358101205414],[100.50579677699972,7.08561164975788],[100.50323286740297,7.103640876825068],[100.4992440063059,7.110376674843735],[100.51057700372581,7.121659355195106],[100.51135063112679,7.1236055789343595],[100.50697433669632,7.129605715331536],[100.50684221909319,7.132290769003816],[100.50416165213858,7.134822065585922],[100.50437266726482,7.165083993431608]]]}},{"type":"Feature","properties":{"subdistrict_code":"900102","subdistrict_th":"เขารูปช้าง","subdistrict_en":"Khao Rup Chang","district_code":"9001","district_th":"เมืองสงขลา","province_code":"90","province_th":"สงขลา"},"geometry":{"type":"Polygon","coordinates":[[[100.65028416728057,7.139519444067162],[100.62276527689608,7.1843019182989565],[100.61978952276831,7.183227342667806],[100.61854329893418,7.181576407725061],[100.62047210640264,7.179804912366876],[100.62009377330907,7.17924363828331],[100.61814029743681,7.179465851767702],[100.61487525478924,7.1774603150415714],[100.61110954516943,7.177252000579415],[100.6101066805789,7.17253929765053],[100.60716524907707,7.170897643711328],[100.60599177500046,7.171414907671874],[100.60434598507919,7.175862791734517],[100.60103808074291,7.179464781574438],[100.59965802969435,7.182895581865637],[100.5978247787906,7.183191049627283],[100.59630622585172,7.182256099139693],[100.58095345044143,7.182707220661769],[100.57761122617723,7.17560443809441],[100.57265608940708,7.170108135182318],[100.59020817936403,7.167616359307601],[100.59069264055296,7.162451543803741],[100.5878873169462,7.159555736707944],[100.58626437520081,7.15543451788875],[100.59157812113347,7.143802125367813],[100.59039800556354,7.141322593762766],[100.59201544165938,7.130031029008819],[100.59330313862898,7.127057235403129],[100.59623586289484,7.124646884146443],[100.60003375115673,7.124383393578796],[100.60404382186493,7.125590246892443],[100.60958249633518,7.131762293195322],[100.6153082981395,7.12961337215944],[100.62602695338126,7.130599841209744],[100.65028416728057,7.139519444067162]]]}},{"type":"Feature","properties":{"subdistrict_code":"900104","subdistrict_th":"พะวง","subdistrict_en":"Phawong","district_code":"9001","district_th":"เมืองสงขลา","province_code":"90","province_th":"สงขลา"},"geometry":{"type":"Polygon","coordinates":[[[100.60226757089174,7.124882044270976],[100.59890068541836,7.12428841078156],[100.5954579915931,7.125005618314674],[100.59330313862898,7.127057235403129],[100.59201544165938,7.130031029008819],[100.59039800556354,7.141322593762766],[100.59157812113347,7.143802125367813],[100.58626437520081,7.15543451788875],[100.5878873169462,7.159555736707944],[100.59069264055296,7.162451543803741],[100.59020817936403,7.167616359307601],[100.57265608940708,7.170108135182318],[100.55526726777026,7.149430178959619],[100.55956287322806,7.14884597306326],[100.55769086963801,7.143608089441841],[100.56210548687875,7.141095680421358],[100.56125842803408,7.138089584966394],[100.55780206811102,7.136838106393554],[100.55719943240791,7.129963709357753],[100.55454133861195,7.126813350056125],[100.55702010039738,7.123603317139441],[100.55685006737679,7.117308451323993],[100.55857708856183,7.111827267814192],[100.56150744221475,7.110011118418413],[100.56328304477677,7.1056996714027605],[100.56607488304945,7.068226876868948],[100.5705596168329,7.070601319095658],[100.57531687577324,7.0680725280248],[100.58221429905075,7.061562762011931],[100.58787019565307,7.058332284807136],[100.58857988755182,7.053268261720973],[100.59044655276625,7.052544715766089],[100.5933229812706,7.047837845839979],[100.59747045759559,7.046426044226621],[100.60512063141209,7.047777137105243],[100.60314710605417,7.050476898290299],[100.60368584042925,7.052995662819626],[100.61243817298333,7.057138656024222],[100.61476420740229,7.065728910960502],[100.6175655973745,7.06781988597902],[100.6213573288777,7.068371302593562],[100.6171439709176,7.081106468089104],[100.61156757798142,7.086854814098444],[100.6038688137948,7.092748918627763],[100.60578510629767,7.0968470437560995],[100.6078450304239,7.113608707875642],[100.6045273900271,7.122280133821164],[100.60226757089174,7.124882044270976]]]}},{"type":"Feature","properties":{"subdistrict_code":"901114","subdistrict_th":"น้ำน้อย","subdistrict_en":"Nam Noi","district_code":"9011","district_th":"หาดใหญ่","province_code":"90","province_th":"สงขลา"},"geometry":{"type":"Polygon","coordinates":[[[100.55526726777026,7.149430178959619],[100.55115969886106,7.1488980635948],[100.53755418297919,7.143732164407936],[100.53241296928314,7.143233264603509],[100.52756104410696,7.144311891680502],[100.52204894909977,7.147505856410191],[100.50437266726482,7.165083993431608],[100.50416165213858,7.134822065585922],[100.50684221909319,7.132290769003816],[100.50697433669632,7.129605715331536],[100.51135063112679,7.1236055789343595],[100.51057700372581,7.121659355195106],[100.4992440063059,7.110376674843735],[100.50323286740297,7.103640876825068],[100.50579677699972,7.08561164975788],[100.50490135261538,7.08358101205414],[100.50496517660167,7.076214747912331],[100.50027773832704,7.07322138685754],[100.50902996476111,7.0567733756907955],[100.5403070509297,7.070165388022303],[100.54337464832145,7.0722390402995075],[100.5492444073036,7.077353597190779],[100.5635755591648,7.093802429438597],[100.56328304477677,7.1056996714027605],[100.56150744221475,7.110011118418413],[100.55857708856183,7.111827267814192],[100.55685006737679,7.117308451323993],[100.55702010039738,7.123603317139441],[100.55454133861195,7.126813350056125],[100.55719943240791,7.129963709357753],[100.55780206811102,7.136838106393554],[100.56125842803408,7.138089584966394],[100.56210548687875,7.141095680421358],[100.55769086963801,7.143608089441841],[100.55956287322806,7.14884597306326],[100.55526726777026,7.149430178959619]]]}},{"type":"Feature","properties":{"subdistrict_code":"900901","subdistrict_th":"กำแพงเพชร","subdistrict_en":"Kamphaeng Phet","district_code":"9009","district_th":"รัตภูมิ","province_code":"90","province_th":"สงขลา"},"geometry":{"type":"Polygon","coordinates":[[[100.28449079581361,7.145248403391179],[100.27913417290381,7.143499751712227],[100.27616427606057,7.1455792882536],[100.2697704272635,7.147187729330312],[100.26865710164401,7.148250685720598],[100.26495286518264,7.147988983904554],[100.25970031181998,7.140773936268204],[100.25310083483572,7.138498784591263],[100.25089939609029,7.135370979387233],[100.2483448178591,7.134565070821395],[100.24762364071853,7.1329504244225745],[100.24835589121147,7.130852769239937],[100.24878915399631,7.075187825557748],[100.25272967113744,7.070187836899208],[100.25196218071011,7.066524290263828],[100.25278910283487,7.063260047113545],[100.25133904496101,7.0567743676430155],[100.24832944215012,7.056528064019005],[100.24868964940788,7.05402080361722],[100.2468670033096,7.050877820555002],[100.24384963934943,7.0513851613961265],[100.24384835421824,7.0497719269329195],[100.2399182287433,7.045103328555797],[100.24413827586079,7.045403336994468],[100.24470603675428,7.042534897167798],[100.24389407395239,7.036564004025593],[100.24568500635803,7.034211587095115],[100.24934234677193,7.034377919405529],[100.25089220870854,7.026927565055132],[100.24880333090903,7.026600445654083],[100.2467745655938,7.0242343086664505],[100.24402732200338,7.024919968881534],[100.24070548626923,7.02190043305859],[100.2404542912326,7.017985436878462],[100.23791385843788,7.016680956760808],[100.2382004867631,7.009983139810117],[100.23509312584713,7.002160258389267],[100.23841908767082,7.0051366897064895],[100.24195941459539,7.00606396807774],[100.24735688381321,7.011152137061515],[100.24843585263255,7.010989802237646],[100.25108311229587,7.014429157779432],[100.25365396735674,7.014987407442959],[100.25494183160032,7.012002271587619],[100.25769679587052,7.013182936643261],[100.26076496523103,7.01743221802252],[100.2631833923997,7.018209332994388],[100.26539669140425,7.015930531868605],[100.2727309153995,7.016236572060222],[100.27722069707755,7.022098069870083],[100.28404057990889,7.02261021399022],[100.29271696921279,7.031412549749405],[100.29878481107022,7.031628646944569],[100.30071343417768,7.0326237611776605],[100.3030196250557,7.040181877691566],[100.30252716979311,7.049830092384923],[100.30400137536321,7.052784412970311],[100.30603332068125,7.053867374779543],[100.31497398476165,7.053701547888181],[100.32200170901172,7.056732252391555],[100.321868255016,7.0649301484076545],[100.31965505403758,7.069589384842288],[100.3196459915693,7.073274706762334],[100.32196855640382,7.075733648389189],[100.32317758877474,7.079471461938454],[100.32735373998315,7.0821975318906425],[100.32952081473388,7.082442729348543],[100.33049253580197,7.085822973351583],[100.33544371825303,7.092473806121291],[100.33440630800476,7.10311331382843],[100.33842750422599,7.1061618545859915],[100.33982569100289,7.113188071572267],[100.34718730744834,7.117612196445748],[100.34889944215558,7.121242716378333],[100.34923896320765,7.1284053434318935],[100.34519840458279,7.126185291418096],[100.3395790897033,7.130504640776621],[100.33835596315726,7.129635817439066],[100.33695483020131,7.131845377062575],[100.33872509258902,7.136200669625225],[100.33356948344499,7.136640070283079],[100.33196831518563,7.1387919815647365],[100.32890956262628,7.139039039719933],[100.3275018322438,7.142836038552389],[100.32458074340667,7.139705024567263],[100.3226096318291,7.14104277600336],[100.31089410957554,7.14153969100397],[100.30679442142548,7.143958635282843],[100.30295834165418,7.1417441698575885],[100.3003526864274,7.1377739831828535],[100.29744657400028,7.13776675623086],[100.29729107941984,7.140473667925505],[100.29636964124603,7.14122066819931],[100.28769252618918,7.142766008344665],[100.28449079581361,7.145248403391179]]]}},{"type":"Feature","properties":{"subdistrict_code":"900103","subdistrict_th":"เกาะแต้ว","subdistrict_en":"Ko Taeo","district_code":"9001","district_th":"เมืองสงขลา","province_code":"90","province_th":"สงขลา"},"geometry":{"type":"Polygon","coordinates":[[[100.67444548197346,7.101242591772234],[100.65626928859683,7.128506525256],[100.65028416728057,7.139519444067162],[100.62602695338126,7.130599841209744],[100.6153082981395,7.12961337215944],[100.60958249633518,7.131762293195322],[100.60584307659678,7.126891777233766],[100.60226757089174,7.124882044270976],[100.6045273900271,7.122280133821164],[100.6078450304239,7.113608707875642],[100.60578510629767,7.0968470437560995],[100.6038688137948,7.092748918627763],[100.61156757798142,7.086854814098444],[100.61403822788196,7.0837667049694915],[100.62088920297441,7.084834758717193],[100.62379894506535,7.08352955914188],[100.62931461667625,7.086856253913027],[100.63736863105754,7.089111165448003],[100.65207139897592,7.090262330042549],[100.65690871016892,7.089998138003693],[100.66485313586361,7.0862872771361936],[100.66281901868285,7.093227446989147],[100.67444548197346,7.101242591772234]]]}},{"type":"Feature","properties":{"subdistrict_code":"901403","subdistrict_th":"แม่ทอม","subdistrict_en":"Mae Thom","district_code":"9014","district_th":"บางกล่ำ","province_code":"90","province_th":"สงขลา"},"geometry":{"type":"Polygon","coordinates":[[[100.4773681162456,7.082485200731469],[100.47465067438918,7.0864072170194845],[100.474909873392,7.0907874837554346],[100.47184502972442,7.092678446852915],[100.47226258405107,7.097663822427535],[100.46738168181923,7.103644333818977],[100.46658367829417,7.108040677735119],[100.4615444207385,7.108012505572731],[100.45804403540399,7.1111682805916985],[100.45679942135627,7.115000835919886],[100.45699127912428,7.121471728737333],[100.45361944198373,7.130265493058118],[100.45078962264301,7.123242762743359],[100.44348110127186,7.1226574695666045],[100.43782179084303,7.118733383039228],[100.43686824057693,7.115967988431976],[100.43978493532654,7.106462992573086],[100.44051814089954,7.092059968692638],[100.43983957363747,7.089454799099769],[100.44324678201343,7.089623965173928],[100.4457200714242,7.090952410425473],[100.45354523622376,7.089917990422975],[100.45939197256155,7.087694270074564],[100.467450776732,7.079890131424463],[100.46967593239845,7.072536151122506],[100.47143832212095,7.070929958350973],[100.47342165368644,7.074240810664946],[100.4790408867276,7.074233173622133],[100.48109958867514,7.075076679245399],[100.47978268981933,7.078343150915714],[100.4763801012607,7.079766371221126],[100.4773681162456,7.082485200731469]]]}},{"type":"Feature","properties":{"subdistrict_code":"900909","subdistrict_th":"เขาพระ","subdistrict_en":"Khao Phra","district_code":"9009","district_th":"รัตภูมิ","province_code":"90","province_th":"สงขลา"},"geometry":{"type":"Polygon","coordinates":[[[100.21558088614904,6.992384812109435],[100.20865819731802,7.002798786934534],[100.20871135444548,7.005646402059881],[100.21149188644148,7.01414066426031],[100.21148498774204,7.017600787846106],[100.20788195288986,7.019918948700592],[100.20605239640105,7.023487019710217],[100.20681414555645,7.028838584832897],[100.20621182191809,7.039015278032707],[100.20916317564013,7.0433499410469835],[100.21274834725847,7.0446608081498425],[100.21943648030935,7.051101696885837],[100.22269753896029,7.056515905184938],[100.22303364258858,7.065820928692972],[100.22705599084134,7.0673702618281595],[100.21213523355425,7.115203874958922],[100.21010491600913,7.116707571996926],[100.20986329875228,7.118190198818695],[100.20714456097278,7.118107043005693],[100.20658378241569,7.116812759401398],[100.20442670273019,7.116671314929306],[100.20442602823869,7.114964323444838],[100.2027750483299,7.114479599653862],[100.20151692016981,7.111475717430437],[100.19708699107184,7.107374956389151],[100.19596034019759,7.108992888910734],[100.1943690563869,7.109254089804438],[100.19118124481867,7.107504629635002],[100.1889547581556,7.108460680915755],[100.18786158724254,7.110533537292952],[100.18678244575335,7.11035526288515],[100.18293462713137,7.113087330416022],[100.1823649380915,7.112298474794841],[100.17881529508986,7.111991675575439],[100.17846470428276,7.113218774426969],[100.17627356007682,7.114095259988289],[100.17596680762216,7.1130872827519624],[100.17175983125128,7.11168485387293],[100.17066424925576,7.113613146929254],[100.16851692991247,7.114182856653542],[100.16588757934835,7.111947762579234],[100.16509876419667,7.1126051319213275],[100.1629952778099,7.111728617581662],[100.1622941240746,7.110150912634538],[100.16083336067112,7.110852102342676],[100.15948946776479,7.110150892849447],[100.15738600925698,7.105125610758364],[100.15487351120362,7.104073791572262],[100.15341276578658,7.102145482328183],[100.14657958288149,7.101018660582781],[100.1462877223006,7.099734366647738],[100.14342741684186,7.097340893867226],[100.14109246204754,7.097224123194792],[100.1403919828038,7.096173336430354],[100.13151916987385,7.09313767576316],[100.12918421058293,7.09377980429457],[100.12743298144699,7.095531101778988],[100.1271994661825,7.098391567317037],[100.12509800956553,7.097691031415991],[100.12486452397866,7.096348359789033],[100.12410565175446,7.097982906386051],[100.12159558007204,7.097165613302479],[100.12054484636764,7.0977493749337555],[100.12124532201403,7.099383932322667],[100.11984434284221,7.099967692155303],[100.11873524673433,7.098916900894324],[100.1155830600103,7.098508240862657],[100.10752745742627,7.099150333421221],[100.10180683032104,7.096931972132836],[100.08814735421709,7.0944800479159085],[100.08149273080494,7.094421625257837],[100.08073385588278,7.0963480594154476],[100.07932693758818,7.096597338896117],[100.06874924478188,7.096289986593661],[100.06138921384121,7.098471324592026],[100.06002436942919,7.100486278119263],[100.05982733966005,7.105757687567291],[100.05687896359336,7.107705704554689],[100.05707857081944,7.10259772800282],[100.0545574887372,7.094673730408374],[100.05986995043793,7.084768793445107],[100.06194089755445,7.082877858226652],[100.06230110121493,7.076844830024925],[100.06086046643742,7.074503644727486],[100.06023021705096,7.069371062724429],[100.06140077012952,7.065769261742105],[100.06392190886908,7.065409096752489],[100.06446216489707,7.0636982417804575],[100.06392196642565,7.057124937765707],[100.0678837732176,7.053883335047942],[100.07004477124923,7.050371586779363],[100.07310616331887,7.0486607479952],[100.07301613308812,7.047129978665623],[100.0708551647341,7.046319556402466],[100.06905434877922,7.046769771407867],[100.0704049749097,7.044248513957825],[100.07238587740636,7.042897849156475],[100.0775181887135,7.043438156445802],[100.07931901725891,7.040826855275213],[100.07886883013248,7.038485676273012],[100.07490707729983,7.033533161925902],[100.07004489175841,7.032632676157107],[100.06689346316284,7.033713198105659],[100.06392213819618,7.0314620484348325],[100.06581300326752,7.029661154238909],[100.06617318534427,7.026599619177148],[100.06284172776361,7.020206386415623],[100.06419237008186,7.015163863421606],[100.06716373282006,7.011742166068132],[100.07193590341927,7.009040838264127],[100.07337656877371,7.006609628131855],[100.08037886559225,7.002207986309543],[100.08269779626636,6.999205687792312],[100.08338304639057,6.99434271444477],[100.07969788275113,6.986542966284901],[100.08111239941775,6.978468664097591],[100.07844355962266,6.96376447704904],[100.08143981199777,6.963099651427797],[100.09486946185626,6.964915805320231],[100.09576874972805,6.962264549969063],[100.09934568535516,6.95759724121973],[100.10133487510444,6.949275421323705],[100.10585512491417,6.949033699745485],[100.10782442255913,6.944961660352419],[100.11644456466496,6.939947817637744],[100.11994146602592,6.936036929560714],[100.1217828261166,6.923616356809475],[100.130063666605,6.922675928551314],[100.1429352637515,6.924041398891518],[100.14874413683253,6.923364912660645],[100.15765933301185,6.919098715033726],[100.16317562155774,6.914247158579542],[100.16769760526034,6.913168875043596],[100.17434506017645,6.913157623625466],[100.17747771092769,6.912056672677352],[100.1817844616836,6.913398117629072],[100.18618036942854,6.912377071444723],[100.18884056314153,6.9098770766657935],[100.1912483270487,6.911469242711405],[100.19413860241463,6.9098694845890805],[100.19499089981025,6.906892246579957],[100.19678283675859,6.9081331599174405],[100.19824752390417,6.907785238298175],[100.20076523802538,6.8999596840922095],[100.20706801068019,6.895721314187369],[100.20932196083987,6.901503277754102],[100.207360278654,6.907715332196858],[100.21085211593248,6.914235751578701],[100.21410199870832,6.916340404386176],[100.21432163203775,6.9183242665517355],[100.20613234343296,6.9206392770810226],[100.20548730109812,6.922491374177639],[100.2020461559054,6.924054538885912],[100.19925745536733,6.929866779927977],[100.19535843474404,6.933044313144592],[100.19269159504114,6.939225908448975],[100.19338235261353,6.941949285830901],[100.19275362757793,6.944991962109384],[100.19102660369487,6.947690328445958],[100.19436463621906,6.96222151111391],[100.19205331470874,6.968100379329087],[100.19406218522175,6.975938266837602],[100.19691219883896,6.97992064022543],[100.19893517431888,6.980459566156128],[100.2015780497872,6.984492730555132],[100.20491337715072,6.98486040038722],[100.20618035913634,6.987635391660035],[100.21558088614904,6.992384812109435]]]}},{"type":"Feature","properties":{"subdistrict_code":"900306","subdistrict_th":"นาทับ","subdistrict_en":"Na Thap","district_code":"9003","district_th":"จะนะ","province_code":"90","province_th":"สงขลา"},"geometry":{"type":"Polygon","coordinates":[[[100.74190297574182,7.010882866551071],[100.70452620901739,7.058818850409693],[100.67444548197346,7.101242591772234],[100.66305596755893,7.093515387425214],[100.66260587665994,7.092242317928651],[100.66842061242136,7.078241567094722],[100.67157797294516,7.067240509442001],[100.67162798424414,7.0605309770230065],[100.67378048368244,7.058011209749566],[100.67530823039056,7.053546773664721],[100.67429267007071,7.052248331595251],[100.67200662580518,7.051596434627811],[100.664456078885,7.05295995973438],[100.65904210890625,7.052415771870415],[100.67297021880063,7.033186338378869],[100.6795667882767,7.027124778285952],[100.68407032868276,7.015099993569891],[100.6941939097212,7.00796490555598],[100.70437027556784,7.002219140600914],[100.70781721599178,7.001604773241752],[100.7107629822259,6.9997426999656795],[100.71569577444052,6.992158216228745],[100.71503424483461,6.986947297879567],[100.71792232315676,6.986667779594427],[100.72687504624645,6.986930631643361],[100.7315698832436,6.989028109659557],[100.73834171799592,6.989922070846944],[100.73505585064703,7.004395147418165],[100.74190297574182,7.010882866551071]]]}},{"type":"Feature","properties":{"subdistrict_code":"901113","subdistrict_th":"ท่าข้าม","subdistrict_en":"Tha Kham","district_code":"9011","district_th":"หาดใหญ่","province_code":"90","province_th":"สงขลา"},"geometry":{"type":"Polygon","coordinates":[[[100.60512063141209,7.047777137105243],[100.59747045759559,7.046426044226621],[100.59383131136599,7.047435411814831],[100.59044655276625,7.052544715766089],[100.58857988755182,7.053268261720973],[100.58787019565307,7.058332284807136],[100.58221429905075,7.061562762011931],[100.57531687577324,7.0680725280248],[100.5705596168329,7.070601319095658],[100.56607488304945,7.068226876868948],[100.56597790016002,7.076721136371418],[100.5635755591648,7.093802429438597],[100.54779149228358,7.075810418116362],[100.5403070509297,7.070165388022303],[100.5470827653574,7.056803122566123],[100.55685555773783,7.0411390935943245],[100.55814135174205,7.009511704401689],[100.55911368434909,7.0113656379139115],[100.56288344901202,7.01377374356349],[100.56887439793519,7.0122131158426555],[100.57585157578967,7.013777884941476],[100.57874942884314,7.012070389836651],[100.58094995477666,7.0119222634018],[100.58305548442314,7.0150526937268864],[100.58885927543525,7.016634486992018],[100.59755423933672,7.024431913102376],[100.60035406988447,7.025174596630393],[100.60272489773592,7.033447235301708],[100.60710532185317,7.037478767431196],[100.60864309060622,7.040333190424462],[100.60783316297017,7.044648136702222],[100.60512063141209,7.047777137105243]]]}},{"type":"Feature","properties":{"subdistrict_code":"901402","subdistrict_th":"ท่าช้าง","subdistrict_en":"Tha Chang","district_code":"9014","district_th":"บางกล่ำ","province_code":"90","province_th":"สงขลา"},"geometry":{"type":"Polygon","coordinates":[[[100.43965470180308,7.0896837134326915],[100.4344629039399,7.091511240151647],[100.43259122410575,7.090595733906071],[100.43080862212025,7.088658058222848],[100.4290636603597,7.081850459231362],[100.42728281115285,7.08009729295577],[100.42104523125249,7.082932613449373],[100.41690217869268,7.081943468915995],[100.41224563392893,7.086627939427899],[100.39943172919101,7.0852283622991195],[100.38867116194461,7.087096997028823],[100.37973260677444,7.084282836683599],[100.36865651058957,7.077629597328098],[100.3533028664342,7.073752974320371],[100.35022124141722,7.076630279663732],[100.34003289480233,7.077119947927315],[100.33908658857524,7.079773009117105],[100.33434903108298,7.083412540256575],[100.3322733283515,7.087650044114298],[100.33049253580197,7.085822973351583],[100.32952081473388,7.082442729348543],[100.32735373998315,7.0821975318906425],[100.32317758877474,7.079471461938454],[100.32196855640382,7.075733648389189],[100.31938790232988,7.072547987099995],[100.31994336229639,7.068703420426573],[100.32181052483594,7.06532201360011],[100.32200170901172,7.056732252391555],[100.31497398476165,7.053701547888181],[100.30440767467451,7.053211724941207],[100.30252716979311,7.049830092384923],[100.30288861631664,7.039520806739915],[100.3089999071201,7.035767678635523],[100.31288679498965,7.034689358227354],[100.31517986835632,7.036612339887597],[100.31818853407367,7.035584203448252],[100.3247810835802,7.0358849529282566],[100.32866517365892,7.02876563722441],[100.33068000757635,7.027042194441776],[100.33305006021214,7.026887936429148],[100.3369298236525,7.024659506331204],[100.34177259732758,7.026039521406858],[100.3447845635568,7.028970061219411],[100.34736334883956,7.0270408931227735],[100.35278365364275,7.025634834579989],[100.35351802923373,7.027800911982524],[100.35223890640049,7.0301593228944625],[100.35246660305137,7.032012032429407],[100.35379226040453,7.030093229019371],[100.35716953214825,7.031666080325408],[100.35903952035761,7.029296903629245],[100.36391782175014,7.029448343166564],[100.36983451455126,7.024759833799351],[100.37233093992103,7.024989079082786],[100.37362806808096,7.0156919624141665],[100.37629903117539,7.013244660712587],[100.39666678064748,7.007963668088848],[100.39862201199634,7.008957150951801],[100.40118464995169,7.008691780801087],[100.3995306564147,7.002178410305419],[100.39649571790312,6.99666612464199],[100.39615560869447,6.993386067812821],[100.39874716075292,6.9924332298097625],[100.39938886840162,6.994253118586585],[100.40171686514128,6.995447131380047],[100.4059056464285,6.992734957752134],[100.40804295991472,6.994998980318712],[100.40838654140583,6.99671916126033],[100.41290585232326,6.999627658689519],[100.42399946999961,7.00283623110721],[100.42574297935505,7.004772830301931],[100.43044695975942,7.006688720807858],[100.44047715339798,7.014804647216749],[100.4456908758333,7.014578088208225],[100.45203145958425,7.020829417843402],[100.45071071522739,7.022080051952912],[100.45045022299945,7.023912953919762],[100.45261473378298,7.027764305078676],[100.43900006010477,7.034395994879333],[100.44044809000741,7.03688521578016],[100.44114741272296,7.044242839235665],[100.44415609822539,7.050109670025279],[100.44204559712665,7.053322858663023],[100.43914852918135,7.054660300732337],[100.43044898413336,7.071827402612598],[100.43112940759613,7.075204663564421],[100.43693586329954,7.077613197291271],[100.4367421664179,7.08744477655523],[100.43965470180308,7.0896837134326915]]]}},{"type":"Feature","properties":{"subdistrict_code":"900105","subdistrict_th":"ทุ่งหวัง","subdistrict_en":"Thung Wang","district_code":"9001","district_th":"เมืองสงขลา","province_code":"90","province_th":"สงขลา"},"geometry":{"type":"Polygon","coordinates":[[[100.66485313586361,7.0862872771361936],[100.65690871016892,7.089998138003693],[100.65207139897592,7.090262330042549],[100.63736863105754,7.089111165448003],[100.62931461667625,7.086856253913027],[100.62379894506535,7.08352955914188],[100.62088920297441,7.084834758717193],[100.61403822788196,7.0837667049694915],[100.61756727730807,7.080494062151274],[100.6213573288777,7.068371302593562],[100.6175655973745,7.06781988597902],[100.61476420740229,7.065728910960502],[100.61243817298333,7.057138656024222],[100.60368584042925,7.052995662819626],[100.60339025935303,7.049788828791463],[100.60706908996661,7.046017884218031],[100.60874571943947,7.041059065623415],[100.60778825532378,7.038341680424253],[100.60272489773592,7.033447235301708],[100.60033330993434,7.024919678400465],[100.60311378257506,7.022790929158077],[100.60917837158462,7.021136288109233],[100.60987898123005,7.0159570276946965],[100.61622490335668,7.015052450909934],[100.61894636877997,7.01572352412137],[100.62284494423886,7.018341995586695],[100.62756766021943,7.019310140050948],[100.63190571367778,7.018974069697606],[100.63635665003943,7.021161532978397],[100.63934304764359,7.025432125592147],[100.6380439436731,7.0297024268255655],[100.63837593290305,7.033236286725298],[100.641766436372,7.03527816955193],[100.64302597556838,7.037303203580052],[100.6423147359364,7.047867216798693],[100.6436831821332,7.0494798640045815],[100.65068058843849,7.052238267282235],[100.65406357177648,7.046268357998372],[100.65891431164624,7.048454079292355],[100.6587568664363,7.0523392179805455],[100.664456078885,7.05295995973438],[100.67200662580518,7.051596434627811],[100.675136812414,7.053070974745708],[100.67378048368244,7.058011209749566],[100.67162798424414,7.0605309770230065],[100.67157797294516,7.067240509442001],[100.66842061242136,7.078241567094722],[100.66485313586361,7.0862872771361936]]]}},{"type":"Feature","properties":{"subdistrict_code":"901404","subdistrict_th":"บ้านหาร","subdistrict_en":"Ban Han","district_code":"9014","district_th":"บางกล่ำ","province_code":"90","province_th":"สงขลา"},"geometry":{"type":"Polygon","coordinates":[[[100.46967593239845,7.072536151122506],[100.467450776732,7.079890131424463],[100.4643258205802,7.082178275606964],[100.46075012511824,7.086694694304754],[100.45354523622376,7.089917990422975],[100.4457200714242,7.090952410425473],[100.44324678201343,7.089623965173928],[100.43965470180308,7.0896837134326915],[100.4367421664179,7.08744477655523],[100.43693586329954,7.077613197291271],[100.43112940759613,7.075204663564421],[100.43041276843456,7.073296477550457],[100.43061764928513,7.071296158690814],[100.43633147301915,7.059935531399731],[100.44856937457706,7.058983212305463],[100.45710508832923,7.059645336363246],[100.45853389971978,7.064517109576968],[100.4641898565767,7.067576313596021],[100.46673022462022,7.071725336754923],[100.46967593239845,7.072536151122506]]]}},{"type":"Feature","properties":{"subdistrict_code":"901105","subdistrict_th":"คลองแห","subdistrict_en":"Khlong Hae","district_code":"9011","district_th":"หาดใหญ่","province_code":"90","province_th":"สงขลา"},"geometry":{"type":"Polygon","coordinates":[[[100.50027773832704,7.07322138685754],[100.49237402134406,7.078871531396089],[100.47986850672629,7.083020589628575],[100.4773681162456,7.082485200731469],[100.47620166317625,7.080142789658055],[100.47978268981933,7.078343150915714],[100.48107616043649,7.0764236037663295],[100.48091664588657,7.0747480372921245],[100.47342165368644,7.074240810664946],[100.47173420806729,7.070926198285463],[100.46967593239845,7.072536151122506],[100.46673022462022,7.071725336754923],[100.4641898565767,7.067576313596021],[100.45853389971978,7.064517109576968],[100.45710508832923,7.059645336363246],[100.45452530300037,7.058901105101995],[100.45108353098021,7.059500472668731],[100.45197618455336,7.057284943345508],[100.45255699460967,7.047406851145297],[100.45102179162245,7.036558094580471],[100.45336075199714,7.030805591005276],[100.45261473378298,7.027764305078676],[100.46137297758094,7.0233353265641085],[100.46404099899297,7.020476154251185],[100.46513877533425,7.017677267092267],[100.46444411830146,7.024019809566596],[100.46521247567529,7.02586447196785],[100.49692757844502,7.046234818681967],[100.50902996476111,7.0567733756907955],[100.50027773832704,7.07322138685754]]]}},{"type":"Feature","properties":{"subdistrict_code":"901111","subdistrict_th":"ทุ่งใหญ่","subdistrict_en":"Thung Yai","district_code":"9011","district_th":"หาดใหญ่","province_code":"90","province_th":"สงขลา"},"geometry":{"type":"Polygon","coordinates":[[[100.55814135174205,7.009511704401689],[100.55685555773783,7.0411390935943245],[100.5470827653574,7.056803122566123],[100.5403070509297,7.070165388022303],[100.50936526709347,7.057066187754401],[100.51266291466186,7.054778954585117],[100.51361851178495,7.05065934375375],[100.51813454467356,7.045158183603348],[100.5188180393211,7.029001913407626],[100.52087330226112,7.0192661991757745],[100.52094983096998,7.0130399003711545],[100.52309860271839,7.004766017937413],[100.52451055991446,7.002154375024418],[100.53830916023963,6.987867405056761],[100.54026646002916,6.991020924576048],[100.54610081270238,6.994174716589953],[100.54931966437107,6.9971708736369465],[100.55591510339934,6.999686186568283],[100.55813047084462,7.001462544560809],[100.55920001117164,7.004149224207367],[100.55770769685279,7.006424470313107],[100.55814135174205,7.009511704401689]]]}},{"type":"Feature","properties":{"subdistrict_code":"901107","subdistrict_th":"คลองอู่ตะเภา","subdistrict_en":"Khlong U Taphao","district_code":"9011","district_th":"หาดใหญ่","province_code":"90","province_th":"สงขลา"},"geometry":{"type":"Polygon","coordinates":[[[100.45108353098021,7.059500472668731],[100.43633147301915,7.059935531399731],[100.4393688531901,7.054373063566061],[100.44204559712665,7.053322858663023],[100.44415609822539,7.050109670025279],[100.44114741272296,7.044242839235665],[100.44044809000741,7.03688521578016],[100.43900006010477,7.034395994879333],[100.45261473378298,7.027764305078676],[100.45336075199714,7.030805591005276],[100.45102179162245,7.036558094580471],[100.45255699460967,7.047406851145297],[100.45197618455336,7.057284943345508],[100.45108353098021,7.059500472668731]]]}},{"type":"Feature","properties":{"subdistrict_code":"901104","subdistrict_th":"คอหงส์","subdistrict_en":"Kho Hong","district_code":"9011","district_th":"หาดใหญ่","province_code":"90","province_th":"สงขลา"},"geometry":{"type":"Polygon","coordinates":[[[100.53830916023963,6.987867405056761],[100.52451055991446,7.002154375024418],[100.52309860271839,7.004766017937413],[100.52094983096998,7.0130399003711545],[100.52087330226112,7.0192661991757745],[100.5188180393211,7.029001913407626],[100.51813454467356,7.045158183603348],[100.51361851178495,7.05065934375375],[100.51266291466186,7.054778954585117],[100.50936526709347,7.057066187754401],[100.49692757844502,7.046234818681967],[100.47877769743286,7.034605096248242],[100.47922117831479,7.0316472008576625],[100.48150345801821,7.031550548918744],[100.48022632718329,7.029370117436997],[100.4814297271003,7.028648379119431],[100.48073880495195,7.027134178899303],[100.48391604588886,7.020884952778374],[100.49006685560096,7.021340926142898],[100.49706823421172,7.023047678407693],[100.49972456623578,7.031230330015774],[100.50084340200146,7.039699468755543],[100.50387042557975,7.039120230714104],[100.50285728803345,7.029230269261575],[100.49605391855357,7.013434098404957],[100.49515927028415,7.008375677195772],[100.49270037542203,7.002099986725057],[100.48441491421698,6.9880735512534216],[100.47344586883185,6.9921700243272085],[100.47050201365704,6.9908764457914],[100.46557162083371,6.984343998876511],[100.46088046116444,6.985564481415736],[100.46089298692186,6.984161825907563],[100.4622982117931,6.979276420770248],[100.46622648286598,6.979061609605651],[100.46797618944964,6.974513966446466],[100.47026556660268,6.972756432163635],[100.4774843752038,6.972808514601297],[100.47908204240241,6.975584835072141],[100.482389472796,6.973940488562732],[100.48834172299217,6.973467827378386],[100.4901987195953,6.975786838991496],[100.49185861178557,6.975903538617445],[100.49466034889605,6.9740238988839],[100.50022778908124,6.972651865291425],[100.50473932086305,6.968264847344869],[100.50492946542255,6.9752956472763685],[100.50902788642787,6.975925845401491],[100.51500867481053,6.984351119708435],[100.51950733459586,6.988210981151894],[100.52201030433213,6.992991606277656],[100.52389640209736,6.9852821644403775],[100.5261505995706,6.981988341688691],[100.52926288697273,6.979925525342765],[100.53233764206857,6.980375608147824],[100.53655920993964,6.97457048703842],[100.54015563207685,6.973044093809904],[100.54130639197649,6.974853997414073],[100.5416093978555,6.978605225250988],[100.53830916023963,6.987867405056761]]]}},{"type":"Feature","properties":{"subdistrict_code":"900310","subdistrict_th":"จะโหนง","subdistrict_en":"Chanong","district_code":"9003","district_th":"จะนะ","province_code":"90","province_th":"สงขลา"},"geometry":{"type":"Polygon","coordinates":[[[100.71503424483461,6.986947297879567],[100.71569577444052,6.992158216228745],[100.7107629822259,6.9997426999656795],[100.70781721599178,7.001604773241752],[100.70437027556784,7.002219140600914],[100.6941939097212,7.00796490555598],[100.68407032868276,7.015099993569891],[100.6795667882767,7.027124778285952],[100.67297021880063,7.033186338378869],[100.65904210890625,7.052415771870415],[100.65891431164624,7.048454079292355],[100.65406357177648,7.046268357998372],[100.65068058843849,7.052238267282235],[100.64285807304168,7.0489068780500475],[100.6422871411387,7.046134564958265],[100.64302597556838,7.037303203580052],[100.63822458059997,7.032662057008395],[100.63926883828634,7.025078601196526],[100.63635665003943,7.021161532978397],[100.6301823230558,7.018866462217488],[100.62915534044669,7.017315855642266],[100.62473655304956,7.000872718800963],[100.62599328456247,6.98873336405353],[100.62840146935241,6.9847322317071985],[100.63096325205248,6.982895032779595],[100.62726875704755,6.98021659541962],[100.63994313107071,6.972497108155039],[100.64279517265913,6.976060365093815],[100.65168013812792,6.981815357093126],[100.66317792642025,6.975887845447744],[100.67556280687808,6.975216747954619],[100.68876685910334,6.978576362409228],[100.69521377869302,6.984306665320389],[100.69728719085123,6.9805006022210705],[100.70286974594211,6.977081771006965],[100.70445282343911,6.968938697662793],[100.70644526603627,6.967813673662135],[100.70913282162246,6.969194189660186],[100.70879347683757,6.969913926086861],[100.712761512334,6.97446503073661],[100.71503424483461,6.986947297879567]]]}},{"type":"Feature","properties":{"subdistrict_code":"901101","subdistrict_th":"หาดใหญ่","subdistrict_en":"Hat Yai","district_code":"9011","district_th":"หาดใหญ่","province_code":"90","province_th":"สงขลา"},"geometry":{"type":"Polygon","coordinates":[[[100.49983310271557,7.0218501276813186],[100.50285728803345,7.029230269261575],[100.5038668255936,7.038646429189384],[100.50112019264282,7.03968784232012],[100.49824557807102,7.025865775984812],[100.49706823421172,7.023047678407693],[100.49532450722029,7.02240201374201],[100.48391604588886,7.020884952778374],[100.48073880495195,7.027134178899303],[100.4814297271003,7.028648379119431],[100.48022632718329,7.029370117436997],[100.48150345801821,7.031550548918744],[100.47922117831479,7.0316472008576625],[100.47877769743286,7.034605096248242],[100.4649917029048,7.025637953428884],[100.46513877533425,7.017677267092267],[100.46404099899297,7.020476154251185],[100.46137297758094,7.0233353265641085],[100.45261473378298,7.027764305078676],[100.45045022299945,7.023912953919762],[100.45071071522739,7.022080051952912],[100.45203145958425,7.020829417843402],[100.45180554359104,7.01474065415789],[100.45048949189658,7.012384162399201],[100.45268157409544,7.011921554736034],[100.45098094621375,7.008406744275874],[100.45179913142482,7.005357224156626],[100.45477448355564,7.004013875340149],[100.45586873635318,7.002146005034149],[100.4456535746528,6.999898223324408],[100.4343282412554,6.999837358107641],[100.43044330941126,6.997364257554466],[100.43048300638571,6.996235138940563],[100.4362157761372,6.998389766174796],[100.44716609583872,6.998018235553161],[100.45572896731807,7.0012366420574494],[100.45761417655308,6.997788744754814],[100.45930621321122,6.999378944882437],[100.46115796856543,6.993531990009387],[100.46249077642824,6.992220174121769],[100.46088046116444,6.985564481415736],[100.4651387078851,6.984105135343782],[100.47050201365704,6.9908764457914],[100.47344586883185,6.9921700243272085],[100.4842221364425,6.987841017149265],[100.49270037542203,7.002099986725057],[100.49605391855357,7.013434098404957],[100.49983310271557,7.0218501276813186]]]}},{"type":"Feature","properties":{"subdistrict_code":"901108","subdistrict_th":"ฉลุง","subdistrict_en":"Chalung","district_code":"9011","district_th":"หาดใหญ่","province_code":"90","province_th":"สงขลา"},"geometry":{"type":"Polygon","coordinates":[[[100.39615560869447,6.993386067812821],[100.39649571790312,6.99666612464199],[100.3995306564147,7.002178410305419],[100.40118464995169,7.008691780801087],[100.39862201199634,7.008957150951801],[100.39666678064748,7.007963668088848],[100.37629903117539,7.013244660712587],[100.37362806808096,7.0156919624141665],[100.37233093992103,7.024989079082786],[100.36983451455126,7.024759833799351],[100.36391782175014,7.029448343166564],[100.35903952035761,7.029296903629245],[100.35716953214825,7.031666080325408],[100.35379226040453,7.030093229019371],[100.35246660305137,7.032012032429407],[100.35223890640049,7.0301593228944625],[100.35351802923373,7.027800911982524],[100.35278365364275,7.025634834579989],[100.34736334883956,7.0270408931227735],[100.3447845635568,7.028970061219411],[100.34177259732758,7.026039521406858],[100.3369298236525,7.024659506331204],[100.33305006021214,7.026887936429148],[100.33068000757635,7.027042194441776],[100.32866517365892,7.02876563722441],[100.3247810835802,7.0358849529282566],[100.31818853407367,7.035584203448252],[100.31517986835632,7.036612339887597],[100.31288679498965,7.034689358227354],[100.3089999071201,7.035767678635523],[100.30288861631664,7.039520806739915],[100.30038046468678,7.032312111914507],[100.29271696921279,7.031412549749405],[100.28404057990889,7.02261021399022],[100.27722069707755,7.022098069870083],[100.2727309153995,7.016236572060222],[100.26539669140425,7.015930531868605],[100.2631833923997,7.018209332994388],[100.26076496523103,7.01743221802252],[100.25769679587052,7.013182936643261],[100.25494183160032,7.012002271587619],[100.25365396735674,7.014987407442959],[100.25108311229587,7.014429157779432],[100.24843585263255,7.010989802237646],[100.24735688381321,7.011152137061515],[100.24195941459539,7.00606396807774],[100.2381380333436,7.004967854582844],[100.23106573419636,6.997438073008709],[100.2163268998666,6.992749736311339],[100.20618035913634,6.987635391660035],[100.20491337715072,6.98486040038722],[100.2015780497872,6.984492730555132],[100.19893517431888,6.980459566156128],[100.19671932123975,6.979711418347335],[100.19372734963753,6.974848730984206],[100.19205331470874,6.968100379329087],[100.19436463621906,6.96222151111391],[100.19102660369487,6.947690328445958],[100.19512890257687,6.94991503714931],[100.19837600374962,6.949493917910047],[100.20079262597898,6.952621304929323],[100.20433413191472,6.947850028256255],[100.20765374362543,6.948812694050616],[100.21590375895136,6.945445297762319],[100.22419470781955,6.9461503176830774],[100.22640975240819,6.945331195378401],[100.23480789866568,6.9494057735576575],[100.23771041200598,6.947684930715013],[100.2407189419257,6.948005476971218],[100.24730190825653,6.945951611577641],[100.25319610631533,6.941635677844317],[100.25588518355443,6.941815947847772],[100.25712844232379,6.942130378714069],[100.25775680942928,6.943760011415463],[100.25905502486955,6.943680082369951],[100.26235713307528,6.9459756486572815],[100.26308960030485,6.951972072653064],[100.2622842619092,6.954760027653208],[100.26313648915772,6.956043686666874],[100.26585338242774,6.956389565925804],[100.26366496766417,6.958844473193949],[100.26528093336844,6.961837078818178],[100.27121854529969,6.964190448130751],[100.27187442356586,6.966220235975186],[100.2773222719054,6.9705806573714995],[100.2782091005696,6.973332677261283],[100.27798328170314,6.977363453960265],[100.2798580543058,6.979669077366054],[100.28257913212133,6.980879500088918],[100.28881346456978,6.980079602591616],[100.29295319413467,6.9814116217489754],[100.29505690085534,6.984034203116039],[100.29602067191655,6.983450492746101],[100.29711823601787,6.984563816566947],[100.29829087192627,6.98140784459639],[100.30097273840124,6.982352457400054],[100.30725628624867,6.981779743940081],[100.3097165480803,6.98321539737276],[100.31164728459459,6.983214554707956],[100.31631371200825,6.9787463963292],[100.3188854582973,6.9801963849552635],[100.31947679581754,6.982231965332971],[100.32124911405543,6.981067011433481],[100.32170072570801,6.98244349756942],[100.32361885192853,6.9816169333748235],[100.32455482044867,6.983424488849153],[100.32697459480175,6.982899811776917],[100.33049287484636,6.9848425794215245],[100.33386031700007,6.982921275896217],[100.3369616371699,6.984511148670606],[100.33932897834973,6.983497950869776],[100.34208150815516,6.984754539390508],[100.34258992728337,6.986600187448744],[100.34179037332711,6.988290631407551],[100.34392207414447,6.989270822290678],[100.34711697776635,6.992962795596611],[100.35256870937849,6.99445095055097],[100.36097347644483,6.993896559878408],[100.36553525155068,6.990079986402293],[100.36562309822745,6.988089871250622],[100.36823948956084,6.985838076765901],[100.37456443320207,6.987306772189811],[100.37699415135904,6.98907164134323],[100.37871531525963,6.988795871432387],[100.38268314121405,6.990548854246299],[100.39615560869447,6.993386067812821]]]}},{"type":"Feature","properties":{"subdistrict_code":"901202","subdistrict_th":"พิจิตร","subdistrict_en":"Phichit","district_code":"9012","district_th":"นาหม่อม","province_code":"90","province_th":"สงขลา"},"geometry":{"type":"Polygon","coordinates":[[[100.60035406988447,7.025174596630393],[100.59755423933672,7.024431913102376],[100.58885927543525,7.016634486992018],[100.58305548442314,7.0150526937268864],[100.58094995477666,7.0119222634018],[100.57874942884314,7.012070389836651],[100.57585157578967,7.013777884941476],[100.56887439793519,7.0122131158426555],[100.56288344901202,7.01377374356349],[100.55833566465924,7.010109013420276],[100.55770769685279,7.006424470313107],[100.55920001117164,7.004149224207367],[100.55813047084462,7.001462544560809],[100.55591510339934,6.999686186568283],[100.54931966437107,6.9971708736369465],[100.54610081270238,6.994174716589953],[100.54026646002916,6.991020924576048],[100.53830916023963,6.987867405056761],[100.5416093978555,6.978605225250988],[100.54130639197649,6.974853997414073],[100.54015563207685,6.973044093809904],[100.54544479863858,6.9673236141935035],[100.54612253222916,6.96526685208363],[100.55261058860782,6.966945202858881],[100.55709720557167,6.970231065711175],[100.56024177773594,6.969966647942499],[100.56189501943965,6.96772055785749],[100.58807229579986,6.980951476429539],[100.58927795571316,6.980537671376453],[100.6015686735555,6.964932673004512],[100.61049300324959,6.968139403610621],[100.61782578203429,6.9746336572175665],[100.63083268218259,6.982573418128766],[100.62599328456247,6.98873336405353],[100.62471475528179,6.999967413565344],[100.62880881907182,7.016406030414032],[100.6301823230558,7.018866462217488],[100.624398639086,7.018776310578346],[100.61622490335668,7.015052450909934],[100.6110741190754,7.015429025828951],[100.6095216374137,7.016661875844932],[100.60917837158462,7.021136288109233],[100.60311378257506,7.022790929158077],[100.60035406988447,7.025174596630393]]]}},{"type":"Feature","properties":{"subdistrict_code":"901102","subdistrict_th":"ควนลัง","subdistrict_en":"Khuan Lang","district_code":"9011","district_th":"หาดใหญ่","province_code":"90","province_th":"สงขลา"},"geometry":{"type":"Polygon","coordinates":[[[100.45586873635318,7.002146005034149],[100.45477448355564,7.004013875340149],[100.45201410176946,7.005084981386858],[100.45107317978346,7.007865562845495],[100.45268157409544,7.011921554736034],[100.45048949189658,7.012384162399201],[100.45180554359104,7.01474065415789],[100.45203145958425,7.020829417843402],[100.4456908758333,7.014578088208225],[100.44047715339798,7.014804647216749],[100.43044695975942,7.006688720807858],[100.42574297935505,7.004772830301931],[100.42399946999961,7.00283623110721],[100.41290585232326,6.999627658689519],[100.40838654140583,6.99671916126033],[100.40804295991472,6.994998980318712],[100.4059056464285,6.992734957752134],[100.40126071820765,6.995444295817663],[100.39938886840162,6.994253118586585],[100.39874716075292,6.9924332298097625],[100.3932110043844,6.993235114808726],[100.37871531525963,6.988795871432387],[100.37699415135904,6.98907164134323],[100.37230917273018,6.986506321609511],[100.36719119841513,6.986335120369574],[100.36773402470556,6.973781691671775],[100.36599843298137,6.96925635259862],[100.37056335211707,6.965927103752904],[100.3798199633207,6.964443899566334],[100.38169796089227,6.966037417293023],[100.38586082281876,6.965409996274332],[100.38911530382825,6.968433395584782],[100.39202375988867,6.968111145113312],[100.39468272242976,6.9704263391043355],[100.3898029182701,6.963485736677455],[100.38841259966182,6.958987590405002],[100.3932126807207,6.954072786430004],[100.40347405858103,6.938229526171767],[100.41390819081039,6.939382112594444],[100.41493906208808,6.933417765617435],[100.44024644671623,6.936982191674872],[100.44146256664419,6.93780275559277],[100.4406732856437,6.9387302039357905],[100.44114411400972,6.939784010623612],[100.4450798557508,6.94058028385308],[100.44480122419719,6.944731985193016],[100.44675174040054,6.948698848872823],[100.44819992318799,6.950480841117951],[100.44983332674667,6.94982096626461],[100.45059256589428,6.9504284960783025],[100.45247912411236,6.9590512174397645],[100.45499858921357,6.959086221751761],[100.45504544299285,6.961121719391883],[100.45674834705864,6.96090622474253],[100.45660181242374,6.963187822759835],[100.45935722995227,6.9668118648756945],[100.4589153966283,6.9715481849008825],[100.45715494674346,6.9726939067983835],[100.45842791911326,6.973963372711523],[100.45616706485822,6.977283831583634],[100.45692746323192,6.9784305364401575],[100.45964845291383,6.977568679251192],[100.4622982117931,6.979276420770248],[100.46088046116444,6.985564481415736],[100.46249077642824,6.992220174121769],[100.46115796856543,6.993531990009387],[100.45930621321122,6.999378944882437],[100.45761417655308,6.997788744754814],[100.45572896731807,7.0012366420574494],[100.44560621995117,6.997744949569835],[100.43539949928754,6.998302388944126],[100.43061939576859,6.995975436317394],[100.43044330941126,6.997364257554466],[100.4343282412554,6.999837358107641],[100.4456535746528,6.999898223324408],[100.45586873635318,7.002146005034149]]]}},{"type":"Feature","properties":{"subdistrict_code":"900314","subdistrict_th":"ตลิ่งชัน","subdistrict_en":"Taling Chan","district_code":"9003","district_th":"จะนะ","province_code":"90","province_th":"สงขลา"},"geometry":{"type":"Polygon","coordinates":[[[100.7752849962057,6.976664676233895],[100.76013010671909,6.990200602575783],[100.74190297574182,7.010882866551071],[100.73505585064703,7.004395147418165],[100.73834171799592,6.989922070846944],[100.7315698832436,6.989028109659557],[100.72687504624645,6.986930631643361],[100.71503424483461,6.986947297879567],[100.71306119341938,6.975220654609586],[100.70879347683757,6.969913926086861],[100.70913282162246,6.969194189660186],[100.71183999232187,6.970612078784484],[100.71305493773525,6.968359983026858],[100.70978372214114,6.9610494076041505],[100.71354883371174,6.956240082413899],[100.71299500961209,6.954277687964975],[100.71486298783668,6.95196801761],[100.71461132695123,6.948538581590299],[100.71250121975555,6.9466072434295825],[100.71330183041522,6.944567614303992],[100.71181623313271,6.938494416983815],[100.71251536519202,6.934299743338556],[100.7148934352839,6.931007182335634],[100.71347462165653,6.92775035859222],[100.71999585312619,6.921840974581357],[100.72058847218028,6.923857053160532],[100.7337871536543,6.922905344705953],[100.73459123479773,6.9253584524306575],[100.74481216834693,6.928658674758083],[100.75288200809825,6.937486115092213],[100.76121217999815,6.957135553562978],[100.77577013458409,6.973779080939892],[100.77372498272183,6.975118174164436],[100.7752849962057,6.976664676233895]]]}},{"type":"Feature","properties":{"subdistrict_code":"901112","subdistrict_th":"ทุ่งตำเสา","subdistrict_en":"Thung Tam Sao","district_code":"9011","district_th":"หาดใหญ่","province_code":"90","province_th":"สงขลา"},"geometry":{"type":"Polygon","coordinates":[[[100.36719119841513,6.986335120369574],[100.36562309822745,6.988089871250622],[100.36553525155068,6.990079986402293],[100.36097347644483,6.993896559878408],[100.35256870937849,6.99445095055097],[100.34711697776635,6.992962795596611],[100.34392207414447,6.989270822290678],[100.34179037332711,6.988290631407551],[100.34258992728337,6.986600187448744],[100.34208150815516,6.984754539390508],[100.33932897834973,6.983497950869776],[100.3369616371699,6.984511148670606],[100.33386031700007,6.982921275896217],[100.33049287484636,6.9848425794215245],[100.32697459480175,6.982899811776917],[100.32455482044867,6.983424488849153],[100.32361885192853,6.9816169333748235],[100.32170072570801,6.98244349756942],[100.32124911405543,6.981067011433481],[100.31947679581754,6.982231965332971],[100.3188854582973,6.9801963849552635],[100.31631371200825,6.9787463963292],[100.31164728459459,6.983214554707956],[100.3097165480803,6.98321539737276],[100.30725628624867,6.981779743940081],[100.30097273840124,6.982352457400054],[100.29829087192627,6.98140784459639],[100.29711823601787,6.984563816566947],[100.29602067191655,6.983450492746101],[100.29505690085534,6.984034203116039],[100.29295319413467,6.9814116217489754],[100.28881346456978,6.980079602591616],[100.28257913212133,6.980879500088918],[100.2798580543058,6.979669077366054],[100.27798328170314,6.977363453960265],[100.2782091005696,6.973332677261283],[100.2773222719054,6.9705806573714995],[100.27187442356586,6.966220235975186],[100.27121854529969,6.964190448130751],[100.26528093336844,6.961837078818178],[100.26366496766417,6.958844473193949],[100.26585338242774,6.956389565925804],[100.26313648915772,6.956043686666874],[100.2622842619092,6.954760027653208],[100.26308960030485,6.951972072653064],[100.26235713307528,6.9459756486572815],[100.25905502486955,6.943680082369951],[100.25775680942928,6.943760011415463],[100.25712844232379,6.942130378714069],[100.25588518355443,6.941815947847772],[100.25319610631533,6.941635677844317],[100.24730190825653,6.945951611577641],[100.2407189419257,6.948005476971218],[100.23771041200598,6.947684930715013],[100.23480789866568,6.9494057735576575],[100.22640975240819,6.945331195378401],[100.22419470781955,6.9461503176830774],[100.21590375895136,6.945445297762319],[100.20765374362543,6.948812694050616],[100.20433413191472,6.947850028256255],[100.20079262597898,6.952621304929323],[100.19837600374962,6.949493917910047],[100.19512890257687,6.94991503714931],[100.19102660369487,6.947690328445958],[100.19275362757793,6.944991962109384],[100.19338235261353,6.941949285830901],[100.19269159504114,6.939225908448975],[100.19535843474404,6.933044313144592],[100.19991111410667,6.9290986410894675],[100.2020461559054,6.924054538885912],[100.20548730109812,6.922491374177639],[100.20613234343296,6.9206392770810226],[100.21432163203775,6.9183242665517355],[100.21410199870832,6.916340404386176],[100.21085211593248,6.914235751578701],[100.207360278654,6.907715332196858],[100.20932196083987,6.901503277754102],[100.20706801068019,6.895721314187369],[100.20858593319434,6.892293712784692],[100.2085335413899,6.888578692552642],[100.21123651405395,6.887507474990002],[100.21211510942481,6.884171081929935],[100.21400181693036,6.882108764707766],[100.21838996262676,6.879751802603664],[100.21884371736371,6.872150364847528],[100.22032319655835,6.87089130858709],[100.21770300558927,6.868735586877904],[100.21732011203358,6.865845274639753],[100.21082261816935,6.857750279052198],[100.21143765462415,6.8535969112684825],[100.21019171677437,6.848888629406758],[100.2109975641863,6.845940476371936],[100.2257617863774,6.848066873887149],[100.22966231426443,6.850888271076883],[100.23198128540804,6.851340047305371],[100.23790774664525,6.856747705841997],[100.24215454499631,6.855094967758589],[100.24686641785098,6.849279902845296],[100.24762096163812,6.849424344757779],[100.24984228529331,6.854025923857364],[100.24894917576393,6.857902467724728],[100.24960028672393,6.8599119308909735],[100.25906396143273,6.861221375266325],[100.25972706934886,6.8637422855780414],[100.26212266902604,6.863988324801369],[100.26324126557199,6.869383107744284],[100.27355842118425,6.885818820682061],[100.27936940317545,6.885955644437502],[100.2864702548984,6.8953438984022455],[100.30829379092575,6.900536223268148],[100.30961726922163,6.898177256575195],[100.31598309604311,6.898178970682977],[100.32447516119981,6.912786520181783],[100.33076162824659,6.9151966672924345],[100.33286644563003,6.9210041716052615],[100.34046490213359,6.924677724997082],[100.34396384135823,6.928070519039295],[100.34688361089002,6.927771164407773],[100.3536433839351,6.929646034137193],[100.35846635363936,6.929797318091801],[100.36753177527129,6.93229814564296],[100.37259564457338,6.930766395153057],[100.37276850236458,6.9345490120273325],[100.39196492983768,6.93677830817245],[100.39250111823208,6.937924972559472],[100.39783314558326,6.938450211707959],[100.40153761137174,6.941032804720237],[100.3932126807207,6.954072786430004],[100.38841259966182,6.958987590405002],[100.3898029182701,6.963485736677455],[100.39468272242976,6.9704263391043355],[100.39202375988867,6.968111145113312],[100.38911530382825,6.968433395584782],[100.38586082281876,6.965409996274332],[100.38208363964833,6.966098180886377],[100.37910066666251,6.964473409920004],[100.3702569450021,6.966087949299492],[100.36599843298137,6.96925635259862],[100.36773402470556,6.973781691671775],[100.36719119841513,6.986335120369574]]]}},{"type":"Feature","properties":{"subdistrict_code":"901201","subdistrict_th":"นาหม่อม","subdistrict_en":"Na Mom","district_code":"9012","district_th":"นาหม่อม","province_code":"90","province_th":"สงขลา"},"geometry":{"type":"Polygon","coordinates":[[[100.54015563207685,6.973044093809904],[100.53655920993964,6.97457048703842],[100.53233764206857,6.980375608147824],[100.52926288697273,6.979925525342765],[100.5261505995706,6.981988341688691],[100.52389640209736,6.9852821644403775],[100.52201030433213,6.992991606277656],[100.51950733459586,6.988210981151894],[100.51500867481053,6.984351119708435],[100.50902788642787,6.975925845401491],[100.50492946542255,6.9752956472763685],[100.50469389160986,6.962174338974592],[100.50961797119248,6.958188403372162],[100.51165707241603,6.957931518324983],[100.50484309813055,6.951831677689825],[100.50429442175022,6.950400102682636],[100.50497514288861,6.948355351917996],[100.50814946642481,6.946256895439433],[100.51955565067283,6.94505958932865],[100.52533142060861,6.947282562340433],[100.53070339764372,6.951431767162376],[100.53311922577171,6.949370087559544],[100.55592153355201,6.958811061581287],[100.56160219028891,6.957163524277291],[100.5925566446735,6.962365044711078],[100.6015686735555,6.964932673004512],[100.58927795571316,6.980537671376453],[100.58807229579986,6.980951476429539],[100.56189501943965,6.96772055785749],[100.56024177773594,6.969966647942499],[100.55709720557167,6.970231065711175],[100.55261058860782,6.966945202858881],[100.54612253222916,6.96526685208363],[100.54544479863858,6.9673236141935035],[100.54015563207685,6.973044093809904]]]}},{"type":"Feature","properties":{"subdistrict_code":"900313","subdistrict_th":"คลองเปียะ","subdistrict_en":"Khlong Pia","district_code":"9003","district_th":"จะนะ","province_code":"90","province_th":"สงขลา"},"geometry":{"type":"Polygon","coordinates":[[[100.70913282162246,6.969194189660186],[100.70684810475626,6.967853474058643],[100.70479956874516,6.968324276344333],[100.70300208477846,6.9734779987107345],[100.70286974594211,6.977081771006965],[100.69728719085123,6.9805006022210705],[100.69521377869302,6.984306665320389],[100.68876685910334,6.978576362409228],[100.67556280687808,6.975216747954619],[100.66317792642025,6.975887845447744],[100.65168013812792,6.981815357093126],[100.64279517265913,6.976060365093815],[100.63994313107071,6.972497108155039],[100.62726875704755,6.98021659541962],[100.61782578203429,6.9746336572175665],[100.61049300324959,6.968139403610621],[100.60742952835011,6.959290565707079],[100.60521079474245,6.947159833659441],[100.60948901180853,6.941373622594654],[100.60931854081804,6.935975218081921],[100.61042869812599,6.933293155554736],[100.62146456943441,6.926001810335322],[100.63292895690591,6.928311926754077],[100.65156252479073,6.927905634637398],[100.66396133844506,6.930892709431021],[100.67387371100301,6.92624123594436],[100.67203291658592,6.9297866440384155],[100.6719825329676,6.936350401749678],[100.67950307130974,6.945389859054785],[100.69391393008385,6.953073633341546],[100.70135050232386,6.9543111868118785],[100.70524142095485,6.954103351688389],[100.70706553204872,6.952581092643356],[100.70896498384701,6.953443418379095],[100.70989650432028,6.9561120027667585],[100.7098245702478,6.961396816609863],[100.71305493773525,6.968359983026858],[100.71183999232187,6.970612078784484],[100.70913282162246,6.969194189660186]]]}},{"type":"Feature","properties":{"subdistrict_code":"901116","subdistrict_th":"บ้านพรุ","subdistrict_en":"Ban Phru","district_code":"9011","district_th":"หาดใหญ่","province_code":"90","province_th":"สงขลา"},"geometry":{"type":"Polygon","coordinates":[[[100.50473932086305,6.968264847344869],[100.50022778908124,6.972651865291425],[100.49466034889605,6.9740238988839],[100.49214931044236,6.97585910041721],[100.4901987195953,6.975786838991496],[100.48834172299217,6.973467827378386],[100.482389472796,6.973940488562732],[100.47908204240241,6.975584835072141],[100.4774843752038,6.972808514601297],[100.47097789261574,6.972629870572121],[100.46797618944964,6.974513966446466],[100.46622648286598,6.979061609605651],[100.4622982117931,6.979276420770248],[100.45964845291383,6.977568679251192],[100.45635854940758,6.978018566004039],[100.4563941346816,6.976079821026985],[100.45842791911326,6.973963372711523],[100.45715494674346,6.9726939067983835],[100.4589153966283,6.9715481849008825],[100.45935722995227,6.9668118648756945],[100.45660181242374,6.963187822759835],[100.45674834705864,6.96090622474253],[100.45504544299285,6.961121719391883],[100.45499858921357,6.959086221751761],[100.45247912411236,6.9590512174397645],[100.45059256589428,6.9504284960783025],[100.44983332674667,6.94982096626461],[100.44819992318799,6.950480841117951],[100.44675174040054,6.948698848872823],[100.44480122419719,6.944731985193016],[100.4450798557508,6.94058028385308],[100.44084828741859,6.939502306985901],[100.44146256664419,6.93780275559277],[100.43956234862355,6.936893833283818],[100.43910666034418,6.930434359158369],[100.44232284912027,6.9302946117070405],[100.44587624859008,6.93186355635811],[100.44574398889404,6.928366199040909],[100.44710469462603,6.926094180601979],[100.44644216767193,6.922682652782271],[100.44762555857272,6.922549903855042],[100.44821732956615,6.920003559816507],[100.44737139937064,6.916724563288028],[100.44814792258859,6.914671080106302],[100.4501673871153,6.9134768802538815],[100.44980700628838,6.911401422137942],[100.45475087635191,6.908107055296398],[100.45575300080043,6.904195629424805],[100.45403286032831,6.901525210420175],[100.45632889786043,6.900726925407355],[100.4580700626833,6.897141060411684],[100.4580964505908,6.893562692164551],[100.45732257407758,6.89164845641119],[100.45546477887649,6.8905100091296845],[100.45654532690537,6.889831583960472],[100.45536337222188,6.888644727072517],[100.4576380778351,6.883470725893346],[100.45719645944911,6.881269481401489],[100.45955036565692,6.87963735488006],[100.46218407703361,6.880092215783179],[100.46509302142584,6.878271290088037],[100.47108751907382,6.87746445611981],[100.4800003878077,6.882034858422003],[100.48277260197403,6.880373080353422],[100.4923187678969,6.882287956424079],[100.4998976542534,6.879938779750944],[100.50182481236527,6.87772142930055],[100.5053954518387,6.875977626766087],[100.508788955446,6.874830539697712],[100.5106094503659,6.875927861881394],[100.51231686722969,6.874526459128845],[100.51626594591676,6.8734644227449735],[100.52353127374937,6.874733951610608],[100.5263423062525,6.877338413437087],[100.53090116125964,6.87951224839162],[100.53602694258939,6.879295188022581],[100.540711487745,6.886585089830078],[100.54082803628489,6.888002751425859],[100.53978550529689,6.88897595997264],[100.53016684142665,6.893372886649445],[100.52204438414105,6.909091192404674],[100.520837993079,6.918099002566976],[100.5227508285879,6.927647893435562],[100.52052150636251,6.932127334708753],[100.51955565067283,6.94505958932865],[100.50814946642481,6.946256895439433],[100.50497514288861,6.948355351917996],[100.50429442175022,6.950400102682636],[100.50484309813055,6.951831677689825],[100.51165707241603,6.957931518324983],[100.50961797119248,6.958188403372162],[100.50487628491265,6.961900962159746],[100.50473932086305,6.968264847344869]]]}},{"type":"Feature","properties":{"subdistrict_code":"900304","subdistrict_th":"สะกอม","subdistrict_en":"Sakom","district_code":"9003","district_th":"จะนะ","province_code":"90","province_th":"สงขลา"},"geometry":{"type":"Polygon","coordinates":[[[100.82465083916497,6.952052341642286],[100.8108284598656,6.9548674633628025],[100.80365590069931,6.957796791788553],[100.78683534177765,6.967923498870448],[100.7752849962057,6.976664676233895],[100.77372498272183,6.975118174164436],[100.77577013458409,6.973779080939892],[100.76138056456148,6.957328150573744],[100.7642064853411,6.948949379310477],[100.77468771686472,6.933262809730934],[100.77360362460763,6.903713055013554],[100.77662407144379,6.9054310631930775],[100.77985802722623,6.904808681075792],[100.78346219432484,6.906482358074413],[100.78698720939224,6.906196493273569],[100.78822912457451,6.905247255256654],[100.79072226292215,6.9060536350672805],[100.79213761955555,6.905114098037245],[100.79265245984323,6.906332327774749],[100.79407556773333,6.9056002445556715],[100.79600056477432,6.90607560100824],[100.79895524868584,6.904589531581678],[100.80145851969496,6.908895802099607],[100.80844269967093,6.910357838043865],[100.80986985091295,6.909877731372262],[100.81109624199803,6.911029840254969],[100.81210399979983,6.913273988703679],[100.81428878489959,6.914986974169551],[100.81332335458922,6.918211737082061],[100.81556295426697,6.9240497437007775],[100.81557379469496,6.926736762391727],[100.8131260019635,6.931394071579177],[100.80817417379916,6.935781197444328],[100.80739251455299,6.9415329779645845],[100.80368098998576,6.944946775673202],[100.80285320541117,6.948103211693933],[100.80450758116001,6.950380503757287],[100.80668987963429,6.951097215763923],[100.81126743964069,6.948032139171914],[100.81659324997855,6.947948465349441],[100.817251709299,6.9463766572569625],[100.81582425228748,6.942228065772667],[100.81835192190374,6.940407801079232],[100.8259692740628,6.9477782290820755],[100.8263925121048,6.949668828853419],[100.82465083916497,6.952052341642286]]]}},{"type":"Feature","properties":{"subdistrict_code":"901204","subdistrict_th":"คลองหรัง","subdistrict_en":"Khlong Rang","district_code":"9012","district_th":"นาหม่อม","province_code":"90","province_th":"สงขลา"},"geometry":{"type":"Polygon","coordinates":[[[100.62146456943441,6.926001810335322],[100.61042869812599,6.933293155554736],[100.60931854081804,6.935975218081921],[100.60948901180853,6.941373622594654],[100.60521079474245,6.947159833659441],[100.60742952835011,6.959290565707079],[100.61049300324959,6.968139403610621],[100.5955696262373,6.963032524231664],[100.56133512491613,6.957133885320616],[100.56015127985773,6.947180555838031],[100.5641894471853,6.940441691131184],[100.56157726288046,6.930219517416845],[100.56182847500418,6.9271548841906],[100.57078166664064,6.9119793489678045],[100.57089745525343,6.8982164634190895],[100.5736814424447,6.883763767284108],[100.57642538012726,6.88343371519386],[100.5805043398035,6.878268165843224],[100.58198163364551,6.878664557323532],[100.5843229178684,6.881928012667686],[100.58453639533843,6.886104468746282],[100.58975790140607,6.885957715576183],[100.59255851886064,6.886858880333136],[100.59537983691001,6.898853032341606],[100.59767307395327,6.902904941310055],[100.5977484641204,6.906497443302442],[100.60194795093724,6.913829349744731],[100.60961011721321,6.921389678590856],[100.61533822937582,6.922942541565078],[100.62146456943441,6.926001810335322]]]}},{"type":"Feature","properties":{"subdistrict_code":"900507","subdistrict_th":"สะกอม","subdistrict_en":"Sakom","district_code":"9005","district_th":"เทพา","province_code":"90","province_th":"สงขลา"},"geometry":{"type":"Polygon","coordinates":[[[100.89217006959308,6.9231012898926565],[100.84905780817138,6.962185281925258],[100.84463445761418,6.959788478055884],[100.83832771085525,6.960533516008979],[100.8304591411765,6.951992638349623],[100.82465083916497,6.952052341642286],[100.8263925121048,6.949668828853419],[100.8259692740628,6.9477782290820755],[100.81835192190374,6.940407801079232],[100.81582425228748,6.942228065772667],[100.817251709299,6.9463766572569625],[100.81659324997855,6.947948465349441],[100.81126743964069,6.948032139171914],[100.80668987963429,6.951097215763923],[100.80361132040616,6.949666798184239],[100.8031871245862,6.9457957473758825],[100.8069324591657,6.942347350949547],[100.80817417379916,6.935781197444328],[100.81394216819655,6.930247189556212],[100.81574617044947,6.9250837464177835],[100.81343856403856,6.919061212405097],[100.81416639706163,6.914626905407431],[100.81210399979983,6.913273988703679],[100.80961307018708,6.909418147229758],[100.81046496828372,6.907411053777139],[100.80916766205803,6.90351563044203],[100.8095306922877,6.9006853398565795],[100.80801887796889,6.900902420010709],[100.80373607885701,6.894649906867755],[100.79951219882895,6.895441169074729],[100.79471288399247,6.889982759996428],[100.79395152514286,6.88329472497162],[100.79519273076,6.879840643031287],[100.79327558210247,6.874944374083668],[100.79421201737074,6.870586131744631],[100.79616035541613,6.868129651562242],[100.79736058072626,6.861596452814069],[100.7967025971472,6.857267921377513],[100.79917313283386,6.852495936038679],[100.79966805133955,6.848018424710574],[100.80777849638054,6.8399521894420445],[100.81037524562117,6.8354102848568346],[100.81476305317244,6.832055136435429],[100.81662090323215,6.826954857180965],[100.81587798857839,6.822453211646462],[100.82237704906163,6.814837129330101],[100.83071887077932,6.817034905136836],[100.83833246377225,6.821288853997487],[100.84674182817287,6.827802237083631],[100.85133167921367,6.834016478677597],[100.84973452193071,6.8394678532588955],[100.84323271221996,6.845699233233063],[100.8422910437967,6.847984132661622],[100.84392171971166,6.850651344683854],[100.85107625916208,6.856063419791042],[100.85730000838873,6.876126086849467],[100.85713764208856,6.894716477383554],[100.85322081039214,6.894582509874965],[100.85417619077862,6.899030584593845],[100.8523825442191,6.902953065831355],[100.85279495981962,6.904456865392092],[100.85415004928541,6.905825899745537],[100.8618806683582,6.9081844005896755],[100.86456836693662,6.910073153153519],[100.87062474513596,6.919612476134887],[100.87336991488974,6.91670097497007],[100.87877962927655,6.915091775764893],[100.89217006959308,6.9231012898926565]]]}},{"type":"Feature","properties":{"subdistrict_code":"900302","subdistrict_th":"ป่าชิง","subdistrict_en":"Pa Ching","district_code":"9003","district_th":"จะนะ","province_code":"90","province_th":"สงขลา"},"geometry":{"type":"Polygon","coordinates":[[[100.71999585312619,6.921840974581357],[100.71347462165653,6.92775035859222],[100.7148934352839,6.931007182335634],[100.71251536519202,6.934299743338556],[100.71181623313271,6.938494416983815],[100.71330183041522,6.944567614303992],[100.71250121975555,6.9466072434295825],[100.71461132695123,6.948538581590299],[100.71486298783668,6.95196801761],[100.71299500961209,6.954277687964975],[100.71354883371174,6.956240082413899],[100.71009337490938,6.960502936361479],[100.70989650432028,6.9561120027667585],[100.70824389663858,6.952819286181182],[100.70644107159825,6.9527167140051915],[100.70524142095485,6.954103351688389],[100.70135050232386,6.9543111868118785],[100.69239221422936,6.952505456961319],[100.67950307130974,6.945389859054785],[100.6719825329676,6.936350401749678],[100.67203291658592,6.9297866440384155],[100.67387371100301,6.92624123594436],[100.68246388679898,6.927089146446974],[100.69150109579897,6.9360998560235885],[100.70175614782801,6.93325844532103],[100.70574200069285,6.927570764878965],[100.70337820643914,6.923195487581722],[100.70465702889885,6.9106223061745595],[100.7066012345594,6.907143160128783],[100.70713746522188,6.897234997297346],[100.70916872975312,6.893446982692126],[100.70907120457247,6.887215031648452],[100.71316100197873,6.88001981136523],[100.71549773833004,6.877866763340478],[100.71862053161232,6.882970569736074],[100.72253084142523,6.8839211837156995],[100.72520398897296,6.885994335969883],[100.72414230512334,6.889675465250548],[100.72600515181637,6.891904110286532],[100.72501536156972,6.8959178439333755],[100.72769550944025,6.899898246007297],[100.72692516996068,6.901733463728419],[100.7273345179737,6.904052964572713],[100.72119760728378,6.9035580568589126],[100.72427738239531,6.918555641429748],[100.71999585312619,6.921840974581357]]]}},{"type":"Feature","properties":{"subdistrict_code":"901203","subdistrict_th":"ทุ่งขมิ้น","subdistrict_en":"Thung Khamin","district_code":"9012","district_th":"นาหม่อม","province_code":"90","province_th":"สงขลา"},"geometry":{"type":"Polygon","coordinates":[[[100.56133512491613,6.957133885320616],[100.55592153355201,6.958811061581287],[100.53311922577171,6.949370087559544],[100.53070339764372,6.951431767162376],[100.52533142060861,6.947282562340433],[100.51955565067283,6.94505958932865],[100.52052150636251,6.932127334708753],[100.5227508285879,6.927647893435562],[100.520837993079,6.918099002566976],[100.52204438414105,6.909091192404674],[100.53016684142665,6.893372886649445],[100.54082803628489,6.888002751425859],[100.53591307223058,6.879066127100145],[100.53411844900728,6.872817536799914],[100.54913137511295,6.8769012493932],[100.57063614913903,6.8782656027754],[100.57214337691539,6.878823001680246],[100.57268764212102,6.8802714461703545],[100.5736814424447,6.883763767284108],[100.57089745525343,6.8982164634190895],[100.57078166664064,6.9119793489678045],[100.56349012626839,6.923546440815642],[100.56146798895657,6.928808637608597],[100.5641894471853,6.940441691131184],[100.56015127985773,6.947180555838031],[100.56133512491613,6.957133885320616]]]}},{"type":"Feature","properties":{"subdistrict_code":"900301","subdistrict_th":"บ้านนา","subdistrict_en":"Ban Na","district_code":"9003","district_th":"จะนะ","province_code":"90","province_th":"สงขลา"},"geometry":{"type":"Polygon","coordinates":[[[100.80986985091295,6.909877731372262],[100.80844269967093,6.910357838043865],[100.80145851969496,6.908895802099607],[100.79855234971126,6.904515892394556],[100.79600056477432,6.90607560100824],[100.79407556773333,6.9056002445556715],[100.79265245984323,6.906332327774749],[100.79213761955555,6.905114098037245],[100.79072226292215,6.9060536350672805],[100.78822912457451,6.905247255256654],[100.78698720939224,6.906196493273569],[100.78346219432484,6.906482358074413],[100.77985802722623,6.904808681075792],[100.77662407144379,6.9054310631930775],[100.77360362460763,6.903713055013554],[100.77468771686472,6.933262809730934],[100.7642064853411,6.948949379310477],[100.76138056456148,6.957328150573744],[100.75399625732149,6.939360458718227],[100.75073459342678,6.934553149808039],[100.74481216834693,6.928658674758083],[100.73459123479773,6.9253584524306575],[100.7337871536543,6.922905344705953],[100.72058847218028,6.923857053160532],[100.71989530982074,6.922498869127537],[100.72427738239531,6.918555641429748],[100.72119760728378,6.9035580568589126],[100.7273345179737,6.904052964572713],[100.72692516996068,6.901733463728419],[100.72769550944025,6.899898246007297],[100.72501536156972,6.8959178439333755],[100.72592621742103,6.891656303895331],[100.73739224615531,6.885670187029575],[100.74234316870235,6.87548444844856],[100.75202437682361,6.883958734907765],[100.7527269442931,6.886185565111816],[100.75874703125055,6.894188726428638],[100.76228953543375,6.893746178143658],[100.76193224287874,6.890401427683798],[100.76005451780179,6.888542607255545],[100.75879554967491,6.882799689554076],[100.75618956529627,6.878866415552693],[100.75511546720509,6.874474277765728],[100.75569269795972,6.871518840222336],[100.76288376517368,6.866354376353456],[100.76333343159263,6.863934014743052],[100.77175187644798,6.867340596291513],[100.78933635638782,6.868808439158215],[100.79421201737074,6.870586131744631],[100.79327558210247,6.874944374083668],[100.79519273076,6.879840643031287],[100.79395152514286,6.88329472497162],[100.79471288399247,6.889982759996428],[100.79951219882895,6.895441169074729],[100.80373607885701,6.894649906867755],[100.80801887796889,6.900902420010709],[100.8095306922877,6.9006853398565795],[100.80916766205803,6.90351563044203],[100.81046496828372,6.907411053777139],[100.80986985091295,6.909877731372262]]]}},{"type":"Feature","properties":{"subdistrict_code":"940918","subdistrict_th":"แหลมโพธิ์","subdistrict_en":"Laem Pho","district_code":"9409","district_th":"ยะหริ่ง","province_code":"94","province_th":"ปัตตานี"},"geometry":{"type":"Polygon","coordinates":[[[101.35335461412421,6.905870689580695],[101.33823282418552,6.916510225166803],[101.32336097023267,6.9304350102675585],[101.31440597455617,6.937118324750941],[101.31171503931768,6.9380630077017145],[101.30283975055409,6.944699489090226],[101.28657291860537,6.9521054780854],[101.277573795894,6.952901343022631],[101.27797801957001,6.95219364492084],[101.27062154544802,6.948929833445106],[101.26321550159417,6.9480545709617445],[101.25154270972831,6.942930126923841],[101.24750360260924,6.9421962036918785],[101.24098064534058,6.934850998075149],[101.2393048279555,6.931243745402583],[101.23983367338536,6.928778039075269],[101.24125671742365,6.932375750840265],[101.24313975209793,6.933531799652883],[101.24401961821087,6.932431065441392],[101.24489975771769,6.935090951586176],[101.24513905022707,6.932374928859929],[101.24559257203964,6.934187418914291],[101.2463375992009,6.93404265594387],[101.24563088405813,6.9308757563111385],[101.24477663423437,6.931654063784038],[101.24568876802226,6.929667891260237],[101.24959457492974,6.935933388814874],[101.2533927986388,6.937979707097838],[101.25614880792119,6.936644064571965],[101.26059940793641,6.9409266694303255],[101.26293879279109,6.940433614319886],[101.26375579359507,6.9418635543596],[101.26702806589259,6.942914542572112],[101.26804771542976,6.945101093940366],[101.26767141840128,6.942612470189374],[101.27278770378956,6.944620789417968],[101.27331578569499,6.947099490948801],[101.27294090060212,6.945677064744814],[101.27478288032574,6.9442688640169195],[101.27432463077713,6.943146260091851],[101.27401713907977,6.944690030920242],[101.27309404615335,6.944249846053594],[101.27448548531697,6.941264509649443],[101.28051933999558,6.948435996823832],[101.28628186021973,6.947974638318954],[101.28630630559161,6.949348168383324],[101.2890927910995,6.948839829294741],[101.28639612897825,6.944184759419159],[101.28549560184064,6.944906007606221],[101.28579672813657,6.937716268690906],[101.29209952237511,6.93858976940237],[101.29652755660152,6.9366515343409105],[101.29889035620505,6.934102834977921],[101.29653034539916,6.937577167852055],[101.29921562659996,6.937902843841243],[101.30043212784051,6.939041504262036],[101.30119146141686,6.935447105599508],[101.30069786311594,6.930541918075107],[101.30054654768509,6.932796736979867],[101.29933398997173,6.9321756525843625],[101.30062849930584,6.928012481291034],[101.30591342826216,6.929331969294992],[101.31335444225374,6.922858434269358],[101.31938806400802,6.926895952286429],[101.32424328699818,6.927747866570826],[101.32740150997176,6.922739619437948],[101.32785140661719,6.9142957669361635],[101.32923921971428,6.911637795447973],[101.32974051890989,6.911150640789515],[101.33404287198101,6.913076297033513],[101.3398965348972,6.912608065010261],[101.3423343757309,6.910481028976335],[101.34315428674103,6.908461371095427],[101.34185115920371,6.900505256012821],[101.34456688065706,6.89891579782585],[101.34885238223171,6.899968626950624],[101.35335461412421,6.905870689580695]]]}},{"type":"Feature","properties":{"subdistrict_code":"901604","subdistrict_th":"คลองหลา","subdistrict_en":"Khlong La","district_code":"9016","district_th":"คลองหอยโข่ง","province_code":"90","province_th":"สงขลา"},"geometry":{"type":"Polygon","coordinates":[[[100.41493906208808,6.933417765617435],[100.41390819081039,6.939382112594444],[100.40347405858103,6.938229526171767],[100.40153761137174,6.941032804720237],[100.39783314558326,6.938450211707959],[100.39250111823208,6.937924972559472],[100.39196492983768,6.93677830817245],[100.37276850236458,6.9345490120273325],[100.37259564457338,6.930766395153057],[100.36753177527129,6.93229814564296],[100.35846635363936,6.929797318091801],[100.3536433839351,6.929646034137193],[100.34688361089002,6.927771164407773],[100.34396384135823,6.928070519039295],[100.34046490213359,6.924677724997082],[100.33286644563003,6.9210041716052615],[100.33076162824659,6.9151966672924345],[100.32447516119981,6.912786520181783],[100.31598309604311,6.898178970682977],[100.30961726922163,6.898177256575195],[100.30829379092575,6.900536223268148],[100.2864702548984,6.8953438984022455],[100.27936940317545,6.885955644437502],[100.27355842118425,6.885818820682061],[100.26324126557199,6.869383107744284],[100.26212266902604,6.863988324801369],[100.25972706934886,6.8637422855780414],[100.25906396143273,6.861221375266325],[100.24960028672393,6.8599119308909735],[100.24894917576393,6.857902467724728],[100.24984228529331,6.854025923857364],[100.24762096163812,6.849424344757779],[100.24686641785098,6.849279902845296],[100.24180231922173,6.855359851376079],[100.23749007180942,6.856636579314738],[100.23198128540804,6.851340047305371],[100.22966231426443,6.850888271076883],[100.2257617863774,6.848066873887149],[100.2109975641863,6.845940476371936],[100.2103205419595,6.843226681266401],[100.20572817281698,6.841854457017632],[100.20463971615004,6.8349485864081885],[100.2084344612814,6.83131294843389],[100.21614178341662,6.826655629353866],[100.21732006167156,6.824075085896538],[100.2198123258782,6.822943367342589],[100.2396745682268,6.836470676380657],[100.26398449229055,6.847947005949607],[100.27166977474036,6.847956700641248],[100.28224308155302,6.850856578967978],[100.28761634012204,6.8537978629810254],[100.28986342755519,6.852870679937951],[100.29506095409982,6.856198210179286],[100.298671263568,6.860656297050525],[100.30391231280305,6.863386410354622],[100.30607792525609,6.8625693124238865],[100.3125443934091,6.8663614513199605],[100.31491934195412,6.866778589260548],[100.31577914509154,6.865803460661255],[100.31888990274689,6.8688457691170015],[100.33121463924425,6.870375416991976],[100.33681222920109,6.877541085552707],[100.34667728123162,6.882102526110714],[100.35192787137424,6.882238071030201],[100.36049057557966,6.884608656964019],[100.37063429423733,6.88336189533527],[100.37292055613881,6.888624650607198],[100.37216167941801,6.897466102378758],[100.38624955837048,6.900158087126044],[100.38763442978518,6.907743053798924],[100.39181553985532,6.906439910973177],[100.40185971525369,6.907929783632653],[100.4006527810011,6.911594225992758],[100.39671585305422,6.916922009443226],[100.39635909739451,6.92486150415516],[100.39326075937663,6.9224649377067635],[100.39342925365719,6.928237729087982],[100.40818659423599,6.930331424555675],[100.40897536981754,6.93056214112994],[100.4083083237702,6.932468695773764],[100.41493906208808,6.933417765617435]]]}},{"type":"Feature","properties":{"subdistrict_code":"900305","subdistrict_th":"นาหว้า","subdistrict_en":"Na Wa","district_code":"9003","district_th":"จะนะ","province_code":"90","province_th":"สงขลา"},"geometry":{"type":"Polygon","coordinates":[[[100.71549773833004,6.877866763340478],[100.71316100197873,6.88001981136523],[100.70907120457247,6.887215031648452],[100.70916872975312,6.893446982692126],[100.70713746522188,6.897234997297346],[100.7066012345594,6.907143160128783],[100.70465702889885,6.9106223061745595],[100.70337820643914,6.923195487581722],[100.70574200069285,6.927570764878965],[100.70175614782801,6.93325844532103],[100.69202918759697,6.93606350092989],[100.68932639659596,6.934467000151983],[100.68246388679898,6.927089146446974],[100.67387371100301,6.92624123594436],[100.66396133844506,6.930892709431021],[100.65156252479073,6.927905634637398],[100.63135611459307,6.9281387380124215],[100.62146456943441,6.926001810335322],[100.61533822937582,6.922942541565078],[100.61046375999462,6.921789186222043],[100.60194795093724,6.913829349744731],[100.59800132919804,6.907023329063406],[100.59767307395327,6.902904941310055],[100.59537983691001,6.898853032341606],[100.59425378228627,6.892568756942637],[100.59452897393305,6.886916742713538],[100.59896041838869,6.883893005258017],[100.60562617001182,6.882903682658878],[100.6181871134446,6.8838724323669],[100.63362386125226,6.875479395157981],[100.64128839993975,6.873296563385736],[100.65171546529655,6.872493251162666],[100.64986954384443,6.867354472830698],[100.65296721816264,6.8625971032737425],[100.65626351315069,6.864606145557218],[100.65710607808307,6.862973910217818],[100.65897497991148,6.863142930601839],[100.66068666315903,6.864775091297474],[100.66389109959465,6.865317830353661],[100.66641945089702,6.864621833331],[100.6696737106733,6.860314275883184],[100.6719639268938,6.859771111447685],[100.67463791890492,6.861689496672966],[100.67969295326725,6.862434207272884],[100.68224549633265,6.861639151725512],[100.69839749924523,6.86201062928717],[100.70388621367789,6.858776109629787],[100.70832420070138,6.859578371444741],[100.70972948402851,6.863024361285284],[100.71470691319354,6.868790452717292],[100.71549773833004,6.877866763340478]]]}},{"type":"Feature","properties":{"subdistrict_code":"901602","subdistrict_th":"ทุ่งลาน","subdistrict_en":"Thung Lan","district_code":"9016","district_th":"คลองหอยโข่ง","province_code":"90","province_th":"สงขลา"},"geometry":{"type":"Polygon","coordinates":[[[100.45955036565692,6.87963735488006],[100.45719645944911,6.881269481401489],[100.4576380778351,6.883470725893346],[100.45536337222188,6.888644727072517],[100.45654532690537,6.889831583960472],[100.45546477887649,6.8905100091296845],[100.45732257407758,6.89164845641119],[100.4580964505908,6.893562692164551],[100.4580700626833,6.897141060411684],[100.45632889786043,6.900726925407355],[100.45403286032831,6.901525210420175],[100.45575300080043,6.904195629424805],[100.45475087635191,6.908107055296398],[100.44980700628838,6.911401422137942],[100.4501673871153,6.9134768802538815],[100.44814792258859,6.914671080106302],[100.44737139937064,6.916724563288028],[100.44821732956615,6.920003559816507],[100.44762555857272,6.922549903855042],[100.44644216767193,6.922682652782271],[100.44710469462603,6.926094180601979],[100.44574398889404,6.928366199040909],[100.44587624859008,6.93186355635811],[100.44232284912027,6.9302946117070405],[100.43924041471342,6.930150785830165],[100.43956234862355,6.936893833283818],[100.41493906208808,6.933417765617435],[100.41794330314099,6.918662965623412],[100.41861801590875,6.920004912396848],[100.42029388005858,6.920127700433056],[100.42262747777596,6.91774190516486],[100.41865466777875,6.91578164930371],[100.42813215337623,6.901940859982744],[100.42306635322967,6.884585975162679],[100.42540571829932,6.862065585058758],[100.42848692063495,6.846172350373706],[100.42532612200301,6.839254511586489],[100.43135582900834,6.839296534207733],[100.43966016158726,6.842740448412997],[100.44091097556111,6.842477555894561],[100.4434228341965,6.839097728277579],[100.44627756475785,6.840162485110625],[100.44921319203524,6.838231396062099],[100.451738911022,6.838301785099361],[100.45400761366051,6.839650861697976],[100.45741824395685,6.839814630940509],[100.45800159909459,6.843714077842492],[100.46350313426228,6.844508815929146],[100.46423000141351,6.845873259243547],[100.46372896841723,6.84791515915731],[100.46449990504664,6.848522097217085],[100.46383439324273,6.850916005269482],[100.4650887766258,6.852102827083854],[100.46467122139978,6.853577859130951],[100.46323586384409,6.854228890950594],[100.46319427109881,6.855610863850359],[100.46382460322292,6.857300448057288],[100.46638458817824,6.859069907350374],[100.46739390270648,6.85872622063863],[100.46814308923223,6.860048215053155],[100.46594631077369,6.860872962617179],[100.46492717385007,6.859813723124887],[100.46110248938845,6.86203254576543],[100.46122318560157,6.862945599559794],[100.45939125130525,6.860463951849965],[100.45744059660632,6.861336898579054],[100.45579103492838,6.868803706026256],[100.45698872055306,6.871833505811708],[100.45613409391336,6.873379670635359],[100.45778613412284,6.876384628447909],[100.45866188943472,6.8758891595571185],[100.45838407536485,6.877057184641387],[100.45961904957954,6.876848443900599],[100.45955036565692,6.87963735488006]]]}},{"type":"Feature","properties":{"subdistrict_code":"901603","subdistrict_th":"โคกม่วง","subdistrict_en":"Khok Muang","district_code":"9016","district_th":"คลองหอยโข่ง","province_code":"90","province_th":"สงขลา"},"geometry":{"type":"Polygon","coordinates":[[[100.42532612200301,6.839254511586489],[100.42848692063495,6.846172350373706],[100.42540571829932,6.862065585058758],[100.42306635322967,6.884585975162679],[100.42813215337623,6.901940859982744],[100.41865466777875,6.91578164930371],[100.42262747777596,6.91774190516486],[100.42029388005858,6.920127700433056],[100.41861801590875,6.920004912396848],[100.41794330314099,6.918662965623412],[100.41493906208808,6.933417765617435],[100.40856305763907,6.932538027208238],[100.40802311007855,6.931944176982256],[100.40897536981754,6.93056214112994],[100.40818659423599,6.930331424555675],[100.39342925365719,6.928237729087982],[100.39326075937663,6.9224649377067635],[100.39635909739451,6.92486150415516],[100.39671585305422,6.916922009443226],[100.40175865124081,6.9089502938210785],[100.40185971525369,6.907929783632653],[100.39928835837111,6.906328736781802],[100.39937472206583,6.900984713373873],[100.40162831969127,6.89829355780148],[100.40250899429469,6.894213891258119],[100.3998977533787,6.892355964756007],[100.39157160144833,6.873399726416267],[100.37936347644336,6.860997917120244],[100.37538319667726,6.852317926930823],[100.37540028469544,6.8451197775557375],[100.37777943577242,6.843672786370064],[100.38151506306974,6.847734712886734],[100.38359280366501,6.847677643708323],[100.38410480659161,6.8438812842939],[100.38250283613706,6.839802174430872],[100.38493648163336,6.833401411645866],[100.38452247603152,6.828662099576263],[100.39508244769684,6.8282120824217145],[100.40438271738856,6.838909105370988],[100.41353571500133,6.8456654412071885],[100.42118976669445,6.83993312381466],[100.42532612200301,6.839254511586489]]]}},{"type":"Feature","properties":{"subdistrict_code":"900503","subdistrict_th":"เกาะสะบ้า","subdistrict_en":"Ko Saba","district_code":"9005","district_th":"เทพา","province_code":"90","province_th":"สงขลา"},"geometry":{"type":"Polygon","coordinates":[[[100.9306940807673,6.893245479695167],[100.90704595160946,6.910145774308091],[100.89217006959308,6.9231012898926565],[100.87877962927655,6.915091775764893],[100.87336991488974,6.91670097497007],[100.87062474513596,6.919612476134887],[100.86456836693662,6.910073153153519],[100.8618806683582,6.9081844005896755],[100.85415004928541,6.905825899745537],[100.85254911395049,6.904054345931343],[100.85417619077862,6.899030584593845],[100.85322081039214,6.894582509874965],[100.85713764208856,6.894716477383554],[100.85755772620814,6.877551657083359],[100.85159312112569,6.857109673073012],[100.85023832843615,6.854890691252422],[100.8429914043299,6.849707813764667],[100.8424979670076,6.846801724719853],[100.84876956466371,6.840832305566494],[100.8510901258087,6.836626440757698],[100.85133167921367,6.834016478677597],[100.8569229829094,6.8271963476333895],[100.87104026879342,6.820363560429996],[100.87316635244525,6.815792241718611],[100.87973572282539,6.809111721428849],[100.88555868558495,6.800694741569089],[100.88728129199808,6.801720434550475],[100.88683428307576,6.79672713235135],[100.89017268432201,6.796008045235169],[100.89251186682924,6.7927954690356955],[100.89582610509075,6.7931718541977375],[100.89976508079388,6.78924099937268],[100.90292206809903,6.788882227432907],[100.90693368833911,6.7899333289599895],[100.90481350783716,6.792740489881737],[100.90308370235107,6.80094881623495],[100.90106348778977,6.804464758042172],[100.90334394366812,6.810901058437139],[100.90138540641146,6.816014242063659],[100.90283039120965,6.821881394810589],[100.91509572119065,6.83286026798703],[100.92076907992913,6.834983821845924],[100.92483459024419,6.83512976742486],[100.92608611558182,6.838756461641424],[100.9354351932796,6.843038892031302],[100.9409025461157,6.851925098564493],[100.93914648042579,6.864782314652132],[100.93301427588818,6.876264347721531],[100.9306940807673,6.893245479695167]]]}},{"type":"Feature","properties":{"subdistrict_code":"940902","subdistrict_th":"ตะโละกาโปร์","subdistrict_en":"Talo Kapo","district_code":"9409","district_th":"ยะหริ่ง","province_code":"94","province_th":"ปัตตานี"},"geometry":{"type":"Polygon","coordinates":[[[101.45683882315325,6.8835530120618955],[101.45142816807555,6.885352791098455],[101.44604761330675,6.885978554666622],[101.44426035103442,6.885202517082519],[101.43714959957441,6.8874408271325365],[101.42793067625973,6.887677144684517],[101.41431049603261,6.891148204026422],[101.41111590717344,6.890173523289491],[101.3979095302007,6.89401236487879],[101.36958463682157,6.89999321441536],[101.35335461412421,6.905870689580695],[101.35028783871286,6.901156352583655],[101.35265292799028,6.902290339227818],[101.35656439343205,6.900517541651254],[101.36052525773454,6.8966283209402945],[101.36334130036079,6.891922245115552],[101.37012959090794,6.889536335633409],[101.37239026889586,6.8868474607417625],[101.37245079776619,6.88230531244028],[101.36811047172097,6.876309418145183],[101.36723277027619,6.872109144421529],[101.36984974796758,6.868210203837862],[101.37225832486189,6.866635190561624],[101.3771192225741,6.865704439008709],[101.38008100573387,6.8668376288535455],[101.38121418838415,6.868862263582628],[101.3804549834108,6.872365047409062],[101.38116943182388,6.876336719763856],[101.38456825941768,6.877477284948782],[101.4078327234015,6.868473927329944],[101.4101998298583,6.866221104020781],[101.41363800638896,6.859370328577825],[101.41545520709218,6.859606346655596],[101.41869888994188,6.862622326559176],[101.42034142701533,6.8626298592806165],[101.42541454134806,6.857454170973256],[101.42969464339313,6.855861583145611],[101.43208528780582,6.856057354763152],[101.43581640140587,6.858332986678022],[101.43727841756498,6.857525693156276],[101.44136072721585,6.8580619166241945],[101.44616773485313,6.855187635700872],[101.44772384977591,6.8557705672579345],[101.44825413861764,6.860778314367735],[101.45415079632227,6.86408602534982],[101.45438193557794,6.871136722781557],[101.45683882315325,6.8835530120618955]]]}},{"type":"Feature","properties":{"subdistrict_code":"901601","subdistrict_th":"คลองหอยโข่ง","subdistrict_en":"Khlong Hoi Khong","district_code":"9016","district_th":"คลองหอยโข่ง","province_code":"90","province_th":"สงขลา"},"geometry":{"type":"Polygon","coordinates":[[[100.38452247603152,6.828662099576263],[100.38493648163336,6.833401411645866],[100.38250283613706,6.839802174430872],[100.38410480659161,6.8438812842939],[100.38359280366501,6.847677643708323],[100.38151506306974,6.847734712886734],[100.37777943577242,6.843672786370064],[100.37540028469544,6.8451197775557375],[100.37538319667726,6.852317926930823],[100.38040024727366,6.862419857690327],[100.39157160144833,6.873399726416267],[100.3998977533787,6.892355964756007],[100.40250899429469,6.894213891258119],[100.40162831969127,6.89829355780148],[100.39937472206583,6.900984713373873],[100.39939221477897,6.906641672974899],[100.40185971525369,6.907929783632653],[100.39181553985532,6.906439910973177],[100.38763442978518,6.907743053798924],[100.38624955837048,6.900158087126044],[100.37216167941801,6.897466102378758],[100.37292055613881,6.888624650607198],[100.37063429423733,6.88336189533527],[100.36049057557966,6.884608656964019],[100.35192787137424,6.882238071030201],[100.34667728123162,6.882102526110714],[100.33681222920109,6.877541085552707],[100.33121463924425,6.870375416991976],[100.31888990274689,6.8688457691170015],[100.31577914509154,6.865803460661255],[100.31491934195412,6.866778589260548],[100.3125443934091,6.8663614513199605],[100.30607792525609,6.8625693124238865],[100.30391231280305,6.863386410354622],[100.298671263568,6.860656297050525],[100.29506095409982,6.856198210179286],[100.28986342755519,6.852870679937951],[100.28761634012204,6.8537978629810254],[100.28224308155302,6.850856578967978],[100.27166977474036,6.847956700641248],[100.26398449229055,6.847947005949607],[100.2396745682268,6.836470676380657],[100.22008003516555,6.823028043909176],[100.21772137334278,6.823765443920138],[100.21614178341662,6.826655629353866],[100.2084344612814,6.83131294843389],[100.20482501875966,6.834644012111539],[100.20572817281698,6.841854457017632],[100.20205232975127,6.839926508401675],[100.19947685487301,6.8370020561000615],[100.19733215255684,6.829673135406949],[100.19522726592567,6.826507806889822],[100.20248446298763,6.8159290169106725],[100.20771188659432,6.814682580836461],[100.21266577600483,6.811493988656707],[100.2182459218119,6.812686215396582],[100.22315740009401,6.8119977645852146],[100.22735586797899,6.809801280204965],[100.22849681987242,6.808144446608992],[100.22944641941677,6.802627408028513],[100.23656488526132,6.795951717997411],[100.236425291594,6.788231840427159],[100.24356413157949,6.7853507246562685],[100.24542369484772,6.786075839028797],[100.24753064722165,6.785458540779075],[100.25069695420115,6.7827337928302995],[100.25503840170092,6.7815327374459],[100.25809676755182,6.7783695978786795],[100.25963444457403,6.777996505134638],[100.26063079627431,6.780084436847346],[100.26399887514805,6.781740676890763],[100.26548325115118,6.784886369610319],[100.26825975328507,6.781648733802058],[100.27211109904806,6.781348119220354],[100.27344564889762,6.783032445990614],[100.27625285208751,6.783824329629169],[100.2763919996911,6.785916785831034],[100.27795767620586,6.787156485083756],[100.29185009920275,6.785928248589869],[100.29641593384832,6.790343509745242],[100.29928111363256,6.789679031262324],[100.30030587491626,6.788038556334357],[100.30117460382496,6.789011492386521],[100.30348204565996,6.787375428633197],[100.30518484270641,6.7885705691765],[100.30740994621209,6.788580967137989],[100.3067113924169,6.790185161615966],[100.30906207275649,6.792803927159582],[100.31333957486157,6.791607807254536],[100.31612137580089,6.788607711176951],[100.31926311689938,6.788708830947826],[100.32146902167807,6.79012947919216],[100.32124075125972,6.791370652433727],[100.32945723896046,6.788273741639898],[100.33244699643183,6.790251859835507],[100.33396485059745,6.790165161592995],[100.33452254537923,6.788839970987908],[100.33606560844112,6.788472725635813],[100.33596952667239,6.786917847280904],[100.33792650540397,6.784153369982107],[100.34182144760177,6.783016863437524],[100.34167709472223,6.7813064032679335],[100.3435193694234,6.781262919248377],[100.3469979902651,6.7790027700618225],[100.35622933771384,6.783078370770227],[100.3646116118365,6.795424274610639],[100.36955365807489,6.808398389973775],[100.36730100383829,6.811034040288803],[100.36921271609401,6.816350589408216],[100.37239612458154,6.818631047085205],[100.37460171010088,6.818160574850708],[100.37612561760324,6.81889558356437],[100.37890600840564,6.817227369947204],[100.38005921356194,6.821913718243536],[100.3837901212172,6.825992970199479],[100.38452247603152,6.828662099576263]]]}},{"type":"Feature","properties":{"subdistrict_code":"940909","subdistrict_th":"บางปู","subdistrict_en":"Bang Pu","district_code":"9409","district_th":"ยะหริ่ง","province_code":"94","province_th":"ปัตตานี"},"geometry":{"type":"Polygon","coordinates":[[[101.37287040884235,6.884734021557904],[101.37239026889586,6.8868474607417625],[101.37012959090794,6.889536335633409],[101.36334130036079,6.891922245115552],[101.36052525773454,6.8966283209402945],[101.35432545295737,6.901803040677805],[101.35143360557652,6.902060218904012],[101.34885238223171,6.899968626950624],[101.34456688065706,6.89891579782585],[101.34581460276178,6.890786727825287],[101.34402505621142,6.886089182969442],[101.33829058764059,6.884510068784721],[101.33275562557174,6.87597231716876],[101.32750831705522,6.87492845608341],[101.32435038096537,6.876593379081214],[101.32188729796047,6.865712980769501],[101.32431328213232,6.85858937440014],[101.32850473440601,6.858510869880774],[101.3301975507764,6.856517511773802],[101.34966618864377,6.861649223233087],[101.3567638846456,6.867745972898376],[101.36328408908952,6.871099941409227],[101.36367502977885,6.874833198093654],[101.36109772028362,6.879226234303303],[101.36109631194529,6.881572317308667],[101.36741776261971,6.885721395326186],[101.37287040884235,6.884734021557904]]]}},{"type":"Feature","properties":{"subdistrict_code":"940104","subdistrict_th":"บานา","subdistrict_en":"Bana","district_code":"9401","district_th":"เมืองปัตตานี","province_code":"94","province_th":"ปัตตานี"},"geometry":{"type":"Polygon","coordinates":[[[101.29415031838255,6.879428729252481],[101.28845730406141,6.878704054648438],[101.28321089306831,6.882719294659751],[101.28448603820016,6.890250647349546],[101.28395379423227,6.892313532043943],[101.27161543030792,6.893358200720456],[101.26706303243304,6.899184101565083],[101.26355530773134,6.901217055922416],[101.24790978590795,6.901153187869397],[101.24532795192351,6.898272773569715],[101.24495069082178,6.897151417004352],[101.24896621232091,6.897405387348783],[101.25441845564728,6.893170773012798],[101.25591525578449,6.887281428595088],[101.25473309515627,6.878274885577582],[101.26128536133041,6.876596014994163],[101.25774582131265,6.862278208172825],[101.27780318416967,6.8616687241323575],[101.2808840960243,6.858271208649398],[101.28415036804512,6.845251846595488],[101.28618547897673,6.845183422576952],[101.28716250604487,6.851533228875439],[101.2942367351373,6.85771211991846],[101.295771607174,6.8566342248896035],[101.29987921565333,6.859919438431405],[101.29953862530738,6.860974674141971],[101.30251802798466,6.860257606003756],[101.30366822670737,6.861649732249418],[101.30333617632351,6.863009428042744],[101.30180721283267,6.861608951591904],[101.29991567686704,6.864512750962717],[101.29415031838255,6.879428729252481]]]}},{"type":"Feature","properties":{"subdistrict_code":"940110","subdistrict_th":"รูสะมิแล","subdistrict_en":"Ru Samilae","district_code":"9401","district_th":"เมืองปัตตานี","province_code":"94","province_th":"ปัตตานี"},"geometry":{"type":"Polygon","coordinates":[[[101.25517958157246,6.891901686613608],[101.2491979370352,6.897297043323931],[101.24495069082178,6.897151417004352],[101.24034317259941,6.892664704712388],[101.23435529306238,6.8840799401371555],[101.21634971996366,6.873136706194089],[101.20586161672031,6.87141224358021],[101.19850268834847,6.868379958967978],[101.19163708218565,6.866853759993091],[101.19412380387053,6.864050844770702],[101.20069291344726,6.860435428052597],[101.2024534982304,6.858401924209488],[101.20654278482175,6.857233143694657],[101.20951735364304,6.854235008139142],[101.21652126204668,6.854621376675254],[101.22121371134375,6.853660721764925],[101.22599889423367,6.852469658747793],[101.22818490600866,6.85005673632935],[101.24029439157295,6.851460287562247],[101.24420248365777,6.855656626751966],[101.24493634213854,6.859790938800813],[101.2460751086794,6.860700272999225],[101.23814935201102,6.863602217068717],[101.23755032708601,6.86472871505822],[101.24404660057024,6.872578374692296],[101.25517958157246,6.891901686613608]]]}},{"type":"Feature","properties":{"subdistrict_code":"900303","subdistrict_th":"สะพานไม้แก่น","subdistrict_en":"Saphan Mai Kaen","district_code":"9003","district_th":"จะนะ","province_code":"90","province_th":"สงขลา"},"geometry":{"type":"Polygon","coordinates":[[[100.79421201737074,6.870586131744631],[100.78933635638782,6.868808439158215],[100.77175187644798,6.867340596291513],[100.76333343159263,6.863934014743052],[100.76288376517368,6.866354376353456],[100.75709416276544,6.870052301372652],[100.75518378240571,6.873366390346689],[100.75618956529627,6.878866415552693],[100.75865014099128,6.882469627571311],[100.76005451780179,6.888542607255545],[100.76229856372777,6.8918275671885],[100.76228953543375,6.893746178143658],[100.75936662007354,6.894294099992749],[100.75459605476419,6.889017312598924],[100.75202437682361,6.883958734907765],[100.74234316870235,6.87548444844856],[100.74330732557269,6.872548225820026],[100.74546944056232,6.870944160844374],[100.74495230340614,6.868997496437373],[100.7481352820177,6.868544536701052],[100.75083726542749,6.8649020665771445],[100.75120493885692,6.862230804008448],[100.75267783411482,6.861047994069736],[100.7485870654408,6.857228553554933],[100.74870859442615,6.852718709800683],[100.74638105544142,6.852815052372819],[100.74451450264223,6.851711362989079],[100.74544141139211,6.850978985691711],[100.74419406340536,6.84646279901898],[100.75135390885589,6.8252986297280245],[100.74730294597424,6.815505018042188],[100.75754828802314,6.815333349154798],[100.75905516596322,6.808228245437249],[100.76434425608261,6.807373445228336],[100.76591923698328,6.808955398572834],[100.76689745565312,6.814240773592871],[100.77001785494014,6.813022259669594],[100.77259562578757,6.807995133068971],[100.77349289198344,6.803840492744598],[100.77573625442466,6.803758233555698],[100.77173729034371,6.798094590193216],[100.77257744239512,6.792388913417653],[100.78365204390678,6.780069473027822],[100.80351707055644,6.765232053216721],[100.80565673217251,6.769478815594937],[100.81080286336152,6.772068777652009],[100.81283447862836,6.775059091803712],[100.81303511737684,6.77746682333526],[100.80972897211444,6.783042065139227],[100.81457749155805,6.787935854656041],[100.81565930493304,6.79194348370487],[100.81558595622698,6.797710086851055],[100.82020809292919,6.807432286970538],[100.8205330485614,6.810249231616808],[100.82285597492336,6.813355884766338],[100.81587798857839,6.822453211646462],[100.81662090323215,6.826954857180965],[100.81476305317244,6.832055136435429],[100.81037524562117,6.8354102848568346],[100.80777849638054,6.8399521894420445],[100.79966805133955,6.848018424710574],[100.79917313283386,6.852495936038679],[100.7967025971472,6.857267921377513],[100.79736058072626,6.861596452814069],[100.79616035541613,6.868129651562242],[100.79421201737074,6.870586131744631]]]}},{"type":"Feature","properties":{"subdistrict_code":"940101","subdistrict_th":"สะบารัง","subdistrict_en":"Sabarang","district_code":"9401","district_th":"เมืองปัตตานี","province_code":"94","province_th":"ปัตตานี"},"geometry":{"type":"Polygon","coordinates":[[[101.25473309515627,6.878274885577582],[101.25595409120842,6.885211262090138],[101.25517958157246,6.891901686613608],[101.24404660057024,6.872578374692296],[101.23757391630323,6.863969865317074],[101.24438961099179,6.861095438703558],[101.24991516885001,6.860370991628031],[101.25090600500818,6.8657667413420995],[101.25499260262654,6.873008309086231],[101.25473309515627,6.878274885577582]]]}},{"type":"Feature","properties":{"subdistrict_code":"900501","subdistrict_th":"เทพา","subdistrict_en":"Thepha","district_code":"9005","district_th":"เทพา","province_code":"90","province_th":"สงขลา"},"geometry":{"type":"Polygon","coordinates":[[[100.96783516486101,6.873995640586372],[100.95733300971068,6.880899608230379],[100.95396571144846,6.881233759430529],[100.95301643476074,6.880181539146747],[100.95048429641321,6.88104002118007],[100.9306940807673,6.893245479695167],[100.93301427588818,6.876264347721531],[100.93914648042579,6.864782314652132],[100.9409025461157,6.851925098564493],[100.9354351932796,6.843038892031302],[100.92608611558182,6.838756461641424],[100.92483459024419,6.83512976742486],[100.92076907992913,6.834983821845924],[100.91509572119065,6.83286026798703],[100.90495461416418,6.824365564219477],[100.90227918593575,6.820881121166849],[100.90136045112399,6.816711079952427],[100.90334394366812,6.810901058437139],[100.90106348778977,6.804464758042172],[100.90308370235107,6.80094881623495],[100.90481350783716,6.792740489881737],[100.90739969543966,6.789407669828165],[100.90930792372177,6.791063175125487],[100.9138385049431,6.791180926058928],[100.91344228793128,6.78597307259929],[100.91462504660865,6.7838623754483365],[100.91996472089522,6.783253036198687],[100.92246837321693,6.784593927168032],[100.92730269776138,6.784352957423096],[100.93104648820491,6.7878567502888245],[100.9360302261141,6.788578246688758],[100.93973956442943,6.790939522840745],[100.94439003517203,6.788904176286735],[100.94574439438833,6.786206216443759],[100.94719179926221,6.785988226175732],[100.95524218128168,6.793426222941889],[100.95838913395141,6.799277133033286],[100.95924971410307,6.804206050069183],[100.9606376252263,6.804781871586158],[100.96280894207905,6.803867279051758],[100.96326802439984,6.808471199086625],[100.96790020383139,6.8100675802546675],[100.96772650877142,6.81141961742145],[100.9635697091748,6.811274354427951],[100.963799718882,6.814868877197],[100.9712295641931,6.816214521083339],[100.97785679605437,6.822553304391533],[100.97745512915094,6.824137098648237],[100.97381457368368,6.824452051121284],[100.97271211637116,6.825540899892644],[100.97577905186182,6.829955533321254],[100.9747916852881,6.831538339223016],[100.97154157858103,6.831819482583114],[100.97185173137234,6.836870925952496],[100.97351819760678,6.8398605773038526],[100.97328880933117,6.841410328623795],[100.96892464495647,6.842045244592384],[100.96438772980991,6.8406709258226215],[100.96841821422925,6.8340642200877255],[100.96822299569476,6.833053568267587],[100.95776508359177,6.837034637638453],[100.95912820670145,6.844542105234041],[100.95595986815346,6.854100542406172],[100.95644243537015,6.859165456720518],[100.95363657306945,6.8618258842572],[100.95499600356277,6.862997930210383],[100.96898485996337,6.864298541444555],[100.96986733770751,6.868953222813047],[100.96743552502954,6.8726428470897645],[100.96783516486101,6.873995640586372]]]}},{"type":"Feature","properties":{"subdistrict_code":"901118","subdistrict_th":"พะตง","subdistrict_en":"Phatong","district_code":"9011","district_th":"หาดใหญ่","province_code":"90","province_th":"สงขลา"},"geometry":{"type":"Polygon","coordinates":[[[100.59452897393305,6.886916742713538],[100.59424904016112,6.892313037416784],[100.59224728778219,6.886630458828677],[100.58453639533843,6.886104468746282],[100.5843229178684,6.881928012667686],[100.58129411273319,6.87819378201749],[100.57642538012726,6.88343371519386],[100.57415338327206,6.8840261498869495],[100.57154521084288,6.878523728887046],[100.54913137511295,6.8769012493932],[100.53445854562545,6.872710192821216],[100.53400415956435,6.873858968816421],[100.53602694258939,6.879295188022581],[100.53316744831915,6.879759892904758],[100.52681772655689,6.877634750843129],[100.52353127374937,6.874733951610608],[100.51571102464413,6.8734192686843585],[100.5106094503659,6.875927861881394],[100.508788955446,6.874830539697712],[100.50515482203747,6.876068248750755],[100.50182481236527,6.87772142930055],[100.4998976542534,6.879938779750944],[100.4923187678969,6.882287956424079],[100.48277260197403,6.880373080353422],[100.4800003878077,6.882034858422003],[100.47108751907382,6.87746445611981],[100.46509302142584,6.878271290088037],[100.46218407703361,6.880092215783179],[100.45955036565692,6.87963735488006],[100.45961904957954,6.876848443900599],[100.45838407536485,6.877057184641387],[100.45866188943472,6.8758891595571185],[100.45778613412284,6.876384628447909],[100.45613409391336,6.873379670635359],[100.45698872055306,6.871833505811708],[100.45579103492838,6.868803706026256],[100.45744059660632,6.861336898579054],[100.45939125130525,6.860463951849965],[100.46122318560157,6.862945599559794],[100.46110248938845,6.86203254576543],[100.46492717385007,6.859813723124887],[100.46594631077369,6.860872962617179],[100.46808896263559,6.8605237405782304],[100.46739390270648,6.85872622063863],[100.46638458817824,6.859069907350374],[100.46382460322292,6.857300448057288],[100.46319427109881,6.855610863850359],[100.46323586384409,6.854228890950594],[100.46498680519699,6.853093743281647],[100.46366659323877,6.849455293127335],[100.46449990504664,6.848522097217085],[100.46372896841723,6.84791515915731],[100.46423000141351,6.845873259243547],[100.4622727402948,6.84381001212239],[100.45774735175894,6.843540862121131],[100.45810321798916,6.840798834598559],[100.4571179980972,6.839638631817479],[100.45595516839637,6.839293505291096],[100.45556766041926,6.840049467309143],[100.45305537640456,6.838578721430906],[100.45272903941373,6.8392818752583935],[100.451738911022,6.838301785099361],[100.44921319203524,6.838231396062099],[100.44879448567701,6.836149311741394],[100.44965433288121,6.835434000878479],[100.44293693319298,6.8309421300753],[100.45906582083103,6.8256357819657865],[100.46057101524025,6.826018601777093],[100.46370579378743,6.821330999825818],[100.46502907423246,6.817259232927313],[100.46807064164688,6.815372401315301],[100.47152428831532,6.811221242266583],[100.4719956607712,6.814857995400189],[100.48132167805306,6.814622628431607],[100.48375017582998,6.811811518586751],[100.48750578426461,6.812311760179625],[100.51997800558053,6.810683024102332],[100.5289613137137,6.805882270350537],[100.53670405205042,6.803276544077278],[100.54360251944075,6.7950057634053],[100.54585867743606,6.794867448573939],[100.5491476951101,6.797505943444605],[100.55113095113256,6.797781054152381],[100.55682518223642,6.796330621261234],[100.56369562315456,6.789685754593961],[100.56697419520299,6.787862650740806],[100.5742527502643,6.787014492025207],[100.58051467391311,6.787557040425099],[100.58602941202781,6.795091976913227],[100.59651388111081,6.796571624281057],[100.59392825828257,6.813631827347024],[100.58784767303172,6.820524873624095],[100.58630066284536,6.824144220379537],[100.58832780218637,6.867766317361713],[100.58905521432672,6.871229518427583],[100.59302851805171,6.87873304429462],[100.59452897393305,6.886916742713538]]]}},{"type":"Feature","properties":{"subdistrict_code":"900311","subdistrict_th":"คู","subdistrict_en":"Khu","district_code":"9003","district_th":"จะนะ","province_code":"90","province_th":"สงขลา"},"geometry":{"type":"Polygon","coordinates":[[[100.74234316870235,6.87548444844856],[100.73739224615531,6.885670187029575],[100.72592621742103,6.891656303895331],[100.72417152679458,6.889976997140764],[100.72496237981005,6.885640022868813],[100.72253084142523,6.8839211837156995],[100.71862053161232,6.882970569736074],[100.71549773833004,6.877866763340478],[100.71470691319354,6.868790452717292],[100.70972948402851,6.863024361285284],[100.70832420070138,6.859578371444741],[100.70388621367789,6.858776109629787],[100.69839749924523,6.86201062928717],[100.68224549633265,6.861639151725512],[100.67969295326725,6.862434207272884],[100.67463791890492,6.861689496672966],[100.6719639268938,6.859771111447685],[100.6696737106733,6.860314275883184],[100.66839004986099,6.86297888436809],[100.6660001294025,6.864777575224991],[100.6609998025989,6.864900035008645],[100.65897497991148,6.863142930601839],[100.65710607808307,6.862973910217818],[100.65626351315069,6.864606145557218],[100.65296721816264,6.8625971032737425],[100.65702216414161,6.857019216563629],[100.65652507017592,6.851271662857016],[100.65059383174003,6.8504081733985345],[100.64521100528373,6.841097080366012],[100.65933667464788,6.83231250441861],[100.66685304193442,6.829061831138631],[100.67926173823867,6.826742933739467],[100.69006225786694,6.822345706689077],[100.70691849918944,6.8211182409141315],[100.7139070004078,6.819705504905187],[100.71593806888683,6.821809629810616],[100.72719999558336,6.843216148406555],[100.7292549914248,6.849641633554597],[100.72747562879727,6.854058303947625],[100.7291257273705,6.855353012031912],[100.73018802635642,6.860635683689907],[100.73424463967842,6.860192674952032],[100.73561252379898,6.863803413396852],[100.73884824135331,6.867133852045697],[100.74057281278516,6.867973022037404],[100.74274348032742,6.86708891022505],[100.74495230340614,6.868997496437373],[100.74546944056232,6.870944160844374],[100.74330732557269,6.872548225820026],[100.74234316870235,6.87548444844856]]]}},{"type":"Feature","properties":{"subdistrict_code":"940105","subdistrict_th":"ตันหยงลุโละ","subdistrict_en":"Tanyong Lulo","district_code":"9401","district_th":"เมืองปัตตานี","province_code":"94","province_th":"ปัตตานี"},"geometry":{"type":"Polygon","coordinates":[[[101.31723914926738,6.880051320012456],[101.30836910804794,6.886880154695405],[101.29415031838255,6.879428729252481],[101.30085410323431,6.862989716702089],[101.30297675956984,6.867611978410139],[101.3028197856047,6.869292280714205],[101.30889854792969,6.870214941066706],[101.3084818209793,6.873000368072553],[101.31723914926738,6.880051320012456]]]}},{"type":"Feature","properties":{"subdistrict_code":"940908","subdistrict_th":"ยามู","subdistrict_en":"Yamu","district_code":"9409","district_th":"ยะหริ่ง","province_code":"94","province_th":"ปัตตานี"},"geometry":{"type":"Polygon","coordinates":[[[101.37287040884235,6.884734021557904],[101.36741776261971,6.885721395326186],[101.36109631194529,6.881572317308667],[101.36109772028362,6.879226234303303],[101.36367502977885,6.874833198093654],[101.36328408908952,6.871099941409227],[101.3567638846456,6.867745972898376],[101.35173354656598,6.86285987528305],[101.34579441028387,6.86039823658939],[101.34965360622903,6.852852977682801],[101.35251625622033,6.850733527430407],[101.35549386475014,6.8461295786171945],[101.35917302811282,6.844094802233371],[101.37229210429723,6.84237904415761],[101.37898781683435,6.85191207098535],[101.38046905690152,6.851875357961433],[101.38212605057686,6.857182882384166],[101.38168349329862,6.86014234619239],[101.38585087521778,6.862414577770608],[101.38727420164315,6.86232050059067],[101.39182615165561,6.859081289170206],[101.39583356306855,6.858974869694521],[101.39778931062824,6.860577881564041],[101.39774768280938,6.863440986612318],[101.39363039942344,6.865319503991941],[101.39148181563337,6.867662129104019],[101.39246695728428,6.871044910094554],[101.39136750640535,6.874986616139495],[101.38654003739288,6.877068072733437],[101.38241969631201,6.877347888694146],[101.38116943182388,6.876336719763856],[101.3804549834108,6.872365047409062],[101.38121418838415,6.868862263582628],[101.38008100573387,6.8668376288535455],[101.3771192225741,6.865704439008709],[101.37488158791501,6.86595504858667],[101.36984974796758,6.868210203837862],[101.36723277027619,6.872109144421529],[101.36737894967882,6.8742353036164445],[101.37245079776619,6.88230531244028],[101.37287040884235,6.884734021557904]]]}},{"type":"Feature","properties":{"subdistrict_code":"940401","subdistrict_th":"ปะนาเระ","subdistrict_en":"Panare","district_code":"9404","district_th":"ปะนาเระ","province_code":"94","province_th":"ปัตตานี"},"geometry":{"type":"Polygon","coordinates":[[[101.5073194927005,6.862569993210684],[101.49974777483999,6.864613054149174],[101.50236472375303,6.865187416965796],[101.50467819104574,6.864360253822724],[101.50350013222538,6.86572148925535],[101.49468574285282,6.866945164387857],[101.49245284492292,6.868817984562384],[101.48879139100995,6.86780671310936],[101.47002054970864,6.879242393321817],[101.45683882315325,6.8835530120618955],[101.45438193557794,6.871136722781557],[101.45423372011015,6.863844201248924],[101.4619346525622,6.858693413370361],[101.46448710839337,6.859037309624171],[101.46700389621287,6.863979967401633],[101.4682905625595,6.8640366112006745],[101.47128428694037,6.858869045570032],[101.47832237317903,6.856329837651913],[101.48093196743639,6.854177788773995],[101.48128581468865,6.851564600825725],[101.48003922213246,6.850067372611193],[101.48430649444924,6.850442989752196],[101.48767894043084,6.852422885008195],[101.49077219907781,6.852876252137378],[101.50423703670992,6.849041489872889],[101.50812212863337,6.85167546475094],[101.51343006224761,6.853232970924921],[101.5082069463935,6.858707984186196],[101.5073194927005,6.862569993210684]]]}},{"type":"Feature","properties":{"subdistrict_code":"900312","subdistrict_th":"แค","subdistrict_en":"Khae","district_code":"9003","district_th":"จะนะ","province_code":"90","province_th":"สงขลา"},"geometry":{"type":"Polygon","coordinates":[[[100.65296721816264,6.8625971032737425],[100.64986954384443,6.867354472830698],[100.65171546529655,6.872493251162666],[100.64128839993975,6.873296563385736],[100.63362386125226,6.875479395157981],[100.6181871134446,6.8838724323669],[100.60339038166086,6.882974479089],[100.59896041838869,6.883893005258017],[100.59452897393305,6.886916742713538],[100.59302851805171,6.87873304429462],[100.58905521432672,6.871229518427583],[100.58832780218637,6.867766317361713],[100.58630066284536,6.824144220379537],[100.58711676342796,6.821617489655466],[100.5892992507599,6.819008270415395],[100.59205118341544,6.820362390412015],[100.59797995141366,6.826035157396632],[100.60673013908473,6.825513264625499],[100.6096535535687,6.824184427269529],[100.61167519715269,6.821538366402535],[100.61904759736876,6.82111299157134],[100.62254559860054,6.819839243086619],[100.62716957261773,6.816117933895555],[100.6374990894115,6.8142253574143865],[100.65331104067207,6.80796501117635],[100.67343021483259,6.804478366583396],[100.6823546155731,6.804528796966451],[100.69561210911161,6.806824454984678],[100.70326683889357,6.806305322232902],[100.70790978860595,6.804373137810103],[100.71272488744364,6.807317423760139],[100.7139070004078,6.819705504905187],[100.70691849918944,6.8211182409141315],[100.69006225786694,6.822345706689077],[100.67926173823867,6.826742933739467],[100.66685304193442,6.829061831138631],[100.65933667464788,6.83231250441861],[100.64521100528373,6.841097080366012],[100.65059383174003,6.8504081733985345],[100.65652507017592,6.851271662857016],[100.65702216414161,6.857019216563629],[100.65296721816264,6.8625971032737425]]]}},{"type":"Feature","properties":{"subdistrict_code":"940108","subdistrict_th":"บาราโหม","subdistrict_en":"Bara Hom","district_code":"9401","district_th":"เมืองปัตตานี","province_code":"94","province_th":"ปัตตานี"},"geometry":{"type":"Polygon","coordinates":[[[101.32435038096537,6.876593379081214],[101.32280863181296,6.878398456923321],[101.31723914926738,6.880051320012456],[101.3084818209793,6.873000368072553],[101.30889854792969,6.870214941066706],[101.31289480325262,6.867026409141545],[101.322345262424,6.868182882434098],[101.32435038096537,6.876593379081214]]]}},{"type":"Feature","properties":{"subdistrict_code":"940102","subdistrict_th":"อาเนาะรู","subdistrict_en":"Anoru","district_code":"9401","district_th":"เมืองปัตตานี","province_code":"94","province_th":"ปัตตานี"},"geometry":{"type":"Polygon","coordinates":[[[101.25774582131265,6.862278208172825],[101.26128536133041,6.876596014994163],[101.25473309515627,6.878274885577582],[101.25499260262654,6.873008309086231],[101.25090600500818,6.8657667413420995],[101.25046492261816,6.863084714787817],[101.25774582131265,6.862278208172825]]]}},{"type":"Feature","properties":{"subdistrict_code":"940910","subdistrict_th":"หนองแรต","subdistrict_en":"Nong Raet","district_code":"9409","district_th":"ยะหริ่ง","province_code":"94","province_th":"ปัตตานี"},"geometry":{"type":"Polygon","coordinates":[[[101.42187987025989,6.861836335278724],[101.41869888994188,6.862622326559176],[101.41545520709218,6.859606346655596],[101.41363800638896,6.859370328577825],[101.4101998298583,6.866221104020781],[101.4078327234015,6.868473927329944],[101.39136750640535,6.874986616139495],[101.39246695728428,6.871044910094554],[101.39148181563337,6.867662129104019],[101.39363039942344,6.865319503991941],[101.39774768280938,6.863440986612318],[101.39778931062824,6.860577881564041],[101.39583356306855,6.858974869694521],[101.39182615165561,6.859081289170206],[101.38727420164315,6.86232050059067],[101.38585087521778,6.862414577770608],[101.38168349329862,6.86014234619239],[101.3813048616301,6.858904263021373],[101.38231473104008,6.857010272805894],[101.38689837316144,6.856540609061881],[101.38907519386515,6.8547610773619],[101.38669442220987,6.848264123090871],[101.38253565040003,6.845647225439166],[101.38380063858864,6.8433819087481425],[101.38902275889325,6.8418381109401025],[101.39197933228041,6.839913494312384],[101.39146713779826,6.834318449436921],[101.39234310175283,6.828504106679247],[101.39766724294896,6.826832669891871],[101.4050732058638,6.827947600801167],[101.40674730464445,6.828862846243396],[101.40974244995414,6.83354891485061],[101.41299187857237,6.8335925256745895],[101.41853924139292,6.835759294655759],[101.42187987025989,6.861836335278724]]]}},{"type":"Feature","properties":{"subdistrict_code":"900502","subdistrict_th":"ปากบาง","subdistrict_en":"Pak Bang","district_code":"9005","district_th":"เทพา","province_code":"90","province_th":"สงขลา"},"geometry":{"type":"Polygon","coordinates":[[[101.06368530783072,6.857486291159432],[101.04101574627975,6.854181159432983],[101.01479224206838,6.855275612779337],[101.00378917802823,6.85754000676593],[100.98374667556868,6.864129223385021],[100.96783516486101,6.873995640586372],[100.96743552502954,6.8726428470897645],[100.96986733770751,6.868953222813047],[100.96898485996337,6.864298541444555],[100.95499600356277,6.862997930210383],[100.95363657306945,6.8618258842572],[100.95644243537015,6.859165456720518],[100.95595986815346,6.854100542406172],[100.95912820670145,6.844542105234041],[100.95776508359177,6.837034637638453],[100.96822299569476,6.833053568267587],[100.96841821422925,6.8340642200877255],[100.96438772980991,6.8406709258226215],[100.96892464495647,6.842045244592384],[100.97328880933117,6.841410328623795],[100.97138073393376,6.832577314291655],[100.97187456785707,6.831544633578005],[100.9747916852881,6.831538339223016],[100.97565274657705,6.830587215327796],[100.97523892083956,6.8285196874336975],[100.9726896387159,6.826126387322972],[100.97338967639251,6.8246464728565],[100.97796029992799,6.823391981554778],[100.97500081903263,6.82049577875722],[100.97584040990705,6.818722597170165],[100.9971889609019,6.803520900669071],[101.02938674330363,6.778544567278004],[101.03048714566529,6.782513953556133],[101.03388876655339,6.782868018444333],[101.03599230959748,6.785912637258434],[101.03831075373836,6.78728545326112],[101.03804540337273,6.788962019781422],[101.039334936758,6.789224373606032],[101.03989090034486,6.79095272758633],[101.04151761114889,6.791949939937808],[101.03836343422518,6.8063082558214205],[101.03924990136193,6.817840769635836],[101.04228616817221,6.830124127426586],[101.04817558633431,6.834773613411585],[101.04925099203973,6.836938180852428],[101.04773815878906,6.839185518297086],[101.04469491413903,6.837762151402217],[101.04390849657989,6.838214689356505],[101.04293493100232,6.84165476795323],[101.04536384696405,6.845604454581974],[101.04363684286608,6.8482473768150385],[101.04952475826104,6.8482415204298945],[101.05713935759536,6.852238185843646],[101.0621178731414,6.852677901264201],[101.06371570311728,6.8544333464218425],[101.06368530783072,6.857486291159432]]]}},{"type":"Feature","properties":{"subdistrict_code":"940106","subdistrict_th":"คลองมานิง","subdistrict_en":"Khlong Maning","district_code":"9401","district_th":"เมืองปัตตานี","province_code":"94","province_th":"ปัตตานี"},"geometry":{"type":"Polygon","coordinates":[[[101.31671720073831,6.867054274635109],[101.31145177807713,6.86751073543212],[101.30889854792969,6.870214941066706],[101.3028197856047,6.869292280714205],[101.30297675956984,6.867611978410139],[101.30085410323431,6.862989716702089],[101.30180721283267,6.861608951591904],[101.30362018132638,6.862708084110864],[101.30309431355181,6.860436184382479],[101.29953862530738,6.860974674141971],[101.29987921565333,6.859919438431405],[101.29616969477564,6.856843042972116],[101.2942367351373,6.85771211991846],[101.28716250604487,6.851533228875439],[101.28618547897673,6.845183422576952],[101.28415036804512,6.845251846595488],[101.28774343301308,6.839753149688136],[101.28966231466416,6.83427314608889],[101.30255775463672,6.834474926976327],[101.30083755840667,6.839863030654385],[101.30111417008294,6.842505040075594],[101.3039342515645,6.846894638177048],[101.30769085015265,6.847020679061131],[101.30746957376186,6.851668312442712],[101.31279274369024,6.8572417421127625],[101.31768071189538,6.864199553066953],[101.31671720073831,6.867054274635109]]]}},{"type":"Feature","properties":{"subdistrict_code":"940107","subdistrict_th":"กะมิยอ","subdistrict_en":"Kamiyo","district_code":"9401","district_th":"เมืองปัตตานี","province_code":"94","province_th":"ปัตตานี"},"geometry":{"type":"Polygon","coordinates":[[[101.32431328213232,6.85858937440014],[101.32188729796047,6.865712980769501],[101.322345262424,6.868182882434098],[101.31671720073831,6.867054274635109],[101.31768071189538,6.864199553066953],[101.31279274369024,6.8572417421127625],[101.30746957376186,6.851668312442712],[101.30769085015265,6.847020679061131],[101.3039342515645,6.846894638177048],[101.30111417008294,6.842505040075594],[101.30083755840667,6.839863030654385],[101.30255775463672,6.834474926976327],[101.30687374772532,6.835645152701659],[101.32163060177089,6.843508634915622],[101.32431328213232,6.85858937440014]]]}},{"type":"Feature","properties":{"subdistrict_code":"940409","subdistrict_th":"บ้านกลาง","subdistrict_en":"Ban Klang","district_code":"9404","district_th":"ปะนาเระ","province_code":"94","province_th":"ปัตตานี"},"geometry":{"type":"Polygon","coordinates":[[[101.53102741328456,6.860693895906593],[101.52596495591803,6.865619748053007],[101.52218206744851,6.8634873223820705],[101.51020822033314,6.866369314991914],[101.50874023087704,6.865678845202581],[101.50929391198451,6.86450981377692],[101.51561767931253,6.864249891719169],[101.51794337108976,6.863177466367006],[101.52162051007855,6.863099403414765],[101.52193505156146,6.862191736559453],[101.51650328579808,6.861341927587944],[101.5073194927005,6.862569993210684],[101.5082069463935,6.858707984186196],[101.51343006224761,6.853232970924921],[101.5092232909222,6.852152096442126],[101.50466191781334,6.849452183271694],[101.48904748465378,6.829886938431514],[101.48356033863877,6.825032015814941],[101.49231961665703,6.820267430997205],[101.49419374714375,6.813304912092065],[101.5016145740534,6.8099734320283005],[101.51063015885478,6.824156402595975],[101.51186866740511,6.8247594268061675],[101.5164164724423,6.822533372717032],[101.51808997856972,6.818132383802492],[101.52823873612886,6.817355204079433],[101.53274471459696,6.820113426593423],[101.53183719343178,6.827543036282123],[101.52968531542501,6.833691913351174],[101.53238769273787,6.841297984414496],[101.53008663698876,6.852809145625599],[101.53102741328456,6.860693895906593]]]}},{"type":"Feature","properties":{"subdistrict_code":"900309","subdistrict_th":"ท่าหมอไทร","subdistrict_en":"Tha Mo Sai","district_code":"9003","district_th":"จะนะ","province_code":"90","province_th":"สงขลา"},"geometry":{"type":"Polygon","coordinates":[[[100.80351707055644,6.765232053216721],[100.78365204390678,6.780069473027822],[100.77257744239512,6.792388913417653],[100.77173729034371,6.798094590193216],[100.77573625442466,6.803758233555698],[100.77349289198344,6.803840492744598],[100.77259562578757,6.807995133068971],[100.77001785494014,6.813022259669594],[100.76689745565312,6.814240773592871],[100.76591923698328,6.808955398572834],[100.76434425608261,6.807373445228336],[100.75905516596322,6.808228245437249],[100.75754828802314,6.815333349154798],[100.74730294597424,6.815505018042188],[100.75135390885589,6.8252986297280245],[100.74419406340536,6.84646279901898],[100.74544141139211,6.850978985691711],[100.74451450264223,6.851711362989079],[100.74638105544142,6.852815052372819],[100.74870859442615,6.852718709800683],[100.7485870654408,6.857228553554933],[100.75267783411482,6.861047994069736],[100.75120493885692,6.862230804008448],[100.75083726542749,6.8649020665771445],[100.7481352820177,6.868544536701052],[100.74495230340614,6.868997496437373],[100.74274348032742,6.86708891022505],[100.74057281278516,6.867973022037404],[100.73908550589147,6.867305073070725],[100.73561252379898,6.863803413396852],[100.73424463967842,6.860192674952032],[100.73018802635642,6.860635683689907],[100.7291257273705,6.855353012031912],[100.72747562879727,6.854058303947625],[100.7292549914248,6.849641633554597],[100.72719999558336,6.843216148406555],[100.71593806888683,6.821809629810616],[100.7139070004078,6.819705504905187],[100.71272488744364,6.807317423760139],[100.71923512829858,6.806938855044166],[100.71808606002372,6.804338237819479],[100.71682869179074,6.803635154139101],[100.71612241191986,6.800656011365902],[100.71716792955635,6.8004801246580655],[100.71700969564102,6.799597760228494],[100.71437109105307,6.794817593756989],[100.71474510110556,6.789792222633025],[100.71631654227468,6.7879561919247635],[100.71550046507446,6.786447343570103],[100.71660438558399,6.781749998363807],[100.71400655355967,6.77806799943869],[100.72228891120437,6.773103673395838],[100.72415464472112,6.770261223976377],[100.73227823874976,6.768569735005315],[100.74101457596197,6.770352032120627],[100.74459631037149,6.762248841910548],[100.7458818525655,6.756572058553729],[100.74901606993575,6.7536035142907735],[100.75366456666649,6.753576073277202],[100.75852114223699,6.750901367204392],[100.76679891693652,6.7488584834322864],[100.77084330487469,6.744242048431829],[100.77706960457863,6.740545022734636],[100.77817330295562,6.741232708222981],[100.77834140063521,6.746560584303552],[100.781704908255,6.74469699297191],[100.7854073730519,6.746333597217813],[100.79111783691872,6.7379738556089706],[100.79373990297421,6.739739251765116],[100.7976691138386,6.746002059447562],[100.79975625055056,6.746481489828966],[100.79577619741366,6.752207175620697],[100.7965318986283,6.7576944466414375],[100.7978523282224,6.759189943660999],[100.80177943287458,6.760691619023021],[100.80351707055644,6.765232053216721]]]}},{"type":"Feature","properties":{"subdistrict_code":"940309","subdistrict_th":"บางตาวา","subdistrict_en":"Bang Tawa","district_code":"9403","district_th":"หนองจิก","province_code":"94","province_th":"ปัตตานี"},"geometry":{"type":"Polygon","coordinates":[[[101.19367590821668,6.864382274622301],[101.19164185938439,6.86711035096198],[101.19017697079062,6.867036708177579],[101.17970068643757,6.865288383851862],[101.16668121106909,6.865067156024452],[101.15877089126366,6.8614467930351],[101.14743040428976,6.860988627123504],[101.14622465174637,6.858476414155234],[101.14793993857734,6.856109331980122],[101.14642572936395,6.8509204272359625],[101.1494042354172,6.850970392669524],[101.16222499029112,6.8551943464419764],[101.17068673840231,6.860643860325922],[101.17066423736475,6.859482355326463],[101.17518336841778,6.860442137894381],[101.17521710558503,6.861896814686304],[101.18170661976473,6.857516436434423],[101.19367590821668,6.864382274622301]]]}},{"type":"Feature","properties":{"subdistrict_code":"940917","subdistrict_th":"จะรัง","subdistrict_en":"Charang","district_code":"9409","district_th":"ยะหริ่ง","province_code":"94","province_th":"ปัตตานี"},"geometry":{"type":"Polygon","coordinates":[[[101.48003922213246,6.850067372611193],[101.48128581468865,6.851564600825725],[101.48093196743639,6.854177788773995],[101.47832237317903,6.856329837651913],[101.47128428694037,6.858869045570032],[101.4682905625595,6.8640366112006745],[101.46700389621287,6.863979967401633],[101.46448710839337,6.859037309624171],[101.4619346525622,6.858693413370361],[101.45415079632227,6.86408602534982],[101.45183822115706,6.8633544808246825],[101.44825413861764,6.860778314367735],[101.4480342462835,6.857009452624197],[101.44697110103556,6.855122535576584],[101.44136072721585,6.8580619166241945],[101.43727841756498,6.857525693156276],[101.43581640140587,6.858332986678022],[101.43208528780582,6.856057354763152],[101.42720785875576,6.856436786828283],[101.4241845934443,6.85855795838313],[101.42187987025989,6.861836335278724],[101.41853924139292,6.835759294655759],[101.4227431411831,6.838473908144408],[101.4262960927905,6.8389689255755],[101.43044634802061,6.838217024895812],[101.43543294037795,6.833651299068265],[101.44141082934635,6.834341819219617],[101.44485491981874,6.82576700834079],[101.44756964482332,6.823820790896832],[101.44954384017615,6.823733381290538],[101.45063745895163,6.824188199026196],[101.4517984180626,6.828989387150557],[101.45650159896968,6.8296455460051675],[101.45979919617605,6.833500356856007],[101.46700637834175,6.835432627613727],[101.47002737376437,6.837898602838322],[101.47262832913412,6.84450774123934],[101.47298326456604,6.848022208158454],[101.47665781440668,6.847986906170831],[101.48003922213246,6.850067372611193]]]}},{"type":"Feature","properties":{"subdistrict_code":"940305","subdistrict_th":"ตุยง","subdistrict_en":"Tuyong","district_code":"9403","district_th":"หนองจิก","province_code":"94","province_th":"ปัตตานี"},"geometry":{"type":"Polygon","coordinates":[[[101.1971257246725,6.86273596579224],[101.19367590821668,6.864382274622301],[101.18504097316242,6.858934621435651],[101.18110829990815,6.857464351298802],[101.18095252923587,6.858700105225751],[101.17521710558503,6.861896814686304],[101.17518336841778,6.860442137894381],[101.17066423736475,6.859482355326463],[101.17068673840231,6.860643860325922],[101.16607087357204,6.857606451376682],[101.16770254773445,6.850772933923793],[101.1699075091243,6.847279287209403],[101.16572863386943,6.844525743868019],[101.16340795491323,6.84109598139446],[101.166916235396,6.840249102414191],[101.1706783351371,6.837780679234982],[101.16617354197547,6.832485579845695],[101.15585913289272,6.811535677629479],[101.1753062041181,6.805622749390409],[101.1855887124492,6.805150628698584],[101.18356122417123,6.812871964969247],[101.18500636005552,6.8229430525798875],[101.18309165035942,6.830906367634782],[101.18386159503666,6.832040183407798],[101.18639356970755,6.829460870223045],[101.18941812644545,6.829303636353757],[101.19270843644523,6.827179621142648],[101.19430681320893,6.828011903226809],[101.19958553144716,6.846507691376928],[101.19931917743816,6.849692536981024],[101.19661300318762,6.855704380752627],[101.1971257246725,6.86273596579224]]]}},{"type":"Feature","properties":{"subdistrict_code":"940103","subdistrict_th":"จะบังติกอ","subdistrict_en":"Chabang Tiko","district_code":"9401","district_th":"เมืองปัตตานี","province_code":"94","province_th":"ปัตตานี"},"geometry":{"type":"Polygon","coordinates":[[[101.25774582131265,6.862278208172825],[101.25046492261816,6.863084714787817],[101.24991516885001,6.860370991628031],[101.24513730014633,6.860274166119893],[101.2442025097381,6.855912293217784],[101.24467464841638,6.854121127887765],[101.24610095789296,6.853306006666912],[101.24921576519546,6.854190839735509],[101.25021572317712,6.852986191559523],[101.2497524212373,6.85146467805248],[101.25344901256193,6.849851925625899],[101.25774582131265,6.862278208172825]]]}},{"type":"Feature","properties":{"subdistrict_code":"940111","subdistrict_th":"ตะลุโบะ","subdistrict_en":"Talubo","district_code":"9401","district_th":"เมืองปัตตานี","province_code":"94","province_th":"ปัตตานี"},"geometry":{"type":"Polygon","coordinates":[[[101.28415036804512,6.845251846595488],[101.2808840960243,6.858271208649398],[101.27780318416967,6.8616687241323575],[101.27564857582115,6.862182880935279],[101.25774582131265,6.862278208172825],[101.25344901256193,6.849851925625899],[101.2497524212373,6.85146467805248],[101.24916934039283,6.850316030660338],[101.25266967356663,6.843015684126556],[101.27565303915651,6.842623335098892],[101.28415036804512,6.845251846595488]]]}},{"type":"Feature","properties":{"subdistrict_code":"940303","subdistrict_th":"ดอนรัก","subdistrict_en":"Don Rak","district_code":"9403","district_th":"หนองจิก","province_code":"94","province_th":"ปัตตานี"},"geometry":{"type":"Polygon","coordinates":[[[101.22818490600866,6.85005673632935],[101.22599889423367,6.852469658747793],[101.22121371134375,6.853660721764925],[101.21652126204668,6.854621376675254],[101.20909192395317,6.854407020567578],[101.20654278482175,6.857233143694657],[101.2024534982304,6.858401924209488],[101.1971257246725,6.86273596579224],[101.19661300318762,6.855704380752627],[101.19931917743816,6.849692536981024],[101.19958553144716,6.846507691376928],[101.19430681320893,6.828011903226809],[101.20677604108147,6.822399620146427],[101.21173800190735,6.816662230577549],[101.21299030425922,6.819780633369589],[101.21247396839897,6.832548621421779],[101.21387555821047,6.835321828439703],[101.21375893232891,6.837983932312682],[101.212412884647,6.838562998583541],[101.212159460191,6.839873762264347],[101.21939231440382,6.840801469612188],[101.22224262569665,6.8442201974042405],[101.22602164618206,6.841768572661522],[101.22762503216956,6.844030044750809],[101.22818490600866,6.85005673632935]]]}},{"type":"Feature","properties":{"subdistrict_code":"940410","subdistrict_th":"บ้านน้ำบ่อ","subdistrict_en":"Ban Nam Bo","district_code":"9404","district_th":"ปะนาเระ","province_code":"94","province_th":"ปัตตานี"},"geometry":{"type":"Polygon","coordinates":[[[101.59587989933794,6.781939863234129],[101.55750745360615,6.8460107781749],[101.54978370805173,6.846636973417617],[101.54766202298401,6.845754090079254],[101.54506189139323,6.846618504040805],[101.53102741328456,6.860693895906593],[101.53008663698876,6.852809145625599],[101.53238769273787,6.841297984414496],[101.52968531542501,6.833691913351174],[101.53183719343178,6.827543036282123],[101.53274471459696,6.820113426593423],[101.54137246856465,6.827868474850277],[101.54573831557087,6.830601269033366],[101.54895501875916,6.83071756396447],[101.55288036343808,6.828914168753954],[101.55422581217158,6.827726541147001],[101.55200811728082,6.825929975388078],[101.54946872230374,6.826023897884625],[101.54839257555699,6.82502982956305],[101.54829943457133,6.819919697336218],[101.55143944267621,6.813671296792961],[101.5519979378546,6.809323083693414],[101.55562947761837,6.803606434289577],[101.55791770633715,6.797665306908414],[101.57169023801413,6.792781722898269],[101.57699769318907,6.7819151300792555],[101.57935835420471,6.774456535240972],[101.58871348613854,6.779612694770094],[101.59587989933794,6.781939863234129]]]}},{"type":"Feature","properties":{"subdistrict_code":"940308","subdistrict_th":"บางเขา","subdistrict_en":"Bang Khao","district_code":"9403","district_th":"หนองจิก","province_code":"94","province_th":"ปัตตานี"},"geometry":{"type":"Polygon","coordinates":[[[101.14743040428976,6.860988627123504],[101.13427376792009,6.860083445094972],[101.101124232997,6.862745155064886],[101.09721341236917,6.86148590994685],[101.10275862221272,6.861332252681336],[101.10511733169955,6.8600817165980175],[101.1036009083553,6.8582283595512195],[101.09813975634472,6.855748701141692],[101.09657731469139,6.852928777041484],[101.0965224335635,6.849812135121965],[101.10210796900765,6.847794948578041],[101.10267871205298,6.846323712569301],[101.09953023503238,6.8425129172374],[101.10040714057715,6.839304918587175],[101.09921433917049,6.835157580757766],[101.09509677069946,6.835434003576438],[101.09408567191628,6.834316852240988],[101.09475195264054,6.821011312422172],[101.09384820772868,6.813621478848233],[101.1510046689304,6.8016140105781915],[101.16617354197547,6.832485579845695],[101.1706783351371,6.837780679234982],[101.166916235396,6.840249102414191],[101.16340795491323,6.84109598139446],[101.16572863386943,6.844525743868019],[101.1699075091243,6.847279287209403],[101.16770254773445,6.850772933923793],[101.16607087357204,6.857606451376682],[101.16222499029112,6.8551943464419764],[101.14655243484702,6.850537548968759],[101.1479512970148,6.85637369758814],[101.14622465174637,6.858476414155234],[101.14743040428976,6.860988627123504]]]}},{"type":"Feature","properties":{"subdistrict_code":"940306","subdistrict_th":"ท่ากำชำ","subdistrict_en":"Tha Kamcham","district_code":"9403","district_th":"หนองจิก","province_code":"94","province_th":"ปัตตานี"},"geometry":{"type":"Polygon","coordinates":[[[101.09384820772868,6.813621478848233],[101.09475195264054,6.821011312422172],[101.09408567191628,6.834316852240988],[101.09509677069946,6.835434003576438],[101.09921433917049,6.835157580757766],[101.10040714057715,6.839304918587175],[101.09953023503238,6.8425129172374],[101.10267871205298,6.846323712569301],[101.10210796900765,6.847794948578041],[101.0965224335635,6.849812135121965],[101.09657731469139,6.852928777041484],[101.09813975634472,6.855748701141692],[101.10437109584944,6.858792816335438],[101.1045997017149,6.860644474562889],[101.09721341236917,6.86148590994685],[101.06520812085813,6.857832316108556],[101.06368530783072,6.857486291159432],[101.06371570311728,6.8544333464218425],[101.0621178731414,6.852677901264201],[101.05713935759536,6.852238185843646],[101.04952475826104,6.8482415204298945],[101.04363684286608,6.8482473768150385],[101.04536384696405,6.845604454581974],[101.04293493100232,6.84165476795323],[101.04390849657989,6.838214689356505],[101.04469491413903,6.837762151402217],[101.04773815878906,6.839185518297086],[101.04925099203973,6.836938180852428],[101.04817558633431,6.834773613411585],[101.04228616817221,6.830124127426586],[101.03924990136193,6.817840769635836],[101.03836343422518,6.8063082558214205],[101.040760256081,6.795193020241754],[101.04650509563373,6.7971949785654715],[101.0550220081592,6.80237664736444],[101.06163967932781,6.797204800061536],[101.06697565470279,6.797039668346088],[101.0710955083511,6.79418170472195],[101.07540817394812,6.794383041344304],[101.08110345186287,6.7912967794229075],[101.08317350055665,6.791449479809671],[101.08564457763521,6.792844611589601],[101.08665478968686,6.794835331985041],[101.08430436385538,6.799800644584138],[101.08454409613319,6.802043856838566],[101.08667133901116,6.802472010574888],[101.09016929707548,6.800142050615193],[101.09286065319662,6.799915716437226],[101.09561866257127,6.802288699963583],[101.0933226538175,6.811049558990021],[101.09384820772868,6.813621478848233]]]}},{"type":"Feature","properties":{"subdistrict_code":"940906","subdistrict_th":"ตาแกะ","subdistrict_en":"Takae","district_code":"9409","district_th":"ยะหริ่ง","province_code":"94","province_th":"ปัตตานี"},"geometry":{"type":"Polygon","coordinates":[[[101.35495918631744,6.8468242176635385],[101.35251625622033,6.850733527430407],[101.34965360622903,6.852852977682801],[101.34579441028387,6.86039823658939],[101.3301975507764,6.856517511773802],[101.32850473440601,6.858510869880774],[101.32431328213232,6.85858937440014],[101.32157055493724,6.843949003243949],[101.32360025105078,6.8336507576763665],[101.33290108911405,6.823442265348319],[101.33832330587592,6.82990412897243],[101.33841629667484,6.832524911695373],[101.33946080077538,6.833688096628407],[101.35150108890417,6.840337272846909],[101.35495918631744,6.8468242176635385]]]}},{"type":"Feature","properties":{"subdistrict_code":"940911","subdistrict_th":"ปิยามุมัง","subdistrict_en":"Piya Mumang","district_code":"9409","district_th":"ยะหริ่ง","province_code":"94","province_th":"ปัตตานี"},"geometry":{"type":"Polygon","coordinates":[[[101.39356476420255,6.827883996249454],[101.39234310175283,6.828504106679247],[101.39165329206583,6.832086169341267],[101.39197933228041,6.839913494312384],[101.38902275889325,6.8418381109401025],[101.38380063858864,6.8433819087481425],[101.38253565040003,6.845647225439166],[101.38669442220987,6.848264123090871],[101.38907519386515,6.8547610773619],[101.38828362139208,6.856067676282294],[101.38212605057686,6.857182882384166],[101.38046905690152,6.851875357961433],[101.37898781683435,6.85191207098535],[101.37238065334452,6.842913574202157],[101.36904663179666,6.8277904523675375],[101.36051528065576,6.819292523631134],[101.35953047355258,6.807217241082867],[101.35841412800966,6.803946753939613],[101.38031683585336,6.797730585997783],[101.38288450641488,6.813012725057263],[101.39356476420255,6.827883996249454]]]}},{"type":"Feature","properties":{"subdistrict_code":"940109","subdistrict_th":"ปะกาฮะรัง","subdistrict_en":"Paka Harang","district_code":"9401","district_th":"เมืองปัตตานี","province_code":"94","province_th":"ปัตตานี"},"geometry":{"type":"Polygon","coordinates":[[[101.2497524212373,6.85146467805248],[101.2500257773678,6.853585367570702],[101.248539196227,6.8543233827180075],[101.24577902488215,6.853363442768739],[101.24420248365777,6.855656626751966],[101.24029439157295,6.851460287562247],[101.22818490600866,6.85005673632935],[101.22762503216956,6.844030044750809],[101.22602164618206,6.841768572661522],[101.22224262569665,6.8442201974042405],[101.21939231440382,6.840801469612188],[101.2153335678899,6.839785150264504],[101.21261327788051,6.84052986536102],[101.21211389244223,6.839184144133014],[101.21375893232891,6.837983932312682],[101.21387555821047,6.835321828439703],[101.21247396839897,6.832548621421779],[101.21299030425922,6.819780633369589],[101.22625885136495,6.8188666550720995],[101.23319630166804,6.813204765387638],[101.23475409832304,6.8135797583991575],[101.2367266838894,6.812472063435052],[101.24197436292656,6.805324741943309],[101.24412541895299,6.805173526337228],[101.24865270056176,6.807349048419894],[101.2501643053385,6.806913213573978],[101.2460891632843,6.8089857803695395],[101.24378794205995,6.811490191719031],[101.24351400676608,6.813234924152482],[101.24409578898951,6.817160373152774],[101.24537123899154,6.818621919865734],[101.24466791519217,6.821921434426713],[101.24691295936566,6.82324484617277],[101.24915544406855,6.828617857428242],[101.25088609761536,6.828234084335577],[101.25170002183859,6.829318950009565],[101.25109640857244,6.833682655730001],[101.24709737164642,6.834661753936871],[101.24953209093331,6.8359164520826425],[101.24828060066926,6.8372386434487],[101.24792278740676,6.842071252086669],[101.24960735429602,6.842941318287274],[101.25262335488401,6.8424193104028745],[101.25124082980051,6.847019990180456],[101.24916917491754,6.849074260268935],[101.2497524212373,6.85146467805248]]]}},{"type":"Feature","properties":{"subdistrict_code":"940402","subdistrict_th":"ท่าข้าม","subdistrict_en":"Tha Kham","district_code":"9404","district_th":"ปะนาเระ","province_code":"94","province_th":"ปัตตานี"},"geometry":{"type":"Polygon","coordinates":[[[101.50423703670992,6.849041489872889],[101.48927954391587,6.852867609652492],[101.48430649444924,6.850442989752196],[101.48003922213246,6.850067372611193],[101.47665781440668,6.847986906170831],[101.47298326456604,6.848022208158454],[101.47262832913412,6.84450774123934],[101.47002737376437,6.837898602838322],[101.46700637834175,6.835432627613727],[101.45979919617605,6.833500356856007],[101.45650159896968,6.8296455460051675],[101.4517984180626,6.828989387150557],[101.45058010468813,6.82623740143498],[101.45092026785613,6.8247894839475975],[101.4544296625989,6.824307873609541],[101.45626204565696,6.821347080603346],[101.4609644720328,6.824418049553401],[101.47052971257625,6.824338640316057],[101.47755990996194,6.827053466044674],[101.48207721539126,6.826309464110523],[101.48356033863877,6.825032015814941],[101.48904748465378,6.829886938431514],[101.50423703670992,6.849041489872889]]]}},{"type":"Feature","properties":{"subdistrict_code":"940916","subdistrict_th":"ราตาปันยัง","subdistrict_en":"Rata Panyang","district_code":"9409","district_th":"ยะหริ่ง","province_code":"94","province_th":"ปัตตานี"},"geometry":{"type":"Polygon","coordinates":[[[101.37229210429723,6.84237904415761],[101.35917302811282,6.844094802233371],[101.35495918631744,6.8468242176635385],[101.35150108890417,6.840337272846909],[101.33946080077538,6.833688096628407],[101.33841629667484,6.832524911695373],[101.33832330587592,6.82990412897243],[101.33290108911405,6.823442265348319],[101.33523038717271,6.815881935602874],[101.3352606916277,6.808360409805118],[101.34529119912958,6.802820114756514],[101.35606817990265,6.802914223412756],[101.35825677902722,6.803745209573833],[101.35953047355258,6.807217241082867],[101.3599499884013,6.817768329245041],[101.36051528065576,6.819292523631134],[101.36904663179666,6.8277904523675375],[101.37229210429723,6.84237904415761]]]}},{"type":"Feature","properties":{"subdistrict_code":"940112","subdistrict_th":"บาราเฮาะ","subdistrict_en":"Bara Ho","district_code":"9401","district_th":"เมืองปัตตานี","province_code":"94","province_th":"ปัตตานี"},"geometry":{"type":"Polygon","coordinates":[[[101.28966231466416,6.83427314608889],[101.28774343301308,6.839753149688136],[101.28415036804512,6.845251846595488],[101.27565303915651,6.842623335098892],[101.25266967356663,6.843015684126556],[101.25204687776125,6.842194897176796],[101.24890604138079,6.842855898880657],[101.24792278740676,6.842071252086669],[101.24819645740064,6.838101724614944],[101.24953209093331,6.8359164520826425],[101.24709737164642,6.834661753936871],[101.25109640857244,6.833682655730001],[101.25170002183859,6.829318950009565],[101.25088609761536,6.828234084335577],[101.24915544406855,6.828617857428242],[101.24691295936566,6.82324484617277],[101.24466791519217,6.821921434426713],[101.24537123899154,6.818621919865734],[101.24409578898951,6.817160373152774],[101.24351400676608,6.813234924152482],[101.2583536523992,6.815862297107401],[101.25990410878762,6.813341573854586],[101.27544684619505,6.817535082877839],[101.2816691484125,6.817271264956958],[101.28956667895915,6.823075359040615],[101.28487714076749,6.8302356352663764],[101.28593613834215,6.8330428924156195],[101.28966231466416,6.83427314608889]]]}},{"type":"Feature","properties":{"subdistrict_code":"941002","subdistrict_th":"สะดาวา","subdistrict_en":"Sadawa","district_code":"9410","district_th":"ยะรัง","province_code":"94","province_th":"ปัตตานี"},"geometry":{"type":"Polygon","coordinates":[[[101.33290108911405,6.823442265348319],[101.32360025105078,6.8336507576763665],[101.32163060177089,6.843508634915622],[101.30687374772532,6.835645152701659],[101.30286714840025,6.834520337343747],[101.28700066674742,6.833918581177613],[101.28487714076749,6.8302356352663764],[101.28936285840922,6.823479128558972],[101.29036233705227,6.81971019037303],[101.2870557727058,6.8123008469066235],[101.28368418197948,6.8073684620849235],[101.32109405005042,6.807227601272814],[101.32456952956022,6.80679342297816],[101.32867673514329,6.803869378968727],[101.33518740677346,6.803605243587185],[101.33523038717271,6.815881935602874],[101.33290108911405,6.823442265348319]]]}},{"type":"Feature","properties":{"subdistrict_code":"901006","subdistrict_th":"ท่าโพธิ์","subdistrict_en":"Tha Pho","district_code":"9010","district_th":"สะเดา","province_code":"90","province_th":"สงขลา"},"geometry":{"type":"Polygon","coordinates":[[[100.42532612200301,6.839254511586489],[100.42118976669445,6.83993312381466],[100.41353571500133,6.8456654412071885],[100.40438271738856,6.838909105370988],[100.39508244769684,6.8282120824217145],[100.38452247603152,6.828662099576263],[100.3837901212172,6.825992970199479],[100.38005921356194,6.821913718243536],[100.37910103988116,6.813940614068144],[100.37741429573322,6.81090283459821],[100.37635291135786,6.788651343584661],[100.37911364118168,6.787322011601589],[100.3926860053549,6.785091783758844],[100.39412463464424,6.78320330728684],[100.39599740625533,6.7835300453753575],[100.40022336911323,6.780424097294315],[100.40144038476598,6.775740587258326],[100.40392897704072,6.773824101401203],[100.40725565832201,6.7688335133560145],[100.40664581095547,6.766378988299721],[100.40791777428592,6.7655159431063225],[100.40692242173242,6.761729424973055],[100.4124070181694,6.752392580753053],[100.41458462218264,6.745067865289798],[100.41180512620565,6.730792347289025],[100.41617860395945,6.733614820067942],[100.4241188747863,6.734019901697138],[100.42863468194508,6.735604295801636],[100.43214931074215,6.7397262655547365],[100.43574232804605,6.741837513990106],[100.43731076098288,6.744157041814049],[100.43250940018874,6.74846506061408],[100.43295884087786,6.750788263067932],[100.43211446561014,6.752599605587363],[100.43337612270994,6.754989846204467],[100.4347360199514,6.754640358865515],[100.43427622986417,6.75344827241986],[100.43903045718992,6.753801928116559],[100.43851515824804,6.754684892393925],[100.43748785368155,6.754456328796607],[100.43931385155304,6.760205330411736],[100.44203306057733,6.7625970863864495],[100.44174772637655,6.763569708575233],[100.44605912932542,6.764950040212227],[100.44413562156177,6.7676229656274245],[100.44574297176081,6.771381903352221],[100.44424479925812,6.772097547863609],[100.44540497865688,6.7741798354310845],[100.44615505641076,6.774085998370197],[100.44596522301669,6.77527297396864],[100.44728556627592,6.774651555025287],[100.44388686188921,6.780561864438539],[100.44540232565686,6.78093067371168],[100.44484760043645,6.782863806019861],[100.44681277828715,6.78476422279067],[100.44485729243019,6.786305717434971],[100.44499479427441,6.787983310081756],[100.44085761428755,6.788378925447091],[100.44146031564111,6.791115563332653],[100.43974044586497,6.793563220266435],[100.44177384358807,6.796903766395758],[100.44152718563117,6.798571015040352],[100.44285911575565,6.798194011144744],[100.44384929091211,6.799259866050022],[100.44278081808034,6.800665046854476],[100.44304059174999,6.801689557227348],[100.44428930580688,6.801784415918121],[100.44322410380943,6.803875794732164],[100.44411192442584,6.805217914175444],[100.44235774371498,6.806881322714901],[100.44434358169099,6.809445767408306],[100.44452950932947,6.812685444677584],[100.44317407632263,6.812683559698542],[100.44343936643367,6.81517042797293],[100.44451906640188,6.815053972063197],[100.44426268587432,6.816869050366449],[100.44211587644662,6.820718116348019],[100.44044000869951,6.820125603413942],[100.44082717943087,6.821894393611444],[100.43849615377451,6.821997431636191],[100.43717427807053,6.824836827857382],[100.43812007797925,6.827909209642371],[100.43924039762629,6.82685062575581],[100.43934327377315,6.828539723429515],[100.44096050572284,6.829101887841887],[100.44047059644095,6.829870809989927],[100.44507512441754,6.8317207945790415],[100.44591673157197,6.833279933022538],[100.4470652098916,6.833268007112906],[100.44675958788474,6.833982072414756],[100.44965433288121,6.835434000878479],[100.44879448567701,6.836149311741394],[100.44931782186006,6.8388455970467135],[100.44627756475785,6.840162485110625],[100.4434228341965,6.839097728277579],[100.44091097556111,6.842477555894561],[100.43966016158726,6.842740448412997],[100.43135582900834,6.839296534207733],[100.42532612200301,6.839254511586489]]]}},{"type":"Feature","properties":{"subdistrict_code":"940914","subdistrict_th":"สาบัน","subdistrict_en":"Saban","district_code":"9409","district_th":"ยะหริ่ง","province_code":"94","province_th":"ปัตตานี"},"geometry":{"type":"Polygon","coordinates":[[[101.45063745895163,6.824188199026196],[101.4484177603714,6.823674702325718],[101.44541077728559,6.825048489596156],[101.44141082934635,6.834341819219617],[101.43543294037795,6.833651299068265],[101.43044634802061,6.838217024895812],[101.42426266179245,6.838873539882002],[101.41723261279492,6.834984614148652],[101.4314564764353,6.820006853333666],[101.43136422038253,6.810223528992708],[101.432665287573,6.804634800955341],[101.44608929868224,6.808175535272767],[101.46061497570065,6.81407307611164],[101.45063745895163,6.824188199026196]]]}},{"type":"Feature","properties":{"subdistrict_code":"940903","subdistrict_th":"ตันหยงดาลอ","subdistrict_en":"Tanyong Dalo","district_code":"9409","district_th":"ยะหริ่ง","province_code":"94","province_th":"ปัตตานี"},"geometry":{"type":"Polygon","coordinates":[[[101.432665287573,6.804634800955341],[101.43136422038253,6.810223528992708],[101.4314564764353,6.820006853333666],[101.41723261279492,6.834984614148652],[101.41299187857237,6.8335925256745895],[101.41767009519879,6.825426186869095],[101.4222078062453,6.820703550028838],[101.4219808506358,6.818613474332437],[101.42058095964364,6.817487896349405],[101.41605549916204,6.818565780586368],[101.41332549557524,6.816475784030274],[101.41409630719886,6.812961696625052],[101.41917762514737,6.809924288575132],[101.42059064893937,6.806347118224949],[101.42039751773132,6.798024450268201],[101.41696229727228,6.795354995336822],[101.4145464205809,6.7900423816506645],[101.41750600759622,6.788462317781807],[101.41840844939048,6.78675241429255],[101.41845986992712,6.783693845194875],[101.41548189357457,6.782031520338421],[101.4172793856352,6.778601593288954],[101.42437854123676,6.785431270636707],[101.42969882973728,6.7956256759841835],[101.43339571603951,6.797840099141297],[101.42740537325943,6.803247319708078],[101.432665287573,6.804634800955341]]]}},{"type":"Feature","properties":{"subdistrict_code":"940915","subdistrict_th":"มะนังยง","subdistrict_en":"Manang Yong","district_code":"9409","district_th":"ยะหริ่ง","province_code":"94","province_th":"ปัตตานี"},"geometry":{"type":"Polygon","coordinates":[[[101.41299187857237,6.8335925256745895],[101.40974244995414,6.83354891485061],[101.40674730464445,6.828862846243396],[101.4050732058638,6.827947600801167],[101.39766724294896,6.826832669891871],[101.39356476420255,6.827883996249454],[101.38288450641488,6.813012725057263],[101.38031683585336,6.797730585997783],[101.39108968064431,6.801392287224303],[101.40266130057864,6.802238236305584],[101.40754858170175,6.801767110263995],[101.41750198672736,6.795805343441884],[101.41950422384093,6.797043748570161],[101.42088131432126,6.799387932207367],[101.42033998360341,6.807752121862961],[101.41846123329935,6.810644153604869],[101.41409630719886,6.812961696625052],[101.41332549557524,6.816475784030274],[101.41605549916204,6.818565780586368],[101.42058095964364,6.817487896349405],[101.4219808506358,6.818613474332437],[101.4222078062453,6.820703550028838],[101.41767009519879,6.825426186869095],[101.41299187857237,6.8335925256745895]]]}},{"type":"Feature","properties":{"subdistrict_code":"940408","subdistrict_th":"พ่อมิ่ง","subdistrict_en":"Pho Ming","district_code":"9404","district_th":"ปะนาเระ","province_code":"94","province_th":"ปัตตานี"},"geometry":{"type":"Polygon","coordinates":[[[101.57935835420471,6.774456535240972],[101.57699769318907,6.7819151300792555],[101.57169023801413,6.792781722898269],[101.55829882732905,6.797287115907693],[101.5519979378546,6.809323083693414],[101.55143944267621,6.813671296792961],[101.54848636855115,6.819149406420024],[101.54794919000318,6.824004172554567],[101.54911303234064,6.825872709258192],[101.55200811728082,6.825929975388078],[101.55409036078157,6.828079149133487],[101.54823030728289,6.8308874575901655],[101.5440754007592,6.829789345801714],[101.53274471459696,6.820113426593423],[101.53893614218924,6.800893875751797],[101.53911625301271,6.7964521646357525],[101.53845148764611,6.793284641772857],[101.53002496058355,6.781155788408967],[101.53002756591951,6.776455148086654],[101.53431774486808,6.771413593662487],[101.53594723637593,6.7679268015807],[101.54062347179587,6.76898688014046],[101.54861773522038,6.766613392094428],[101.56966128474056,6.769894994858191],[101.5753296684295,6.771482085130174],[101.57935835420471,6.774456535240972]]]}},{"type":"Feature","properties":{"subdistrict_code":"900506","subdistrict_th":"วังใหญ่","subdistrict_en":"Wang Yai","district_code":"9005","district_th":"เทพา","province_code":"90","province_th":"สงขลา"},"geometry":{"type":"Polygon","coordinates":[[[100.90693368833911,6.7899333289599895],[100.90292206809903,6.788882227432907],[100.89976508079388,6.78924099937268],[100.89582610509075,6.7931718541977375],[100.89251186682924,6.7927954690356955],[100.89017268432201,6.796008045235169],[100.88683428307576,6.79672713235135],[100.88728129199808,6.801720434550475],[100.88555868558495,6.800694741569089],[100.87973572282539,6.809111721428849],[100.87316635244525,6.815792241718611],[100.87104026879342,6.820363560429996],[100.85789054011639,6.826370978637783],[100.85133167921367,6.834016478677597],[100.84674182817287,6.827802237083631],[100.83833246377225,6.821288853997487],[100.83071887077932,6.817034905136836],[100.82237704906163,6.814837129330101],[100.82275571760232,6.812258270303005],[100.8205330485614,6.810249231616808],[100.82020809292919,6.807432286970538],[100.81558595622698,6.797710086851055],[100.81565930493304,6.79194348370487],[100.81457749155805,6.787935854656041],[100.80972897211444,6.783042065139227],[100.81303511737684,6.77746682333526],[100.81283447862836,6.775059091803712],[100.81080286336152,6.772068777652009],[100.80565673217251,6.769478815594937],[100.80177943287458,6.760691619023021],[100.7967855326263,6.758255797167351],[100.79578094673337,6.752462869066221],[100.79855552521735,6.749227835895965],[100.80043293283364,6.744038846615524],[100.81001928136482,6.730821123795863],[100.81141383128335,6.717852393573139],[100.81254653459496,6.714472819565003],[100.81526514916737,6.711506686384496],[100.81418212890219,6.7092146652246925],[100.81451168186868,6.706774445684175],[100.81854561698668,6.701229952600272],[100.81910213455592,6.702995542110614],[100.82789104343698,6.711351285333592],[100.83268649118867,6.714504169032239],[100.83742932500343,6.7129589475974285],[100.84192097277474,6.708733241046275],[100.84479021929326,6.709287557075129],[100.85023879968094,6.707711891790439],[100.86694705306411,6.7078706778895025],[100.87437846679285,6.706933681444298],[100.87629926759718,6.708159926839187],[100.88096155812946,6.714428090883757],[100.88480318042252,6.7247860271534705],[100.89773448715692,6.728798982886815],[100.90165703404494,6.731789968832061],[100.90376510337688,6.734760856728201],[100.90442091779119,6.737692187044843],[100.90248845727655,6.758001855601208],[100.89722919137415,6.757726833926313],[100.90229226027964,6.770127503781339],[100.90395723184082,6.781130955429319],[100.90737589218372,6.787669024905597],[100.90693368833911,6.7899333289599895]]]}},{"type":"Feature","properties":{"subdistrict_code":"940301","subdistrict_th":"เกาะเปาะ","subdistrict_en":"Ko Po","district_code":"9403","district_th":"หนองจิก","province_code":"94","province_th":"ปัตตานี"},"geometry":{"type":"Polygon","coordinates":[[[101.19430681320893,6.828011903226809],[101.19225980964256,6.8272825098799785],[101.18941812644545,6.829303636353757],[101.18639356970755,6.829460870223045],[101.18420653000743,6.831942572791547],[101.18320673840032,6.831355005229341],[101.18500636005552,6.8229430525798875],[101.19264856228136,6.818017085320264],[101.19449290991992,6.805549862935891],[101.20840220239978,6.796928362853691],[101.20803220692085,6.798710275958513],[101.21174498244505,6.800968461925038],[101.21030600242011,6.803888026411357],[101.2126048701187,6.805270731359201],[101.21145402838079,6.807235875934964],[101.21172844571129,6.809766250711959],[101.21501675831678,6.81071276917902],[101.2150955326328,6.813714087435244],[101.20677604108147,6.822399620146427],[101.19430681320893,6.828011903226809]]]}},{"type":"Feature","properties":{"subdistrict_code":"940403","subdistrict_th":"บ้านนอก","subdistrict_en":"Ban Nok","district_code":"9404","district_th":"ปะนาเระ","province_code":"94","province_th":"ปัตตานี"},"geometry":{"type":"Polygon","coordinates":[[[101.48356033863877,6.825032015814941],[101.48207721539126,6.826309464110523],[101.47755990996194,6.827053466044674],[101.47052971257625,6.824338640316057],[101.4609644720328,6.824418049553401],[101.45626204565696,6.821347080603346],[101.4544296625989,6.824307873609541],[101.45155733770105,6.824151325923026],[101.45054769132298,6.825983831288852],[101.45041648833035,6.824966591035377],[101.46577275400944,6.808391294322803],[101.46802849202135,6.796057728281596],[101.46891098325534,6.797898655798349],[101.47067140795917,6.798250061391286],[101.50119584341348,6.799387390815468],[101.50135181733259,6.801791738198233],[101.50317541941013,6.805067498965968],[101.50496991223173,6.805303406427129],[101.50392106530501,6.808063013897026],[101.49933378272794,6.811393984045196],[101.49419374714375,6.813304912092065],[101.49231961665703,6.820267430997205],[101.48356033863877,6.825032015814941]]]}},{"type":"Feature","properties":{"subdistrict_code":"901003","subdistrict_th":"พังลา","subdistrict_en":"Phang La","district_code":"9010","district_th":"สะเดา","province_code":"90","province_th":"สงขลา"},"geometry":{"type":"Polygon","coordinates":[[[100.46754629642447,6.815692202033517],[100.46502907423246,6.817259232927313],[100.46370579378743,6.821330999825818],[100.46057101524025,6.826018601777093],[100.45906582083103,6.8256357819657865],[100.44293693319298,6.8309421300753],[100.44047059644095,6.829870809989927],[100.44096050572284,6.829101887841887],[100.43934327377315,6.828539723429515],[100.43924039762629,6.82685062575581],[100.43812007797925,6.827909209642371],[100.43717427807053,6.824836827857382],[100.4377474861576,6.8229710646629655],[100.43849615377451,6.821997431636191],[100.44082717943087,6.821894393611444],[100.44044000869951,6.820125603413942],[100.44211587644662,6.820718116348019],[100.44451906640188,6.815053972063197],[100.44343936643367,6.81517042797293],[100.44317407632263,6.812683559698542],[100.44452950932947,6.812685444677584],[100.44434358169099,6.809445767408306],[100.44235774371498,6.806881322714901],[100.44411192442584,6.805217914175444],[100.44322410380943,6.803875794732164],[100.44428930580688,6.801784415918121],[100.44304059174999,6.801689557227348],[100.44278081808034,6.800665046854476],[100.44384929091211,6.799259866050022],[100.44285911575565,6.798194011144744],[100.44152718563117,6.798571015040352],[100.44177384358807,6.796903766395758],[100.43974044586497,6.793563220266435],[100.44146031564111,6.791115563332653],[100.44085761428755,6.788378925447091],[100.44499479427441,6.787983310081756],[100.44485729243019,6.786305717434971],[100.44681277828715,6.78476422279067],[100.44484760043645,6.782863806019861],[100.44540232565686,6.78093067371168],[100.44388686188921,6.780561864438539],[100.44728556627592,6.774651555025287],[100.44596522301669,6.77527297396864],[100.44615505641076,6.774085998370197],[100.44540497865688,6.7741798354310845],[100.44424479925812,6.772097547863609],[100.44574297176081,6.771381903352221],[100.44413562156177,6.7676229656274245],[100.44603064240027,6.765637417233052],[100.44590261761175,6.764605729370942],[100.44174772637655,6.763569708575233],[100.44203306057733,6.7625970863864495],[100.43965411994174,6.760741837166108],[100.43748785368155,6.754456328796607],[100.43851515824804,6.754684892393925],[100.43903045718992,6.753801928116559],[100.43427622986417,6.75344827241986],[100.4347360199514,6.754640358865515],[100.43305928885513,6.7548228151208605],[100.43211446561014,6.752599605587363],[100.43295884087786,6.750788263067932],[100.43250940018874,6.74846506061408],[100.43710213355666,6.744449400619374],[100.43940700063263,6.740822914146236],[100.44215733519292,6.741690306662349],[100.44465228657384,6.740225543973736],[100.44447515610364,6.738736886298341],[100.44789450083061,6.737946918215755],[100.44944373683904,6.738550487415125],[100.4507741983706,6.735356511893542],[100.45478980080873,6.7324204853172205],[100.45721465543204,6.733170638614126],[100.46005762555905,6.731751124414927],[100.46384698465067,6.733344971293434],[100.47169107658198,6.734333695843418],[100.47488143503028,6.739006199076869],[100.47687344595283,6.73981858995603],[100.48979765343904,6.736223120200862],[100.49688016258949,6.73755353856501],[100.50070977893319,6.734932737855615],[100.49930156741345,6.743986950337558],[100.4995097217963,6.7515551068827335],[100.49807969991826,6.754387945247515],[100.49603110365257,6.7560333754399835],[100.49479915295859,6.759910436417556],[100.49610829696041,6.7691829530309064],[100.4986094446702,6.771501024852455],[100.49452280658232,6.777052511963916],[100.48612408655742,6.778884082934155],[100.48041192387126,6.787305459579329],[100.47411824066432,6.789947153338517],[100.47488842006459,6.798318801071844],[100.4711270667608,6.8061192605954375],[100.46713193828839,6.81145502103243],[100.46754629642447,6.815692202033517]]]}},{"type":"Feature","properties":{"subdistrict_code":"940407","subdistrict_th":"คอกกระบือ","subdistrict_en":"Khok Krabue","district_code":"9404","district_th":"ปะนาเระ","province_code":"94","province_th":"ปัตตานี"},"geometry":{"type":"Polygon","coordinates":[[[101.53274471459696,6.820113426593423],[101.52823873612886,6.817355204079433],[101.51808997856972,6.818132383802492],[101.5164164724423,6.822533372717032],[101.51324813479363,6.824650001796215],[101.51130626107516,6.824630746411856],[101.5016145740534,6.8099734320283005],[101.50392106530501,6.808063013897026],[101.5074181663154,6.801677868738693],[101.51195517409207,6.79674747681463],[101.51479536711258,6.788161704998743],[101.51772274221082,6.783316490563664],[101.52385751341359,6.780774437190587],[101.52625784442404,6.77826363885589],[101.53002756591951,6.776455148086654],[101.53002496058355,6.781155788408967],[101.53845148764611,6.793284641772857],[101.53911625301271,6.7964521646357525],[101.53893614218924,6.800893875751797],[101.53274471459696,6.820113426593423]]]}},{"type":"Feature","properties":{"subdistrict_code":"900307","subdistrict_th":"น้ำขาว","subdistrict_en":"Nam Khao","district_code":"9003","district_th":"จะนะ","province_code":"90","province_th":"สงขลา"},"geometry":{"type":"Polygon","coordinates":[[[100.69341436657982,6.80680954962105],[100.68668725331418,6.80501894816598],[100.67707029275988,6.804328997285438],[100.65331104067207,6.80796501117635],[100.6374990894115,6.8142253574143865],[100.62716957261773,6.816117933895555],[100.62254559860054,6.819839243086619],[100.61904759736876,6.82111299157134],[100.61167519715269,6.821538366402535],[100.6096535535687,6.824184427269529],[100.60673013908473,6.825513264625499],[100.5989117263951,6.826353083927756],[100.5892992507599,6.819008270415395],[100.59392825828257,6.813631827347024],[100.59651388111081,6.796571624281057],[100.58602941202781,6.795091976913227],[100.58051467391311,6.787557040425099],[100.59053419709556,6.783084312591029],[100.60580779619289,6.78514717120504],[100.61345820922901,6.787887699557757],[100.63123206840527,6.796497205381797],[100.63527882605706,6.797891931567449],[100.64315113421753,6.798796095563432],[100.65350738605707,6.797923851204814],[100.6683698268061,6.794294360096671],[100.68070866827048,6.787736165591639],[100.68447860380456,6.789933927908521],[100.68282579197677,6.791744737129989],[100.6864013714262,6.795186463284722],[100.68532857285544,6.801765069702242],[100.68994531092744,6.803635980616036],[100.69243134822818,6.803597762127083],[100.69341436657982,6.80680954962105]]]}},{"type":"Feature","properties":{"subdistrict_code":"940113","subdistrict_th":"ปุยุด","subdistrict_en":"Puyut","district_code":"9401","district_th":"เมืองปัตตานี","province_code":"94","province_th":"ปัตตานี"},"geometry":{"type":"Polygon","coordinates":[[[101.28368418197948,6.8073684620849235],[101.2870557727058,6.8123008469066235],[101.29036233705227,6.81971019037303],[101.28956667895915,6.823075359040615],[101.2816691484125,6.817271264956958],[101.27544684619505,6.817535082877839],[101.25990410878762,6.813341573854586],[101.2583536523992,6.815862297107401],[101.24351400676608,6.813234924152482],[101.24378794205995,6.811490191719031],[101.2460891632843,6.8089857803695395],[101.25139679382704,6.806013717958763],[101.25194004279882,6.802999414391536],[101.27994919140212,6.803741633869379],[101.28368418197948,6.8073684620849235]]]}},{"type":"Feature","properties":{"subdistrict_code":"940310","subdistrict_th":"ปุโละปุโย","subdistrict_en":"Pulo Puyo","district_code":"9403","district_th":"หนองจิก","province_code":"94","province_th":"ปัตตานี"},"geometry":{"type":"Polygon","coordinates":[[[101.20840220239978,6.796928362853691],[101.19449290991992,6.805549862935891],[101.19243117096181,6.818451885945819],[101.18500636005552,6.8229430525798875],[101.18352585113718,6.814321931112261],[101.184020971091,6.809087910079029],[101.18566199640406,6.804905667762398],[101.18539960660661,6.8013299597099035],[101.17771365955781,6.77367422668425],[101.1744478084197,6.764931593318408],[101.18523066806097,6.7613318086161485],[101.18959139342815,6.757392385949913],[101.19097705804484,6.75258835596793],[101.19241902471828,6.739693583292308],[101.20277122061538,6.753520506865925],[101.20809241922984,6.757172133886911],[101.20903439162396,6.759128314919849],[101.21148526183543,6.774966317741416],[101.20790702578864,6.777941353310837],[101.20797254769496,6.783519022385008],[101.2096192261464,6.789029034562361],[101.21133483043815,6.785483366564165],[101.21198112732725,6.7906188245991075],[101.21373402740352,6.791960251564433],[101.20805819373072,6.794248577409974],[101.20840220239978,6.796928362853691]]]}},{"type":"Feature","properties":{"subdistrict_code":"901007","subdistrict_th":"ปาดังเบซาร์","subdistrict_en":"Padang Besa","district_code":"9010","district_th":"สะเดา","province_code":"90","province_th":"สงขลา"},"geometry":{"type":"Polygon","coordinates":[[[100.2695625561671,6.781523799983404],[100.26788939537937,6.781874951967495],[100.26548325115118,6.784886369610319],[100.26399887514805,6.781740676890763],[100.26063079627431,6.780084436847346],[100.25963444457403,6.777996505134638],[100.25809676755182,6.7783695978786795],[100.25503840170092,6.7815327374459],[100.25069695420115,6.7827337928302995],[100.24753064722165,6.785458540779075],[100.24542369484772,6.786075839028797],[100.24356413157949,6.7853507246562685],[100.23694344678267,6.787854624291526],[100.2360485979645,6.7888376903072185],[100.23690067772418,6.789930344110132],[100.23656488526132,6.795951717997411],[100.22944641941677,6.802627408028513],[100.22849681987242,6.808144446608992],[100.22735586797899,6.809801280204965],[100.22315740009401,6.8119977645852146],[100.2182459218119,6.812686215396582],[100.21266577600483,6.811493988656707],[100.20771188659432,6.814682580836461],[100.20248446298763,6.8159290169106725],[100.19550732380401,6.825354073831477],[100.19626776264721,6.814384895346677],[100.19123334524272,6.809526749559893],[100.19357180469507,6.806792745788641],[100.19306339815734,6.804842431932741],[100.19166028939088,6.804356937422767],[100.19276268195227,6.802491398159532],[100.1927120393292,6.798924718401054],[100.1958863988383,6.795329454590728],[100.1925347406858,6.7930662081390665],[100.19257525964059,6.790919241329959],[100.19718978538037,6.783789667059523],[100.1993605167745,6.783373645177619],[100.19924203379287,6.776561545978609],[100.21267506600157,6.769004888165114],[100.2141310018443,6.765663684631363],[100.21289921932356,6.7632027923750115],[100.2137423391377,6.758334940205373],[100.20666845088834,6.749880953243462],[100.20691644613714,6.731950263993554],[100.20600838537877,6.728519106671456],[100.20390274331703,6.725530665807639],[100.20700615171262,6.7206431220824925],[100.21158253540574,6.721070466428955],[100.21418306359755,6.719666137282445],[100.21520918375688,6.713358120680766],[100.21821021063278,6.7096634880795705],[100.21784672894347,6.704681628854132],[100.2190937639661,6.70208794989901],[100.22450400535564,6.697338192203858],[100.2277883834272,6.6975004793636685],[100.22908214902202,6.696642238348659],[100.22828668788043,6.6943553091502395],[100.23181143674844,6.695252787586128],[100.2375848162863,6.692900249247145],[100.2400830879642,6.693076109874596],[100.24269104275749,6.694034699941483],[100.24350772070483,6.696377592152203],[100.2491704017927,6.698211611077056],[100.25049950894527,6.7027234702120495],[100.25321441021691,6.704798655833372],[100.25256658358103,6.708162147265341],[100.25454067371317,6.709499859131256],[100.2565445808678,6.709011723312415],[100.25740114644583,6.711087298340203],[100.26145201669726,6.706756217325619],[100.26313721041402,6.703594961838064],[100.26365325129655,6.6993618907387145],[100.26454751915276,6.6992999553287405],[100.26609690894526,6.699399405957877],[100.2698414116519,6.703229759745682],[100.27417368516751,6.704336879143682],[100.2763189477613,6.70702470992245],[100.28008592272721,6.70706633594267],[100.28366598529703,6.708925686970929],[100.28673311773923,6.7080350235975175],[100.28913040634325,6.710211421619874],[100.29053834536842,6.710261417630363],[100.29490897676794,6.705202844435746],[100.29159258193215,6.699443831567635],[100.28994209844916,6.692274651154264],[100.29063771955515,6.6878362225636465],[100.29475010793118,6.679873573906377],[100.29749237197547,6.678709307088923],[100.30021217095498,6.68060587566066],[100.30197495997646,6.679763531961498],[100.30456660556445,6.672111783432115],[100.30721535180709,6.668111907438629],[100.31142085059184,6.666834047253531],[100.31626209811742,6.667383011416916],[100.31916241801122,6.664913089967172],[100.32428404627177,6.665884589802033],[100.32697980097709,6.664517958437102],[100.32596438634744,6.6604826302692],[100.319619299691,6.654155376269671],[100.32163831725461,6.647701745938889],[100.32156736434246,6.6435694753510575],[100.3176342711048,6.640059640839809],[100.31653163932373,6.636966751814214],[100.31759176464828,6.635339437565051],[100.32125601455351,6.635667702702392],[100.32385169090287,6.624913338080148],[100.32533108825919,6.623241375189366],[100.32718332834799,6.630579152406028],[100.33149077697783,6.630256168987046],[100.33719034196076,6.633230093893758],[100.33971235843865,6.633333511432454],[100.34150163069575,6.631923503067242],[100.34164219473155,6.630598496823211],[100.34410398271268,6.629550391837142],[100.34889890436102,6.6298403503519125],[100.34687144665997,6.6342863278517825],[100.34680577456692,6.639036159291379],[100.34553719268735,6.639530227937712],[100.34460844842124,6.641728397647455],[100.34509173689418,6.6460853170837595],[100.37032361084601,6.677622602301312],[100.3736199031361,6.67433615039306],[100.37501993891908,6.675960947439819],[100.37493370202878,6.6795986970223],[100.37788857120069,6.682994227701499],[100.37971791095288,6.688208954679567],[100.38413468836524,6.690745708347833],[100.39070959407258,6.697738738552005],[100.38430486078079,6.702184216028797],[100.3823728859,6.701524955412424],[100.37748902130136,6.70281551942071],[100.37010579774443,6.70192446394293],[100.36659171213785,6.702393501758763],[100.36569925191901,6.710704540582128],[100.35913100659076,6.708638787949781],[100.3517591306794,6.7098534851502905],[100.34936473159712,6.711271458810813],[100.34641391207242,6.710397242238969],[100.34477628619669,6.7137880379876265],[100.3420513332025,6.714053816430521],[100.34176267780538,6.719718800682131],[100.3399091867596,6.725334065015147],[100.3394305136074,6.729203336964474],[100.34187808240762,6.732726173873857],[100.34205174059542,6.736460185988847],[100.340391194598,6.737093847403173],[100.33061461517241,6.735169379163551],[100.33157993936277,6.74145441628832],[100.32815294140516,6.745593921022703],[100.32481565711691,6.7459398731267015],[100.32128100671315,6.743980737820834],[100.317325591403,6.743232314819522],[100.31258177103194,6.746395165704371],[100.30686659022103,6.744324206896692],[100.30382833231175,6.746344022158951],[100.29650782477637,6.746783501957111],[100.29013612987853,6.749168195555853],[100.28895950277888,6.750462886553009],[100.28872495958927,6.7614009655821405],[100.28048639533097,6.767187635301184],[100.27619374504536,6.775469590948887],[100.27304660621598,6.779330564853751],[100.27013000859307,6.780390833170486],[100.2695625561671,6.781523799983404]]]}},{"type":"Feature","properties":{"subdistrict_code":"940312","subdistrict_th":"ลิปะสะโง","subdistrict_en":"Lipa Sa-Ngo","district_code":"9403","district_th":"หนองจิก","province_code":"94","province_th":"ปัตตานี"},"geometry":{"type":"Polygon","coordinates":[[[101.2501643053385,6.806913213573978],[101.24865270056176,6.807349048419894],[101.24412541895299,6.805173526337228],[101.24197436292656,6.805324741943309],[101.2367266838894,6.812472063435052],[101.23475409832304,6.8135797583991575],[101.23319630166804,6.813204765387638],[101.22625885136495,6.8188666550720995],[101.21299030425922,6.819780633369589],[101.21173800190735,6.816662230577549],[101.2150955326328,6.813714087435244],[101.21530377694779,6.811426140204276],[101.21462585270098,6.81051682219362],[101.21196953956269,6.81020356494264],[101.21145402838079,6.807235875934964],[101.2126048701187,6.805270731359201],[101.21030600242011,6.803888026411357],[101.21174498244505,6.800968461925038],[101.20784835761566,6.798181170624559],[101.20882164620207,6.795888033406072],[101.20805819373072,6.794248577409974],[101.21373402740352,6.791960251564433],[101.21198112732725,6.7906188245991075],[101.21133483043815,6.785483366564165],[101.2096192261464,6.789029034562361],[101.20788086630898,6.782748253928844],[101.20790702578864,6.777941353310837],[101.21146155840427,6.775346086152979],[101.21040603491065,6.771676317108415],[101.21152338229831,6.768940731429666],[101.21277095781352,6.768493247665276],[101.21570784324246,6.770647096086691],[101.21762975291085,6.767245129858907],[101.22098812540173,6.766029813025511],[101.22328726379624,6.767021560196895],[101.22277437323879,6.769246200551777],[101.22523030393546,6.767633005658752],[101.227547233618,6.768557980866149],[101.22428276743585,6.775463816402066],[101.22153295178435,6.778013665997946],[101.22405926792095,6.784283956939134],[101.23015033207224,6.789683598918998],[101.23014810175357,6.793616884611595],[101.23122889799532,6.794135627956905],[101.23813912492074,6.795741005942716],[101.24811816781926,6.7954704997637805],[101.25472252992085,6.797783792588007],[101.25133606710585,6.800620938705379],[101.25194004279882,6.802999414391536],[101.25130503240138,6.8041514882006595],[101.25205218555999,6.804868892685306],[101.2501643053385,6.806913213573978]]]}},{"type":"Feature","properties":{"subdistrict_code":"900505","subdistrict_th":"ท่าม่วง","subdistrict_en":"Tha Muang","district_code":"9005","district_th":"เทพา","province_code":"90","province_th":"สงขลา"},"geometry":{"type":"Polygon","coordinates":[[[101.02938674330363,6.778544567278004],[100.9971889609019,6.803520900669071],[100.97688020335875,6.817797868376999],[100.97500081903263,6.82049577875722],[100.9712295641931,6.816214521083339],[100.963799718882,6.814868877197],[100.9635697091748,6.811274354427951],[100.96772650877142,6.81141961742145],[100.96812852371244,6.8105364939640936],[100.96366139235943,6.808796770754441],[100.9629043565509,6.80752507542195],[100.96602568124024,6.799590301251442],[100.96491127103837,6.799472207676274],[100.96345753493733,6.801615718390735],[100.96231870544398,6.801819804240608],[100.96059481929552,6.7970124926324615],[100.96151218713777,6.795310212696222],[100.9649846341336,6.795543634431226],[100.96788829770685,6.792417822124833],[100.96432423587487,6.78931090457462],[100.96790786335725,6.788328995087113],[100.96700023607212,6.783091778762639],[100.97050018073878,6.779821728689853],[100.97096115343453,6.773764157989547],[100.9705362282644,6.7711564541071425],[100.96961039240574,6.770616622559146],[100.96763196214539,6.77410651370468],[100.96538027198204,6.774194733600098],[100.96351765281747,6.772087253324116],[100.96318678863946,6.766446483318589],[100.95852459883122,6.763670491100356],[100.95428748258132,6.762570965577652],[100.95445365301373,6.758626735135749],[100.9556980629153,6.756303859135812],[100.96025673715877,6.7569794298568695],[100.96356572337947,6.755574928939893],[100.96150966094217,6.753410557551263],[100.9602775061021,6.749359518227209],[100.95861249497074,6.742797383792265],[100.95973203760349,6.740637892125051],[100.95844921765735,6.739718460338736],[100.95360580186633,6.730699128062383],[100.95411146996844,6.726970523570856],[100.95183325520065,6.726594810202357],[100.95086451628447,6.725474763049931],[100.95086260702374,6.724547219378735],[100.95352580087507,6.724823365206191],[100.95443112139918,6.722943744358361],[100.95255951171214,6.720492060260426],[100.95207955163005,6.717775738959233],[100.95390768898869,6.7203855355640485],[100.95576452011659,6.72111835532786],[100.95448586043415,6.717260132449212],[100.9571304608022,6.718669432148602],[100.95766571929755,6.716478953440969],[100.95971786518737,6.716094418622561],[100.95965054103971,6.712616740270391],[100.95802003059998,6.711581847224522],[100.95711643857283,6.708226164605833],[100.96015814268418,6.708530172329631],[100.96176685715477,6.710194340796249],[100.96331544385271,6.708344354408496],[100.96523122464134,6.711104906166554],[100.96570132995248,6.709660427686629],[100.96817193758488,6.710114432435148],[100.96935070956766,6.709353653648236],[100.9708916241492,6.706025778067271],[100.96890139478359,6.704500765298121],[100.9688783307704,6.703330905596886],[100.97163874942879,6.703479737999544],[100.97218885483187,6.70260960075251],[100.97145205376933,6.700760869818339],[100.9745324916812,6.697713013444854],[100.97755811681373,6.697204161742718],[100.98321342975606,6.699335915620054],[100.99106954742172,6.700482264345055],[100.99363364317816,6.700035079155612],[100.99979379864493,6.696498831555857],[101.00489038977975,6.695362098382191],[101.00635562371315,6.694021382780647],[101.01884047460828,6.694558010943524],[101.02392216757403,6.6883216802014545],[101.03091928159961,6.684752324060582],[101.03591159184657,6.684158755322358],[101.04315219731609,6.6860597575518455],[101.05102433640405,6.678797169953498],[101.05859528444489,6.677954497102405],[101.06214914256896,6.681945390667295],[101.07294698401614,6.685962095674199],[101.06721199114054,6.687150076714715],[101.06154669392487,6.690167919114231],[101.06309450540715,6.701443864442865],[101.06081288041014,6.706131864793747],[101.05878682565157,6.707221265748842],[101.0578869703075,6.710290880319917],[101.0456011429784,6.7153953576097365],[101.04321670029054,6.717900744723636],[101.04254919379031,6.720140235583472],[101.02711275714807,6.7213564904097325],[101.02064711457274,6.723447306248261],[101.01878636240076,6.725607224194107],[101.0200234805992,6.728045351012213],[101.02352702974866,6.72999353257552],[101.02450109355067,6.734207229580022],[101.03157814021904,6.7398016620171575],[101.03243027034074,6.745991469930459],[101.0312962153481,6.74864960059864],[101.0295397107891,6.749444857594142],[101.02817376111022,6.755328617221949],[101.0332131202893,6.760889309793868],[101.0279067137239,6.76713023607158],[101.02938674330363,6.778544567278004]]]}},{"type":"Feature","properties":{"subdistrict_code":"901005","subdistrict_th":"ทุ่งหมอ","subdistrict_en":"Thung Mo","district_code":"9010","district_th":"สะเดา","province_code":"90","province_th":"สงขลา"},"geometry":{"type":"Polygon","coordinates":[[[100.37890600840564,6.817227369947204],[100.37612561760324,6.81889558356437],[100.37102894103288,6.818295458768432],[100.36963476343362,6.817015226171804],[100.36730100383829,6.811034040288803],[100.36955365807489,6.808398389973775],[100.3646116118365,6.795424274610639],[100.35622933771384,6.783078370770227],[100.3469979902651,6.7790027700618225],[100.3435193694234,6.781262919248377],[100.34167709472223,6.7813064032679335],[100.34182144760177,6.783016863437524],[100.33792650540397,6.784153369982107],[100.33596952667239,6.786917847280904],[100.33606560844112,6.788472725635813],[100.33452254537923,6.788839970987908],[100.33396485059745,6.790165161592995],[100.33244699643183,6.790251859835507],[100.32945723896046,6.788273741639898],[100.32124075125972,6.791370652433727],[100.32146902167807,6.79012947919216],[100.31926311689938,6.788708830947826],[100.31612137580089,6.788607711176951],[100.31333957486157,6.791607807254536],[100.30976269769042,6.79280372930873],[100.30740612139545,6.791668875718074],[100.3067113924169,6.790185161615966],[100.30740994621209,6.788580967137989],[100.30518484270641,6.7885705691765],[100.30348204565996,6.787375428633197],[100.30117460382496,6.789011492386521],[100.30030587491626,6.788038556334357],[100.29928111363256,6.789679031262324],[100.29641593384832,6.790343509745242],[100.29185009920275,6.785928248589869],[100.27795767620586,6.787156485083756],[100.2763919996911,6.785916785831034],[100.27589938165119,6.783518895580642],[100.27371465860466,6.7831888776646],[100.27211109904806,6.781348119220354],[100.26957931143613,6.781268547205741],[100.27304660621598,6.779330564853751],[100.27619374504536,6.775469590948887],[100.28048639533097,6.767187635301184],[100.28872495958927,6.7614009655821405],[100.28895950277888,6.750462886553009],[100.2911368298009,6.748486125434397],[100.29650782477637,6.746783501957111],[100.30382833231175,6.746344022158951],[100.30686659022103,6.744324206896692],[100.31258177103194,6.746395165704371],[100.317325591403,6.743232314819522],[100.32128100671315,6.743980737820834],[100.32481565711691,6.7459398731267015],[100.32766670855182,6.74581172962769],[100.3313976530793,6.742201022659117],[100.33061461517241,6.735169379163551],[100.34185080956729,6.736794224773689],[100.34187808240762,6.732726173873857],[100.3394305136074,6.729203336964474],[100.3399091867596,6.725334065015147],[100.34176267780538,6.719718800682131],[100.3420513332025,6.714053816430521],[100.34477628619669,6.7137880379876265],[100.34668253776897,6.710218456116877],[100.34936473159712,6.711271458810813],[100.3517591306794,6.7098534851502905],[100.35913100659076,6.708638787949781],[100.36569925191901,6.710704540582128],[100.36659171213785,6.702393501758763],[100.37010579774443,6.70192446394293],[100.37748902130136,6.70281551942071],[100.3823728859,6.701524955412424],[100.38430486078079,6.702184216028797],[100.39070959407258,6.697738738552005],[100.40554081575613,6.696337194605917],[100.40503561620079,6.699575080425689],[100.4025330205825,6.704589501404428],[100.40249202138972,6.7072551908744344],[100.40967728707722,6.719108112449476],[100.41458462218264,6.745067865289798],[100.4124070181694,6.752392580753053],[100.40692242173242,6.761729424973055],[100.40791777428592,6.7655159431063225],[100.40664581095547,6.766378988299721],[100.40725565832201,6.7688335133560145],[100.40392897704072,6.773824101401203],[100.40144038476598,6.775740587258326],[100.40022336911323,6.780424097294315],[100.39553921066607,6.783750329813927],[100.39412463464424,6.78320330728684],[100.3926860053549,6.785091783758844],[100.37911364118168,6.787322011601589],[100.37635291135786,6.788651343584661],[100.37741429573322,6.81090283459821],[100.37910103988116,6.813940614068144],[100.37890600840564,6.817227369947204]]]}},{"type":"Feature","properties":{"subdistrict_code":"940905","subdistrict_th":"ตอหลัง","subdistrict_en":"Tolang","district_code":"9409","district_th":"ยะหริ่ง","province_code":"94","province_th":"ปัตตานี"},"geometry":{"type":"Polygon","coordinates":[[[101.46802849202135,6.796057728281596],[101.46577275400944,6.808391294322803],[101.46061497570065,6.81407307611164],[101.44608929868224,6.808175535272767],[101.42740537325943,6.803247319708078],[101.4416980296404,6.790345833593392],[101.44647237659893,6.7940877993125355],[101.45102283373683,6.795676951730002],[101.46230431079539,6.796248423226189],[101.46616723263173,6.794326282432053],[101.46751135036857,6.794382702299913],[101.46802849202135,6.796057728281596]]]}},{"type":"Feature","properties":{"subdistrict_code":"940307","subdistrict_th":"บ่อทอง","subdistrict_en":"Bo Thong","district_code":"9403","district_th":"หนองจิก","province_code":"94","province_th":"ปัตตานี"},"geometry":{"type":"Polygon","coordinates":[[[101.15585913289272,6.811535677629479],[101.1510046689304,6.8016140105781915],[101.09384820772868,6.813621478848233],[101.0933226538175,6.811049558990021],[101.09561866257127,6.802288699963583],[101.09286065319662,6.799915716437226],[101.09016929707548,6.800142050615193],[101.08667133901116,6.802472010574888],[101.08454409613319,6.802043856838566],[101.08443146144288,6.799387070656849],[101.08666596736055,6.7953302379002025],[101.08564457763521,6.792844611589601],[101.08891210241165,6.79096259764583],[101.09491513822309,6.7909824537772465],[101.0986291656036,6.7919760616459826],[101.10311611171926,6.789245128160189],[101.10570207179325,6.791318785833369],[101.11150032657889,6.788462309687873],[101.11542004240107,6.790353812378612],[101.11838993744573,6.7865044613118926],[101.12207250923899,6.783680296008924],[101.12427490306436,6.783223176908109],[101.12389258777279,6.779300907011304],[101.13201416372272,6.775930115782273],[101.13497168229736,6.773300051156468],[101.13783381427919,6.774431022373847],[101.14353972128117,6.771505192310826],[101.14669237025674,6.769312658652325],[101.14778805837227,6.764909338695077],[101.15234375226242,6.762016782648459],[101.16026742430228,6.7605426472254635],[101.16247951192003,6.762816795258971],[101.16602716022533,6.762551011420101],[101.1744478084197,6.764931593318408],[101.18249785409273,6.790079591999643],[101.18566199640406,6.804905667762398],[101.1753062041181,6.805622749390409],[101.15585913289272,6.811535677629479]]]}},{"type":"Feature","properties":{"subdistrict_code":"901009","subdistrict_th":"เขามีเกียรติ","subdistrict_en":"Khao Mi Kiat","district_code":"9010","district_th":"สะเดา","province_code":"90","province_th":"สงขลา"},"geometry":{"type":"Polygon","coordinates":[[[100.58051467391311,6.787557040425099],[100.5742527502643,6.787014492025207],[100.56697419520299,6.787862650740806],[100.56369562315456,6.789685754593961],[100.55682518223642,6.796330621261234],[100.55113095113256,6.797781054152381],[100.5491476951101,6.797505943444605],[100.54585867743606,6.794867448573939],[100.54360251944075,6.7950057634053],[100.53670405205042,6.803276544077278],[100.5289613137137,6.805882270350537],[100.52063343058842,6.810526666172734],[100.48750578426461,6.812311760179625],[100.48375017582998,6.811811518586751],[100.4817069512149,6.814501343162533],[100.47969524244155,6.814751955438453],[100.4719956607712,6.814857995400189],[100.47152428831532,6.811221242266583],[100.46754629642447,6.815692202033517],[100.46713193828839,6.81145502103243],[100.4711270667608,6.8061192605954375],[100.47488842006459,6.798318801071844],[100.47411824066432,6.789947153338517],[100.48041192387126,6.787305459579329],[100.48612408655742,6.778884082934155],[100.49452280658232,6.777052511963916],[100.4986094446702,6.771501024852455],[100.49610829696041,6.7691829530309064],[100.49484495093378,6.759174410570665],[100.49603110365257,6.7560333754399835],[100.49807969991826,6.754387945247515],[100.4995097217963,6.7515551068827335],[100.49930156741345,6.743986950337558],[100.50070977893319,6.734932737855615],[100.50339644329131,6.733482108012936],[100.51188560723506,6.733025816288432],[100.51545666399392,6.736206389213521],[100.52238223785008,6.739079191651399],[100.52457545499334,6.7382302199487185],[100.52546792330605,6.732361916968955],[100.5416396834247,6.7280174936124695],[100.54494148496161,6.725035346204322],[100.54752147083929,6.727107632411332],[100.55429365003198,6.737401836425647],[100.55091627036967,6.742573800640457],[100.5520237081277,6.749114506929004],[100.5541272448765,6.7517138534116725],[100.55420191198868,6.758634240877541],[100.5632653955816,6.7610801459320555],[100.56761477959844,6.765622046020667],[100.56775457831122,6.768823316842656],[100.5705765663555,6.773067719399762],[100.57787166894241,6.7765142542294825],[100.58072462244343,6.782931551949616],[100.58051467391311,6.787557040425099]]]}},{"type":"Feature","properties":{"subdistrict_code":"940901","subdistrict_th":"ตะโละ","subdistrict_en":"Talo","district_code":"9409","district_th":"ยะหริ่ง","province_code":"94","province_th":"ปัตตานี"},"geometry":{"type":"Polygon","coordinates":[[[101.34529119912958,6.802820114756514],[101.3352606916277,6.808360409805118],[101.33595067128653,6.794419307405178],[101.33367502768044,6.770052119909451],[101.35277519981565,6.76850821058548],[101.36309178705636,6.765384359700477],[101.36752787291306,6.763085763597132],[101.37190538142829,6.783358228099814],[101.36841823321492,6.786196426423999],[101.3609156759178,6.789497075929376],[101.35263697221853,6.796346646280767],[101.34577864966502,6.800445818219998],[101.34529119912958,6.802820114756514]]]}},{"type":"Feature","properties":{"subdistrict_code":"941003","subdistrict_th":"ประจัน","subdistrict_en":"Prachan","district_code":"9410","district_th":"ยะรัง","province_code":"94","province_th":"ปัตตานี"},"geometry":{"type":"Polygon","coordinates":[[[101.32645866793325,6.80509577275177],[101.32456952956022,6.80679342297816],[101.32109405005042,6.807227601272814],[101.28368418197948,6.8073684620849235],[101.27994919140212,6.803741633869379],[101.25194004279882,6.802999414391536],[101.25102460040506,6.801704842104812],[101.25601533234175,6.796128671301176],[101.2652000661302,6.795838348561006],[101.26664963207492,6.792306281909418],[101.26953945867916,6.7906244624490455],[101.27099131879436,6.786143273793073],[101.29696387078604,6.7856712610199565],[101.3062527325776,6.786816366881851],[101.31002930690704,6.788387548146886],[101.30970767157186,6.792878602365647],[101.31131516206511,6.802844816435197],[101.32645866793325,6.80509577275177]]]}},{"type":"Feature","properties":{"subdistrict_code":"940406","subdistrict_th":"ท่าน้ำ","subdistrict_en":"Tha Nam","district_code":"9404","district_th":"ปะนาเระ","province_code":"94","province_th":"ปัตตานี"},"geometry":{"type":"Polygon","coordinates":[[[101.50496991223173,6.805303406427129],[101.50317541941013,6.805067498965968],[101.50112659921325,6.800640032211788],[101.50312190615108,6.78839101323473],[101.5020541455824,6.7854863918835235],[101.49900579278318,6.783787204715793],[101.50076881113176,6.772050017794129],[101.50487657879114,6.765311047866589],[101.51169576105059,6.746709208962898],[101.5155078352185,6.742616425807455],[101.51879231941007,6.743158684625655],[101.52149303297716,6.743901067780087],[101.52769249241464,6.7498969818602745],[101.52906456467798,6.752040989000477],[101.52848211066095,6.7579939199834484],[101.5358344685859,6.768622709570423],[101.53002756591951,6.776455148086654],[101.52625784442404,6.77826363885589],[101.52385751341359,6.780774437190587],[101.51772274221082,6.783316490563664],[101.51479536711258,6.788161704998743],[101.51195517409207,6.79674747681463],[101.50496991223173,6.805303406427129]]]}},{"type":"Feature","properties":{"subdistrict_code":"941004","subdistrict_th":"สะนอ","subdistrict_en":"Sano","district_code":"9410","district_th":"ยะรัง","province_code":"94","province_th":"ปัตตานี"},"geometry":{"type":"Polygon","coordinates":[[[101.33518740677346,6.803605243587185],[101.32867673514329,6.803869378968727],[101.32645866793325,6.80509577275177],[101.31131516206511,6.802844816435197],[101.3097186675825,6.790326183406705],[101.31369390305122,6.7714599725997004],[101.32385193891588,6.771258412046109],[101.33460983157852,6.779114653818283],[101.33595067128653,6.794419307405178],[101.33518740677346,6.803605243587185]]]}},{"type":"Feature","properties":{"subdistrict_code":"900308","subdistrict_th":"ขุนตัดหวาย","subdistrict_en":"Khun Tat Wai","district_code":"9003","district_th":"จะนะ","province_code":"90","province_th":"สงขลา"},"geometry":{"type":"Polygon","coordinates":[[[100.7138988786304,6.778955356904248],[100.71660438558399,6.781749998363807],[100.71550046507446,6.786447343570103],[100.71631654227468,6.7879561919247635],[100.71474510110556,6.789792222633025],[100.71437109105307,6.794817593756989],[100.71700969564102,6.799597760228494],[100.71716792955635,6.8004801246580655],[100.71612241191986,6.800656011365902],[100.71658707992987,6.803023971279288],[100.71834061582683,6.804693368404287],[100.71919231067665,6.807219596407322],[100.71272488744364,6.807317423760139],[100.70790978860595,6.804373137810103],[100.70326683889357,6.806305322232902],[100.69341436657982,6.80680954962105],[100.69243134822818,6.803597762127083],[100.68994531092744,6.803635980616036],[100.68532857285544,6.801765069702242],[100.6864013714262,6.795186463284722],[100.68282579197677,6.791744737129989],[100.68447860380456,6.789933927908521],[100.68070866827048,6.787736165591639],[100.68129601100219,6.7836373983473095],[100.68377316120251,6.7776851913185965],[100.6877869038426,6.775311789607429],[100.69132964005092,6.771522273134451],[100.69661725438283,6.7793989277183755],[100.70344004112508,6.782902350962786],[100.70834986285593,6.782478193813631],[100.7138988786304,6.778955356904248]]]}},{"type":"Feature","properties":{"subdistrict_code":"900504","subdistrict_th":"ลำไพล","subdistrict_en":"Lam Phlai","district_code":"9005","district_th":"เทพา","province_code":"90","province_th":"สงขลา"},"geometry":{"type":"Polygon","coordinates":[[[100.95711643857283,6.708226164605833],[100.95802003059998,6.711581847224522],[100.95965054103971,6.712616740270391],[100.95987190196678,6.715745725384977],[100.95766571929755,6.716478953440969],[100.9571304608022,6.718669432148602],[100.95448586043415,6.717260132449212],[100.95576452011659,6.72111835532786],[100.95390768898869,6.7203855355640485],[100.95207955163005,6.717775738959233],[100.95255951171214,6.720492060260426],[100.95443112139918,6.722943744358361],[100.95311941163158,6.725107237109341],[100.95071096064237,6.724954105047971],[100.95149626843812,6.726424657571954],[100.95411146996844,6.726970523570856],[100.95360580186633,6.730699128062383],[100.95844921765735,6.739718460338736],[100.95973203760349,6.740637892125051],[100.95861249497074,6.742797383792265],[100.96150966094217,6.753410557551263],[100.96357547562775,6.755890474965497],[100.96025673715877,6.7569794298568695],[100.9556980629153,6.756303859135812],[100.95445365301373,6.758626735135749],[100.95428748258132,6.762570965577652],[100.95852459883122,6.763670491100356],[100.96318678863946,6.766446483318589],[100.96351765281747,6.772087253324116],[100.96538027198204,6.774194733600098],[100.96728989511263,6.774366693867876],[100.96900998792069,6.7708736128270175],[100.9702374348098,6.770795746826309],[100.9710875288664,6.775096045845885],[100.97050018073878,6.779821728689853],[100.96700023607212,6.783091778762639],[100.96790786335725,6.788328995087113],[100.96432423587487,6.78931090457462],[100.96788829770685,6.792417822124833],[100.9649846341336,6.795543634431226],[100.96151218713777,6.795310212696222],[100.96068990641413,6.796483212830083],[100.96203994618662,6.80166497785649],[100.96345753493733,6.801615718390735],[100.96491127103837,6.799472207676274],[100.96602568124024,6.799590301251442],[100.9630344821557,6.805719902251724],[100.96280894207905,6.803867279051758],[100.9606376252263,6.804781871586158],[100.95924971410307,6.804206050069183],[100.95838913395141,6.799277133033286],[100.95524218128168,6.793426222941889],[100.94675546709118,6.785865945357159],[100.94574439438833,6.786206216443759],[100.94462681587493,6.788743878427283],[100.93973956442943,6.790939522840745],[100.9360302261141,6.788578246688758],[100.93104648820491,6.7878567502888245],[100.92730269776138,6.784352957423096],[100.92533316899062,6.784914545370043],[100.91996472089522,6.783253036198687],[100.91560107812734,6.783657922675047],[100.91354980997579,6.785286083186236],[100.9138385049431,6.791180926058928],[100.90824026657509,6.7905441206146975],[100.90441604076773,6.782659383823557],[100.90229226027964,6.770127503781339],[100.89722919137415,6.757726833926313],[100.90248845727655,6.758001855601208],[100.90442091779119,6.737692187044843],[100.90235893331817,6.732626379703731],[100.89773448715692,6.728798982886815],[100.88480318042252,6.7247860271534705],[100.88096155812946,6.714428090883757],[100.87629926759718,6.708159926839187],[100.87437846679285,6.706933681444298],[100.86694705306411,6.7078706778895025],[100.85023879968094,6.707711891790439],[100.84479021929326,6.709287557075129],[100.84192097277474,6.708733241046275],[100.83686294996522,6.713260007343536],[100.83268649118867,6.714504169032239],[100.8296623877091,6.712830332853628],[100.8186414487439,6.702228139816839],[100.82025650343496,6.698768797741877],[100.82395079968973,6.695252580742078],[100.82437052587915,6.69183892332768],[100.82280473784846,6.689214733073527],[100.81444188818267,6.681443210136081],[100.81439936643767,6.675576986388876],[100.81748245555093,6.6706407236904965],[100.8166705673928,6.66519777755542],[100.81328777740907,6.661323964929068],[100.80954049040139,6.659454760928497],[100.8061109446644,6.654824361255294],[100.80872355794588,6.6490410855776645],[100.81567706564414,6.652617619207831],[100.81963699285302,6.658680220715667],[100.82425667710402,6.659713154138785],[100.82729213902104,6.66181147032313],[100.83510042984102,6.659443003192109],[100.84448835735185,6.6616351015787245],[100.84757750339912,6.66099460441751],[100.8538884616832,6.664199917692088],[100.85445911659502,6.661444064891725],[100.86208355271384,6.659246555284369],[100.86449216018508,6.6568075759089425],[100.86768280641644,6.655980103399088],[100.87097639444511,6.6526392667887535],[100.87058039956582,6.651343882414267],[100.86834256255929,6.650799679261809],[100.86728731605683,6.647257148098959],[100.86601655242202,6.646805910564353],[100.87026102242828,6.6428780522803095],[100.86848971322974,6.639924505111878],[100.87076446920497,6.633793163024109],[100.87377337773927,6.6333698557343155],[100.87504941319992,6.634103605397115],[100.87766475502451,6.64018649740899],[100.87795133208834,6.643478180673526],[100.8796844299925,6.64550479301181],[100.88648366079235,6.642955827449498],[100.89333978630214,6.637424622748199],[100.89478864358108,6.635165534761654],[100.89836333629898,6.635958800658159],[100.9014624962972,6.634474888705199],[100.90355412422349,6.636112943557521],[100.90552965417027,6.639741079387363],[100.9074619887798,6.639921816138951],[100.91182769009589,6.638316558662325],[100.91697533394455,6.644118089678159],[100.92168333072118,6.6440382496655275],[100.9213820182656,6.646088944049552],[100.91820653820122,6.650327456946627],[100.91748853207014,6.653901517441113],[100.91795220542997,6.656296204306443],[100.92154024228842,6.660481336144812],[100.92566430296529,6.660077638572204],[100.92963181955287,6.654975667692952],[100.93341266566205,6.658374204805739],[100.9359965923689,6.65846241121136],[100.9391861036558,6.661653561063019],[100.94059412991521,6.661904854125794],[100.94359108196295,6.665864925226174],[100.9460922377666,6.6681020562649564],[100.94824637936699,6.66861511139831],[100.95029480476148,6.672120025718641],[100.9543455149336,6.674953413569256],[100.95470000789908,6.676910988551356],[100.95248061328971,6.678908809993629],[100.95291282386779,6.6805830751488315],[100.9515523681473,6.681985305277692],[100.95287367727843,6.68510373774734],[100.95224929057235,6.687130838417488],[100.9532022625744,6.6898557464455735],[100.95205380583855,6.691631778883561],[100.95705545464557,6.695128844820374],[100.957619657821,6.697931563091231],[100.9562670738664,6.701100732612758],[100.95295550928938,6.701358444136929],[100.95517261062753,6.702834274781992],[100.95344663895128,6.703411483053571],[100.95402628708354,6.70647266198381],[100.95711643857283,6.708226164605833]]]}},{"type":"Feature","properties":{"subdistrict_code":"940907","subdistrict_th":"ตาลีอายร์","subdistrict_en":"Tali-Ai","district_code":"9409","district_th":"ยะหริ่ง","province_code":"94","province_th":"ปัตตานี"},"geometry":{"type":"Polygon","coordinates":[[[101.38031683585336,6.797730585997783],[101.35841412800966,6.803946753939613],[101.35606817990265,6.802914223412756],[101.34529119912958,6.802820114756514],[101.3451778198006,6.802084671670286],[101.34577864966502,6.800445818219998],[101.35263697221853,6.796346646280767],[101.3609156759178,6.789497075929376],[101.3705064733951,6.7848202721378925],[101.37190538142829,6.783358228099814],[101.37155714234831,6.779637182410113],[101.39406620099442,6.7782765648116765],[101.39549539639546,6.776446585641452],[101.39537412191822,6.773286007343415],[101.39703873464993,6.76957940476575],[101.4033997474005,6.769497156368743],[101.40746372527076,6.7730923716156894],[101.41485689263158,6.773860653446434],[101.4172793856352,6.778601593288954],[101.41548189357457,6.782031520338421],[101.41776515803565,6.783090615939216],[101.41879131866449,6.7847711313826835],[101.41798307815657,6.78791764428388],[101.4145464205809,6.7900423816506645],[101.41750198672736,6.795805343441884],[101.40754858170175,6.801767110263995],[101.40266130057864,6.802238236305584],[101.39108968064431,6.801392287224303],[101.38031683585336,6.797730585997783]]]}},{"type":"Feature","properties":{"subdistrict_code":"940211","subdistrict_th":"ท่าเรือ","subdistrict_en":"Tha Ruea","district_code":"9402","district_th":"โคกโพธิ์","province_code":"94","province_th":"ปัตตานี"},"geometry":{"type":"Polygon","coordinates":[[[101.08564457763521,6.792844611589601],[101.08156327522505,6.791228697146721],[101.07606380220278,6.794234456255197],[101.0710955083511,6.79418170472195],[101.06697565470279,6.797039668346088],[101.0610985617493,6.797433678421555],[101.05662126715782,6.80186726236434],[101.0550220081592,6.80237664736444],[101.04650509563373,6.7971949785654715],[101.040760256081,6.795193020241754],[101.04139948519816,6.791685437632907],[101.03989090034486,6.79095272758633],[101.039334936758,6.789224373606032],[101.03804540337273,6.788962019781422],[101.03831075373836,6.78728545326112],[101.03599230959748,6.785912637258434],[101.03388876655339,6.782868018444333],[101.03048714566529,6.782513953556133],[101.02944963469292,6.778296709625522],[101.04405211921,6.764676524002425],[101.06188010858023,6.753470306709346],[101.06717187598133,6.759045572795003],[101.06984022474666,6.75843418399046],[101.07286901279474,6.753205590365724],[101.07688106291079,6.754970580927591],[101.07849508158279,6.756703957621596],[101.07834726631336,6.76106823171358],[101.07992880956698,6.76729250164766],[101.08232119596647,6.766582771977369],[101.09263107156676,6.7594086120178645],[101.0996047195822,6.7667559463299085],[101.1232702614135,6.768570833077547],[101.11904542900339,6.772877082011746],[101.12420195725457,6.780635219439887],[101.124603093558,6.782660127562906],[101.11838993744573,6.7865044613118926],[101.11583459029418,6.790146905355471],[101.11437335924319,6.790386628640022],[101.11150032657889,6.788462309687873],[101.10570207179325,6.791318785833369],[101.10311611171926,6.789245128160189],[101.0986291656036,6.7919760616459826],[101.09491513822309,6.7909824537772465],[101.08891210241165,6.79096259764583],[101.08564457763521,6.792844611589601]]]}},{"type":"Feature","properties":{"subdistrict_code":"940404","subdistrict_th":"ดอน","subdistrict_en":"Don","district_code":"9404","district_th":"ปะนาเระ","province_code":"94","province_th":"ปัตตานี"},"geometry":{"type":"Polygon","coordinates":[[[101.50119584341348,6.799387390815468],[101.4905674486289,6.799530239129297],[101.46891098325534,6.797898655798349],[101.46802253131483,6.795802168835053],[101.47054396683069,6.783684453574722],[101.47010399330469,6.782067216229109],[101.46642969077766,6.776054787898204],[101.46077521600347,6.77356527112039],[101.46999533901374,6.765378156177007],[101.49575550621171,6.783363349738863],[101.50117340712711,6.784654383193299],[101.50312190615108,6.78839101323473],[101.50119584341348,6.799387390815468]]]}},{"type":"Feature","properties":{"subdistrict_code":"940913","subdistrict_th":"บาโลย","subdistrict_en":"Baloi","district_code":"9409","district_th":"ยะหริ่ง","province_code":"94","province_th":"ปัตตานี"},"geometry":{"type":"Polygon","coordinates":[[[101.4416980296404,6.790345833593392],[101.43339571603951,6.797840099141297],[101.42969882973728,6.7956256759841835],[101.42437854123676,6.785431270636707],[101.41793342838508,6.778983591119868],[101.42348130741647,6.776759077569409],[101.43518260958984,6.769486414866208],[101.43904567172041,6.768828731660676],[101.4520345071868,6.77033883277096],[101.46077521600347,6.77356527112039],[101.4416980296404,6.790345833593392]]]}},{"type":"Feature","properties":{"subdistrict_code":"940311","subdistrict_th":"ยาบี","subdistrict_en":"Yabi","district_code":"9403","district_th":"หนองจิก","province_code":"94","province_th":"ปัตตานี"},"geometry":{"type":"Polygon","coordinates":[[[101.27099131879436,6.786143273793073],[101.26953945867916,6.7906244624490455],[101.26664963207492,6.792306281909418],[101.2652000661302,6.795838348561006],[101.25681720475023,6.79585658231548],[101.25472252992085,6.797783792588007],[101.24811816781926,6.7954704997637805],[101.23639096067433,6.795497674578087],[101.23014810175357,6.793616884611595],[101.23015033207224,6.789683598918998],[101.22434618582787,6.784732919188912],[101.22153295178435,6.778013665997946],[101.22428276743585,6.775463816402066],[101.227547233618,6.768557980866149],[101.22858565110698,6.771063923761119],[101.23021841434843,6.771180162034909],[101.23200137156613,6.770158998039392],[101.23314121459543,6.76804419188602],[101.23570504595119,6.768029585996658],[101.23497121984599,6.765090636623654],[101.23560420317148,6.763860631163254],[101.23866707912248,6.763055038259438],[101.23951336185223,6.763842088941317],[101.24334260767529,6.763776992414307],[101.2483170519904,6.765220094931465],[101.24870290431562,6.769827794816933],[101.25005221383867,6.771713025635677],[101.25374928809924,6.772874955115128],[101.2560312638318,6.771255940709125],[101.261132762567,6.771566686153676],[101.26375420359369,6.773187193434296],[101.26910677595703,6.780900330585837],[101.27099131879436,6.786143273793073]]]}},{"type":"Feature","properties":{"subdistrict_code":"940904","subdistrict_th":"ตันหยงจึงงา","subdistrict_en":"Tanyong Chueng-Nga","district_code":"9409","district_th":"ยะหริ่ง","province_code":"94","province_th":"ปัตตานี"},"geometry":{"type":"Polygon","coordinates":[[[101.46802253131483,6.795802168835053],[101.46751135036857,6.794382702299913],[101.46616723263173,6.794326282432053],[101.46230431079539,6.796248423226189],[101.45102283373683,6.795676951730002],[101.44647237659893,6.7940877993125355],[101.4416980296404,6.790345833593392],[101.46137798840351,6.773641864580441],[101.46642969077766,6.776054787898204],[101.47010399330469,6.782067216229109],[101.47054396683069,6.783684453574722],[101.46802253131483,6.795802168835053]]]}},{"type":"Feature","properties":{"subdistrict_code":"900403","subdistrict_th":"นาหมอศรี","subdistrict_en":"Na Mo Si","district_code":"9004","district_th":"นาทวี","province_code":"90","province_th":"สงขลา"},"geometry":{"type":"Polygon","coordinates":[[[100.68070866827048,6.787736165591639],[100.6683698268061,6.794294360096671],[100.64775851124637,6.798611457552795],[100.63527882605706,6.797891931567449],[100.62458862626414,6.793135354313222],[100.62839773536723,6.789779088933869],[100.63303971561044,6.788468134596769],[100.63531543116227,6.784619656771781],[100.63849182223987,6.784134775599455],[100.64633312987013,6.775640526888878],[100.6470822903155,6.773653164561949],[100.65050116739502,6.771350434275178],[100.6510274263747,6.769658274409892],[100.6490521356476,6.767186211674357],[100.650488846683,6.764725746595957],[100.65671982555955,6.766105019730901],[100.65928775962249,6.768446731131803],[100.66345975866102,6.768508209686161],[100.6745339428872,6.766036118172337],[100.67722764893693,6.76368374440932],[100.67983101538908,6.77200670104844],[100.68518864284164,6.777142266102771],[100.68377316120251,6.7776851913185965],[100.68163033577144,6.78271392410835],[100.68070866827048,6.787736165591639]]]}},{"type":"Feature","properties":{"subdistrict_code":"900404","subdistrict_th":"คลองทราย","subdistrict_en":"Khlong Sai","district_code":"9004","district_th":"นาทวี","province_code":"90","province_th":"สงขลา"},"geometry":{"type":"Polygon","coordinates":[[[100.67218589756118,6.76681957696195],[100.66754354409932,6.768072623053172],[100.65928775962249,6.768446731131803],[100.65671982555955,6.766105019730901],[100.65016900729393,6.764770914146425],[100.6490521356476,6.767186211674357],[100.6510274263747,6.769658274409892],[100.65050116739502,6.771350434275178],[100.6470822903155,6.773653164561949],[100.64633312987013,6.775640526888878],[100.63849182223987,6.784134775599455],[100.63531543116227,6.784619656771781],[100.63303971561044,6.788468134596769],[100.62839773536723,6.789779088933869],[100.62458862626414,6.793135354313222],[100.60814192361096,6.7857130830923325],[100.59541826044443,6.783653796585497],[100.58959346216858,6.7832823792784325],[100.58051467391311,6.787557040425099],[100.58072462244343,6.782931551949616],[100.57787166894241,6.7765142542294825],[100.5705765663555,6.773067719399762],[100.56775457831122,6.768823316842656],[100.56761477959844,6.765622046020667],[100.5632653955816,6.7610801459320555],[100.55420191198868,6.758634240877541],[100.5541272448765,6.7517138534116725],[100.5520237081277,6.749114506929004],[100.55091627036967,6.742573800640457],[100.55429365003198,6.737401836425647],[100.54752147083929,6.727107632411332],[100.5447973272349,6.7248240405970705],[100.54872012413449,6.723041311807151],[100.54972086002971,6.719677009186682],[100.55122451300093,6.718385896591883],[100.55296648091843,6.718087050077372],[100.55644768011638,6.719655680865003],[100.55943849878776,6.718303867629459],[100.5606955531573,6.716278220263689],[100.5599499935974,6.71169473102708],[100.555034286703,6.705381450693437],[100.55354636557234,6.69823323077901],[100.557870510116,6.69523821497171],[100.55984074755253,6.6919041889272535],[100.56277916003029,6.68958949675789],[100.56176863411525,6.68413929039599],[100.56417613092378,6.675752308322444],[100.56852278909548,6.6742272128156515],[100.57220563787996,6.674784052342204],[100.57382037241234,6.67665076342206],[100.57747740256013,6.67673063221298],[100.58128225517197,6.681126800761319],[100.58369031495613,6.686036073905711],[100.58667200820668,6.688782818372431],[100.58877039633677,6.6931691285524835],[100.59396952457394,6.6937361250222125],[100.59964735114443,6.698611482933643],[100.60283953071985,6.706907352892074],[100.60813505099185,6.713382094807855],[100.61006249328949,6.713473542370139],[100.611760769444,6.710920761883699],[100.61303333711885,6.710768504862642],[100.6185222152281,6.715318637345263],[100.62279192380828,6.715126493592834],[100.62772473041201,6.717146977051414],[100.63062648562385,6.716475526124668],[100.6377323465706,6.722038699926088],[100.63997597071454,6.721672031938795],[100.64223486984343,6.72282642420015],[100.64723377931551,6.720434283315569],[100.64988711929516,6.721209785803012],[100.65463713059916,6.728819372316252],[100.66249081290073,6.7375565369047195],[100.66860442035778,6.747205392814692],[100.66178807815731,6.747005989734703],[100.66560845126907,6.758204399113765],[100.67218589756118,6.76681957696195]]]}},{"type":"Feature","properties":{"subdistrict_code":"941001","subdistrict_th":"ยะรัง","subdistrict_en":"Yarang","district_code":"9410","district_th":"ยะรัง","province_code":"94","province_th":"ปัตตานี"},"geometry":{"type":"Polygon","coordinates":[[[101.31369390305122,6.7714599725997004],[101.31002930690704,6.788387548146886],[101.3062527325776,6.786816366881851],[101.29696387078604,6.7856712610199565],[101.27099131879436,6.786143273793073],[101.26910677595703,6.780900330585837],[101.26375420359369,6.773187193434296],[101.261132762567,6.771566686153676],[101.2560312638318,6.771255940709125],[101.25430776888851,6.772773498098502],[101.25465480287693,6.752421652237501],[101.27869150301052,6.761506609842229],[101.28050763621849,6.760489677156897],[101.28694071434256,6.760741402793542],[101.29332552585242,6.759510301059606],[101.29642599256556,6.757021253727942],[101.29927291161562,6.75194767444566],[101.29966189268225,6.747911783302186],[101.3085835037258,6.74508756403992],[101.30954443113063,6.7472564824008145],[101.3100529698687,6.756655134327048],[101.31360566157207,6.7633722624200345],[101.31369390305122,6.7714599725997004]]]}},{"type":"Feature","properties":{"subdistrict_code":"940405","subdistrict_th":"ควน","subdistrict_en":"Khuan","district_code":"9404","district_th":"ปะนาเระ","province_code":"94","province_th":"ปัตตานี"},"geometry":{"type":"Polygon","coordinates":[[[101.49900579278318,6.783787204715793],[101.49575550621171,6.783363349738863],[101.46999533901374,6.765378156177007],[101.48997464611307,6.747952572053578],[101.50176331832256,6.729692566358892],[101.5036957185826,6.732566261823592],[101.51071300260304,6.736661256411878],[101.51289271912373,6.741378753626634],[101.5155078352185,6.742616425807455],[101.51169576105059,6.746709208962898],[101.50487657879114,6.765311047866589],[101.50101443306971,6.7710269292494445],[101.49900579278318,6.783787204715793]]]}},{"type":"Feature","properties":{"subdistrict_code":"940704","subdistrict_th":"บางเก่า","subdistrict_en":"Bang Kao","district_code":"9407","district_th":"สายบุรี","province_code":"94","province_th":"ปัตตานี"},"geometry":{"type":"Polygon","coordinates":[[[101.61034303840057,6.756687609745427],[101.59587989933794,6.781939863234129],[101.58744068463994,6.779021338364146],[101.57305163532476,6.770879622996233],[101.58269180917972,6.750366150077809],[101.58556310795115,6.746093313655535],[101.59797942511045,6.750203573336307],[101.61034303840057,6.756687609745427]]]}},{"type":"Feature","properties":{"subdistrict_code":"900402","subdistrict_th":"ฉาง","subdistrict_en":"Chang","district_code":"9004","district_th":"นาทวี","province_code":"90","province_th":"สงขลา"},"geometry":{"type":"Polygon","coordinates":[[[100.7138988786304,6.778955356904248],[100.70834986285593,6.782478193813631],[100.70344004112508,6.782902350962786],[100.69661725438283,6.7793989277183755],[100.69132964005092,6.771522273134451],[100.68518864284164,6.777142266102771],[100.67983101538908,6.77200670104844],[100.67724515513987,6.764005815915709],[100.68212628759818,6.762262736436185],[100.67822464365247,6.759505009448674],[100.67797711605112,6.754611698371207],[100.68154693804081,6.752563174950637],[100.68899240007926,6.751913516395689],[100.69467300735346,6.749682405418696],[100.69927360259476,6.743669693801394],[100.70173099918634,6.742683440588337],[100.70732063374032,6.743104165924592],[100.71493244337762,6.7459500669421],[100.7203437675509,6.74630118025533],[100.72737794443663,6.749477799760712],[100.72935605543768,6.75220319881862],[100.74568428859908,6.757443626622091],[100.74132151097899,6.77018196042917],[100.73227823874976,6.768569735005315],[100.72415464472112,6.770261223976377],[100.72228891120437,6.773103673395838],[100.71400655355967,6.77806799943869],[100.7138988786304,6.778955356904248]]]}},{"type":"Feature","properties":{"subdistrict_code":"940912","subdistrict_th":"ปุลากง","subdistrict_en":"Pulakong","district_code":"9409","district_th":"ยะหริ่ง","province_code":"94","province_th":"ปัตตานี"},"geometry":{"type":"Polygon","coordinates":[[[101.41485689263158,6.773860653446434],[101.40746372527076,6.7730923716156894],[101.4033997474005,6.769497156368743],[101.39703873464993,6.76957940476575],[101.39537412191822,6.773286007343415],[101.39549539639546,6.776446585641452],[101.39406620099442,6.7782765648116765],[101.37155714234831,6.779637182410113],[101.36752787291306,6.763085763597132],[101.37551875218873,6.760696801815982],[101.39599035087406,6.758091696974304],[101.4033194145594,6.758505800602279],[101.408566315683,6.760906093841186],[101.41485689263158,6.773860653446434]]]}},{"type":"Feature","properties":{"subdistrict_code":"940504","subdistrict_th":"กระหวะ","subdistrict_en":"Krawa","district_code":"9405","district_th":"มายอ","province_code":"94","province_th":"ปัตตานี"},"geometry":{"type":"Polygon","coordinates":[[[101.46077521600347,6.77356527112039],[101.4520345071868,6.77033883277096],[101.43904567172041,6.768828731660676],[101.43518260958984,6.769486414866208],[101.42348130741647,6.776759077569409],[101.41793342838508,6.778983591119868],[101.4119213606823,6.76741512241],[101.42109622081398,6.769779908615931],[101.42367350872553,6.76420235375565],[101.42655446801433,6.761622840022085],[101.42816702708672,6.758525999375422],[101.4322466135904,6.741600326793673],[101.43531658968891,6.741373187722502],[101.43684877635002,6.743357318785286],[101.43562793857853,6.7480468632721795],[101.44919372331174,6.75135745028615],[101.46405303172207,6.757911321750157],[101.47083853077362,6.764619773184052],[101.46077521600347,6.77356527112039]]]}},{"type":"Feature","properties":{"subdistrict_code":"941005","subdistrict_th":"ระแว้ง","subdistrict_en":"Rawaeng","district_code":"9410","district_th":"ยะรัง","province_code":"94","province_th":"ปัตตานี"},"geometry":{"type":"Polygon","coordinates":[[[101.33367502768044,6.770052119909451],[101.33460983157852,6.779114653818283],[101.32385193891588,6.771258412046109],[101.31369390305122,6.7714599725997004],[101.31360566157207,6.7633722624200345],[101.3100529698687,6.756655134327048],[101.30954443113063,6.7472564824008145],[101.3085835037258,6.74508756403992],[101.31431264741082,6.743396295402761],[101.33307193242382,6.734406010329167],[101.33607299886984,6.736974503770398],[101.33849283617553,6.7412405188349],[101.3390932253721,6.752950742282962],[101.33367502768044,6.770052119909451]]]}},{"type":"Feature","properties":{"subdistrict_code":"940213","subdistrict_th":"นาเกตุ","subdistrict_en":"Na Ket","district_code":"9402","district_th":"โคกโพธิ์","province_code":"94","province_th":"ปัตตานี"},"geometry":{"type":"Polygon","coordinates":[[[101.1744478084197,6.764931593318408],[101.16602716022533,6.762551011420101],[101.16247951192003,6.762816795258971],[101.16026742430228,6.7605426472254635],[101.15294179063119,6.761775710380789],[101.14778805837227,6.764909338695077],[101.14669237025674,6.769312658652325],[101.14353972128117,6.771505192310826],[101.13783381427919,6.774431022373847],[101.13497168229736,6.773300051156468],[101.13257801975988,6.775620281350939],[101.1235539516536,6.779673030286176],[101.11909661841429,6.773273774764959],[101.1232702614135,6.768570833077547],[101.12798416493735,6.767805554083111],[101.13557823544727,6.761742596443696],[101.1352111258928,6.751496819122963],[101.13006721243198,6.743448849984475],[101.12695671737868,6.740527794422235],[101.1347177488251,6.7320014111362525],[101.13575045471975,6.728673574226093],[101.1392723347505,6.725398141710912],[101.15148721456336,6.718697433439843],[101.14442229525281,6.716172938430418],[101.14486427426692,6.714632517576661],[101.14734414041982,6.712833446306547],[101.14773162411524,6.710337294330714],[101.14881445732141,6.7100873430565],[101.15237303958418,6.7131594280651825],[101.1544664103966,6.713568326417203],[101.16333032633355,6.705447669574312],[101.1710195837868,6.702170686627937],[101.16805197481887,6.712101602307143],[101.16826324625185,6.718592378235712],[101.16497126441237,6.722540959597666],[101.16440662506574,6.726486515640261],[101.17254614159123,6.737476704086646],[101.18068903686964,6.739526333673382],[101.18229360816355,6.741820902612631],[101.1823883310567,6.7449911594144965],[101.18634403055262,6.746216971336196],[101.18577605562052,6.754156366223356],[101.18845956066025,6.7588223529692755],[101.18523066806097,6.7613318086161485],[101.1744478084197,6.764931593318408]]]}},{"type":"Feature","properties":{"subdistrict_code":"940201","subdistrict_th":"โคกโพธิ์","subdistrict_en":"Khok Pho","district_code":"9402","district_th":"โคกโพธิ์","province_code":"94","province_th":"ปัตตานี"},"geometry":{"type":"Polygon","coordinates":[[[101.06188010858023,6.753470306709346],[101.04405211921,6.764676524002425],[101.02944963469292,6.778296709625522],[101.0279067137239,6.76713023607158],[101.0332131202893,6.760889309793868],[101.02817376111022,6.755328617221949],[101.0295397107891,6.749444857594142],[101.0312962153481,6.74864960059864],[101.03243027034074,6.745991469930459],[101.03157814021904,6.7398016620171575],[101.02450109355067,6.734207229580022],[101.02369915459235,6.730271666804015],[101.01950482988406,6.727547432368169],[101.01901029988551,6.724951417873683],[101.02064711457274,6.723447306248261],[101.02711275714807,6.7213564904097325],[101.04254919379031,6.720140235583472],[101.04419239906002,6.7164159343479355],[101.05425119923353,6.711628855687195],[101.0646879089199,6.710493954432479],[101.07351289770213,6.707944067065114],[101.07613195912268,6.70583506603549],[101.08146455394609,6.704054135889692],[101.0875090494032,6.715249704310452],[101.08736484401243,6.720796523940464],[101.099354103709,6.725885751426347],[101.10264190100298,6.730925094417614],[101.10307289389897,6.736645672060149],[101.10108961269555,6.73860236570664],[101.0988590386138,6.736943475361159],[101.09621893665468,6.738362260210181],[101.08060971686501,6.742249100415677],[101.06188010858023,6.753470306709346]]]}},{"type":"Feature","properties":{"subdistrict_code":"941009","subdistrict_th":"คลองใหม่","subdistrict_en":"Khlong Mai","district_code":"9410","district_th":"ยะรัง","province_code":"94","province_th":"ปัตตานี"},"geometry":{"type":"Polygon","coordinates":[[[101.25430776888851,6.772773498098502],[101.24936842331414,6.770994740714741],[101.24789944100644,6.764740681637193],[101.23875515692504,6.763404343935349],[101.23814881871306,6.75789480839876],[101.24179704180011,6.750805296227497],[101.24527979862387,6.748421525333185],[101.24671193031139,6.745123483861732],[101.249992404426,6.743007290953756],[101.25192580743015,6.738860634810521],[101.25569056286923,6.736263108555647],[101.25587178255677,6.730717241307673],[101.2580901348519,6.730161819112709],[101.25491015817732,6.728251410873952],[101.25493783841057,6.7269626194294005],[101.26055975862602,6.72675390836622],[101.26016463608914,6.721838945211175],[101.262993059682,6.711459564607253],[101.26764838856235,6.707081718846268],[101.2660727142844,6.704590219063391],[101.26616999484946,6.703140669306492],[101.2731251896758,6.70402994232802],[101.27197398011515,6.698629272423034],[101.26595203965496,6.696811391832341],[101.26771549057747,6.691881966679489],[101.26918811334082,6.691036221744298],[101.27113520942243,6.693942937616498],[101.27335682805523,6.690959907074102],[101.27595176426257,6.690992533578594],[101.27737918889852,6.693080751275716],[101.27706874832415,6.69961524234958],[101.27871889905799,6.700495684927944],[101.28123797655144,6.699273874989387],[101.28270683385335,6.699567035989958],[101.28230497989097,6.712176787428859],[101.2837133730738,6.71330972186621],[101.28617424014914,6.7117158426120795],[101.28624966179251,6.713710306885218],[101.28019612724955,6.720683387428437],[101.2757905284102,6.7290436398521365],[101.27232055095271,6.7389604991277565],[101.26795010481356,6.7572230517025105],[101.25465480287693,6.752421652237501],[101.25430776888851,6.772773498098502]]]}},{"type":"Feature","properties":{"subdistrict_code":"940710","subdistrict_th":"แป้น","subdistrict_en":"Paen","district_code":"9407","district_th":"สายบุรี","province_code":"94","province_th":"ปัตตานี"},"geometry":{"type":"Polygon","coordinates":[[[101.58556310795115,6.746093313655535],[101.58269180917972,6.750366150077809],[101.57305163532476,6.770879622996233],[101.54960568905136,6.766663001396466],[101.54062347179587,6.76898688014046],[101.53638802738561,6.768153262563089],[101.53270346359403,6.764708857327946],[101.52848211066095,6.7579939199834484],[101.52906456467798,6.752040989000477],[101.52674919082256,6.748610577216425],[101.52149303297716,6.743901067780087],[101.5155078352185,6.742616425807455],[101.51774762555254,6.740211608978598],[101.53013586138098,6.732277583943414],[101.54978045700256,6.722943245234603],[101.56010707528134,6.72451435365457],[101.57835458939286,6.730015934687685],[101.57291880096193,6.74190760894902],[101.58556310795115,6.746093313655535]]]}},{"type":"Feature","properties":{"subdistrict_code":"940302","subdistrict_th":"คอลอตันหยง","subdistrict_en":"Kholo Tanyong","district_code":"9403","district_th":"หนองจิก","province_code":"94","province_th":"ปัตตานี"},"geometry":{"type":"Polygon","coordinates":[[[101.23866707912248,6.763055038259438],[101.23530485573457,6.764147877322728],[101.23570504595119,6.768029585996658],[101.23314121459543,6.76804419188602],[101.23200137156613,6.770158998039392],[101.23021841434843,6.771180162034909],[101.22858565110698,6.771063923761119],[101.22774676440173,6.768717935184611],[101.22605814336868,6.76772582558641],[101.22277437323879,6.769246200551777],[101.22343097725786,6.76730338614243],[101.22143687541154,6.766030589140428],[101.21762975291085,6.767245129858907],[101.21570784324246,6.770647096086691],[101.21242028336945,6.768435521082495],[101.21045926488324,6.770179278650858],[101.20860959325819,6.7578048168388705],[101.20277122061538,6.753520506865925],[101.19241902471828,6.739693583292308],[101.19663344477772,6.730539528076804],[101.21427378160979,6.718582577424058],[101.22030024386123,6.717466599703869],[101.2248978578499,6.713509896564517],[101.22531192280707,6.715651218329128],[101.22265427957143,6.7232615305952095],[101.22329034937019,6.726312290879548],[101.22472432826521,6.727858301019808],[101.23847757757818,6.732132195944132],[101.24206653804038,6.72458200155819],[101.24294193812,6.724342967154257],[101.24630894320325,6.730255633690604],[101.25442919714976,6.737485846594609],[101.25192580743015,6.738860634810521],[101.249992404426,6.743007290953756],[101.24671193031139,6.745123483861732],[101.24527979862387,6.748421525333185],[101.24156589355118,6.751173018220243],[101.23814881871306,6.75789480839876],[101.23908942503698,6.761127709276423],[101.23866707912248,6.763055038259438]]]}},{"type":"Feature","properties":{"subdistrict_code":"940502","subdistrict_th":"ถนน","subdistrict_en":"Thanon","district_code":"9405","district_th":"มายอ","province_code":"94","province_th":"ปัตตานี"},"geometry":{"type":"Polygon","coordinates":[[[101.4322466135904,6.741600326793673],[101.42816702708672,6.758525999375422],[101.42655446801433,6.761622840022085],[101.42367350872553,6.76420235375565],[101.42109622081398,6.769779908615931],[101.4119213606823,6.76741512241],[101.40794812710442,6.7603403042616605],[101.40772535514111,6.753233335350217],[101.4050470149079,6.7485748741311795],[101.40630782844357,6.745852071416039],[101.40542077764684,6.738740796550587],[101.41436397691604,6.737032706094567],[101.41808896523361,6.73214435387888],[101.41975092676392,6.726236413279878],[101.43225717432921,6.722045643591628],[101.43842312142999,6.718580478406409],[101.44659817016947,6.711717089072465],[101.4515727385911,6.710387368582246],[101.45307159907509,6.712279553858366],[101.45912164514789,6.711682669319771],[101.45424611276798,6.718335363686151],[101.45079298231036,6.720992895405857],[101.44976313356182,6.723290325088499],[101.44498811570901,6.726472449344101],[101.4322466135904,6.741600326793673]]]}},{"type":"Feature","properties":{"subdistrict_code":"940510","subdistrict_th":"สาคอบน","subdistrict_en":"Sakho Bon","district_code":"9405","district_th":"มายอ","province_code":"94","province_th":"ปัตตานี"},"geometry":{"type":"Polygon","coordinates":[[[101.35772047192228,6.76719963855254],[101.34843041403246,6.769307109835324],[101.33367502768044,6.770052119909451],[101.3390932253721,6.752950742282962],[101.33892056363317,6.7437043563709835],[101.33728851175545,6.738861181598281],[101.34304949144092,6.731994637442597],[101.35180277907506,6.725325551133324],[101.35807218778132,6.731630899446486],[101.34618625569118,6.738103886784984],[101.34704812097408,6.741179120320169],[101.3466713589961,6.750485719440462],[101.34735802195519,6.753897913657852],[101.35456574281483,6.760971473654649],[101.35772047192228,6.76719963855254]]]}},{"type":"Feature","properties":{"subdistrict_code":"940202","subdistrict_th":"มะกรูด","subdistrict_en":"Makrut","district_code":"9402","district_th":"โคกโพธิ์","province_code":"94","province_th":"ปัตตานี"},"geometry":{"type":"Polygon","coordinates":[[[101.13575045471975,6.728673574226093],[101.1347177488251,6.7320014111362525],[101.12695671737868,6.740527794422235],[101.13006721243198,6.743448849984475],[101.1352111258928,6.751496819122963],[101.13557823544727,6.761742596443696],[101.12798416493735,6.767805554083111],[101.1232702614135,6.768570833077547],[101.12036585230231,6.760975159975715],[101.11789589937632,6.758246767074695],[101.11090873275185,6.752613465938737],[101.10572458542134,6.752057321588154],[101.10351412557651,6.750364490828645],[101.10108961269555,6.73860236570664],[101.10307289389897,6.736645672060149],[101.10264190100298,6.730925094417614],[101.099354103709,6.725885751426347],[101.11870324056218,6.708788893792473],[101.12720286092338,6.712795267387719],[101.13123966397939,6.72135784299013],[101.12865269756401,6.7241579469317685],[101.12912940839556,6.726299490828865],[101.13575045471975,6.728673574226093]]]}},{"type":"Feature","properties":{"subdistrict_code":"940203","subdistrict_th":"บางโกระ","subdistrict_en":"Bang Kro","district_code":"9402","district_th":"โคกโพธิ์","province_code":"94","province_th":"ปัตตานี"},"geometry":{"type":"Polygon","coordinates":[[[101.10108961269555,6.73860236570664],[101.10372007032504,6.7506754880833455],[101.10572458542134,6.752057321588154],[101.11090873275185,6.752613465938737],[101.11789589937632,6.758246767074695],[101.12036585230231,6.760975159975715],[101.1232702614135,6.768570833077547],[101.0996047195822,6.7667559463299085],[101.09263107156676,6.7594086120178645],[101.08232119596647,6.766582771977369],[101.07992880956698,6.76729250164766],[101.07834726631336,6.76106823171358],[101.07849508158279,6.756703957621596],[101.07688106291079,6.754970580927591],[101.07286901279474,6.753205590365724],[101.06984022474666,6.75843418399046],[101.06717187598133,6.759045572795003],[101.06188010858023,6.753470306709346],[101.08060971686501,6.742249100415677],[101.09621893665468,6.738362260210181],[101.0988590386138,6.736943475361159],[101.10108961269555,6.73860236570664]]]}},{"type":"Feature","properties":{"subdistrict_code":"940511","subdistrict_th":"สาคอใต้","subdistrict_en":"Sakho Tai","district_code":"9405","district_th":"มายอ","province_code":"94","province_th":"ปัตตานี"},"geometry":{"type":"Polygon","coordinates":[[[101.36332447494465,6.765278285564477],[101.35772047192228,6.76719963855254],[101.35456574281483,6.760971473654649],[101.34735802195519,6.753897913657852],[101.3466713589961,6.750485719440462],[101.34704812097408,6.741179120320169],[101.34618625569118,6.738103886784984],[101.35807218778132,6.731630899446486],[101.3582674872548,6.734511588039425],[101.3596838484309,6.736553129123649],[101.36607855608054,6.740326876883898],[101.36836060555754,6.740542607155646],[101.36743683634097,6.750411864416037],[101.36620311757986,6.755390770267866],[101.36417807905514,6.7587092937989155],[101.36332447494465,6.765278285564477]]]}},{"type":"Feature","properties":{"subdistrict_code":"940507","subdistrict_th":"กระเสาะ","subdistrict_en":"Kraso","district_code":"9405","district_th":"มายอ","province_code":"94","province_th":"ปัตตานี"},"geometry":{"type":"Polygon","coordinates":[[[101.36752787291306,6.763085763597132],[101.36332447494465,6.765278285564477],[101.36417807905514,6.7587092937989155],[101.36620311757986,6.755390770267866],[101.36743683634097,6.750411864416037],[101.36836060555754,6.740542607155646],[101.37032825834251,6.740145827168249],[101.36997135159663,6.736934915613915],[101.39506650701372,6.738909977913181],[101.40542077764684,6.738740796550587],[101.40630782844357,6.745852071416039],[101.40500258929814,6.748275133690527],[101.40772535514111,6.753233335350217],[101.40794812710442,6.7603403042616605],[101.4033194145594,6.758505800602279],[101.39599035087406,6.758091696974304],[101.37551875218873,6.760696801815982],[101.36752787291306,6.763085763597132]]]}},{"type":"Feature","properties":{"subdistrict_code":"940506","subdistrict_th":"ลางา","subdistrict_en":"La-Nga","district_code":"9405","district_th":"มายอ","province_code":"94","province_th":"ปัตตานี"},"geometry":{"type":"Polygon","coordinates":[[[101.50176331832256,6.729692566358892],[101.48997464611307,6.747952572053578],[101.47083853077362,6.764619773184052],[101.46405303172207,6.757911321750157],[101.45480228140025,6.754103901573842],[101.45779426559295,6.746591806067045],[101.45557602841103,6.740118774661767],[101.45791288257351,6.738285859205064],[101.45860632821956,6.73337530542608],[101.46244897573968,6.7273942904142245],[101.46848343116545,6.721892535811946],[101.47225323359993,6.711255669413674],[101.48640498240405,6.712369745967067],[101.49022720002534,6.720138086203747],[101.49850686240183,6.721905143407696],[101.5001663139243,6.723234252358907],[101.50176331832256,6.729692566358892]]]}},{"type":"Feature","properties":{"subdistrict_code":"900401","subdistrict_th":"นาทวี","subdistrict_en":"Na Thawi","district_code":"9004","district_th":"นาทวี","province_code":"90","province_th":"สงขลา"},"geometry":{"type":"Polygon","coordinates":[[[100.67722764893693,6.76368374440932],[100.67624453076053,6.765248912807124],[100.67218589756118,6.76681957696195],[100.66560845126907,6.758204399113765],[100.66178807815731,6.747005989734703],[100.66860442035778,6.747205392814692],[100.66249081290073,6.7375565369047195],[100.65463713059916,6.728819372316252],[100.65027837834452,6.721564514390877],[100.64723377931551,6.720434283315569],[100.64223486984343,6.72282642420015],[100.63997597071454,6.721672031938795],[100.6377323465706,6.722038699926088],[100.63270066400452,6.717851564398245],[100.63953473094313,6.719727107719905],[100.64867463082959,6.719560225923715],[100.65330663579266,6.718690666041425],[100.65388125401671,6.71575755776513],[100.65600108917897,6.715912880575047],[100.65756515141067,6.714069475426015],[100.66171034435695,6.71516733540426],[100.66441002640164,6.714698990965701],[100.66836259625688,6.717776074406345],[100.67047097135833,6.720951525692385],[100.67633626700518,6.724668519036982],[100.6774715864446,6.72661890843591],[100.68055203874565,6.726977377304195],[100.6819385891946,6.725620219397683],[100.68369564144075,6.726056404079827],[100.68212698817001,6.723116260407153],[100.68586381336434,6.7155380971055365],[100.70253916235254,6.715425916572826],[100.70435665983206,6.712774466068822],[100.70657698613905,6.711608772926581],[100.71297925528847,6.711906318122146],[100.71895715774667,6.703060245633878],[100.72642137334776,6.701096214418783],[100.72820692690823,6.69961945927065],[100.72910262378713,6.696661228433015],[100.74149881321972,6.69191671468468],[100.74609195398057,6.6887170644409935],[100.7464177261972,6.686542426391895],[100.744964796788,6.682483178056259],[100.74508446327741,6.676215481659199],[100.74144352200102,6.672931392269959],[100.73833063565036,6.668389118962693],[100.74060781799648,6.666279374193834],[100.74227177332375,6.6611409978588085],[100.74743236740989,6.660082935579055],[100.7536530472504,6.662309533758048],[100.75936531155992,6.662064865101513],[100.76423447224317,6.660612085879109],[100.76304170770868,6.651846757222131],[100.76529804376975,6.648067080231613],[100.76969415296287,6.645239337425551],[100.77538270484803,6.645544483691026],[100.78792601617278,6.650139519323432],[100.79460044985092,6.646444375907265],[100.7993455049911,6.646858898619314],[100.8062071820159,6.645114845174021],[100.8067009457921,6.647228252881632],[100.80872355794588,6.6490410855776645],[100.8061109446644,6.654824361255294],[100.8067216616754,6.656302719894654],[100.80954049040139,6.659454760928497],[100.81553092221435,6.663295863413396],[100.81734094542833,6.667821927340128],[100.81732275843859,6.671476540110291],[100.81410203438145,6.676642742368699],[100.81444188818267,6.681443210136081],[100.82280473784846,6.689214733073527],[100.82452222262253,6.693420087067409],[100.82395079968973,6.695252580742078],[100.82025650343496,6.698768797741877],[100.81451168186868,6.706774445684175],[100.81418212890219,6.7092146652246925],[100.81526514916737,6.711506686384496],[100.81254653459496,6.714472819565003],[100.81141383128335,6.717852393573139],[100.81001928136482,6.730821123795863],[100.80043293283364,6.744038846615524],[100.79975625055056,6.746481489828966],[100.7970728093627,6.7454103244269845],[100.79466066036127,6.740942947559006],[100.7916001523252,6.738008253777934],[100.79011919194721,6.738649436222545],[100.7854073730519,6.746333597217813],[100.781704908255,6.74469699297191],[100.77834140063521,6.746560584303552],[100.77817330295562,6.741232708222981],[100.77706960457863,6.740545022734636],[100.77084330487469,6.744242048431829],[100.76679891693652,6.7488584834322864],[100.75852114223699,6.750901367204392],[100.75366456666649,6.753576073277202],[100.74936976969917,6.753393714148615],[100.74568428859908,6.757443626622091],[100.72935605543768,6.75220319881862],[100.72737794443663,6.749477799760712],[100.7203437675509,6.74630118025533],[100.71493244337762,6.7459500669421],[100.70732063374032,6.743104165924592],[100.70069901274928,6.7427650261850545],[100.69467300735346,6.749682405418696],[100.68899240007926,6.751913516395689],[100.6833028571412,6.752068830212409],[100.67860866855528,6.753975994596544],[100.67747515855177,6.755943214807587],[100.67822464365247,6.759505009448674],[100.68212628759818,6.762262736436185],[100.68122474332728,6.763215575338563],[100.67722764893693,6.76368374440932]]]}},{"type":"Feature","properties":{"subdistrict_code":"941006","subdistrict_th":"ปิตูมุดี","subdistrict_en":"Pitu Mudi","district_code":"9410","district_th":"ยะรัง","province_code":"94","province_th":"ปัตตานี"},"geometry":{"type":"Polygon","coordinates":[[[101.29966189268225,6.747911783302186],[101.29927291161562,6.75194767444566],[101.29642599256556,6.757021253727942],[101.29332552585242,6.759510301059606],[101.28694071434256,6.760741402793542],[101.28050763621849,6.760489677156897],[101.27869150301052,6.761506609842229],[101.26795010481356,6.7572230517025105],[101.27265747296406,6.737891743009584],[101.27899156181121,6.722551623758477],[101.28720306367052,6.7264272476194265],[101.289334700636,6.733921120163586],[101.29139977517951,6.737748804763555],[101.29523726328915,6.74353328013683],[101.29966189268225,6.747911783302186]]]}},{"type":"Feature","properties":{"subdistrict_code":"940214","subdistrict_th":"ควนโนรี","subdistrict_en":"Khuan Nori","district_code":"9402","district_th":"โคกโพธิ์","province_code":"94","province_th":"ปัตตานี"},"geometry":{"type":"Polygon","coordinates":[[[101.19241902471828,6.739693583292308],[101.19069728615091,6.754093021575727],[101.18845956066025,6.7588223529692755],[101.18577605562052,6.754156366223356],[101.18634403055262,6.746216971336196],[101.1823883310567,6.7449911594144965],[101.18229360816355,6.741820902612631],[101.18068903686964,6.739526333673382],[101.17254614159123,6.737476704086646],[101.16440662506574,6.726486515640261],[101.16497126441237,6.722540959597666],[101.16826324625185,6.718592378235712],[101.16805197481887,6.712101602307143],[101.17126799182444,6.702882036876531],[101.169717429316,6.6940858183058936],[101.16525682344371,6.688525651837438],[101.16552289686427,6.6842689798295964],[101.1622501551206,6.672112898591422],[101.17585905874864,6.664679973102352],[101.18683893376982,6.660045152361931],[101.18612152209062,6.6656193986164],[101.18976598331352,6.666711736757293],[101.19297735262279,6.670542164289486],[101.19217900915402,6.679710817300418],[101.1901047948005,6.684457406684032],[101.19092504575434,6.691248771113919],[101.18719637381366,6.6950236268389745],[101.18667047905944,6.697737877900806],[101.2084387787267,6.715925299313142],[101.21054580304644,6.719486986934953],[101.21055718216826,6.721755864941258],[101.197153413899,6.729919672155177],[101.19241902471828,6.739693583292308]]]}},{"type":"Feature","properties":{"subdistrict_code":"940703","subdistrict_th":"ปะเสยะวอ","subdistrict_en":"Pase Yawo","district_code":"9407","district_th":"สายบุรี","province_code":"94","province_th":"ปัตตานี"},"geometry":{"type":"Polygon","coordinates":[[[101.63814900497266,6.713538629903894],[101.63517162037402,6.719180610396904],[101.63013075123325,6.722157669440946],[101.61034303840057,6.756687609745427],[101.59797942511045,6.750203573336307],[101.57291880096193,6.74190760894902],[101.57796877843646,6.731208052609588],[101.58127479419647,6.720987087584092],[101.59590449759457,6.708790466706716],[101.6023770145876,6.712591243591078],[101.60904579602675,6.711116087437517],[101.61458730426074,6.706544939597336],[101.61771232696236,6.708192195413517],[101.62842145388703,6.707997104582773],[101.63060580911088,6.711000300623425],[101.62740187539629,6.714659892939778],[101.62745545070857,6.71643195487087],[101.62994797391991,6.7181084638345965],[101.63553463711389,6.713467977365326],[101.63705668032162,6.7127498381345845],[101.63814900497266,6.713538629903894]]]}},{"type":"Feature","properties":{"subdistrict_code":"940512","subdistrict_th":"สะกำ","subdistrict_en":"Sakam","district_code":"9405","district_th":"มายอ","province_code":"94","province_th":"ปัตตานี"},"geometry":{"type":"Polygon","coordinates":[[[101.47225323359993,6.711255669413674],[101.46848343116545,6.721892535811946],[101.46244897573968,6.7273942904142245],[101.45860632821956,6.73337530542608],[101.45791288257351,6.738285859205064],[101.45557602841103,6.740118774661767],[101.45779426559295,6.746591806067045],[101.45480228140025,6.754103901573842],[101.44369567571493,6.749454852659369],[101.43562793857853,6.7480468632721795],[101.43684877635002,6.743357318785286],[101.43575311071754,6.741432016874114],[101.4322466135904,6.741600326793673],[101.43380896531158,6.738986163080995],[101.44557548542036,6.725853229243171],[101.44997054240667,6.723072374390597],[101.45043523919497,6.7214285117165105],[101.45424611276798,6.718335363686151],[101.45912164514789,6.711682669319771],[101.47225323359993,6.711255669413674]]]}},{"type":"Feature","properties":{"subdistrict_code":"941007","subdistrict_th":"วัด","subdistrict_en":"Wat","district_code":"9410","district_th":"ยะรัง","province_code":"94","province_th":"ปัตตานี"},"geometry":{"type":"Polygon","coordinates":[[[101.3085835037258,6.74508756403992],[101.29966189268225,6.747911783302186],[101.29523726328915,6.74353328013683],[101.29139977517951,6.737748804763555],[101.289334700636,6.733921120163586],[101.28720306367052,6.7264272476194265],[101.29933772035957,6.727324544392275],[101.31376348089998,6.726606844930018],[101.31942419696918,6.725457521247677],[101.33307193242382,6.734406010329167],[101.31431264741082,6.743396295402761],[101.3085835037258,6.74508756403992]]]}},{"type":"Feature","properties":{"subdistrict_code":"940711","subdistrict_th":"ทุ่งคล้า","subdistrict_en":"Thung Khla","district_code":"9407","district_th":"สายบุรี","province_code":"94","province_th":"ปัตตานี"},"geometry":{"type":"Polygon","coordinates":[[[101.53881392072594,6.727946005603712],[101.53013586138098,6.732277583943414],[101.51774762555254,6.740211608978598],[101.5155078352185,6.742616425807455],[101.51451520041621,6.742420455439742],[101.51211364992508,6.740348942649632],[101.51071300260304,6.736661256411878],[101.50533176884613,6.733838403219806],[101.50195698642585,6.730328733284466],[101.5001663139243,6.723234252358907],[101.49850686240183,6.721905143407696],[101.49022720002534,6.720138086203747],[101.48640498240405,6.712369745967067],[101.49780513489912,6.710279423856377],[101.49964157929548,6.70865683194728],[101.50372671281758,6.710801086401091],[101.50595936343393,6.70976446665685],[101.50731648716624,6.704352437415082],[101.515371494399,6.699172764211767],[101.52465261302774,6.701857305270494],[101.5335128750192,6.7050905739708355],[101.54128832979262,6.710153692339077],[101.54180404601999,6.712419416422961],[101.53881392072594,6.727946005603712]]]}},{"type":"Feature","properties":{"subdistrict_code":"940508","subdistrict_th":"เกาะจัน","subdistrict_en":"Ko Chan","district_code":"9405","district_th":"มายอ","province_code":"94","province_th":"ปัตตานี"},"geometry":{"type":"Polygon","coordinates":[[[101.36836060555754,6.740542607155646],[101.36607855608054,6.740326876883898],[101.3596838484309,6.736553129123649],[101.3582674872548,6.734511588039425],[101.35784241819312,6.7312077558333385],[101.35180277907506,6.725325551133324],[101.35292727607299,6.724620211053946],[101.35674672737963,6.725934465902924],[101.36121429580317,6.725720288760385],[101.36558375178879,6.723918012306456],[101.3714899557969,6.70947630858484],[101.37166839028407,6.704311037124739],[101.37245270522823,6.703266682311607],[101.37666662436527,6.703350803996443],[101.39088191566793,6.706496062343433],[101.39920326701724,6.70593008210767],[101.39945367874435,6.718296190117144],[101.40346818940549,6.722981532971403],[101.40170917843591,6.733905122123758],[101.40542077764684,6.738740796550587],[101.39506650701372,6.738909977913181],[101.37066093735245,6.7368564353762395],[101.36956762164846,6.737462805963787],[101.37032825834251,6.740145827168249],[101.36836060555754,6.740542607155646]]]}},{"type":"Feature","properties":{"subdistrict_code":"901002","subdistrict_th":"ปริก","subdistrict_en":"Prik","district_code":"9010","district_th":"สะเดา","province_code":"90","province_th":"สงขลา"},"geometry":{"type":"Polygon","coordinates":[[[100.50070977893319,6.734932737855615],[100.49688016258949,6.73755353856501],[100.48979765343904,6.736223120200862],[100.47687344595283,6.73981858995603],[100.47488143503028,6.739006199076869],[100.47169107658198,6.734333695843418],[100.46384698465067,6.733344971293434],[100.46005762555905,6.731751124414927],[100.45721465543204,6.733170638614126],[100.45478980080873,6.7324204853172205],[100.4507741983706,6.735356511893542],[100.44944373683904,6.738550487415125],[100.44789450083061,6.737946918215755],[100.44447515610364,6.738736886298341],[100.44465228657384,6.740225543973736],[100.44215733519292,6.741690306662349],[100.43940700063263,6.740822914146236],[100.43731076098288,6.744157041814049],[100.4290287459799,6.73579531540156],[100.4241188747863,6.734019901697138],[100.41698370943072,6.733809747222097],[100.41361214028808,6.732180949091571],[100.41180512620565,6.730792347289025],[100.4094009523921,6.71836790835232],[100.40249202138972,6.7072551908744344],[100.40292834366818,6.703254456927709],[100.40589757141584,6.696543609699859],[100.39070959407258,6.697738738552005],[100.38413468836524,6.690745708347833],[100.37971791095288,6.688208954679567],[100.37788857120069,6.682994227701499],[100.37493370202878,6.6795986970223],[100.37501993891908,6.675960947439819],[100.3736199031361,6.67433615039306],[100.38081992400038,6.667088516721719],[100.38422535441663,6.6592161492059745],[100.38551234541848,6.652688730400655],[100.38863912089874,6.6527319644087015],[100.38874868440433,6.655914991583643],[100.39070604175049,6.657625506611907],[100.39855056535635,6.670096655436339],[100.40347018070435,6.663976411881947],[100.40916910716862,6.663908748689835],[100.4174190145759,6.658377916307813],[100.43258166521173,6.662429489829151],[100.43845370127735,6.659299807739956],[100.4378004823065,6.655567358646749],[100.43887090576777,6.654322476601067],[100.4459889534275,6.651608492637877],[100.45370686687846,6.653773229151227],[100.45849744570063,6.651412390069822],[100.46419126671367,6.653821997587158],[100.46944949120109,6.65096964663195],[100.47525371388787,6.652956300293056],[100.48801698769387,6.649089694833606],[100.49705214084366,6.644581568784417],[100.5103054129645,6.640760185734052],[100.51748817044279,6.639871238267062],[100.52147786071475,6.641212072579151],[100.5274044946218,6.640109806822181],[100.52974347028498,6.640653652044477],[100.5317905709781,6.638752252314646],[100.53498309769185,6.639490684747329],[100.53868430703523,6.638759160906602],[100.54303157764525,6.635850767798729],[100.55153572159634,6.637704033114687],[100.55604633337163,6.637347960939678],[100.56652273643522,6.632262832563697],[100.5682457457446,6.62498975617234],[100.57038405388101,6.621619059372165],[100.57092434857987,6.621960979815412],[100.5718537457538,6.632015946179024],[100.5700857964224,6.633826723924244],[100.56857717469694,6.643106075385106],[100.56668612976114,6.64622167319169],[100.56716428040727,6.658515054825955],[100.5692992772399,6.661368080272723],[100.57098950356277,6.6665499055537225],[100.56898860104315,6.6690831788456535],[100.56880194135658,6.673842569179271],[100.56456242031948,6.675460580841161],[100.56359835787799,6.676981144664126],[100.56176863411525,6.68413929039599],[100.56277916003029,6.68958949675789],[100.55984074755253,6.6919041889272535],[100.557870510116,6.69523821497171],[100.55354636557234,6.69823323077901],[100.555034286703,6.705381450693437],[100.56061065805551,6.713231045576322],[100.56026585258707,6.71732686484296],[100.55644768011638,6.719655680865003],[100.55179300864052,6.718135982189892],[100.54972086002971,6.719677009186682],[100.54872012413449,6.723041311807151],[100.54495085140076,6.724509979352092],[100.54274087629045,6.727448838792952],[100.52546792330605,6.732361916968955],[100.52457545499334,6.7382302199487185],[100.52238223785008,6.739079191651399],[100.51545666399392,6.736206389213521],[100.51371426530119,6.734031849190558],[100.51131081724048,6.73290099038843],[100.50339644329131,6.733482108012936],[100.50070977893319,6.734932737855615]]]}},{"type":"Feature","properties":{"subdistrict_code":"940501","subdistrict_th":"มายอ","subdistrict_en":"Mayo","district_code":"9405","district_th":"มายอ","province_code":"94","province_th":"ปัตตานี"},"geometry":{"type":"Polygon","coordinates":[[[101.4515727385911,6.710387368582246],[101.4448838321232,6.7127237856742],[101.43842312142999,6.718580478406409],[101.43225717432921,6.722045643591628],[101.41975092676392,6.726236413279878],[101.41808896523361,6.73214435387888],[101.41436397691604,6.737032706094567],[101.40575728597003,6.738832001295862],[101.4021637371668,6.735218533408613],[101.40160112579139,6.73181101206859],[101.40346818940549,6.722981532971403],[101.3997380650597,6.719137060726837],[101.39927366234969,6.717191000664172],[101.39909141473709,6.706159967708402],[101.40157258220898,6.702840359594973],[101.40012900484976,6.698580739609497],[101.40957939477329,6.701648735400852],[101.41348270965938,6.701904099694502],[101.42276369428913,6.697311587559739],[101.4362062925864,6.694657938213311],[101.43692159175811,6.697049499934508],[101.43623094929893,6.700993557706568],[101.43844994191136,6.703532425680976],[101.43943332538771,6.708240919782668],[101.44538859101073,6.709365879032134],[101.45044348058224,6.708508581405965],[101.4515727385911,6.710387368582246]]]}},{"type":"Feature","properties":{"subdistrict_code":"940513","subdistrict_th":"ปานัน","subdistrict_en":"Panan","district_code":"9405","district_th":"มายอ","province_code":"94","province_th":"ปัตตานี"},"geometry":{"type":"Polygon","coordinates":[[[101.35180277907506,6.725325551133324],[101.34304949144092,6.731994637442597],[101.33728851175545,6.738861181598281],[101.33572160856545,6.736581866959625],[101.3275876489509,6.730247186358611],[101.31793962491383,6.724366895415926],[101.31691895374678,6.720761816404774],[101.31956984307385,6.7146965987690805],[101.32595368421522,6.705925768059785],[101.32894234721164,6.707482088927293],[101.3375144969965,6.709054738785198],[101.34705187564361,6.713714971668651],[101.34595878387086,6.7175537548019975],[101.34662338556086,6.7213417478234305],[101.35180277907506,6.725325551133324]]]}},{"type":"Feature","properties":{"subdistrict_code":"940304","subdistrict_th":"ดาโต๊ะ","subdistrict_en":"Dato","district_code":"9403","district_th":"หนองจิก","province_code":"94","province_th":"ปัตตานี"},"geometry":{"type":"Polygon","coordinates":[[[101.26655158079086,6.703051904421898],[101.2660727142844,6.704590219063391],[101.26764838856235,6.707081718846268],[101.262993059682,6.711459564607253],[101.26016463608914,6.721838945211175],[101.26055975862602,6.72675390836622],[101.25611666794993,6.726472734429194],[101.25471756656253,6.727479720612678],[101.2580901348519,6.730161819112709],[101.25587178255677,6.730717241307673],[101.25603770207834,6.7355620924166715],[101.25442919714976,6.737485846594609],[101.24649243188031,6.730463261070668],[101.24261980276174,6.724215633045105],[101.23847757757818,6.732132195944132],[101.22426464339861,6.727558134300523],[101.22265427957143,6.7232615305952095],[101.22531192280707,6.715651218329128],[101.2248978578499,6.713509896564517],[101.22030024386123,6.717466599703869],[101.21427378160979,6.718582577424058],[101.22578273858255,6.707954798675075],[101.23761386868517,6.703776748098505],[101.26489919434238,6.70205448342773],[101.26655158079086,6.703051904421898]]]}},{"type":"Feature","properties":{"subdistrict_code":"940705","subdistrict_th":"บือเระ","subdistrict_en":"Bue Re","district_code":"9407","district_th":"สายบุรี","province_code":"94","province_th":"ปัตตานี"},"geometry":{"type":"Polygon","coordinates":[[[101.59590449759457,6.708790466706716],[101.58127479419647,6.720987087584092],[101.57835458939286,6.730015934687685],[101.56010707528134,6.72451435365457],[101.54978045700256,6.722943245234603],[101.53881392072594,6.727946005603712],[101.54180404601999,6.712419416422961],[101.56977823437808,6.701738380721736],[101.57151129541,6.700292950759092],[101.57167729317263,6.698656906790859],[101.57510224157522,6.694063308275133],[101.57828365716512,6.692487149262604],[101.58050067306766,6.690046775038695],[101.58707689268454,6.689573921399415],[101.59227009169143,6.693167622188071],[101.5929972349345,6.697567671311049],[101.59864855218899,6.704113948000327],[101.59807741613992,6.706571660253985],[101.59566534088282,6.706942523578675],[101.59590449759457,6.708790466706716]]]}},{"type":"Feature","properties":{"subdistrict_code":"940206","subdistrict_th":"นาประดู่","subdistrict_en":"Na Pradu","district_code":"9402","district_th":"โคกโพธิ์","province_code":"94","province_th":"ปัตตานี"},"geometry":{"type":"Polygon","coordinates":[[[101.1710195837868,6.702170686627937],[101.16333032633355,6.705447669574312],[101.1544664103966,6.713568326417203],[101.15237303958418,6.7131594280651825],[101.14804313937941,6.7101082370055565],[101.14734414041982,6.712833446306547],[101.14486427426692,6.714632517576661],[101.14442229525281,6.716172938430418],[101.14598418112513,6.717294395719819],[101.1507360270461,6.717964544428241],[101.15129694859536,6.718932741053209],[101.14110672419605,6.723953895256102],[101.13575045471975,6.728673574226093],[101.12972574344838,6.726968681759331],[101.12865269756401,6.7241579469317685],[101.13123966397939,6.72135784299013],[101.12831476471467,6.7141566161349715],[101.12720286092338,6.712795267387719],[101.11870324056218,6.708788893792473],[101.12745015380159,6.699711553445468],[101.12559088820899,6.697887859637035],[101.12390027787558,6.693895505573153],[101.12673356410278,6.693184912553704],[101.12777528120432,6.691271825234594],[101.12475634972583,6.6886446132583615],[101.12205326104925,6.684424391672394],[101.12257058796234,6.680812344714013],[101.11967485011428,6.675797955211522],[101.12182112624401,6.6701539197676425],[101.12510920772382,6.6676096756460765],[101.12371919488498,6.666718996084853],[101.11742312307871,6.667033637392478],[101.11370859927251,6.666078310965304],[101.11245881772032,6.66454401179675],[101.11283363176676,6.662599906860237],[101.12466785913443,6.650265928030194],[101.13111351607597,6.650102040077115],[101.1328301536887,6.648517155842114],[101.13938361506183,6.651473761604848],[101.14490010955245,6.657658630441517],[101.15375991558767,6.661805575267124],[101.16132646144712,6.669521095622088],[101.16552289686427,6.6842689798295964],[101.16525682344371,6.688525651837438],[101.169717429316,6.6940858183058936],[101.1710195837868,6.702170686627937]]]}},{"type":"Feature","properties":{"subdistrict_code":"941008","subdistrict_th":"กระโด","subdistrict_en":"Krado","district_code":"9410","district_th":"ยะรัง","province_code":"94","province_th":"ปัตตานี"},"geometry":{"type":"Polygon","coordinates":[[[101.31942419696918,6.725457521247677],[101.31120177464226,6.726816116270811],[101.29631767102376,6.727290710997579],[101.2857112520727,6.726077176620436],[101.27899156181121,6.722551623758477],[101.28601818079449,6.714238478722848],[101.28645748882212,6.706172989891627],[101.29540595002464,6.7061504160089385],[101.30547090425887,6.707683351805315],[101.3172877063626,6.719516092593665],[101.31706004208735,6.72310956855182],[101.31942419696918,6.725457521247677]]]}},{"type":"Feature","properties":{"subdistrict_code":"940503","subdistrict_th":"ตรัง","subdistrict_en":"Trang","district_code":"9405","district_th":"มายอ","province_code":"94","province_th":"ปัตตานี"},"geometry":{"type":"Polygon","coordinates":[[[101.39920326701724,6.70593008210767],[101.39088191566793,6.706496062343433],[101.37666662436527,6.703350803996443],[101.37245270522823,6.703266682311607],[101.37166839028407,6.704311037124739],[101.3714899557969,6.70947630858484],[101.3651004075578,6.7243417728545865],[101.36000839756957,6.725830616689677],[101.35674672737963,6.725934465902924],[101.35292727607299,6.724620211053946],[101.35180277907506,6.725325551133324],[101.34650970495898,6.720967185587199],[101.34618047484912,6.716530751692858],[101.34963039742496,6.7085579002269355],[101.354516860165,6.703467160081402],[101.35834919785725,6.697624480585375],[101.35757462257084,6.692582368581498],[101.35928310243327,6.6899535297316675],[101.36293330582748,6.686917670314301],[101.36704982928626,6.685103155885997],[101.38039688720664,6.680226336576197],[101.38727932058424,6.678835558414335],[101.39289694383893,6.67611145797747],[101.39387369571455,6.680964870632295],[101.39617744043659,6.682284571775597],[101.39748543240682,6.685878879606662],[101.40336261619183,6.693032884859804],[101.40027397286559,6.696450362594192],[101.40157258220898,6.702840359594973],[101.39920326701724,6.70593008210767]]]}},{"type":"Feature","properties":{"subdistrict_code":"940204","subdistrict_th":"ป่าบอน","subdistrict_en":"Pa Bon","district_code":"9402","district_th":"โคกโพธิ์","province_code":"94","province_th":"ปัตตานี"},"geometry":{"type":"Polygon","coordinates":[[[101.11870324056218,6.708788893792473],[101.099354103709,6.725885751426347],[101.08736484401243,6.720796523940464],[101.0875090494032,6.715249704310452],[101.08146455394609,6.704054135889692],[101.0846325318659,6.703859321150787],[101.08903777457368,6.7011804952836656],[101.09303263684677,6.700945670606245],[101.09677641290119,6.703586677283397],[101.09936447828812,6.704044011322139],[101.10114304141831,6.702208021083379],[101.1029716554176,6.695170880931471],[101.1049558881038,6.691949451805783],[101.10852198330292,6.6905965117196615],[101.11452889699109,6.690902945814344],[101.12390027787558,6.693895505573153],[101.12559088820899,6.697887859637035],[101.12745015380159,6.699711553445468],[101.11870324056218,6.708788893792473]]]}},{"type":"Feature","properties":{"subdistrict_code":"900405","subdistrict_th":"ปลักหนู","subdistrict_en":"Plak Nu","district_code":"9004","district_th":"นาทวี","province_code":"90","province_th":"สงขลา"},"geometry":{"type":"Polygon","coordinates":[[[100.68407598541847,6.718387489291274],[100.68431060235247,6.7197899379553405],[100.68304651798246,6.720588312900361],[100.68212698817001,6.723116260407153],[100.68369564144075,6.726056404079827],[100.6819385891946,6.725620219397683],[100.68055203874565,6.726977377304195],[100.67779809160868,6.726795527191882],[100.67633626700518,6.724668519036982],[100.67047097135833,6.720951525692385],[100.66836259625688,6.717776074406345],[100.66475956769995,6.714837677217076],[100.66171034435695,6.71516733540426],[100.65289919883901,6.713709078411284],[100.64946434170605,6.708219147195962],[100.65111514175044,6.703643471269231],[100.64834815444385,6.700473768449683],[100.65037639905165,6.69559701658909],[100.64914595292345,6.691940070977523],[100.64952182727058,6.686199656988606],[100.64743192064668,6.6782272156135605],[100.64370725158847,6.67648088418548],[100.6393924042361,6.677431156422756],[100.63679140030297,6.674125707235646],[100.63331007609918,6.674326015033614],[100.63071307594777,6.672385369789026],[100.6265882310621,6.6714794710008505],[100.6284160698458,6.664053997294161],[100.63322151985733,6.658669668070786],[100.63181527695355,6.65201502037695],[100.63422146075186,6.648760230899995],[100.63690530303734,6.647519878739445],[100.6374924281331,6.644571194205298],[100.64216115691192,6.64236970239989],[100.63972639535694,6.639938539931734],[100.64027678494574,6.636483031666614],[100.63879601162671,6.63496990973357],[100.6388338380113,6.633160709399249],[100.64182107917952,6.632084375593536],[100.64248314568067,6.634195312863426],[100.64599311059362,6.635732209274067],[100.65398284773028,6.6368981029651195],[100.65764952220775,6.641846216030103],[100.66053701057461,6.641115411646979],[100.6676856037077,6.644075401558609],[100.67396242102899,6.636918647977268],[100.67863568418954,6.640470064441956],[100.68106411541663,6.644722479958546],[100.68238533101828,6.650136624405718],[100.68549338441221,6.65417842679301],[100.68203515120132,6.658850119737281],[100.6828669692353,6.66459822113103],[100.68198772275525,6.6689850601125045],[100.67846226342277,6.672786380187347],[100.68051593186482,6.673158599689657],[100.68357298560488,6.677523817170481],[100.68605319080217,6.677329122940705],[100.68827791119668,6.6792817120813766],[100.68765149202278,6.684027966017879],[100.68536171557076,6.688091433972545],[100.68771054420631,6.693083077821825],[100.6886503690194,6.692446325437629],[100.68850906034493,6.690802522118759],[100.69007367026376,6.690874573103088],[100.69117167773078,6.692623779663734],[100.69040040655358,6.702558645165368],[100.68766568422399,6.701989909406848],[100.68586674785217,6.703733061731441],[100.68810146870788,6.708827786772986],[100.68442940998932,6.709377295925492],[100.68315808607684,6.7121218622341985],[100.68444517690347,6.713965091116108],[100.68202826958901,6.717008221552248],[100.68407598541847,6.718387489291274]]]}},{"type":"Feature","properties":{"subdistrict_code":"941203","subdistrict_th":"ป่าไร่","subdistrict_en":"Pa Rai","district_code":"9412","district_th":"แม่ลาน","province_code":"94","province_th":"ปัตตานี"},"geometry":{"type":"Polygon","coordinates":[[[101.21427378160979,6.718582577424058],[101.21055718216826,6.721755864941258],[101.21051279882664,6.719061147154264],[101.2084387787267,6.715925299313142],[101.18686512922238,6.6981754367470785],[101.18719637381366,6.6950236268389745],[101.19092504575434,6.691248771113919],[101.1901047948005,6.684457406684032],[101.19217900915402,6.679710817300418],[101.19297735262279,6.670542164289486],[101.18976598331352,6.666711736757293],[101.18639095178105,6.6659136900647695],[101.18595546857006,6.663340429317429],[101.18683893376982,6.660045152361931],[101.19630636584617,6.65532434474278],[101.20143604843497,6.654733159207979],[101.20805026440826,6.655684457571681],[101.21196129817542,6.652347192169259],[101.21494368840058,6.651734974189765],[101.2175768889623,6.652387015948079],[101.22460738582225,6.660473469774843],[101.22521639861799,6.664836233005815],[101.22613445893819,6.665678981399935],[101.24156396090814,6.675909529601142],[101.24041517771832,6.677894379222266],[101.24191579997427,6.700532322408776],[101.24135572558635,6.703857413688752],[101.23761386868517,6.703776748098505],[101.22578273858255,6.707954798675075],[101.21427378160979,6.718582577424058]]]}},{"type":"Feature","properties":{"subdistrict_code":"940701","subdistrict_th":"ตะลุบัน","subdistrict_en":"Taluban","district_code":"9407","district_th":"สายบุรี","province_code":"94","province_th":"ปัตตานี"},"geometry":{"type":"Polygon","coordinates":[[[101.63814900497266,6.713538629903894],[101.63705668032162,6.7127498381345845],[101.63553463711389,6.713467977365326],[101.62994797391991,6.7181084638345965],[101.62745545070857,6.71643195487087],[101.62740187539629,6.714659892939778],[101.63060580911088,6.711000300623425],[101.62842145388703,6.707997104582773],[101.61771232696236,6.708192195413517],[101.61458730426074,6.706544939597336],[101.61233166517428,6.707745880767845],[101.6077044239201,6.7073666663386575],[101.60628609143004,6.703906258567031],[101.6086744380749,6.698229646980678],[101.60880101405559,6.6939815967733125],[101.61009893541757,6.690629899050634],[101.60885402639224,6.687259500825348],[101.60949399475214,6.6842609156088315],[101.61935765643074,6.685144965367897],[101.62718151541469,6.6830936882232095],[101.63537260895879,6.6767450474460475],[101.6375627450247,6.674005349167601],[101.63890709388733,6.66860489779782],[101.64273409859982,6.666158609632191],[101.64250975821881,6.664561436161421],[101.64023809591146,6.661977783747773],[101.66703882098489,6.666720836097738],[101.66117998426893,6.675938747675104],[101.64731707612225,6.702074709180522],[101.64268171758727,6.709490037635192],[101.63814900497266,6.713538629903894]]]}},{"type":"Feature","properties":{"subdistrict_code":"941011","subdistrict_th":"กอลำ","subdistrict_en":"Kolam","district_code":"9410","district_th":"ยะรัง","province_code":"94","province_th":"ปัตตานี"},"geometry":{"type":"Polygon","coordinates":[[[101.32595368421522,6.705925768059785],[101.31956984307385,6.7146965987690805],[101.3172877063626,6.719516092593665],[101.31202999179072,6.713495025375153],[101.30404898527252,6.7070409211016795],[101.30541899539037,6.703011573425442],[101.30797003568864,6.6832307925670875],[101.3141831621233,6.673231678599109],[101.31685180406754,6.655902262579389],[101.32389584741549,6.641488330821858],[101.32420011684195,6.636013294178213],[101.32744122673131,6.635609982414792],[101.33992972707529,6.639718075628764],[101.34927416517064,6.640005464780415],[101.35802913813427,6.64643047598571],[101.35465480267709,6.657409904943222],[101.34936492025491,6.666354038608063],[101.34719813058933,6.671937856347029],[101.33391382106606,6.69465951382557],[101.32595368421522,6.705925768059785]]]}},{"type":"Feature","properties":{"subdistrict_code":"900410","subdistrict_th":"คลองกวาง","subdistrict_en":"Khlong Kwang","district_code":"9004","district_th":"นาทวี","province_code":"90","province_th":"สงขลา"},"geometry":{"type":"Polygon","coordinates":[[[100.65756515141067,6.714069475426015],[100.65600108917897,6.715912880575047],[100.65388125401671,6.71575755776513],[100.65391128867509,6.718122906047313],[100.65300751858217,6.718836920087824],[100.64114496257002,6.719796315947292],[100.63315634059268,6.718032593429484],[100.63020319542119,6.716343556010372],[100.62772473041201,6.717146977051414],[100.62279192380828,6.715126493592834],[100.6185222152281,6.715318637345263],[100.61303333711885,6.710768504862642],[100.611760769444,6.710920761883699],[100.61006249328949,6.713473542370139],[100.60813505099185,6.713382094807855],[100.60283953071985,6.706907352892074],[100.59964735114443,6.698611482933643],[100.59396952457394,6.6937361250222125],[100.58877039633677,6.6931691285524835],[100.58667200820668,6.688782818372431],[100.58369031495613,6.686036073905711],[100.58128225517197,6.681126800761319],[100.57747740256013,6.67673063221298],[100.57382037241234,6.67665076342206],[100.57220563787996,6.674784052342204],[100.56852278909548,6.6742272128156515],[100.56898860104315,6.6690831788456535],[100.57105127079956,6.665710420799314],[100.56716428040727,6.658515054825955],[100.56669580017109,6.6457050693335304],[100.56857717469694,6.643106075385106],[100.5700857964224,6.633826723924244],[100.5718537457538,6.632015946179024],[100.57092434857987,6.621960979815412],[100.56956458623671,6.619501663171263],[100.57231811698756,6.613365301067859],[100.57054086237093,6.610600410080906],[100.56835311310573,6.609930788375209],[100.56422482471595,6.604878066169874],[100.56634498183553,6.601853909630279],[100.56658553519435,6.599086598567737],[100.56857085875816,6.59758856635932],[100.56502208719962,6.594541807158748],[100.5643038049767,6.589334224394975],[100.56788330187294,6.583459822213058],[100.57095097570704,6.571376265902018],[100.57253688426988,6.569420855588078],[100.57776704361424,6.566618646333495],[100.57972236399598,6.562641550167427],[100.58648621366791,6.561810295109069],[100.59149785214424,6.564289090169439],[100.5924944115879,6.563999382565498],[100.59311657427054,6.556685188270876],[100.59472920079202,6.553042610228317],[100.59429196929898,6.549894853564695],[100.59884704265693,6.545145925943757],[100.59953763925068,6.54177643243645],[100.60225953904654,6.546480732999498],[100.6044010379776,6.553638570263843],[100.60785374935114,6.559036763435927],[100.61000106239919,6.567422633947444],[100.61622033839797,6.571940900751997],[100.62762201434452,6.5735543807301156],[100.6290196453404,6.583193077898272],[100.63124860873637,6.585960191109962],[100.63351751642028,6.587799725576929],[100.63727864219567,6.588486516239755],[100.64217985381725,6.594374644774064],[100.64798504057723,6.597229332168013],[100.65267266591087,6.602045342918302],[100.65472838660583,6.6121395494007515],[100.6588842023441,6.619606662617457],[100.6589564385888,6.625498154616196],[100.66054246226486,6.629578914735191],[100.66635909469653,6.634004905701886],[100.67396242102899,6.636918647977268],[100.6676856037077,6.644075401558609],[100.66053701057461,6.641115411646979],[100.65764952220775,6.641846216030103],[100.65398284773028,6.6368981029651195],[100.64599311059362,6.635732209274067],[100.64248314568067,6.634195312863426],[100.64182107917952,6.632084375593536],[100.6388338380113,6.633160709399249],[100.63879601162671,6.63496990973357],[100.64027678494574,6.636483031666614],[100.63972639535694,6.639938539931734],[100.64216115691192,6.64236970239989],[100.6374924281331,6.644571194205298],[100.63690530303734,6.647519878739445],[100.63422146075186,6.648760230899995],[100.63181527695355,6.65201502037695],[100.63322151985733,6.658669668070786],[100.6284160698458,6.664053997294161],[100.62638077904978,6.670450429843527],[100.62678406922947,6.671729757722176],[100.63071307594777,6.672385369789026],[100.63331007609918,6.674326015033614],[100.63679140030297,6.674125707235646],[100.6393924042361,6.677431156422756],[100.64370725158847,6.67648088418548],[100.64743192064668,6.6782272156135605],[100.64952182727058,6.686199656988606],[100.64914595292345,6.691940070977523],[100.65037639905165,6.69559701658909],[100.64834815444385,6.700473768449683],[100.65111514175044,6.703643471269231],[100.64946434170605,6.708219147195962],[100.653312372568,6.714026432973526],[100.65756515141067,6.714069475426015]]]}},{"type":"Feature","properties":{"subdistrict_code":"900406","subdistrict_th":"ท่าประดู่","subdistrict_en":"Tha Pradu","district_code":"9004","district_th":"นาทวี","province_code":"90","province_th":"สงขลา"},"geometry":{"type":"Polygon","coordinates":[[[100.74227177332375,6.6611409978588085],[100.74060781799648,6.666279374193834],[100.73833063565036,6.668389118962693],[100.74144352200102,6.672931392269959],[100.74508446327741,6.676215481659199],[100.74507209400201,6.683412434036654],[100.7465747882959,6.687476589972675],[100.74558617256389,6.689226343321138],[100.74149881321972,6.69191671468468],[100.72910262378713,6.696661228433015],[100.72820692690823,6.69961945927065],[100.72642137334776,6.701096214418783],[100.71895715774667,6.703060245633878],[100.71297925528847,6.711906318122146],[100.70657698613905,6.711608772926581],[100.70435665983206,6.712774466068822],[100.70253916235254,6.715425916572826],[100.69076632810362,6.715874989439271],[100.68922268228101,6.7150207288236174],[100.68586381336434,6.7155380971055365],[100.68439444344887,6.718280148010479],[100.68225777837381,6.717419143378834],[100.6821805931599,6.7162605755651725],[100.68444517690347,6.713965091116108],[100.68315808607684,6.7121218622341985],[100.68442940998932,6.709377295925492],[100.68810146870788,6.708827786772986],[100.68586674785217,6.703733061731441],[100.68766568422399,6.701989909406848],[100.69040040655358,6.702558645165368],[100.69117167773078,6.692623779663734],[100.69007367026376,6.690874573103088],[100.68850906034493,6.690802522118759],[100.6886503690194,6.692446325437629],[100.68771054420631,6.693083077821825],[100.68536171557076,6.688091433972545],[100.68765149202278,6.684027966017879],[100.68827791119668,6.6792817120813766],[100.68605319080217,6.677329122940705],[100.68357298560488,6.677523817170481],[100.68051593186482,6.673158599689657],[100.67846226342277,6.672786380187347],[100.68230147463339,6.668003460891043],[100.6828669692353,6.66459822113103],[100.68203515120132,6.658850119737281],[100.68342078074448,6.656437312432047],[100.68529693020923,6.654996014854248],[100.68805451690247,6.65694427196064],[100.69288087075563,6.658405619024165],[100.71013048993024,6.659118211236489],[100.71195485193493,6.658254863870923],[100.71527139156154,6.660000658403703],[100.72259434705154,6.660323306375517],[100.72701001110318,6.662641329633686],[100.72996259779569,6.6659963638411455],[100.73392565824258,6.663023429987334],[100.74227177332375,6.6611409978588085]]]}},{"type":"Feature","properties":{"subdistrict_code":"940509","subdistrict_th":"ปะโด","subdistrict_en":"Pado","district_code":"9405","district_th":"มายอ","province_code":"94","province_th":"ปัตตานี"},"geometry":{"type":"Polygon","coordinates":[[[101.39289694383893,6.67611145797747],[101.38727932058424,6.678835558414335],[101.38039688720664,6.680226336576197],[101.36238088287149,6.687306724226005],[101.35847624058607,6.690778787211286],[101.35752687306677,6.693111359701561],[101.35834919785725,6.697624480585375],[101.354516860165,6.703467160081402],[101.35036988925901,6.7072262327045],[101.34730947834981,6.713936881182178],[101.3375144969965,6.709054738785198],[101.32894234721164,6.707482088927293],[101.32595368421522,6.705925768059785],[101.33792095458847,6.688207679440893],[101.35325542699644,6.660281272063116],[101.35698447485368,6.651171152326867],[101.35908516165097,6.6413474097552125],[101.36365952636612,6.64981457358374],[101.36315001636024,6.651078181313039],[101.37325611367874,6.6536574756120785],[101.37827246460262,6.657150491901746],[101.3844177992421,6.666272920658798],[101.38917977242863,6.670397414808917],[101.39289694383893,6.67611145797747]]]}},{"type":"Feature","properties":{"subdistrict_code":"940702","subdistrict_th":"ตะบิ้ง","subdistrict_en":"Tabing","district_code":"9407","district_th":"สายบุรี","province_code":"94","province_th":"ปัตตานี"},"geometry":{"type":"Polygon","coordinates":[[[101.61233166517428,6.707745880767845],[101.60904579602675,6.711116087437517],[101.60124701014149,6.71236115024692],[101.59571743231373,6.70856496530098],[101.59566534088282,6.706942523578675],[101.59807741613992,6.706571660253985],[101.59864855218899,6.704113948000327],[101.5929972349345,6.697567671311049],[101.59277402320265,6.694025182416283],[101.59138654375403,6.692313757274121],[101.58707689268454,6.689573921399415],[101.58160093603442,6.689678383950309],[101.57916819165877,6.691486725432071],[101.5680303480222,6.684895863952988],[101.56493290482973,6.67874068263643],[101.57075307609364,6.6643800923674235],[101.57455519296786,6.649143848409949],[101.57921339967874,6.64775214394632],[101.58147758412326,6.648637275589863],[101.58201743455703,6.651739293633568],[101.58082143606049,6.6549627732134695],[101.58138505017996,6.661310140550597],[101.5849628770352,6.6686956753652],[101.58657347558551,6.668701917559474],[101.59014564660436,6.664980781937572],[101.59277770682576,6.663721537718857],[101.59554126231944,6.663945367284896],[101.59770289707109,6.665936835016964],[101.59767056464489,6.671380704755791],[101.59305341558274,6.672108769803913],[101.59161625398701,6.673286631672738],[101.59418755331302,6.674859114256776],[101.59528712739905,6.677586474736074],[101.59903894968784,6.6745195158630395],[101.6017583979318,6.673869186413867],[101.60997724455427,6.679513379239097],[101.61043767855608,6.6816493095680585],[101.60878550704558,6.686270314923149],[101.61009893541757,6.690629899050634],[101.60880101405559,6.6939815967733125],[101.6086744380749,6.698229646980678],[101.60628609143004,6.703906258567031],[101.6077044239201,6.7073666663386575],[101.61233166517428,6.707745880767845]]]}},{"type":"Feature","properties":{"subdistrict_code":"940706","subdistrict_th":"เตราะบอน","subdistrict_en":"Tro Bon","district_code":"9407","district_th":"สายบุรี","province_code":"94","province_th":"ปัตตานี"},"geometry":{"type":"Polygon","coordinates":[[[101.57916819165877,6.691486725432071],[101.57510224157522,6.694063308275133],[101.57167729317263,6.698656906790859],[101.57151129541,6.700292950759092],[101.56977823437808,6.701738380721736],[101.54180404601999,6.712419416422961],[101.54128832979262,6.710153692339077],[101.53964840704839,6.708559738441238],[101.5335128750192,6.7050905739708355],[101.515371494399,6.699172764211767],[101.51599133862942,6.6978619591621396],[101.5138534657649,6.690575583596342],[101.51129473716247,6.688035523120959],[101.51367459780448,6.685650780059518],[101.51111631256782,6.676651815628816],[101.5369014458451,6.664415719909584],[101.53964050470557,6.666227202723292],[101.54173621825191,6.666412412702755],[101.54949266765254,6.6644429154082445],[101.55590727639975,6.66824270843432],[101.56583704993994,6.679981423304071],[101.5680303480222,6.684895863952988],[101.57916819165877,6.691486725432071]]]}},{"type":"Feature","properties":{"subdistrict_code":"940602","subdistrict_th":"พิเทน","subdistrict_en":"Phithen","district_code":"9406","district_th":"ทุ่งยางแดง","province_code":"94","province_th":"ปัตตานี"},"geometry":{"type":"Polygon","coordinates":[[[101.515371494399,6.699172764211767],[101.50731648716624,6.704352437415082],[101.50595936343393,6.70976446665685],[101.50325629364312,6.710955433446543],[101.49964157929548,6.70865683194728],[101.49780513489912,6.710279423856377],[101.48828507269803,6.712432506954656],[101.47617684888252,6.711069230960277],[101.45307159907509,6.712279553858366],[101.45044348058224,6.708508581405965],[101.44538859101073,6.709365879032134],[101.43987966611377,6.708576500005506],[101.43882722459682,6.707479648167293],[101.43844994191136,6.703532425680976],[101.43623094929893,6.700993557706568],[101.43660532357688,6.695368844196878],[101.43362197737241,6.691354865934386],[101.43406725240186,6.6853162970095354],[101.433013046415,6.6777881926710165],[101.4358578862325,6.671642876017984],[101.43592548287478,6.668628880918163],[101.43405854516578,6.663882323010853],[101.43294530228394,6.656837465776448],[101.42957463785933,6.651993189334291],[101.4290474795576,6.641510326440482],[101.42591228102702,6.638450431742058],[101.418189966294,6.633924973059095],[101.41519897944943,6.629829946095185],[101.42872261205895,6.63026894385672],[101.43356904687408,6.6386958962986],[101.44351569439385,6.633714393204741],[101.44907607040437,6.632748695795726],[101.44892856540105,6.635481750782219],[101.44516172893071,6.639288440709038],[101.44501960367182,6.644027934441681],[101.44626812167655,6.644883493678321],[101.44625861494319,6.647817250365847],[101.46322395841901,6.648508662644701],[101.47184936155884,6.650861826911807],[101.47701642626714,6.654043299158957],[101.48063795837515,6.659382334926875],[101.49587477070418,6.672836242198855],[101.50328244412952,6.671498950316334],[101.50720187216871,6.674346805560674],[101.51056150640846,6.675428346441095],[101.51364362964983,6.684430344285033],[101.51367459780448,6.685650780059518],[101.51129473716247,6.688035523120959],[101.5138534657649,6.690575583596342],[101.51599133862942,6.6978619591621396],[101.515371494399,6.699172764211767]]]}},{"type":"Feature","properties":{"subdistrict_code":"941202","subdistrict_th":"ม่วงเตี้ย","subdistrict_en":"Muang Tia","district_code":"9412","district_th":"แม่ลาน","province_code":"94","province_th":"ปัตตานี"},"geometry":{"type":"Polygon","coordinates":[[[101.28617424014914,6.7117158426120795],[101.2837133730738,6.71330972186621],[101.28230497989097,6.712176787428859],[101.28270683385335,6.699567035989958],[101.28123797655144,6.699273874989387],[101.27871889905799,6.700495684927944],[101.27706874832415,6.69961524234958],[101.27737918889852,6.693080751275716],[101.27532050044078,6.6908519587509545],[101.27297713608601,6.691211370108704],[101.27113520942243,6.693942937616498],[101.26852264290568,6.690952854590591],[101.26588408508252,6.696534879081469],[101.27235100739313,6.69902186156969],[101.27292920042231,6.704294116380424],[101.26489919434238,6.70205448342773],[101.24135572558635,6.703857413688752],[101.24191579997427,6.700532322408776],[101.24072911485683,6.676848338180321],[101.24670936904221,6.670076055565573],[101.24986277164965,6.6673171153926205],[101.25174875969753,6.666914737125467],[101.26208661500533,6.656879073810273],[101.26748279999128,6.65001164741966],[101.2715972487141,6.646804756734184],[101.27627354798591,6.654097663176685],[101.27869253543224,6.667226070726656],[101.2806389372372,6.668916362700031],[101.28362728637023,6.6696071022859655],[101.28115036729565,6.671484580049366],[101.28259665161426,6.675096931877931],[101.27944278585596,6.679417552877794],[101.28027921021743,6.685060322076254],[101.2862274827122,6.69136462177994],[101.29071462398076,6.691968564197907],[101.28889070983843,6.694780870141074],[101.28644614657247,6.703861291565374],[101.28617424014914,6.7117158426120795]]]}},{"type":"Feature","properties":{"subdistrict_code":"940215","subdistrict_th":"ช้างให้ตก","subdistrict_en":"Chang Hai Tok","district_code":"9402","district_th":"โคกโพธิ์","province_code":"94","province_th":"ปัตตานี"},"geometry":{"type":"Polygon","coordinates":[[[101.08146455394609,6.704054135889692],[101.07613195912268,6.70583506603549],[101.07351289770213,6.707944067065114],[101.0646879089199,6.710493954432479],[101.05425119923353,6.711628855687195],[101.0578869703075,6.710290880319917],[101.05878682565157,6.707221265748842],[101.06081288041014,6.706131864793747],[101.06309450540715,6.701443864442865],[101.06154669392487,6.690167919114231],[101.06721199114054,6.687150076714715],[101.07294698401614,6.685962095674199],[101.06298465411857,6.68240803700138],[101.05888370242099,6.678137772640127],[101.05737204998019,6.677754736092254],[101.05514523956123,6.671604694401196],[101.04894682243798,6.663274235617507],[101.05933362964333,6.657716920899247],[101.06484739918818,6.664347095342237],[101.0706238490115,6.668358867567747],[101.07446783112556,6.675494774864035],[101.08608545677845,6.684806964170093],[101.09488796700612,6.689207771421536],[101.09875065322012,6.694375304676612],[101.1027399100189,6.696481569968512],[101.10114304141831,6.702208021083379],[101.09936447828812,6.704044011322139],[101.09677641290119,6.703586677283397],[101.09303263684677,6.700945670606245],[101.08903777457368,6.7011804952836656],[101.0846325318659,6.703859321150787],[101.08146455394609,6.704054135889692]]]}},{"type":"Feature","properties":{"subdistrict_code":"900601","subdistrict_th":"สะบ้าย้อย","subdistrict_en":"Saba Yoi","district_code":"9006","district_th":"สะบ้าย้อย","province_code":"90","province_th":"สงขลา"},"geometry":{"type":"Polygon","coordinates":[[[100.97270476891003,6.698716549828987],[100.97134980804725,6.701055390593865],[100.97198033892158,6.703111644586784],[100.96875792593761,6.703607701634155],[100.97090987678945,6.7064187008624],[100.96850724621248,6.710010246875413],[100.96602016300017,6.7095348373629236],[100.96523122464134,6.711104906166554],[100.96331544385271,6.708344354408496],[100.96176685715477,6.710194340796249],[100.96015814268418,6.708530172329631],[100.95794506671155,6.708520644911857],[100.95423163558155,6.706801841731647],[100.95333341970161,6.7037920788413885],[100.95517261062753,6.702834274781992],[100.95295550928938,6.701358444136929],[100.95603801833994,6.701345752004897],[100.957619657821,6.697931563091231],[100.95601337691585,6.6938107471683],[100.95403014157785,6.693595998956255],[100.95205380583855,6.691631778883561],[100.9532022625744,6.6898557464455735],[100.95224929057235,6.687130838417488],[100.95287367727843,6.68510373774734],[100.9515523681473,6.681985305277692],[100.95291282386779,6.6805830751488315],[100.95248061328971,6.678908809993629],[100.95470000789908,6.676910988551356],[100.9543455149336,6.674953413569256],[100.95029480476148,6.672120025718641],[100.94824637936699,6.66861511139831],[100.9460922377666,6.6681020562649564],[100.94359108196295,6.665864925226174],[100.94059412991521,6.661904854125794],[100.9391861036558,6.661653561063019],[100.9359965923689,6.65846241121136],[100.93341266566205,6.658374204805739],[100.92963181955287,6.654975667692952],[100.92566430296529,6.660077638572204],[100.92289786514442,6.66080210093628],[100.92091031036261,6.659956007064125],[100.91795220542997,6.656296204306443],[100.91748853207014,6.653901517441113],[100.91820653820122,6.650327456946627],[100.9213820182656,6.646088944049552],[100.92168333072118,6.6440382496655275],[100.91697533394455,6.644118089678159],[100.91182769009589,6.638316558662325],[100.9074619887798,6.639921816138951],[100.90552965417027,6.639741079387363],[100.90355412422349,6.636112943557521],[100.9014624962972,6.634474888705199],[100.8989099739162,6.63585103759533],[100.89982237300416,6.6340779891079364],[100.89969295156851,6.629723682202211],[100.89549897759582,6.621393438356563],[100.89465339004198,6.616753371870686],[100.89651534730547,6.607981833394945],[100.90980151302944,6.608142387561202],[100.9196386995664,6.604318549361608],[100.92130677378861,6.605762666314035],[100.92518947531408,6.6061875833902945],[100.92883376566579,6.608451007907718],[100.9286586649655,6.61022121273885],[100.93437427475305,6.611081389994183],[100.9378344522982,6.6058811519936285],[100.94221538363308,6.6019182129552405],[100.94788920732111,6.594645130268589],[100.95309018456442,6.590617919381543],[100.98079901985892,6.55948036122976],[100.98117617843792,6.562413774376239],[100.97934340237617,6.564888053940592],[100.98114126855478,6.569161251890307],[100.99842209510365,6.566460580591354],[101.02043499417971,6.569753503121717],[101.02971532770027,6.573771826009022],[101.02361671913633,6.578022472559098],[101.01175347694146,6.579740612039643],[101.00806447589491,6.583003332637759],[101.00485313356535,6.583229814304559],[101.00127883385119,6.586370559853492],[100.98743872082036,6.605271492585359],[100.98423495797698,6.612407907998602],[100.98007481020437,6.63140130992258],[100.97446789517727,6.630278283316159],[100.95989111598226,6.6295997915971725],[100.95462461503399,6.632978737878489],[100.95585822857447,6.639559688828626],[100.9579277044001,6.640632905584198],[100.9587350716663,6.642371096349052],[100.96143363855163,6.642576129185045],[100.9625761183932,6.649047061572674],[100.96465413957696,6.650195777313343],[100.9630257578325,6.653872025973271],[100.96523626714009,6.655609847116807],[100.966322704829,6.658853035339348],[100.96902493015648,6.658161266928971],[100.97040744714604,6.66047588535389],[100.9707065067999,6.667578599572778],[100.97443679032568,6.685988483581696],[100.97204377530005,6.6873754045513465],[100.97181814798921,6.688472236604468],[100.97269800690754,6.690134496709732],[100.97514638959427,6.691132731590358],[100.97409552009225,6.695582247922459],[100.97171181125117,6.696903879010847],[100.97270476891003,6.698716549828987]]]}},{"type":"Feature","properties":{"subdistrict_code":"941010","subdistrict_th":"เมาะมาวี","subdistrict_en":"Mo Mawi","district_code":"9410","district_th":"ยะรัง","province_code":"94","province_th":"ปัตตานี"},"geometry":{"type":"Polygon","coordinates":[[[101.32420011684195,6.636013294178213],[101.32389584741549,6.641488330821858],[101.31685180406754,6.655902262579389],[101.3141831621233,6.673231678599109],[101.30797003568864,6.6832307925670875],[101.30452317170705,6.706218405654965],[101.30404898527252,6.7070409211016795],[101.28645748882212,6.706172989891627],[101.28889070983843,6.694780870141074],[101.29071462398076,6.691968564197907],[101.2862274827122,6.69136462177994],[101.28049633084106,6.685394612671303],[101.27979312665155,6.68156440996961],[101.28294159108162,6.680566630145904],[101.28924987568126,6.683779718059611],[101.29652261842415,6.677354108805105],[101.2963694467926,6.675889931575114],[101.2902428180517,6.6682494839266155],[101.28936738829441,6.663828202709453],[101.29061739377778,6.660453084842061],[101.29592366814285,6.6534299624228765],[101.29776692580305,6.649334619796889],[101.29894384158507,6.64276737541411],[101.29745081500317,6.636820665041682],[101.32135214288712,6.63676104898326],[101.32420011684195,6.636013294178213]]]}},{"type":"Feature","properties":{"subdistrict_code":"940505","subdistrict_th":"ลุโบะยิไร","subdistrict_en":"Lubo Yilai","district_code":"9405","district_th":"มายอ","province_code":"94","province_th":"ปัตตานี"},"geometry":{"type":"Polygon","coordinates":[[[101.4362062925864,6.694657938213311],[101.42276369428913,6.697311587559739],[101.41348270965938,6.701904099694502],[101.40957939477329,6.701648735400852],[101.40012900484976,6.698580739609497],[101.40052847740736,6.695922068448738],[101.40329078464208,6.693826353103759],[101.40326052425382,6.692606885899124],[101.39866767936996,6.687608489040599],[101.39617744043659,6.682284571775597],[101.39387369571455,6.680964870632295],[101.39310826203672,6.676578171045833],[101.38917977242863,6.670397414808917],[101.3844177992421,6.666272920658798],[101.37958856396114,6.658374526763055],[101.37539873856099,6.654758363607641],[101.37073627895614,6.653539353258623],[101.36840527128629,6.651914254039639],[101.36315001636024,6.651078181313039],[101.36365952636612,6.64981457358374],[101.35892675686438,6.640828723966479],[101.3590694046294,6.632815549597979],[101.36145171772267,6.62471235758926],[101.35779308498297,6.613883894226376],[101.36411022340815,6.606497582397537],[101.36541016644611,6.602578809964143],[101.36969938761672,6.60050044703803],[101.37355793964724,6.6001691233064435],[101.37678082207736,6.60099773975395],[101.38060597418644,6.603611953828647],[101.38155046378296,6.609149189383629],[101.37893591336177,6.614927154564555],[101.37872764926169,6.618746372946816],[101.38193892234347,6.622900011426452],[101.38573193268263,6.624892307434095],[101.395699087443,6.624272636772844],[101.39882520372021,6.6299444028119865],[101.39842032263982,6.634188200125379],[101.40895564568655,6.631889970945451],[101.41373061407666,6.628651375560594],[101.418189966294,6.633924973059095],[101.42873969378189,6.640841876551406],[101.42957463785933,6.651993189334291],[101.43294530228394,6.656837465776448],[101.43405854516578,6.663882323010853],[101.43592548287478,6.668628880918163],[101.4358578862325,6.671642876017984],[101.433013046415,6.6777881926710165],[101.43406725240186,6.6853162970095354],[101.43362197737241,6.691354865934386],[101.4362062925864,6.694657938213311]]]}},{"type":"Feature","properties":{"subdistrict_code":"900603","subdistrict_th":"เปียน","subdistrict_en":"Pian","district_code":"9006","district_th":"สะบ้าย้อย","province_code":"90","province_th":"สงขลา"},"geometry":{"type":"Polygon","coordinates":[[[101.00612477943508,6.694131478684824],[101.00489038977975,6.695362098382191],[100.99979379864493,6.696498831555857],[100.99240789330969,6.7003434845642005],[100.98321342975606,6.699335915620054],[100.97755811681373,6.697204161742718],[100.97270476891003,6.698716549828987],[100.97171181125117,6.696903879010847],[100.97409552009225,6.695582247922459],[100.97514638959427,6.691132731590358],[100.97269800690754,6.690134496709732],[100.97181814798921,6.688472236604468],[100.97204377530005,6.6873754045513465],[100.97443679032568,6.685988483581696],[100.9707065067999,6.667578599572778],[100.97040744714604,6.66047588535389],[100.96902493015648,6.658161266928971],[100.966322704829,6.658853035339348],[100.96523626714009,6.655609847116807],[100.9630257578325,6.653872025973271],[100.96465413957696,6.650195777313343],[100.9625761183932,6.649047061572674],[100.96143363855163,6.642576129185045],[100.9587350716663,6.642371096349052],[100.9579277044001,6.640632905584198],[100.95585822857447,6.639559688828626],[100.95462461503399,6.632978737878489],[100.95989111598226,6.6295997915971725],[100.97446789517727,6.630278283316159],[100.98007481020437,6.63140130992258],[100.98423495797698,6.612407907998602],[100.98743872082036,6.605271492585359],[101.00374907366086,6.5839416825626245],[101.00806447589491,6.583003332637759],[101.01255363614143,6.57947747130828],[101.02463507724707,6.577647684593046],[101.02971532770027,6.573771826009022],[101.0328257292241,6.57459715273643],[101.03775674887493,6.574202475364018],[101.0517404800392,6.569824248290502],[101.06811129879748,6.583431950424199],[101.05918840442138,6.585877521830241],[101.05379864239347,6.59027813932471],[101.0451642640196,6.589976263893504],[101.0429849827708,6.5906807451203235],[101.03899773056088,6.597921036726518],[101.02979601397493,6.605707528879407],[101.02999452312878,6.613785082115896],[101.02768301815684,6.62131123222764],[101.02850814883209,6.625076110873863],[101.02381897576515,6.629894133407561],[101.02206739859162,6.633130061403278],[101.01958347559696,6.63474518264411],[101.02489071763256,6.637682616659504],[101.02442565931676,6.648511431657312],[101.0260520823378,6.656130713761456],[101.01785205942508,6.662361189017702],[101.01474329556669,6.662015078633033],[101.01349671110438,6.664945674203523],[101.00585504307583,6.67121150001077],[101.00564628075131,6.672962014185657],[101.01061980326136,6.6776002667389776],[101.01278121588047,6.68292601772157],[101.0100287858998,6.688148664129585],[101.00558824660038,6.689791292034556],[101.00612477943508,6.694131478684824]]]}},{"type":"Feature","properties":{"subdistrict_code":"940205","subdistrict_th":"ทรายขาว","subdistrict_en":"Sai Khao","district_code":"9402","district_th":"โคกโพธิ์","province_code":"94","province_th":"ปัตตานี"},"geometry":{"type":"Polygon","coordinates":[[[101.12390027787558,6.693895505573153],[101.11796839192783,6.691592707837231],[101.10852198330292,6.6905965117196615],[101.1049558881038,6.691949451805783],[101.1027399100189,6.696481569968512],[101.09875065322012,6.694375304676612],[101.09488796700612,6.689207771421536],[101.08608545677845,6.684806964170093],[101.07446783112556,6.675494774864035],[101.0706238490115,6.668358867567747],[101.06484739918818,6.664347095342237],[101.05933362964333,6.657716920899247],[101.06294947443877,6.65440377981065],[101.0690147838053,6.644087783424538],[101.07158578455636,6.644221680785961],[101.07421361706486,6.641735174039127],[101.0830810853239,6.643128031433548],[101.09217676374669,6.641424586875246],[101.10482656109696,6.632387305030136],[101.10806452515777,6.629101575277502],[101.11637814143813,6.6331969682655085],[101.11969809668989,6.633253416911714],[101.12295206688447,6.635979778244234],[101.12763909776623,6.642265697603932],[101.1332295965687,6.646667878120127],[101.13293326455857,6.648283173829441],[101.1317694959655,6.649954572845331],[101.12466785913443,6.650265928030194],[101.11343410460029,6.661888251741459],[101.11241510257497,6.663968453781138],[101.11370859927251,6.666078310965304],[101.1165370597376,6.666904097246345],[101.12499250539986,6.667180634278907],[101.1216364441666,6.670441172222354],[101.11967485011428,6.675797955211522],[101.12257058796234,6.680812344714013],[101.12205326104925,6.684424391672394],[101.12475634972583,6.6886446132583615],[101.12777528120432,6.691271825234594],[101.12673356410278,6.693184912553704],[101.12390027787558,6.693895505573153]]]}},{"type":"Feature","properties":{"subdistrict_code":"900604","subdistrict_th":"บ้านโหนด","subdistrict_en":"Ban Not","district_code":"9006","district_th":"สะบ้าย้อย","province_code":"90","province_th":"สงขลา"},"geometry":{"type":"Polygon","coordinates":[[[101.05737204998019,6.677754736092254],[101.05102433640405,6.678797169953498],[101.04315219731609,6.6860597575518455],[101.03591159184657,6.684158755322358],[101.03018982889756,6.6850632781478225],[101.02392216757403,6.6883216802014545],[101.01916733140729,6.694467391656872],[101.00612477943508,6.694131478684824],[101.00558824660038,6.689791292034556],[101.0100287858998,6.688148664129585],[101.01278121588047,6.68292601772157],[101.01061980326136,6.6776002667389776],[101.00564628075131,6.672962014185657],[101.00585504307583,6.67121150001077],[101.01349671110438,6.664945674203523],[101.01474329556669,6.662015078633033],[101.01785205942508,6.662361189017702],[101.0260520823378,6.656130713761456],[101.02442565931676,6.648511431657312],[101.02489071763256,6.637682616659504],[101.01958347559696,6.63474518264411],[101.02206739859162,6.633130061403278],[101.02381897576515,6.629894133407561],[101.02850814883209,6.625076110873863],[101.02768301815684,6.62131123222764],[101.02999452312878,6.613785082115896],[101.02979601397493,6.605707528879407],[101.03899773056088,6.597921036726518],[101.0429849827708,6.5906807451203235],[101.0451642640196,6.589976263893504],[101.05379864239347,6.59027813932471],[101.05918840442138,6.585877521830241],[101.06811129879748,6.583431950424199],[101.07548586458103,6.593208489380345],[101.07547162381644,6.594674785413076],[101.07292797774403,6.597965327437976],[101.07326455171773,6.599551081317372],[101.07576840368893,6.601358340914771],[101.0832500733323,6.603664612731734],[101.08393178192625,6.605558977964506],[101.08801665644359,6.607327864389504],[101.08956375386418,6.6090442645812],[101.08876036969536,6.6143181291783435],[101.09823956220612,6.619002888372677],[101.099980833149,6.620691708155846],[101.10223030828217,6.626835192889871],[101.10806452515777,6.629101575277502],[101.10482656109696,6.632387305030136],[101.09217676374669,6.641424586875246],[101.0830810853239,6.643128031433548],[101.07421361706486,6.641735174039127],[101.07158578455636,6.644221680785961],[101.0690147838053,6.644087783424538],[101.06192768181711,6.6557369869724425],[101.04894682243798,6.663274235617507],[101.05514523956123,6.671604694401196],[101.05737204998019,6.677754736092254]]]}},{"type":"Feature","properties":{"subdistrict_code":"940708","subdistrict_th":"ละหาร","subdistrict_en":"Lahan","district_code":"9407","district_th":"สายบุรี","province_code":"94","province_th":"ปัตตานี"},"geometry":{"type":"Polygon","coordinates":[[[101.64023809591146,6.661977783747773],[101.64250975821881,6.664561436161421],[101.64273409859982,6.666158609632191],[101.63890709388733,6.66860489779782],[101.6375627450247,6.674005349167601],[101.63537260895879,6.6767450474460475],[101.62718151541469,6.6830936882232095],[101.61935765643074,6.685144965367897],[101.60949399475214,6.6842609156088315],[101.61021206563436,6.680011425586883],[101.61593959773433,6.671370536121401],[101.61612965236162,6.659272466551158],[101.6207909923105,6.647852225000236],[101.62279107914503,6.638232588063545],[101.62277330944073,6.633166939003104],[101.62507593001021,6.633484600234169],[101.6262847672283,6.631840831089505],[101.6260713715966,6.63004983663069],[101.62245740638429,6.627637182210265],[101.62349792289086,6.625245095284981],[101.62639986156444,6.624772826205003],[101.62939235477342,6.626575652144652],[101.6296657198971,6.633071132426892],[101.63130661480847,6.636369342071532],[101.63447862888569,6.636116969822353],[101.63920962492432,6.633212458188439],[101.6413974380414,6.633453838024252],[101.64322171281185,6.635114221244351],[101.64343546007848,6.6388638950527366],[101.6427574180205,6.639987504419821],[101.63835017072387,6.641956729219714],[101.63817105365126,6.6455492393059785],[101.63595788864569,6.648300310411059],[101.63799134392542,6.656438388021229],[101.64146349684296,6.659370905442984],[101.6379456053055,6.659085842837442],[101.64023809591146,6.661977783747773]]]}},{"type":"Feature","properties":{"subdistrict_code":"950118","subdistrict_th":"ตาเซะ","subdistrict_en":"Tase","district_code":"9501","district_th":"เมืองยะลา","province_code":"95","province_th":"ยะลา"},"geometry":{"type":"Polygon","coordinates":[[[101.29745081500317,6.636820665041682],[101.29894384158507,6.64276737541411],[101.29776692580305,6.649334619796889],[101.29592366814285,6.6534299624228765],[101.29061739377778,6.660453084842061],[101.28936738829441,6.663828202709453],[101.2902428180517,6.6682494839266155],[101.2963694467926,6.675889931575114],[101.29652261842415,6.677354108805105],[101.28924987568126,6.683779718059611],[101.28294159108162,6.680566630145904],[101.27979312665155,6.68156440996961],[101.27944278585596,6.679417552877794],[101.28259665161426,6.675096931877931],[101.28115036729565,6.671484580049366],[101.28362728637023,6.6696071022859655],[101.2806389372372,6.668916362700031],[101.27869253543224,6.667226070726656],[101.27627354798591,6.654097663176685],[101.27122450760498,6.646226262432094],[101.25423991593942,6.641238495560174],[101.24919824100607,6.644218973826639],[101.23765322481654,6.632486705297254],[101.24547792376723,6.625087644679127],[101.24525376055266,6.618994423054232],[101.24635982594526,6.613324563577805],[101.24561375107379,6.608753440918633],[101.24816368970255,6.5991534235917015],[101.25483153674611,6.5975453791160135],[101.2602597142145,6.593428543592438],[101.26363719190294,6.60614984783723],[101.26163722737618,6.607216250429644],[101.26157086100648,6.608463688348593],[101.26331513658437,6.610494117409644],[101.2667924830867,6.611342102556023],[101.26874852292605,6.615820036565481],[101.27078503140416,6.617867729911836],[101.2707363268201,6.624146257743632],[101.27229949242769,6.6252215537317625],[101.28167704715804,6.624943532817838],[101.28681708184291,6.626859344183458],[101.29275951773764,6.626594093642552],[101.29514344241602,6.630884522602685],[101.29773187562563,6.6329822533283505],[101.29745081500317,6.636820665041682]]]}},{"type":"Feature","properties":{"subdistrict_code":"940709","subdistrict_th":"มะนังดาลำ","subdistrict_en":"Manang Dalam","district_code":"9407","district_th":"สายบุรี","province_code":"94","province_th":"ปัตตานี"},"geometry":{"type":"Polygon","coordinates":[[[101.62277330944073,6.633166939003104],[101.62279107914503,6.638232588063545],[101.6207909923105,6.647852225000236],[101.61612965236162,6.659272466551158],[101.61593959773433,6.671370536121401],[101.61021206563436,6.680011425586883],[101.6017583979318,6.673869186413867],[101.59903894968784,6.6745195158630395],[101.59528712739905,6.677586474736074],[101.59418755331302,6.674859114256776],[101.59161625398701,6.673286631672738],[101.59305341558274,6.672108769803913],[101.59767056464489,6.671380704755791],[101.59770289707109,6.665936835016964],[101.59554126231944,6.663945367284896],[101.59128925959169,6.664381718341701],[101.58657347558551,6.668701917559474],[101.5849628770352,6.6686956753652],[101.58138505017996,6.661310140550597],[101.58082143606049,6.6549627732134695],[101.58201743455703,6.651739293633568],[101.58147758412326,6.648637275589863],[101.57921339967874,6.64775214394632],[101.57455519296786,6.649143848409949],[101.5726509981451,6.64839688500831],[101.57186090235882,6.646586765566838],[101.5757705520694,6.6443127767133205],[101.5757565199475,6.641941707843614],[101.57344372804567,6.640826901040725],[101.57012456060005,6.641827502037643],[101.57252314242913,6.635530776424218],[101.57471211926895,6.632607163190073],[101.5852147852342,6.627397390577187],[101.59210465870308,6.626034128072604],[101.5971779142294,6.623813859322183],[101.60085607934462,6.624427200554919],[101.60387284975229,6.630647503579496],[101.6056367997985,6.631755161671435],[101.60924853559152,6.631865092100384],[101.61313453043431,6.633588153570486],[101.61455697102747,6.630004470330107],[101.61897798244797,6.629841362089223],[101.62277330944073,6.633166939003104]]]}},{"type":"Feature","properties":{"subdistrict_code":"940707","subdistrict_th":"กะดุนง","subdistrict_en":"Kadunong","district_code":"9407","district_th":"สายบุรี","province_code":"94","province_th":"ปัตตานี"},"geometry":{"type":"Polygon","coordinates":[[[101.57455519296786,6.649143848409949],[101.57075307609364,6.6643800923674235],[101.56493290482973,6.67874068263643],[101.55275091772074,6.6657093829816745],[101.54949266765254,6.6644429154082445],[101.54173621825191,6.666412412702755],[101.53964050470557,6.666227202723292],[101.5369014458451,6.664415719909584],[101.5384780032573,6.659770826762269],[101.53851703473345,6.651644243387182],[101.53677771442005,6.645044505599515],[101.53257590465432,6.6373078745588145],[101.53274183676643,6.632414340449486],[101.53794089755445,6.626961881285865],[101.54743091520464,6.619358545960154],[101.55212632866721,6.616317093659006],[101.55613836259539,6.616055861288999],[101.5596878293299,6.618769698662732],[101.56096766172828,6.621150089005425],[101.56079078756483,6.627159696163119],[101.56339375471805,6.6338310442673105],[101.56223740373326,6.638631316881799],[101.56686431043966,6.643082519442771],[101.57230545433333,6.64093052902075],[101.5749535054,6.641121236555875],[101.57600716819633,6.64277917182136],[101.5757705520694,6.6443127767133205],[101.57186090235882,6.646586765566838],[101.5726509981451,6.64839688500831],[101.57455519296786,6.649143848409949]]]}},{"type":"Feature","properties":{"subdistrict_code":"941103","subdistrict_th":"ปล่องหอย","subdistrict_en":"Plong Hoi","district_code":"9411","district_th":"กะพ้อ","province_code":"94","province_th":"ปัตตานี"},"geometry":{"type":"Polygon","coordinates":[[[101.5369014458451,6.664415719909584],[101.51111631256782,6.676651815628816],[101.51056150640846,6.675428346441095],[101.50720187216871,6.674346805560674],[101.50328244412952,6.671498950316334],[101.4992587127195,6.671805744139817],[101.49661982844236,6.673184462393067],[101.49628910635721,6.654786872116517],[101.49444604295059,6.64600298594911],[101.49849481238573,6.640172422119633],[101.49998108415974,6.636025074397708],[101.49918229642589,6.632327013580834],[101.50285259876847,6.607565467971995],[101.5023919309429,6.604248111761024],[101.50590727200307,6.603598266147117],[101.51075506479447,6.600362182568745],[101.51347079973766,6.595516733410591],[101.51974028938292,6.58994842088299],[101.52156028068248,6.583724066412572],[101.52251826730424,6.583247691927511],[101.52773948558882,6.5842176925924605],[101.5293100373284,6.586952076776981],[101.52960361021849,6.5907130361777035],[101.53293344182492,6.593394414320812],[101.53830290525491,6.595283633632846],[101.54010564755765,6.597118101319381],[101.54089113341911,6.600620073957316],[101.53975953717298,6.606674741646032],[101.54166948405953,6.60991170386211],[101.54591876004281,6.613515686599726],[101.55310866263471,6.615992916839673],[101.54182814425349,6.623595306078585],[101.53274183676643,6.632414340449486],[101.53257590465432,6.6373078745588145],[101.53677771442005,6.645044505599515],[101.53851703473345,6.651644243387182],[101.5384780032573,6.659770826762269],[101.5369014458451,6.664415719909584]]]}},{"type":"Feature","properties":{"subdistrict_code":"941201","subdistrict_th":"แม่ลาน","subdistrict_en":"Mae Lan","district_code":"9412","district_th":"แม่ลาน","province_code":"94","province_th":"ปัตตานี"},"geometry":{"type":"Polygon","coordinates":[[[101.2715972487141,6.646804756734184],[101.26748279999128,6.65001164741966],[101.26208661500533,6.656879073810273],[101.25174875969753,6.666914737125467],[101.24986277164965,6.6673171153926205],[101.24670936904221,6.670076055565573],[101.24156396090814,6.675909529601142],[101.22521639861799,6.664836233005815],[101.22460738582225,6.660473469774843],[101.21716347061772,6.652052147088966],[101.2127796452645,6.652004547771696],[101.20805026440826,6.655684457571681],[101.20143604843497,6.654733159207979],[101.19630636584617,6.65532434474278],[101.19666786273172,6.652256597164296],[101.19415548698618,6.645724154746006],[101.1956737476454,6.638329754414656],[101.19752885837016,6.637460503899206],[101.20095627990844,6.638080896716076],[101.2072753752584,6.629653309352818],[101.21313558613843,6.62860008632498],[101.22520291418323,6.618072176389887],[101.23206429533104,6.615434094308057],[101.23549818839075,6.623416487580869],[101.2380738629185,6.633297224687226],[101.24883658494048,6.644023164437556],[101.25037898879935,6.644124346261606],[101.25423991593942,6.641238495560174],[101.26779312095584,6.644614368858072],[101.2715972487141,6.646804756734184]]]}},{"type":"Feature","properties":{"subdistrict_code":"901001","subdistrict_th":"สะเดา","subdistrict_en":"Sadao","district_code":"9010","district_th":"สะเดา","province_code":"90","province_th":"สงขลา"},"geometry":{"type":"Polygon","coordinates":[[[100.3736199031361,6.67433615039306],[100.37032361084601,6.677622602301312],[100.34712707535431,6.648051880789694],[100.35411408459737,6.638506976615702],[100.41932447204681,6.610695654580866],[100.4328663851756,6.636532317212698],[100.43845370127735,6.659299807739956],[100.43258166521173,6.662429489829151],[100.4174190145759,6.658377916307813],[100.40916910716862,6.663908748689835],[100.40347018070435,6.663976411881947],[100.39855056535635,6.670096655436339],[100.39070604175049,6.657625506611907],[100.38874868440433,6.655914991583643],[100.38863912089874,6.6527319644087015],[100.38551234541848,6.652688730400655],[100.38422535441663,6.6592161492059745],[100.38081992400038,6.667088516721719],[100.3736199031361,6.67433615039306]]]}},{"type":"Feature","properties":{"subdistrict_code":"940604","subdistrict_th":"ปากู","subdistrict_en":"Paku","district_code":"9406","district_th":"ทุ่งยางแดง","province_code":"94","province_th":"ปัตตานี"},"geometry":{"type":"Polygon","coordinates":[[[101.5023919309429,6.604248111761024],[101.50285259876847,6.607565467971995],[101.49918229642589,6.632327013580834],[101.49998108415974,6.636025074397708],[101.49849481238573,6.640172422119633],[101.49444604295059,6.64600298594911],[101.49628910635721,6.654786872116517],[101.49661982844236,6.673184462393067],[101.48063795837515,6.659382334926875],[101.47701642626714,6.654043299158957],[101.47322479279,6.651499467826227],[101.46322395841901,6.648508662644701],[101.44625861494319,6.647817250365847],[101.44626812167655,6.644883493678321],[101.44501960367182,6.644027934441681],[101.44516172893071,6.639288440709038],[101.44892856540105,6.635481750782219],[101.44907607040437,6.632748695795726],[101.45153290312106,6.629082354067407],[101.46039862759466,6.624603071074944],[101.45987878257984,6.611796520093378],[101.46115449518385,6.607946796707324],[101.46127567073569,6.599088382822686],[101.46221131190259,6.597297061010579],[101.4710145883526,6.594934142696559],[101.4720936066347,6.596208228427031],[101.4753388606,6.595304154363305],[101.47614165841088,6.597771190787853],[101.47828889681517,6.597969240388181],[101.48193312601302,6.601413179774454],[101.48414825243998,6.600383120584581],[101.48668421830212,6.60354134355822],[101.48810418396096,6.602155701424522],[101.48906864570148,6.6043462277962135],[101.49066902975198,6.603316811621596],[101.49081189155561,6.605706175399746],[101.49190377463952,6.604175865623745],[101.49416588075087,6.605764230235081],[101.49326940685768,6.60271620478909],[101.49488866857723,6.599961174868383],[101.4983406550972,6.601210299016145],[101.5023919309429,6.604248111761024]]]}},{"type":"Feature","properties":{"subdistrict_code":"940208","subdistrict_th":"ทุ่งพลา","subdistrict_en":"Thung Phala","district_code":"9402","district_th":"โคกโพธิ์","province_code":"94","province_th":"ปัตตานี"},"geometry":{"type":"Polygon","coordinates":[[[101.18683893376982,6.660045152361931],[101.17585905874864,6.664679973102352],[101.1622501551206,6.672112898591422],[101.15986551368258,6.667474030901872],[101.15472485576754,6.662533598047162],[101.1456231392965,6.658247608140641],[101.13938361506183,6.651473761604848],[101.1328301536887,6.648517155842114],[101.1332295965687,6.646667878120127],[101.12763909776623,6.642265697603932],[101.12295206688447,6.635979778244234],[101.11969809668989,6.633253416911714],[101.11637814143813,6.6331969682655085],[101.10806452515777,6.629101575277502],[101.11389101775632,6.626775775581621],[101.11999971941157,6.619521416780003],[101.13105066155885,6.6098164593621505],[101.13649376867255,6.608023538555528],[101.1446121898008,6.6092497093067095],[101.147154548044,6.610504908374878],[101.14303400821296,6.613429590003648],[101.14323967237306,6.617492176622704],[101.1541559374466,6.62079400334062],[101.16209573972668,6.626571873193427],[101.17167919963543,6.631077071949335],[101.17629200856942,6.631689644261712],[101.1783349229184,6.633433264233815],[101.17930061223353,6.63755567555404],[101.18232682911992,6.641500639842718],[101.1948868867205,6.6415705729236265],[101.1941526361353,6.646610620983438],[101.19666786273172,6.652256597164296],[101.19630636584617,6.65532434474278],[101.18683893376982,6.660045152361931]]]}},{"type":"Feature","properties":{"subdistrict_code":"940802","subdistrict_th":"ไม้แก่น","subdistrict_en":"Mai Kaen","district_code":"9408","district_th":"ไม้แก่น","province_code":"94","province_th":"ปัตตานี"},"geometry":{"type":"Polygon","coordinates":[[[101.67420025823537,6.655454765325203],[101.66703882098489,6.666720836097738],[101.63980112522182,6.662024174376199],[101.6379456053055,6.659085842837442],[101.64146349684296,6.659370905442984],[101.63799134392542,6.656438388021229],[101.63595788864569,6.648300310411059],[101.63846366156878,6.644703306412509],[101.6424650358328,6.644789837381154],[101.64577338713218,6.643304262581694],[101.65130215557008,6.64498318712441],[101.65293017308909,6.647635763579672],[101.65418203027656,6.647449447434099],[101.65578807106272,6.643899025619589],[101.64998616772749,6.638252811118377],[101.65031174658992,6.636500209617054],[101.65310141929513,6.635952685268251],[101.65961777643929,6.6395883277392045],[101.66149441243726,6.638682494601483],[101.66282947310174,6.636642649638645],[101.66281771356671,6.634559210039583],[101.66106321899241,6.631909604944383],[101.6618126834087,6.6300011158588745],[101.66363914802832,6.629751842673443],[101.66653112581088,6.631228472815792],[101.6720007458378,6.63066305825356],[101.67363095770258,6.631416730597664],[101.67559085563352,6.6349631612209805],[101.67390714759682,6.6366502156349725],[101.67360649884091,6.6386099399967975],[101.6793887322043,6.644452419843333],[101.67369264939629,6.652672568684125],[101.67330643194634,6.6541611652056645],[101.67420025823537,6.655454765325203]]]}},{"type":"Feature","properties":{"subdistrict_code":"900407","subdistrict_th":"สะท้อน","subdistrict_en":"Sathon","district_code":"9004","district_th":"นาทวี","province_code":"90","province_th":"สงขลา"},"geometry":{"type":"Polygon","coordinates":[[[100.74227177332375,6.6611409978588085],[100.73392565824258,6.663023429987334],[100.72996259779569,6.6659963638411455],[100.72701001110318,6.662641329633686],[100.72259434705154,6.660323306375517],[100.71527139156154,6.660000658403703],[100.71195485193493,6.658254863870923],[100.71013048993024,6.659118211236489],[100.69288087075563,6.658405619024165],[100.68615448504153,6.655857764124562],[100.68502374405062,6.652786094602618],[100.68238533101828,6.650136624405718],[100.68162088299744,6.646063943796037],[100.67863568418954,6.640470064441956],[100.67375831989062,6.636631694097446],[100.66635909469653,6.634004905701886],[100.66054246226486,6.629578914735191],[100.6589564385888,6.625498154616196],[100.6588842023441,6.619606662617457],[100.65472838660583,6.6121395494007515],[100.65267266591087,6.602045342918302],[100.64798504057723,6.597229332168013],[100.64217985381725,6.594374644774064],[100.63727864219567,6.588486516239755],[100.63289174655694,6.587411812005541],[100.6290196453404,6.583193077898272],[100.63293567034498,6.584250715698033],[100.63772698840984,6.5830227651885025],[100.64119405476185,6.584183533643227],[100.65293873303614,6.591775002414465],[100.66326038975524,6.596408884262644],[100.66541446930239,6.598515368989126],[100.6663169515661,6.601872185652894],[100.6729703725847,6.606839611658813],[100.68589183713863,6.611684558095931],[100.68820254441198,6.614266789580711],[100.6934732658786,6.614074810404247],[100.69627733223314,6.612986962578304],[100.69720122465685,6.614099405962861],[100.69736829441132,6.6175117377765105],[100.69906770640961,6.6183183271291455],[100.70059156444921,6.616322400558374],[100.70105997004163,6.612044931728292],[100.70456034458431,6.613697014205911],[100.70710020720884,6.610153631385003],[100.71041255419607,6.608156925102037],[100.71500658258776,6.607290023615747],[100.71766530860714,6.604240418960217],[100.71949190902444,6.6049015447705415],[100.72196494032977,6.6038961009243735],[100.72226726002611,6.599797250942402],[100.72328073661674,6.5982102371128235],[100.72303423963848,6.5909829919715435],[100.72453285640626,6.583744073630157],[100.71846637342446,6.579031374298552],[100.71501865688555,6.577582891137581],[100.71311450792825,6.572560237764833],[100.71582196011542,6.569746178143646],[100.72347722499399,6.568824713889455],[100.72732833243663,6.563212080972789],[100.72017066604349,6.559744141379042],[100.71122727791658,6.558572682683234],[100.7108292829451,6.551893508678518],[100.71637289829067,6.545282238884283],[100.71685768143692,6.5409606583077675],[100.72725125873865,6.529109196332399],[100.73486431303769,6.525967453435271],[100.73826661381321,6.520412902333646],[100.74230081063394,6.519839503590276],[100.74968754604345,6.515060631243159],[100.75118943004821,6.538321812701554],[100.75268900279531,6.539259792105781],[100.75520151883507,6.539077820585021],[100.75994427890538,6.542023645275037],[100.75665015128351,6.546864462025326],[100.75187887820772,6.548476761193626],[100.75848509201347,6.554811075770601],[100.76202433705356,6.5562911602089],[100.76615193026743,6.559879884149382],[100.77014970814258,6.560455212837837],[100.77500544734357,6.558040234569205],[100.77679709920682,6.558293848782171],[100.77980167300888,6.562439093889111],[100.77993996355855,6.569554032592578],[100.78428653089873,6.574426277051089],[100.78983364011049,6.576345949206257],[100.7914457783001,6.579474880361488],[100.79135976444161,6.584172436908489],[100.78909707197238,6.589854885094894],[100.78904503540014,6.592443589899801],[100.78302143209345,6.5931610897125665],[100.77924901173259,6.59633887743729],[100.77616728059559,6.596004921390033],[100.77518382517343,6.599539298399975],[100.77571708807324,6.603125351353924],[100.77437753619438,6.6068825282061425],[100.77179950004694,6.610414675796676],[100.76812443039819,6.61234464159196],[100.76667123568905,6.6169035667462595],[100.76969020763704,6.624180647818719],[100.76871004013628,6.630000378414763],[100.78002665640514,6.6404671731215785],[100.7837325710014,6.6456591445539175],[100.79555762888151,6.640924263444049],[100.79699162486367,6.638940600928038],[100.7987711313827,6.638414242123645],[100.80473480386814,6.639814949700224],[100.8062071820159,6.645114845174021],[100.7993455049911,6.646858898619314],[100.79460044985092,6.646444375907265],[100.78792601617278,6.650139519323432],[100.77538270484803,6.645544483691026],[100.76969415296287,6.645239337425551],[100.76529804376975,6.648067080231613],[100.76304170770868,6.651846757222131],[100.76423447224317,6.660612085879109],[100.75936531155992,6.662064865101513],[100.7536530472504,6.662309533758048],[100.74743236740989,6.660082935579055],[100.74227177332375,6.6611409978588085]]]}},{"type":"Feature","properties":{"subdistrict_code":"900606","subdistrict_th":"คูหา","subdistrict_en":"Khuha","district_code":"9006","district_th":"สะบ้าย้อย","province_code":"90","province_th":"สงขลา"},"geometry":{"type":"Polygon","coordinates":[[[100.8989099739162,6.63585103759533],[100.89478864358108,6.635165534761654],[100.89333978630214,6.637424622748199],[100.88648366079235,6.642955827449498],[100.8796844299925,6.64550479301181],[100.87795133208834,6.643478180673526],[100.87766475502451,6.64018649740899],[100.87504941319992,6.634103605397115],[100.87377337773927,6.6333698557343155],[100.87076446920497,6.633793163024109],[100.86848971322974,6.639924505111878],[100.87026102242828,6.6428780522803095],[100.86601655242202,6.646805910564353],[100.86728731605683,6.647257148098959],[100.86834256255929,6.650799679261809],[100.87058039956582,6.651343882414267],[100.87097639444511,6.6526392667887535],[100.86768280641644,6.655980103399088],[100.86449216018508,6.6568075759089425],[100.86208355271384,6.659246555284369],[100.85445911659502,6.661444064891725],[100.8538884616832,6.664199917692088],[100.84722677859304,6.660911150928939],[100.84448835735185,6.6616351015787245],[100.83510042984102,6.659443003192109],[100.82791244640237,6.661891680856456],[100.82425667710402,6.659713154138785],[100.81963699285302,6.658680220715667],[100.81567706564414,6.652617619207831],[100.8070084239996,6.647698431937158],[100.80492949360132,6.640199646396638],[100.80297638465248,6.6389895051615895],[100.79789814958002,6.638471094565432],[100.79555762888151,6.640924263444049],[100.7837325710014,6.6456591445539175],[100.77560971171886,6.635870509716312],[100.76888828486653,6.630378375161911],[100.76969020763704,6.624180647818719],[100.76667123568905,6.6169035667462595],[100.76847948184269,6.611588377401745],[100.77179950004694,6.610414675796676],[100.77437753619438,6.6068825282061425],[100.77571708807324,6.603125351353924],[100.77518382517343,6.599539298399975],[100.77616728059559,6.596004921390033],[100.77924901173259,6.59633887743729],[100.78302143209345,6.5931610897125665],[100.78904503540014,6.592443589899801],[100.78909707197238,6.589854885094894],[100.79156510484574,6.582969133218967],[100.79126098290811,6.578684378980938],[100.78983364011049,6.576345949206257],[100.78428653089873,6.574426277051089],[100.77993996355855,6.569554032592578],[100.79241059617215,6.565164370639252],[100.80168027092782,6.564219034780706],[100.80467423362904,6.562533832970075],[100.80998606940165,6.5641201633149535],[100.8115227014116,6.562448663575026],[100.81228547759275,6.559612443759306],[100.8178115579571,6.558579203667364],[100.8205765145945,6.556414983364846],[100.8295512324035,6.558512221262049],[100.83363730391852,6.55791072320136],[100.83619646689351,6.556514032896359],[100.84098909437125,6.558910586754223],[100.84337790056969,6.558831739593131],[100.84689650437025,6.561731885917823],[100.84934302186304,6.56182458533641],[100.85200520397706,6.560336460958979],[100.86055407391143,6.5618678688071554],[100.86641947657762,6.576439045225811],[100.86999802378983,6.588950950426067],[100.87815385581587,6.589973664852778],[100.88123073960702,6.592665463440426],[100.88289315439562,6.596835192590106],[100.88444197401793,6.598003028816777],[100.88906699484602,6.598672107331936],[100.89124291982495,6.600019216213923],[100.89617891542468,6.600210392295821],[100.89871951099667,6.602268358597939],[100.89655926299963,6.607729905410849],[100.89465339004198,6.616753371870686],[100.89549897759582,6.621393438356563],[100.89969295156851,6.629723682202211],[100.89982237300416,6.6340779891079364],[100.8989099739162,6.63585103759533]]]}},{"type":"Feature","properties":{"subdistrict_code":"940804","subdistrict_th":"ดอนทราย","subdistrict_en":"Don Sai","district_code":"9408","district_th":"ไม้แก่น","province_code":"94","province_th":"ปัตตานี"},"geometry":{"type":"Polygon","coordinates":[[[101.72468914578752,6.576797345021532],[101.68945907787423,6.633490860414952],[101.67420025823537,6.655454765325203],[101.67330643194634,6.6541611652056645],[101.67369264939629,6.652672568684125],[101.6787512378794,6.646161507647491],[101.68021175307001,6.641956720226517],[101.68362505884943,6.638513417560205],[101.68622097891512,6.631937202439985],[101.69055522734192,6.626481696373219],[101.68849236243261,6.621969579132838],[101.68892643730527,6.61858139411612],[101.6841215133972,6.614697408358779],[101.68365902534379,6.6103177846380845],[101.68470516800915,6.610237026417678],[101.68489414524868,6.608624127401583],[101.68585527679966,6.608176155305387],[101.68669201502456,6.60581990456501],[101.68600486733084,6.602926865582447],[101.68737090694185,6.601634628835086],[101.69190019583743,6.587868056965306],[101.69666933482199,6.580164220602342],[101.69758346330627,6.575412932261088],[101.70101539044799,6.569191650774087],[101.70892750260225,6.568401944394282],[101.72468914578752,6.576797345021532]]]}},{"type":"Feature","properties":{"subdistrict_code":"901004","subdistrict_th":"สำนักแต้ว","subdistrict_en":"Samnak Taeo","district_code":"9010","district_th":"สะเดา","province_code":"90","province_th":"สงขลา"},"geometry":{"type":"Polygon","coordinates":[[[100.57038405388101,6.621619059372165],[100.5682457457446,6.62498975617234],[100.56652273643522,6.632262832563697],[100.5555233713066,6.6374903317134795],[100.55153572159634,6.637704033114687],[100.54303157764525,6.635850767798729],[100.53868430703523,6.638759160906602],[100.53498309769185,6.639490684747329],[100.5317905709781,6.638752252314646],[100.52974347028498,6.640653652044477],[100.5274044946218,6.640109806822181],[100.52147786071475,6.641212072579151],[100.51748817044279,6.639871238267062],[100.51132905009564,6.640563203628972],[100.49705214084366,6.644581568784417],[100.48801698769387,6.649089694833606],[100.47525371388787,6.652956300293056],[100.46944949120109,6.65096964663195],[100.46419126671367,6.653821997587158],[100.45849744570063,6.651412390069822],[100.45370686687846,6.653773229151227],[100.4459889534275,6.651608492637877],[100.44050885629872,6.653267546660004],[100.4378004823065,6.655567358646749],[100.4328663851756,6.636532317212698],[100.41932447204681,6.610695654580866],[100.431176505991,6.606992350716439],[100.42835451165143,6.603914945318536],[100.42733460400882,6.5994922341793085],[100.42494913789244,6.596253589331752],[100.42116044160116,6.586524016570138],[100.42344153869612,6.585198873629167],[100.42393577641502,6.583201121434627],[100.42565170266403,6.581797886763127],[100.4272816240478,6.582345169194241],[100.43329180317426,6.580690263744714],[100.43394715713566,6.577339210835987],[100.43629804791664,6.575941758805186],[100.43850898170422,6.572262653898406],[100.44987274313263,6.560648714566582],[100.4551628144124,6.54700619697843],[100.45677449664578,6.537782402036271],[100.46188025996611,6.526364523004361],[100.46661406818475,6.52489253875973],[100.46775067994997,6.5218297671301],[100.46944934191367,6.521014314958734],[100.47309127873956,6.523425599711686],[100.47692924438917,6.5244509590446],[100.48617017141635,6.523283228937942],[100.48885121501161,6.5258655458583235],[100.49436072176997,6.523350023384921],[100.49591030042006,6.519731541777276],[100.49527074215109,6.51806722762052],[100.49303626141437,6.517301496267066],[100.49256686297042,6.515653345625424],[100.49366848661145,6.509034416305326],[100.50228507459656,6.499845312711045],[100.50549997284554,6.499109481117728],[100.50815335239537,6.500716350179459],[100.50976017379304,6.496632816551312],[100.51194510098566,6.494931274059127],[100.5121014157478,6.492681417613369],[100.51552471209584,6.493583888185924],[100.5188596887237,6.489242248231221],[100.52438376989511,6.490797185941403],[100.52556820940538,6.488084651685369],[100.53256151210417,6.490305109293388],[100.53682333992526,6.487048296341868],[100.53966648991661,6.488348650369971],[100.54258227455239,6.491463018803302],[100.54713228832452,6.485962025926824],[100.54885367435764,6.485190377933634],[100.55319462543167,6.491776212202467],[100.55776186212029,6.492983555646617],[100.5622863837097,6.49636863530435],[100.56581718231718,6.491040494823039],[100.57085479771081,6.487310534153892],[100.5728315624267,6.483082224065413],[100.583976495419,6.478473852386401],[100.58761819572322,6.478459088216368],[100.58934255761301,6.4793986684138645],[100.59471049219553,6.477858687328592],[100.59880540224759,6.474811957805684],[100.60172873129596,6.469906653369378],[100.60333325762377,6.468954931425003],[100.60498564856891,6.472339905861986],[100.60805287364127,6.472314666388797],[100.60987842544904,6.482809195288155],[100.60734388501237,6.4930570041774445],[100.61074003982105,6.4986120130340055],[100.6098986296181,6.500913520242818],[100.61040199185851,6.5069137420755965],[100.60764844132257,6.508532678240556],[100.60743390714913,6.510904251629938],[100.6085934777069,6.513220021187067],[100.61207023335464,6.515372687899287],[100.60943729179763,6.517167308424575],[100.60909002488478,6.520972009051036],[100.60677679321452,6.525840980876637],[100.60222664904069,6.528515161745361],[100.60396206719571,6.531885974558122],[100.6035794722149,6.533655048941398],[100.59788584185816,6.536805902870185],[100.59953981201278,6.543525633601178],[100.59429196929898,6.549894853564695],[100.59472920079202,6.553042610228317],[100.59311657427054,6.556685188270876],[100.5924944115879,6.563999382565498],[100.59149785214424,6.564289090169439],[100.58697919143657,6.561865253578617],[100.58064899935192,6.5622187033305295],[100.57776704361424,6.566618646333495],[100.57253688426988,6.569420855588078],[100.57095097570704,6.571376265902018],[100.56788330187294,6.583459822213058],[100.5643038049767,6.589334224394975],[100.56502208719962,6.594541807158748],[100.56857085875816,6.59758856635932],[100.56658553519435,6.599086598567737],[100.56634498183553,6.601853909630279],[100.56422482471595,6.604878066169874],[100.56835311310573,6.609930788375209],[100.57054086237093,6.610600410080906],[100.57231811698756,6.613365301067859],[100.56961860671339,6.618709677010031],[100.57038405388101,6.621619059372165]]]}},{"type":"Feature","properties":{"subdistrict_code":"940803","subdistrict_th":"ตะโละไกรทอง","subdistrict_en":"Talo Kraithong","district_code":"9408","district_th":"ไม้แก่น","province_code":"94","province_th":"ปัตตานี"},"geometry":{"type":"Polygon","coordinates":[[[101.66106321899241,6.631909604944383],[101.66300387862617,6.635777586366544],[101.66058105916858,6.639313751228713],[101.65776101995516,6.639148154563713],[101.65310141929513,6.635952685268251],[101.6497457168914,6.637335177076807],[101.65578807106272,6.643899025619589],[101.65525965011284,6.64605710355255],[101.65356452518273,6.647744191241486],[101.65130215557008,6.64498318712441],[101.64577338713218,6.643304262581694],[101.6424650358328,6.644789837381154],[101.63846366156878,6.644703306412509],[101.63835017072387,6.641956729219714],[101.6427574180205,6.639987504419821],[101.64343546007848,6.6388638950527366],[101.64322171281185,6.635114221244351],[101.6413974380414,6.633453838024252],[101.63920962492432,6.633212458188439],[101.6332065288583,6.63653321023952],[101.63084842011853,6.63560646786425],[101.63283762155902,6.631417504913941],[101.6324434226259,6.625787960246214],[101.63424504077608,6.621006964599758],[101.63874902544723,6.620312362425636],[101.63979998757941,6.62128557456964],[101.64292127989319,6.6216075732309605],[101.64721345173945,6.626005086265764],[101.65079024707228,6.627109937573607],[101.65339685468115,6.625927170802356],[101.6560190943058,6.622337454010335],[101.66128801622904,6.62127003788197],[101.66518296292344,6.61735889979343],[101.66768384713191,6.618649575317704],[101.6675066222329,6.6228279667373045],[101.66505746163261,6.624654082420022],[101.6614895848765,6.625049653718577],[101.66065361467264,6.627047274612096],[101.65935491719574,6.625649603146712],[101.65842366472043,6.625889262579449],[101.65892338740446,6.6304978114249025],[101.66106321899241,6.631909604944383]]]}},{"type":"Feature","properties":{"subdistrict_code":"941012","subdistrict_th":"เขาตูม","subdistrict_en":"Khao Tum","district_code":"9410","district_th":"ยะรัง","province_code":"94","province_th":"ปัตตานี"},"geometry":{"type":"Polygon","coordinates":[[[101.35908516165097,6.6413474097552125],[101.35802913813427,6.64643047598571],[101.34927416517064,6.640005464780415],[101.33992972707529,6.639718075628764],[101.32744122673131,6.635609982414792],[101.32188030573161,6.636739932901605],[101.29745081500317,6.636820665041682],[101.29809941955261,6.631645959693344],[101.30270000759936,6.620295339158645],[101.30162290936983,6.618776123419423],[101.29463896141897,6.617487580187742],[101.29217106164526,6.614894578422081],[101.29290623223687,6.602907615594006],[101.29888294399274,6.588206858559715],[101.29787029477836,6.5800402040921995],[101.30014646988371,6.576248585903556],[101.30054751355698,6.572132681178346],[101.30452376795756,6.56685778865608],[101.31021426957295,6.565296639328494],[101.31463753919115,6.569705881321397],[101.32279922220641,6.570526778887768],[101.32740451280807,6.573475226900257],[101.33100362571679,6.566330764353324],[101.33750675113572,6.565117503370118],[101.34365655540574,6.558544127409618],[101.34941471211931,6.557032566699661],[101.35583146574959,6.558649211392037],[101.36267722297549,6.563553245086268],[101.3695107413277,6.566083993081861],[101.37773773310994,6.567038120712766],[101.3814749665965,6.569406822566862],[101.37286178164595,6.579456551278895],[101.3713001098123,6.582729722898421],[101.37186339118261,6.585838586581531],[101.37576245857065,6.590247825876531],[101.37551967039656,6.593951972405648],[101.37160914114901,6.600208906615819],[101.36541016644611,6.602578809964143],[101.36411022340815,6.606497582397537],[101.35779308498297,6.613883894226376],[101.36145171772267,6.62471235758926],[101.3590694046294,6.632815549597979],[101.35908516165097,6.6413474097552125]]]}},{"type":"Feature","properties":{"subdistrict_code":"940801","subdistrict_th":"ไทรทอง","subdistrict_en":"Sai Thong","district_code":"9408","district_th":"ไม้แก่น","province_code":"94","province_th":"ปัตตานี"},"geometry":{"type":"Polygon","coordinates":[[[101.70101539044799,6.569191650774087],[101.69758346330627,6.575412932261088],[101.69666933482199,6.580164220602342],[101.69190019583743,6.587868056965306],[101.68737090694185,6.601634628835086],[101.68600486733084,6.602926865582447],[101.68669201502456,6.60581990456501],[101.68585527679966,6.608176155305387],[101.68489414524868,6.608624127401583],[101.68470516800915,6.610237026417678],[101.68365902534379,6.6103177846380845],[101.6841215133972,6.614697408358779],[101.68892643730527,6.61858139411612],[101.68849236243261,6.621969579132838],[101.69055522734192,6.626481696373219],[101.68622097891512,6.631937202439985],[101.68362505884943,6.638513417560205],[101.68021175307001,6.641956720226517],[101.6793887322043,6.644452419843333],[101.67360649884091,6.6386099399967975],[101.67390714759682,6.6366502156349725],[101.67559085563352,6.6349631612209805],[101.67363095770258,6.631416730597664],[101.67036485475433,6.630427315368365],[101.66653112581088,6.631228472815792],[101.66263701009001,6.629623932098809],[101.66106321899241,6.631909604944383],[101.65892338740446,6.6304978114249025],[101.65842366472043,6.625889262579449],[101.65935491719574,6.625649603146712],[101.66065361467264,6.627047274612096],[101.6614895848765,6.625049653718577],[101.66505746163261,6.624654082420022],[101.66687384035549,6.6234780461749665],[101.66803272383117,6.6215077772621385],[101.6671986161233,6.618113938207728],[101.66449238341681,6.617395360107821],[101.66128801622904,6.62127003788197],[101.6560190943058,6.622337454010335],[101.65339685468115,6.625927170802356],[101.65079024707228,6.627109937573607],[101.64721345173945,6.626005086265764],[101.64292127989319,6.6216075732309605],[101.63979998757941,6.62128557456964],[101.63874902544723,6.620312362425636],[101.63424504077608,6.621006964599758],[101.63860647570834,6.618358349658138],[101.6423298272598,6.620373248326814],[101.64612480801355,6.618476233691297],[101.64774948634977,6.612227724330069],[101.65341512890512,6.599286936942633],[101.6556526349612,6.595954607918884],[101.65922355502312,6.5954171757621225],[101.6617862910046,6.593300714856127],[101.65983694571855,6.588646230439224],[101.66528723301946,6.585224194041359],[101.66627387294096,6.578444021674329],[101.66909045695905,6.5736885793645],[101.69010891359557,6.572569562835099],[101.70101539044799,6.569191650774087]]]}},{"type":"Feature","properties":{"subdistrict_code":"901008","subdistrict_th":"สำนักขาม","subdistrict_en":"Samnak Kham","district_code":"9010","district_th":"สะเดา","province_code":"90","province_th":"สงขลา"},"geometry":{"type":"Polygon","coordinates":[[[100.41932447204681,6.610695654580866],[100.35411408459737,6.638506976615702],[100.34712707535431,6.648051880789694],[100.34495371614116,6.645844902220517],[100.34460844842124,6.641728397647455],[100.34553719268735,6.639530227937712],[100.34680577456692,6.639036159291379],[100.34687144665997,6.6342863278517825],[100.34889890436102,6.6298403503519125],[100.34575383037503,6.629266697100434],[100.34279883529808,6.629999328905967],[100.33939941864833,6.63341800993328],[100.33668629893361,6.633091557829175],[100.33149077697783,6.630256168987046],[100.32718332834799,6.630579152406028],[100.32507969357306,6.622027913657348],[100.31847254357308,6.615558230428064],[100.31566458495269,6.6139626415626935],[100.31201835656196,6.613870244316388],[100.30946064689141,6.611128492885712],[100.30580734623209,6.610705397835886],[100.30420383613819,6.605108887964832],[100.30592430756082,6.60486697932771],[100.30694732865635,6.605960020738394],[100.31025744802287,6.604168268151113],[100.31590234411794,6.603934361681468],[100.3202706103005,6.591856912666458],[100.32490264673982,6.589042751421914],[100.3252166207505,6.58658651855302],[100.32935263071937,6.584532195404563],[100.33538653755875,6.584978471379372],[100.3360536177803,6.582693132182328],[100.34165690224432,6.580022082752976],[100.3409003997337,6.576350644566617],[100.34498790027146,6.571765651663554],[100.34820574380012,6.573370317386264],[100.35143988214492,6.572943889448993],[100.35364463759004,6.568081450298735],[100.35311493870353,6.561868142201035],[100.35528824665533,6.561595482145833],[100.3565566261874,6.5586958016699555],[100.35900540637448,6.557259419786419],[100.3581669567397,6.554759123734641],[100.36009030442409,6.547244809600329],[100.36125976572566,6.5458200847292005],[100.36385460840353,6.54502257583124],[100.36696231915579,6.54016247941496],[100.36865592243294,6.540028859044639],[100.3730832875637,6.544978516245578],[100.38211737771485,6.541595180373349],[100.3843030639353,6.539397222004254],[100.38649218826396,6.539479933552116],[100.38806623836626,6.5356577770847935],[100.39631928081025,6.534171304761969],[100.40190731277232,6.536715669392663],[100.40277093173319,6.535517677099165],[100.4023943244386,6.530772694804057],[100.40767104168526,6.529413315572128],[100.41114884504321,6.523406598835493],[100.41524057329389,6.524142918760731],[100.41744324411047,6.520127632883998],[100.42015345541768,6.518652138585367],[100.42279750270262,6.518572344438212],[100.42972004764215,6.524229245583285],[100.43241433465386,6.523326864043611],[100.43671730286133,6.525113701835892],[100.43974879337219,6.527715210288761],[100.44180353290676,6.5269495014184145],[100.44444696055882,6.527667289913552],[100.44606468533703,6.526586485577923],[100.4528955722729,6.527488984928766],[100.45661611344292,6.531872467640312],[100.45936924129751,6.5319826255977205],[100.45614886527795,6.539731923589443],[100.4551628144124,6.54700619697843],[100.45259105373418,6.554531495432229],[100.44892215703197,6.562032835946695],[100.43850898170422,6.572262653898406],[100.43629804791664,6.575941758805186],[100.43394715713566,6.577339210835987],[100.43329180317426,6.580690263744714],[100.4272816240478,6.582345169194241],[100.42565170266403,6.581797886763127],[100.42393577641502,6.583201121434627],[100.42344153869612,6.585198873629167],[100.421256730214,6.586197896315923],[100.42494913789244,6.596253589331752],[100.42733460400882,6.5994922341793085],[100.42835451165143,6.603914945318536],[100.431176505991,6.606992350716439],[100.41932447204681,6.610695654580866]]]}},{"type":"Feature","properties":{"subdistrict_code":"941102","subdistrict_th":"ตะโละดือรามัน","subdistrict_en":"Talo Due Raman","district_code":"9411","district_th":"กะพ้อ","province_code":"94","province_th":"ปัตตานี"},"geometry":{"type":"Polygon","coordinates":[[[101.57012456060005,6.641827502037643],[101.56686431043966,6.643082519442771],[101.56223740373326,6.638631316881799],[101.56321668540176,6.632360007908062],[101.56079078756483,6.627159696163119],[101.56121513537028,6.622804903623432],[101.5596878293299,6.618769698662732],[101.55613836259539,6.616055861288999],[101.55026447572504,6.615426861960145],[101.54591876004281,6.613515686599726],[101.54003762193878,6.607926142877261],[101.54089113341911,6.600620073957316],[101.53925281776338,6.596249762716411],[101.54002613130098,6.592929068221963],[101.54143243266071,6.592120395140171],[101.54628947677799,6.593439384919748],[101.55207922487637,6.592687934800381],[101.55735073684707,6.584392316652156],[101.56164422709946,6.584657816305253],[101.56635292444798,6.582847648300401],[101.56802769412286,6.583520792650518],[101.57664723098497,6.580633068661257],[101.5788698325768,6.574510187395276],[101.58896250661445,6.5685342013923105],[101.59406198457299,6.566722128623383],[101.59479944214058,6.569216033193413],[101.59391070601436,6.573659885595305],[101.5970245942097,6.578364905615956],[101.59626816274556,6.581372603662771],[101.59154066956631,6.58540109158713],[101.58812628370111,6.589962790250638],[101.58352234837776,6.590605267718956],[101.57900372813958,6.592678816574164],[101.5749262829217,6.597066562072257],[101.5737905938609,6.599620365087844],[101.57721441901026,6.6102716745981525],[101.5744314048855,6.621303968403481],[101.57915108655345,6.6252526675766035],[101.58215773509147,6.629286332898005],[101.5801209900917,6.629603555259905],[101.57355100277664,6.633747363250279],[101.57012456060005,6.641827502037643]]]}},{"type":"Feature","properties":{"subdistrict_code":"940207","subdistrict_th":"ปากล่อ","subdistrict_en":"Pak Lo","district_code":"9402","district_th":"โคกโพธิ์","province_code":"94","province_th":"ปัตตานี"},"geometry":{"type":"Polygon","coordinates":[[[101.23206429533104,6.615434094308057],[101.22520291418323,6.618072176389887],[101.21313558613843,6.62860008632498],[101.2072753752584,6.629653309352818],[101.20215552136028,6.637117934145408],[101.20001229842887,6.638250626665126],[101.19752885837016,6.637460503899206],[101.19608875689067,6.638008701840192],[101.19502669172851,6.639202124678377],[101.1948868867205,6.6415705729236265],[101.18272924695725,6.641524856786759],[101.17982675969728,6.638604798572658],[101.17852937433122,6.6338369393233165],[101.17694640025621,6.632094127841754],[101.17456786071824,6.630993795627205],[101.17167919963543,6.631077071949335],[101.16209573972668,6.626571873193427],[101.1541559374466,6.62079400334062],[101.14323967237306,6.617492176622704],[101.14260348116579,6.614877842938142],[101.14327688272203,6.613016095216665],[101.147154548044,6.610504908374878],[101.1497003803683,6.610731215573196],[101.15730590914046,6.606643906591046],[101.16155036295896,6.603220864751165],[101.16881956597024,6.604116690233127],[101.1790860645703,6.598983260169348],[101.18626512043903,6.599610470746654],[101.18984059286913,6.5983516923767525],[101.19310197167869,6.598902962401837],[101.19833856837027,6.59743300343041],[101.20302393370764,6.597570845218399],[101.21294589933387,6.595779353434466],[101.21721784272933,6.597065626777294],[101.21942270969038,6.598811261230765],[101.22383242742467,6.604920958435514],[101.22504653377058,6.608248631669085],[101.23206429533104,6.615434094308057]]]}},{"type":"Feature","properties":{"subdistrict_code":"940603","subdistrict_th":"น้ำดำ","subdistrict_en":"Nam Dam","district_code":"9406","district_th":"ทุ่งยางแดง","province_code":"94","province_th":"ปัตตานี"},"geometry":{"type":"Polygon","coordinates":[[[101.44907607040437,6.632748695795726],[101.44351569439385,6.633714393204741],[101.43356904687408,6.6386958962986],[101.42894106188055,6.630401751239901],[101.42904949044168,6.624045659579565],[101.42624135825213,6.619330131880133],[101.42436197032873,6.611591828100416],[101.42557284541056,6.606545410142587],[101.4284402303324,6.603978132584814],[101.42980614943428,6.5871626413429],[101.42846528184737,6.582608810848001],[101.43699621030692,6.582227778888921],[101.44199051794811,6.5803683721027255],[101.44575523291775,6.577391391299727],[101.45173225314102,6.575696289752045],[101.4537137725726,6.576267834093301],[101.45746714079598,6.581179657715097],[101.45704273633328,6.585046638191841],[101.46121321461823,6.586314022174406],[101.46883678019333,6.586500644988803],[101.4710145883526,6.594934142696559],[101.46871282843432,6.595984907877266],[101.46494794888878,6.595995059424524],[101.46162355997939,6.598042772555971],[101.46115449518385,6.607946796707324],[101.45987878257984,6.611796520093378],[101.46039862759466,6.624603071074944],[101.45153290312106,6.629082354067407],[101.44907607040437,6.632748695795726]]]}},{"type":"Feature","properties":{"subdistrict_code":"960304","subdistrict_th":"ปะลุกาสาเมาะ","subdistrict_en":"Paluka Samo","district_code":"9603","district_th":"บาเจาะ","province_code":"96","province_th":"นราธิวาส"},"geometry":{"type":"Polygon","coordinates":[[[101.63424504077608,6.621006964599758],[101.6324434226259,6.625787960246214],[101.63283762155902,6.631417504913941],[101.63084842011853,6.63560646786425],[101.6296657198971,6.633071132426892],[101.62962594827894,6.626954528428769],[101.62597084537828,6.624716355075748],[101.62309401937358,6.625451690243381],[101.62239911862446,6.626601352970113],[101.62266195358637,6.627918221248933],[101.62638447776152,6.630723685149974],[101.62545278371903,6.6332360680901274],[101.62386419877379,6.633809563960256],[101.61897798244797,6.629841362089223],[101.61455697102747,6.630004470330107],[101.61313453043431,6.633588153570486],[101.60924853559152,6.631865092100384],[101.6056367997985,6.631755161671435],[101.60387284975229,6.630647503579496],[101.60110209338694,6.624700413693176],[101.59854874542833,6.62369146608836],[101.59210465870308,6.626034128072604],[101.58807346741662,6.626403091129816],[101.58215773509147,6.629286332898005],[101.57915108655345,6.6252526675766035],[101.5744314048855,6.621303968403481],[101.57721441901026,6.6102716745981525],[101.5737905938609,6.599620365087844],[101.5749262829217,6.597066562072257],[101.57900372813958,6.592678816574164],[101.58352234837776,6.590605267718956],[101.58812628370111,6.589962790250638],[101.59154066956631,6.58540109158713],[101.59639462091508,6.581150474714661],[101.60735525494113,6.583533401145587],[101.62990859170822,6.5846549195889],[101.63283424190678,6.585906233585888],[101.63293090643623,6.586920796557536],[101.62850590832107,6.596501726673409],[101.62850343338681,6.6010659200562145],[101.63209261328353,6.602626724044114],[101.65096225500412,6.604819156079259],[101.64591272359337,6.618707800124923],[101.6423298272598,6.620373248326814],[101.63860647570834,6.618358349658138],[101.63424504077608,6.621006964599758]]]}},{"type":"Feature","properties":{"subdistrict_code":"940601","subdistrict_th":"ตะโละแมะนา","subdistrict_en":"Talo Maena","district_code":"9406","district_th":"ทุ่งยางแดง","province_code":"94","province_th":"ปัตตานี"},"geometry":{"type":"Polygon","coordinates":[[[101.41519897944943,6.629829946095185],[101.41326029742487,6.6285920913520044],[101.40942654509905,6.6317193443723],[101.39868404073593,6.634281262870047],[101.39882520372021,6.6299444028119865],[101.395699087443,6.624272636772844],[101.38573193268263,6.624892307434095],[101.38193892234347,6.622900011426452],[101.37872764926169,6.618746372946816],[101.37893591336177,6.614927154564555],[101.38155046378296,6.609149189383629],[101.38111740604353,6.604948342791829],[101.38060597418644,6.603611953828647],[101.37678082207736,6.60099773975395],[101.37160914114901,6.600208906615819],[101.3762042055597,6.591905994965771],[101.37548856104831,6.589671790320892],[101.37186339118261,6.585838586581531],[101.3713001098123,6.582729722898421],[101.37286178164595,6.579456551278895],[101.3814749665965,6.569406822566862],[101.38978122102657,6.568857415937032],[101.3937170257202,6.571751824587068],[101.39939674896084,6.573602359561278],[101.40818437990526,6.582118345785091],[101.41207224084133,6.582765606747387],[101.41470016777856,6.584299597448535],[101.42260410059885,6.584189586979903],[101.42846528184737,6.582608810848001],[101.42980614943428,6.5871626413429],[101.4284402303324,6.603978132584814],[101.42528369628559,6.607142777617128],[101.42434730598342,6.61252397000527],[101.42624135825213,6.619330131880133],[101.42904949044168,6.624045659579565],[101.42894106188055,6.630401751239901],[101.41519897944943,6.629829946095185]]]}},{"type":"Feature","properties":{"subdistrict_code":"950103","subdistrict_th":"ยุโป","subdistrict_en":"Yupo","district_code":"9501","district_th":"เมืองยะลา","province_code":"95","province_th":"ยะลา"},"geometry":{"type":"Polygon","coordinates":[[[101.29844516930916,6.584658782177087],[101.29828566914836,6.590632077408486],[101.2931657442038,6.600986179868357],[101.29203590343428,6.613395276370966],[101.29217106164526,6.614894578422081],[101.29463896141897,6.617487580187742],[101.30162290936983,6.618776123419423],[101.30270000759936,6.620295339158645],[101.29773187562563,6.6329822533283505],[101.29514344241602,6.630884522602685],[101.29275951773764,6.626594093642552],[101.28681708184291,6.626859344183458],[101.28167704715804,6.624943532817838],[101.27305451735214,6.625264424413729],[101.2711202860724,6.624589118992674],[101.27078503140416,6.617867729911836],[101.26874852292605,6.615820036565481],[101.2667924830867,6.611342102556023],[101.26331513658437,6.610494117409644],[101.26157086100648,6.608463688348593],[101.26163722737618,6.607216250429644],[101.26363719190294,6.60614984783723],[101.26133757866637,6.595654385441605],[101.25984739214351,6.59338803992614],[101.25483153674611,6.5975453791160135],[101.24801508392903,6.599399851322119],[101.24731505794364,6.6046548832163126],[101.24561375107379,6.608753440918633],[101.24635982594526,6.613324563577805],[101.24525376055266,6.618994423054232],[101.24547792376723,6.625087644679127],[101.23765322481654,6.632486705297254],[101.23689370957709,6.627892118426587],[101.23290853210312,6.617099213358074],[101.23040788891302,6.612950587699515],[101.22504653377058,6.608248631669085],[101.22409446828516,6.605580015805117],[101.22990104809497,6.6039873974005445],[101.23157454163186,6.60083699223344],[101.23489656892156,6.599440200305025],[101.23482406827617,6.59590172058796],[101.23741891275267,6.590184933587864],[101.2350882684089,6.585226502601074],[101.2328835003733,6.584276484871907],[101.23001809485925,6.581254842836756],[101.22699216395728,6.580237266236907],[101.23430160443553,6.577463434190179],[101.23829512042352,6.578950642158475],[101.24123484771013,6.578762334014527],[101.24806644241244,6.5751673256116305],[101.25521857617639,6.5774141774223835],[101.2568592642437,6.575932234984691],[101.258189244638,6.572451180577559],[101.26008506857113,6.574304720186717],[101.26431934206403,6.574818326604543],[101.26642638257158,6.58026511104606],[101.2703070687163,6.576927274574132],[101.27067967312848,6.571642714339816],[101.27520914008983,6.569373077305727],[101.27561212270138,6.567052688830586],[101.27862473194591,6.5661548461692405],[101.27905358535475,6.564557478444897],[101.27784788317331,6.560916774589543],[101.27880165557201,6.559965020269544],[101.28162850804927,6.561955470868327],[101.28294261001349,6.568674062158266],[101.28502049899691,6.568820509558918],[101.28895204809862,6.565786307592077],[101.29420340716155,6.574269768035435],[101.29409813971745,6.57570633697793],[101.28989223893575,6.575826734616157],[101.28754677556333,6.57783003023178],[101.28730200258542,6.580018618564452],[101.28911943441443,6.583850232302439],[101.29055831731256,6.584586539637144],[101.29497083913299,6.5834593491696864],[101.29844516930916,6.584658782177087]]]}},{"type":"Feature","properties":{"subdistrict_code":"950111","subdistrict_th":"ลำพะยา","subdistrict_en":"Lam Phaya","district_code":"9501","district_th":"เมืองยะลา","province_code":"95","province_th":"ยะลา"},"geometry":{"type":"Polygon","coordinates":[[[101.147154548044,6.610504908374878],[101.13960452542858,6.607964414426249],[101.13368117674497,6.608440707972363],[101.12490772361264,6.614720982287565],[101.11389101775632,6.626775775581621],[101.10806452515777,6.629101575277502],[101.10223030828217,6.626835192889871],[101.09889658710784,6.619508062746945],[101.08859259936901,6.613926147074096],[101.08906315883775,6.608551824607048],[101.10400368772008,6.600174882564829],[101.10845297922168,6.595299239568305],[101.11613058595782,6.5814720246143],[101.12545207515319,6.568872949926742],[101.12704544629037,6.563445518895605],[101.12538120677732,6.55722281737917],[101.12767838644845,6.554104593552211],[101.13069030231566,6.552280407814635],[101.13590007133126,6.551984633384166],[101.14068384318489,6.555624335394839],[101.14345074415655,6.556617093404213],[101.14869926585851,6.555042026168621],[101.15601124242494,6.561684953897554],[101.16163682108248,6.564494733645063],[101.16899584837978,6.56105886477485],[101.17256625043217,6.556464730263144],[101.17834223530599,6.568021356700285],[101.17777695204478,6.576647215796413],[101.1784131999093,6.580040016133864],[101.18592484755374,6.5866988987352215],[101.18590277909004,6.587723310182639],[101.18240415103082,6.590895186663602],[101.17994734439446,6.598948813437062],[101.17433178238593,6.600843691283387],[101.16957749300695,6.603978884418041],[101.16155036295896,6.603220864751165],[101.15730590914046,6.606643906591046],[101.1497003803683,6.610731215573196],[101.147154548044,6.610504908374878]]]}},{"type":"Feature","properties":{"subdistrict_code":"900408","subdistrict_th":"ทับช้าง","subdistrict_en":"Thap Chang","district_code":"9004","district_th":"นาทวี","province_code":"90","province_th":"สงขลา"},"geometry":{"type":"Polygon","coordinates":[[[100.71122727791658,6.558572682683234],[100.72017066604349,6.559744141379042],[100.72732833243663,6.563212080972789],[100.72347722499399,6.568824713889455],[100.71582196011542,6.569746178143646],[100.71311450792825,6.572560237764833],[100.71501865688555,6.577582891137581],[100.71846637342446,6.579031374298552],[100.72453285640626,6.583744073630157],[100.72303423963848,6.5909829919715435],[100.72328073661674,6.5982102371128235],[100.72226726002611,6.599797250942402],[100.72196494032977,6.6038961009243735],[100.71949190902444,6.6049015447705415],[100.71766530860714,6.604240418960217],[100.71500658258776,6.607290023615747],[100.71041255419607,6.608156925102037],[100.70710020720884,6.610153631385003],[100.70456034458431,6.613697014205911],[100.70128457302468,6.611864448585493],[100.70059156444921,6.616322400558374],[100.6987580329569,6.618330970697798],[100.69736829441132,6.6175117377765105],[100.69720122465685,6.614099405962861],[100.69627733223314,6.612986962578304],[100.6934732658786,6.614074810404247],[100.68820254441198,6.614266789580711],[100.68589183713863,6.611684558095931],[100.6729703725847,6.606839611658813],[100.6663169515661,6.601872185652894],[100.66541446930239,6.598515368989126],[100.66326038975524,6.596408884262644],[100.65293873303614,6.591775002414465],[100.6428742077785,6.585028578006529],[100.63772698840984,6.5830227651885025],[100.63293567034498,6.584250715698033],[100.6290196453404,6.583193077898272],[100.62762201434452,6.5735543807301156],[100.61827061459724,6.572616997576404],[100.6119452797509,6.569393905604329],[100.6093226381293,6.566288259695455],[100.60785374935114,6.559036763435927],[100.6044010379776,6.553638570263843],[100.60336055384653,6.549187216616815],[100.59788584185816,6.536805902870185],[100.6035794722149,6.533655048941398],[100.60396206719571,6.531885974558122],[100.60222664904069,6.528515161745361],[100.60677679321452,6.525840980876637],[100.60909002488478,6.520972009051036],[100.60943729179763,6.517167308424575],[100.61207023335464,6.515372687899287],[100.60796066075596,6.512533657702193],[100.60746152622852,6.508927762106566],[100.61858968866323,6.509315555168769],[100.62370851733425,6.508202711585909],[100.6317398795918,6.50969035842337],[100.6397198671782,6.5085748942160535],[100.64382220473101,6.506297533804172],[100.64694764921472,6.5059725682794465],[100.64920994418361,6.507291623709534],[100.65677031889516,6.504650224028637],[100.66032442613141,6.504701300124964],[100.66023796441061,6.505559774064352],[100.66403052958532,6.507501140565239],[100.66661493113423,6.507530400008022],[100.66645161335134,6.5088973884037955],[100.66987859961773,6.510945305681332],[100.66891572158335,6.512311072797843],[100.67056485068736,6.512706032557389],[100.67066783385349,6.514372046432868],[100.67376297568086,6.5133462176538615],[100.67825538967458,6.514498911995247],[100.68362516337066,6.513982009562142],[100.68722284006208,6.515820864141631],[100.68807215080915,6.523513930223771],[100.69057302692369,6.525806831819864],[100.68503037655069,6.5258850125833305],[100.67880558590912,6.528117500422354],[100.67756399538212,6.53563559800449],[100.67633024964135,6.537143761975074],[100.67900850623761,6.540591105295334],[100.6831017363561,6.5428645833338805],[100.6870468031675,6.547790189965326],[100.68695518743203,6.550798779240324],[100.69230033769048,6.555616186637735],[100.69332159701418,6.558161550415264],[100.69649247794558,6.559347248077074],[100.69806347844684,6.562350195904855],[100.70272549558518,6.55797599959277],[100.70770897179165,6.559248149082862],[100.71122727791658,6.558572682683234]]]}},{"type":"Feature","properties":{"subdistrict_code":"900602","subdistrict_th":"ทุ่งพอ","subdistrict_en":"Thung Pho","district_code":"9006","district_th":"สะบ้าย้อย","province_code":"90","province_th":"สงขลา"},"geometry":{"type":"Polygon","coordinates":[[[100.98079901985892,6.55948036122976],[100.95309018456442,6.590617919381543],[100.94788920732111,6.594645130268589],[100.94221538363308,6.6019182129552405],[100.9378344522982,6.6058811519936285],[100.93437427475305,6.611081389994183],[100.9286586649655,6.61022121273885],[100.92883376566579,6.608451007907718],[100.92518947531408,6.6061875833902945],[100.92130677378861,6.605762666314035],[100.91996028364025,6.604330306198733],[100.90980151302944,6.608142387561202],[100.89651534730547,6.607981833394945],[100.89871951099667,6.602268358597939],[100.89776506410647,6.601081930686576],[100.88487244800513,6.598230121123265],[100.88289315439562,6.596835192590106],[100.88247921264559,6.594511982941697],[100.87840194639278,6.590128130608775],[100.86999802378983,6.588950950426067],[100.86641947657762,6.576439045225811],[100.86045860997694,6.561630624953409],[100.85436647922967,6.540711496638323],[100.85267267810167,6.536620773829725],[100.84691860790747,6.530349418091248],[100.85952699057822,6.528470535586791],[100.86460082976453,6.525391794695622],[100.86853888905853,6.5212783604080755],[100.85758608542955,6.514648632928129],[100.8550772080468,6.515048339309487],[100.85425392997496,6.517649122009402],[100.85314072576392,6.517923327999256],[100.8507019082665,6.515092650705299],[100.84822020659732,6.513968715783676],[100.84773336310428,6.5109325164225424],[100.84525162726084,6.509482495420855],[100.84339663974316,6.5055911918800575],[100.84290134082426,6.501926613722276],[100.84046441909771,6.500586867589902],[100.83996215403022,6.498960348341427],[100.83993999293637,6.496826598868495],[100.84206811265335,6.4926478369281995],[100.84202362858764,6.4861572273741785],[100.8406754630023,6.4823877972590935],[100.8428626771709,6.475429658052349],[100.8522258760234,6.468125022651748],[100.86001955375946,6.475862143822951],[100.86368699805655,6.477931644829596],[100.86883185400694,6.478770546823341],[100.87245081585252,6.473806426725275],[100.87757982844636,6.472053229872699],[100.88715994737373,6.479702952229502],[100.89441072687362,6.480476669562677],[100.89858372236097,6.484305350611464],[100.91166820432426,6.5012182339344236],[100.92227258271356,6.50568284808503],[100.91985471132591,6.518170080384948],[100.92390519666753,6.533874506003713],[100.92360154507531,6.5378040747982595],[100.93262853417957,6.548837564701898],[100.9461653544476,6.549053705963786],[100.95680624531201,6.551052247763096],[100.97466658239694,6.556547028122907],[100.98079901985892,6.55948036122976]]]}},{"type":"Feature","properties":{"subdistrict_code":"950506","subdistrict_th":"ตาชี","subdistrict_en":"Tashi","district_code":"9505","district_th":"ยะหา","province_code":"95","province_th":"ยะลา"},"geometry":{"type":"Polygon","coordinates":[[[101.13336284192167,6.551728920153607],[101.1295449266571,6.552789480749993],[101.12538120677732,6.55722281737917],[101.12698084169256,6.561934401551412],[101.1261239649491,6.56757171366371],[101.11613058595782,6.5814720246143],[101.10716925185955,6.597036427589103],[101.10400368772008,6.600174882564829],[101.09471624955535,6.604722834191477],[101.08938964061946,6.608486757757703],[101.08393178192625,6.605558977964506],[101.08228740573924,6.599539749859616],[101.08133281315884,6.587394922737531],[101.08504893775836,6.574526335621954],[101.08178622255616,6.564920425936975],[101.08083083767309,6.556075013551094],[101.07363476842988,6.551732643346838],[101.07231419944083,6.5479851962598445],[101.06902862167362,6.544223796191318],[101.06255226997132,6.543113011156606],[101.08117504059572,6.531129535899424],[101.08722692937937,6.5297896872443175],[101.09442592861376,6.530021973135604],[101.10618992972155,6.533153947596645],[101.10953780442617,6.535983075358672],[101.11227202493404,6.541064056061373],[101.12088530071611,6.546284074650373],[101.13336284192167,6.551728920153607]]]}},{"type":"Feature","properties":{"subdistrict_code":"950608","subdistrict_th":"ท่าธง","subdistrict_en":"Tha Thong","district_code":"9506","district_th":"รามัน","province_code":"95","province_th":"ยะลา"},"geometry":{"type":"Polygon","coordinates":[[[101.5023919309429,6.604248111761024],[101.4983406550972,6.601210299016145],[101.49488866857723,6.599961174868383],[101.49326940685768,6.60271620478909],[101.49416588075087,6.605764230235081],[101.49190377463952,6.604175865623745],[101.49081189155561,6.605706175399746],[101.49066902975198,6.603316811621596],[101.48906864570148,6.6043462277962135],[101.48810418396096,6.602155701424522],[101.48668421830212,6.60354134355822],[101.48414825243998,6.600383120584581],[101.48193312601302,6.601413179774454],[101.47828889681517,6.597969240388181],[101.47614165841088,6.597771190787853],[101.4753388606,6.595304154363305],[101.4717952844249,6.596080917700249],[101.46883678019333,6.586500644988803],[101.46121321461823,6.586314022174406],[101.45704273633328,6.585046638191841],[101.45746714079598,6.581179657715097],[101.45271911519507,6.575820808983224],[101.4468854190269,6.576906277202966],[101.44199051794811,6.5803683721027255],[101.43699621030692,6.582227778888921],[101.42991637663954,6.58218486863683],[101.42130479787818,6.584292482012472],[101.41470016777856,6.584299597448535],[101.41125306457735,6.582559815782929],[101.40847196061253,6.545070694956678],[101.41121746131682,6.546202575388577],[101.4117078553333,6.545400891837744],[101.41727098686658,6.530041292371777],[101.43140398840342,6.533653115398977],[101.43648404370373,6.533309389117051],[101.43506033776441,6.5492167359636255],[101.44748366693773,6.541038977566814],[101.4545111465722,6.54368507440671],[101.46837286041921,6.546291860980659],[101.47004233758389,6.542125623898471],[101.47287075308287,6.53932972428737],[101.47470742320905,6.53448539028858],[101.47787556930211,6.537152935059964],[101.47952658698244,6.535908301227153],[101.48176561469143,6.5399428487834825],[101.48589637441819,6.544116579016929],[101.48661375462115,6.549722149557624],[101.4877384683557,6.5516919139507195],[101.48997789086701,6.5523563888363014],[101.49357109612924,6.55129581295148],[101.49982243475762,6.55672635743548],[101.50620077564531,6.553749924319618],[101.50749038457366,6.554115722662516],[101.50894538242352,6.556381432357284],[101.51078245184874,6.564107374056107],[101.51031008294405,6.568693545970405],[101.5091092299071,6.5698162856930935],[101.5047332601319,6.570227952158291],[101.50280267110645,6.571361677999107],[101.49565066504624,6.578605029098867],[101.49609978557669,6.57974945597266],[101.49770776440187,6.580171847752638],[101.50548989844015,6.57875125616556],[101.5070816103281,6.5800989334190945],[101.50722287133851,6.582698261015992],[101.50400981939771,6.585252281667522],[101.49462375977873,6.5866357150662225],[101.49260214857037,6.590372774983621],[101.49490322770185,6.596210985748428],[101.49949551590538,6.598108511198859],[101.50613716839564,6.603486493007267],[101.5023919309429,6.604248111761024]]]}},{"type":"Feature","properties":{"subdistrict_code":"960305","subdistrict_th":"บาเระเหนือ","subdistrict_en":"Bare Nuea","district_code":"9603","district_th":"บาเจาะ","province_code":"96","province_th":"นราธิวาส"},"geometry":{"type":"Polygon","coordinates":[[[101.66891532028586,6.573907307076581],[101.66627387294096,6.578444021674329],[101.66528723301946,6.585224194041359],[101.65983694571855,6.588646230439224],[101.66172021241795,6.592189561998737],[101.66136407459243,6.594088307829168],[101.6556526349612,6.595954607918884],[101.65096225500412,6.604819156079259],[101.63299136336082,6.602757525939126],[101.62850343338681,6.6010659200562145],[101.62796959312226,6.5989072305842456],[101.63283424190678,6.585906233585888],[101.62868550293365,6.5844902231453375],[101.62361591304403,6.584886056146615],[101.60735525494113,6.583533401145587],[101.59639462091508,6.581150474714661],[101.5970245942097,6.578364905615956],[101.59391070601436,6.573659885595305],[101.59472147901312,6.568376175220351],[101.59285377238376,6.565124759100399],[101.5955771569603,6.562383528377154],[101.60521947659765,6.561138345058623],[101.61280353225726,6.558464586871253],[101.62576714533753,6.5587543907026316],[101.64067293970447,6.562327959267975],[101.63966626288777,6.56894136944868],[101.64516048836589,6.573698084299224],[101.64680527284514,6.56592908306078],[101.64937861273285,6.559567742957029],[101.65037782967318,6.552756702260069],[101.6578873333338,6.555985204553622],[101.6737489028896,6.565068696263381],[101.66951461770549,6.570367565610695],[101.66891532028586,6.573907307076581]]]}},{"type":"Feature","properties":{"subdistrict_code":"950109","subdistrict_th":"ลำใหม่","subdistrict_en":"Lam Mai","district_code":"9501","district_th":"เมืองยะลา","province_code":"95","province_th":"ยะลา"},"geometry":{"type":"Polygon","coordinates":[[[101.22699216395728,6.580237266236907],[101.23001809485925,6.581254842836756],[101.2328835003733,6.584276484871907],[101.2350882684089,6.585226502601074],[101.23741891275267,6.590184933587864],[101.23482406827617,6.59590172058796],[101.23489656892156,6.599440200305025],[101.23157454163186,6.60083699223344],[101.22955263544583,6.604153926662434],[101.22409446828516,6.605580015805117],[101.21942270969038,6.598811261230765],[101.21721784272933,6.597065626777294],[101.21294589933387,6.595779353434466],[101.20302393370764,6.597570845218399],[101.19833856837027,6.59743300343041],[101.19310197167869,6.598902962401837],[101.18984059286913,6.5983516923767525],[101.18626512043903,6.599610470746654],[101.17994734439446,6.598948813437062],[101.18240415103082,6.590895186663602],[101.18606537291868,6.587308466412651],[101.18472375259915,6.58503180027742],[101.1784131999093,6.580040016133864],[101.17777695204478,6.576647215796413],[101.17834223530599,6.568021356700285],[101.17256625043217,6.556464730263144],[101.17611367210833,6.55310010568536],[101.18086180742654,6.554607785820735],[101.18422234818286,6.553495968364302],[101.18736334644137,6.555161987635643],[101.19514067090529,6.5540732036155305],[101.1990772652037,6.552161026410317],[101.19926235287534,6.563452462561145],[101.20016482704517,6.566211814623614],[101.20561856234684,6.568709324575707],[101.20933114721475,6.571846652700913],[101.2179507461301,6.575057686563014],[101.22124401130213,6.579796741426549],[101.22699216395728,6.580237266236907]]]}},{"type":"Feature","properties":{"subdistrict_code":"950606","subdistrict_th":"เกะรอ","subdistrict_en":"Kero","district_code":"9506","district_th":"รามัน","province_code":"95","province_th":"ยะลา"},"geometry":{"type":"Polygon","coordinates":[[[101.52156028068248,6.583724066412572],[101.52078171600346,6.587791645168352],[101.51857010592573,6.59155285817792],[101.51347079973766,6.595516733410591],[101.50922844493687,6.601863350713131],[101.50613716839564,6.603486493007267],[101.49949551590538,6.598108511198859],[101.49415312926357,6.595317172949194],[101.49262373859472,6.591754886378965],[101.49339451244686,6.587856873895646],[101.49584505440578,6.586198058193872],[101.50400981939771,6.585252281667522],[101.50626610959335,6.583955349559801],[101.50750820284134,6.581926929584199],[101.5070816103281,6.5800989334190945],[101.50548989844015,6.57875125616556],[101.49770776440187,6.580171847752638],[101.49579302502815,6.579400774426233],[101.49592223872042,6.577789142554934],[101.50280267110645,6.571361677999107],[101.50960996342911,6.569536431061465],[101.5109052533748,6.567309489341483],[101.51078245184874,6.564107374056107],[101.50894538242352,6.556381432357284],[101.50721099489158,6.553928455933544],[101.49982243475762,6.55672635743548],[101.49357109612924,6.55129581295148],[101.48997789086701,6.5523563888363014],[101.4873004022918,6.5512834265888955],[101.48638093812986,6.545134895758906],[101.48022422706646,6.537762716776001],[101.47977994129133,6.534139011006573],[101.48083311485641,6.532840271261534],[101.48330179973834,6.532826404614923],[101.48816575244757,6.53840076957988],[101.49024945195072,6.539111789777337],[101.4944104190057,6.53752593337515],[101.49567013626785,6.534150845185422],[101.49323629202132,6.530361376376447],[101.47937471756921,6.5191617978787235],[101.47921676694028,6.516326362271855],[101.48065105160481,6.516501202168797],[101.48484641772808,6.519857903719355],[101.48688611879942,6.517961761426193],[101.50155629618615,6.511918659918251],[101.52082818307423,6.511987193654136],[101.52426328842006,6.524225035856773],[101.58197452520426,6.51536034470422],[101.58735879327372,6.513385258123208],[101.58869067123754,6.514421658432866],[101.59220234666105,6.519838347062091],[101.59319829366638,6.52890142685942],[101.60209755295978,6.533809536281126],[101.60546199137787,6.540067226821122],[101.60882962778516,6.543330202826667],[101.6071334713327,6.545799335570905],[101.598370321733,6.551428528603765],[101.59710425255929,6.560513409766088],[101.59602620914228,6.561956458323948],[101.59308853141067,6.5649702978410005],[101.59138639536593,6.565216896442678],[101.58688480109276,6.562565945062374],[101.58139109182548,6.555962744884823],[101.57453035369292,6.555188890854652],[101.57231344840699,6.5532623092082645],[101.56409002423527,6.549815985719192],[101.55052648690793,6.555241437342488],[101.53705382787194,6.555713050816678],[101.53372142240579,6.557380373205717],[101.53024497792347,6.561513402821333],[101.52632187435506,6.57116556104188],[101.51782167213253,6.57709641816524],[101.51803580880556,6.580137069170462],[101.52156028068248,6.583724066412572]]]}},{"type":"Feature","properties":{"subdistrict_code":"900609","subdistrict_th":"ธารคีรี","subdistrict_en":"Than Khiri","district_code":"9006","district_th":"สะบ้าย้อย","province_code":"90","province_th":"สงขลา"},"geometry":{"type":"Polygon","coordinates":[[[101.06255226997132,6.543113011156606],[101.06902862167362,6.544223796191318],[101.07231419944083,6.5479851962598445],[101.07363476842988,6.551732643346838],[101.08083083767309,6.556075013551094],[101.08178622255616,6.564920425936975],[101.08504893775836,6.574526335621954],[101.08133281315884,6.587394922737531],[101.0832500733323,6.603664612731734],[101.07576840368893,6.601358340914771],[101.07326455171773,6.599551081317372],[101.07292797774403,6.597965327437976],[101.07547162381644,6.594674785413076],[101.07548586458103,6.593208489380345],[101.06756051530562,6.582775974131948],[101.06259489244042,6.579569616744493],[101.0517404800392,6.569824248290502],[101.04129121941429,6.573439960885537],[101.0328257292241,6.57459715273643],[101.02043499417971,6.569753503121717],[101.00082436505244,6.566691138885005],[100.99736532604902,6.566416767419923],[100.98114126855478,6.569161251890307],[100.97934340237617,6.564888053940592],[100.98132027321208,6.561559404942614],[100.98044115443577,6.555563105952615],[100.98236080410788,6.542606694643268],[100.98979740422686,6.53290472117601],[100.99399777777529,6.531255667615028],[100.99095088097846,6.5289865998517485],[100.99281881333764,6.526867610052193],[100.9930789809103,6.524508048907364],[100.99824680644502,6.522220605296752],[101.00285043959616,6.521852294248049],[101.00287172744834,6.520952932631758],[101.00002856306781,6.519184868187153],[101.00451655779295,6.519297019042256],[101.00601418170919,6.514435600622505],[101.00899651797499,6.5145528569288444],[101.0119949521054,6.512755649953306],[101.01663426316077,6.506211435409455],[101.01527185501214,6.503154882591787],[101.01152153009463,6.504477143205634],[101.01293838140123,6.503306567644017],[101.01303664312661,6.500954169599311],[101.00940486684118,6.501446354165978],[101.00905895880396,6.4981320241736285],[101.01098690741992,6.492104349636065],[101.00899071644847,6.490182911212457],[101.00900310640827,6.488747073418779],[101.01098885804942,6.488608577823641],[101.01349584865454,6.485291217116014],[101.01724039992456,6.488033471267727],[101.01867574938638,6.487674623784926],[101.02136706323944,6.482052572268458],[101.02668981318442,6.481693751765306],[101.03452439658372,6.4852225466832465],[101.0385314122949,6.484803907774165],[101.04032558405851,6.486658007660992],[101.04152167698385,6.491442756178287],[101.04403350594163,6.495928468424154],[101.04142028561773,6.5020538534026855],[101.04002605765652,6.512144269242697],[101.03627186925144,6.517302966658633],[101.0384904319879,6.522473712292026],[101.04161051381425,6.523264007727846],[101.0439058408819,6.525189390577964],[101.0432698025594,6.54157659858123],[101.06255226997132,6.543113011156606]]]}},{"type":"Feature","properties":{"subdistrict_code":"941101","subdistrict_th":"กะรุบี","subdistrict_en":"Karubi","district_code":"9411","district_th":"กะพ้อ","province_code":"94","province_th":"ปัตตานี"},"geometry":{"type":"Polygon","coordinates":[[[101.59406198457299,6.566722128623383],[101.58896250661445,6.5685342013923105],[101.5788698325768,6.574510187395276],[101.57664723098497,6.580633068661257],[101.56802769412286,6.583520792650518],[101.56635292444798,6.582847648300401],[101.56164422709946,6.584657816305253],[101.55735073684707,6.584392316652156],[101.55207922487637,6.592687934800381],[101.54628947677799,6.593439384919748],[101.54049010773235,6.592199189241228],[101.53925281776338,6.596249762716411],[101.53293344182492,6.593394414320812],[101.52960361021849,6.5907130361777035],[101.5293100373284,6.586952076776981],[101.52773948558882,6.5842176925924605],[101.52393038188166,6.583025916412964],[101.52156028068248,6.583724066412572],[101.51768924336398,6.57940111706796],[101.51831330901206,6.576468650907543],[101.52632187435506,6.57116556104188],[101.53024497792347,6.561513402821333],[101.5352487032651,6.556270642176457],[101.55052648690793,6.555241437342488],[101.56409002423527,6.549815985719192],[101.57231344840699,6.5532623092082645],[101.57453035369292,6.555188890854652],[101.58139109182548,6.555962744884823],[101.58688480109276,6.562565945062374],[101.59037266156912,6.564793438966092],[101.59285377238376,6.565124759100399],[101.59406198457299,6.566722128623383]]]}},{"type":"Feature","properties":{"subdistrict_code":"950101","subdistrict_th":"สะเตง","subdistrict_en":"Sateng","district_code":"9501","district_th":"เมืองยะลา","province_code":"95","province_th":"ยะลา"},"geometry":{"type":"Polygon","coordinates":[[[101.30090381056249,6.571885595144124],[101.30014646988371,6.576248585903556],[101.29787029477836,6.5800402040921995],[101.29844516930916,6.584658782177087],[101.29497083913299,6.5834593491696864],[101.28957001364529,6.584290519691763],[101.28730200258542,6.580018618564452],[101.28754677556333,6.57783003023178],[101.28989223893575,6.575826734616157],[101.29409813971745,6.57570633697793],[101.29409104226784,6.5740352671139135],[101.28895204809862,6.565786307592077],[101.28502049899691,6.568820509558918],[101.28294261001349,6.568674062158266],[101.28162850804927,6.561955470868327],[101.28007045958412,6.56033889722238],[101.27794109070885,6.560480492780584],[101.27905358535475,6.564557478444897],[101.27862473194591,6.5661548461692405],[101.27589257358346,6.567107344228589],[101.27409630460085,6.565656235047243],[101.27331822105913,6.5601351045514775],[101.26745792834078,6.557923859598475],[101.26620309889398,6.554639236012008],[101.26758377766924,6.5413797423812525],[101.26647734984988,6.5381661859207725],[101.26264419827118,6.537841077403868],[101.25932775487206,6.54024575303913],[101.25373950257602,6.542081523843308],[101.25101537605883,6.541794299267565],[101.24911708258736,6.540484175004735],[101.24940218656172,6.538424181630717],[101.25396679183405,6.535947305723653],[101.25609104356687,6.531336197407654],[101.26077309580177,6.527738456864313],[101.26304684993227,6.527129960279467],[101.2676297761933,6.5188446366706785],[101.27307567120533,6.512814117577534],[101.28222780007297,6.521360062017322],[101.28591600342088,6.530739562880569],[101.3002064798452,6.553264246347965],[101.29909177016913,6.5617333104439695],[101.30090381056249,6.571885595144124]]]}},{"type":"Feature","properties":{"subdistrict_code":"950614","subdistrict_th":"วังพญา","subdistrict_en":"Wang Phaya","district_code":"9506","district_th":"รามัน","province_code":"95","province_th":"ยะลา"},"geometry":{"type":"Polygon","coordinates":[[[101.41727098686658,6.530041292371777],[101.4117078553333,6.545400891837744],[101.41121746131682,6.546202575388577],[101.40847196061253,6.545070694956678],[101.41125306457735,6.582559815782929],[101.40680295739065,6.581241499595592],[101.39939674896084,6.573602359561278],[101.3937170257202,6.571751824587068],[101.38978122102657,6.568857415937032],[101.38707383089263,6.568520654004999],[101.38208947155192,6.569625060148439],[101.37773773310994,6.567038120712766],[101.3695107413277,6.566083993081861],[101.36267722297549,6.563553245086268],[101.35406463697348,6.557954182039907],[101.35377399857123,6.555003272583008],[101.34937350878045,6.550402269948847],[101.33945626909161,6.546107685221557],[101.33340149258487,6.539687182317664],[101.3643195783859,6.51430189571596],[101.37039936863601,6.511191055322968],[101.3753241766695,6.521058968096952],[101.38825968233851,6.520767959174009],[101.40322618274217,6.522735588576609],[101.40744711209459,6.529832053406608],[101.41727098686658,6.530041292371777]]]}},{"type":"Feature","properties":{"subdistrict_code":"950114","subdistrict_th":"พร่อน","subdistrict_en":"Phron","district_code":"9501","district_th":"เมืองยะลา","province_code":"95","province_th":"ยะลา"},"geometry":{"type":"Polygon","coordinates":[[[101.22699216395728,6.580237266236907],[101.22124401130213,6.579796741426549],[101.2179507461301,6.575057686563014],[101.20933114721475,6.571846652700913],[101.20561856234684,6.568709324575707],[101.20016482704517,6.566211814623614],[101.19926235287534,6.563452462561145],[101.1990772652037,6.552161026410317],[101.20497156578517,6.552236302363497],[101.20739837733333,6.550275902610849],[101.20961413688298,6.545931660917461],[101.21777389265111,6.546314358420943],[101.21953652159328,6.545115330108445],[101.2193809056044,6.543200479218797],[101.23077575659596,6.547382214317793],[101.23638275705866,6.548439758588017],[101.24423145082085,6.546357890104616],[101.24935883294387,6.546790319217905],[101.25499016276586,6.554783534932255],[101.25837886399341,6.564264097110424],[101.25875769171415,6.570224380950492],[101.25638622264614,6.576642261431289],[101.25412726416198,6.577449604415733],[101.24806644241244,6.5751673256116305],[101.24123484771013,6.578762334014527],[101.23829512042352,6.578950642158475],[101.23430160443553,6.577463434190179],[101.22699216395728,6.580237266236907]]]}},{"type":"Feature","properties":{"subdistrict_code":"950108","subdistrict_th":"ท่าสาป","subdistrict_en":"Tha Sap","district_code":"9501","district_th":"เมืองยะลา","province_code":"95","province_th":"ยะลา"},"geometry":{"type":"Polygon","coordinates":[[[101.27561212270138,6.567052688830586],[101.27520914008983,6.569373077305727],[101.27067967312848,6.571642714339816],[101.2703070687163,6.576927274574132],[101.26642638257158,6.58026511104606],[101.26431934206403,6.574818326604543],[101.26008506857113,6.574304720186717],[101.258189244638,6.572451180577559],[101.25887533023234,6.5687510072532405],[101.25787961705072,6.562416110814922],[101.25499016276586,6.554783534932255],[101.24935883294387,6.546790319217905],[101.24423145082085,6.546357890104616],[101.23747644598126,6.548568220447066],[101.23077575659596,6.547382214317793],[101.22140957828947,6.544106771910037],[101.22279677355232,6.541751487940871],[101.23340122478675,6.534599466592169],[101.23534385933169,6.527328196938811],[101.23775008809616,6.523460494306391],[101.23749752698933,6.513127257017345],[101.24122456126457,6.5104472017769695],[101.24379166525318,6.51039202027556],[101.24612441131256,6.51213134418623],[101.24756690588805,6.514880811800083],[101.24797075094943,6.520071580838817],[101.24896872502671,6.5219337647315],[101.25687975799451,6.523417030071926],[101.2608121155867,6.525985220441612],[101.26005467508327,6.528897581358365],[101.25609104356687,6.531336197407654],[101.25396679183405,6.535947305723653],[101.24940218656172,6.538424181630717],[101.24911708258736,6.540484175004735],[101.25101537605883,6.541794299267565],[101.25373950257602,6.542081523843308],[101.25932775487206,6.54024575303913],[101.26264419827118,6.537841077403868],[101.26647734984988,6.5381661859207725],[101.26758377766924,6.5413797423812525],[101.26627022339216,6.550111954403235],[101.26661180479101,6.556325473841582],[101.26809629231008,6.558425477154117],[101.27331822105913,6.5601351045514775],[101.27409630460085,6.565656235047243],[101.27561212270138,6.567052688830586]]]}},{"type":"Feature","properties":{"subdistrict_code":"960107","subdistrict_th":"โคกเคียน","subdistrict_en":"Khok Khian","district_code":"9601","district_th":"เมืองนราธิวาส","province_code":"96","province_th":"นราธิวาส"},"geometry":{"type":"Polygon","coordinates":[[[101.8175416289431,6.451893053821436],[101.79941961971974,6.471297044822791],[101.77858397636948,6.498139894140877],[101.75555748738822,6.53062417626478],[101.72562171487033,6.575844876639792],[101.72468914578752,6.576797345021532],[101.70943481106775,6.568642983387008],[101.71143796818774,6.566964211729044],[101.7192175283663,6.550666433209358],[101.72295142356938,6.545246501624774],[101.72264459467237,6.544168903372224],[101.71907418542537,6.542024061661152],[101.71873808809238,6.540335539553553],[101.72026008723327,6.535030390240365],[101.72043862694113,6.5287769274133325],[101.72581393686374,6.520005356562024],[101.72448422266882,6.513645415803353],[101.71981149190691,6.504616314191594],[101.71780765939604,6.4984468642314255],[101.71589148110701,6.496236493419474],[101.73483512713949,6.4688515957246295],[101.74248986771329,6.4595681361606125],[101.74665758058296,6.455786784632437],[101.74664783193197,6.457354247200783],[101.75096814086709,6.454608797757885],[101.75588087909932,6.449797020116421],[101.77046012333608,6.439393200435916],[101.77340223832272,6.43591734411018],[101.77560314466945,6.436874150821438],[101.77944612673741,6.435678878077795],[101.78239737523876,6.436509067439545],[101.79178067303968,6.433259781813547],[101.79521936488186,6.432950146132384],[101.80436772559011,6.42880180196164],[101.80588542597167,6.434087775930152],[101.81407720659786,6.444682072919363],[101.81682943513039,6.4489807774409655],[101.8175416289431,6.451893053821436]]]}},{"type":"Feature","properties":{"subdistrict_code":"960306","subdistrict_th":"บาเระใต้","subdistrict_en":"Bare Tai","district_code":"9603","district_th":"บาเจาะ","province_code":"96","province_th":"นราธิวาส"},"geometry":{"type":"Polygon","coordinates":[[[101.70101539044799,6.569191650774087],[101.69010891359557,6.572569562835099],[101.67635989739142,6.572722086954798],[101.67372487840049,6.573810394334259],[101.66891532028586,6.573907307076581],[101.66951461770549,6.570367565610695],[101.6737489028896,6.565068696263381],[101.6578873333338,6.555985204553622],[101.65037782967318,6.552756702260069],[101.65445677226228,6.535920662408671],[101.65858670281415,6.535396754256851],[101.66277756783057,6.537214113240793],[101.66754869791413,6.537804451614193],[101.66983133824573,6.536582850318325],[101.67318056732938,6.537032705594925],[101.67544426614,6.534324674244374],[101.6777581174432,6.530219948991487],[101.68102228055386,6.519518603900508],[101.67951340342091,6.509517545598271],[101.70141456712861,6.505154926258911],[101.7091881099434,6.502037585566143],[101.71589148110701,6.496236493419474],[101.71831176717438,6.499473158859246],[101.72580820188705,6.517794348130735],[101.72543545987861,6.521546942937107],[101.72029862857892,6.52920351542997],[101.72026008723327,6.535030390240365],[101.71873808809238,6.540335539553553],[101.71907418542537,6.542024061661152],[101.72264459467237,6.544168903372224],[101.72295142356938,6.545246501624774],[101.7196916095802,6.549780574913655],[101.71079092396201,6.5678261624474885],[101.70943481106775,6.568642983387008],[101.70101539044799,6.569191650774087]]]}},{"type":"Feature","properties":{"subdistrict_code":"960303","subdistrict_th":"กาเยาะมาตี","subdistrict_en":"Kayo Mati","district_code":"9603","district_th":"บาเจาะ","province_code":"96","province_th":"นราธิวาส"},"geometry":{"type":"Polygon","coordinates":[[[101.65037782967318,6.552756702260069],[101.64937861273285,6.559567742957029],[101.64680527284514,6.56592908306078],[101.64516048836589,6.573698084299224],[101.63966626288777,6.56894136944868],[101.64067293970447,6.562327959267975],[101.62847133568363,6.559199407626636],[101.61434701440328,6.558238524288527],[101.60521947659765,6.561138345058623],[101.5955771569603,6.562383528377154],[101.59710425255929,6.560513409766088],[101.598370321733,6.551428528603765],[101.6063526961201,6.5464003965611255],[101.60876072892455,6.543766032276608],[101.60853365010792,6.542560204190124],[101.60546199137787,6.540067226821122],[101.6026619917576,6.534404192299689],[101.63746353721251,6.530248496171225],[101.65220184993547,6.52971303622769],[101.65302877295954,6.53446029290825],[101.65445677226228,6.535920662408671],[101.65037782967318,6.552756702260069]]]}},{"type":"Feature","properties":{"subdistrict_code":"950116","subdistrict_th":"สะเตงนอก","subdistrict_en":"Sateng Nok","district_code":"9501","district_th":"เมืองยะลา","province_code":"95","province_th":"ยะลา"},"geometry":{"type":"Polygon","coordinates":[[[101.35406463697348,6.557954182039907],[101.34941471211931,6.557032566699661],[101.34365655540574,6.558544127409618],[101.33750675113572,6.565117503370118],[101.33057602866086,6.566702217633292],[101.32884978089271,6.571823991583983],[101.32740451280807,6.573475226900257],[101.32279922220641,6.570526778887768],[101.31463753919115,6.569705881321397],[101.31212627141036,6.566474186434618],[101.30936314039667,6.565092666793191],[101.30452376795756,6.56685778865608],[101.30090381056249,6.571885595144124],[101.29909177016913,6.5617333104439695],[101.3002064798452,6.553264246347965],[101.28591600342088,6.530739562880569],[101.28222780007297,6.521360062017322],[101.27307567120533,6.512814117577534],[101.2676297761933,6.5188446366706785],[101.26304684993227,6.527129960279467],[101.26077309580177,6.527738456864313],[101.2608121155867,6.525985220441612],[101.25865455296531,6.524033360651117],[101.24896872502671,6.5219337647315],[101.24797075094943,6.520071580838817],[101.24756690588805,6.514880811800083],[101.24410741722357,6.51051660515725],[101.24155933389619,6.510275379105508],[101.23687876104606,6.5132040078587465],[101.2325923493575,6.510367630661676],[101.23251242211063,6.50864200612375],[101.23518020340373,6.504557505724335],[101.23283884543645,6.500436098047544],[101.2329468684033,6.498801733113567],[101.23386573901269,6.497484693064166],[101.23527242258427,6.498420847744001],[101.24014894961437,6.49652303540978],[101.24405345160557,6.500901725634151],[101.24602202799423,6.4988726824283845],[101.24566127394871,6.497005383191947],[101.24631755870843,6.496732983940092],[101.25216045763909,6.4988996342107725],[101.25908117155888,6.4983421192933974],[101.27195363924909,6.502964125593962],[101.27473778921768,6.504845894922141],[101.27962391021532,6.505753229927677],[101.28843712327466,6.514570642820956],[101.29893941512199,6.518314396392327],[101.32255335025695,6.532396095203694],[101.32912702209444,6.534298918560296],[101.33849791194916,6.545430280782853],[101.35018334108838,6.551083730329935],[101.35377399857123,6.555003272583008],[101.35406463697348,6.557954182039907]]]}},{"type":"Feature","properties":{"subdistrict_code":"900607","subdistrict_th":"เขาแดง","subdistrict_en":"Khao Daeng","district_code":"9006","district_th":"สะบ้าย้อย","province_code":"90","province_th":"สงขลา"},"geometry":{"type":"Polygon","coordinates":[[[100.86055407391143,6.5618678688071554],[100.85200520397706,6.560336460958979],[100.84934302186304,6.56182458533641],[100.84689650437025,6.561731885917823],[100.84337790056969,6.558831739593131],[100.84098909437125,6.558910586754223],[100.83619646689351,6.556514032896359],[100.83363730391852,6.55791072320136],[100.8295512324035,6.558512221262049],[100.8205765145945,6.556414983364846],[100.8178115579571,6.558579203667364],[100.81228547759275,6.559612443759306],[100.8115227014116,6.562448663575026],[100.80998606940165,6.5641201633149535],[100.80467423362904,6.562533832970075],[100.80168027092782,6.564219034780706],[100.79241059617215,6.565164370639252],[100.77993996355855,6.569554032592578],[100.77980167300888,6.562439093889111],[100.77679709920682,6.558293848782171],[100.77500544734357,6.558040234569205],[100.77014970814258,6.560455212837837],[100.76743896533605,6.560292976939365],[100.75750807303922,6.554008626896689],[100.75187887820772,6.548476761193626],[100.75665015128351,6.546864462025326],[100.75994427890538,6.542023645275037],[100.75520151883507,6.539077820585021],[100.75268900279531,6.539259792105781],[100.75118943004821,6.538321812701554],[100.74962599464402,6.5144194218189],[100.73924940643502,6.512750262114935],[100.73637061271364,6.5101520721604516],[100.73843727725858,6.510158388099171],[100.73825688494736,6.508829576823587],[100.74069036856571,6.5063796383096815],[100.74100955144968,6.5022846122450915],[100.74306458596192,6.500455368720338],[100.73856979775803,6.4905863542769],[100.74273368041509,6.481941906194038],[100.74351049321473,6.470558589907057],[100.75214180040382,6.458868005853844],[100.75723183458155,6.456665862939246],[100.75891480877146,6.457566474613145],[100.76786706241506,6.45550766564628],[100.77054154095941,6.45678008313439],[100.77608135487071,6.463173931931465],[100.77927375478004,6.458723629591873],[100.78161623240328,6.45729839660379],[100.78151299472898,6.454755708309335],[100.7879747729175,6.453699752241846],[100.78910777120672,6.450387564434607],[100.79143254117889,6.448766550835728],[100.80605561027824,6.444544428082963],[100.81056729674339,6.444547089176865],[100.81201373124878,6.4428432264338085],[100.81295385283812,6.436488583581308],[100.81455857162086,6.433865287253241],[100.81377561465297,6.431168522609255],[100.81653222198452,6.426957129667869],[100.81627198516406,6.423507478687213],[100.8202025603,6.418215382134235],[100.82325441685794,6.4216025383265105],[100.82605074544563,6.427144773212774],[100.83151006643646,6.431223419025628],[100.83520462259531,6.438133852795147],[100.85322489421355,6.45248789240236],[100.85215634943603,6.459418776755172],[100.8522258760234,6.468125022651748],[100.8428626771709,6.475429658052349],[100.84080888012579,6.481631204816324],[100.84202362858764,6.4861572273741785],[100.84206811265335,6.4926478369281995],[100.83993999293637,6.496826598868495],[100.83996215403022,6.498960348341427],[100.84046441909771,6.500586867589902],[100.84290134082426,6.501926613722276],[100.84339663974316,6.5055911918800575],[100.84525162726084,6.509482495420855],[100.84773336310428,6.5109325164225424],[100.84786357594334,6.51347555815056],[100.85314072576392,6.517923327999256],[100.85425392997496,6.517649122009402],[100.8550772080468,6.515048339309487],[100.85758608542955,6.514648632928129],[100.86853888905853,6.5212783604080755],[100.86460082976453,6.525391794695622],[100.85952699057822,6.528470535586791],[100.84691860790747,6.530349418091248],[100.85293761387982,6.537216542309636],[100.86055407391143,6.5618678688071554]]]}},{"type":"Feature","properties":{"subdistrict_code":"950104","subdistrict_th":"ลิดล","subdistrict_en":"Lidon","district_code":"9501","district_th":"เมืองยะลา","province_code":"95","province_th":"ยะลา"},"geometry":{"type":"Polygon","coordinates":[[[101.17256625043217,6.556464730263144],[101.16899584837978,6.56105886477485],[101.16163682108248,6.564494733645063],[101.15601124242494,6.561684953897554],[101.14869926585851,6.555042026168621],[101.15464505982169,6.547712260112746],[101.15966717809783,6.543576405726583],[101.16548204066373,6.540412290394954],[101.16849193485496,6.539476689697494],[101.17437843921368,6.540084379590496],[101.17933652396147,6.53790274841316],[101.18325339342942,6.538944022148939],[101.1851870464451,6.537853202962992],[101.18632745874527,6.529324887033965],[101.18816198039116,6.523771574298792],[101.18969388916173,6.523137597222387],[101.1940858452856,6.526988066146373],[101.21091790743554,6.5294568859266064],[101.21492445639859,6.539269836633707],[101.21957719343277,6.543771362558402],[101.21935730289727,6.545403692326602],[101.21736191142315,6.546407701754106],[101.20961413688298,6.545931660917461],[101.20739837733333,6.550275902610849],[101.20497156578517,6.552236302363497],[101.19882385333824,6.552194856207677],[101.19514067090529,6.5540732036155305],[101.18736334644137,6.555161987635643],[101.18422234818286,6.553495968364302],[101.18086180742654,6.554607785820735],[101.17611367210833,6.55310010568536],[101.17256625043217,6.556464730263144]]]}},{"type":"Feature","properties":{"subdistrict_code":"900409","subdistrict_th":"ประกอบ","subdistrict_en":"Prakop","district_code":"9004","district_th":"นาทวี","province_code":"90","province_th":"สงขลา"},"geometry":{"type":"Polygon","coordinates":[[[100.71122727791658,6.558572682683234],[100.70770897179165,6.559248149082862],[100.70272549558518,6.55797599959277],[100.70136973162789,6.559954080916157],[100.69772305267679,6.56228296618599],[100.69649247794558,6.559347248077074],[100.69332159701418,6.558161550415264],[100.69230033769048,6.555616186637735],[100.68695518743203,6.550798779240324],[100.6870468031675,6.547790189965326],[100.6831017363561,6.5428645833338805],[100.67900850623761,6.540591105295334],[100.67633024964135,6.537143761975074],[100.67756399538212,6.53563559800449],[100.67880558590912,6.528117500422354],[100.68503037655069,6.5258850125833305],[100.69057302692369,6.525806831819864],[100.68807215080915,6.523513930223771],[100.68749669171899,6.51626698093645],[100.68546203944163,6.514447781939623],[100.67730078630228,6.514435961250683],[100.67376297568086,6.5133462176538615],[100.67066783385349,6.514372046432868],[100.67056485068736,6.512706032557389],[100.66891572158335,6.512311072797843],[100.66987859961773,6.510945305681332],[100.66645161335134,6.5088973884037955],[100.66661493113423,6.507530400008022],[100.66403052958532,6.507501140565239],[100.66023796441061,6.505559774064352],[100.66069244579978,6.504881223889413],[100.65999169675945,6.504642768648921],[100.65677031889516,6.504650224028637],[100.64920994418361,6.507291623709534],[100.64694764921472,6.5059725682794465],[100.64382220473101,6.506297533804172],[100.6397198671782,6.5085748942160535],[100.6317398795918,6.50969035842337],[100.62370851733425,6.508202711585909],[100.61858968866323,6.509315555168769],[100.60746152622852,6.508927762106566],[100.61040199185851,6.5069137420755965],[100.6098986296181,6.500913520242818],[100.61074003982105,6.4986120130340055],[100.60734388501237,6.4930570041774445],[100.60987842544904,6.482809195288155],[100.60805287364127,6.472314666388797],[100.60953463441592,6.469263986144085],[100.61426996428747,6.465636690281087],[100.61528750041788,6.461426904428151],[100.61796949459654,6.459773178889122],[100.62591743574114,6.4579449785779275],[100.63210363197709,6.4586016950122485],[100.63991003242211,6.457775781027522],[100.6460545963426,6.45867095629967],[100.646601170108,6.456112400367033],[100.64294872020736,6.449551072623933],[100.64545791595015,6.448506476792545],[100.6458716724398,6.4468088085797035],[100.64997008894852,6.446173612022619],[100.65129976177462,6.443364138044558],[100.65288180055472,6.442858851255039],[100.66227216702697,6.450966054240041],[100.671746127282,6.451626261842534],[100.67913683859427,6.454030995933749],[100.68443066274494,6.453802442228948],[100.68490047577637,6.4600463659471075],[100.68651907919224,6.462396833147352],[100.68618056628014,6.464933217194243],[100.69169328721551,6.465769420322545],[100.69428663342143,6.4650809173505195],[100.69687721960804,6.466279719033878],[100.69751639386652,6.46756772087366],[100.6966374360689,6.469940691809541],[100.69738281306644,6.471164571987458],[100.70267584041778,6.470113783424438],[100.70921567706193,6.471212799031491],[100.71197340584808,6.481672493590736],[100.71938797797287,6.486465241577662],[100.72005046086014,6.49087843159441],[100.72354290967758,6.495592818054149],[100.72806194270453,6.495019061380617],[100.7303980027657,6.4967415328954985],[100.73050147336437,6.498911302914337],[100.7294132846954,6.500501360949102],[100.7316597138248,6.501946289090029],[100.72992341163621,6.505458123693529],[100.73288872643366,6.506004629110407],[100.7339411589574,6.509725825886221],[100.73637061271364,6.5101520721604516],[100.7386123968447,6.512526966746179],[100.7467283637231,6.514264124190049],[100.74919759809075,6.513984342403546],[100.74968754604345,6.515060631243159],[100.74230081063394,6.519839503590276],[100.73826661381321,6.520412902333646],[100.73486431303769,6.525967453435271],[100.72725125873865,6.529109196332399],[100.71685768143692,6.5409606583077675],[100.71637289829067,6.545282238884283],[100.711761952752,6.550145741033191],[100.71063877955606,6.552869592357865],[100.71155795413631,6.55578258459866],[100.71122727791658,6.558572682683234]]]}},{"type":"Feature","properties":{"subdistrict_code":"900605","subdistrict_th":"จะแหน","subdistrict_en":"Chanae","district_code":"9006","district_th":"สะบ้าย้อย","province_code":"90","province_th":"สงขลา"},"geometry":{"type":"Polygon","coordinates":[[[101.01349584865454,6.485291217116014],[101.01098885804942,6.488608577823641],[101.00886329240706,6.489105586353787],[101.01098690741992,6.492104349636065],[101.00905895880396,6.4981320241736285],[101.00931224116704,6.501168153387596],[101.01030900565615,6.501929269420316],[101.01303664312661,6.500954169599311],[101.01293838140123,6.503306567644017],[101.01152153009463,6.504477143205634],[101.01527185501214,6.503154882591787],[101.01663426316077,6.506211435409455],[101.0119949521054,6.512755649953306],[101.00899651797499,6.5145528569288444],[101.00601418170919,6.514435600622505],[101.00451655779295,6.519297019042256],[101.00002856306781,6.519184868187153],[101.00287172744834,6.520952932631758],[101.00285043959616,6.521852294248049],[100.99824680644502,6.522220605296752],[100.9930789809103,6.524508048907364],[100.99281881333764,6.526867610052193],[100.99095088097846,6.5289865998517485],[100.99399777777529,6.531255667615028],[100.98979740422686,6.53290472117601],[100.98236080410788,6.542606694643268],[100.98044115443577,6.555563105952615],[100.98079901985892,6.55948036122976],[100.97466658239694,6.556547028122907],[100.95680624531201,6.551052247763096],[100.9461653544476,6.549053705963786],[100.93262853417957,6.548837564701898],[100.92360154507531,6.5378040747982595],[100.92390519666753,6.533874506003713],[100.91985471132591,6.518170080384948],[100.92227258271356,6.50568284808503],[100.9120315079478,6.501523134684987],[100.90689894123324,6.49484571885489],[100.91503768434171,6.494482175112353],[100.92027202823158,6.492965463085682],[100.92463421139979,6.4903077407097385],[100.92818422941872,6.486409880211852],[100.93280124628058,6.488666195588507],[100.93927517520922,6.488393402433644],[100.944563545871,6.4824529027793005],[100.9609505551241,6.48148798778044],[100.96350852559806,6.4780777666756535],[100.9707206738201,6.478446834953502],[100.97500095932685,6.479698761388761],[100.9756872517653,6.48185009800369],[100.97445138542315,6.483938286023147],[100.97708330085374,6.486368526686192],[100.98355803197768,6.484695532273065],[100.98835502656328,6.4856641839549525],[100.9970469750379,6.4856286148687445],[100.99974874890569,6.483975927147355],[101.00423475522985,6.483234956827857],[101.01349584865454,6.485291217116014]]]}},{"type":"Feature","properties":{"subdistrict_code":"950507","subdistrict_th":"บาโงยซิแน","subdistrict_en":"Ba-Ngoi Sinae","district_code":"9505","district_th":"ยะหา","province_code":"95","province_th":"ยะลา"},"geometry":{"type":"Polygon","coordinates":[[[101.14869926585851,6.555042026168621],[101.14285881488246,6.5565201815611545],[101.13590007133126,6.551984633384166],[101.13336284192167,6.551728920153607],[101.13488766493384,6.548130532098412],[101.1402482142837,6.543415948687141],[101.134923429173,6.535661884288572],[101.13510952228671,6.526919358841383],[101.13293047755957,6.5194145919099356],[101.13972062520673,6.51349738469662],[101.14497917704745,6.507321089996367],[101.15403569988769,6.506255406861612],[101.16209755905516,6.502727629076844],[101.16421428436178,6.500696181083924],[101.1695635526159,6.499255422200008],[101.17083113175141,6.505699925311376],[101.17363897256058,6.508533150384608],[101.17230281202524,6.510199968253971],[101.17119019507152,6.517350754833501],[101.17229744217326,6.53335272744647],[101.16909077541902,6.539085959449494],[101.15966717809783,6.543576405726583],[101.15333970106639,6.548953505300062],[101.14869926585851,6.555042026168621]]]}},{"type":"Feature","properties":{"subdistrict_code":"950501","subdistrict_th":"ยะหา","subdistrict_en":"Yaha","district_code":"9505","district_th":"ยะหา","province_code":"95","province_th":"ยะลา"},"geometry":{"type":"Polygon","coordinates":[[[101.1695635526159,6.499255422200008],[101.16421428436178,6.500696181083924],[101.16209755905516,6.502727629076844],[101.15403569988769,6.506255406861612],[101.14497917704745,6.507321089996367],[101.13972062520673,6.51349738469662],[101.13293047755957,6.5194145919099356],[101.13510952228671,6.526919358841383],[101.134923429173,6.535661884288572],[101.1402482142837,6.543415948687141],[101.13488766493384,6.548130532098412],[101.13336284192167,6.551728920153607],[101.12088530071611,6.546284074650373],[101.11227202493404,6.541064056061373],[101.10897083223819,6.535366197092344],[101.10426829794363,6.5324206853663895],[101.09803834159624,6.531545481338924],[101.0961415329055,6.530258359036111],[101.08925447341528,6.529773371743772],[101.08337797941027,6.530353127794683],[101.07818453938506,6.532589476423254],[101.08008446512605,6.529983653922557],[101.08041160431213,6.527664577558255],[101.08676821128398,6.521332658775236],[101.09364697542765,6.516303736228508],[101.09486582569735,6.514330156011965],[101.09331407698312,6.512450559445824],[101.09274826941714,6.508965040804014],[101.0904104907516,6.5048387695936185],[101.09148924103573,6.500678024671174],[101.08964747804873,6.498183159625171],[101.08865770039262,6.492143782209837],[101.08925848888822,6.487965236106788],[101.09164161856592,6.486684113181354],[101.0935198148876,6.482141515218814],[101.09911361240336,6.47877575929391],[101.10214639344139,6.48011303318998],[101.10559366571516,6.478780561673659],[101.10796256542011,6.475466950239593],[101.10908211974407,6.475830549740124],[101.11019391471746,6.478371600369087],[101.11428305202128,6.477948341642673],[101.11814430831322,6.480046515734159],[101.1223749089749,6.479684750850595],[101.12546506496085,6.47866440973479],[101.12913548331596,6.472152578878479],[101.13165403380668,6.471562888016933],[101.1339679399685,6.472417351879358],[101.13433053492628,6.473884558925306],[101.1421846731842,6.476337225082943],[101.14671744605334,6.469038898426447],[101.15512005744478,6.461641426011056],[101.159672716123,6.455237671181635],[101.16042909542648,6.4584481600546155],[101.159102529758,6.469960499377578],[101.16131282502693,6.482442018284587],[101.16163119042716,6.483583081693894],[101.1653958091693,6.484978942824],[101.16868643573048,6.490715371916906],[101.1695635526159,6.499255422200008]]]}},{"type":"Feature","properties":{"subdistrict_code":"950615","subdistrict_th":"อาซ่อง","subdistrict_en":"A-Song","district_code":"9506","district_th":"รามัน","province_code":"95","province_th":"ยะลา"},"geometry":{"type":"Polygon","coordinates":[[[101.47952658698244,6.535908301227153],[101.47787556930211,6.537152935059964],[101.47446471597391,6.53463288539939],[101.4733150433546,6.538481361425738],[101.47004233758389,6.542125623898471],[101.46837286041921,6.546291860980659],[101.4545111465722,6.54368507440671],[101.44748366693773,6.541038977566814],[101.43506033776441,6.5492167359636255],[101.43648404370373,6.533309389117051],[101.43140398840342,6.533653115398977],[101.4166732084019,6.529874300858353],[101.40744711209459,6.529832053406608],[101.40322618274217,6.522735588576609],[101.40806250018431,6.510841157893196],[101.40995678267944,6.502885130044774],[101.41007284558543,6.497013585008972],[101.41550834893121,6.5017373226194195],[101.41863898340245,6.510941447589801],[101.42898360790724,6.517455834319321],[101.43645281204772,6.517031179845105],[101.4430269668211,6.515249944829122],[101.4439378082833,6.5129956007664305],[101.44263198637714,6.5013042765711475],[101.43947550808826,6.497341580349712],[101.43632037878251,6.495409044291989],[101.43599192568689,6.494403994348886],[101.43717548296223,6.492714934446724],[101.44220997141309,6.488746648938729],[101.44405228208723,6.490042086373251],[101.45148476780787,6.48668072003926],[101.46066172156128,6.48659276094719],[101.46677220657216,6.497803518917294],[101.4665874714347,6.499993876216479],[101.46464971930914,6.501961746637335],[101.46142890531979,6.502215245737034],[101.45691115562539,6.496961239969323],[101.45511214460987,6.497151297294579],[101.45378988219738,6.498989617676784],[101.45446928403027,6.50108089756543],[101.45939790518923,6.504874406128977],[101.46329292382944,6.509455231573725],[101.46511728223686,6.509824234201119],[101.47148804094041,6.506014668242415],[101.47867106911463,6.508361549845688],[101.48519534658806,6.504568613250967],[101.48695266233557,6.506929587230729],[101.48609331425513,6.512946260361673],[101.4870626170462,6.517217526567663],[101.48634727380772,6.518985130559372],[101.48388335713128,6.519608456964761],[101.47989507969424,6.516212315645873],[101.47889059542467,6.516841996660844],[101.4789768808784,6.51842603283518],[101.49396494432676,6.531059329424579],[101.49539393108512,6.533007803267537],[101.49562361074112,6.535475113985399],[101.49343906396172,6.538231179925049],[101.49024945195072,6.539111789777337],[101.48816575244757,6.53840076957988],[101.48276419041514,6.532613841755449],[101.48040359684859,6.533129906919726],[101.47952658698244,6.535908301227153]]]}},{"type":"Feature","properties":{"subdistrict_code":"950110","subdistrict_th":"หน้าถ้ำ","subdistrict_en":"Na Tham","district_code":"9501","district_th":"เมืองยะลา","province_code":"95","province_th":"ยะลา"},"geometry":{"type":"Polygon","coordinates":[[[101.23749752698933,6.513127257017345],[101.23775008809616,6.523460494306391],[101.23534385933169,6.527328196938811],[101.23340122478675,6.534599466592169],[101.22279677355232,6.541751487940871],[101.22140957828947,6.544106771910037],[101.2193809056044,6.543200479218797],[101.21492445639859,6.539269836633707],[101.21091790743554,6.5294568859266064],[101.21952911927349,6.511820679680682],[101.22266630440646,6.51049671395225],[101.22482710098996,6.5083448314488805],[101.23271093755977,6.5083134478074385],[101.2325923493575,6.510367630661676],[101.23555503723526,6.512773151659644],[101.23749752698933,6.513127257017345]]]}},{"type":"Feature","properties":{"subdistrict_code":"950508","subdistrict_th":"กาตอง","subdistrict_en":"Ka Tong","district_code":"9505","district_th":"ยะหา","province_code":"95","province_th":"ยะลา"},"geometry":{"type":"Polygon","coordinates":[[[101.07818453938506,6.532589476423254],[101.06255226997132,6.543113011156606],[101.0432698025594,6.54157659858123],[101.0439058408819,6.525189390577964],[101.04161051381425,6.523264007727846],[101.0384904319879,6.522473712292026],[101.03627186925144,6.517302966658633],[101.04002605765652,6.512144269242697],[101.04142028561773,6.5020538534026855],[101.04403350594163,6.495928468424154],[101.03966772458585,6.485581436434188],[101.0385314122949,6.484803907774165],[101.03255079838073,6.484564633251296],[101.03088915161311,6.481864386432335],[101.03692723400468,6.477562269882924],[101.04228457637214,6.466106084228443],[101.05115890915641,6.456669890103399],[101.06715870990661,6.46825327856601],[101.0747936779859,6.4768179226090865],[101.07717473922287,6.4779286321007135],[101.08046162910097,6.476628048745511],[101.08238744992093,6.4769269627092285],[101.08149475138174,6.479919033236854],[101.0821209241414,6.481499095307072],[101.08587147299016,6.481956614606133],[101.09003301381262,6.480020679111078],[101.09449851829203,6.481530646222382],[101.09238906220554,6.483415779914367],[101.09164161856592,6.486684113181354],[101.08925848888822,6.487965236106788],[101.08865770039262,6.492143782209837],[101.08964747804873,6.498183159625171],[101.09148924103573,6.500678024671174],[101.0904104907516,6.5048387695936185],[101.09274826941714,6.508965040804014],[101.09331407698312,6.512450559445824],[101.09486582569735,6.514330156011965],[101.09364697542765,6.516303736228508],[101.08676821128398,6.521332658775236],[101.08041160431213,6.527664577558255],[101.08008446512605,6.529983653922557],[101.07818453938506,6.532589476423254]]]}},{"type":"Feature","properties":{"subdistrict_code":"950106","subdistrict_th":"ยะลา","subdistrict_en":"Yala","district_code":"9501","district_th":"เมืองยะลา","province_code":"95","province_th":"ยะลา"},"geometry":{"type":"Polygon","coordinates":[[[101.18969388916173,6.523137597222387],[101.18816198039116,6.523771574298792],[101.18632745874527,6.529324887033965],[101.1851870464451,6.537853202962992],[101.18325339342942,6.538944022148939],[101.17809700457315,6.538101073206008],[101.17437843921368,6.540084379590496],[101.16849193485496,6.539476689697494],[101.17229744217326,6.53335272744647],[101.17119019507152,6.517350754833501],[101.17230281202524,6.510199968253971],[101.17363897256058,6.508533150384608],[101.1761464389071,6.507851715184529],[101.18705583585819,6.509460592432447],[101.19279045641451,6.505255426396843],[101.1940354265937,6.511624158028496],[101.19127817264962,6.515137329923903],[101.1920163712586,6.521352328747014],[101.18969388916173,6.523137597222387]]]}},{"type":"Feature","properties":{"subdistrict_code":"950609","subdistrict_th":"เนินงาม","subdistrict_en":"Noen Ngam","district_code":"9506","district_th":"รามัน","province_code":"95","province_th":"ยะลา"},"geometry":{"type":"Polygon","coordinates":[[[101.37039936863601,6.511191055322968],[101.3643195783859,6.51430189571596],[101.33340149258487,6.539687182317664],[101.32891425958547,6.534157206090242],[101.32614446279678,6.527680980293042],[101.32641831805097,6.524599143036085],[101.32957017832115,6.518108787990229],[101.32624416703476,6.509240014814907],[101.32527570960639,6.503643166798781],[101.32425481270951,6.501131649905744],[101.32063338222486,6.498111189579788],[101.31887592798176,6.494598569868174],[101.32291561426428,6.4936253145566525],[101.33019090208853,6.487934109671471],[101.33354956595974,6.4865227163503505],[101.34383002833317,6.486847010980796],[101.3551412882399,6.484028168765008],[101.35759128341107,6.484491882594341],[101.35864366287478,6.482582079599354],[101.35880141385422,6.470091535995664],[101.37001655781796,6.471850477717396],[101.37279996134919,6.474427053365844],[101.3729430920501,6.479676695623027],[101.37547543544304,6.486035936709186],[101.37343531258966,6.5027731455642765],[101.37373106903368,6.508624824576032],[101.37039936863601,6.511191055322968]]]}},{"type":"Feature","properties":{"subdistrict_code":"960301","subdistrict_th":"บาเจาะ","subdistrict_en":"Bacho","district_code":"9603","district_th":"บาเจาะ","province_code":"96","province_th":"นราธิวาส"},"geometry":{"type":"Polygon","coordinates":[[[101.67951340342091,6.509517545598271],[101.68102228055386,6.519518603900508],[101.6777581174432,6.530219948991487],[101.67318056732938,6.537032705594925],[101.66983133824573,6.536582850318325],[101.66754869791413,6.537804451614193],[101.66277756783057,6.537214113240793],[101.65858670281415,6.535396754256851],[101.65445677226228,6.535920662408671],[101.65302877295954,6.53446029290825],[101.65220184993547,6.52971303622769],[101.63746353721251,6.530248496171225],[101.6026619917576,6.534404192299689],[101.59319829366638,6.52890142685942],[101.59220234666105,6.519838347062091],[101.58814340229623,6.513918301588376],[101.6000548616426,6.507287883429115],[101.60109419284277,6.503931469661666],[101.60423644565549,6.502975439065324],[101.60701258806057,6.4989310664156505],[101.60813968499855,6.491133071034426],[101.6145799810813,6.488921954684486],[101.61744883459608,6.486663714758663],[101.62291228257584,6.4882028154076465],[101.6321841094092,6.488890115086804],[101.64458652035171,6.493475524375981],[101.67061212155221,6.499675270697253],[101.67559209579866,6.502031780442337],[101.67688598909717,6.505803903127685],[101.67951340342091,6.509517545598271]]]}},{"type":"Feature","properties":{"subdistrict_code":"950102","subdistrict_th":"บุดี","subdistrict_en":"Budi","district_code":"9501","district_th":"เมืองยะลา","province_code":"95","province_th":"ยะลา"},"geometry":{"type":"Polygon","coordinates":[[[101.31887592798176,6.494598569868174],[101.32063338222486,6.498111189579788],[101.32425481270951,6.501131649905744],[101.32692442502224,6.511366674032843],[101.32942309240184,6.516713524009958],[101.32913170486432,6.519544605998817],[101.3260884467245,6.526681309195112],[101.32891425958547,6.534157206090242],[101.32255335025695,6.532396095203694],[101.29893941512199,6.518314396392327],[101.28843712327466,6.514570642820956],[101.28057018226815,6.506285663652477],[101.27473778921768,6.504845894922141],[101.27195363924909,6.502964125593962],[101.27206047331225,6.492660028137834],[101.27738280237446,6.484512918636312],[101.28382632432545,6.477155192658074],[101.28400155722613,6.468513507292585],[101.2873727162779,6.46319405336294],[101.29259073387533,6.458886579552029],[101.29823857525008,6.451847901559461],[101.3038052788906,6.446885175410557],[101.3128985264459,6.446054809781685],[101.31614369857289,6.446943030596458],[101.31730512173402,6.448377821579243],[101.32091935044775,6.449918683100805],[101.32608400677157,6.450492842670599],[101.32622777239385,6.457986589309712],[101.33152647716526,6.4595746652386765],[101.33217463744961,6.4610088797560365],[101.3294743096917,6.4762783527638135],[101.32647987934303,6.480379368313265],[101.3188810442249,6.486334108732194],[101.31624618081668,6.490045355408881],[101.31646451642433,6.492956039089961],[101.31887592798176,6.494598569868174]]]}},{"type":"Feature","properties":{"subdistrict_code":"950112","subdistrict_th":"เปาะเส้ง","subdistrict_en":"Po Seng","district_code":"9501","district_th":"เมืองยะลา","province_code":"95","province_th":"ยะลา"},"geometry":{"type":"Polygon","coordinates":[[[101.23271093755977,6.5083134478074385],[101.22482710098996,6.5083448314488805],[101.22266630440646,6.51049671395225],[101.21971271856717,6.511566200319919],[101.21091790743554,6.5294568859266064],[101.1940858452856,6.526988066146373],[101.18969388916173,6.523137597222387],[101.1920163712586,6.521352328747014],[101.19127817264962,6.515137329923903],[101.1940354265937,6.511624158028496],[101.19279045641451,6.505255426396843],[101.19857056467987,6.501273761674838],[101.1991174990734,6.497793362873438],[101.20071226685769,6.495092605239563],[101.22075777844879,6.483367206631328],[101.23138982987683,6.487966284716322],[101.23037149514846,6.492480915561828],[101.23523792728855,6.49380465196316],[101.23275292061084,6.499781114606776],[101.23518020340373,6.504557505724335],[101.23271093755977,6.5083134478074385]]]}},{"type":"Feature","properties":{"subdistrict_code":"950607","subdistrict_th":"จะกว๊ะ","subdistrict_en":"Cha-Kwa","district_code":"9506","district_th":"รามัน","province_code":"95","province_th":"ยะลา"},"geometry":{"type":"Polygon","coordinates":[[[101.58735879327372,6.513385258123208],[101.58197452520426,6.51536034470422],[101.52426328842006,6.524225035856773],[101.52082818307423,6.511987193654136],[101.50155629618615,6.511918659918251],[101.48688611879942,6.517961761426193],[101.48609331425513,6.512946260361673],[101.48720672800818,6.5080608947944825],[101.48519534658806,6.504568613250967],[101.4863518396657,6.503617903943166],[101.48727875111354,6.499737795163185],[101.4926985963632,6.500274854101292],[101.49427960901681,6.4995225703104325],[101.49468645961247,6.498192853417493],[101.49236630675972,6.498110518685564],[101.49205839687755,6.497226609220661],[101.4931017768256,6.495905336062435],[101.49550475274219,6.496427478845135],[101.49451443819083,6.494943758447732],[101.49533974423389,6.4937517826187445],[101.50027829930411,6.497428110419037],[101.50263323613501,6.495924390897983],[101.50422547502569,6.490138285053888],[101.50692877504298,6.488740729601034],[101.50638843627735,6.484537462933588],[101.5073965376202,6.481574879377206],[101.51011727459263,6.478803224589171],[101.5144572049361,6.47697533274544],[101.52177885910714,6.479816938600891],[101.52588443062206,6.478003682324129],[101.5303734658628,6.478809108853341],[101.53084795177159,6.4768501066471345],[101.53274269741763,6.4764766119061505],[101.53630462515838,6.472794671436986],[101.54067934757387,6.475598161326161],[101.54186695539573,6.47988842031441],[101.54494772965404,6.480950133841645],[101.54651733170954,6.483025958880944],[101.55110750290902,6.481705453743757],[101.55643489335569,6.484369519937445],[101.56454850940622,6.495711647274732],[101.56713161503205,6.4975037586915505],[101.57387722285563,6.499273560626364],[101.57950214860534,6.506634548445675],[101.58119177058381,6.510604557054705],[101.58735879327372,6.513385258123208]]]}},{"type":"Feature","properties":{"subdistrict_code":"950604","subdistrict_th":"กอตอตือร๊ะ","subdistrict_en":"Koto Tuera","district_code":"9506","district_th":"รามัน","province_code":"95","province_th":"ยะลา"},"geometry":{"type":"Polygon","coordinates":[[[101.40322618274217,6.522735588576609],[101.38825968233851,6.520767959174009],[101.3753241766695,6.521058968096952],[101.37039936863601,6.511191055322968],[101.37373106903368,6.508624824576032],[101.37343531258966,6.5027731455642765],[101.37547543544304,6.486035936709186],[101.37278089392316,6.47784148329788],[101.37826340483235,6.47340838319036],[101.38135262372464,6.47205733078124],[101.39299954119593,6.477725670403402],[101.40220901713252,6.490420150569548],[101.41007284558543,6.497013585008972],[101.40995678267944,6.502885130044774],[101.40806250018431,6.510841157893196],[101.40322618274217,6.522735588576609]]]}},{"type":"Feature","properties":{"subdistrict_code":"950601","subdistrict_th":"กายูบอเกาะ","subdistrict_en":"Kayu Boko","district_code":"9506","district_th":"รามัน","province_code":"95","province_th":"ยะลา"},"geometry":{"type":"Polygon","coordinates":[[[101.44220997141309,6.488746648938729],[101.43599192568689,6.494403994348886],[101.44263198637714,6.5013042765711475],[101.44389279361758,6.509878221402857],[101.443584999748,6.514668802023664],[101.43645281204772,6.517031179845105],[101.42898360790724,6.517455834319321],[101.41863898340245,6.510941447589801],[101.41550834893121,6.5017373226194195],[101.40220901713252,6.490420150569548],[101.39299954119593,6.477725670403402],[101.38135262372464,6.47205733078124],[101.38401420059495,6.470326393048651],[101.38685642068731,6.466536072581732],[101.39099475090711,6.457457215977797],[101.4039574682626,6.4513364777962465],[101.4122177115782,6.452479216642587],[101.41872790836635,6.455664875233879],[101.42016714020144,6.455483484675142],[101.42255839255586,6.458362681292783],[101.44010688792258,6.4683231334059315],[101.44231451400367,6.472091052660005],[101.44247028197799,6.476064276345312],[101.44398421869681,6.4793141186517005],[101.44192970219405,6.486489020551915],[101.44220997141309,6.488746648938729]]]}},{"type":"Feature","properties":{"subdistrict_code":"960609","subdistrict_th":"สุวารี","subdistrict_en":"Suwari","district_code":"9606","district_th":"รือเสาะ","province_code":"96","province_th":"นราธิวาส"},"geometry":{"type":"Polygon","coordinates":[[[101.61744883459608,6.486663714758663],[101.6145799810813,6.488921954684486],[101.60813968499855,6.491133071034426],[101.60701258806057,6.4989310664156505],[101.60423644565549,6.502975439065324],[101.60109419284277,6.503931469661666],[101.6000548616426,6.507287883429115],[101.58814340229623,6.513918301588376],[101.58119177058381,6.510604557054705],[101.57950214860534,6.506634548445675],[101.57387722285563,6.499273560626364],[101.56713161503205,6.4975037586915505],[101.56454850940622,6.495711647274732],[101.55643489335569,6.484369519937445],[101.55110750290902,6.481705453743757],[101.54651733170954,6.483025958880944],[101.54494772965404,6.480950133841645],[101.54186695539573,6.47988842031441],[101.54067934757387,6.475598161326161],[101.53530710793672,6.471955205568349],[101.53160508110966,6.467124443238504],[101.52446661164487,6.466105925048453],[101.52096971927716,6.4644693846544214],[101.51553046126185,6.457505098581464],[101.51262404936045,6.456499884062453],[101.50866697300245,6.453135326034499],[101.50340438860172,6.454147458138721],[101.51186550359017,6.4500523934032685],[101.52900521481888,6.44665875219971],[101.54955446906354,6.444604908389863],[101.57811986813749,6.444586174612311],[101.58624815572784,6.442242803062982],[101.59754526300355,6.440812347711699],[101.60271039596807,6.437543414596973],[101.60556411479212,6.428125787874876],[101.61556775504789,6.424715782607336],[101.64366985308129,6.410466598554706],[101.64335660302487,6.414102141200885],[101.64549044962462,6.417728865095114],[101.64287972941605,6.421042331738249],[101.64642955228209,6.425111162350333],[101.64513013624685,6.429324510417871],[101.64669720491213,6.431338755279398],[101.6391983042584,6.438029110555078],[101.63756536385051,6.440592997668773],[101.63725346097851,6.4479805361728495],[101.63457766942395,6.453890357254238],[101.63470830764237,6.4579703889223765],[101.63260854265019,6.460845375813506],[101.63692283871808,6.466247400996792],[101.63734564508553,6.469380990640275],[101.63538092498976,6.474233241371053],[101.63219604161407,6.475405913252359],[101.62543781900018,6.482903141167071],[101.61979340943833,6.484362427883809],[101.61744883459608,6.486663714758663]]]}},{"type":"Feature","properties":{"subdistrict_code":"960302","subdistrict_th":"ลุโบะสาวอ","subdistrict_en":"Lubo Sawo","district_code":"9603","district_th":"บาเจาะ","province_code":"96","province_th":"นราธิวาส"},"geometry":{"type":"Polygon","coordinates":[[[101.71589148110701,6.496236493419474],[101.7091881099434,6.502037585566143],[101.70141456712861,6.505154926258911],[101.67951340342091,6.509517545598271],[101.67688598909717,6.505803903127685],[101.67559209579866,6.502031780442337],[101.67061212155221,6.499675270697253],[101.64458652035171,6.493475524375981],[101.6321841094092,6.488890115086804],[101.62291228257584,6.4882028154076465],[101.61744883459608,6.486663714758663],[101.61979340943833,6.484362427883809],[101.62543781900018,6.482903141167071],[101.63219604161407,6.475405913252359],[101.63471320085358,6.474832008190674],[101.63603356209927,6.472794689423438],[101.64781754344494,6.471811082915167],[101.66617671558299,6.473184642657202],[101.69141978519497,6.480820587400217],[101.71589148110701,6.496236493419474]]]}},{"type":"Feature","properties":{"subdistrict_code":"950616","subdistrict_th":"ตะโล๊ะหะลอ","subdistrict_en":"Talo Halo","district_code":"9506","district_th":"รามัน","province_code":"95","province_th":"ยะลา"},"geometry":{"type":"Polygon","coordinates":[[[101.48519534658806,6.504568613250967],[101.47867106911463,6.508361549845688],[101.47148804094041,6.506014668242415],[101.46511728223686,6.509824234201119],[101.46329292382944,6.509455231573725],[101.45939790518923,6.504874406128977],[101.45446928403027,6.50108089756543],[101.45378988219738,6.498989617676784],[101.45511214460987,6.497151297294579],[101.45691115562539,6.496961239969323],[101.46142890531979,6.502215245737034],[101.46464971930914,6.501961746637335],[101.4665874714347,6.499993876216479],[101.46677220657216,6.497803518917294],[101.46066172156128,6.48659276094719],[101.45148476780787,6.48668072003926],[101.44497448288615,6.489793608188506],[101.44255858101377,6.489480449862924],[101.44192970219405,6.486489020551915],[101.44398421869681,6.4793141186517005],[101.44247028197799,6.476064276345312],[101.44221288341788,6.472683542211769],[101.44389285567081,6.468655172997899],[101.4481263737332,6.467167798655055],[101.455933854264,6.468906693589076],[101.46330417704621,6.465094257893725],[101.46437461939325,6.465908143446086],[101.47071199975903,6.4633360221397425],[101.47918211516253,6.463982260572891],[101.48338456434624,6.461733352911949],[101.48501143702828,6.4632183584405425],[101.48665781960273,6.463146482823959],[101.49687281942516,6.4543718371905925],[101.50105661666959,6.452937759370172],[101.50365631029052,6.4541904115582724],[101.5079762262219,6.452882281092457],[101.51262404936045,6.456499884062453],[101.51553046126185,6.457505098581464],[101.52096971927716,6.4644693846544214],[101.52446661164487,6.466105925048453],[101.53160508110966,6.467124443238504],[101.53630462515838,6.472794671436986],[101.53274269741763,6.4764766119061505],[101.53084795177159,6.4768501066471345],[101.5303734658628,6.478809108853341],[101.52588443062206,6.478003682324129],[101.52177885910714,6.479816938600891],[101.5144572049361,6.47697533274544],[101.51011727459263,6.478803224589171],[101.5073965376202,6.481574879377206],[101.50638843627735,6.484537462933588],[101.50692877504298,6.488740729601034],[101.50422547502569,6.490138285053888],[101.50263323613501,6.495924390897983],[101.50027829930411,6.497428110419037],[101.49533974423389,6.4937517826187445],[101.49451443819083,6.494943758447732],[101.49550475274219,6.496427478845135],[101.4931017768256,6.495905336062435],[101.49205839687755,6.497226609220661],[101.49236630675972,6.498110518685564],[101.49468645961247,6.498192853417493],[101.49427960901681,6.4995225703104325],[101.4926985963632,6.500274854101292],[101.48727875111354,6.499737795163185],[101.4863518396657,6.503617903943166],[101.48519534658806,6.504568613250967]]]}},{"type":"Feature","properties":{"subdistrict_code":"950502","subdistrict_th":"ละแอ","subdistrict_en":"La-Ae","district_code":"9505","district_th":"ยะหา","province_code":"95","province_th":"ยะลา"},"geometry":{"type":"Polygon","coordinates":[[[101.19279045641451,6.505255426396843],[101.18705583585819,6.509460592432447],[101.1761464389071,6.507851715184529],[101.17363897256058,6.508533150384608],[101.17172617302452,6.506810242698577],[101.16923578210572,6.4981692183347946],[101.16913062617749,6.491949108664471],[101.1653958091693,6.484978942824],[101.16163119042716,6.483583081693894],[101.15925731837058,6.471826589025909],[101.15908239933333,6.46588300739495],[101.16042909542648,6.4584481600546155],[101.159672716123,6.455237671181635],[101.16301625339742,6.451166820692265],[101.16364002136993,6.446815972579145],[101.16670352864497,6.441459822712716],[101.16580702597355,6.431298249814404],[101.16682069142183,6.427121473577188],[101.1694822350172,6.425161533378116],[101.17647383709794,6.4235408318439795],[101.1827686318669,6.42011731875931],[101.19094694604479,6.425159920893691],[101.19315043884171,6.429429674439973],[101.19703293262381,6.4332560244459955],[101.19878126234545,6.4396198080077625],[101.20605071626761,6.447938282425866],[101.20799751557297,6.453519753833632],[101.21255902268081,6.453651380406939],[101.2139683898294,6.454853743405579],[101.21600330740677,6.472078897423216],[101.22094693735136,6.481932475903079],[101.21980466885043,6.484611494225135],[101.21213606882458,6.487947289236047],[101.20165782844606,6.4941749217352935],[101.1991174990734,6.497793362873438],[101.19857056467987,6.501273761674838],[101.19279045641451,6.505255426396843]]]}},{"type":"Feature","properties":{"subdistrict_code":"950115","subdistrict_th":"บันนังสาเรง","subdistrict_en":"Bannang Sareng","district_code":"9501","district_th":"เมืองยะลา","province_code":"95","province_th":"ยะลา"},"geometry":{"type":"Polygon","coordinates":[[[101.28400155722613,6.468513507292585],[101.28382632432545,6.477155192658074],[101.27738280237446,6.484512918636312],[101.27206047331225,6.492660028137834],[101.27195363924909,6.502964125593962],[101.25908117155888,6.4983421192933974],[101.25216045763909,6.4988996342107725],[101.24631755870843,6.496732983940092],[101.24566127394871,6.497005383191947],[101.24602202799423,6.4988726824283845],[101.24376584481797,6.500880966583395],[101.24014894961437,6.49652303540978],[101.23451803617849,6.498225875623689],[101.23386573901269,6.497484693064166],[101.23519754503076,6.49515001795902],[101.23502167810801,6.4934412026494215],[101.23037149514846,6.492480915561828],[101.23138982987683,6.487966284716322],[101.23252728610544,6.487417777408552],[101.2355611697123,6.479484692164874],[101.23979554123133,6.474179070707578],[101.24225192158895,6.465963244907869],[101.24471739679046,6.46558401069359],[101.24629147836907,6.469915417262769],[101.24815890800727,6.468407748818606],[101.24819062889446,6.461012807994734],[101.25262193125718,6.455466761781679],[101.26057754361881,6.455537164308737],[101.26484663796202,6.458019829151851],[101.27470331640501,6.467814545205158],[101.28400155722613,6.468513507292585]]]}},{"type":"Feature","properties":{"subdistrict_code":"960406","subdistrict_th":"ตะปอเยาะ","subdistrict_en":"Tapoyo","district_code":"9604","district_th":"ยี่งอ","province_code":"96","province_th":"นราธิวาส"},"geometry":{"type":"Polygon","coordinates":[[[101.754782736734,6.450953004177848],[101.74664783193197,6.457354247200783],[101.74665758058296,6.455786784632437],[101.73912926940034,6.463334522070568],[101.71589148110701,6.496236493419474],[101.69451948388712,6.482263515448949],[101.66934670798423,6.473832748082884],[101.64781754344494,6.471811082915167],[101.63603356209927,6.472794689423438],[101.63736910569975,6.467480874242995],[101.63261118755634,6.461138495445255],[101.63470830764237,6.4579703889223765],[101.63457766942395,6.453890357254238],[101.63725346097851,6.4479805361728495],[101.63768379467143,6.440346695843402],[101.68823994611665,6.44377830822242],[101.71540192256072,6.442690733790357],[101.73079571694882,6.443761256177083],[101.7447280698446,6.442281945155685],[101.74700146784352,6.443506521408892],[101.75025792826085,6.448731561812167],[101.754782736734,6.450953004177848]]]}},{"type":"Feature","properties":{"subdistrict_code":"950611","subdistrict_th":"บาโงย","subdistrict_en":"Ba-Ngoi","district_code":"9506","district_th":"รามัน","province_code":"95","province_th":"ยะลา"},"geometry":{"type":"Polygon","coordinates":[[[101.35880141385422,6.470091535995664],[101.35864366287478,6.482582079599354],[101.3578707612267,6.484349354439189],[101.3551412882399,6.484028168765008],[101.34383002833317,6.486847010980796],[101.33354956595974,6.4865227163503505],[101.33019090208853,6.487934109671471],[101.3213106023025,6.494412284299528],[101.31887592798176,6.494598569868174],[101.31615238692319,6.492386316775139],[101.31757198475935,6.487734355855878],[101.32647987934303,6.480379368313265],[101.3294743096917,6.4762783527638135],[101.33216696623259,6.464388894431977],[101.33184028480139,6.460268657672486],[101.34065388726714,6.4642420108601755],[101.34304977472738,6.464013484135023],[101.34726480272855,6.461822481122681],[101.36031333609162,6.461690943582255],[101.35753173660044,6.466426574726711],[101.35748236471943,6.4690565080514375],[101.35880141385422,6.470091535995664]]]}},{"type":"Feature","properties":{"subdistrict_code":"900608","subdistrict_th":"บาโหย","subdistrict_en":"Ba Hoi","district_code":"9006","district_th":"สะบ้าย้อย","province_code":"90","province_th":"สงขลา"},"geometry":{"type":"Polygon","coordinates":[[[100.97500095932685,6.479698761388761],[100.9707206738201,6.478446834953502],[100.96350852559806,6.4780777666756535],[100.9609505551241,6.48148798778044],[100.944563545871,6.4824529027793005],[100.93927517520922,6.488393402433644],[100.93280124628058,6.488666195588507],[100.92818422941872,6.486409880211852],[100.92463421139979,6.4903077407097385],[100.92027202823158,6.492965463085682],[100.91503768434171,6.494482175112353],[100.90689894123324,6.49484571885489],[100.89858372236097,6.484305350611464],[100.89441072687362,6.480476669562677],[100.88715994737373,6.479702952229502],[100.87821148796985,6.4722164667165885],[100.87327689441321,6.473221900670239],[100.86883185400694,6.478770546823341],[100.86662654008279,6.4787040680383825],[100.86066952977507,6.4763971702932395],[100.8522258760234,6.468125022651748],[100.85215634943603,6.459418776755172],[100.85322489421355,6.45248789240236],[100.83520462259531,6.438133852795147],[100.83151006643646,6.431223419025628],[100.82605074544563,6.427144773212774],[100.82325441685794,6.4216025383265105],[100.8202025603,6.418215382134235],[100.8215307069766,6.415202012962595],[100.8219643339869,6.410206023589183],[100.82411300501121,6.405131046760459],[100.82128356698308,6.399831873442281],[100.82229360816353,6.39393418691327],[100.821815967433,6.390653712798667],[100.82416514680415,6.3827858337992325],[100.82119299266253,6.374687563780071],[100.82166041799394,6.371244383421583],[100.82040397696204,6.369268099842998],[100.82215570702033,6.36544967826012],[100.82170849664988,6.357152589720272],[100.8275443260099,6.3524619318727105],[100.82851325378368,6.347722889599709],[100.8306117642216,6.3464846688324315],[100.83550221005902,6.338695437344597],[100.84039132939637,6.327534777907715],[100.84025359732573,6.322766894376741],[100.84379398360551,6.320269583174763],[100.84638291503956,6.316572526001323],[100.84912718277332,6.314959582918448],[100.84843494401753,6.310236356122971],[100.8452092655952,6.309870017287494],[100.84283516690948,6.308189316583764],[100.84352965307107,6.301414629181863],[100.84774156761932,6.289528851775117],[100.85835900056748,6.293780614383877],[100.86210357072326,6.293826613807255],[100.86475226930185,6.297274585753598],[100.87079983684305,6.294303562059781],[100.88095786821111,6.295617087558583],[100.88376314775115,6.297135271775403],[100.8882241906939,6.296114704929721],[100.88991059040148,6.296746026308142],[100.89230770273838,6.301030902853938],[100.89648418489725,6.303377812336237],[100.911015623872,6.304014172616007],[100.91610172171715,6.316734739416745],[100.91779541312786,6.318711373730935],[100.9221592807263,6.320813192774665],[100.9236005828007,6.320658119076995],[100.92469834115559,6.319161681366552],[100.92655295635393,6.319515902736782],[100.92872718161419,6.321990520446207],[100.92544788471218,6.32307999604501],[100.92404191340364,6.326070518839401],[100.92449431556025,6.3269899227468045],[100.92751826795376,6.326333111883628],[100.92865957867667,6.3271411779230675],[100.92821935963582,6.328595911372247],[100.92558550706553,6.329032034001216],[100.92647494286439,6.332459896207297],[100.92462068559621,6.336484913647894],[100.92580549023126,6.3401802324318055],[100.9248973854061,6.341041394444858],[100.92209131356333,6.340847527591393],[100.91975146016182,6.344922237970934],[100.91999655060039,6.3486248700417605],[100.92150276214284,6.349452776924181],[100.91995856593513,6.351203193072934],[100.91938497743485,6.3547028886274575],[100.92544274059009,6.355196296272084],[100.92538702219338,6.35995672981926],[100.9276789606156,6.3652361899982],[100.92546884790909,6.369037993908364],[100.92655445012781,6.370048823794207],[100.92237127521423,6.373425328416204],[100.92153445155378,6.3769850573145845],[100.92245996005914,6.380780354629735],[100.91967521204145,6.382050016595031],[100.92017227183294,6.386749631690179],[100.92182008522883,6.389514634193063],[100.91786152768742,6.39161878787678],[100.91688203557754,6.396766652958718],[100.91808231035043,6.40084092716711],[100.91754859599098,6.404799614210901],[100.91873089961138,6.409041773858803],[100.91879724889401,6.417721155207175],[100.9215983645729,6.425215471117156],[100.9288933070805,6.436142600001062],[100.93234497703912,6.444690444708328],[100.93520116720015,6.4455876956157],[100.93774578184241,6.4435731575752015],[100.94051363969277,6.444343289311405],[100.94712764342609,6.442960514216395],[100.94979681956761,6.443556079449536],[100.9521431687723,6.446592264421497],[100.95239284215597,6.451718313749211],[100.95968099927876,6.4518235614082755],[100.96083266389638,6.454713961779987],[100.96104246313922,6.4621087290346395],[100.96405942690109,6.4686998693035775],[100.96884400634588,6.466643182736732],[100.97255470983202,6.4682508126249445],[100.97286181931759,6.472347726366536],[100.97173440671753,6.475597814187836],[100.97500095932685,6.479698761388761]]]}},{"type":"Feature","properties":{"subdistrict_code":"950804","subdistrict_th":"ปุโรง","subdistrict_en":"Purong","district_code":"9508","district_th":"กรงปินัง","province_code":"95","province_th":"ยะลา"},"geometry":{"type":"Polygon","coordinates":[[[101.24906839778839,6.459360367586953],[101.24764619461627,6.463582405803436],[101.24864190060327,6.466506773568767],[101.24815890800727,6.468407748818606],[101.24629147836907,6.469915417262769],[101.24471739679046,6.46558401069359],[101.24225192158895,6.465963244907869],[101.23979554123133,6.474179070707578],[101.2355611697123,6.479484692164874],[101.23233963176864,6.4876462852479335],[101.2306871481934,6.487836609671831],[101.22075777844879,6.483367206631328],[101.22079080425226,6.481362536851634],[101.21600330740677,6.472078897423216],[101.2139683898294,6.454853743405579],[101.21255902268081,6.453651380406939],[101.20799751557297,6.453519753833632],[101.20605071626761,6.447938282425866],[101.19878126234545,6.4396198080077625],[101.19703293262381,6.4332560244459955],[101.19315043884171,6.429429674439973],[101.19094694604479,6.425159920893691],[101.1827686318669,6.42011731875931],[101.20620031489267,6.427115886089325],[101.21488375218348,6.4281032337772785],[101.22121841659668,6.427055421970181],[101.23106657396329,6.423289980348386],[101.24038050165888,6.417771947117728],[101.25767357427611,6.414796091366554],[101.26383538629409,6.414348019445583],[101.27302928237555,6.415290917242089],[101.27693896895829,6.413993378991279],[101.27617261707269,6.417178598713406],[101.26972367940436,6.42050202984484],[101.26483517160597,6.426524651091825],[101.26332626029875,6.42860415885491],[101.26170097581945,6.4347665716200595],[101.2562238059839,6.438114448123315],[101.25517507327106,6.4422263445702015],[101.25641809911605,6.444253013565799],[101.25639312674144,6.446525394431433],[101.24921954774402,6.452528171238157],[101.24906839778839,6.459360367586953]]]}},{"type":"Feature","properties":{"subdistrict_code":"950701","subdistrict_th":"กาบัง","subdistrict_en":"Kabang","district_code":"9507","district_th":"กาบัง","province_code":"95","province_th":"ยะลา"},"geometry":{"type":"Polygon","coordinates":[[[101.03139926506407,6.483697596866648],[101.02668981318442,6.481693751765306],[101.02136706323944,6.482052572268458],[101.01867574938638,6.487674623784926],[101.01724039992456,6.488033471267727],[101.01425010825596,6.485521464244243],[101.00506635922517,6.483242406811655],[100.99974874890569,6.483975927147355],[100.9970469750379,6.4856286148687445],[100.98835502656328,6.4856641839549525],[100.98355803197768,6.484695532273065],[100.97972590742472,6.486176266921234],[100.97634411029253,6.486160076426415],[100.97439863029263,6.483665002737723],[100.97563130404149,6.482135671424146],[100.97543397210018,6.480494941088693],[100.97173440671753,6.475597814187836],[100.97286181931759,6.472347726366536],[100.97255470983202,6.4682508126249445],[100.96884400634588,6.466643182736732],[100.96487642230909,6.468802379426336],[100.96384713473753,6.468438216950176],[100.96104246313922,6.4621087290346395],[100.96083266389638,6.454713961779987],[100.95968099927876,6.4518235614082755],[100.95239284215597,6.451718313749211],[100.95194114506785,6.446056785592248],[100.94850736442339,6.443020797571819],[100.94051363969277,6.444343289311405],[100.93774578184241,6.4435731575752015],[100.93549182808545,6.445517088942552],[100.93280419965413,6.445125226448113],[100.9288933070805,6.436142600001062],[100.92208163775746,6.425895140948057],[100.92364279158164,6.4222303937177685],[100.92817809604236,6.419632630041917],[100.93299411668522,6.413444421123188],[100.94451453281948,6.408182987854673],[100.95230709269822,6.397844276392277],[100.95862526444444,6.392735762045845],[100.96302996306241,6.395860171409822],[100.96489165142862,6.398807220077174],[100.96568226972101,6.407033235195684],[100.9636028078234,6.411258278047114],[100.9652514755752,6.413133064139629],[100.97334991106959,6.411224824166368],[100.97698686475206,6.408540905438485],[100.98342595844127,6.407163305042559],[100.98515938459798,6.408014361373716],[100.98666938768213,6.407470582701251],[100.99507584007802,6.408729684827165],[100.99927963015085,6.4129845608888445],[101.00450120906362,6.415032828002666],[101.00652370700351,6.414971800907949],[101.00948442266804,6.4130373376031],[101.01781493990762,6.410202553105364],[101.02468574055456,6.410506595902746],[101.03185300271394,6.408369518038853],[101.0379156815635,6.403464091294836],[101.04253153110534,6.401351716908266],[101.05647937212541,6.401948114913637],[101.07802476403168,6.39815086606967],[101.07557352779611,6.4064113009408175],[101.07693802956646,6.410436116933283],[101.07679470910858,6.4150772608069815],[101.06930419463293,6.437082098360179],[101.06825487196483,6.444380873778357],[101.06419390592407,6.448810771400019],[101.05389818835079,6.454748470565505],[101.04782344599528,6.459804569725179],[101.04228457637214,6.466106084228443],[101.03692723400468,6.477562269882924],[101.03119635822543,6.480990168061851],[101.03139926506407,6.483697596866648]]]}},{"type":"Feature","properties":{"subdistrict_code":"950504","subdistrict_th":"บาโร๊ะ","subdistrict_en":"Baro","district_code":"9505","district_th":"ยะหา","province_code":"95","province_th":"ยะลา"},"geometry":{"type":"Polygon","coordinates":[[[101.09449851829203,6.481530646222382],[101.09003301381262,6.480020679111078],[101.08587147299016,6.481956614606133],[101.0821209241414,6.481499095307072],[101.08149475138174,6.479919033236854],[101.08238744992093,6.4769269627092285],[101.08046162910097,6.476628048745511],[101.07717473922287,6.4779286321007135],[101.0747936779859,6.4768179226090865],[101.06715870990661,6.46825327856601],[101.05115890915641,6.456669890103399],[101.06419390592407,6.448810771400019],[101.06825487196483,6.444380873778357],[101.06930419463293,6.437082098360179],[101.07693576417421,6.414202592775496],[101.07693802956646,6.410436116933283],[101.07557352779611,6.4064113009408175],[101.07802476403168,6.39815086606967],[101.07400927041158,6.390797991933823],[101.07339942484361,6.3840969554102],[101.08610400529568,6.379384767792828],[101.08774708376097,6.379414276347802],[101.09560086678664,6.387449765594283],[101.10434083186396,6.391975495872487],[101.10712529839384,6.397365087029186],[101.11027480244024,6.4004405373009945],[101.11996499119147,6.40262000470949],[101.12026322616703,6.416027622077138],[101.1164765839273,6.424202619555274],[101.11246810861638,6.430245615842523],[101.11271715697126,6.431329412222624],[101.159672716123,6.455237671181635],[101.15512005744478,6.461641426011056],[101.14671744605334,6.469038898426447],[101.1421846731842,6.476337225082943],[101.13433053492628,6.473884558925306],[101.1339679399685,6.472417351879358],[101.13165403380668,6.471562888016933],[101.12913548331596,6.472152578878479],[101.12546506496085,6.47866440973479],[101.1223749089749,6.479684750850595],[101.11814430831322,6.480046515734159],[101.11428305202128,6.477948341642673],[101.11019391471746,6.478371600369087],[101.10908211974407,6.475830549740124],[101.10796256542011,6.475466950239593],[101.10559366571516,6.478780561673659],[101.10214639344139,6.48011303318998],[101.09911361240336,6.47877575929391],[101.09449851829203,6.481530646222382]]]}},{"type":"Feature","properties":{"subdistrict_code":"950602","subdistrict_th":"กาลูปัง","subdistrict_en":"Kalupang","district_code":"9506","district_th":"รามัน","province_code":"95","province_th":"ยะลา"},"geometry":{"type":"Polygon","coordinates":[[[101.38135262372464,6.47205733078124],[101.37302292756613,6.4770607701385075],[101.37279996134919,6.474427053365844],[101.37110733923237,6.4723758436703065],[101.36007504272908,6.470709293798905],[101.35748236471943,6.4690565080514375],[101.35779103542802,6.465343549964928],[101.35901239120892,6.463216611957137],[101.36031333609162,6.461690943582255],[101.36351953609778,6.462296342901936],[101.36391684488655,6.461260698022841],[101.36389499675676,6.448635443171213],[101.39099475090711,6.457457215977797],[101.38685642068731,6.466536072581732],[101.38401420059495,6.470326393048651],[101.38135262372464,6.47205733078124]]]}},{"type":"Feature","properties":{"subdistrict_code":"950610","subdistrict_th":"บาลอ","subdistrict_en":"Balo","district_code":"9506","district_th":"รามัน","province_code":"95","province_th":"ยะลา"},"geometry":{"type":"Polygon","coordinates":[[[101.46330417704621,6.465094257893725],[101.455933854264,6.468906693589076],[101.4481263737332,6.467167798655055],[101.44507244693591,6.467681288160975],[101.44231451400367,6.472091052660005],[101.44010688792258,6.4683231334059315],[101.42131079995352,6.457040548382622],[101.42016714020144,6.455483484675142],[101.42256690643762,6.450529814699223],[101.42494001317112,6.439850514689567],[101.42344948310722,6.420489055325675],[101.42544875695461,6.422804127008931],[101.43566949355233,6.429494163025254],[101.44399816358447,6.428513889404542],[101.44735019495562,6.430159185597972],[101.4558738434032,6.431463862667158],[101.45842701239678,6.430557384715598],[101.46139832657155,6.425012360132371],[101.46364260272401,6.4234097331727185],[101.46524458307113,6.423049536706799],[101.46799942593282,6.42451793085786],[101.4695758277623,6.42880620324371],[101.46387519618344,6.44402382673826],[101.46630623634377,6.4500912818871825],[101.46230384224856,6.455653777599821],[101.46228129534558,6.45764903687359],[101.46463301170417,6.461307099443161],[101.46330417704621,6.465094257893725]]]}},{"type":"Feature","properties":{"subdistrict_code":"950801","subdistrict_th":"กรงปินัง","subdistrict_en":"Krong Pinang","district_code":"9508","district_th":"กรงปินัง","province_code":"95","province_th":"ยะลา"},"geometry":{"type":"Polygon","coordinates":[[[101.28400155722613,6.468513507292585],[101.27470331640501,6.467814545205158],[101.26484663796202,6.458019829151851],[101.26057754361881,6.455537164308737],[101.25336578840046,6.455212627760602],[101.24906839778839,6.459360367586953],[101.24865053859156,6.457208575915104],[101.24921954774402,6.452528171238157],[101.25639312674144,6.446525394431433],[101.25641809911605,6.444253013565799],[101.25517507327106,6.4422263445702015],[101.2562238059839,6.438114448123315],[101.26170097581945,6.4347665716200595],[101.26332626029875,6.42860415885491],[101.26972367940436,6.42050202984484],[101.27572733664732,6.417630845287306],[101.27674494922007,6.415832033021957],[101.2769730541632,6.4122571271647075],[101.27569548355979,6.410196197596463],[101.27300969873869,6.408830184065778],[101.26718591130083,6.408426587217264],[101.26786863073278,6.402016396839315],[101.26652006944573,6.396389726404777],[101.26410841327271,6.391460923582827],[101.25788166840431,6.387213235802221],[101.25753785938474,6.386014485380258],[101.26373323679951,6.382806280785303],[101.26728648158593,6.379597514114039],[101.27351336584923,6.379796061039428],[101.27563743322105,6.376121827760187],[101.27877242041092,6.3821919610902],[101.278213141923,6.385211283773799],[101.28533841383677,6.3874225593037295],[101.28666864424258,6.390291679917141],[101.28927706668333,6.389141708722946],[101.29156711922724,6.389293654578523],[101.2941648091587,6.39195088772334],[101.29572907913376,6.392202089055218],[101.29980923041171,6.39145338726405],[101.30536457831272,6.388348452718958],[101.31019413015503,6.391272396004297],[101.31476412056776,6.391345065722248],[101.31900833516659,6.390054840758353],[101.32554393780254,6.391730312803759],[101.32443814310585,6.399333685001636],[101.31861756894568,6.401584709666679],[101.31530290170758,6.411663472990938],[101.30750528943764,6.42025860944733],[101.30676522293675,6.422838076416156],[101.30886349055771,6.428272381864986],[101.30234148567109,6.432811718885773],[101.3046901713144,6.437222934890599],[101.30292724289802,6.4454265047294825],[101.303508613232,6.4471006277917695],[101.29823857525008,6.451847901559461],[101.29259073387533,6.458886579552029],[101.2873727162779,6.46319405336294],[101.28400155722613,6.468513507292585]]]}},{"type":"Feature","properties":{"subdistrict_code":"960602","subdistrict_th":"สาวอ","subdistrict_en":"Sawo","district_code":"9606","district_th":"รือเสาะ","province_code":"96","province_th":"นราธิวาส"},"geometry":{"type":"Polygon","coordinates":[[[101.50340438860172,6.454147458138721],[101.50105661666959,6.452937759370172],[101.49687281942516,6.4543718371905925],[101.48665781960273,6.463146482823959],[101.48501143702828,6.4632183584405425],[101.48338456434624,6.461733352911949],[101.47918211516253,6.463982260572891],[101.47071199975903,6.4633360221397425],[101.46345758699812,6.46569510934188],[101.46463301170417,6.461307099443161],[101.46228129534558,6.45764903687359],[101.46230384224856,6.455653777599821],[101.46640104287388,6.449493748038094],[101.46395986465609,6.445419793988378],[101.46415986668455,6.4425142292483315],[101.46627489317183,6.438811412816506],[101.4694433207527,6.429197736586332],[101.47630925966467,6.424616745666356],[101.47773238913851,6.420206678095781],[101.48739515935915,6.420442831071853],[101.49377231404111,6.418530245574402],[101.50795175656839,6.416353521997507],[101.5176332209964,6.42171622522369],[101.54654320520484,6.42048195967476],[101.54864167157592,6.4352681181292155],[101.5527232671651,6.444573246857885],[101.52203946375033,6.447850066127671],[101.51186550359017,6.4500523934032685],[101.50340438860172,6.454147458138721]]]}},{"type":"Feature","properties":{"subdistrict_code":"950605","subdistrict_th":"โกตาบารู","subdistrict_en":"Kota Baru","district_code":"9506","district_th":"รามัน","province_code":"95","province_th":"ยะลา"},"geometry":{"type":"Polygon","coordinates":[[[101.36031333609162,6.461690943582255],[101.34726480272855,6.461822481122681],[101.34304977472738,6.464013484135023],[101.3397111990127,6.463982526772213],[101.33152647716526,6.4595746652386765],[101.32622777239385,6.457986589309712],[101.32608400677157,6.450492842670599],[101.32855248391007,6.4461293348010145],[101.3319205825689,6.44300004841358],[101.35314497586,6.438379286774705],[101.35465379004046,6.442012124260202],[101.36014835006637,6.443496777254495],[101.36389499675676,6.448635443171213],[101.36391684488655,6.461260698022841],[101.36351953609778,6.462296342901936],[101.36031333609162,6.461690943582255]]]}},{"type":"Feature","properties":{"subdistrict_code":"950613","subdistrict_th":"ยะต๊ะ","subdistrict_en":"Yata","district_code":"9506","district_th":"รามัน","province_code":"95","province_th":"ยะลา"},"geometry":{"type":"Polygon","coordinates":[[[101.42016714020144,6.455483484675142],[101.41872790836635,6.455664875233879],[101.4122177115782,6.452479216642587],[101.4039574682626,6.4513364777962465],[101.39181168156392,6.4575200381192985],[101.38987782260347,6.457370944013917],[101.3648014045612,6.449360548550544],[101.36014835006637,6.443496777254495],[101.35465379004046,6.442012124260202],[101.35314497586,6.438379286774705],[101.35656353907615,6.434120963611633],[101.3632525561606,6.417893848422409],[101.36983702166128,6.407949710011167],[101.37123966188096,6.412206650016913],[101.37279886417627,6.413311754933602],[101.37928724790822,6.4059654953114205],[101.38252094738385,6.404184579554737],[101.38494919335068,6.404313967715495],[101.39236480059515,6.408070556411076],[101.39677551837553,6.407795763163961],[101.40086341821223,6.405511949217157],[101.40594494030682,6.400534526347371],[101.41190601644956,6.3964957807557425],[101.41296730100021,6.398474726327606],[101.41924383503499,6.402097833148503],[101.42110180740252,6.405488056029014],[101.42167676287238,6.40982035202768],[101.42487745003433,6.413768527795355],[101.42193258222295,6.417477995613069],[101.42344948310722,6.420489055325675],[101.42494001317112,6.439850514689567],[101.42256690643762,6.450529814699223],[101.42016714020144,6.455483484675142]]]}},{"type":"Feature","properties":{"subdistrict_code":"950503","subdistrict_th":"ปะแต","subdistrict_en":"Patae","district_code":"9505","district_th":"ยะหา","province_code":"95","province_th":"ยะลา"},"geometry":{"type":"Polygon","coordinates":[[[101.1827686318669,6.42011731875931],[101.17647383709794,6.4235408318439795],[101.1694822350172,6.425161533378116],[101.16682069142183,6.427121473577188],[101.16580702597355,6.431298249814404],[101.16670352864497,6.441459822712716],[101.16364002136993,6.446815972579145],[101.16301625339742,6.451166820692265],[101.159672716123,6.455237671181635],[101.1123051307772,6.430855373276927],[101.12026322616703,6.416027622077138],[101.11946107406936,6.402180810895743],[101.11027480244024,6.4004405373009945],[101.10712529839384,6.397365087029186],[101.10434083186396,6.391975495872487],[101.09392790924568,6.3861875374249735],[101.08774708376097,6.379414276347802],[101.0843906870806,6.379723935411334],[101.07339942484361,6.3840969554102],[101.07672092243268,6.371734898846569],[101.08391402571175,6.352550981842398],[101.08520589913297,6.344758038852433],[101.0826693424163,6.33455483094076],[101.07512627785547,6.326670122927851],[101.07269030671233,6.3203599884227515],[101.07223371281566,6.3164534926346505],[101.0738093511207,6.306530946046394],[101.07392032566258,6.298215526625313],[101.06970048988575,6.280414573573751],[101.07188891634047,6.272625437414035],[101.07165788860073,6.269745257837428],[101.06775541098347,6.26256553736971],[101.0673273921455,6.255814515627435],[101.07197798429661,6.2576986573672],[101.07583596705632,6.255614283372552],[101.08017903693309,6.25812278483869],[101.09379544720218,6.260342334131451],[101.09831565564303,6.258828108730256],[101.10224396268876,6.255307010210402],[101.10575801591978,6.262566433993754],[101.10579297616499,6.268751559137172],[101.10850884780513,6.27700911977513],[101.11101862181198,6.28089423598027],[101.12001848556474,6.279267340815181],[101.12241005088322,6.276810012572071],[101.13015745310406,6.272290679171533],[101.13374932916827,6.2766238106403875],[101.14217020668974,6.279708263125883],[101.1485617424305,6.288290459237373],[101.15422343696213,6.288933859410122],[101.15921313737647,6.291072131573685],[101.16614477176387,6.289808923143312],[101.17218881486195,6.2861232342998505],[101.18171195274448,6.282807766665144],[101.19167706604384,6.270313218380352],[101.20089339391507,6.2768905702436655],[101.20312227457339,6.280181266052637],[101.20720199507605,6.283052829224744],[101.20795167443026,6.2889062646124785],[101.20688629706501,6.297894540600623],[101.21489718355821,6.307255635039553],[101.21665830703529,6.313089454414865],[101.21865193943552,6.314501880157707],[101.22202458057001,6.31500670559501],[101.22130176486462,6.3192341172607485],[101.22044618044691,6.32079710480258],[101.2143419007582,6.325404542086005],[101.2074498779096,6.328442386307131],[101.20313280923182,6.334426930258701],[101.20248461207524,6.363148302352329],[101.19939435896254,6.371092701966688],[101.19491296795917,6.368650144188848],[101.19331627382701,6.368738289440557],[101.18889659340311,6.373387681896077],[101.18524719760018,6.374313916154335],[101.18376168305531,6.378661581566803],[101.17968366676786,6.3817450456973575],[101.17804361901784,6.384284270702551],[101.17698738056322,6.390799129576237],[101.17830079094881,6.39648189522336],[101.17757947621192,6.405923119256613],[101.17967058163208,6.409317177745606],[101.1827686318669,6.42011731875931]]]}},{"type":"Feature","properties":{"subdistrict_code":"960101","subdistrict_th":"บางนาค","subdistrict_en":"Bang Nak","district_code":"9601","district_th":"เมืองนราธิวาส","province_code":"96","province_th":"นราธิวาส"},"geometry":{"type":"Polygon","coordinates":[[[101.82306921926909,6.447503405357907],[101.8175416289431,6.451893053821436],[101.81682943513039,6.4489807774409655],[101.81407720659786,6.444682072919363],[101.80588542597167,6.434087775930152],[101.80420021067124,6.426666360863919],[101.80583299369778,6.41401206870205],[101.80742675873796,6.41269148262586],[101.81741720683868,6.409834524443795],[101.81830760131481,6.408629037200342],[101.81811018213926,6.40300099080315],[101.82095173673332,6.399576176399478],[101.82525612676892,6.404413033434821],[101.82884263657849,6.40455365592652],[101.83102665275788,6.402598431772276],[101.83284531665811,6.4071749989271325],[101.83114299085639,6.414786009067086],[101.83181764606758,6.417658366340561],[101.84074621156844,6.418507937891093],[101.8436150551907,6.421759979939168],[101.84281568199816,6.423892239235499],[101.83958098157711,6.4259273438718765],[101.83046054571764,6.426137141316076],[101.82741044283773,6.4275753991854],[101.82647883962682,6.43071980407575],[101.8270552169248,6.439393468433877],[101.82306921926909,6.447503405357907]]]}},{"type":"Feature","properties":{"subdistrict_code":"960405","subdistrict_th":"ลุโบะบือซา","subdistrict_en":"Lubo Buesa","district_code":"9604","district_th":"ยี่งอ","province_code":"96","province_th":"นราธิวาส"},"geometry":{"type":"Polygon","coordinates":[[[101.77340223832272,6.43591734411018],[101.77046012333608,6.439393200435916],[101.754782736734,6.450953004177848],[101.75025792826085,6.448731561812167],[101.74700146784352,6.443506521408892],[101.7447280698446,6.442281945155685],[101.73079571694882,6.443761256177083],[101.71540192256072,6.442690733790357],[101.68823994611665,6.44377830822242],[101.67681365392707,6.442886160967589],[101.6774937185603,6.438090393956543],[101.68070216867022,6.430508284429834],[101.68449444426324,6.416370529976007],[101.6846065933197,6.413096466228978],[101.697849389238,6.413107133987069],[101.70330401127114,6.414551888558833],[101.70966990644109,6.4137609114369525],[101.7404188072822,6.414811644242036],[101.74347757423072,6.4153391361922445],[101.74849486764407,6.418040849805436],[101.7623650818831,6.41939757693666],[101.76978297340554,6.42195249870889],[101.77728988611943,6.4271734957602575],[101.77340223832272,6.43591734411018]]]}},{"type":"Feature","properties":{"subdistrict_code":"950612","subdistrict_th":"บือมัง","subdistrict_en":"Buemang","district_code":"9506","district_th":"รามัน","province_code":"95","province_th":"ยะลา"},"geometry":{"type":"Polygon","coordinates":[[[101.32608400677157,6.450492842670599],[101.32091935044775,6.449918683100805],[101.31730512173402,6.448377821579243],[101.31614369857289,6.446943030596458],[101.3128985264459,6.446054809781685],[101.303508613232,6.4471006277917695],[101.30292724289802,6.4454265047294825],[101.3046901713144,6.437222934890599],[101.30224869991764,6.433151668015114],[101.30886349055771,6.428272381864986],[101.30676522293675,6.422838076416156],[101.30750528943764,6.42025860944733],[101.31530290170758,6.411663472990938],[101.31861756894568,6.401584709666679],[101.32443814310585,6.399333685001636],[101.32468244573835,6.394287147433943],[101.32718964678486,6.388764310924273],[101.33369507716611,6.382538681215237],[101.34301093660548,6.3777131448458135],[101.34676376163833,6.390221052559582],[101.34994211143936,6.39447568220703],[101.35338627026022,6.395595989263541],[101.35706361609306,6.3997866789121645],[101.36486088302337,6.398153817644641],[101.36544063008108,6.400687634127053],[101.3692043333134,6.405700307723066],[101.36983702166128,6.407949710011167],[101.3632525561606,6.417893848422409],[101.35656353907615,6.434120963611633],[101.35354770756072,6.438025483589229],[101.34993564441453,6.439516003760616],[101.3319205825689,6.44300004841358],[101.32855248391007,6.4461293348010145],[101.32608400677157,6.450492842670599]]]}},{"type":"Feature","properties":{"subdistrict_code":"960106","subdistrict_th":"กะลุวอเหนือ","subdistrict_en":"Kaluwo Nuea","district_code":"9601","district_th":"เมืองนราธิวาส","province_code":"96","province_th":"นราธิวาส"},"geometry":{"type":"Polygon","coordinates":[[[101.91506434094663,6.376290913794662],[101.8739847362067,6.424617109891756],[101.86686993060289,6.428236357721801],[101.86534557793613,6.427282186024115],[101.85965340358177,6.429336426434986],[101.8573371420955,6.4277106140536375],[101.85607175910445,6.427858859199034],[101.83883224741032,6.4385047619852],[101.83337589598085,6.443372963091804],[101.83058837625265,6.444733584287519],[101.82843855499539,6.444628049744722],[101.82621680775952,6.447743476680159],[101.82464739006508,6.4468333807559475],[101.82306921926909,6.447503405357907],[101.8270552169248,6.439393468433877],[101.82647883962682,6.43071980407575],[101.82774743409686,6.427160728984518],[101.83046054571764,6.426137141316076],[101.83958098157711,6.4259273438718765],[101.84358344492011,6.422472251093552],[101.84350777326517,6.421145608083407],[101.84137805725157,6.418739352339287],[101.83331188313696,6.41826394462538],[101.83119626759373,6.416562304107117],[101.83263268455079,6.405571821582328],[101.82387321857425,6.390767468943579],[101.82804447477275,6.375793135444894],[101.83337954542975,6.378407259587391],[101.84164288331249,6.385544181318949],[101.84512536584305,6.386107575104575],[101.85827000885388,6.391451165039257],[101.87379148269082,6.389794124599234],[101.88931312739896,6.383061942754523],[101.89786367456901,6.377386268261716],[101.9120338630724,6.359363268999687],[101.9136753668248,6.359697338361514],[101.91506434094663,6.376290913794662]]]}},{"type":"Feature","properties":{"subdistrict_code":"960604","subdistrict_th":"สามัคคี","subdistrict_en":"Samakkhi","district_code":"9606","district_th":"รือเสาะ","province_code":"96","province_th":"นราธิวาส"},"geometry":{"type":"Polygon","coordinates":[[[101.64366985308129,6.410466598554706],[101.61556775504789,6.424715782607336],[101.60556411479212,6.428125787874876],[101.60271039596807,6.437543414596973],[101.60053514637997,6.439604789329621],[101.59679821056903,6.441030780446226],[101.58624815572784,6.442242803062982],[101.57811986813749,6.444586174612311],[101.5527232671651,6.444573246857885],[101.54864167157592,6.4352681181292155],[101.54644231116379,6.420063346846007],[101.5467733120388,6.417359492846344],[101.55080842976525,6.413532387409816],[101.56574225420172,6.405911092622887],[101.58644494717663,6.408658972034004],[101.6043879994067,6.406346189125372],[101.62312295056375,6.401303588789631],[101.62794740774672,6.402517544948807],[101.63330611438573,6.406291227957865],[101.64150630187441,6.407830523759685],[101.64366985308129,6.410466598554706]]]}},{"type":"Feature","properties":{"subdistrict_code":"960404","subdistrict_th":"ลุโบะบายะ","subdistrict_en":"Lubo Baya","district_code":"9604","district_th":"ยี่งอ","province_code":"96","province_th":"นราธิวาส"},"geometry":{"type":"Polygon","coordinates":[[[101.6846065933197,6.413096466228978],[101.68449444426324,6.416370529976007],[101.68070216867022,6.430508284429834],[101.6774937185603,6.438090393956543],[101.67681365392707,6.442886160967589],[101.63768379467143,6.440346695843402],[101.6391983042584,6.438029110555078],[101.64661106694723,6.431659631586797],[101.64513013624685,6.429324510417871],[101.64642955228209,6.425111162350333],[101.64287972941605,6.421042331738249],[101.64549044962462,6.417728865095114],[101.64364227716942,6.415194686185885],[101.64362897259906,6.410214294653997],[101.64225230929668,6.408303938575955],[101.63212419027923,6.405696903789135],[101.64340900022523,6.403994763247795],[101.65693034226155,6.404443433217921],[101.6816101799659,6.403010997559534],[101.6856332962397,6.403980594428958],[101.6859911346832,6.407739602300865],[101.6846065933197,6.413096466228978]]]}},{"type":"Feature","properties":{"subdistrict_code":"960102","subdistrict_th":"ลำภู","subdistrict_en":"Lamphu","district_code":"9601","district_th":"เมืองนราธิวาส","province_code":"96","province_th":"นราธิวาส"},"geometry":{"type":"Polygon","coordinates":[[[101.80436772559011,6.42880180196164],[101.79521936488186,6.432950146132384],[101.79178067303968,6.433259781813547],[101.78239737523876,6.436509067439545],[101.77944612673741,6.435678878077795],[101.77560314466945,6.436874150821438],[101.77340223832272,6.43591734411018],[101.7780016257745,6.425479367279024],[101.7853828213602,6.402237913349097],[101.7877300635916,6.402203908183878],[101.79419346055982,6.406252304400368],[101.7964046326677,6.406082220118435],[101.79861581826543,6.403768890421986],[101.79861585603697,6.398121608425527],[101.79963641388946,6.395229931915878],[101.79882000124212,6.392304225959322],[101.79569035602515,6.390535176757055],[101.79119996640537,6.392270155143592],[101.78892076058469,6.391963962966543],[101.78405621702086,6.3870991028413755],[101.77721861124996,6.384989832015208],[101.77895355006632,6.381894043575301],[101.7794638415831,6.378390009691259],[101.78381817007255,6.374920021441881],[101.78636955481119,6.3698851094103475],[101.79657500203479,6.3630812210215595],[101.79691522186005,6.357127761237223],[101.79198263738886,6.352841236234099],[101.7894963275935,6.349146675578652],[101.79636836390893,6.346930855774417],[101.8029802713225,6.3494137940114115],[101.80506940542875,6.353181066652951],[101.81135201258536,6.357062192566161],[101.81384839658631,6.357228756901634],[101.81849218266814,6.3556719378097455],[101.82557130137451,6.358001727797557],[101.83088092481489,6.355387411200127],[101.83372289039914,6.357133751621404],[101.82877859225829,6.363895066104476],[101.82841752794661,6.374236989045869],[101.82387321857425,6.390767468943579],[101.83102665275788,6.402598431772276],[101.82884263657849,6.40455365592652],[101.82525612676892,6.404413033434821],[101.82095173673332,6.399576176399478],[101.81811018213926,6.40300099080315],[101.81830760131481,6.408629037200342],[101.81741720683868,6.409834524443795],[101.80629777322372,6.413425032639168],[101.80525277179805,6.4159929163400875],[101.80436772559011,6.42880180196164]]]}},{"type":"Feature","properties":{"subdistrict_code":"960603","subdistrict_th":"เรียง","subdistrict_en":"Riang","district_code":"9606","district_th":"รือเสาะ","province_code":"96","province_th":"นราธิวาส"},"geometry":{"type":"Polygon","coordinates":[[[101.4694433207527,6.429197736586332],[101.46866054095125,6.425310086990976],[101.46524458307113,6.423049536706799],[101.46139832657155,6.425012360132371],[101.45954797955568,6.42903868158993],[101.4567827477257,6.431526716284964],[101.44735019495562,6.430159185597972],[101.44399816358447,6.428513889404542],[101.43632511461243,6.429624235570088],[101.43315449268573,6.42834980629857],[101.42400612658156,6.421411716577495],[101.42193258222295,6.417477995613069],[101.42487745003433,6.413768527795355],[101.42167676287238,6.40982035202768],[101.42110180740252,6.405488056029014],[101.41924383503499,6.402097833148503],[101.4126844965923,6.39825574320804],[101.41184003768763,6.396248806237452],[101.41256169056965,6.394827379180242],[101.41871894482352,6.390986521310936],[101.42024356818621,6.385942732970818],[101.41998041306567,6.3814886291969515],[101.41677237304663,6.372646085648398],[101.41289932394471,6.36936237667237],[101.4144542571583,6.365713199404695],[101.41313411444787,6.361599554675763],[101.41325434211427,6.35747522330297],[101.41481902397885,6.354707254836001],[101.41747771042805,6.353824893104388],[101.41992543930763,6.354924037314504],[101.42116157724507,6.359303546821252],[101.42563693109958,6.364733800824297],[101.42952905572139,6.36534931661771],[101.43773443229827,6.363209258400616],[101.44375643661033,6.3654033550808435],[101.45050924710415,6.370722223551809],[101.45657436761303,6.371395531578571],[101.4590854033687,6.376633572581341],[101.46436701472601,6.381358414559259],[101.46801163782686,6.382038025034888],[101.46879282942558,6.383867305431863],[101.47198347655626,6.385956158949625],[101.47202472216327,6.390196478584642],[101.46790598367426,6.39451440161838],[101.46589315884228,6.402791607946426],[101.46701540123985,6.404726004701388],[101.47308579267525,6.408410841886905],[101.47389029560071,6.413533757976609],[101.4778097802972,6.420563301555148],[101.47630925966467,6.424616745666356],[101.4694433207527,6.429197736586332]]]}},{"type":"Feature","properties":{"subdistrict_code":"960402","subdistrict_th":"ละหาร","subdistrict_en":"Lahan","district_code":"9604","district_th":"ยี่งอ","province_code":"96","province_th":"นราธิวาส"},"geometry":{"type":"Polygon","coordinates":[[[101.78516568095148,6.4025990316200705],[101.77728988611943,6.4271734957602575],[101.77383315837363,6.424159597787252],[101.76818766962532,6.4211388622687195],[101.75496526223714,6.418202900443532],[101.74807577098011,6.417951890667268],[101.74296307568545,6.415198442654059],[101.7136042668235,6.413844576266229],[101.71322147668985,6.3951047435891155],[101.71581819715215,6.37855881243928],[101.72263826434448,6.350431699763192],[101.7240149042645,6.352654712345156],[101.7232660307028,6.358596598754104],[101.7243260274243,6.361624365172361],[101.72100042443009,6.365628575898086],[101.72295533831829,6.36862959827738],[101.72750269819102,6.369416585107388],[101.72948802625149,6.370793144088395],[101.73213249441915,6.36924694958708],[101.73455466276755,6.370285703422496],[101.7356663444263,6.3731389042370665],[101.73997637141247,6.373931533413611],[101.74020988307973,6.374957867611556],[101.73765783644006,6.376257379874232],[101.7381016725542,6.3796842339402815],[101.73927861081927,6.3807306859724235],[101.74028236573866,6.38057850989037],[101.74150838630305,6.378061643829824],[101.74268445672237,6.3784676580560244],[101.74362752089343,6.3809153707478],[101.7470388580569,6.380039494926791],[101.74792827856726,6.378404365569054],[101.75017837693059,6.37760086179037],[101.75188846837818,6.372660884891957],[101.75444885443113,6.374525576993847],[101.75704214937576,6.373460719436707],[101.76403520566026,6.378834681275578],[101.76658394819071,6.379044640597726],[101.76875286025637,6.380426778972719],[101.76758971579284,6.38384747268276],[101.76777922992756,6.388229999414989],[101.7664821611229,6.390681190684461],[101.76762236388106,6.393072395374816],[101.76947002642066,6.394014037717739],[101.77210945388822,6.392916354006559],[101.77086873480431,6.396130215337223],[101.77736412515429,6.397021040588584],[101.77856150141224,6.4005775049479325],[101.78053774182337,6.400966078621707],[101.78140507498426,6.402572012388532],[101.78516568095148,6.4025990316200705]]]}},{"type":"Feature","properties":{"subdistrict_code":"950802","subdistrict_th":"สะเอะ","subdistrict_en":"Sa-E","district_code":"9508","district_th":"กรงปินัง","province_code":"95","province_th":"ยะลา"},"geometry":{"type":"Polygon","coordinates":[[[101.27693896895829,6.413993378991279],[101.27302928237555,6.415290917242089],[101.26383538629409,6.414348019445583],[101.25767357427611,6.414796091366554],[101.24038050165888,6.417771947117728],[101.23106657396329,6.423289980348386],[101.22121841659668,6.427055421970181],[101.21488375218348,6.4281032337772785],[101.20839285484641,6.427642027257775],[101.18684495742889,6.4216208737043985],[101.18259596743002,6.419928796576755],[101.17967058163208,6.409317177745606],[101.17757947621192,6.405923119256613],[101.17830079094881,6.39648189522336],[101.17698738056322,6.390799129576237],[101.17804361901784,6.384284270702551],[101.17968366676786,6.3817450456973575],[101.18376168305531,6.378661581566803],[101.18524719760018,6.374313916154335],[101.18889659340311,6.373387681896077],[101.19331627382701,6.368738289440557],[101.19546795308361,6.368881121566574],[101.19868342869734,6.371374551294537],[101.20376926034317,6.36880482218487],[101.20588747942372,6.367328431262138],[101.21083000500079,6.360716744182469],[101.21307659780678,6.359368737777061],[101.21461709600226,6.362064789258682],[101.21789068220926,6.363091872591895],[101.22206291237359,6.362899325943204],[101.22745468258756,6.3675853360944075],[101.22745469697674,6.3655312089981635],[101.2300375795707,6.364130111115799],[101.23881680365264,6.366387603704993],[101.24371340355077,6.3648183415932635],[101.24766112426153,6.365428288784528],[101.2570199847845,6.363603891706305],[101.26698199632216,6.3631077402300775],[101.26714438330669,6.36524087276814],[101.27563743322105,6.376121827760187],[101.27351336584923,6.379796061039428],[101.26728648158593,6.379597514114039],[101.26373323679951,6.382806280785303],[101.25826260143799,6.385092396996583],[101.25749405430724,6.386392354423663],[101.26410841327271,6.391460923582827],[101.26652006944573,6.396389726404777],[101.26786863073278,6.402016396839315],[101.26718591130083,6.408426587217264],[101.27499621030694,6.409660900430254],[101.27677789138664,6.411547847155475],[101.27693896895829,6.413993378991279]]]}},{"type":"Feature","properties":{"subdistrict_code":"950702","subdistrict_th":"บาละ","subdistrict_en":"Bala","district_code":"9507","district_th":"กาบัง","province_code":"95","province_th":"ยะลา"},"geometry":{"type":"Polygon","coordinates":[[[101.07802476403168,6.39815086606967],[101.05647937212541,6.401948114913637],[101.04253153110534,6.401351716908266],[101.0379156815635,6.403464091294836],[101.03185300271394,6.408369518038853],[101.02468574055456,6.410506595902746],[101.01781493990762,6.410202553105364],[101.00948442266804,6.4130373376031],[101.00652370700351,6.414971800907949],[101.00450120906362,6.415032828002666],[100.99927963015085,6.4129845608888445],[100.99507584007802,6.408729684827165],[100.98666938768213,6.407470582701251],[100.98515938459798,6.408014361373716],[100.98342595844127,6.407163305042559],[100.97698686475206,6.408540905438485],[100.97334991106959,6.411224824166368],[100.9652514755752,6.413133064139629],[100.9636028078234,6.411258278047114],[100.96568226972101,6.407033235195684],[100.96489165142862,6.398807220077174],[100.96302996306241,6.395860171409822],[100.95862526444444,6.392735762045845],[100.95230709269822,6.397844276392277],[100.94451453281948,6.408182987854673],[100.93299411668522,6.413444421123188],[100.92817809604236,6.419632630041917],[100.92391012675103,6.421816882742974],[100.92208163775746,6.425895140948057],[100.91854539735226,6.416536560114196],[100.91873089961138,6.409041773858803],[100.91754859599098,6.404799614210901],[100.91808231035043,6.40084092716711],[100.91688203557754,6.396766652958718],[100.91786152768742,6.39161878787678],[100.92182008522883,6.389514634193063],[100.92017227183294,6.386749631690179],[100.91967521204145,6.382050016595031],[100.92245996005914,6.380780354629735],[100.92153445155378,6.3769850573145845],[100.92237127521423,6.373425328416204],[100.92655445012781,6.370048823794207],[100.92546884790909,6.369037993908364],[100.9276789606156,6.3652361899982],[100.92538702219338,6.35995672981926],[100.92544274059009,6.355196296272084],[100.91938497743485,6.3547028886274575],[100.91995856593513,6.351203193072934],[100.92150276214284,6.349452776924181],[100.91999655060039,6.3486248700417605],[100.91975146016182,6.344922237970934],[100.92209131356333,6.340847527591393],[100.9248973854061,6.341041394444858],[100.92580549023126,6.3401802324318055],[100.92462068559621,6.336484913647894],[100.92647494286439,6.332459896207297],[100.92558550706553,6.329032034001216],[100.92821935963582,6.328595911372247],[100.92865957867667,6.3271411779230675],[100.92751826795376,6.326333111883628],[100.92449431556025,6.3269899227468045],[100.92404191340364,6.326070518839401],[100.92544788471218,6.32307999604501],[100.92872718161419,6.321990520446207],[100.92655295635393,6.319515902736782],[100.92469834115559,6.319161681366552],[100.9236005828007,6.320658119076995],[100.9221592807263,6.320813192774665],[100.91779541312786,6.318711373730935],[100.91610172171715,6.316734739416745],[100.911015623872,6.304014172616007],[100.89648418489725,6.303377812336237],[100.89230770273838,6.301030902853938],[100.88991059040148,6.296746026308142],[100.8882241906939,6.296114704929721],[100.88376314775115,6.297135271775403],[100.88095786821111,6.295617087558583],[100.87079983684305,6.294303562059781],[100.86475226930185,6.297274585753598],[100.86210357072326,6.293826613807255],[100.85835900056748,6.293780614383877],[100.85193284632385,6.291486512192819],[100.84862998088897,6.289299102871325],[100.84658123263785,6.291203121426975],[100.84330242136969,6.302321297789717],[100.84283516690948,6.308189316583764],[100.84154126641636,6.307077240122567],[100.8409016433962,6.301230642280359],[100.83716711327173,6.300051994404043],[100.83460732436856,6.2956514533519226],[100.83487561192004,6.2937251837702775],[100.83631038941303,6.292187567901976],[100.83478558258861,6.28882883028632],[100.8349757694163,6.285243675755055],[100.8383130851808,6.282702533395252],[100.83895259668503,6.276803948443501],[100.8423095797234,6.2702329520890885],[100.84264583533707,6.266114400659092],[100.84484185656646,6.262983903784175],[100.84400569210908,6.260790837727029],[100.84599503744107,6.257832296623235],[100.84447925261549,6.25492110572452],[100.8441405760268,6.25042414385922],[100.84568661764337,6.2485969319029095],[100.84751378913012,6.241616014667386],[100.85098069360419,6.233698071308993],[100.85397907287597,6.231261794396346],[100.85908564558616,6.233370159605215],[100.86128754838171,6.23669665472687],[100.86648783134842,6.23744631699401],[100.87028261964724,6.239788932213514],[100.87004836334137,6.241288191097169],[100.86723738659617,6.242881136855033],[100.8658318901297,6.2452705725789315],[100.869219177623,6.252806399395865],[100.86900762380287,6.259543979870841],[100.87040310272107,6.26114219565585],[100.87130611918212,6.264556409750583],[100.87451143425534,6.263261350930634],[100.87591548281335,6.258471094965103],[100.8803311315765,6.254700809594738],[100.88412365628176,6.255297529557367],[100.88621135956663,6.250096440798131],[100.88995931477064,6.250190167242465],[100.89211439256525,6.24920629183697],[100.89277034817309,6.2390862936975395],[100.89534706861241,6.238664642059632],[100.8970805172521,6.235572429324179],[100.89914189828005,6.234354294015532],[100.9040610936446,6.233651547580905],[100.90748108138683,6.236884346835211],[100.90741078857707,6.2400702743237275],[100.9091676312812,6.241616395979918],[100.91132270727718,6.241288445605335],[100.91310295843482,6.245551977641696],[100.9153048801162,6.245879952298026],[100.91713199404637,6.248035149702446],[100.92228545291141,6.244568145403662],[100.928047932666,6.2445213275972264],[100.93067150778393,6.243256343005896],[100.93357616780594,6.244005991783126],[100.93629344238849,6.242787859172438],[100.93854220885589,6.243865466418185],[100.94111893379181,6.24264733380744],[100.94383619938117,6.242928461879046],[100.94561645863274,6.246020696198229],[100.94524164188834,6.249347176031392],[100.94697506085043,6.25108070561015],[100.94547993075429,6.256716629169148],[100.94657636440775,6.263217699637153],[100.94796293644043,6.264343266828348],[100.95462196203397,6.265409091156698],[100.95569588835463,6.269085394675244],[100.95849408483423,6.2688248116157865],[100.95989524297113,6.271175163702878],[100.96501188359161,6.272405089123595],[100.96750500305353,6.2751710592970085],[100.9679302555769,6.279340219175822],[100.96631173040208,6.281635386164169],[100.96748986476553,6.283173590189108],[100.97178482181215,6.282942554355429],[100.97614551120643,6.279181566176362],[100.97998540770044,6.28033673635133],[100.98227235758327,6.27835884028832],[100.98443083571453,6.278921659407104],[100.98426665458248,6.275454782812005],[100.98812952515755,6.2706105693223435],[100.98933544407555,6.266437832839756],[100.9916881811647,6.265973750288367],[100.99355053772717,6.263293949556157],[100.99487004911356,6.263397992123714],[101.00092652803687,6.259886280727301],[101.00352724058973,6.260420512196902],[101.00470116612598,6.258185195990052],[101.00703664792303,6.25743492668056],[101.00801957993974,6.256057525034805],[101.0100491375577,6.256159102560559],[101.01010714203102,6.2535311018788775],[101.01182792012247,6.249597405196141],[101.01508230310588,6.247291667576462],[101.0188438938307,6.247068219322898],[101.02046439841331,6.249712341251609],[101.0217128138953,6.250136980437333],[101.02617470220082,6.24717421611723],[101.02769580831495,6.24480193855868],[101.03032679474586,6.243984911674374],[101.03806150843195,6.249265816164552],[101.04306646134819,6.249350413590776],[101.05003654624966,6.254557814691452],[101.05343533697129,6.25487113669368],[101.05934907909676,6.253730917747703],[101.06123950439968,6.257033483708369],[101.06368751836436,6.259102067406559],[101.0673273921455,6.255814515627435],[101.06775541098347,6.26256553736971],[101.07165788860073,6.269745257837428],[101.07188891634047,6.272625437414035],[101.06970048988575,6.280414573573751],[101.07392032566258,6.298215526625313],[101.0738093511207,6.306530946046394],[101.07223371281566,6.3164534926346505],[101.07269030671233,6.3203599884227515],[101.07512627785547,6.326670122927851],[101.0826693424163,6.33455483094076],[101.08520589913297,6.344758038852433],[101.08391402571175,6.352550981842398],[101.07777802963244,6.368606043234365],[101.07344985522667,6.383435667721926],[101.07400927041158,6.390797991933823],[101.07802476403168,6.39815086606967]]]}},{"type":"Feature","properties":{"subdistrict_code":"960607","subdistrict_th":"รือเสาะออก","subdistrict_en":"Rueso Ok","district_code":"9606","district_th":"รือเสาะ","province_code":"96","province_th":"นราธิวาส"},"geometry":{"type":"Polygon","coordinates":[[[101.54654320520484,6.42048195967476],[101.5176332209964,6.42171622522369],[101.50795175656839,6.416353521997507],[101.5107779867148,6.413605765793477],[101.51250961422738,6.398450620000176],[101.51452804003708,6.3940862613719105],[101.53321561400946,6.368977906605153],[101.5418896228079,6.368998521764411],[101.54597112576693,6.370153843924811],[101.54866778608954,6.369156010141808],[101.55010218406858,6.364189607564413],[101.54968376639277,6.3552428712615665],[101.56805117182415,6.368461198425621],[101.57354389903179,6.373653454043733],[101.5918048067465,6.383099059573965],[101.5997108466783,6.388269678402992],[101.60427175483767,6.394658996415615],[101.60645698060523,6.405617801220615],[101.58506936216139,6.408737073657051],[101.56574225420172,6.405911092622887],[101.55020005638755,6.413935320558664],[101.5467733120388,6.417359492846344],[101.54654320520484,6.42048195967476]]]}},{"type":"Feature","properties":{"subdistrict_code":"960601","subdistrict_th":"รือเสาะ","subdistrict_en":"Rueso","district_code":"9606","district_th":"รือเสาะ","province_code":"96","province_th":"นราธิวาส"},"geometry":{"type":"Polygon","coordinates":[[[101.50795175656839,6.416353521997507],[101.49377231404111,6.418530245574402],[101.48739515935915,6.420442831071853],[101.47773238913851,6.420206678095781],[101.47389029560071,6.413533757976609],[101.47308579267525,6.408410841886905],[101.46701540123985,6.404726004701388],[101.46582216995722,6.401765566028075],[101.46790598367426,6.39451440161838],[101.47150788897795,6.391217432138831],[101.47229082076484,6.388816339402581],[101.47198347655626,6.385956158949625],[101.46825862313699,6.383031024062575],[101.46827747022911,6.380481079138519],[101.47361861310856,6.377468406042169],[101.47636524605934,6.3744630831048426],[101.477112259823,6.369757489316726],[101.48218685893647,6.361715322604084],[101.48261870708774,6.3549907148496345],[101.48532956230952,6.35208894974528],[101.49073070255992,6.353417534391724],[101.49377187607126,6.352177689448865],[101.49510842511381,6.350450098992894],[101.49459389509224,6.348535421672409],[101.49001953487368,6.34559301260748],[101.48896759877573,6.342513319334273],[101.48937732540332,6.3401253459080635],[101.49377608939506,6.336969194073106],[101.50008254567302,6.329717044006429],[101.503924726445,6.32719731810181],[101.5050163748059,6.323868968578097],[101.50713726936954,6.323132331192198],[101.5064799971542,6.321699905426328],[101.51046059887761,6.319182415236298],[101.51098843077153,6.316874298010475],[101.5121496506859,6.317540197422204],[101.51352899756523,6.315663682832735],[101.51254170023935,6.314455131599118],[101.51303246297783,6.313436863420577],[101.5182133520646,6.312395649939333],[101.51865326983261,6.3116062529262535],[101.52050994088114,6.313889455334163],[101.52388565320041,6.313515404812108],[101.52710535292977,6.315402209444471],[101.52940309018055,6.315412134362532],[101.53172285542547,6.314030903403534],[101.53288508527851,6.319223004338255],[101.53732027720906,6.3213932815747285],[101.53870350556241,6.3239003863937455],[101.54035263106914,6.323647748844564],[101.54038074477563,6.325975064797433],[101.54366406344582,6.325089702927471],[101.54553256867314,6.326560023426396],[101.54575387743955,6.328002823771328],[101.54801297801657,6.328533431872415],[101.54851234906573,6.330669479113226],[101.54688865368848,6.333999862004077],[101.54686712122071,6.339047980579892],[101.54965236476488,6.354369214967335],[101.55010218406858,6.364189607564413],[101.54889803591567,6.368791678593141],[101.54722596510629,6.369987801196089],[101.5418896228079,6.368998521764411],[101.53321561400946,6.368977906605153],[101.51406812404474,6.394775376782263],[101.51250961422738,6.398450620000176],[101.5107779867148,6.413605765793477],[101.50795175656839,6.416353521997507]]]}},{"type":"Feature","properties":{"subdistrict_code":"960401","subdistrict_th":"ยี่งอ","subdistrict_en":"Yi-Ngo","district_code":"9604","district_th":"ยี่งอ","province_code":"96","province_th":"นราธิวาส"},"geometry":{"type":"Polygon","coordinates":[[[101.7136042668235,6.413844576266229],[101.70330401127114,6.414551888558833],[101.697849389238,6.413107133987069],[101.6846065933197,6.413096466228978],[101.6859911346832,6.407739602300865],[101.68565678922948,6.401454768422866],[101.69097532135407,6.395043220068601],[101.69181841508782,6.392277600630791],[101.68910938728845,6.370793967867371],[101.68861924238416,6.356766794951682],[101.69597896305874,6.35744235038419],[101.69855477608212,6.354831503371258],[101.70488804474752,6.351489410408021],[101.70934830528012,6.350649414838699],[101.71653450806116,6.347443391998979],[101.72011539440996,6.347071046591566],[101.72080965034513,6.349208431124225],[101.72263826434448,6.350431699763192],[101.71581819715215,6.37855881243928],[101.71322147668985,6.3951047435891155],[101.7136042668235,6.413844576266229]]]}},{"type":"Feature","properties":{"subdistrict_code":"950603","subdistrict_th":"กาลอ","subdistrict_en":"Kalo","district_code":"9506","district_th":"รามัน","province_code":"95","province_th":"ยะลา"},"geometry":{"type":"Polygon","coordinates":[[[101.41190601644956,6.3964957807557425],[101.40594494030682,6.400534526347371],[101.40086341821223,6.405511949217157],[101.39677551837553,6.407795763163961],[101.39236480059515,6.408070556411076],[101.38494919335068,6.404313967715495],[101.38252094738385,6.404184579554737],[101.37928724790822,6.4059654953114205],[101.3735766086736,6.4129742897317215],[101.37221963332945,6.4132257437731255],[101.36486088302337,6.398153817644641],[101.35706361609306,6.3997866789121645],[101.35338627026022,6.395595989263541],[101.34994211143936,6.39447568220703],[101.34676376163833,6.390221052559582],[101.34301093660548,6.3777131448458135],[101.34932484106861,6.377126826441952],[101.35654306331179,6.374999711267719],[101.3564791341048,6.36804354697216],[101.355031620413,6.361540540263775],[101.3558179417447,6.3568961129652735],[101.35835896809198,6.355422511739562],[101.36891156891386,6.353891943858173],[101.37377834639364,6.3503321322221495],[101.37616643493311,6.343355770952144],[101.3874434369651,6.335839284955057],[101.38869736619057,6.3400476669663135],[101.39662904309591,6.347949135644171],[101.39851583064114,6.358387772577714],[101.39981770542283,6.36017191600115],[101.40368362290093,6.3625587472884035],[101.40884643741322,6.367583228083561],[101.41464523538934,6.370211163114732],[101.41677237304663,6.372646085648398],[101.41998041306567,6.3814886291969515],[101.41996638813833,6.388121147273182],[101.41871894482352,6.390986521310936],[101.41256169056965,6.394827379180242],[101.41190601644956,6.3964957807557425]]]}},{"type":"Feature","properties":{"subdistrict_code":"960103","subdistrict_th":"มะนังตายอ","subdistrict_en":"Manang Tayo","district_code":"9601","district_th":"เมืองนราธิวาส","province_code":"96","province_th":"นราธิวาส"},"geometry":{"type":"Polygon","coordinates":[[[101.7894963275935,6.349146675578652],[101.79198263738886,6.352841236234099],[101.79691522186005,6.357127761237223],[101.79657500203479,6.3630812210215595],[101.78636955481119,6.3698851094103475],[101.78381817007255,6.374920021441881],[101.7794638415831,6.378390009691259],[101.77895355006632,6.381894043575301],[101.77721861124996,6.384989832015208],[101.78405621702086,6.3870991028413755],[101.78892076058469,6.391963962966543],[101.79119996640537,6.392270155143592],[101.79569035602515,6.390535176757055],[101.79882000124212,6.392304225959322],[101.79963641388946,6.395229931915878],[101.79861585603697,6.398121608425527],[101.79861581826543,6.403768890421986],[101.7964046326677,6.406082220118435],[101.79245854512584,6.405776016250172],[101.7877300635916,6.402203908183878],[101.78140507498426,6.402572012388532],[101.78053774182337,6.400966078621707],[101.77856150141224,6.4005775049479325],[101.77736412515429,6.397021040588584],[101.77086873480431,6.396130215337223],[101.77210945388822,6.392916354006559],[101.76947002642066,6.394014037717739],[101.7665021827296,6.391465512823231],[101.76777922992756,6.388229999414989],[101.76758971579284,6.38384747268276],[101.76858183258554,6.3801148302353],[101.76403520566026,6.378834681275578],[101.75704214937576,6.373460719436707],[101.75444885443113,6.374525576993847],[101.75188846837818,6.372660884891957],[101.75017837693059,6.37760086179037],[101.74792827856726,6.378404365569054],[101.7470388580569,6.380039494926791],[101.74362752089343,6.3809153707478],[101.74268445672237,6.3784676580560244],[101.74150838630305,6.378061643829824],[101.74028236573866,6.38057850989037],[101.73927861081927,6.3807306859724235],[101.7381016725542,6.3796842339402815],[101.73765783644006,6.376257379874232],[101.74020988307973,6.374957867611556],[101.73997637141247,6.373931533413611],[101.7356663444263,6.3731389042370665],[101.73388910240021,6.369858881582161],[101.73148517769886,6.369227221159349],[101.72948802625149,6.370793144088395],[101.72750269819102,6.369416585107388],[101.72295533831829,6.36862959827738],[101.72123499999532,6.366865307388082],[101.72105790639733,6.365180977919863],[101.7243260274243,6.361624365172361],[101.7232660307028,6.358596598754104],[101.7240610134051,6.353049805204421],[101.72345051313073,6.35090352277939],[101.72103401410851,6.34947269241087],[101.72011539440996,6.347071046591566],[101.72544913856694,6.34704638987904],[101.73380082584748,6.3453510032462646],[101.73764515959652,6.341754079287398],[101.75039849679325,6.334005341573288],[101.76008532837528,6.332750423093614],[101.76433296129721,6.330858503117497],[101.77987235502525,6.332138798666676],[101.78122994640495,6.334791446168367],[101.78045991629216,6.340143653406926],[101.78319684465873,6.346116877591896],[101.7854290537079,6.348593670761318],[101.7894963275935,6.349146675578652]]]}},{"type":"Feature","properties":{"subdistrict_code":"960403","subdistrict_th":"จอเบาะ","subdistrict_en":"Cho Bo","district_code":"9604","district_th":"ยี่งอ","province_code":"96","province_th":"นราธิวาส"},"geometry":{"type":"Polygon","coordinates":[[[101.6856332962397,6.403980594428958],[101.6816101799659,6.403010997559534],[101.65693034226155,6.404443433217921],[101.64340900022523,6.403994763247795],[101.63212419027923,6.405696903789135],[101.628373654021,6.40273394341682],[101.62384828257223,6.401822615421395],[101.62290679761065,6.40065685572938],[101.62408541491004,6.397177821199534],[101.62842473821115,6.390967045592731],[101.62539358134876,6.385446833304741],[101.62537697896448,6.381134882668732],[101.62996961700429,6.377175595777146],[101.6327779155684,6.369900111900677],[101.63684969955403,6.368226702900074],[101.65137020726934,6.35435317196135],[101.65517431614182,6.353201242043724],[101.65883505419447,6.353597564276242],[101.67796270601411,6.359583337601009],[101.68358155774274,6.358849908096829],[101.68861924238416,6.356766794951682],[101.68910938728845,6.370793967867371],[101.69181841508782,6.392277600630791],[101.69097532135407,6.395043220068601],[101.68585306806472,6.400986101127728],[101.6856332962397,6.403980594428958]]]}},{"type":"Feature","properties":{"subdistrict_code":"960606","subdistrict_th":"ลาโละ","subdistrict_en":"Lalo","district_code":"9606","district_th":"รือเสาะ","province_code":"96","province_th":"นราธิวาส"},"geometry":{"type":"Polygon","coordinates":[[[101.62312295056375,6.401303588789631],[101.60645698060523,6.405617801220615],[101.60427175483767,6.394658996415615],[101.5997108466783,6.388269678402992],[101.5918048067465,6.383099059573965],[101.57354389903179,6.373653454043733],[101.56805117182415,6.368461198425621],[101.54968376639277,6.3552428712615665],[101.54686712122071,6.339047980579892],[101.54688865368848,6.333999862004077],[101.54851234906573,6.330669479113226],[101.54801297801657,6.328533431872415],[101.54883307068974,6.328551153912656],[101.54844933986521,6.326338000598298],[101.54912460661535,6.325661113269803],[101.54735919517077,6.322762799763439],[101.54932708537677,6.32112809758371],[101.55183166489945,6.315310359885245],[101.55550529293498,6.310865109936913],[101.56535901800436,6.306380999383691],[101.57380323203358,6.305963184253585],[101.59430070871082,6.30202413840334],[101.59810575557623,6.314101998408546],[101.60099779001604,6.319537514344859],[101.60086914739333,6.322488217857028],[101.60408569230094,6.328560869288708],[101.60475000440925,6.332476536363117],[101.60914125186736,6.334120972804726],[101.61325913330239,6.339099995568404],[101.61249454678597,6.342309743399994],[101.61400760936374,6.348601492165187],[101.61169149356766,6.352448845837614],[101.60586773940469,6.3550537816067845],[101.60640042404037,6.3619520430523835],[101.61040166970133,6.366243649225055],[101.62161526593184,6.365079237616783],[101.62350541784082,6.368640933332472],[101.62639866096947,6.371170682181287],[101.6327779155684,6.369900111900677],[101.62996961700429,6.377175595777146],[101.62537697896448,6.381134882668732],[101.62539358134876,6.385446833304741],[101.62842473821115,6.390967045592731],[101.62408541491004,6.397177821199534],[101.62312295056375,6.401303588789631]]]}},{"type":"Feature","properties":{"subdistrict_code":"960105","subdistrict_th":"กะลุวอ","subdistrict_en":"Kaluwo","district_code":"9601","district_th":"เมืองนราธิวาส","province_code":"96","province_th":"นราธิวาส"},"geometry":{"type":"Polygon","coordinates":[[[101.9136753668248,6.359697338361514],[101.91098307900597,6.359992591185176],[101.90220331533078,6.37271001305669],[101.89786367456901,6.377386268261716],[101.88931312739896,6.383061942754523],[101.87462054340341,6.389567002615138],[101.85827000885388,6.391451165039257],[101.84512536584305,6.386107575104575],[101.84164288331249,6.385544181318949],[101.83337954542975,6.378407259587391],[101.82804447477275,6.375793135444894],[101.82877859225829,6.363895066104476],[101.8388650303969,6.350754234420435],[101.84214722761254,6.343134097060954],[101.83695627601139,6.323833573960314],[101.83898335329917,6.31384461423761],[101.84208475620659,6.311366115953547],[101.84702546515314,6.30288714042922],[101.85309045076377,6.297952908400077],[101.85660976412936,6.297412993215119],[101.8636941267826,6.299435314887944],[101.88033514595031,6.297090569174486],[101.8843652355672,6.2982129338798245],[101.89006551191392,6.3014176104344415],[101.89323797025617,6.301349195409102],[101.8960494137495,6.299584196753301],[101.89838595224995,6.295534298668997],[101.90171842156798,6.295835391690048],[101.90413060834095,6.293020029850538],[101.91275381443705,6.287605031946725],[101.91651312268255,6.282540108639125],[101.91246311757885,6.3025296329362845],[101.91168869787515,6.334696223252138],[101.9136753668248,6.359697338361514]]]}},{"type":"Feature","properties":{"subdistrict_code":"950303","subdistrict_th":"ตาเนาะปูเต๊ะ","subdistrict_en":"Tanao Pute","district_code":"9503","district_th":"บันนังสตา","province_code":"95","province_th":"ยะลา"},"geometry":{"type":"Polygon","coordinates":[[[101.32554393780254,6.391730312803759],[101.31900833516659,6.390054840758353],[101.31476412056776,6.391345065722248],[101.31019413015503,6.391272396004297],[101.30536457831272,6.388348452718958],[101.29980923041171,6.39145338726405],[101.29498090614396,6.392220681639174],[101.29156711922724,6.389293654578523],[101.28927706668333,6.389141708722946],[101.28666864424258,6.390291679917141],[101.28533841383677,6.3874225593037295],[101.278213141923,6.385211283773799],[101.27877242041092,6.3821919610902],[101.27533650027931,6.375238437204189],[101.26682494771325,6.3641242232543505],[101.26752442241423,6.36176245607254],[101.27704501071872,6.360689549583071],[101.28202731510856,6.3568518888036465],[101.28402955312146,6.357202923875889],[101.28679096822867,6.359524528234431],[101.29217432798293,6.354530270955308],[101.28631957688702,6.3495772709743505],[101.2851612267093,6.344921538298422],[101.28550249244614,6.3426607946599916],[101.28676370977746,6.342217958591959],[101.28801208568927,6.347568741304428],[101.29127354813579,6.346907455414794],[101.29222792397957,6.345136639044711],[101.2912862843346,6.3389241079612475],[101.29195804282949,6.336194132253468],[101.28952829319621,6.332476757596339],[101.28497112171993,6.329952297660441],[101.28450498241904,6.325386149151484],[101.28176729592406,6.3183741180711195],[101.28736556756695,6.316532087086216],[101.29677870667206,6.31704935824132],[101.29961688341251,6.317885371612647],[101.30420818505974,6.321255288700684],[101.30883437140915,6.321657910684053],[101.31168565217115,6.323913481422096],[101.31872192177934,6.320305513788469],[101.32326173364214,6.319582472353261],[101.32527342173108,6.32006780138795],[101.3349714112017,6.326718797834303],[101.34688514493354,6.325966866577687],[101.3543975084383,6.3295822931883094],[101.36409010467463,6.329500409916022],[101.37385670612213,6.332532957130297],[101.38530074283506,6.334064507071389],[101.38688033455986,6.336105046310877],[101.37616643493311,6.343355770952144],[101.37377834639364,6.3503321322221495],[101.36891156891386,6.353891943858173],[101.35835896809198,6.355422511739562],[101.3558179417447,6.3568961129652735],[101.355031620413,6.361540540263775],[101.3564791341048,6.36804354697216],[101.35654306331179,6.374999711267719],[101.34932484106861,6.377126826441952],[101.34365918862073,6.3774627600983536],[101.3399308647177,6.379148498804227],[101.33193784055896,6.383808698412736],[101.32554393780254,6.391730312803759]]]}},{"type":"Feature","properties":{"subdistrict_code":"960605","subdistrict_th":"บาตง","subdistrict_en":"Batong","district_code":"9606","district_th":"รือเสาะ","province_code":"96","province_th":"นราธิวาส"},"geometry":{"type":"Polygon","coordinates":[[[101.46801163782686,6.382038025034888],[101.46436701472601,6.381358414559259],[101.4590854033687,6.376633572581341],[101.45657436761303,6.371395531578571],[101.45050924710415,6.370722223551809],[101.44337557642177,6.365221004945454],[101.43720542229244,6.36310047101],[101.42952905572139,6.36534931661771],[101.42520183909363,6.364545473794635],[101.42116157724507,6.359303546821252],[101.42023222683588,6.355327633263698],[101.41813751063768,6.3538912918496635],[101.41538923822282,6.3543300638813776],[101.41333961043472,6.3569924006787915],[101.41313411444787,6.361599554675763],[101.4144542571583,6.365713199404695],[101.41289932394471,6.36936237667237],[101.40884643741322,6.367583228083561],[101.40368362290093,6.3625587472884035],[101.39981770542283,6.36017191600115],[101.39851583064114,6.358387772577714],[101.39662904309591,6.347949135644171],[101.38869736619057,6.3400476669663135],[101.3874434369651,6.335839284955057],[101.38866397975892,6.333772231003707],[101.38850232482247,6.329803348345877],[101.38995052020039,6.326108388391447],[101.39874558763881,6.319768586151383],[101.40006068605186,6.317226655985451],[101.39899267097502,6.308684543556865],[101.39564441495787,6.303590922882847],[101.4076999124211,6.3023586996943095],[101.42093280770297,6.306087902234935],[101.43212354316705,6.307724268160484],[101.43612468360732,6.304823500404268],[101.44079830020144,6.303519904320183],[101.44444016777959,6.304091455856053],[101.44692527068474,6.306595806051632],[101.44717099604469,6.3085206340201125],[101.44953522826825,6.309233424982608],[101.45405890269626,6.313146550572924],[101.45558706309254,6.312199379198034],[101.4578300226375,6.312801977129595],[101.46052927930288,6.310959295035502],[101.46731712018902,6.309304849139551],[101.489205592664,6.306233458407405],[101.50216455265206,6.307602767953426],[101.50064910956883,6.311563529733178],[101.49816331508498,6.31378521581513],[101.49465696184939,6.314394575749134],[101.49341148355319,6.316975774812192],[101.49482278244551,6.320018725383932],[101.49739721411021,6.321908272049143],[101.5050163748059,6.323868968578097],[101.50466213724792,6.326160630009099],[101.48897057373307,6.341132765564737],[101.49025129556088,6.3460036880198345],[101.49459389509224,6.348535421672409],[101.4949480975767,6.350805607293012],[101.49073070255992,6.353417534391724],[101.4863746203925,6.351850073622074],[101.48415940942925,6.352850365252209],[101.48237025138604,6.3556912165764174],[101.48182030516301,6.362749104087925],[101.477112259823,6.369757489316726],[101.47636524605934,6.3744630831048426],[101.47361861310856,6.377468406042169],[101.46855919724919,6.380062286445423],[101.46801163782686,6.382038025034888]]]}},{"type":"Feature","properties":{"subdistrict_code":"960202","subdistrict_th":"ไพรวัน","subdistrict_en":"Phraiwan","district_code":"9602","district_th":"ตากใบ","province_code":"96","province_th":"นราธิวาส"},"geometry":{"type":"Polygon","coordinates":[[[101.98598503668018,6.312671355098985],[101.96376507319962,6.329425610603494],[101.94922599178614,6.341835443650837],[101.91506434094663,6.376290913794662],[101.91168869787515,6.334696223252138],[101.91246311757885,6.3025296329362845],[101.91664790317827,6.283738725961484],[101.91725085724136,6.272938227916939],[101.92052546417887,6.267036089743783],[101.92382034902994,6.265639673731982],[101.92558921566985,6.266382300602743],[101.92971335099043,6.263632771834978],[101.93666774991681,6.262581517423143],[101.94002366456056,6.25999372363151],[101.94257091241775,6.260195911911865],[101.94511817286542,6.258376371172631],[101.94596725518471,6.258497678025492],[101.94580550581952,6.261489840283957],[101.94936355388495,6.263713768375737],[101.94980827942862,6.268565925577036],[101.95340679338887,6.265573785801621],[101.95563056769657,6.2676764007453585],[101.957530910723,6.265452510425064],[101.96052291380147,6.265937744131634],[101.96452574766516,6.263632995766216],[101.96545567364046,6.266989075885192],[101.96751772556263,6.267757347823419],[101.9682455001298,6.269617343665516],[101.97204616190089,6.268889545716036],[101.97346131169024,6.266989126247211],[101.96978195767127,6.26630171505218],[101.97192489371895,6.264401302777969],[101.97184405186158,6.260843053264352],[101.97309746127888,6.260681322784876],[101.97855582539108,6.264603517138653],[101.9785153675902,6.26844480578319],[101.98021353672539,6.267878732917211],[101.98106263613181,6.2653717917748395],[101.98211388155045,6.26529093013238],[101.98462067970064,6.268121369105927],[101.98656144185713,6.2680809472779515],[101.98817875474577,6.266059224553601],[101.98676363913069,6.262500971442705],[101.98753186160621,6.26189445606434],[101.9952140350997,6.262784067230939],[101.99657074244584,6.261908566427223],[102.00240912767919,6.263842131309389],[102.00168884356532,6.266926603579918],[102.00417878212517,6.268472979744274],[102.00433687394764,6.269524546220907],[102.00220673435336,6.269965309351619],[101.9994944186326,6.272457324446009],[101.99665288472289,6.269562270982078],[101.98260948623886,6.282673250570099],[101.98223584041176,6.28553134009934],[101.98477428210748,6.291109614417223],[101.97977596888592,6.293934267152736],[101.98306956410914,6.301791068303203],[101.98598503668018,6.312671355098985]]]}},{"type":"Feature","properties":{"subdistrict_code":"960510","subdistrict_th":"มะรือโบตก","subdistrict_en":"Marue Botok","district_code":"9605","district_th":"ระแงะ","province_code":"96","province_th":"นราธิวาส"},"geometry":{"type":"Polygon","coordinates":[[[101.6327779155684,6.369900111900677],[101.62639866096947,6.371170682181287],[101.62350541784082,6.368640933332472],[101.62161526593184,6.365079237616783],[101.61040166970133,6.366243649225055],[101.60640042404037,6.3619520430523835],[101.60586773940469,6.3550537816067845],[101.61169149356766,6.352448845837614],[101.61413558558888,6.347783559663583],[101.61249454678597,6.342309743399994],[101.61325913330239,6.339099995568404],[101.60914125186736,6.334120972804726],[101.60475000440925,6.332476536363117],[101.60408569230094,6.328560869288708],[101.60086914739333,6.322488217857028],[101.60099779001604,6.319537514344859],[101.59810575557623,6.314101998408546],[101.59422367008636,6.301743238759514],[101.59364535115208,6.292932590566636],[101.60157222208045,6.288231691239616],[101.60246718331393,6.292254408214433],[101.60425383674522,6.294872481280038],[101.63612933270258,6.313170920401717],[101.6410546884232,6.314650590252597],[101.64781127786824,6.319796607227715],[101.65188801442036,6.320342328435743],[101.6654323835977,6.319455255155958],[101.67010436432503,6.321383767646807],[101.67305647977281,6.3244865150406895],[101.67662844664557,6.3340562369058375],[101.67935914540828,6.355838915833374],[101.68172876726885,6.359279723780276],[101.67466088019552,6.359163291252912],[101.66303730103067,6.354787994170636],[101.65424073172443,6.353339888724918],[101.64960705941832,6.35543363005803],[101.64456509220531,6.361376292581895],[101.63684969955403,6.368226702900074],[101.6327779155684,6.369900111900677]]]}},{"type":"Feature","properties":{"subdistrict_code":"950803","subdistrict_th":"ห้วยกระทิง","subdistrict_en":"Huai Krathing","district_code":"9508","district_th":"กรงปินัง","province_code":"95","province_th":"ยะลา"},"geometry":{"type":"Polygon","coordinates":[[[101.26698199632216,6.3631077402300775],[101.2570199847845,6.363603891706305],[101.24766112426153,6.365428288784528],[101.24371340355077,6.3648183415932635],[101.23881680365264,6.366387603704993],[101.2300375795707,6.364130111115799],[101.22745469697674,6.3655312089981635],[101.22745468258756,6.3675853360944075],[101.22206291237359,6.362899325943204],[101.21789068220926,6.363091872591895],[101.21461709600226,6.362064789258682],[101.21307659780678,6.359368737777061],[101.21083000500079,6.360716744182469],[101.20588747942372,6.367328431262138],[101.19939435896254,6.371092701966688],[101.20248461207524,6.363148302352329],[101.20250092667646,6.33789126177237],[101.20409378160281,6.332265183091749],[101.2074498779096,6.328442386307131],[101.2143419007582,6.325404542086005],[101.22044618044691,6.32079710480258],[101.22202458057001,6.31500670559501],[101.22871516787075,6.317619353050759],[101.23173845386663,6.3240900129437705],[101.2314039033675,6.325608398608779],[101.22766662491489,6.329369077421006],[101.22693327724903,6.3321767500570445],[101.22856945431693,6.337641491261877],[101.23016158528901,6.338100750749106],[101.24611928337828,6.321699276800246],[101.24872937406144,6.323187413768153],[101.25166472075034,6.323239678768232],[101.2542298471298,6.325424009710332],[101.26027845878389,6.324629955108378],[101.26316161511653,6.319824853134492],[101.26318058091914,6.314702841762767],[101.26814950699423,6.307568389569553],[101.27789495998445,6.303901698005006],[101.28227781856651,6.304849730930414],[101.28830265844101,6.299878874010858],[101.29418101134468,6.298737285397465],[101.29732433614925,6.296702639415344],[101.29951068966665,6.2967387741751395],[101.30022027544544,6.299349665254908],[101.29829836038107,6.30326077456516],[101.29077737687453,6.309907169180576],[101.28854690981211,6.313343397779647],[101.28299001507719,6.314825935568535],[101.28177349495087,6.318113647426912],[101.28450498241904,6.325386149151484],[101.28497112171993,6.329952297660441],[101.28952829319621,6.332476757596339],[101.29195804282949,6.336194132253468],[101.2912862843346,6.3389241079612475],[101.29222792397957,6.345136639044711],[101.29127354813579,6.346907455414794],[101.28801208568927,6.347568741304428],[101.28676370977746,6.342217958591959],[101.28550249244614,6.3426607946599916],[101.2851612267093,6.344921538298422],[101.28631957688702,6.3495772709743505],[101.29217432798293,6.354530270955308],[101.28679096822867,6.359524528234431],[101.28402955312146,6.357202923875889],[101.28202731510856,6.3568518888036465],[101.27704501071872,6.360689549583071],[101.26927106590705,6.361254801368034],[101.26752442241423,6.36176245607254],[101.26698199632216,6.3631077402300775]]]}},{"type":"Feature","properties":{"subdistrict_code":"960509","subdistrict_th":"เฉลิม","subdistrict_en":"Chaloem","district_code":"9605","district_th":"ระแงะ","province_code":"96","province_th":"นราธิวาส"},"geometry":{"type":"Polygon","coordinates":[[[101.68861924238416,6.356766794951682],[101.68172876726885,6.359279723780276],[101.67954217902837,6.356299961374191],[101.67662844664557,6.3340562369058375],[101.67305647977281,6.3244865150406895],[101.67010436432503,6.321383767646807],[101.66327375707829,6.319118966267354],[101.65188801442036,6.320342328435743],[101.64781127786824,6.319796607227715],[101.6410546884232,6.314650590252597],[101.63612933270258,6.313170920401717],[101.60425383674522,6.294872481280038],[101.60246718331393,6.292254408214433],[101.60157222208045,6.288231691239616],[101.6032144623776,6.285881767229796],[101.60266857299632,6.271439751443438],[101.60540599958728,6.2636626958767465],[101.6017918293295,6.258081555419494],[101.60166440169087,6.252259604397295],[101.61117476470366,6.250717199639098],[101.61603737022853,6.245375284242016],[101.61919247435327,6.240140702031795],[101.62923579359705,6.246483732838044],[101.63782749824048,6.259108186393746],[101.64586531942899,6.2663418266140525],[101.65022904943112,6.267025789808429],[101.66288891828901,6.261494439416879],[101.66474416571072,6.268387928160394],[101.66483632733468,6.2745307177185055],[101.66372601804136,6.278851391778346],[101.6590690434017,6.287905595267034],[101.6590008460123,6.293587788046011],[101.66437465676506,6.3009219104178555],[101.67158921067357,6.306679183097856],[101.67982846111465,6.317600500562719],[101.68474258070557,6.321673284594453],[101.68594895827783,6.328455975063264],[101.69278670344369,6.337845607688678],[101.69055665276738,6.344265466677996],[101.69251168086942,6.357328260590805],[101.68861924238416,6.356766794951682]]]}},{"type":"Feature","properties":{"subdistrict_code":"960104","subdistrict_th":"บางปอ","subdistrict_en":"Bang Po","district_code":"9601","district_th":"เมืองนราธิวาส","province_code":"96","province_th":"นราธิวาส"},"geometry":{"type":"Polygon","coordinates":[[[101.83372289039914,6.357133751621404],[101.83088092481489,6.355387411200127],[101.82557130137451,6.358001727797557],[101.81785468474595,6.355630234447801],[101.81203186138134,6.357209840561723],[101.80506940542875,6.353181066652951],[101.8029802713225,6.3494137940114115],[101.79808335576234,6.347172331837669],[101.79587332129682,6.347032921632092],[101.79035851303502,6.34922447413021],[101.78505453643777,6.348331953656782],[101.78057245115775,6.340603876068087],[101.78122994640495,6.334791446168367],[101.78022800901545,6.332359400565906],[101.76433296129721,6.330858503117497],[101.76701049573785,6.328800422601489],[101.76913858757581,6.3226740231876875],[101.76956767570772,6.312931588322215],[101.77072874543529,6.3103897094176205],[101.77535301263151,6.307848839552378],[101.77830014223781,6.307304747016531],[101.7830451146404,6.308915574893888],[101.7873155498728,6.309027146585606],[101.79226496155877,6.311204315326961],[101.79965545613447,6.310025450714022],[101.80654721098506,6.307985070654524],[101.8121139793767,6.303439175777385],[101.81754110463834,6.3024707381341045],[101.82461550190396,6.298866261668707],[101.83121732342079,6.297750737206798],[101.83527081429668,6.298804506123133],[101.8408699160139,6.305400755440587],[101.84368100787225,6.30744119665394],[101.84446607015309,6.306734354706748],[101.84208475620659,6.311366115953547],[101.83811555069218,6.315340187699576],[101.83691749544613,6.3220001647758295],[101.8372131826423,6.325714357631568],[101.84214722761254,6.343134097060954],[101.83983638634021,6.349201597176034],[101.83372289039914,6.357133751621404]]]}},{"type":"Feature","properties":{"subdistrict_code":"960501","subdistrict_th":"ตันหยงมัส","subdistrict_en":"Tanyong Mat","district_code":"9605","district_th":"ระแงะ","province_code":"96","province_th":"นราธิวาส"},"geometry":{"type":"Polygon","coordinates":[[[101.72011539440996,6.347071046591566],[101.71653450806116,6.347443391998979],[101.70934830528012,6.350649414838699],[101.70488804474752,6.351489410408021],[101.69855477608212,6.354831503371258],[101.69597896305874,6.35744235038419],[101.69251168086942,6.357328260590805],[101.69055665276738,6.344265466677996],[101.69278670344369,6.337845607688678],[101.68594895827783,6.328455975063264],[101.6847017137132,6.321257869754959],[101.68626635960487,6.319818063253081],[101.69054684655976,6.319750105083358],[101.69314347798917,6.312063842372481],[101.69372515499197,6.3052292880012715],[101.69947920540108,6.301240768646608],[101.70261593187979,6.292224989591659],[101.70893618285862,6.282509036163162],[101.71620134701459,6.276312400596851],[101.71798781158827,6.273528732664943],[101.71985737441838,6.26995566232398],[101.72090283809558,6.2635266320484675],[101.72577769058802,6.252298028831035],[101.7250724341456,6.252209661446784],[101.72531525559464,6.249989332441771],[101.73374190496503,6.248221926300914],[101.73477850222616,6.252426836029713],[101.73989511766558,6.261079405889916],[101.73812710897897,6.265237079627582],[101.73840010178333,6.269098892599857],[101.7351473249891,6.270840470211567],[101.7360287559224,6.27455952660091],[101.74105540678164,6.280183083582472],[101.74333874408785,6.290579030597826],[101.74650122265336,6.297353600188558],[101.74813345709345,6.297552271220411],[101.7485806719605,6.302199681570073],[101.74937987428183,6.302836888111926],[101.7515438319823,6.301833625121731],[101.75293322338962,6.304791610444511],[101.76137962457005,6.312701468897728],[101.76147037605705,6.314488838189391],[101.76294271283598,6.316085614159817],[101.76608060933273,6.319096261982963],[101.76973243960049,6.3206699694436],[101.76673391373919,6.329224326141798],[101.76200760856432,6.332170364870478],[101.74980387225094,6.334279011567162],[101.74626757069188,6.337174463430813],[101.73764515959652,6.341754079287398],[101.73311302344734,6.345622894381108],[101.72011539440996,6.347071046591566]]]}},{"type":"Feature","properties":{"subdistrict_code":"950301","subdistrict_th":"บันนังสตา","subdistrict_en":"Bannang Sata","district_code":"9503","district_th":"บันนังสตา","province_code":"95","province_th":"ยะลา"},"geometry":{"type":"Polygon","coordinates":[[[101.28830265844101,6.299878874010858],[101.28227781856651,6.304849730930414],[101.27673350444775,6.304158740433593],[101.26693487904151,6.308587775605417],[101.26318058091914,6.314702841762767],[101.26316161511653,6.319824853134492],[101.26027845878389,6.324629955108378],[101.2542298471298,6.325424009710332],[101.25166472075034,6.323239678768232],[101.24872937406144,6.323187413768153],[101.24611928337828,6.321699276800246],[101.22939454632132,6.338187100054654],[101.2270987291231,6.334284521713357],[101.22693327724903,6.3321767500570445],[101.22766662491489,6.329369077421006],[101.23179538544872,6.324593158447556],[101.22909893556749,6.318099630593508],[101.22573543784023,6.315904416056014],[101.21812189970598,6.314279277266905],[101.21627639643862,6.312644746857643],[101.21489718355821,6.307255635039553],[101.20688629706501,6.297894540600623],[101.20795167443026,6.2889062646124785],[101.20720199507605,6.283052829224744],[101.20312227457339,6.280181266052637],[101.20089339391507,6.2768905702436655],[101.19167706604384,6.270313218380352],[101.19134662184916,6.263921195207047],[101.1872129788959,6.256718437705786],[101.1863745103754,6.2533178627292045],[101.18729813839843,6.243918801611471],[101.18498440220844,6.236832690676181],[101.18950843726464,6.23191884357982],[101.19068071884016,6.2289715134246535],[101.18763654968706,6.214927749815843],[101.1910247760726,6.2092530942549615],[101.19140528912283,6.206247471843426],[101.18926226494165,6.202017781295638],[101.18506392565968,6.200711900933527],[101.18357883019894,6.199328371307331],[101.18654215030006,6.198433612421297],[101.19168829767688,6.193980950260709],[101.1921714818285,6.191090163180547],[101.1906025362781,6.186273888928895],[101.19468907184324,6.183088000111184],[101.19913301507665,6.177194897426602],[101.20094557797609,6.177300398694513],[101.20373163990331,6.180470861441165],[101.2062904773237,6.179886223870199],[101.20832370057838,6.181336005652213],[101.21445729366923,6.182969839986185],[101.21636181314722,6.18224607099944],[101.2160588810126,6.178228627649105],[101.22016383918987,6.174786040843173],[101.220755637163,6.162624095125921],[101.22226011301387,6.160471473379857],[101.2264260353333,6.1576077460007355],[101.227592358001,6.154916415060541],[101.22978678473237,6.158901067330419],[101.2345635814442,6.1597223282229265],[101.23677198813681,6.16109669105947],[101.24109331060788,6.167850296553979],[101.24124080481937,6.170844588407078],[101.23862007605572,6.181254488403965],[101.23979776255675,6.18852296836036],[101.23635950238918,6.191669669219891],[101.23582512433006,6.193736896740461],[101.23756638897771,6.195272305672404],[101.23977121906654,6.19535301892671],[101.24331735111491,6.193156684733253],[101.24792170642166,6.193977870981996],[101.24939360343211,6.196553532919268],[101.24760385093703,6.2069034292499055],[101.24824885100372,6.208704068937664],[101.25413223741288,6.21236205506483],[101.26481362205107,6.208464524618137],[101.2657930826847,6.215063596907498],[101.26928901367711,6.218425367936447],[101.27136878943816,6.221975672839051],[101.27170905962544,6.225883157881469],[101.26921120343434,6.231994898345931],[101.26417229301694,6.231284368279034],[101.26305336372184,6.231883511015269],[101.26593075809808,6.238091934894953],[101.26820709058484,6.247671763341259],[101.26663565930829,6.249326524899232],[101.2631306253781,6.245484627413646],[101.26100357495505,6.246731039206168],[101.2612102031884,6.25027980806675],[101.26435791038932,6.254257710924662],[101.26088300015039,6.25599015771968],[101.25967536442658,6.257702105367912],[101.26085951525448,6.263788994866275],[101.26383493123717,6.264706655887494],[101.26868470613437,6.262071076618952],[101.27188798784044,6.261502431691895],[101.28208817582873,6.264967110343889],[101.28894939599786,6.261809649096051],[101.29067147181104,6.262545045417539],[101.29162481163581,6.2754878436890635],[101.2879516107783,6.279642171049375],[101.2815708363251,6.284264227712015],[101.28040283102587,6.2868963589798454],[101.28081578082367,6.2892780974063385],[101.28347590438955,6.2929511031109655],[101.28318418140492,6.297517762434836],[101.28609367078633,6.298031561307539],[101.28830265844101,6.299878874010858]]]}},{"type":"Feature","properties":{"subdistrict_code":"950305","subdistrict_th":"ตลิ่งชัน","subdistrict_en":"Taling Chan","district_code":"9503","district_th":"บันนังสตา","province_code":"95","province_th":"ยะลา"},"geometry":{"type":"Polygon","coordinates":[[[101.3874434369651,6.335839284955057],[101.38530074283506,6.334064507071389],[101.37385670612213,6.332532957130297],[101.36409010467463,6.329500409916022],[101.3543975084383,6.3295822931883094],[101.34688514493354,6.325966866577687],[101.3349714112017,6.326718797834303],[101.32527342173108,6.32006780138795],[101.32326173364214,6.319582472353261],[101.31872192177934,6.320305513788469],[101.31168565217115,6.323913481422096],[101.30883437140915,6.321657910684053],[101.30420818505974,6.321255288700684],[101.29961688341251,6.317885371612647],[101.29677870667206,6.31704935824132],[101.28736556756695,6.316532087086216],[101.28176729592406,6.3183741180711195],[101.28299001507719,6.314825935568535],[101.28854690981211,6.313343397779647],[101.29077737687453,6.309907169180576],[101.2960739178771,6.305739395156991],[101.29829836038107,6.30326077456516],[101.30022028443864,6.2979053315658575],[101.29951068966665,6.2967387741751395],[101.29732433614925,6.296702639415344],[101.29418101134468,6.298737285397465],[101.28830265844101,6.299878874010858],[101.28609367078633,6.298031561307539],[101.28318418140492,6.297517762434836],[101.28347590438955,6.2929511031109655],[101.28053065256762,6.288630774390754],[101.28086265438805,6.285263896111985],[101.2909316888464,6.276567669562326],[101.29468087072564,6.276498149270196],[101.29859535069494,6.274340961666098],[101.30490810402586,6.2734562014425705],[101.31044903219714,6.270650581958819],[101.3088105249858,6.265495915304314],[101.30883932487501,6.262542828588721],[101.31273248101922,6.256476852824562],[101.31342025913773,6.253811253286756],[101.31286593591426,6.247018005676466],[101.31015635413252,6.242319978784053],[101.31030703104472,6.236119629917027],[101.31807991915298,6.2329596811443935],[101.32181438992222,6.232727133550441],[101.32931925398043,6.234740539344443],[101.33711844635928,6.228774784928419],[101.34275670725629,6.226430172314622],[101.34709593522928,6.22586432517852],[101.34679967876224,6.2194025685737415],[101.34805813157755,6.213582166184096],[101.34723925568716,6.207515636437506],[101.35006238317249,6.1952916213112985],[101.35505602261742,6.183993538271238],[101.35905805788315,6.181939230411217],[101.36468910441869,6.181919857215689],[101.37108748130225,6.1847430692372996],[101.38351651127806,6.186146630362771],[101.38341429343495,6.188528770786206],[101.38024342239606,6.194773458028692],[101.37472088805862,6.204302964010651],[101.37132508938146,6.207494157929091],[101.37132845194657,6.209003043155974],[101.38006216044039,6.215262652849219],[101.39529114507036,6.223138204864313],[101.39756365723707,6.230569433332732],[101.40156904157806,6.235830832427041],[101.40338474131283,6.239909933296815],[101.40149261988853,6.241487593277839],[101.39702328159922,6.24259201920637],[101.39511062415602,6.2454343103452175],[101.39715622478002,6.249973639272071],[101.39780690856202,6.254759398627414],[101.40102717396496,6.2586323811794955],[101.39986104105424,6.265350504821981],[101.40261161393488,6.271422515037102],[101.39947824012876,6.2779333026797985],[101.39944586813237,6.281590095406614],[101.39480053341794,6.286869549290316],[101.39552633397318,6.2928604667371815],[101.39391919601417,6.300176628748488],[101.39899267097502,6.308684543556865],[101.40006068605186,6.317226655985451],[101.39874558763881,6.319768586151383],[101.38995052020039,6.326108388391447],[101.38850232482247,6.329803348345877],[101.38866397975892,6.333772231003707],[101.3874434369651,6.335839284955057]]]}},{"type":"Feature","properties":{"subdistrict_code":"960704","subdistrict_th":"เชิงคีรี","subdistrict_en":"Choeng Khiri","district_code":"9607","district_th":"ศรีสาคร","province_code":"96","province_th":"นราธิวาส"},"geometry":{"type":"Polygon","coordinates":[[[101.59430070871082,6.30202413840334],[101.57380323203358,6.305963184253585],[101.56535901800436,6.306380999383691],[101.5568623006547,6.309921377569594],[101.55284539869626,6.313778620187236],[101.54932708537677,6.32112809758371],[101.54735919517077,6.322762799763439],[101.54912460661535,6.325661113269803],[101.54863295804466,6.328727803245556],[101.54575387743955,6.328002823771328],[101.54553256867314,6.326560023426396],[101.54366406344582,6.325089702927471],[101.54038074477563,6.325975064797433],[101.54035263106914,6.323647748844564],[101.53870350556241,6.3239003863937455],[101.53732027720906,6.3213932815747285],[101.53288508527851,6.319223004338255],[101.53172285542547,6.314030903403534],[101.52737826119784,6.315450591171896],[101.52388565320041,6.313515404812108],[101.52050994088114,6.313889455334163],[101.51986448036155,6.312479168179095],[101.52706313785359,6.298996249677202],[101.53363567924328,6.292664592596907],[101.5387441594155,6.283161625608557],[101.53785529738411,6.279714145591413],[101.53869925356776,6.2771563702703475],[101.54398692635561,6.269716523598731],[101.54064743603038,6.2642373141007965],[101.54032771355321,6.256365439413571],[101.53715690456755,6.255864775139287],[101.54042966879422,6.251410659674264],[101.54094678796395,6.249319351007273],[101.54346699860315,6.249643626752004],[101.54941318287217,6.248153200110153],[101.5568333415855,6.250083391635258],[101.56191307223054,6.24524397333073],[101.56865842374731,6.2338047749704515],[101.57419094955276,6.229042215425977],[101.5777020943762,6.228082361811573],[101.58794776557698,6.23077896367829],[101.59376586480289,6.2303222411785555],[101.59742097489811,6.228124030999254],[101.60513117666255,6.219243743803759],[101.61574412379235,6.216712889688154],[101.61421272403805,6.21975974691486],[101.61141031333534,6.221501105091988],[101.61514331101506,6.223161548566679],[101.61548575756171,6.231911681379017],[101.61642097155067,6.234981897596526],[101.61934214942073,6.238570338250554],[101.61913564079725,6.240389898774879],[101.61117476470366,6.250717199639098],[101.60166440169087,6.252259604397295],[101.6017918293295,6.258081555419494],[101.60540599958728,6.2636626958767465],[101.60247075542111,6.2727533785655964],[101.6032144623776,6.285881767229796],[101.6017992316493,6.288114475402779],[101.59364535115208,6.292932590566636],[101.59430070871082,6.30202413840334]]]}},{"type":"Feature","properties":{"subdistrict_code":"960702","subdistrict_th":"ตะมะยูง","subdistrict_en":"Tamayung","district_code":"9607","district_th":"ศรีสาคร","province_code":"96","province_th":"นราธิวาส"},"geometry":{"type":"Polygon","coordinates":[[[101.51986448036155,6.312479168179095],[101.51865326983261,6.3116062529262535],[101.5182133520646,6.312395649939333],[101.51303246297783,6.313436863420577],[101.51254170023935,6.314455131599118],[101.51352899756523,6.315663682832735],[101.51242686670662,6.317275183403012],[101.51098843077153,6.316874298010475],[101.51046059887761,6.319182415236298],[101.5064799971542,6.321699905426328],[101.50713726936954,6.323132331192198],[101.50570084162058,6.323914249443078],[101.49786974399353,6.322141550791969],[101.49418534118064,6.319183519603769],[101.49341148355319,6.316975774812192],[101.49393015135547,6.3151730567911954],[101.49510662467105,6.314098689802734],[101.49816331508498,6.31378521581513],[101.50097201564608,6.311206679644613],[101.50262282918027,6.304926501556849],[101.50460685142514,6.303384499694971],[101.50528033931624,6.300088678649672],[101.49983225355572,6.296013893626366],[101.49601092356534,6.290102209149666],[101.49571716001896,6.281058960302801],[101.48720250389249,6.272019207120763],[101.48578194827837,6.261475277562056],[101.49148995070072,6.252173711947307],[101.4999709038342,6.258207352587306],[101.50519768622428,6.263331739068576],[101.52269786731279,6.26211139772289],[101.52410852768645,6.2608201331426585],[101.52247662959286,6.259414991908386],[101.52518782655699,6.2565898265593205],[101.52800205075408,6.254771580843851],[101.53035250626323,6.255587492568793],[101.53021346118237,6.253612589449517],[101.53240467823338,6.253245612095384],[101.53476416743246,6.249140760937394],[101.53960136261287,6.2477350468349755],[101.54094678796395,6.249319351007273],[101.54073570179128,6.250611049960014],[101.53715690456755,6.255864775139287],[101.54032771355321,6.256365439413571],[101.54064743603038,6.2642373141007965],[101.54398692635561,6.269716523598731],[101.53869925356776,6.2771563702703475],[101.53785529738411,6.279714145591413],[101.5387441594155,6.283161625608557],[101.53363567924328,6.292664592596907],[101.52706313785359,6.298996249677202],[101.51986448036155,6.312479168179095]]]}},{"type":"Feature","properties":{"subdistrict_code":"960508","subdistrict_th":"บาโงสะโต","subdistrict_en":"Ba-Ngo Sato","district_code":"9605","district_th":"ระแงะ","province_code":"96","province_th":"นราธิวาส"},"geometry":{"type":"Polygon","coordinates":[[[101.72531525559464,6.249989332441771],[101.7250724341456,6.252209661446784],[101.72577769058802,6.252298028831035],[101.72090283809558,6.2635266320484675],[101.71985737441838,6.26995566232398],[101.71798781158827,6.273528732664943],[101.71620134701459,6.276312400596851],[101.70893618285862,6.282509036163162],[101.70261593187979,6.292224989591659],[101.69947920540108,6.301240768646608],[101.69372515499197,6.3052292880012715],[101.69314347798917,6.312063842372481],[101.69054684655976,6.319750105083358],[101.68583577140379,6.3199484928287575],[101.68474258070557,6.321673284594453],[101.683406277178,6.321026111765718],[101.67158921067357,6.306679183097856],[101.66437465676506,6.3009219104178555],[101.65926397775041,6.294382809419176],[101.6590690434017,6.287905595267034],[101.66372601804136,6.278851391778346],[101.66483632733468,6.2745307177185055],[101.66474416571072,6.268387928160394],[101.66288891828901,6.261494439416879],[101.67178053244567,6.264429644012921],[101.67557280084412,6.263303327686458],[101.68722477340464,6.253165495091594],[101.6896395421312,6.249900274378206],[101.71025816108533,6.234773675764586],[101.71264926774955,6.2372698088546485],[101.71385496723303,6.242460909743215],[101.72531525559464,6.249989332441771]]]}},{"type":"Feature","properties":{"subdistrict_code":"960502","subdistrict_th":"ตันหยงลิมอ","subdistrict_en":"Tanyong Limo","district_code":"9605","district_th":"ระแงะ","province_code":"96","province_th":"นราธิวาส"},"geometry":{"type":"Polygon","coordinates":[[[101.83397572040326,6.298315723691758],[101.83018252930037,6.2978043520892015],[101.82461550190396,6.298866261668707],[101.81754110463834,6.3024707381341045],[101.8121139793767,6.303439175777385],[101.80654721098506,6.307985070654524],[101.79734309320924,6.310433519891092],[101.79226496155877,6.311204315326961],[101.78667743411637,6.308861140729107],[101.7830451146404,6.308915574893888],[101.77830014223781,6.307304747016531],[101.77535301263151,6.307848839552378],[101.77072874543529,6.3103897094176205],[101.76956767570772,6.312931588322215],[101.76974786657087,6.320174607572142],[101.76718749940363,6.319737573030636],[101.76147037605705,6.314488838189391],[101.76051437783633,6.311695438693562],[101.75293322338962,6.304791610444511],[101.7515438319823,6.301833625121731],[101.74937987428183,6.302836888111926],[101.7485806719605,6.302199681570073],[101.74813345709345,6.297552271220411],[101.74650122265336,6.297353600188558],[101.74333874408785,6.290579030597826],[101.74105540678164,6.280183083582472],[101.7360287559224,6.27455952660091],[101.7351473249891,6.270840470211567],[101.73840010178333,6.269098892599857],[101.73812710897897,6.265237079627582],[101.73989511766558,6.261079405889916],[101.73477850222616,6.252426836029713],[101.73374190496503,6.248221926300914],[101.74023510816374,6.24888108979053],[101.74653534203247,6.252256523319943],[101.75308588510558,6.251901468278163],[101.75989885934496,6.248648352439545],[101.77184099996225,6.251364643163811],[101.77741462118786,6.25135950443763],[101.7787682924228,6.254307638586681],[101.78656510609483,6.259021430594601],[101.7945693079273,6.269490270359711],[101.80076859559426,6.2742895771023655],[101.80695741515262,6.281855980868897],[101.81464808903814,6.287502552400895],[101.82162017672982,6.288810684665407],[101.83034447291914,6.292796136432571],[101.83226484474687,6.294422832847488],[101.83397572040326,6.298315723691758]]]}},{"type":"Feature","properties":{"subdistrict_code":"960204","subdistrict_th":"ศาลาใหม่","subdistrict_en":"Sala Mai","district_code":"9602","district_th":"ตากใบ","province_code":"96","province_th":"นราธิวาส"},"geometry":{"type":"Polygon","coordinates":[[[102.04536293844893,6.274212817267767],[101.98598503668018,6.312671355098985],[101.98306956410914,6.301791068303203],[101.97977596888592,6.293934267152736],[101.98477428210748,6.291109614417223],[101.98223584041176,6.28553134009934],[101.98260948623886,6.282673250570099],[101.99665288472289,6.269562270982078],[101.9994944186326,6.272457324446009],[102.00220673435336,6.269965309351619],[102.00433687394764,6.269524546220907],[102.00417878212517,6.268472979744274],[102.00168884356532,6.266926603579918],[102.00188128409405,6.264562517046556],[102.00370541587233,6.263551546866438],[102.00798064539055,6.257505277946279],[102.01160764987321,6.256122039700415],[102.03596663555186,6.270360249326075],[102.04536293844893,6.274212817267767]]]}},{"type":"Feature","properties":{"subdistrict_code":"960608","subdistrict_th":"โคกสะตอ","subdistrict_en":"Khok Sato","district_code":"9606","district_th":"รือเสาะ","province_code":"96","province_th":"นราธิวาส"},"geometry":{"type":"Polygon","coordinates":[[[101.50216455265206,6.307602767953426],[101.489205592664,6.306233458407405],[101.46731712018902,6.309304849139551],[101.46052927930288,6.310959295035502],[101.4578300226375,6.312801977129595],[101.45558706309254,6.312199379198034],[101.45405890269626,6.313146550572924],[101.44953522826825,6.309233424982608],[101.44717099604469,6.3085206340201125],[101.44692527068474,6.306595806051632],[101.44444016777959,6.304091455856053],[101.44079830020144,6.303519904320183],[101.43612468360732,6.304823500404268],[101.43212354316705,6.307724268160484],[101.42093280770297,6.306087902234935],[101.4076999124211,6.3023586996943095],[101.39564441495787,6.303590922882847],[101.39391919601417,6.300176628748488],[101.39552633397318,6.2928604667371815],[101.39480053341794,6.286869549290316],[101.39944586813237,6.281590095406614],[101.39947824012876,6.2779333026797985],[101.40256185714406,6.272022108333658],[101.40026411719532,6.267325269445678],[101.40020655968505,6.263254248085104],[101.40362139611062,6.26299457783756],[101.41077287067151,6.25940909685238],[101.41719564256493,6.259802676152617],[101.42497771724788,6.256511286966372],[101.43035844468653,6.258159070684599],[101.43354341439709,6.2541402612640695],[101.43596832927506,6.256261588401628],[101.43798025388566,6.256562944924042],[101.43969896173775,6.254988523401664],[101.4401371806864,6.251795984097441],[101.44117895084798,6.251545418586261],[101.44221328181754,6.252197005287599],[101.4435716978756,6.256605314683554],[101.44765058110949,6.259210226171035],[101.45223701742447,6.264157558624504],[101.45890948968128,6.259625905411269],[101.47300997892745,6.247054423722716],[101.47787955419813,6.245072519381324],[101.48457748266475,6.246451422894893],[101.49148995070072,6.252173711947307],[101.48578194827837,6.261475277562056],[101.48684223727946,6.271162878064445],[101.49571716001896,6.281058960302801],[101.49567145107665,6.288641954762454],[101.49667216358955,6.291333163394825],[101.49983225355572,6.296013893626366],[101.50528033931624,6.300088678649672],[101.50495326218334,6.302751319417894],[101.5028666030114,6.304492080445186],[101.50216455265206,6.307602767953426]]]}},{"type":"Feature","properties":{"subdistrict_code":"961301","subdistrict_th":"จวบ","subdistrict_en":"Chuap","district_code":"9613","district_th":"เจาะไอร้อง","province_code":"96","province_th":"นราธิวาส"},"geometry":{"type":"Polygon","coordinates":[[[101.84446607015309,6.306734354706748],[101.84291022322827,6.3070784506100495],[101.83946437098399,6.304085805415639],[101.83527081429668,6.298804506123133],[101.83397572040326,6.298315723691758],[101.83226484474687,6.294422832847488],[101.83034447291914,6.292796136432571],[101.82162017672982,6.288810684665407],[101.81464808903814,6.287502552400895],[101.80695741515262,6.281855980868897],[101.80076859559426,6.2742895771023655],[101.7945693079273,6.269490270359711],[101.78656510609483,6.259021430594601],[101.7787682924228,6.254307638586681],[101.77741462118786,6.25135950443763],[101.77065638238622,6.251147250045619],[101.76569573457056,6.245261882429986],[101.76559035920775,6.243249393045119],[101.76907269155151,6.232869119414374],[101.77748124206573,6.225646441030506],[101.78435251755468,6.218137038093857],[101.78463851095859,6.215647854964573],[101.78280201799879,6.210993339071365],[101.78292760832255,6.204711638431434],[101.78165266463884,6.1973597652410035],[101.78374011791215,6.1903799164000475],[101.79355066113419,6.202351013388579],[101.79863490637587,6.212592143912332],[101.80070026240725,6.214295734160828],[101.8064020756953,6.2156852253928605],[101.81371151887157,6.222362643021597],[101.83376370343223,6.223318196977232],[101.83304413697738,6.226988196248328],[101.83399944361946,6.237382299653461],[101.8410896401748,6.252165320373308],[101.83916550108705,6.252213261432928],[101.84166773787587,6.2560628661084365],[101.84554202084763,6.273270040879709],[101.844554995117,6.279410973337804],[101.85067589157921,6.286227552959247],[101.85791701955486,6.289288794842037],[101.86618487293362,6.291235195747731],[101.86865214408124,6.2953270022393895],[101.8687076538352,6.298344440843323],[101.86434912641113,6.299392189697869],[101.85660976412936,6.297412993215119],[101.85309045076377,6.297952908400077],[101.84966859962623,6.300118621577155],[101.84446607015309,6.306734354706748]]]}},{"type":"Feature","properties":{"subdistrict_code":"961303","subdistrict_th":"มะรือโบออก","subdistrict_en":"Maruebo Ok","district_code":"9613","district_th":"เจาะไอร้อง","province_code":"96","province_th":"นราธิวาส"},"geometry":{"type":"Polygon","coordinates":[[[101.91651312268255,6.282540108639125],[101.91275381443705,6.287605031946725],[101.90413060834095,6.293020029850538],[101.90171842156798,6.295835391690048],[101.89838595224995,6.295534298668997],[101.8960494137495,6.299584196753301],[101.891927079771,6.301574436011435],[101.88103585182319,6.297151075561715],[101.8687076538352,6.298344440843323],[101.86849295958245,6.294807225573038],[101.86618487293362,6.291235195747731],[101.85791701955486,6.289288794842037],[101.85067589157921,6.286227552959247],[101.84435973431437,6.278788594817854],[101.84554202084763,6.273270040879709],[101.84166773787587,6.2560628661084365],[101.83916550108705,6.252213261432928],[101.8410896401748,6.252165320373308],[101.83399944361946,6.237382299653461],[101.83304413697738,6.226988196248328],[101.83412136560861,6.222561252899538],[101.83800590265037,6.22201237866841],[101.84909227538827,6.227485685915724],[101.85563761768196,6.22655015626475],[101.86287035678163,6.220952603180137],[101.86590930357158,6.217146416873675],[101.87352122202685,6.20232978758969],[101.87513520112867,6.195593805209967],[101.88557262038017,6.193077874444384],[101.90243450314983,6.215043509650286],[101.90315232941651,6.231498918640227],[101.90252466198365,6.253391143986164],[101.90920638106968,6.2543785141571675],[101.9136793130499,6.253818973966531],[101.91576387860016,6.25566010832739],[101.91502474469627,6.259646868608172],[101.9156237840105,6.262347205359276],[101.91219015355279,6.264720979389722],[101.909890215661,6.271168815388592],[101.90969342960813,6.2777060556899755],[101.91061893541558,6.279231750145186],[101.91479703185757,6.280619616302317],[101.91651312268255,6.282540108639125]]]}},{"type":"Feature","properties":{"subdistrict_code":"950304","subdistrict_th":"ถ้ำทะลุ","subdistrict_en":"Tham Thalu","district_code":"9503","district_th":"บันนังสตา","province_code":"95","province_th":"ยะลา"},"geometry":{"type":"Polygon","coordinates":[[[101.19167706604384,6.270313218380352],[101.18171195274448,6.282807766665144],[101.17837850856137,6.283405294218994],[101.17463668673378,6.285740728351982],[101.17218881486195,6.2861232342998505],[101.16876753569329,6.288701387359197],[101.1627868786116,6.290798017314671],[101.15921313737647,6.291072131573685],[101.15422343696213,6.288933859410122],[101.1485617424305,6.288290459237373],[101.14217020668974,6.279708263125883],[101.13374932916827,6.2766238106403875],[101.13015745310406,6.272290679171533],[101.12241005088322,6.276810012572071],[101.12001848556474,6.279267340815181],[101.11284058262686,6.281118540388377],[101.11049521458256,6.280483884323871],[101.10579297616499,6.268751559137172],[101.10498556573134,6.2601676336294645],[101.10224396268876,6.255307010210402],[101.10764686201315,6.25159748933271],[101.11048092255658,6.251633015251514],[101.11211212457494,6.250638814729541],[101.11160815799013,6.248167192661867],[101.10569243465818,6.240523589292252],[101.10522343101661,6.238027511960183],[101.10973769943536,6.232684156748462],[101.1107047440288,6.228196585603996],[101.11325918916032,6.226466731554467],[101.1128430971313,6.222516665411831],[101.11610295788523,6.2207808794340735],[101.11542859135648,6.217474277316114],[101.11848484469988,6.211707353111933],[101.11541357177896,6.206358762047273],[101.11503649773624,6.203827861166928],[101.11914545879597,6.203241904290508],[101.12061277735785,6.201538727730167],[101.12301352565373,6.200871437966555],[101.12327723026004,6.198624448559485],[101.12649515742561,6.193931549601359],[101.12566295897841,6.192515004963582],[101.12352529295794,6.192039346338788],[101.1220927853538,6.189019986783023],[101.11768002701172,6.185713158035867],[101.12354442603447,6.181557122862955],[101.12668506096685,6.181459681319268],[101.12933493585865,6.182751164434762],[101.13537073756953,6.188292669970792],[101.143506749437,6.188571236773214],[101.14830396165854,6.190581846575014],[101.15449202218912,6.189728593200073],[101.16080644466177,6.195951719196557],[101.1798168006049,6.200177888898509],[101.18357883019894,6.199328371307331],[101.19007620805064,6.202939870578632],[101.19149617460886,6.208021162446755],[101.18763654968706,6.214927749815843],[101.19068071884016,6.2289715134246535],[101.18950843726464,6.23191884357982],[101.18498440220844,6.236832690676181],[101.18729813839843,6.243918801611471],[101.1863745103754,6.2533178627292045],[101.1872129788959,6.256718437705786],[101.19134662184916,6.263921195207047],[101.19167706604384,6.270313218380352]]]}},{"type":"Feature","properties":{"subdistrict_code":"961102","subdistrict_th":"สุไหงปาดี","subdistrict_en":"Su-Ngai Padi","district_code":"9611","district_th":"สุไหงปาดี","province_code":"96","province_th":"นราธิวาส"},"geometry":{"type":"Polygon","coordinates":[[[101.92382034902994,6.265639673731982],[101.92052546417887,6.267036089743783],[101.9181332837241,6.2704741565571],[101.91651312268255,6.282540108639125],[101.91479703185757,6.280619616302317],[101.91020617357611,6.278884228724223],[101.91014730935092,6.270109181993178],[101.91238884077245,6.264424549353521],[101.9156237840105,6.262347205359276],[101.91504603164913,6.259008101742552],[101.91584268888903,6.256032356608046],[101.9136793130499,6.253818973966531],[101.90920638106968,6.2543785141571675],[101.90252466198365,6.253391143986164],[101.90315232941651,6.231498918640227],[101.90228824011024,6.214712845121767],[101.88557262038017,6.193077874444384],[101.87470088703634,6.19562382997583],[101.86752538618771,6.189066425075509],[101.85671198556975,6.189796734831475],[101.85796054404392,6.183364803343068],[101.85699269905388,6.179551473721574],[101.86086047273267,6.176585743437386],[101.8616397946409,6.174083869075332],[101.86124567484808,6.15919589027817],[101.89462745879024,6.131121882568891],[101.90701078342096,6.119077364029181],[101.9080768928344,6.1176932021795665],[101.90847738792115,6.113717372258975],[101.90621511093866,6.104511740924181],[101.90826552473425,6.097456824772678],[101.91145294239942,6.094434377844323],[101.9161891967741,6.091790358438345],[101.92309226239803,6.089996834186593],[101.92508711967491,6.086998330808342],[101.92811128610703,6.076877686955754],[101.93565766017292,6.0720562631860275],[101.9358398097595,6.0736081117250365],[101.96200661711174,6.094171860343124],[101.96824780509218,6.100110967846945],[101.99299044605232,6.134882212444211],[102.00804214462931,6.162111860174264],[101.96308305074228,6.1931000130551865],[101.91490905141166,6.228425263415204],[101.91765828070515,6.2325885633115945],[101.92095783393694,6.2338060753901345],[101.92498997940407,6.233830296830774],[101.92883988355385,6.236910133096217],[101.92798277658392,6.242299812386477],[101.92956473172706,6.244075926662731],[101.92684211786951,6.247637770766573],[101.92599771742078,6.250692819018411],[101.93199767305424,6.253355669328698],[101.93297517856172,6.256925683773318],[101.93129730172916,6.260020395724723],[101.92615146821572,6.262249631615248],[101.92382034902994,6.265639673731982]]]}},{"type":"Feature","properties":{"subdistrict_code":"960201","subdistrict_th":"เจ๊ะเห","subdistrict_en":"Chehe","district_code":"9602","district_th":"ตากใบ","province_code":"96","province_th":"นราธิวาส"},"geometry":{"type":"Polygon","coordinates":[[[102.08258541568443,6.228915832799487],[102.08893935526709,6.23394526256385],[102.09101625679489,6.236855383269358],[102.08716057270232,6.24143225169712],[102.086550466331,6.2471824476119195],[102.08550912964267,6.2468529593966196],[102.08037448369555,6.251384269068808],[102.07346504097893,6.254991275327143],[102.04536293844893,6.274212817267767],[102.03596663555186,6.270360249326075],[102.01160764987321,6.256122039700415],[102.01346748833396,6.255148681866217],[102.01677612112115,6.255126864313411],[102.0184269238635,6.252045826553683],[102.02061406698567,6.250299867444994],[102.02359932335014,6.250668337673687],[102.0264107884272,6.24976062135562],[102.02830653232064,6.251999709319193],[102.02946730976856,6.252121750918093],[102.03209439494043,6.24937836901654],[102.04087483580508,6.246520962072793],[102.04451876642798,6.240983070012703],[102.05598583387916,6.244669546662294],[102.05741840443585,6.243604284410253],[102.0602040427824,6.237306322229017],[102.0625963842158,6.2353812406518045],[102.06985563802732,6.2375539055883],[102.07173382355717,6.236384402018587],[102.07332136618817,6.2318115139902375],[102.07471500509348,6.230372138263647],[102.08258541568443,6.228915832799487]]]}},{"type":"Feature","properties":{"subdistrict_code":"950302","subdistrict_th":"บาเจาะ","subdistrict_en":"Bacho","district_code":"9503","district_th":"บันนังสตา","province_code":"95","province_th":"ยะลา"},"geometry":{"type":"Polygon","coordinates":[[[101.31030703104472,6.236119629917027],[101.31015635413252,6.242319978784053],[101.31286593591426,6.247018005676466],[101.31342025913773,6.253811253286756],[101.31273248101922,6.256476852824562],[101.30883932487501,6.262542828588721],[101.3088105249858,6.265495915304314],[101.31067658675511,6.269502744855856],[101.30956798977098,6.271482105914515],[101.30490810402586,6.2734562014425705],[101.29859535069494,6.274340961666098],[101.29468087072564,6.276498149270196],[101.29131843869504,6.276697046931247],[101.29200281737616,6.273874952766903],[101.29023566304545,6.261973522660014],[101.28855085243993,6.2619509298915546],[101.28208817582873,6.264967110343889],[101.27188798784044,6.261502431691895],[101.26868470613437,6.262071076618952],[101.26383493123717,6.264706655887494],[101.26085951525448,6.263788994866275],[101.25967536442658,6.257702105367912],[101.26088300015039,6.25599015771968],[101.26435791038932,6.254257710924662],[101.2612102031884,6.25027980806675],[101.26100357495505,6.246731039206168],[101.2631306253781,6.245484627413646],[101.26663565930829,6.249326524899232],[101.26820709058484,6.247671763341259],[101.26593075809808,6.238091934894953],[101.26305336372184,6.231883511015269],[101.26417229301694,6.231284368279034],[101.26921120343434,6.231994898345931],[101.27175794497322,6.22477845316314],[101.27054942071925,6.220479795406277],[101.26550285886992,6.214391972411647],[101.26470877279166,6.206518114719245],[101.26024189055084,6.199159912100299],[101.26032757435814,6.1917008990772615],[101.264856070951,6.18280321719476],[101.26924081541137,6.162827851823977],[101.2700882339849,6.162194313616737],[101.27525573936094,6.162846001941489],[101.27699719736285,6.158416926300163],[101.28071540029555,6.155241808662595],[101.29062682496806,6.155614045252037],[101.29382024740653,6.156588431011357],[101.29647020863331,6.1560132147380955],[101.30867411222056,6.16128461159559],[101.31627967516692,6.165828229389319],[101.32075614957671,6.174187384640163],[101.32100929164557,6.176838675964177],[101.31940056458444,6.1830690801739365],[101.32104274372767,6.188524316444102],[101.32084639564471,6.191261743934376],[101.3189760998672,6.196406925439305],[101.31717673361942,6.209392621372444],[101.31437880513778,6.2160683572689095],[101.31294849457743,6.225409163901816],[101.31058571655763,6.230398357098522],[101.31030703104472,6.236119629917027]]]}},{"type":"Feature","properties":{"subdistrict_code":"960205","subdistrict_th":"บางขุนทอง","subdistrict_en":"Bang Khun Thong","district_code":"9602","district_th":"ตากใบ","province_code":"96","province_th":"นราธิวาส"},"geometry":{"type":"Polygon","coordinates":[[[102.00240912767919,6.263842131309389],[101.99657074244584,6.261908566427223],[101.9952140350997,6.262784067230939],[101.98753186160621,6.26189445606434],[101.98676363913069,6.262500971442705],[101.98817875474577,6.266059224553601],[101.98656144185713,6.2680809472779515],[101.98462067970064,6.268121369105927],[101.98211388155045,6.26529093013238],[101.98106263613181,6.2653717917748395],[101.98021353672539,6.267878732917211],[101.9785153675902,6.26844480578319],[101.97855582539108,6.264603517138653],[101.97309746127888,6.260681322784876],[101.97184405186158,6.260843053264352],[101.97192489371895,6.264401302777969],[101.96978195767127,6.26630171505218],[101.97346131169024,6.266989126247211],[101.97204616190089,6.268889545716036],[101.9682455001298,6.269617343665516],[101.96751772556263,6.267757347823419],[101.96545567364046,6.266989075885192],[101.96452574766516,6.263632995766216],[101.96052291380147,6.265937744131634],[101.957530910723,6.265452510425064],[101.95563056769657,6.2676764007453585],[101.95340679338887,6.265573785801621],[101.94980827942862,6.268565925577036],[101.94936355388495,6.263713768375737],[101.94580550581952,6.261489840283957],[101.94596725518471,6.258497678025492],[101.94511817286542,6.258376371172631],[101.94257091241775,6.260195911911865],[101.94002366456056,6.25999372363151],[101.93666774991681,6.262581517423143],[101.92971335099043,6.263632771834978],[101.92651916682615,6.266018394433388],[101.92445710501147,6.266382293408185],[101.92382034902994,6.265639673731982],[101.92571055040162,6.262720766650091],[101.93073200138082,6.260548694366776],[101.93297517856172,6.256925683773318],[101.93199767305424,6.253355669328698],[101.92599771742078,6.250692819018411],[101.92684211786951,6.247637770766573],[101.92956473172706,6.244075926662731],[101.92798277658392,6.242299812386477],[101.92883988355385,6.236910133096217],[101.92498997940407,6.233830296830774],[101.92095783393694,6.2338060753901345],[101.91765828070515,6.2325885633115945],[101.91490905141166,6.228425263415204],[101.96964568520025,6.188919912024346],[101.98934787880165,6.209533832920101],[101.99523604690609,6.216624541189674],[101.99661112200573,6.2198399007908165],[102.0024042272733,6.223151665916703],[102.00561212789745,6.226776971580023],[102.00729951955725,6.233973727005946],[102.01110215444095,6.2404486182092],[102.01565718643008,6.255318487358352],[102.01346748833396,6.255148681866217],[102.00798064539055,6.257505277946279],[102.00370541587233,6.263551546866438],[102.00240912767919,6.263842131309389]]]}},{"type":"Feature","properties":{"subdistrict_code":"960507","subdistrict_th":"กาลิซา","subdistrict_en":"Kalisa","district_code":"9605","district_th":"ระแงะ","province_code":"96","province_th":"นราธิวาส"},"geometry":{"type":"Polygon","coordinates":[[[101.66288891828901,6.261494439416879],[101.64968153497495,6.267135870424113],[101.6466295318275,6.266670637639891],[101.64343364434728,6.264645560444308],[101.63672780994051,6.257723723271283],[101.62923579359705,6.246483732838044],[101.61919247435327,6.240140702031795],[101.61934214942073,6.238570338250554],[101.61642097155067,6.234981897596526],[101.61548575756171,6.231911681379017],[101.61514331101506,6.223161548566679],[101.61141031333534,6.221501105091988],[101.61421272403805,6.21975974691486],[101.61632559485037,6.214571617386298],[101.62007368675131,6.2098826052980485],[101.62403725801312,6.2097997039932125],[101.62700744174009,6.205150686554987],[101.63072962777017,6.203350231228228],[101.63227974421488,6.200915544316956],[101.63107624807043,6.195171192196824],[101.62934520241919,6.192522908205717],[101.6299788944105,6.190337339796429],[101.62784687883044,6.187513676315177],[101.62673686811206,6.183645688597721],[101.62714524125994,6.180856321661963],[101.62892025296736,6.180765648416013],[101.63024461979342,6.178331541567445],[101.63175162183995,6.172084347914392],[101.64349319835247,6.176273776713458],[101.6553207599452,6.1877243461017315],[101.66640850594786,6.187277376749591],[101.6693530527013,6.188699415345809],[101.67206108944777,6.188313028823245],[101.67797001390505,6.200568542704104],[101.68367365011892,6.209771112746694],[101.70229615904054,6.224228380135685],[101.7062891633143,6.231301502162637],[101.71025816108533,6.234773675764586],[101.6896395421312,6.249900274378206],[101.68722477340464,6.253165495091594],[101.67557280084412,6.263303327686458],[101.67178053244567,6.264429644012921],[101.66288891828901,6.261494439416879]]]}},{"type":"Feature","properties":{"subdistrict_code":"960703","subdistrict_th":"ศรีสาคร","subdistrict_en":"Si Sakhon","district_code":"9607","district_th":"ศรีสาคร","province_code":"96","province_th":"นราธิวาส"},"geometry":{"type":"Polygon","coordinates":[[[101.49148995070072,6.252173711947307],[101.48457748266475,6.246451422894893],[101.47787955419813,6.245072519381324],[101.47108775359703,6.248471132936459],[101.45890948968128,6.259625905411269],[101.45223701742447,6.264157558624504],[101.44567794697974,6.2575863257483775],[101.44847256685551,6.251276786594474],[101.44798457762624,6.243144393598925],[101.45055266457388,6.234436576586802],[101.44894146707509,6.227221977712134],[101.44916507271,6.22443547871444],[101.45364497623473,6.214865845882116],[101.4537806758376,6.210894068306629],[101.45170112310842,6.208071366200613],[101.44634813615761,6.204233423933431],[101.4428826705988,6.199641041301049],[101.43882496909708,6.197710850675264],[101.43369683424157,6.193261580757394],[101.43240643121192,6.189546534445071],[101.4322561176258,6.183954194730347],[101.43122356641453,6.182430312409053],[101.41822093175068,6.179296249722199],[101.41402522658302,6.174892689645958],[101.41366588357374,6.160837832000368],[101.41147729524107,6.157517058365613],[101.4121740800698,6.1549537630057785],[101.41121900725142,6.151556788015398],[101.4142131228374,6.147529059118824],[101.41538746116248,6.143542881598762],[101.42337680529539,6.144274436016474],[101.4259994990777,6.143133875328147],[101.42737428369628,6.1407454621333954],[101.42799686276504,6.135147323590161],[101.43006625855105,6.128989032417962],[101.43187530689994,6.128035756445058],[101.43524183714112,6.128656262576499],[101.43773936777768,6.121597008994797],[101.43587854815655,6.114849032357029],[101.43719853078761,6.113836121439874],[101.43954211277833,6.113910784954783],[101.44098228080765,6.110529573281212],[101.43803360796471,6.104816620091015],[101.4377500211466,6.096386288896156],[101.44020531782121,6.091226169652032],[101.44467463722481,6.086678885322328],[101.44656718672633,6.082386739556455],[101.45368778576278,6.078011573775143],[101.46145467539304,6.077550331282794],[101.46576706399884,6.080250587994271],[101.46749852243892,6.080155125858425],[101.4695331171597,6.074389684636287],[101.47439853666322,6.067452749644701],[101.48675354344135,6.073043753866216],[101.4902855165634,6.073169286633345],[101.49657484435363,6.076123636896398],[101.50006177942765,6.071777537203616],[101.49953332520283,6.06620867429092],[101.50091706257246,6.06169915159461],[101.50423834612286,6.061557281743205],[101.5090525474372,6.054049415748011],[101.51411576023423,6.052707585886424],[101.51694741958778,6.06114818374175],[101.52516816467914,6.067537463083511],[101.53092078156885,6.073537611171844],[101.53631423171646,6.076438283599941],[101.5486326046111,6.075979867676779],[101.55966505309976,6.0791433966504655],[101.56471185057148,6.081982643584183],[101.5677861371206,6.08664038894284],[101.57220843277304,6.088587617224789],[101.56380552460536,6.08672483618227],[101.56226988544694,6.087987208243135],[101.56058603441801,6.092032133975863],[101.55653278456043,6.0916859120752065],[101.555253091557,6.092427406699528],[101.55292785303806,6.098798022410847],[101.55245469183063,6.10660869643425],[101.55147527256582,6.10796671409264],[101.5471528016605,6.108716423124463],[101.54091273423535,6.107786263325465],[101.53808499412725,6.109832516857239],[101.53585513590588,6.11373770143382],[101.53162729706219,6.1118348726813],[101.52944120524751,6.113657785878161],[101.52962592599573,6.121618556751059],[101.53154299821085,6.133118994446079],[101.53250171778012,6.134172997186113],[101.53799014263103,6.134803938151265],[101.53748586757877,6.142130196851156],[101.54263104998302,6.148426994410329],[101.5430575345776,6.151122684364452],[101.54226983368596,6.151776999608899],[101.5368654954463,6.150080042759839],[101.53402981162657,6.154776133411872],[101.52931588382103,6.157213810568976],[101.52504180363638,6.163405680627704],[101.52525417044365,6.165706465680898],[101.52922086595026,6.1671811290059395],[101.5304064341097,6.1686859187202],[101.52833137889007,6.173606060171608],[101.52467636142501,6.173839751703213],[101.52095744712852,6.177510885918707],[101.5221046574041,6.180922836419825],[101.52487186144731,6.183530068158177],[101.52540436711791,6.186323011697652],[101.52042474900304,6.188852942209564],[101.51766778823787,6.19246700275005],[101.51241790226442,6.194084797675316],[101.50783435457186,6.199485683417606],[101.50393676656859,6.209483015828539],[101.50399218639035,6.2118935973117],[101.50565240233658,6.213843837423212],[101.50565717773662,6.2153302539881],[101.5035357327879,6.219570861406169],[101.50003051089942,6.223395788684741],[101.50058018192993,6.226356189586511],[101.49906654828266,6.227661141848273],[101.49670356072079,6.227610220435395],[101.4927653269583,6.230443839411691],[101.49111518611699,6.233032527129467],[101.49464097819862,6.246899752921308],[101.49415055720249,6.249307852275592],[101.49148995070072,6.252173711947307]]]}},{"type":"Feature","properties":{"subdistrict_code":"960701","subdistrict_th":"ซากอ","subdistrict_en":"Sako","district_code":"9607","district_th":"ศรีสาคร","province_code":"96","province_th":"นราธิวาส"},"geometry":{"type":"Polygon","coordinates":[[[101.54094678796395,6.249319351007273],[101.53960136261287,6.2477350468349755],[101.53476416743246,6.249140760937394],[101.53240467823338,6.253245612095384],[101.53021346118237,6.253612589449517],[101.53074101068916,6.255294721873952],[101.52773485857693,6.254848557415016],[101.52268818341298,6.259064751836888],[101.52271750131172,6.260282675804888],[101.52410852768645,6.2608201331426585],[101.52315453315526,6.261992841896188],[101.50913752707527,6.2634976217179315],[101.50452789724471,6.263032734273338],[101.4999709038342,6.258207352587306],[101.49148995070072,6.252173711947307],[101.49415055720249,6.249307852275592],[101.49464097819862,6.246899752921308],[101.49137191108491,6.2354015077734175],[101.49143045155415,6.232017661086218],[101.49670356072079,6.227610220435395],[101.49906654828266,6.227661141848273],[101.50058018192993,6.226356189586511],[101.50003051089942,6.223395788684741],[101.5035357327879,6.219570861406169],[101.50565717773662,6.2153302539881],[101.50565240233658,6.213843837423212],[101.50399218639035,6.2118935973117],[101.50407678741385,6.208774577584734],[101.50783435457186,6.199485683417606],[101.51323710101144,6.193536390192321],[101.52206206191471,6.201089017244385],[101.52533057234808,6.202144981405809],[101.53457247334103,6.201690764417265],[101.54854023344507,6.195029180252504],[101.55907579391283,6.193360742704158],[101.5608098639841,6.1916538978092035],[101.5628738341602,6.184739894630468],[101.56912719356518,6.180523113850654],[101.57576790716325,6.182554318127302],[101.5833718531286,6.186872819425105],[101.5921161907097,6.1944813573288116],[101.5965618327624,6.1966725977622445],[101.60110000695983,6.200580958744297],[101.60549152601317,6.202195668994989],[101.61251739496186,6.209148994130828],[101.61614396956861,6.215279102348745],[101.61574412379235,6.216712889688154],[101.60513117666255,6.219243743803759],[101.59742097489811,6.228124030999254],[101.59376586480289,6.2303222411785555],[101.58794776557698,6.23077896367829],[101.5777020943762,6.228082361811573],[101.57419094955276,6.229042215425977],[101.56865842374731,6.2338047749704515],[101.56191307223054,6.24524397333073],[101.5568333415855,6.250083391635258],[101.54941318287217,6.248153200110153],[101.54346699860315,6.249643626752004],[101.54094678796395,6.249319351007273]]]}},{"type":"Feature","properties":{"subdistrict_code":"960705","subdistrict_th":"กาหลง","subdistrict_en":"Kalong","district_code":"9607","district_th":"ศรีสาคร","province_code":"96","province_th":"นราธิวาส"},"geometry":{"type":"Polygon","coordinates":[[[101.44567794697974,6.2575863257483775],[101.4435716978756,6.256605314683554],[101.44221328181754,6.252197005287599],[101.44078508106668,6.2515794471338495],[101.43974135308105,6.252443209086891],[101.4394968885706,6.25535889929381],[101.43798025388566,6.256562944924042],[101.43596832927506,6.256261588401628],[101.43354341439709,6.2541402612640695],[101.43035844468653,6.258159070684599],[101.42497771724788,6.256511286966372],[101.41719564256493,6.259802676152617],[101.41077287067151,6.25940909685238],[101.40362139611062,6.26299457783756],[101.40020655968505,6.263254248085104],[101.40102717396496,6.2586323811794955],[101.39780690856202,6.254759398627414],[101.39715622478002,6.249973639272071],[101.39511062415602,6.2454343103452175],[101.39702328159922,6.24259201920637],[101.40149261988853,6.241487593277839],[101.40338474131283,6.239909933296815],[101.40156904157806,6.235830832427041],[101.39756365723707,6.230569433332732],[101.39594356544325,6.224228344162782],[101.38581245078404,6.217593555298379],[101.38006216044039,6.215262652849219],[101.37132845194657,6.209003043155974],[101.37132508938146,6.207494157929091],[101.37472088805862,6.204302964010651],[101.38024342239606,6.194773458028692],[101.38341429343495,6.188528770786206],[101.38351651127806,6.186146630362771],[101.38567579070525,6.183297111372667],[101.38637273201601,6.179104014238931],[101.3858597731101,6.171568098389059],[101.38670766742496,6.168183286729345],[101.39240090028136,6.16144150821907],[101.39591483660047,6.158874031011749],[101.39826488741465,6.157941538371347],[101.40250405681684,6.158641029260139],[101.40584142744001,6.1573690731243005],[101.41147729524107,6.157517058365613],[101.41366588357374,6.160837832000368],[101.41343431624074,6.173533953429228],[101.41443465733363,6.175437658121496],[101.41822093175068,6.179296249722199],[101.43122356641453,6.182430312409053],[101.4322561176258,6.183954194730347],[101.43240643121192,6.189546534445071],[101.43369683424157,6.193261580757394],[101.43882496909708,6.197710850675264],[101.4428826705988,6.199641041301049],[101.44719262294126,6.2051022751499545],[101.45170112310842,6.208071366200613],[101.4536405569662,6.210499863078269],[101.45364497623473,6.214865845882116],[101.44916507271,6.22443547871444],[101.44894146707509,6.227221977712134],[101.45055266457388,6.234436576586802],[101.44798457762624,6.243144393598925],[101.44847256685551,6.251276786594474],[101.44567794697974,6.2575863257483775]]]}},{"type":"Feature","properties":{"subdistrict_code":"960203","subdistrict_th":"พร่อน","subdistrict_en":"Phron","district_code":"9602","district_th":"ตากใบ","province_code":"96","province_th":"นราธิวาส"},"geometry":{"type":"Polygon","coordinates":[[[102.0381537615869,6.247434988933662],[102.03170224196498,6.249572600994782],[102.02901975136052,6.252199423564605],[102.0264107884272,6.24976062135562],[102.02359932335014,6.250668337673687],[102.02007822213233,6.25043055062946],[102.01712687020893,6.254794544132949],[102.01565718643008,6.255318487358352],[102.01326388991663,6.246197698065373],[102.00729951955725,6.233973727005946],[102.00512846710512,6.225962141739501],[102.0024042272733,6.223151665916703],[101.99661112200573,6.2198399007908165],[101.99523604690609,6.216624541189674],[101.98934787880165,6.209533832920101],[101.96964568520025,6.188919912024346],[101.9987465918818,6.1681431607783],[102.02350132242816,6.152104536295383],[102.02347726826139,6.156928244343078],[102.02478126364446,6.161956715430108],[102.03001623975774,6.167273925551285],[102.04103123060685,6.187982138564905],[102.04080384961804,6.192464776927977],[102.03807910616587,6.200090830027818],[102.03921937187658,6.204778208047912],[102.04161663440021,6.206016468385371],[102.04084519594909,6.208833237663839],[102.04300319833897,6.21138529689398],[102.04374581891449,6.214159476079033],[102.04064285478398,6.221537626560291],[102.04263173336784,6.225569355641312],[102.04266368358219,6.227982322126536],[102.04172999574274,6.230051930152513],[102.03816200477274,6.232711506031251],[102.03856955773898,6.237642751411897],[102.03663349004358,6.244164490099195],[102.0381537615869,6.247434988933662]]]}},{"type":"Feature","properties":{"subdistrict_code":"960506","subdistrict_th":"บองอ","subdistrict_en":"Bo-Ngo","district_code":"9605","district_th":"ระแงะ","province_code":"96","province_th":"นราธิวาส"},"geometry":{"type":"Polygon","coordinates":[[[101.77065638238622,6.251147250045619],[101.75989885934496,6.248648352439545],[101.75308588510558,6.251901468278163],[101.74653534203247,6.252256523319943],[101.73930020803823,6.248716533641186],[101.7308856923209,6.248243543304909],[101.7256466027086,6.24998196339692],[101.72337124328828,6.2491776205508245],[101.72323176923084,6.248122841695817],[101.71385496723303,6.242460909743215],[101.71231382062638,6.236680502003594],[101.7062891633143,6.231301502162637],[101.70229615904054,6.224228380135685],[101.68367365011892,6.209771112746694],[101.67797001390505,6.200568542704104],[101.67206108944777,6.188313028823245],[101.67366162818166,6.186978841400446],[101.68279428942498,6.184958848971746],[101.69500552338627,6.1913507894074655],[101.71192564625164,6.187986073098841],[101.71310484721101,6.1847314751775],[101.71100286538996,6.17572107137039],[101.71144687237535,6.1733156951632395],[101.71308796423824,6.172444922994828],[101.71270612558726,6.170154453165537],[101.71396220509178,6.165483028219228],[101.7160205652969,6.164944195818009],[101.71877800270272,6.161065408142122],[101.71990564642851,6.161822379199464],[101.72286732706556,6.161267905789259],[101.72289265377299,6.1594283245575525],[101.72553125116639,6.157600248352821],[101.72507385507441,6.153551504098687],[101.7279777587666,6.151582579672379],[101.72850578131681,6.149950529593298],[101.7307575452246,6.149567690896276],[101.72942311138752,6.14620793974467],[101.73141497392197,6.143217780276359],[101.7335475389878,6.142427508222966],[101.7317838677314,6.141199119743646],[101.73414466634335,6.140186859935682],[101.7327027329448,6.1389777241427055],[101.73290682868725,6.13789346371243],[101.73528791780325,6.136879973631949],[101.73528214595433,6.138375356437621],[101.7374124968893,6.138013604144589],[101.73829799905349,6.135838974189369],[101.73988225825968,6.13608105819435],[101.74219691085881,6.1340541409858815],[101.74200566103247,6.1319073360547804],[101.74437599785409,6.13202076124918],[101.74439682885065,6.130062164637252],[101.74338508255556,6.1292797877320595],[101.74491036512131,6.1288619618101166],[101.74481327071595,6.125762213655264],[101.74595238799236,6.125523983245273],[101.74778118455407,6.12278288022577],[101.74826305659485,6.113620040432579],[101.75201385635444,6.105964206283147],[101.75411813144666,6.104477731262364],[101.75544304056393,6.100417703214475],[101.75550567474716,6.094341185597273],[101.75369092919311,6.088534041912567],[101.75116129365881,6.085587622770618],[101.75258136273976,6.080927353914319],[101.76445832858906,6.078869734750526],[101.77227222668199,6.0763284296133975],[101.77437980768207,6.077282767685631],[101.77634636059611,6.080494539891163],[101.78284165741661,6.0836016453996535],[101.78399216730475,6.085493245217151],[101.78623463312186,6.086721561750721],[101.7901978554467,6.08701959527815],[101.79276101770688,6.08610868366884],[101.79702209459407,6.089349091187671],[101.80066414023793,6.086896189407639],[101.80156419343285,6.088348528861559],[101.8066689306267,6.090535172859973],[101.80609560382914,6.09670050122719],[101.80795394941532,6.097770582046792],[101.8050647892087,6.108837428704419],[101.8054089363734,6.111326097421511],[101.80406757865592,6.114093505610867],[101.80445774233101,6.117181680390274],[101.80597815956446,6.1178624249110385],[101.80263571226834,6.1290426625888585],[101.80306268429553,6.145419909701104],[101.80064285598309,6.150630959351361],[101.79619309233738,6.156432076679039],[101.79201879732972,6.165183634916843],[101.79138271943702,6.169144642211506],[101.7936511648694,6.17562325211145],[101.79119434204529,6.17778158455252],[101.7891647880246,6.183733839245349],[101.78486546476944,6.188253414563462],[101.7818817201653,6.19573436924577],[101.78280201799879,6.210993339071365],[101.7845699727261,6.217422626553002],[101.78091109537081,6.222289630661976],[101.76907269155151,6.232869119414374],[101.76559035920775,6.243249393045119],[101.76569573457056,6.245261882429986],[101.77065638238622,6.251147250045619]]]}},{"type":"Feature","properties":{"subdistrict_code":"960206","subdistrict_th":"เกาะสะท้อน","subdistrict_en":"Ko Sathon","district_code":"9602","district_th":"ตากใบ","province_code":"96","province_th":"นราธิวาส"},"geometry":{"type":"Polygon","coordinates":[[[102.08258541568443,6.228915832799487],[102.07471500509348,6.230372138263647],[102.07332136618817,6.2318115139902375],[102.07173382355717,6.236384402018587],[102.06985563802732,6.2375539055883],[102.0625963842158,6.2353812406518045],[102.0602040427824,6.237306322229017],[102.05741840443585,6.243604284410253],[102.05598583387916,6.244669546662294],[102.04896894106383,6.242868510373512],[102.04541900758119,6.240841791015896],[102.04393318996483,6.241437016305326],[102.04042447241153,6.24679514468022],[102.0381537615869,6.247434988933662],[102.03699519557188,6.245736546404544],[102.03666765079151,6.2435324888333525],[102.03856955773898,6.237642751411897],[102.03816200477274,6.232711506031251],[102.04172999574274,6.230051930152513],[102.04277708269626,6.227393342628716],[102.04064285478398,6.221537626560291],[102.04374581891449,6.214159476079033],[102.04300319833897,6.21138529689398],[102.04084519594909,6.208833237663839],[102.04126177271269,6.2064114776076735],[102.04792515821953,6.201671079157052],[102.05447025140103,6.201397367794357],[102.05815158572716,6.199167393560401],[102.06258486210174,6.200350600999457],[102.06338968518588,6.199038330954238],[102.06270339274744,6.1955694326832145],[102.06359447970152,6.194639467137733],[102.06514448103303,6.195074848725312],[102.0670636225882,6.197982731018271],[102.06876761123635,6.198216491797723],[102.06976059677419,6.192079203392552],[102.07102345356958,6.192615882816767],[102.07352207598308,6.197974672193425],[102.07706484906362,6.198243750248935],[102.0793652069388,6.201794100117695],[102.07848773392186,6.21001573104121],[102.07909117541749,6.217156579212826],[102.0807491475552,6.220813940311132],[102.0799472346772,6.225715329099216],[102.08258541568443,6.228915832799487]]]}},{"type":"Feature","properties":{"subdistrict_code":"950306","subdistrict_th":"เขื่อนบางลาง","subdistrict_en":"Khuean Bang Lang","district_code":"9503","district_th":"บันนังสตา","province_code":"95","province_th":"ยะลา"},"geometry":{"type":"Polygon","coordinates":[[[101.38351651127806,6.186146630362771],[101.37108748130225,6.1847430692372996],[101.36273927619669,6.181629683762935],[101.35627420019426,6.1831113725918385],[101.35505602261742,6.183993538271238],[101.35043197485584,6.1942375214445065],[101.34751022501695,6.206115105128049],[101.34805813157755,6.213582166184096],[101.34679967876224,6.2194025685737415],[101.34688766393458,6.226126813901374],[101.34275670725629,6.226430172314622],[101.33711844635928,6.228774784928419],[101.32931925398043,6.234740539344443],[101.32181438992222,6.232727133550441],[101.31807991915298,6.2329596811443935],[101.31030703104472,6.236119629917027],[101.31058571655763,6.230398357098522],[101.31294849457743,6.225409163901816],[101.31437880513778,6.2160683572689095],[101.31717673361942,6.209392621372444],[101.3189760998672,6.196406925439305],[101.32108683478964,6.18957265255591],[101.31940056458444,6.1830690801739365],[101.32108368356518,6.175515262419481],[101.31627967516692,6.165828229389319],[101.30867411222056,6.16128461159559],[101.29647020863331,6.1560132147380955],[101.29382024740653,6.156588431011357],[101.28183358135476,6.154968675563964],[101.27699719736285,6.158416926300163],[101.27525573936094,6.162846001941489],[101.26971365466147,6.16231652788548],[101.264856070951,6.18280321719476],[101.2625192050973,6.188424945854592],[101.26064243599967,6.190473022312176],[101.26004910468248,6.19365403410643],[101.26024189055084,6.199159912100299],[101.26470877279166,6.206518114719245],[101.26481362205107,6.208464524618137],[101.2537583478695,6.212324100077183],[101.24885986928757,6.20927999927261],[101.24766985308133,6.207557946841803],[101.24937527434952,6.197957555396897],[101.24860377294584,6.194539947260807],[101.24426998227392,6.193088249922823],[101.24217584793712,6.1934168756882855],[101.240066253355,6.19530205614501],[101.23756638897771,6.195272305672404],[101.23582512433006,6.193736896740461],[101.23635950238918,6.191669669219891],[101.23979776255675,6.18852296836036],[101.23862007605572,6.181254488403965],[101.24124080481937,6.170844588407078],[101.24109331060788,6.167850296553979],[101.23627918843385,6.160693106801489],[101.22941300940295,6.158611101621091],[101.22443361881653,6.15101768042166],[101.22624397118238,6.14967001216138],[101.2341640684171,6.148407004279875],[101.23906583492038,6.141069530134757],[101.24418306729478,6.139657697944472],[101.2489076079998,6.136009634936727],[101.25194984990571,6.130039829074917],[101.251940104852,6.122867037883566],[101.25597927492367,6.1201046173342775],[101.2571794705562,6.120351546886411],[101.25812646836187,6.123409394727844],[101.26350137179094,6.125345475013717],[101.26202025133358,6.131373958041763],[101.26611889806873,6.131677820974687],[101.26958532320418,6.134644448782353],[101.27759482743937,6.135044749615531],[101.29450322224596,6.130881911071413],[101.2979236821323,6.133156619382532],[101.29631326794305,6.12913975969218],[101.30104919856171,6.123675602147387],[101.30469978236914,6.121271334804305],[101.30907185897917,6.1216739918612575],[101.31255371018563,6.125196683080503],[101.3271633011455,6.12541676966822],[101.33513130256762,6.127817901075332],[101.33732327325055,6.131912035012476],[101.33663274320662,6.134277039753613],[101.3395989042661,6.134601356867165],[101.34270366434271,6.13934846965617],[101.3504467201401,6.144802803906316],[101.35311067841513,6.145793270443107],[101.35895213303456,6.144545025832315],[101.36133686440485,6.144933336904046],[101.36395686291894,6.146705788241604],[101.37208853555751,6.148733983386649],[101.37974876199581,6.155291376595812],[101.3845465039181,6.15568743802487],[101.38903602029615,6.158600957268391],[101.39396441482592,6.160063451866847],[101.38670766742496,6.168183286729345],[101.38581283659317,6.1725580379231815],[101.38606967487567,6.182139528316611],[101.38351651127806,6.186146630362771]]]}},{"type":"Feature","properties":{"subdistrict_code":"961302","subdistrict_th":"บูกิต","subdistrict_en":"Bukit","district_code":"9613","district_th":"เจาะไอร้อง","province_code":"96","province_th":"นราธิวาส"},"geometry":{"type":"Polygon","coordinates":[[[101.87513520112867,6.195593805209967],[101.87352122202685,6.20232978758969],[101.86590930357158,6.217146416873675],[101.86287035678163,6.220952603180137],[101.85563761768196,6.22655015626475],[101.8532129339298,6.227301344681337],[101.847946663208,6.22715699899635],[101.83712683873267,6.221823970699745],[101.8344745041951,6.2222239154014005],[101.83376370343223,6.223318196977232],[101.81371151887157,6.222362643021597],[101.8064020756953,6.2156852253928605],[101.80070026240725,6.214295734160828],[101.79863490637587,6.212592143912332],[101.79355066113419,6.202351013388579],[101.78374011791215,6.1903799164000475],[101.78599675074952,6.186400217596031],[101.7891647880246,6.183733839245349],[101.79119434204529,6.17778158455252],[101.7936511648694,6.17562325211145],[101.79138271943702,6.169144642211506],[101.79201879732972,6.165183634916843],[101.79619309233738,6.156432076679039],[101.80256924157732,6.147195190305808],[101.80321122441853,6.143183922599974],[101.80263571226834,6.1290426625888585],[101.80432581178684,6.1231493215839805],[101.80740697365297,6.127252344420185],[101.82020915572804,6.132553972887592],[101.82486701260262,6.13699806720706],[101.8404683965993,6.14408284444778],[101.84333663857507,6.146269974080099],[101.84693826868619,6.145782654845675],[101.85081954658489,6.148227484311008],[101.8550506922357,6.156066170417489],[101.86129364558536,6.159446891960556],[101.8616397946409,6.174083869075332],[101.86045787503099,6.177056613172226],[101.85705751409307,6.179257478150134],[101.85796054404392,6.183364803343068],[101.85653984633689,6.189474085960342],[101.86752538618771,6.189066425075509],[101.87377355740381,6.1952634986116095],[101.87513520112867,6.195593805209967]]]}},{"type":"Feature","properties":{"subdistrict_code":"960706","subdistrict_th":"ศรีบรรพต","subdistrict_en":"Si Banphot","district_code":"9607","district_th":"ศรีสาคร","province_code":"96","province_th":"นราธิวาส"},"geometry":{"type":"Polygon","coordinates":[[[101.62714524125994,6.180856321661963],[101.62695342576006,6.185100137861127],[101.6299788944105,6.190337339796429],[101.62934520241919,6.192522908205717],[101.63107624807043,6.195171192196824],[101.63227974421488,6.200915544316956],[101.63072962777017,6.203350231228228],[101.62700744174009,6.205150686554987],[101.62403725801312,6.2097997039932125],[101.62007368675131,6.2098826052980485],[101.61614396956861,6.215279102348745],[101.61251739496186,6.209148994130828],[101.60549152601317,6.202195668994989],[101.60110000695983,6.200580958744297],[101.5965618327624,6.1966725977622445],[101.5921161907097,6.1944813573288116],[101.5833718531286,6.186872819425105],[101.57576790716325,6.182554318127302],[101.56912719356518,6.180523113850654],[101.5628738341602,6.184739894630468],[101.5608098639841,6.1916538978092035],[101.55781935108223,6.194045177143266],[101.54854023344507,6.195029180252504],[101.53457247334103,6.201690764417265],[101.52533057234808,6.202144981405809],[101.52206206191471,6.201089017244385],[101.51367235489533,6.193435478164815],[101.51766778823787,6.19246700275005],[101.52042474900304,6.188852942209564],[101.52540436711791,6.186323011697652],[101.52487186144731,6.183530068158177],[101.5221046574041,6.180922836419825],[101.52095744712852,6.177510885918707],[101.52467636142501,6.173839751703213],[101.52833137889007,6.173606060171608],[101.5304064341097,6.1686859187202],[101.52922086595026,6.1671811290059395],[101.52525417044365,6.165706465680898],[101.52504180363638,6.163405680627704],[101.52931588382103,6.157213810568976],[101.53402981162657,6.154776133411872],[101.5368654954463,6.150080042759839],[101.54226983368596,6.151776999608899],[101.54314408263338,6.150690162620947],[101.54263104998302,6.148426994410329],[101.53797052841719,6.143654126836509],[101.53724410822906,6.140296704929028],[101.53799014263103,6.134803938151265],[101.53250171778012,6.134172997186113],[101.53154299821085,6.133118994446079],[101.52949586064551,6.1203618009564025],[101.52913909239527,6.114816598307414],[101.53017449985333,6.112386798312116],[101.53162729706219,6.1118348726813],[101.53585513590588,6.11373770143382],[101.53808499412725,6.109832516857239],[101.54091273423535,6.107786263325465],[101.5471528016605,6.108716423124463],[101.55180440375028,6.107757289867095],[101.55452888190246,6.093454338047309],[101.5561382142073,6.091777594360565],[101.56058603441801,6.092032133975863],[101.56226988544694,6.087987208243135],[101.56380552460536,6.08672483618227],[101.57475604035903,6.089347765586979],[101.57803111944065,6.0892281944256865],[101.58870275272989,6.09523715227283],[101.5933861449547,6.095326471139799],[101.5973892890845,6.096999974569201],[101.60172014526853,6.102620545801585],[101.60368534740093,6.115889478716497],[101.61119905898943,6.129273690328603],[101.60665137626006,6.1405544209497975],[101.61078819202152,6.153932901182486],[101.6172314981352,6.16344675266555],[101.61817425833539,6.167766920407075],[101.6204141529908,6.171674593407829],[101.6227524658537,6.174816433431715],[101.62617295271963,6.1770989118853095],[101.62714524125994,6.180856321661963]]]}},{"type":"Feature","properties":{"subdistrict_code":"960208","subdistrict_th":"โฆษิต","subdistrict_en":"Khosit","district_code":"9602","district_th":"ตากใบ","province_code":"96","province_th":"นราธิวาส"},"geometry":{"type":"Polygon","coordinates":[[[102.07706484906362,6.198243750248935],[102.07352207598308,6.197974672193425],[102.07102345356958,6.192615882816767],[102.06976059677419,6.192079203392552],[102.06843728485285,6.198360964287133],[102.06359447970152,6.194639467137733],[102.06270339274744,6.1955694326832145],[102.06338968518588,6.199038330954238],[102.06258486210174,6.200350600999457],[102.05780481344146,6.199200449041541],[102.05447025140103,6.201397367794357],[102.04792515821953,6.201671079157052],[102.04161663440021,6.206016468385371],[102.03921937187658,6.204778208047912],[102.03802521968822,6.19954741468149],[102.04080384961804,6.192464776927977],[102.04103123060685,6.187982138564905],[102.03001623975774,6.167273925551285],[102.02478126364446,6.161956715430108],[102.02347726826139,6.156928244343078],[102.02350132242816,6.152104536295383],[102.02822295562498,6.149683784379192],[102.04916463444039,6.144577998575812],[102.0493606317878,6.151155711067247],[102.05164293217564,6.1511330724333675],[102.0514957410357,6.152920334705755],[102.05382349855569,6.154534785052363],[102.05139545763433,6.155578707291568],[102.05238984611458,6.1594671186126675],[102.0567929493352,6.1569859574360635],[102.05890278943224,6.159255709583363],[102.06155875992891,6.159416624377741],[102.0635103382316,6.1622923666994325],[102.06431190756854,6.161079229822633],[102.06650176574396,6.162475219555802],[102.0664817864054,6.163874650994387],[102.06867083159364,6.164161850389121],[102.06884454733807,6.169402587559432],[102.07169043126845,6.169915486210755],[102.07597160260741,6.173093714603283],[102.07820674344651,6.173299003746081],[102.08011077369332,6.180339187203799],[102.07954364232529,6.18498794833522],[102.07694318517991,6.190974456406082],[102.07771955641243,6.194108249296335],[102.07706484906362,6.198243750248935]]]}},{"type":"Feature","properties":{"subdistrict_code":"950401","subdistrict_th":"ธารโต","subdistrict_en":"Than To","district_code":"9504","district_th":"ธารโต","province_code":"95","province_th":"ยะลา"},"geometry":{"type":"Polygon","coordinates":[[[101.18357883019894,6.199328371307331],[101.1798168006049,6.200177888898509],[101.16378334542509,6.196940736925512],[101.16080644466177,6.195951719196557],[101.15449202218912,6.189728593200073],[101.14830396165854,6.190581846575014],[101.143506749437,6.188571236773214],[101.13537073756953,6.188292669970792],[101.13647208781668,6.185189189629455],[101.13646180137107,6.180375348043924],[101.14074587931896,6.1773500115938305],[101.15620278363161,6.177266790130318],[101.16382839876167,6.180278805822297],[101.16735310176432,6.1761823354464696],[101.16972835697817,6.175689580709616],[101.17275976205343,6.172329605626828],[101.17007957101544,6.165300100719094],[101.17126445569016,6.160010854117672],[101.16758406025622,6.157292357356482],[101.16212245318872,6.157735438040106],[101.15340808821276,6.150618853577271],[101.15058002344938,6.146019801572606],[101.15691118140597,6.144943956998077],[101.160602934378,6.142954936321303],[101.16414573174018,6.145184795441992],[101.16583083642405,6.141847863687985],[101.16780906703485,6.140646573580568],[101.17428118832623,6.142633397213558],[101.17727697755055,6.140687796704526],[101.18217694181249,6.1397548058396865],[101.18408973685194,6.137471210428089],[101.18618256717178,6.136706708447889],[101.18805893697044,6.137263469733398],[101.19004754036177,6.140697828641919],[101.19229394520949,6.142426538753796],[101.1978458442104,6.143422994775449],[101.20372934663209,6.146262698564726],[101.20735620092802,6.143386653171547],[101.21090540416111,6.135788790220545],[101.21551674899882,6.136231321418393],[101.2187166375628,6.138111885655064],[101.22565737668663,6.1375542529264635],[101.22983143787064,6.140080970160682],[101.23787324035783,6.140561524694647],[101.23866460598686,6.14150171912911],[101.2341640684171,6.148407004279875],[101.22624397118238,6.14967001216138],[101.22453037777478,6.150733941618171],[101.227592358001,6.154916415060541],[101.2264260353333,6.1576077460007355],[101.22226011301387,6.160471473379857],[101.220755637163,6.162624095125921],[101.22016383918987,6.174786040843173],[101.2160588810126,6.178228627649105],[101.21636181314722,6.18224607099944],[101.21445729366923,6.182969839986185],[101.20832370057838,6.181336005652213],[101.2062904773237,6.179886223870199],[101.20373163990331,6.180470861441165],[101.20094557797609,6.177300398694513],[101.19913301507665,6.177194897426602],[101.19468907184324,6.183088000111184],[101.1906025362781,6.186273888928895],[101.1921714818285,6.191090163180547],[101.19168829767688,6.193980950260709],[101.18654215030006,6.198433612421297],[101.18357883019894,6.199328371307331]]]}},{"type":"Feature","properties":{"subdistrict_code":"961202","subdistrict_th":"ดุซงญอ","subdistrict_en":"Dusongyo","district_code":"9612","district_th":"จะแนะ","province_code":"96","province_th":"นราธิวาส"},"geometry":{"type":"Polygon","coordinates":[[[101.71102947363136,6.175460574645854],[101.71310484721101,6.1847314751775],[101.71192564625164,6.187986073098841],[101.69500552338627,6.1913507894074655],[101.68279428942498,6.184958848971746],[101.67366162818166,6.186978841400446],[101.67027149433403,6.188750145203073],[101.66692725558846,6.1873007519282055],[101.6553207599452,6.1877243461017315],[101.64349319835247,6.176273776713458],[101.63230395396437,6.172051963327476],[101.6315313625824,6.172394104104683],[101.62936906233244,6.180109942819627],[101.62714524125994,6.180856321661963],[101.62617295271963,6.1770989118853095],[101.6227524658537,6.174816433431715],[101.6187422449587,6.16885365757031],[101.6172314981352,6.16344675266555],[101.61193418641363,6.156324388259975],[101.60774869844374,6.14536530286648],[101.60678664059105,6.139010669007234],[101.61059587919652,6.13218771139384],[101.61119905898943,6.129273690328603],[101.60368534740093,6.115889478716497],[101.60263631701247,6.105029043555589],[101.60122044956415,6.101621526712108],[101.5957493924206,6.096040329597599],[101.58870275272989,6.09523715227283],[101.57803111944065,6.0892281944256865],[101.57271109174354,6.088678087223968],[101.57661153599366,6.08653562691768],[101.58578429440973,6.073046495899121],[101.6000244168934,6.069396100050028],[101.62953025681594,6.066579146410504],[101.64731136182996,6.07073530479056],[101.65373679301865,6.08363100916381],[101.65329782223677,6.085933039778013],[101.65058472140782,6.0901462466520115],[101.64845744615428,6.0981887730934545],[101.65751648259965,6.114647595909844],[101.66190321006513,6.128568463563795],[101.67329913844452,6.1405107525692415],[101.67842458702512,6.144122925432725],[101.69284313410344,6.150032113391376],[101.69729850682069,6.150425312278401],[101.7005712395711,6.148494736742748],[101.70269484559071,6.153001097422759],[101.70119492930263,6.153916851881263],[101.70131099670522,6.15614347074461],[101.70405221034127,6.1569544433929195],[101.7032082280773,6.159560087827856],[101.70467738035688,6.165743727291215],[101.70293363807701,6.168269650424065],[101.70494161286518,6.169777717267891],[101.70561532378821,6.171932023444185],[101.70811694544074,6.171995263770441],[101.70995675240226,6.176410344162093],[101.71102947363136,6.175460574645854]]]}},{"type":"Feature","properties":{"subdistrict_code":"950404","subdistrict_th":"คีรีเขต","subdistrict_en":"Khiri Khet","district_code":"9504","district_th":"ธารโต","province_code":"95","province_th":"ยะลา"},"geometry":{"type":"Polygon","coordinates":[[[101.15058002344938,6.146019801572606],[101.15340808821276,6.150618853577271],[101.16212245318872,6.157735438040106],[101.16758406025622,6.157292357356482],[101.17126445569016,6.160010854117672],[101.17007957101544,6.165300100719094],[101.17275976205343,6.172329605626828],[101.16972835697817,6.175689580709616],[101.16735310176432,6.1761823354464696],[101.16382839876167,6.180278805822297],[101.15620278363161,6.177266790130318],[101.14074587931896,6.1773500115938305],[101.13646180137107,6.180375348043924],[101.13647208781668,6.185189189629455],[101.13537073756953,6.188292669970792],[101.12933493585865,6.182751164434762],[101.12668506096685,6.181459681319268],[101.12354442603447,6.181557122862955],[101.11768002701172,6.185713158035867],[101.11180597916268,6.182902573395097],[101.10807919759696,6.179741956426199],[101.10312370559461,6.178515139961803],[101.096332367245,6.179825686006666],[101.09230436495454,6.176349691185351],[101.08577950292181,6.178826121028692],[101.08428685315579,6.174874793137235],[101.07490163170502,6.170846628069455],[101.07523402742851,6.1609369336925965],[101.06725228886211,6.156687789010277],[101.06356216006571,6.1515105169968365],[101.06069829509033,6.150800019305507],[101.06092865373444,6.148606786873756],[101.05834999255819,6.142484365161351],[101.06044559998452,6.140438206957754],[101.06339584664107,6.141385990770914],[101.06500602610726,6.140172012128687],[101.07026132240219,6.140184479430218],[101.07488971209062,6.13560674135806],[101.07744696940216,6.13588612384558],[101.08210960257617,6.133906231287597],[101.08909329422022,6.134196021629123],[101.09310004643004,6.131102682043206],[101.09521285878645,6.128165899137002],[101.09952205030243,6.127154035030742],[101.1016645708633,6.123960042422084],[101.10518425474964,6.123887765707877],[101.10766939542634,6.118104901919764],[101.10591028912859,6.1134537611822],[101.10962825194235,6.11390602933983],[101.11410680108804,6.113045122734263],[101.11794335570136,6.114988525300248],[101.11975372695298,6.113219290837662],[101.12636959498087,6.117355716293332],[101.13014103418146,6.120942732421213],[101.13321200582948,6.125956882704031],[101.1422503515725,6.128421023311603],[101.14664249925198,6.130775920572319],[101.14783344355862,6.133139091595865],[101.14772658071718,6.138172033212811],[101.15058002344938,6.146019801572606]]]}},{"type":"Feature","properties":{"subdistrict_code":"961203","subdistrict_th":"ผดุงมาตร","subdistrict_en":"Phadung Mat","district_code":"9612","district_th":"จะแนะ","province_code":"96","province_th":"นราธิวาส"},"geometry":{"type":"Polygon","coordinates":[[[101.71102947363136,6.175460574645854],[101.70995675240226,6.176410344162093],[101.70811694544074,6.171995263770441],[101.70561532378821,6.171932023444185],[101.70494161286518,6.169777717267891],[101.70293363807701,6.168269650424065],[101.70467738035688,6.165743727291215],[101.7032082280773,6.159560087827856],[101.70405221034127,6.1569544433929195],[101.70131099670522,6.15614347074461],[101.70119492930263,6.153916851881263],[101.70269484559071,6.153001097422759],[101.7005712395711,6.148494736742748],[101.70640268473619,6.1455029755819055],[101.71280901792193,6.140277970252157],[101.71877806205799,6.131185350423607],[101.72196401922417,6.123309269607148],[101.72598406521251,6.118700116417301],[101.72847369980144,6.1112816763083515],[101.72970024916725,6.101794147082273],[101.73399757502813,6.093591154608134],[101.73556049781877,6.085575997234514],[101.73952611144097,6.0830901299055995],[101.74446582034142,6.084230143806167],[101.75207236984403,6.082351440266791],[101.75116129365881,6.085587622770618],[101.75369092919311,6.088534041912567],[101.75550567474716,6.094341185597273],[101.75544304056393,6.100417703214475],[101.75411813144666,6.104477731262364],[101.75201385635444,6.105964206283147],[101.74826305659485,6.113620040432579],[101.74778118455407,6.12278288022577],[101.74595238799236,6.125523983245273],[101.74481327071595,6.125762213655264],[101.74491036512131,6.1288619618101166],[101.74338508255556,6.1292797877320595],[101.74439682885065,6.130062164637252],[101.74437599785409,6.13202076124918],[101.74200566103247,6.1319073360547804],[101.74219691085881,6.1340541409858815],[101.73988225825968,6.13608105819435],[101.73829799905349,6.135838974189369],[101.7374124968893,6.138013604144589],[101.73528214595433,6.138375356437621],[101.73528791780325,6.136879973631949],[101.73290682868725,6.13789346371243],[101.7327027329448,6.1389777241427055],[101.73414466634335,6.140186859935682],[101.7317838677314,6.141199119743646],[101.7335475389878,6.142427508222966],[101.73141497392197,6.143217780276359],[101.72942311138752,6.14620793974467],[101.7307575452246,6.149567690896276],[101.72850578131681,6.149950529593298],[101.7279777587666,6.151582579672379],[101.72507385507441,6.153551504098687],[101.72579786957607,6.157101326065401],[101.72289265377299,6.1594283245575525],[101.72312175516493,6.161088704180429],[101.72042914269082,6.161845122154716],[101.71877800270272,6.161065408142122],[101.7160205652969,6.164944195818009],[101.71417093683931,6.165138581580322],[101.71270612558726,6.170154453165537],[101.71308796423824,6.172444922994828],[101.71144687237535,6.1733156951632395],[101.71102947363136,6.175460574645854]]]}},{"type":"Feature","properties":{"subdistrict_code":"960207","subdistrict_th":"นานาค","subdistrict_en":"Na Nak","district_code":"9602","district_th":"ตากใบ","province_code":"96","province_th":"นราธิวาส"},"geometry":{"type":"Polygon","coordinates":[[[102.07820674344651,6.173299003746081],[102.07597160260741,6.173093714603283],[102.07169043126845,6.169915486210755],[102.06884454733807,6.169402587559432],[102.06867083159364,6.164161850389121],[102.0664817864054,6.163874650994387],[102.06650176574396,6.162475219555802],[102.06431190756854,6.161079229822633],[102.0635103382316,6.1622923666994325],[102.06155875992891,6.159416624377741],[102.05890278943224,6.159255709583363],[102.0567929493352,6.1569859574360635],[102.05238984611458,6.1594671186126675],[102.05139545763433,6.155578707291568],[102.05382349855569,6.154534785052363],[102.0514957410357,6.152920334705755],[102.05164293217564,6.1511330724333675],[102.0493606317878,6.151155711067247],[102.04916463444039,6.144577998575812],[102.0502150380936,6.1432948593703145],[102.04917146659,6.1391385094347015],[102.0540188780688,6.134986967274756],[102.05535748206222,6.132212756613455],[102.05777309705087,6.120152545803421],[102.06322125026054,6.105031331430837],[102.06450487420062,6.1069573581955865],[102.0659324418288,6.10667016689473],[102.06701453759092,6.1097303448795515],[102.06987397700249,6.109302200136483],[102.06969183011392,6.110759852785009],[102.07139937018485,6.112212688664727],[102.07141084643348,6.115014161374518],[102.07379120979658,6.115818078841301],[102.07263423288362,6.11822537240306],[102.07497878074622,6.118040683131085],[102.07387820031875,6.120165263116462],[102.07655084244749,6.120840446229636],[102.07860180033288,6.123094400885918],[102.07809749200572,6.124304491758949],[102.07886165224352,6.125612459447495],[102.07715867173539,6.127519371122105],[102.07931349232388,6.1277019757656035],[102.07981075626145,6.129578125230353],[102.08144695491308,6.129559308715159],[102.08228682187939,6.136471866683337],[102.08510866243489,6.136755066792944],[102.08590988463351,6.138272638571436],[102.08826122957214,6.138615947567985],[102.08688742521457,6.1408635512119645],[102.0889922399,6.142364778711624],[102.09255666505811,6.147530471054438],[102.09246805125963,6.14913215192729],[102.08995836988294,6.150741075939948],[102.09094687230038,6.154288869935442],[102.0884784976846,6.159193067306262],[102.08751683823158,6.159462391776003],[102.08553479629387,6.157746125583287],[102.08452860960773,6.158364245813345],[102.0834631072367,6.1618506421934285],[102.08522369741576,6.165410832444024],[102.08238834724449,6.168714302223293],[102.08226744958318,6.1714652222422615],[102.07865185030272,6.170549771754622],[102.07820674344651,6.173299003746081]]]}},{"type":"Feature","properties":{"subdistrict_code":"961004","subdistrict_th":"ปูโยะ","subdistrict_en":"Puyo","district_code":"9610","district_th":"สุไหงโก-ลก","province_code":"96","province_th":"นราธิวาส"},"geometry":{"type":"Polygon","coordinates":[[[102.02350132242816,6.152104536295383],[102.00804214462931,6.162111860174264],[101.99299044605232,6.134882212444211],[101.96824780509218,6.100110967846945],[101.94068938500715,6.077253214164557],[101.94134551058693,6.07643709019959],[101.9522257407254,6.068358462273238],[101.95696165785427,6.066786005769586],[101.9620302414026,6.0667458708253434],[101.9668815559391,6.068238781394712],[101.9821026607093,6.075757496811093],[101.99807672556051,6.085858560624104],[101.99891082697314,6.083691931937153],[102.0024434925732,6.081059541664558],[102.00677187742025,6.081447827555223],[102.00716170205095,6.084002311357608],[102.00860786855833,6.083247245064342],[102.01067649992058,6.083990339582556],[102.01633598841522,6.074966203127815],[102.02099631123082,6.082360480252021],[102.02374440737856,6.083367064438505],[102.02853417501223,6.098516664112822],[102.0308019099802,6.099949331796267],[102.03100087059374,6.107244792313338],[102.03802419356174,6.121321683349038],[102.03730416665405,6.124572302669662],[102.03788957584334,6.128638736588471],[102.04061940586098,6.135730617573984],[102.04581022256377,6.145140280799353],[102.02822295562498,6.149683784379192],[102.02350132242816,6.152104536295383]]]}},{"type":"Feature","properties":{"subdistrict_code":"961103","subdistrict_th":"โต๊ะเด็ง","subdistrict_en":"Todeng","district_code":"9611","district_th":"สุไหงปาดี","province_code":"96","province_th":"นราธิวาส"},"geometry":{"type":"Polygon","coordinates":[[[101.89342105064105,6.132131851803592],[101.86124567484808,6.15919589027817],[101.8550506922357,6.156066170417489],[101.85047522225375,6.1478811796727655],[101.84693826868619,6.145782654845675],[101.84333663857507,6.146269974080099],[101.8404683965993,6.14408284444778],[101.82486701260262,6.13699806720706],[101.82072807623979,6.132846025923413],[101.80780888966859,6.127505496381616],[101.80510711220353,6.124528826743983],[101.80432581178684,6.1231493215839805],[101.80597815956446,6.1178624249110385],[101.80445774233101,6.117181680390274],[101.80403310584325,6.1146239698204],[101.80795394941532,6.097770582046792],[101.80609560382914,6.09670050122719],[101.80673063940753,6.0918794758571835],[101.83380463697449,6.083906904080379],[101.8485651557574,6.080586081882245],[101.8597170539989,6.075761600417593],[101.86668737092549,6.0851094613326495],[101.88350862772103,6.10133893544355],[101.89342105064105,6.132131851803592]]]}},{"type":"Feature","properties":{"subdistrict_code":"950403","subdistrict_th":"แม่หวาด","subdistrict_en":"Mae Wat","district_code":"9504","district_th":"ธารโต","province_code":"95","province_th":"ยะลา"},"geometry":{"type":"Polygon","coordinates":[[[101.41147729524107,6.157517058365613],[101.40584142744001,6.1573690731243005],[101.40250405681684,6.158641029260139],[101.39826488741465,6.157941538371347],[101.39396441482592,6.160063451866847],[101.39052200788444,6.159195367772043],[101.3845465039181,6.15568743802487],[101.38065303301113,6.15555624492481],[101.37815097338876,6.154430219978735],[101.37208853555751,6.148733983386649],[101.36395686291894,6.146705788241604],[101.35972293386635,6.144497561413402],[101.35220559621138,6.14559726769977],[101.34701321828544,6.142858707963057],[101.34234079958827,6.138975508213207],[101.3395989042661,6.134601356867165],[101.33663274320662,6.134277039753613],[101.33732327325055,6.131912035012476],[101.33513130256762,6.127817901075332],[101.3271633011455,6.12541676966822],[101.31255371018563,6.125196683080503],[101.30844535257103,6.12150669188037],[101.3039159764412,6.1214453140500495],[101.30104919856171,6.123675602147387],[101.29619477686754,6.129413138305722],[101.2979236821323,6.133156619382532],[101.29450322224596,6.130881911071413],[101.27759482743937,6.135044749615531],[101.26901226710248,6.13447908414247],[101.26652008293553,6.13204561041664],[101.27222765728061,6.129340700612886],[101.2746721387083,6.126908917612525],[101.27788754057758,6.120860952570979],[101.2782430335892,6.115638666791085],[101.27945187440451,6.112799147362807],[101.2865277465583,6.105006045192852],[101.28751044385194,6.094765454262358],[101.2812593066717,6.0851916278913905],[101.27457511085277,6.084113074558786],[101.26313036457475,6.085101830585074],[101.2601888287515,6.084460488960474],[101.24290290214725,6.071563635253597],[101.2408516357944,6.0676800344061235],[101.23557714436976,6.065025553186786],[101.22971622572328,6.064005632953638],[101.22167532525611,6.064296300134174],[101.21241254290459,6.060593972034212],[101.20793581668465,6.061310028435116],[101.20387384160455,6.063540180734776],[101.19885083389892,6.062474681061758],[101.19163402359135,6.065334526067545],[101.17943085295155,6.063086493446974],[101.17728703107167,6.06093004328693],[101.16431405155231,6.060949230322763],[101.1614325598648,6.064032650386537],[101.15039513992383,6.083914524935437],[101.1490665759618,6.0843763402959326],[101.14793705714953,6.082868027037875],[101.14226761405922,6.085611346886196],[101.138622911818,6.086028650302012],[101.12792577915144,6.092869178869535],[101.12603005414377,6.095385323673781],[101.11576537667088,6.093556631433444],[101.1147091427128,6.091652706407331],[101.1161934944343,6.086122694207006],[101.11539736059979,6.080862660283572],[101.11217599082937,6.077817938047474],[101.10986237155129,6.073633385372489],[101.1105706704002,6.066068943926666],[101.10399776568443,6.0634547289526495],[101.10443650983711,6.060149332825517],[101.1001850997626,6.05092822325895],[101.1014637711362,6.048651876383019],[101.10526569375685,6.048539006969634],[101.10677850542373,6.044740538644987],[101.11374559288487,6.039185888617908],[101.11222642570903,6.031812047687879],[101.10775295143765,6.0284511094312165],[101.11003146567964,6.023780292426579],[101.11012632976639,6.019404956673441],[101.10829847659346,6.015799830897549],[101.10967262898868,6.014300038715874],[101.110110740918,6.011409387433332],[101.112564946715,6.009331359954331],[101.10884183078593,6.006085553805292],[101.10870654936781,6.003781911605984],[101.10615754963129,5.999889674568863],[101.10985598816336,5.998006903395947],[101.11363474964406,5.997645974881891],[101.11948731089075,6.001680758959878],[101.12762501977892,5.998858568568153],[101.12981336529464,6.000681276719604],[101.13219143088986,6.0003462882506255],[101.1350420731332,6.002675746388661],[101.14311558571575,6.004333002665987],[101.14867422243748,6.009281579781145],[101.15406257972433,6.012524979344391],[101.15768678102017,6.0129095708201135],[101.16152726567083,6.014757204581372],[101.16430086569244,6.012760519882136],[101.16531558244822,6.0137559884481675],[101.16724007496953,6.013542976826955],[101.16720778301283,6.012085965395045],[101.16891718737833,6.01050452376478],[101.17124716892175,6.011290979095463],[101.17352839372046,6.010313879182206],[101.17638586181812,6.007714249413141],[101.17811198188252,6.000193470052636],[101.1878072922728,5.9963297963830655],[101.20105898338545,5.99869712227445],[101.20893547159477,5.995060224349913],[101.2137637410039,5.995304585438305],[101.22170182917614,5.998990030565494],[101.22342737817104,6.002428279941228],[101.22329671567093,6.00583338570226],[101.22626662780272,6.006619621598304],[101.23162276777657,6.006487618209064],[101.23445649736954,6.005430840161182],[101.23591404030077,6.004015831565425],[101.23807024134862,5.998734099698993],[101.24021178164844,5.996919683296767],[101.24402118393056,5.996839116631975],[101.24621988963628,5.995212022716714],[101.24867389758236,5.997985852964803],[101.25215992973705,5.998799207917159],[101.25305449526883,5.995803729858267],[101.25177759735828,5.990608993010653],[101.25221300232823,5.983523042154729],[101.25102012088195,5.9777409391930405],[101.25850139572287,5.95439964702615],[101.25873823128438,5.947865382581369],[101.26074027864098,5.943866822296059],[101.2598854073857,5.939158484676398],[101.26703803937409,5.922201141569474],[101.26558559469947,5.9174664448206045],[101.27028259816342,5.912573299218423],[101.27920422989138,5.906403538992151],[101.27813621571386,5.902685383723508],[101.2798365090477,5.901108955813697],[101.28280379066246,5.900584372270998],[101.28431856195215,5.89559069415526],[101.28638580476115,5.894904261422596],[101.29134800660529,5.901244719268448],[101.29563545431284,5.9027688102324305],[101.30114144831924,5.903163561349345],[101.30845359935421,5.909047725672053],[101.30957920161893,5.91639643055089],[101.31242739141106,5.922107496064143],[101.31467229259226,5.925060148407169],[101.32142238713351,5.929734513237236],[101.32070794141845,5.9359067034316695],[101.3195465110627,5.938005825408538],[101.32240698109734,5.939445161565004],[101.32315033641896,5.94367968057287],[101.32573872915907,5.9496487076218045],[101.3298527489053,5.952363975816866],[101.33213813936368,5.955625887025121],[101.3291936627574,5.956369930328094],[101.32606164602822,5.9596140574428205],[101.32474382087071,5.9626256774330955],[101.32690490343862,5.966505045171743],[101.32822068983302,5.972639260593439],[101.32410756401293,5.975666673578189],[101.32552903513692,5.985970287199052],[101.3248911846805,5.988721433847161],[101.32683138206266,5.991567853773461],[101.32701806603097,5.997804575720636],[101.32573858796553,6.002142547340725],[101.32713834855599,6.0070018676421455],[101.32689673759444,6.0105676732595725],[101.33000131061203,6.0138322239779995],[101.33342986799408,6.014326030921666],[101.3356534291625,6.019133181551126],[101.34110353030371,6.018744313799118],[101.34567254585136,6.0216018979093064],[101.34989638361128,6.022785892255172],[101.3513020419557,6.031300121203685],[101.35560135441904,6.033739548441474],[101.35983384095903,6.037812986280358],[101.36358186271286,6.039335572678567],[101.36566564225564,6.042529071559443],[101.36903834004744,6.044679736380772],[101.36804703084584,6.048488819403531],[101.36958242359003,6.0516537881918],[101.37393942576392,6.048554611106454],[101.37544854121728,6.05110173665588],[101.3773048363492,6.049927896555232],[101.37947168537005,6.052086941259404],[101.38044065810993,6.0495141949242],[101.38293495568371,6.049385187176711],[101.3862603824108,6.0471724934158715],[101.38815804096089,6.047012754934713],[101.38901495007997,6.04823315833363],[101.38760951117007,6.051253731074894],[101.38807898695575,6.052273032574419],[101.3898468445563,6.052365240963127],[101.39190840185131,6.054375444271386],[101.39371148499708,6.052021124375415],[101.39693295099494,6.053378514307042],[101.3999238524039,6.051911213731557],[101.4022566056579,6.056544452564481],[101.4051402593156,6.058644148308872],[101.40953082778555,6.0545434825957045],[101.41135001509116,6.0546342592637075],[101.4137453881392,6.056382156411416],[101.41751008242443,6.053878965441925],[101.41948703959525,6.055313761820685],[101.4235696541163,6.055338187407472],[101.43342997661222,6.049638574760479],[101.43636389877497,6.050171672184945],[101.44079164971492,6.04884744295515],[101.44556314582258,6.0503133351923],[101.44877650982812,6.048743141382943],[101.45255016855549,6.049171807732762],[101.45784576796785,6.047363949186945],[101.46208702829381,6.048130496225497],[101.4652169127304,6.0459663478687276],[101.46898799130281,6.046459876022482],[101.47803942487963,6.044560774959848],[101.47850217373639,6.052499161706976],[101.47670129842624,6.057771491161418],[101.47604315206985,6.065280047835984],[101.4695331171597,6.074389684636287],[101.4680056096712,6.079485119242918],[101.46576706399884,6.080250587994271],[101.46145467539304,6.077550331282794],[101.45368778576278,6.078011573775143],[101.44656718672633,6.082386739556455],[101.44467463722481,6.086678885322328],[101.44020531782121,6.091226169652032],[101.4377500211466,6.096386288896156],[101.43803360796471,6.104816620091015],[101.44098228080765,6.110529573281212],[101.43954211277833,6.113910784954783],[101.43719853078761,6.113836121439874],[101.43587854815655,6.114849032357029],[101.43773936777768,6.121597008994797],[101.43524183714112,6.128656262576499],[101.43187530689994,6.128035756445058],[101.43006625855105,6.128989032417962],[101.42799686276504,6.135147323590161],[101.42737428369628,6.1407454621333954],[101.4254229617004,6.143569767730639],[101.42337680529539,6.144274436016474],[101.41710426784772,6.143330066029762],[101.41514552284764,6.143835747621722],[101.4142131228374,6.147529059118824],[101.41135366543938,6.151003139283489],[101.41220253102205,6.155630390430247],[101.41147729524107,6.157517058365613]]]}},{"type":"Feature","properties":{"subdistrict_code":"961201","subdistrict_th":"จะแนะ","subdistrict_en":"Chanae","district_code":"9612","district_th":"จะแนะ","province_code":"96","province_th":"นราธิวาส"},"geometry":{"type":"Polygon","coordinates":[[[101.7005712395711,6.148494736742748],[101.69729850682069,6.150425312278401],[101.68995181642327,6.149382496205305],[101.67842458702512,6.144122925432725],[101.67329913844452,6.1405107525692415],[101.66190321006513,6.128568463563795],[101.65751648259965,6.114647595909844],[101.64835417610442,6.0973816117719934],[101.65058472140782,6.0901462466520115],[101.65312760485511,6.0862004630809565],[101.66005439909128,6.085659740304834],[101.66685227191488,6.088048036587679],[101.66905455242573,6.094455473241567],[101.67096257296441,6.096229073912696],[101.67751733026063,6.093142716663067],[101.681146297064,6.087412965935698],[101.68084729586604,6.0816157588602096],[101.67349637685635,6.067863345916749],[101.6659374401608,6.058187823309424],[101.65719970899943,6.050840870309969],[101.65609029902816,6.047336061210331],[101.65914883305226,6.0407507773265365],[101.65778178979781,6.036816847719422],[101.6589502132818,6.035541467864505],[101.6592516372533,6.029320981378248],[101.66436628137882,6.02684928286817],[101.66553635691741,6.0270751269156335],[101.66647269236091,6.028998762383026],[101.66797584890634,6.028344710639942],[101.66939956293953,6.022633300686323],[101.6706938951072,6.021273713710968],[101.66835121603583,6.017291506697745],[101.66943464279461,6.016760948958677],[101.67216907464314,6.017555507180987],[101.672290244799,6.010366492219873],[101.67489018483423,6.011007799670267],[101.67809570315421,6.009506693579112],[101.68020867918727,6.007016336834511],[101.68052967330584,6.0042467226082294],[101.68189752235281,6.002608059814179],[101.67910951429269,5.999817244070584],[101.67895983292999,5.996659661414299],[101.68607273556836,5.993600375556923],[101.68874073359802,5.9908791331654925],[101.694736797865,5.992135701901191],[101.69780212626716,5.99383134843805],[101.69705536521298,5.9967312348586574],[101.69945381843905,5.998863704596317],[101.69793801113036,6.001676927847996],[101.69897711120478,6.002643792577032],[101.70172830281899,5.999990708004816],[101.70487460437954,5.999981567295549],[101.70680482378367,5.995397691350433],[101.70948465599213,5.992360056671316],[101.71205918028699,5.9918791199255],[101.71321334591926,5.993245248569394],[101.71456427242327,6.001974756330014],[101.7122342099409,6.004464297389461],[101.70689992709003,6.00757950129298],[101.70615233776022,6.009384848931688],[101.7095836695508,6.017827833587717],[101.71338133208286,6.01840066126158],[101.71491670144468,6.020285019737912],[101.71354743596544,6.024926945122445],[101.71464206198164,6.02859309619447],[101.71285002790654,6.0345519357233],[101.71695276925493,6.049852644883686],[101.7098656178041,6.05903010855269],[101.71055006933028,6.065884340989612],[101.71908264085124,6.06531777799313],[101.71987073744464,6.066540081659468],[101.71865163086812,6.070014235568578],[101.72070628406783,6.072101375877821],[101.72590632421753,6.07167688957685],[101.72780415543747,6.069746971445625],[101.7314164110386,6.072158372211163],[101.73229389934403,6.073590422959683],[101.73212489694652,6.077053009788642],[101.73439865557356,6.078737499336171],[101.73387902459734,6.083985667604509],[101.73556049781877,6.085575997234514],[101.73399757502813,6.093591154608134],[101.72970024916725,6.101794147082273],[101.72847369980144,6.1112816763083515],[101.72598406521251,6.118700116417301],[101.72196401922417,6.123309269607148],[101.71877806205799,6.131185350423607],[101.71280901792193,6.140277970252157],[101.70640268473619,6.1455029755819055],[101.7005712395711,6.148494736742748]]]}},{"type":"Feature","properties":{"subdistrict_code":"961003","subdistrict_th":"มูโนะ","subdistrict_en":"Muno","district_code":"9610","district_th":"สุไหงโก-ลก","province_code":"96","province_th":"นราธิวาส"},"geometry":{"type":"Polygon","coordinates":[[[102.04916463444039,6.144577998575812],[102.04581022256377,6.145140280799353],[102.04061940586098,6.135730617573984],[102.03746084024561,6.12723978988447],[102.03802419356174,6.121321683349038],[102.03100087059374,6.107244792313338],[102.0308019099802,6.099949331796267],[102.02853417501223,6.098516664112822],[102.02374440737856,6.083367064438505],[102.02099631123082,6.082360480252021],[102.01633598841522,6.074966203127815],[102.02491989143988,6.063158259346267],[102.02895266463383,6.06536145626626],[102.03114263882179,6.071279686908099],[102.0336247667696,6.0695578916834165],[102.03850555658624,6.073069987989584],[102.04302763921424,6.074151199718131],[102.04322029018431,6.076197687972979],[102.05315922691688,6.080130164275715],[102.05675191416958,6.085747298299225],[102.05776142295139,6.091006530926734],[102.06065671203771,6.091423153555752],[102.05862136368506,6.0970047742509905],[102.06065725792615,6.096587361117884],[102.05976354405237,6.099517600556851],[102.06114938403692,6.101346380930806],[102.06088675681843,6.103075280799601],[102.06322125026054,6.105031331430837],[102.05777309705087,6.120152545803421],[102.05535748206222,6.132212756613455],[102.0540188780688,6.134986967274756],[102.04917146659,6.1391385094347015],[102.0502150380936,6.1432948593703145],[102.04916463444039,6.144577998575812]]]}},{"type":"Feature","properties":{"subdistrict_code":"950402","subdistrict_th":"บ้านแหร","subdistrict_en":"Ban Rae","district_code":"9504","district_th":"ธารโต","province_code":"95","province_th":"ยะลา"},"geometry":{"type":"Polygon","coordinates":[[[101.23866460598686,6.14150171912911],[101.23677217609509,6.13993844290485],[101.22983143787064,6.140080970160682],[101.22565737668663,6.1375542529264635],[101.2187166375628,6.138111885655064],[101.21644603555615,6.136543298934157],[101.21165121822918,6.13568570812896],[101.21017131365528,6.136271491436219],[101.20735620092802,6.143386653171547],[101.20372934663209,6.146262698564726],[101.1978458442104,6.143422994775449],[101.19229394520949,6.142426538753796],[101.19004754036177,6.140697828641919],[101.18805893697044,6.137263469733398],[101.18618256717178,6.136706708447889],[101.18408973685194,6.137471210428089],[101.18217694181249,6.1397548058396865],[101.17727697755055,6.140687796704526],[101.17428118832623,6.142633397213558],[101.16780906703485,6.140646573580568],[101.16583083642405,6.141847863687985],[101.16414573174018,6.145184795441992],[101.160602934378,6.142954936321303],[101.15691118140597,6.144943956998077],[101.15058002344938,6.146019801572606],[101.14772658071718,6.138172033212811],[101.14783344355862,6.133139091595865],[101.14664249925198,6.130775920572319],[101.1422503515725,6.128421023311603],[101.13321200582948,6.125956882704031],[101.13014103418146,6.120942732421213],[101.12636959498087,6.117355716293332],[101.11975372695298,6.113219290837662],[101.12316271598661,6.11062493918962],[101.12734366507812,6.10414521323105],[101.12695917162853,6.097106648553051],[101.12603005414377,6.095385323673781],[101.12730618673118,6.093490315425754],[101.138622911818,6.086028650302012],[101.14226761405922,6.085611346886196],[101.14793705714953,6.082868027037875],[101.1490665759618,6.0843763402959326],[101.15039513992383,6.083914524935437],[101.1614325598648,6.064032650386537],[101.16431405155231,6.060949230322763],[101.17728703107167,6.06093004328693],[101.17943085295155,6.063086493446974],[101.19163402359135,6.065334526067545],[101.19885083389892,6.062474681061758],[101.20387384160455,6.063540180734776],[101.20793581668465,6.061310028435116],[101.21241254290459,6.060593972034212],[101.22167532525611,6.064296300134174],[101.22971622572328,6.064005632953638],[101.23557714436976,6.065025553186786],[101.2408516357944,6.0676800344061235],[101.24290290214725,6.071563635253597],[101.2601888287515,6.084460488960474],[101.26313036457475,6.085101830585074],[101.27457511085277,6.084113074558786],[101.2812593066717,6.0851916278913905],[101.28757697120034,6.095014883030501],[101.28716633895544,6.103598289629417],[101.27945187440451,6.112799147362807],[101.2772220593506,6.1225908533852476],[101.27342271238831,6.128435652583335],[101.26652008293553,6.13204561041664],[101.26237504197468,6.131582344449669],[101.26182580171945,6.130303041752029],[101.26350137179094,6.125345475013717],[101.25812646836187,6.123409394727844],[101.2571794705562,6.120351546886411],[101.25597927492367,6.1201046173342775],[101.251940104852,6.122867037883566],[101.25194984990571,6.130039829074917],[101.24954823556266,6.135327286924792],[101.24508984112333,6.139174800676585],[101.23866460598686,6.14150171912911]]]}},{"type":"Feature","properties":{"subdistrict_code":"961101","subdistrict_th":"ปะลุรู","subdistrict_en":"Paluru","district_code":"9611","district_th":"สุไหงปาดี","province_code":"96","province_th":"นราธิวาส"},"geometry":{"type":"Polygon","coordinates":[[[101.93565766017292,6.0720562631860275],[101.92811128610703,6.076877686955754],[101.92508711967491,6.086998330808342],[101.92309226239803,6.089996834186593],[101.9161891967741,6.091790358438345],[101.91145294239942,6.094434377844323],[101.90826552473425,6.097456824772678],[101.90621511093866,6.104511740924181],[101.90847738792115,6.113717372258975],[101.9080768928344,6.1176932021795665],[101.89342105064105,6.132131851803592],[101.88350862772103,6.10133893544355],[101.86668737092549,6.0851094613326495],[101.8597170539989,6.075761600417593],[101.8794486851088,6.0697122908895835],[101.88217764368335,6.0680731325690545],[101.88314031937028,6.065156441416661],[101.88576591886215,6.062226943918404],[101.89031859642614,6.05974457225426],[101.89475509687026,6.054312866745477],[101.90952213304007,6.032499818611768],[101.91469158724703,6.030138343709666],[101.9130507364024,6.025910891574426],[101.91321089756491,6.023790227237271],[101.91670736635194,6.020705324191397],[101.9174991672528,6.022160781594835],[101.92365808435318,6.025542947449139],[101.92930110086519,6.030319695597541],[101.93280067141393,6.036227638894445],[101.9340994417359,6.045814371436165],[101.94210666798841,6.0553590759606095],[101.93565766017292,6.0720562631860275]]]}},{"type":"Feature","properties":{"subdistrict_code":"961204","subdistrict_th":"ช้างเผือก","subdistrict_en":"Chang Phueak","district_code":"9612","district_th":"จะแนะ","province_code":"96","province_th":"นราธิวาส"},"geometry":{"type":"Polygon","coordinates":[[[101.67895983292999,5.996659661414299],[101.67923654533035,6.000068519146907],[101.68195070556067,6.00227598065203],[101.68052967330584,6.0042467226082294],[101.68020867918727,6.007016336834511],[101.67809570315421,6.009506693579112],[101.67489018483423,6.011007799670267],[101.672290244799,6.010366492219873],[101.67238281111787,6.017307927418983],[101.66835121603583,6.017291506697745],[101.6706938951072,6.021273713710968],[101.66939956293953,6.022633300686323],[101.66766300084686,6.028746117639287],[101.66647269236091,6.028998762383026],[101.66553635691741,6.0270751269156335],[101.66436628137882,6.02684928286817],[101.6592516372533,6.029320981378248],[101.6589502132818,6.035541467864505],[101.65778178979781,6.036816847719422],[101.65914883305226,6.0407507773265365],[101.65609029902816,6.047336061210331],[101.65719970899943,6.050840870309969],[101.6659374401608,6.058187823309424],[101.67200510395247,6.065561832412698],[101.68142353736641,6.083243445428707],[101.681146297064,6.087412965935698],[101.6784326944134,6.091810912443691],[101.67285982502096,6.095939528186705],[101.66987486903002,6.095577608619806],[101.66781047617258,6.089216944806196],[101.66507871890781,6.087102295134855],[101.66005439909128,6.085659740304834],[101.65312760485511,6.0862004630809565],[101.6535709490401,6.082489229894065],[101.6501662353835,6.077400128313343],[101.64881993139477,6.0725460258784665],[101.64731136182996,6.07073530479056],[101.63139083362012,6.066699165434159],[101.60663690167172,6.068235209287536],[101.58618360329069,6.072889258432554],[101.58431322477554,6.074457135588375],[101.57661153599366,6.08653562691768],[101.57271109174354,6.088678087223968],[101.5677861371206,6.08664038894284],[101.5635073148108,6.080952442301395],[101.55667318941624,6.0780544192761],[101.54735508526903,6.075861623015555],[101.53631423171646,6.076438283599941],[101.53092078156885,6.073537611171844],[101.52516816467914,6.067537463083511],[101.51694741958778,6.06114818374175],[101.51411576023423,6.052707585886424],[101.5090525474372,6.054049415748011],[101.50423834612286,6.061557281743205],[101.50091706257246,6.06169915159461],[101.49953332520283,6.06620867429092],[101.50006177942765,6.071777537203616],[101.49657484435363,6.076123636896398],[101.4902855165634,6.073169286633345],[101.48675354344135,6.073043753866216],[101.47439853666322,6.067452749644701],[101.47604315206985,6.065280047835984],[101.47868527480563,6.048967835197459],[101.47804981474724,6.04237973103983],[101.47453975180815,6.040455357229007],[101.47411811006276,6.039245889586198],[101.47846068171515,6.034453739648427],[101.47948121528594,6.029188944714065],[101.47730504029545,6.026117993750461],[101.47779478410206,6.020511035555899],[101.48217417040172,6.012106650701412],[101.47788098501951,6.00814430701422],[101.47817696809267,5.997853122024026],[101.47261415761733,5.98868651317207],[101.47546731076784,5.9885375054016095],[101.47663777031693,5.9803267670666855],[101.47884410497153,5.976377342140665],[101.48032777860413,5.976210786798447],[101.48297119906164,5.978741363922836],[101.48409554677215,5.978340866138126],[101.48329179208258,5.972511008276456],[101.4856955261277,5.968185618171788],[101.48474558124366,5.961829954588779],[101.48615805824784,5.9561335786017935],[101.48710606329422,5.9551707068627024],[101.49114308758351,5.95449101544807],[101.4918777266758,5.949312034722652],[101.49539687276751,5.95071650776066],[101.49708406028122,5.948410976085711],[101.49524916901402,5.942229391573221],[101.49319689092385,5.941134327587179],[101.49007680370158,5.936806195449606],[101.4912927869326,5.931327645154738],[101.49068697032749,5.926944678654024],[101.4922748933717,5.9227591583085655],[101.48981965605236,5.914424148955334],[101.49227804279752,5.906832495823096],[101.48990096106058,5.900930025800108],[101.49134193218447,5.898195226128848],[101.49394941033705,5.898221396400345],[101.4983096509697,5.899960858806651],[101.501800041239,5.889397440939206],[101.50754955726632,5.8939215245587775],[101.50830823613626,5.89705058791435],[101.51168049505884,5.899245002954558],[101.51331072041347,5.903426268607461],[101.51520152343164,5.903859633915033],[101.51783212495269,5.899681950261822],[101.52016750512632,5.900673165034561],[101.52200619512985,5.8987327212381615],[101.52338478927669,5.898651770562822],[101.52494413186628,5.901490047127993],[101.52458313860103,5.905610088734647],[101.52638383134882,5.909477134861959],[101.53285963086734,5.914631915730354],[101.5364296722916,5.915192615147134],[101.53953635601806,5.918919726764045],[101.55023575137886,5.919852068318335],[101.55431339085038,5.921084444391624],[101.55659200042055,5.91943927500256],[101.55929865221111,5.9190794121851695],[101.56254772020117,5.921480818784801],[101.56515974712471,5.921643276815814],[101.56899765521769,5.924444634412396],[101.57259863691763,5.925534453552245],[101.57532392805689,5.930535304660623],[101.58131571784617,5.934483848251034],[101.58215801118331,5.932831163227661],[101.58498701034233,5.932610379665334],[101.58776020926632,5.929951457593745],[101.58945825609368,5.918588966008031],[101.59464438732869,5.914860856143662],[101.59694500600727,5.914270017747185],[101.59772319656832,5.911958766384032],[101.59948891827901,5.911985805400661],[101.60118492634331,5.913753683685627],[101.6042445278627,5.913630893850723],[101.6082735697695,5.915087301837559],[101.61481687060217,5.911285201151145],[101.6145601438356,5.902974487882375],[101.61782227537776,5.896505501627644],[101.6203256480103,5.901143321607037],[101.62666831099381,5.9064170423126825],[101.63056013973869,5.906802855967101],[101.63195472113352,5.908796733882184],[101.63557273059712,5.90958670196477],[101.63757751818798,5.912522963264166],[101.63647001567875,5.916880100336414],[101.6401243964238,5.9215771982291585],[101.64140304081775,5.927187860731237],[101.6448608162737,5.926050499830751],[101.64576543262865,5.928856381017226],[101.64723989630426,5.928609009897912],[101.64891445283979,5.929669238644522],[101.64889735223107,5.933925700210921],[101.65030950098276,5.935667389338619],[101.64910891324581,5.937808390944554],[101.65131602221669,5.941877774639636],[101.64802990395697,5.94579512344626],[101.6493505727708,5.946878864068367],[101.65197917240096,5.952857975215409],[101.6500419355869,5.956426690139665],[101.65356734905396,5.958386638432671],[101.6554799678263,5.9574523534433865],[101.65689924280588,5.9597893667859125],[101.6554456937638,5.961681028656585],[101.65851217959346,5.961791903373694],[101.66067911404991,5.964560445608129],[101.65950462643741,5.9674464204160245],[101.6657780191403,5.970655462279808],[101.66867273535848,5.9773709760897304],[101.67356948814142,5.977938481575734],[101.67199085779191,5.980964169660751],[101.67250958225151,5.986133471882283],[101.67485733709651,5.989347565238006],[101.6746703833316,5.992082362211306],[101.67621453187519,5.9925292919932645],[101.67895983292999,5.996659661414299]]]}},{"type":"Feature","properties":{"subdistrict_code":"961105","subdistrict_th":"ริโก๋","subdistrict_en":"Riko","district_code":"9611","district_th":"สุไหงปาดี","province_code":"96","province_th":"นราธิวาส"},"geometry":{"type":"Polygon","coordinates":[[[101.8597170539989,6.075761600417593],[101.8485651557574,6.080586081882245],[101.83380463697449,6.083906904080379],[101.80673063940753,6.0918794758571835],[101.8066689306267,6.090535172859973],[101.80118567867618,6.087922425579507],[101.80066414023793,6.086896189407639],[101.80220550537985,6.082874628061688],[101.80059772440552,6.0800611368120485],[101.79837438626896,6.078762334114458],[101.79746762503095,6.076113904433214],[101.79910793358431,6.070598118608359],[101.80205331490862,6.067741697321537],[101.80680330283025,6.065524233556573],[101.80885609263464,6.061788628742249],[101.81094247121814,6.051898432566645],[101.80980087001421,6.0491538275871335],[101.80682362301184,6.04805360239186],[101.80773111809668,6.047141387664965],[101.82933667284925,6.0351029143680535],[101.85417521571367,6.023773881159741],[101.85877452402514,6.027286540441537],[101.86255931725873,6.028643416860234],[101.87288036243882,6.028967991179911],[101.88152880081356,6.036439531759015],[101.89060082077134,6.041628346570974],[101.89878739612152,6.048943182082212],[101.89031859642614,6.05974457225426],[101.88643365019288,6.061663775862598],[101.88314031937028,6.065156441416661],[101.88160443919355,6.068592316582169],[101.8597170539989,6.075761600417593]]]}},{"type":"Feature","properties":{"subdistrict_code":"960905","subdistrict_th":"ร่มไทร","subdistrict_en":"Rom Sai","district_code":"9609","district_th":"สุคิริน","province_code":"96","province_th":"นราธิวาส"},"geometry":{"type":"Polygon","coordinates":[[[101.80066414023793,6.086896189407639],[101.79702209459407,6.089349091187671],[101.79276101770688,6.08610868366884],[101.7901978554467,6.08701959527815],[101.78623463312186,6.086721561750721],[101.78399216730475,6.085493245217151],[101.78284165741661,6.0836016453996535],[101.77634636059611,6.080494539891163],[101.77437980768207,6.077282767685631],[101.77227222668199,6.0763284296133975],[101.76445832858906,6.078869734750526],[101.75258136273976,6.080927353914319],[101.75207236984403,6.082351440266791],[101.74585025198758,6.084096596280915],[101.73952611144097,6.0830901299055995],[101.73686570368932,6.085392609281541],[101.73530688810246,6.085520241965639],[101.73371160320801,6.083344942015515],[101.7343296847672,6.078486529130089],[101.73212489694652,6.077053009788642],[101.73229389934403,6.073590422959683],[101.7314164110386,6.072158372211163],[101.72780415543747,6.069746971445625],[101.72590632421753,6.07167688957685],[101.72070628406783,6.072101375877821],[101.71865163086812,6.070014235568578],[101.71987073744464,6.066540081659468],[101.71908264085124,6.06531777799313],[101.71055006933028,6.065884340989612],[101.7098656178041,6.05903010855269],[101.71695276925493,6.049852644883686],[101.71285002790654,6.0345519357233],[101.71464206198164,6.02859309619447],[101.71354743596544,6.024926945122445],[101.71486568290499,6.01989501434349],[101.71300645328523,6.0182291389636475],[101.7095836695508,6.017827833587717],[101.70615233776022,6.009384848931688],[101.70689992709003,6.00757950129298],[101.7122342099409,6.004464297389461],[101.71475950174965,6.001522278630318],[101.71321334591926,5.993245248569394],[101.71097136573599,5.9918398861019],[101.71332741233027,5.991441353335858],[101.7174142977317,5.993351502569851],[101.72167397437448,5.991308474906248],[101.72556489390479,5.987261195647704],[101.72850710871614,5.991090385712766],[101.72949715167226,5.994274703414874],[101.73275267679463,5.995414550940836],[101.73453546044323,5.993300204340983],[101.74072591586838,5.996450584327079],[101.74542725676253,6.0001821314002655],[101.75438906390423,6.012374249372158],[101.75760049436741,6.015264840400107],[101.77042228436102,6.021710348054171],[101.77533090459764,6.025636921207024],[101.78474656989835,6.030816143850018],[101.78764826665423,6.033545372221226],[101.79544164941262,6.036736260370162],[101.79685805375624,6.0394623033426456],[101.8040950943132,6.046556474901422],[101.80980087001421,6.0491538275871335],[101.81094247121814,6.051898432566645],[101.80885609263464,6.061788628742249],[101.80680330283025,6.065524233556573],[101.80205331490862,6.067741697321537],[101.79910793358431,6.070598118608359],[101.79747966875175,6.075824131178763],[101.79837438626896,6.078762334114458],[101.80059772440552,6.0800611368120485],[101.80220550537985,6.082874628061688],[101.80066414023793,6.086896189407639]]]}},{"type":"Feature","properties":{"subdistrict_code":"961002","subdistrict_th":"ปาเสมัส","subdistrict_en":"Pasemat","district_code":"9610","district_th":"สุไหงโก-ลก","province_code":"96","province_th":"นราธิวาส"},"geometry":{"type":"Polygon","coordinates":[[[102.01633598841522,6.074966203127815],[102.01067649992058,6.083990339582556],[102.00860786855833,6.083247245064342],[102.00716170205095,6.084002311357608],[102.00677187742025,6.081447827555223],[102.0024434925732,6.081059541664558],[101.99891082697314,6.083691931937153],[101.99807672556051,6.085858560624104],[101.9821026607093,6.075757496811093],[101.9668815559391,6.068238781394712],[101.9620302414026,6.0667458708253434],[101.95696165785427,6.066786005769586],[101.9522257407254,6.068358462273238],[101.94068938500715,6.077253214164557],[101.93548646882556,6.072526996223928],[101.94210666798841,6.0553590759606095],[101.9340994417359,6.045814371436165],[101.93247087293253,6.0352118798244305],[101.92800160479027,6.029074241583032],[101.93682146743686,6.02274086320034],[101.95888541023356,6.026370887606447],[101.95738430594105,6.030601550321364],[101.95909369142078,6.032224687219582],[101.97218998597913,6.034584156633571],[101.97568756273091,6.034891407312671],[101.9813333203765,6.0291728207691335],[101.9820263055696,6.029445138182609],[101.98693540784285,6.037342156115642],[101.98937452121726,6.038516478252916],[101.99042470903316,6.040615686564706],[101.99465622970132,6.04110282413609],[101.99750977855348,6.0396876410718505],[101.99967024058918,6.0410096777544595],[102.0005768444459,6.042940810869766],[102.00339401122471,6.043932837730324],[102.00377320227153,6.046977226318006],[102.00253885578365,6.049356423260349],[102.00320134406684,6.050208970667484],[102.00511529293647,6.051209070742061],[102.01207631986631,6.0514584365576525],[102.01557718723745,6.0536785901948065],[102.01900852892055,6.0524667285567375],[102.02129348230841,6.060591390080617],[102.02491989143988,6.063158259346267],[102.01633598841522,6.074966203127815]]]}},{"type":"Feature","properties":{"subdistrict_code":"950204","subdistrict_th":"อัยเยอร์เวง","subdistrict_en":"Aiyoeweng","district_code":"9502","district_th":"เบตง","province_code":"95","province_th":"ยะลา"},"geometry":{"type":"Polygon","coordinates":[[[101.47803942487963,6.044560774959848],[101.46898799130281,6.046459876022482],[101.4652169127304,6.0459663478687276],[101.46208702829381,6.048130496225497],[101.45784576796785,6.047363949186945],[101.45255016855549,6.049171807732762],[101.44877650982812,6.048743141382943],[101.44556314582258,6.0503133351923],[101.44079164971492,6.04884744295515],[101.43636389877497,6.050171672184945],[101.43342997661222,6.049638574760479],[101.4235696541163,6.055338187407472],[101.41948703959525,6.055313761820685],[101.41751008242443,6.053878965441925],[101.4137453881392,6.056382156411416],[101.41135001509116,6.0546342592637075],[101.40953082778555,6.0545434825957045],[101.4051402593156,6.058644148308872],[101.4022566056579,6.056544452564481],[101.3999238524039,6.051911213731557],[101.39693295099494,6.053378514307042],[101.39371148499708,6.052021124375415],[101.39190840185131,6.054375444271386],[101.3898468445563,6.052365240963127],[101.38807898695575,6.052273032574419],[101.38760951117007,6.051253731074894],[101.38901495007997,6.04823315833363],[101.38815804096089,6.047012754934713],[101.3862603824108,6.0471724934158715],[101.38293495568371,6.049385187176711],[101.38044065810993,6.0495141949242],[101.37947168537005,6.052086941259404],[101.3773048363492,6.049927896555232],[101.37544854121728,6.05110173665588],[101.37393942576392,6.048554611106454],[101.36958242359003,6.0516537881918],[101.36804703084584,6.048488819403531],[101.36903834004744,6.044679736380772],[101.36566564225564,6.042529071559443],[101.36358186271286,6.039335572678567],[101.35983384095903,6.037812986280358],[101.35560135441904,6.033739548441474],[101.3513020419557,6.031300121203685],[101.34989638361128,6.022785892255172],[101.34567254585136,6.0216018979093064],[101.34110353030371,6.018744313799118],[101.3356534291625,6.019133181551126],[101.33342986799408,6.014326030921666],[101.33000131061203,6.0138322239779995],[101.32689673759444,6.0105676732595725],[101.32713834855599,6.0070018676421455],[101.32573858796553,6.002142547340725],[101.32701806603097,5.997804575720636],[101.32683138206266,5.991567853773461],[101.3248911846805,5.988721433847161],[101.32552903513692,5.985970287199052],[101.32410756401293,5.975666673578189],[101.32822068983302,5.972639260593439],[101.32690490343862,5.966505045171743],[101.32474382087071,5.9626256774330955],[101.32606164602822,5.9596140574428205],[101.3291936627574,5.956369930328094],[101.33213813936368,5.955625887025121],[101.3298527489053,5.952363975816866],[101.32573872915907,5.9496487076218045],[101.32315033641896,5.94367968057287],[101.32240698109734,5.939445161565004],[101.3195465110627,5.938005825408538],[101.32070794141845,5.9359067034316695],[101.32142238713351,5.929734513237236],[101.31467229259226,5.925060148407169],[101.31242739141106,5.922107496064143],[101.30957920161893,5.91639643055089],[101.30845359935421,5.909047725672053],[101.30114144831924,5.903163561349345],[101.29563545431284,5.9027688102324305],[101.29134800660529,5.901244719268448],[101.2894843613143,5.89792535577061],[101.28603479037332,5.894746382739413],[101.28431856195215,5.89559069415526],[101.28280379066246,5.900584372270998],[101.2798365090477,5.901108955813697],[101.27813621571386,5.902685383723508],[101.27920422989138,5.906403538992151],[101.27028259816342,5.912573299218423],[101.26558559469947,5.9174664448206045],[101.26703803937409,5.922201141569474],[101.2598854073857,5.939158484676398],[101.26074027864098,5.943866822296059],[101.25873823128438,5.947865382581369],[101.25850139572287,5.95439964702615],[101.25102012088195,5.9777409391930405],[101.25221300232823,5.983523042154729],[101.25177759735828,5.990608993010653],[101.25305449526883,5.995803729858267],[101.25215992973705,5.998799207917159],[101.24867389758236,5.997985852964803],[101.24621988963628,5.995212022716714],[101.24402118393056,5.996839116631975],[101.24021178164844,5.996919683296767],[101.23807024134862,5.998734099698993],[101.23591404030077,6.004015831565425],[101.23445649736954,6.005430840161182],[101.23162276777657,6.006487618209064],[101.22626662780272,6.006619621598304],[101.22329671567093,6.00583338570226],[101.22342737817104,6.002428279941228],[101.22170182917614,5.998990030565494],[101.2137637410039,5.995304585438305],[101.20893547159477,5.995060224349913],[101.20105898338545,5.99869712227445],[101.1878072922728,5.9963297963830655],[101.17811198188252,6.000193470052636],[101.17638586181812,6.007714249413141],[101.17352839372046,6.010313879182206],[101.17124716892175,6.011290979095463],[101.16891718737833,6.01050452376478],[101.16720778301283,6.012085965395045],[101.16724007496953,6.013542976826955],[101.16531558244822,6.0137559884481675],[101.16430086569244,6.012760519882136],[101.16152726567083,6.014757204581372],[101.15768678102017,6.0129095708201135],[101.15406257972433,6.012524979344391],[101.14867422243748,6.009281579781145],[101.14311558571575,6.004333002665987],[101.1350420731332,6.002675746388661],[101.13219143088986,6.0003462882506255],[101.12981336529464,6.000681276719604],[101.12762501977892,5.998858568568153],[101.11948731089075,6.001680758959878],[101.11363474964406,5.997645974881891],[101.10985598816336,5.998006903395947],[101.10615754963129,5.999889674568863],[101.10615323108681,5.995380799384407],[101.10748759207877,5.989987602845645],[101.1130667045648,5.988767720154215],[101.11406875526887,5.986353195143863],[101.12261522311411,5.9822218382672645],[101.12342459137187,5.97741661758289],[101.11990596868554,5.974794954423658],[101.1186442306468,5.971012488635495],[101.11453935340847,5.967073697293358],[101.11328854572986,5.960377903817232],[101.11173591298206,5.9578265631454315],[101.11061651963672,5.957444939432435],[101.10862425600465,5.958876422708784],[101.10558161659839,5.95464302155824],[101.1020238985841,5.953256455820849],[101.0997535897564,5.951021943607884],[101.09541478986074,5.950954810116457],[101.09525247841918,5.949223046806196],[101.09817418059401,5.9452528007761885],[101.09918070902256,5.942067306760862],[101.09268038409249,5.933410270867341],[101.09173720211027,5.927061199314949],[101.08711489813408,5.924937157124134],[101.08875747297907,5.9204011134207235],[101.0868259009946,5.913485604776895],[101.0910286037871,5.91179448003129],[101.0942119349329,5.912141847668181],[101.09732918659273,5.909177245133776],[101.10506896256265,5.911136874167482],[101.10718591899501,5.908389042420424],[101.11372613605238,5.906015477931987],[101.11803304059242,5.907092286579825],[101.12681728468999,5.9139045602473175],[101.13102399486155,5.921864772641186],[101.13460356370354,5.918123033551183],[101.13885723107643,5.917863134875802],[101.1443974415887,5.907934272348825],[101.14583039435729,5.90199555694943],[101.15369990292822,5.900335101783583],[101.15955491392822,5.8950177387776534],[101.16601005242205,5.892002107811095],[101.17002073556853,5.886201442842378],[101.16909532059265,5.880068540430841],[101.17095510599341,5.880382235651723],[101.17323952608331,5.883398369339318],[101.17628282828997,5.889666492914387],[101.17564954099356,5.878800043087551],[101.17660305528682,5.875017038605506],[101.174293742862,5.870955191229143],[101.17390411878011,5.866942931571089],[101.1756514754353,5.864464262415822],[101.18006458181503,5.864717731837914],[101.1831910398347,5.8622958305881525],[101.18298526415867,5.858416222730568],[101.18547333033001,5.856513220408829],[101.18744227004481,5.846033319881883],[101.19191633876807,5.847064508620235],[101.19417970662823,5.849197563816574],[101.19709122038358,5.8495641571601595],[101.19889108215779,5.851467914912405],[101.2038817115718,5.8514217805907265],[101.2071280150459,5.853572368070388],[101.21593455243772,5.856330374747017],[101.21970885777762,5.85987541501845],[101.22151932615606,5.856730882424358],[101.22330848329995,5.855906258067421],[101.22567819689135,5.855799116436117],[101.2323171972809,5.859986344594176],[101.23577326672296,5.857543722065145],[101.24022177041843,5.855971144153045],[101.2568250414426,5.856433373201639],[101.25766747777192,5.855059928572871],[101.25888630915591,5.8555369397780055],[101.26917931077662,5.851557565629207],[101.2720050786715,5.851667598580832],[101.27168641289768,5.849452530609824],[101.26923423327332,5.848388449167658],[101.26674584694337,5.8440736782577005],[101.26745273385666,5.842251067233008],[101.26257145211088,5.837558334649486],[101.26142577967607,5.833505896879672],[101.25827861476631,5.829751873949874],[101.25517068457947,5.828890881009386],[101.25673198859045,5.825720788783428],[101.25946984775533,5.823200784988273],[101.26243651063652,5.82253239355515],[101.26428411292153,5.8200803587216114],[101.2660778134404,5.808741028275904],[101.26886552022762,5.803197686324211],[101.27238324359189,5.807258664955498],[101.27619521433775,5.809846683577632],[101.27707420271236,5.81225610403601],[101.2875990720396,5.8143796318146315],[101.29076543028043,5.816323246620584],[101.29234160458145,5.815772793179917],[101.29544761021907,5.812147839151521],[101.30130603504551,5.81259460795485],[101.30470052790707,5.813901062084369],[101.307449275164,5.8045766024283125],[101.3097311537698,5.802659446576229],[101.31210003279034,5.802162785184464],[101.3141693296509,5.8027633398563125],[101.32078516979982,5.812442591052786],[101.32336337322118,5.813742100617503],[101.32655607080608,5.813711442728959],[101.32931975220487,5.811963413380852],[101.33217432358623,5.811471432960332],[101.3372510936631,5.806932059966641],[101.33918725668661,5.8073912574006386],[101.34121307042693,5.809616073123323],[101.34596542176683,5.808905728316745],[101.34630058740225,5.8124710635887595],[101.34826402776275,5.816240064727253],[101.34742214631507,5.822706434854126],[101.34859041061901,5.825831312764933],[101.35398957236094,5.828296186320017],[101.3586570259011,5.833304551264064],[101.3618335968431,5.831165115377814],[101.36738184009988,5.831364676738474],[101.37002012542848,5.832836509897049],[101.37241336888195,5.83183780736897],[101.3743450281006,5.832818282437813],[101.37470630285367,5.834888337426889],[101.37364880714676,5.837081319847073],[101.37699410799178,5.844073942658383],[101.37932779923858,5.8456667499206105],[101.37965513537625,5.850640635756804],[101.38669756174312,5.853962961621448],[101.38947360522275,5.85834733735976],[101.38924960298687,5.864835251645616],[101.39087545493834,5.86947758262437],[101.39121512797584,5.875841621593622],[101.39563223903667,5.873312781060065],[101.39927418935241,5.873158193895563],[101.40267943360902,5.874375643920871],[101.4077013036723,5.872135628756325],[101.41122456416235,5.873644005866254],[101.41338233092989,5.873114413099756],[101.41767985913827,5.876517483694954],[101.42413414417547,5.8741937479431385],[101.4276937291823,5.875618800167558],[101.43183516835842,5.8709866809905975],[101.43486851506998,5.870877450234161],[101.43733250189348,5.872613101313618],[101.4383041797941,5.870794128046612],[101.4467713283342,5.870751498383015],[101.45412777997313,5.867376235724748],[101.45558811529935,5.867990643553412],[101.45916482519658,5.873460012669511],[101.46492310961389,5.87663812594883],[101.4673903303995,5.874800957598154],[101.47031413339062,5.874682408966066],[101.47392120979606,5.8702518890135025],[101.47899095886572,5.872721130575769],[101.48511836911752,5.8699604798922564],[101.48731895080897,5.873659686445421],[101.48678773566553,5.8830977691467865],[101.48794893939208,5.883539976588679],[101.49410315303817,5.881728064798381],[101.49884483572066,5.8878820464193495],[101.50162401963286,5.888853591220311],[101.49855200117395,5.899722524075287],[101.49134193218447,5.898195226128848],[101.48990096106058,5.900930025800108],[101.49227804279752,5.906832495823096],[101.48981965605236,5.914424148955334],[101.4922748933717,5.9227591583085655],[101.49068697032749,5.926944678654024],[101.4912927869326,5.931327645154738],[101.49007680370158,5.936806195449606],[101.49319689092385,5.941134327587179],[101.49524916901402,5.942229391573221],[101.49708406028122,5.948410976085711],[101.49539687276751,5.95071650776066],[101.4918777266758,5.949312034722652],[101.49114308758351,5.95449101544807],[101.48710606329422,5.9551707068627024],[101.48615805824784,5.9561335786017935],[101.48474558124366,5.961829954588779],[101.4856955261277,5.968185618171788],[101.48329179208258,5.972511008276456],[101.48409554677215,5.978340866138126],[101.48297119906164,5.978741363922836],[101.48032777860413,5.976210786798447],[101.47884410497153,5.976377342140665],[101.47663777031693,5.9803267670666855],[101.47546731076784,5.9885375054016095],[101.47261415761733,5.98868651317207],[101.47817696809267,5.997853122024026],[101.47788098501951,6.00814430701422],[101.48217417040172,6.012106650701412],[101.47779478410206,6.020511035555899],[101.47730504029545,6.026117993750461],[101.47948121528594,6.029188944714065],[101.47846068171515,6.034453739648427],[101.47411811006276,6.039245889586198],[101.47453975180815,6.040455357229007],[101.47804981474724,6.04237973103983],[101.47803942487963,6.044560774959848]]]}},{"type":"Feature","properties":{"subdistrict_code":"961106","subdistrict_th":"กาวะ","subdistrict_en":"Kawa","district_code":"9611","district_th":"สุไหงปาดี","province_code":"96","province_th":"นราธิวาส"},"geometry":{"type":"Polygon","coordinates":[[[101.91670736635194,6.020705324191397],[101.91321089756491,6.023790227237271],[101.9130507364024,6.025910891574426],[101.91469158724703,6.030138343709666],[101.90952213304007,6.032499818611768],[101.89878739612152,6.048943182082212],[101.89060082077134,6.041628346570974],[101.88152880081356,6.036439531759015],[101.87288036243882,6.028967991179911],[101.86255931725873,6.028643416860234],[101.85877452402514,6.027286540441537],[101.85417521571367,6.023773881159741],[101.86982756608938,6.014576855437554],[101.88452089292491,6.002318798273961],[101.89028079162529,6.002251242101181],[101.90509685523574,5.991353026421109],[101.91067579235397,5.994880772729516],[101.9230617061329,6.011054880978008],[101.92097203423208,6.015404469141004],[101.91670736635194,6.020705324191397]]]}},{"type":"Feature","properties":{"subdistrict_code":"961104","subdistrict_th":"สากอ","subdistrict_en":"Sako","district_code":"9611","district_th":"สุไหงปาดี","province_code":"96","province_th":"นราธิวาส"},"geometry":{"type":"Polygon","coordinates":[[[101.85417521571367,6.023773881159741],[101.82933667284925,6.0351029143680535],[101.80682362301184,6.04805360239186],[101.80445286800551,6.046797462632867],[101.79685805375624,6.0394623033426456],[101.79444153494893,6.034660905676333],[101.79465594411658,6.033678291120282],[101.79822212744926,6.031439990962838],[101.80029998855366,6.02823742691578],[101.80007310309128,6.025575585644788],[101.80185771865882,6.0249251581695376],[101.80237221540546,6.0236106362219175],[101.80083681816467,6.017907364233508],[101.80348576765414,6.011946551592132],[101.80332921637029,6.006929697047951],[101.79991393927696,5.9946133782048605],[101.79944111441597,5.987615329783694],[101.80383232500185,5.986601788441817],[101.80478092899676,5.980928707593819],[101.80665779432184,5.978760708340076],[101.81007344103654,5.977043966405972],[101.81559660489944,5.978794013832726],[101.81799526317093,5.987659221196168],[101.82276875937083,5.993114759638502],[101.8302055591393,5.9870118514158435],[101.83729880439637,5.990007170294746],[101.84548865777538,5.991050096984452],[101.85261896139599,5.986615630806739],[101.86033470028627,5.984153417446294],[101.86725355800536,5.987574419623797],[101.87036012212201,5.995745211872077],[101.87579871913562,5.993064852660893],[101.87943294157708,5.989749061270231],[101.88488786937972,5.988270807851563],[101.88600952991595,5.985761616605373],[101.89163085567952,5.986660927859589],[101.8967026012441,5.985379425420206],[101.90509685523574,5.991353026421109],[101.89028079162529,6.002251242101181],[101.88452089292491,6.002318798273961],[101.86982756608938,6.014576855437554],[101.85417521571367,6.023773881159741]]]}},{"type":"Feature","properties":{"subdistrict_code":"960903","subdistrict_th":"เกียร์","subdistrict_en":"Kia","district_code":"9609","district_th":"สุคิริน","province_code":"96","province_th":"นราธิวาส"},"geometry":{"type":"Polygon","coordinates":[[[101.81007344103654,5.977043966405972],[101.80665779432184,5.978760708340076],[101.80478092899676,5.980928707593819],[101.80383232500185,5.986601788441817],[101.79934218989018,5.98790610937948],[101.79991393927696,5.9946133782048605],[101.80332921637029,6.006929697047951],[101.80348576765414,6.011946551592132],[101.80093991194747,6.0165588137383],[101.802235422227,6.024326292424519],[101.80007310309128,6.025575585644788],[101.80029998855366,6.02823742691578],[101.79786678192653,6.031889652885241],[101.7944729059999,6.033957646628153],[101.79544164941262,6.036736260370162],[101.78764826665423,6.033545372221226],[101.78474656989835,6.030816143850018],[101.77533090459764,6.025636921207024],[101.77042228436102,6.021710348054171],[101.75760049436741,6.015264840400107],[101.75438906390423,6.012374249372158],[101.74542725676253,6.0001821314002655],[101.74072591586838,5.996450584327079],[101.73453546044323,5.993300204340983],[101.73732055110258,5.989581438432708],[101.73976712435336,5.983026426628328],[101.74654272186916,5.979347029441897],[101.74740857834325,5.977138436589598],[101.75088157032826,5.977149153810444],[101.74955417368625,5.9698095473727335],[101.75069167038436,5.96715852764396],[101.75223256608012,5.9662791183866375],[101.7554013488932,5.961554600164732],[101.75904935794159,5.959221969218561],[101.75902851975047,5.949848826562118],[101.7632910886129,5.948949872338801],[101.76292187824214,5.947304051840547],[101.76510283942457,5.94741144708064],[101.76667424102345,5.943642325433018],[101.76844358790134,5.944589584042092],[101.77274313958429,5.9443912502560465],[101.77473187067937,5.942687017891615],[101.77595453137656,5.94317605123382],[101.7761641867279,5.944419104058454],[101.77847851017515,5.943308610404074],[101.77924117304178,5.9353401584216385],[101.78115066666999,5.9313411997366075],[101.78441487114947,5.9309311610442705],[101.78735543030893,5.933239148767768],[101.79216389125065,5.9396568970482235],[101.79555770062746,5.947266535722122],[101.79794737377233,5.949916598572202],[101.80096412079757,5.950864734020286],[101.80208107158427,5.952232499430352],[101.80427525280072,5.95247152484103],[101.80542597942548,5.951267309238972],[101.8136892066916,5.938537443448297],[101.81460203475615,5.940807527445486],[101.81483464710135,5.955600551324437],[101.8111834283726,5.966744942924834],[101.81007344103654,5.977043966405972]]]}},{"type":"Feature","properties":{"subdistrict_code":"961001","subdistrict_th":"สุไหงโก-ลก","subdistrict_en":"Su-Ngai Kolok","district_code":"9610","district_th":"สุไหงโก-ลก","province_code":"96","province_th":"นราธิวาส"},"geometry":{"type":"Polygon","coordinates":[[[101.9813333203765,6.0291728207691335],[101.97568756273091,6.034891407312671],[101.97218998597913,6.034584156633571],[101.95909369142078,6.032224687219582],[101.95738430594105,6.030601550321364],[101.95888541023356,6.026370887606447],[101.93682146743686,6.02274086320034],[101.92800160479027,6.029074241583032],[101.9174991672528,6.022160781594835],[101.91666425555104,6.020131277036853],[101.92097203423208,6.015404469141004],[101.92354493525062,6.010128485741063],[101.93540964693773,6.005810078872116],[101.93728171258101,5.993499282765754],[101.9390970732714,5.991987528701543],[101.9459874287769,5.989543361137237],[101.94706355843653,5.983759088111469],[101.94805777964285,5.985106963215856],[101.94741746864133,5.990701140245449],[101.94902902766756,5.990791005000915],[101.94976954023218,5.988054900413374],[101.951209586853,5.987821003836302],[101.95224907003859,5.991500669920015],[101.95463996356352,5.9927224133087975],[101.95322359609213,5.99547204190128],[101.95439531918868,5.995681704447179],[101.95723771734686,5.993796776699924],[101.95886288581357,5.997562363112593],[101.96090483608936,5.996424078608413],[101.9626468372818,5.996751754689797],[101.96374896724109,5.9977042932185896],[101.96417383215669,6.000762423447156],[101.96673710143614,6.002119981551971],[101.9677639824219,6.004455840164951],[101.97086134107809,6.005880576727293],[101.97228828097946,6.00964826575489],[101.97057689900475,6.010942532272111],[101.97123079156785,6.014200401927042],[101.97036168044724,6.0195035430541],[101.97549919882903,6.0241883858853384],[101.97771727593158,6.030234449760087],[101.9798051833626,6.0289321747800955],[101.9813333203765,6.0291728207691335]]]}},{"type":"Feature","properties":{"subdistrict_code":"960802","subdistrict_th":"กายูคละ","subdistrict_en":"Kayu Khla","district_code":"9608","district_th":"แว้ง","province_code":"96","province_th":"นราธิวาส"},"geometry":{"type":"Polygon","coordinates":[[[101.94594430088881,5.987389963276257],[101.94559678756178,5.989898941383103],[101.9390970732714,5.991987528701543],[101.93728171258101,5.993499282765754],[101.93540964693773,6.005810078872116],[101.92380284462564,6.009997229688452],[101.9230617061329,6.011054880978008],[101.91067579235397,5.994880772729516],[101.89794388060568,5.985888430007094],[101.89610679499265,5.985235187653814],[101.89163085567952,5.986660927859589],[101.88600952991595,5.985761616605373],[101.88488786937972,5.988270807851563],[101.87943294157708,5.989749061270231],[101.87579871913562,5.993064852660893],[101.8706760926276,5.995765014943515],[101.86827578589885,5.989123134924796],[101.8653731106806,5.985964111554551],[101.86691720706352,5.9809392170712385],[101.8723305717985,5.980680520789463],[101.87384016029523,5.979646560340541],[101.87398568499145,5.962123713638505],[101.89295850593038,5.962376167726006],[101.89236804075256,5.95721629579549],[101.88704118899972,5.944705755766051],[101.8909254976137,5.943651485028056],[101.89706473125239,5.944890999020458],[101.90168194056918,5.941641829406933],[101.90634986175678,5.9422663995747484],[101.90822732333237,5.944626781800594],[101.91082690094078,5.944720658431663],[101.91302794128654,5.946673860909982],[101.91584942391182,5.9455866381129],[101.91789020686764,5.947894994558396],[101.92650170558932,5.946865174588197],[101.92857438210211,5.947521062746887],[101.92888909715418,5.949335947695886],[101.93067622992413,5.949638158574203],[101.93418279989635,5.949495012584805],[101.93591296870858,5.948256523819566],[101.93895174732535,5.950421665027875],[101.94017751068361,5.95265446583096],[101.94250833219382,5.953517127913187],[101.94360981374194,5.957761632093707],[101.94083287723555,5.95945149778845],[101.9406924615879,5.962278032805045],[101.94181383074374,5.965115140251555],[101.93894832990156,5.9723271481793745],[101.94548883204402,5.977042667784929],[101.94536035939313,5.97818906057671],[101.94302151413166,5.978406715397625],[101.94484371056888,5.980080637911158],[101.94210389357988,5.980446360711028],[101.94167809786597,5.981259128406123],[101.94372836057545,5.98349720013573],[101.94500917503348,5.987177589274381],[101.94594430088881,5.987389963276257]]]}},{"type":"Feature","properties":{"subdistrict_code":"960902","subdistrict_th":"สุคิริน","subdistrict_en":"Sukhirin","district_code":"9609","district_th":"สุคิริน","province_code":"96","province_th":"นราธิวาส"},"geometry":{"type":"Polygon","coordinates":[[[101.71079333774242,5.992115811595454],[101.70831270266916,5.993333878555688],[101.70487460437954,5.999981567295549],[101.70172830281899,5.999990708004816],[101.69897711120478,6.002643792577032],[101.69793801113036,6.001676927847996],[101.69945381843905,5.998863704596317],[101.69705536521298,5.9967312348586574],[101.69780212626716,5.99383134843805],[101.694736797865,5.992135701901191],[101.68874073359802,5.9908791331654925],[101.68643715525059,5.993367591441256],[101.68122109367857,5.9961222085731265],[101.67819749561801,5.996274813631771],[101.67621453187519,5.9925292919932645],[101.6746703833316,5.992082362211306],[101.67485733709651,5.989347565238006],[101.67250958225151,5.986133471882283],[101.67199085779191,5.980964169660751],[101.67356948814142,5.977938481575734],[101.66867273535848,5.9773709760897304],[101.6657780191403,5.970655462279808],[101.65950462643741,5.9674464204160245],[101.6607213408173,5.96488467458812],[101.65911452841283,5.962205537555576],[101.65524293441393,5.961396120734435],[101.65689924280588,5.9597893667859125],[101.6554799678263,5.9574523534433865],[101.65356734905396,5.958386638432671],[101.6499124871716,5.956135872772336],[101.65146971995165,5.954902758355672],[101.65197917240096,5.952857975215409],[101.6493505727708,5.946878864068367],[101.64802990395697,5.94579512344626],[101.65131602221669,5.941877774639636],[101.64910891324581,5.937808390944554],[101.65030950098276,5.935667389338619],[101.64889735223107,5.933925700210921],[101.64891445283979,5.929669238644522],[101.64723989630426,5.928609009897912],[101.64576543262865,5.928856381017226],[101.6448608162737,5.926050499830751],[101.64140304081775,5.927187860731237],[101.6401243964238,5.9215771982291585],[101.63647001567875,5.916880100336414],[101.63757751818798,5.912522963264166],[101.63557273059712,5.90958670196477],[101.63195472113352,5.908796733882184],[101.63056013973869,5.906802855967101],[101.62666831099381,5.9064170423126825],[101.6203256480103,5.901143321607037],[101.61869184605189,5.897541812005045],[101.65002149759408,5.902099522175263],[101.68525218064366,5.905793169119534],[101.71881502329472,5.911442131948888],[101.7388441150639,5.911072066322845],[101.74855474990187,5.905217221697455],[101.7512149238297,5.906532943340721],[101.75402527644542,5.909589052792626],[101.75712424668671,5.910100599762927],[101.75938463779084,5.9090406237258435],[101.76218311935554,5.910092127249925],[101.76083068738637,5.916985758985618],[101.76282279543574,5.920106557571614],[101.76740845023983,5.92410500993833],[101.76630746062085,5.928914856735275],[101.76785516058726,5.929481757876886],[101.7688882567877,5.932153795661179],[101.77184819993454,5.93247500471773],[101.77292667322746,5.933613219974177],[101.77208695644794,5.936064205298862],[101.77552711958094,5.940932868657001],[101.77570752897935,5.942886554970585],[101.77431859982357,5.942664526746569],[101.77274313958429,5.9443912502560465],[101.76844358790134,5.944589584042092],[101.76667424102345,5.943642325433018],[101.76510283942457,5.94741144708064],[101.76292187824214,5.947304051840547],[101.7632910886129,5.948949872338801],[101.75902851975047,5.949848826562118],[101.75904935794159,5.959221969218561],[101.7554013488932,5.961554600164732],[101.75223256608012,5.9662791183866375],[101.75069167038436,5.96715852764396],[101.74955417368625,5.9698095473727335],[101.75088157032826,5.977149153810444],[101.74740857834325,5.977138436589598],[101.74654272186916,5.979347029441897],[101.73976712435336,5.983026426628328],[101.73732055110258,5.989581438432708],[101.73372271972778,5.994914973946948],[101.73154933803158,5.995397399070782],[101.72923101709785,5.994073277759583],[101.72850710871614,5.991090385712766],[101.72531055393898,5.987161931178207],[101.72167397437448,5.991308474906248],[101.71783949000053,5.9932065057756745],[101.71332741233027,5.991441353335858],[101.71079333774242,5.992115811595454]]]}},{"type":"Feature","properties":{"subdistrict_code":"960806","subdistrict_th":"เอราวัณ","subdistrict_en":"Erawan","district_code":"9608","district_th":"แว้ง","province_code":"96","province_th":"นราธิวาส"},"geometry":{"type":"Polygon","coordinates":[[[101.86536703755877,5.986422118286157],[101.86033470028627,5.984153417446294],[101.85261896139599,5.986615630806739],[101.84709507357883,5.990286167872398],[101.84356527142018,5.991167375773841],[101.83729880439637,5.990007170294746],[101.8308417071791,5.986880941602237],[101.82861187144078,5.987626020924154],[101.82345943870217,5.9928361784469075],[101.82195636759235,5.992869335551461],[101.81799526317093,5.987659221196168],[101.81559660489944,5.978794013832726],[101.81007344103654,5.977043966405972],[101.81068997216454,5.969196135992945],[101.81287548121855,5.961748601916497],[101.83394458857197,5.956386995863227],[101.84389939384204,5.956897617431139],[101.8515802651172,5.958985763182454],[101.87398568499145,5.962123713638505],[101.87384016029523,5.979646560340541],[101.8723305717985,5.980680520789463],[101.86691720706352,5.9809392170712385],[101.86536703755877,5.986422118286157]]]}},{"type":"Feature","properties":{"subdistrict_code":"960801","subdistrict_th":"แว้ง","subdistrict_en":"Waeng","district_code":"9608","district_th":"แว้ง","province_code":"96","province_th":"นราธิวาส"},"geometry":{"type":"Polygon","coordinates":[[[101.91584942391182,5.9455866381129],[101.91302794128654,5.946673860909982],[101.91082690094078,5.944720658431663],[101.90822732333237,5.944626781800594],[101.90634986175678,5.9422663995747484],[101.90168194056918,5.941641829406933],[101.89706473125239,5.944890999020458],[101.8909254976137,5.943651485028056],[101.88704118899972,5.944705755766051],[101.89236804075256,5.95721629579549],[101.89297610206552,5.962121228811725],[101.8922842374277,5.962644550605546],[101.87045010289,5.961947332303566],[101.8515802651172,5.958985763182454],[101.84672440360839,5.9573031792983215],[101.83394458857197,5.956386995863227],[101.81287548121855,5.961748601916497],[101.81483464710135,5.955600551324437],[101.81460203475615,5.940807527445486],[101.81073227897156,5.934463263668704],[101.81018167444478,5.928089675698004],[101.81116803018051,5.923279372045442],[101.81039507277444,5.91563738835481],[101.80763314775163,5.909702468993771],[101.8090211101362,5.908245218342188],[101.81808124195584,5.909859077834199],[101.84408880365544,5.917742667090465],[101.8484994189131,5.916258559085293],[101.8524333907884,5.919604029902132],[101.86293773219063,5.922179175628514],[101.86555106942637,5.924123505395528],[101.86905853062677,5.9226128458062135],[101.87317484364416,5.923243752597159],[101.87601832368676,5.925519147090995],[101.87930703379266,5.923977661439949],[101.8815763830437,5.9265964512652545],[101.88893554883657,5.9274278043497475],[101.89224669972549,5.929883706268072],[101.89209650305122,5.931578734970685],[101.89443403170526,5.930904979081561],[101.89704244605213,5.9334002488224655],[101.9016103059709,5.933128415244198],[101.908140402058,5.935265342021978],[101.91132533939293,5.934071507294277],[101.91357154459115,5.936420897106757],[101.91357831019093,5.9377619787323965],[101.91499039419142,5.938442035271748],[101.9147050069306,5.943047664018536],[101.91584942391182,5.9455866381129]]]}},{"type":"Feature","properties":{"subdistrict_code":"960901","subdistrict_th":"มาโมง","subdistrict_en":"Mamong","district_code":"9609","district_th":"สุคิริน","province_code":"96","province_th":"นราธิวาส"},"geometry":{"type":"Polygon","coordinates":[[[101.8136892066916,5.938537443448297],[101.80427525280072,5.95247152484103],[101.80208107158427,5.952232499430352],[101.80096412079757,5.950864734020286],[101.79720662468605,5.949325122556388],[101.79264356085173,5.942055747774589],[101.79216389125065,5.9396568970482235],[101.78735543030893,5.933239148767768],[101.78441487114947,5.9309311610442705],[101.78049482617536,5.932040260749488],[101.77924117304178,5.9353401584216385],[101.7786684344008,5.943052389955881],[101.7761641867279,5.944419104058454],[101.77552711958094,5.940932868657001],[101.77208695644794,5.936064205298862],[101.77292667322746,5.933613219974177],[101.77184819993454,5.93247500471773],[101.7688882567877,5.932153795661179],[101.76785516058726,5.929481757876886],[101.76630746062085,5.928914856735275],[101.76740845023983,5.92410500993833],[101.76282279543574,5.920106557571614],[101.76083068738637,5.916985758985618],[101.76239944677712,5.910325707265599],[101.76084821697168,5.909147997382206],[101.75712424668671,5.910100599762927],[101.75402527644542,5.909589052792626],[101.7489010428489,5.905214944614045],[101.7388441150639,5.911072066322845],[101.71881502329472,5.911442131948888],[101.68525218064366,5.905793169119534],[101.65002149759408,5.902099522175263],[101.61869184605189,5.897541812005045],[101.6181999618588,5.8960340779104286],[101.62196398614913,5.895501533568961],[101.62189299726407,5.885660460162171],[101.62317199778954,5.8813928901698205],[101.62250212966961,5.877947252863464],[101.62326386983176,5.877104355181871],[101.63192788986026,5.875322275702501],[101.63770972392467,5.871109188438368],[101.64146075391074,5.870501818704042],[101.64693917919982,5.874632338311812],[101.65181085079018,5.876097504796064],[101.65405937623927,5.877830098180539],[101.65870871113816,5.8748707279017935],[101.65899042197043,5.871195769769031],[101.66178893321273,5.868534523849235],[101.66263149095062,5.86620004839358],[101.6594747455631,5.86406579889757],[101.65556301302269,5.857321021148266],[101.65712991531342,5.854058582937284],[101.66003533885987,5.8524411927069195],[101.66119877830101,5.848068625067015],[101.65960104455263,5.841991575051168],[101.65669429270753,5.838592778034354],[101.65856453002908,5.831483227169258],[101.66288033785736,5.8327296767332655],[101.67761476281112,5.832668237749033],[101.68024627804334,5.835344694801847],[101.68260439127971,5.834781086078294],[101.68697788162399,5.835824280766019],[101.69038485797489,5.8393768969262965],[101.69201232241079,5.839343125584833],[101.69332375698588,5.837495636614392],[101.69549517905932,5.837878605713115],[101.6960420549969,5.836544499229319],[101.69712803133365,5.836733014217259],[101.69924606785179,5.839160464284021],[101.70296301802892,5.840949063848257],[101.70281086173196,5.843736154599924],[101.70521511198791,5.849144230421928],[101.72741989581158,5.853121185394457],[101.72811571207052,5.85565306113989],[101.72769316021123,5.86247868794112],[101.72976952934039,5.864061221348322],[101.73138247691986,5.867877974688838],[101.73724996421453,5.870152416800636],[101.74663083204734,5.869382394781724],[101.75348967890562,5.8661182442616],[101.75366319140323,5.852962447858715],[101.75215412541263,5.842021410959376],[101.75224647229692,5.831186876273364],[101.81006771595241,5.830894700030456],[101.81210928221765,5.837274451055123],[101.81190351283692,5.840339152629838],[101.80967827263424,5.843615005128413],[101.81096566743167,5.845866929115516],[101.80622951468041,5.852024770626713],[101.80079684959497,5.862376452111619],[101.79828707738676,5.871718477325942],[101.79956165774439,5.878498548968935],[101.80179063373083,5.882369367752176],[101.80158840767893,5.8860202744161825],[101.80289014756232,5.890877237594509],[101.801623540594,5.894602961557496],[101.80196875705258,5.89641346411014],[101.80924634084602,5.90761383940719],[101.80763314775163,5.909702468993771],[101.81039507277444,5.91563738835481],[101.81116803018051,5.923279372045442],[101.81018167444478,5.928089675698004],[101.81073227897156,5.934463263668704],[101.8136892066916,5.938537443448297]]]}},{"type":"Feature","properties":{"subdistrict_code":"960803","subdistrict_th":"ฆอเลาะ","subdistrict_en":"Kholo","district_code":"9608","district_th":"แว้ง","province_code":"96","province_th":"นราธิวาส"},"geometry":{"type":"Polygon","coordinates":[[[101.92857438210211,5.947521062746887],[101.92650170558932,5.946865174588197],[101.91679420039208,5.9474287158626],[101.9147050069306,5.943047664018536],[101.91499039419142,5.938442035271748],[101.91357831019093,5.9377619787323965],[101.91357154459115,5.936420897106757],[101.91132533939293,5.934071507294277],[101.908140402058,5.935265342021978],[101.9016103059709,5.933128415244198],[101.89704244605213,5.9334002488224655],[101.89443403170526,5.930904979081561],[101.89209650305122,5.931578734970685],[101.89224669972549,5.929883706268072],[101.88893554883657,5.9274278043497475],[101.88268496923598,5.926702832070077],[101.88136548213134,5.9217403604293395],[101.88274172994693,5.914374640377389],[101.88111335000116,5.908226760656532],[101.88049864000027,5.900805297026864],[101.88394708678868,5.893369010771266],[101.88533474879966,5.886015129394764],[101.88474523600388,5.882694376444363],[101.88220350278948,5.878071342218732],[101.91866756015986,5.877159726440254],[101.92801400734061,5.866216524872755],[101.9316703432118,5.865047703888479],[101.9334435373894,5.862523923840058],[101.93573779066656,5.863406762212378],[101.93718361273358,5.861877249235704],[101.94094243174789,5.867663445011999],[101.94024836197241,5.870445971704271],[101.94326975309667,5.872370978637775],[101.94175021540019,5.876638836413235],[101.93904501241747,5.879230230191013],[101.94028343463287,5.884616862578184],[101.93885805685392,5.88727662731452],[101.9395701526405,5.889345773988339],[101.9364590172699,5.888528155350116],[101.93794250474286,5.89166385840042],[101.93429160527342,5.8971615426710855],[101.93512133058499,5.8995054951824955],[101.93296733107752,5.900422211915611],[101.9338673420043,5.902109740272351],[101.93173399542763,5.9055171204188355],[101.93268153102787,5.90695495470743],[101.9311345855927,5.907044146770033],[101.92947853710484,5.905098918580279],[101.92962238006885,5.909745333380499],[101.92654669057737,5.910682814560289],[101.92508714305728,5.908948195902553],[101.9217533544338,5.9104878280508615],[101.92064383834253,5.915239971647395],[101.92052928809625,5.918377175666194],[101.92353907167086,5.921276464037646],[101.92253051437183,5.923807863142429],[101.92411660100038,5.924768763567613],[101.92675294019608,5.923943688650354],[101.92874588011836,5.931226714241518],[101.93021113383679,5.932639875629832],[101.92860073223807,5.935266934721312],[101.93077903412518,5.936326807336343],[101.92838394526291,5.938810848142168],[101.93067945759094,5.941257267608876],[101.92975786023715,5.943309943199381],[101.93110643861132,5.945040567967908],[101.93036771299961,5.945604268422301],[101.92878526143073,5.944634837028161],[101.92857438210211,5.947521062746887]]]}},{"type":"Feature","properties":{"subdistrict_code":"960805","subdistrict_th":"แม่ดง","subdistrict_en":"Mae Dong","district_code":"9608","district_th":"แว้ง","province_code":"96","province_th":"นราธิวาส"},"geometry":{"type":"Polygon","coordinates":[[[101.88220350278948,5.878071342218732],[101.88474523600388,5.882694376444363],[101.88533474879966,5.886015129394764],[101.88394708678868,5.893369010771266],[101.88049864000027,5.900805297026864],[101.88111335000116,5.908226760656532],[101.88274172994693,5.914374640377389],[101.88136548213134,5.9217403604293395],[101.88268496923598,5.926702832070077],[101.8815763830437,5.9265964512652545],[101.87930703379266,5.923977661439949],[101.87601832368676,5.925519147090995],[101.87317484364416,5.923243752597159],[101.86905853062677,5.9226128458062135],[101.86555106942637,5.924123505395528],[101.86293773219063,5.922179175628514],[101.8524333907884,5.919604029902132],[101.84924487235304,5.916454640069617],[101.84408880365544,5.917742667090465],[101.81808124195584,5.909859077834199],[101.8090211101362,5.908245218342188],[101.80886376295234,5.906344559653746],[101.80196875705258,5.89641346411014],[101.801623540594,5.894602961557496],[101.80289014756232,5.890877237594509],[101.80158840767893,5.8860202744161825],[101.80179063373083,5.882369367752176],[101.79956165774439,5.878498548968935],[101.79828707738676,5.871718477325942],[101.80056502595522,5.862933313221902],[101.81017118655109,5.86855340241766],[101.81583648466608,5.870667495408611],[101.82367205911828,5.875730281927019],[101.83670891028805,5.879655111294426],[101.84773004800337,5.878214325430804],[101.85358153905685,5.880995588575615],[101.86368309389974,5.881610771619876],[101.88220350278948,5.878071342218732]]]}},{"type":"Feature","properties":{"subdistrict_code":"950203","subdistrict_th":"ตาเนาะแมเราะ","subdistrict_en":"Tano Maero","district_code":"9502","district_th":"เบตง","province_code":"95","province_th":"ยะลา"},"geometry":{"type":"Polygon","coordinates":[[[101.18744227004481,5.846033319881883],[101.18547333033001,5.856513220408829],[101.18298526415867,5.858416222730568],[101.1831910398347,5.8622958305881525],[101.18006458181503,5.864717731837914],[101.1756514754353,5.864464262415822],[101.17390411878011,5.866942931571089],[101.174293742862,5.870955191229143],[101.17660305528682,5.875017038605506],[101.17564954099356,5.878800043087551],[101.17628282828997,5.889666492914387],[101.17323952608331,5.883398369339318],[101.17095510599341,5.880382235651723],[101.16909532059265,5.880068540430841],[101.17002073556853,5.886201442842378],[101.16601005242205,5.892002107811095],[101.15955491392822,5.8950177387776534],[101.15369990292822,5.900335101783583],[101.14583039435729,5.90199555694943],[101.1443974415887,5.907934272348825],[101.13921739067013,5.91746171708462],[101.13460356370354,5.918123033551183],[101.13102399486155,5.921864772641186],[101.12681728468999,5.9139045602473175],[101.11803304059242,5.907092286579825],[101.11372613605238,5.906015477931987],[101.10938681365059,5.907100912876899],[101.1046342608625,5.911232315618918],[101.09732918659273,5.909177245133776],[101.0942119349329,5.912141847668181],[101.0910286037871,5.91179448003129],[101.0868259009946,5.913485604776895],[101.08591698857822,5.910666680722784],[101.08396458199991,5.91037510432767],[101.08002999858564,5.915570086690195],[101.07498028820982,5.918194367775925],[101.06986598942393,5.917580623646927],[101.06774211360772,5.918686977721904],[101.06582633461773,5.918392947076882],[101.06348917108846,5.919965110401563],[101.06143524813825,5.919550661433902],[101.0597217761391,5.916286561275854],[101.05599886435618,5.916235948330382],[101.05565618398577,5.9125282719622305],[101.05203652786355,5.9106318059131695],[101.04950993833307,5.91149547973265],[101.04582530169637,5.915715834418279],[101.0440151579732,5.916528258572328],[101.04114041929495,5.916182857752744],[101.03697703756029,5.917446910646447],[101.03166382402634,5.914921958781406],[101.02801613693521,5.915087292844362],[101.0252656917583,5.911526191580549],[101.02679824264482,5.908700985761925],[101.02645745714597,5.907009326819036],[101.02925941369102,5.903800908185417],[101.02915039337603,5.901288517151386],[101.02407012763433,5.897280438441555],[101.02299294037198,5.892310172376597],[101.01967124493206,5.889582827185791],[101.01810900292821,5.885595226038902],[101.0143802437533,5.882163540814815],[101.01323765419443,5.875123075869283],[101.00907562144283,5.87373331124337],[101.00984627838312,5.863767402943324],[101.0090224211479,5.857132028620299],[101.00669551078926,5.851310622587221],[101.0098095698558,5.840376862102573],[101.01195969058733,5.837626935834464],[101.01566695056937,5.836496542881207],[101.0169931097443,5.8326832968966755],[101.0218739742046,5.832276465186794],[101.02320644482165,5.827954083314353],[101.0277175853983,5.821385491747094],[101.03419560444365,5.818464011704805],[101.03837371707345,5.813006927327876],[101.04481625696474,5.808901726333659],[101.05158325336453,5.805775098342167],[101.05772544037683,5.805561797139262],[101.06183637185114,5.801273968119176],[101.06921026224387,5.797392913252395],[101.07434418873339,5.79766851768801],[101.07814872478389,5.792805981410936],[101.0833125762145,5.779851654730123],[101.08752737578783,5.785691633562067],[101.08985073472371,5.796934030581099],[101.09167924889829,5.798166962435403],[101.092948426129,5.797649223632789],[101.09545477012159,5.793901706398685],[101.09641753843869,5.7904627555518005],[101.10052462980786,5.787704899061907],[101.11005102233685,5.7883114144402725],[101.11221413107734,5.789409117936486],[101.12828176319289,5.791343563254884],[101.1338055430914,5.795891531968664],[101.14132662822135,5.7956766974216976],[101.14537168975176,5.797191448026979],[101.15037701678597,5.801850196129692],[101.1648081381851,5.799197838209693],[101.16662332980286,5.799984727912886],[101.16837862837104,5.798457013580389],[101.17374279479418,5.797788385625552],[101.17562929815364,5.796537288365187],[101.1775144714158,5.7977382996828055],[101.18002634983623,5.797085381984857],[101.1812739280494,5.801559052308448],[101.18354576662387,5.804644226949563],[101.18541148844952,5.805068680874967],[101.185191170736,5.806785009120915],[101.18609933401711,5.807925196590588],[101.18301939702764,5.813209390800807],[101.17938219513223,5.812529051874321],[101.17873044385493,5.813370591579599],[101.18211183089636,5.817131170567109],[101.18525205483854,5.815697485750434],[101.18741670681561,5.819195477988956],[101.19292584844919,5.816167749342185],[101.19393475378592,5.816800579782978],[101.19323883590363,5.818612399842436],[101.18818920376879,5.820258066556562],[101.18633713634983,5.823634896733154],[101.18358864899699,5.824253487308624],[101.18680209034426,5.828759317388631],[101.18324934198358,5.836450305137532],[101.18469959770835,5.83929904621408],[101.18827463936316,5.84157903264628],[101.18744227004481,5.846033319881883]]]}},{"type":"Feature","properties":{"subdistrict_code":"960804","subdistrict_th":"โละจูด","subdistrict_en":"Lochut","district_code":"9608","district_th":"แว้ง","province_code":"96","province_th":"นราธิวาส"},"geometry":{"type":"Polygon","coordinates":[[[101.88220350278948,5.878071342218732],[101.86368309389974,5.881610771619876],[101.85358153905685,5.880995588575615],[101.84773004800337,5.878214325430804],[101.83670891028805,5.879655111294426],[101.82367205911828,5.875730281927019],[101.81583648466608,5.870667495408611],[101.81017118655109,5.86855340241766],[101.80056502595522,5.862933313221902],[101.80622951468041,5.852024770626713],[101.80932200080974,5.847144676885364],[101.81086072824007,5.846196130447083],[101.80967827263424,5.843615005128413],[101.81221378074144,5.839118342737379],[101.8093400043378,5.826419429812859],[101.80819747143624,5.81300421407326],[101.80849522617382,5.808685903431751],[101.81021347357301,5.8053471262688845],[101.80519106301722,5.803830339598562],[101.80194389889186,5.801140780322783],[101.8006538753761,5.798426823339298],[101.80075126026253,5.786607497737862],[101.80490000013498,5.77889867193619],[101.80574708056338,5.772517485593539],[101.80997644285861,5.771010782121948],[101.81833925565218,5.764809883769146],[101.82116846165525,5.766379934586382],[101.82405856884793,5.764415596702463],[101.82586644358156,5.76975571795208],[101.8349222811384,5.784325664997482],[101.83601167579826,5.788885288025654],[101.83751194372127,5.788940040550472],[101.8382632373586,5.790136828651782],[101.84052405474137,5.79000255357505],[101.84046359332024,5.791567723771493],[101.84290329305259,5.78887553307942],[101.84604412403718,5.790286475840219],[101.85473744667587,5.791051708069915],[101.85633613280635,5.793929233747178],[101.85759857771222,5.791889530877199],[101.86614243032898,5.791013342991448],[101.86674964178258,5.792792766772834],[101.86590662628981,5.793673598757607],[101.86384477041986,5.793643037096558],[101.86355823202683,5.79768572621532],[101.86032890055839,5.798736319625505],[101.86081505067409,5.801470865687975],[101.86557118815989,5.804071580938739],[101.86726170766173,5.8025819007341966],[101.86815963665799,5.804197391596404],[101.86941468913665,5.803923844809617],[101.86961886941538,5.805177563593759],[101.87237719625068,5.802932037383641],[101.87481782857998,5.804574214728291],[101.87496273544195,5.806218384071201],[101.87613013729606,5.806327786598104],[101.87660119858651,5.809223084677683],[101.87842966060043,5.808940457436222],[101.87806396388089,5.810635198355783],[101.87999953155321,5.810186249595802],[101.88010488443291,5.812381482119747],[101.87875707318045,5.813877799321006],[101.87951611807443,5.815928117788474],[101.87661704284233,5.820773971641529],[101.87949195958635,5.831349113970475],[101.88407670157858,5.835296168283605],[101.8834270277352,5.837907885840309],[101.88623735606916,5.839458615622675],[101.8884595520667,5.837989297867864],[101.89072779335305,5.838354997285364],[101.89523777740158,5.845562007680542],[101.89694727529655,5.843039751083666],[101.8990003681725,5.8442926074179695],[101.90056097161158,5.84278186239311],[101.9058956834391,5.8414105257751885],[101.91650508544137,5.843132892069377],[101.91622537919795,5.845432880323244],[101.92001264196989,5.845772191833248],[101.92295477494298,5.849545732749391],[101.92559357018717,5.849982027148883],[101.92901654817524,5.853446801128996],[101.9290292304147,5.854474160554105],[101.92688660643182,5.854873000888347],[101.92687986241577,5.857421984437053],[101.93040147085128,5.861565792427427],[101.9334435373894,5.862523923840058],[101.9316703432118,5.865047703888479],[101.92801400734061,5.866216524872755],[101.91866756015986,5.877159726440254],[101.88220350278948,5.878071342218732]]]}},{"type":"Feature","properties":{"subdistrict_code":"960904","subdistrict_th":"ภูเขาทอง","subdistrict_en":"Phukhao Thong","district_code":"9609","district_th":"สุคิริน","province_code":"96","province_th":"นราธิวาส"},"geometry":{"type":"Polygon","coordinates":[[[101.81006771595241,5.830894700030456],[101.75224647229692,5.831186876273364],[101.75215412541263,5.842021410959376],[101.75366319140323,5.852962447858715],[101.75348967890562,5.8661182442616],[101.74663083204734,5.869382394781724],[101.73724996421453,5.870152416800636],[101.73138247691986,5.867877974688838],[101.72976952934039,5.864061221348322],[101.72769316021123,5.86247868794112],[101.72811571207052,5.85565306113989],[101.72741989581158,5.853121185394457],[101.70521511198791,5.849144230421928],[101.70281086173196,5.843736154599924],[101.70296301802892,5.840949063848257],[101.69924606785179,5.839160464284021],[101.69712803133365,5.836733014217259],[101.6960420549969,5.836544499229319],[101.69549517905932,5.837878605713115],[101.69332375698588,5.837495636614392],[101.69201232241079,5.839343125584833],[101.69038485797489,5.8393768969262965],[101.68697788162399,5.835824280766019],[101.68260439127971,5.834781086078294],[101.68024627804334,5.835344694801847],[101.67761476281112,5.832668237749033],[101.66288033785736,5.8327296767332655],[101.65856453002908,5.831483227169258],[101.65879400014308,5.8254777164235065],[101.65725991411381,5.822882053563944],[101.65819895471805,5.814905699238693],[101.65764126533219,5.812397204967056],[101.65909418215085,5.811909528701847],[101.66267747238749,5.814845148784627],[101.66427927556816,5.8138191608256875],[101.66755682868478,5.8080921458359285],[101.66430194657761,5.80082367936933],[101.66986857557436,5.7954222189603115],[101.66893828987025,5.790932382423534],[101.67167048240691,5.787456589949727],[101.67408717838066,5.786372226097399],[101.67847181941897,5.781241926573728],[101.6821406675578,5.78193747213669],[101.6841690380707,5.783382600826428],[101.68721877402726,5.781722366893746],[101.6901211542679,5.7716660857213355],[101.689720270674,5.767011285642354],[101.68781525656891,5.764253512789423],[101.68951062431591,5.7634459054042395],[101.68964066898172,5.760824379841324],[101.69099862009028,5.758987483085946],[101.69050017624221,5.75605914031712],[101.69359755828077,5.754009439683955],[101.69537338117664,5.754040161424371],[101.69812113378333,5.7524127275654],[101.70216839955208,5.752771131682437],[101.70683398340168,5.7551027445960585],[101.70978362391514,5.761998837776218],[101.71263274360626,5.76243173543628],[101.71488148579198,5.764204026694529],[101.716918954746,5.7754853490696405],[101.71667344342472,5.785724816746949],[101.7181518614193,5.788290858636287],[101.71988827242592,5.787847090870571],[101.7215583116668,5.780009593667842],[101.72532551326191,5.782087400812941],[101.72685832675046,5.785293598121086],[101.72849902381097,5.783906723016912],[101.73360310000311,5.784461988729845],[101.73673664468049,5.782343121238114],[101.73886906585477,5.782178653222331],[101.7409229986975,5.783866710380437],[101.74119214869876,5.786477737257826],[101.7434223810381,5.789404863243874],[101.74387545318967,5.793606217952629],[101.74627701177474,5.794298206696908],[101.74786187712397,5.792928473570271],[101.75344683610268,5.797215473415406],[101.75729339567374,5.795570245570445],[101.7606554661769,5.7953031154464725],[101.76569124965152,5.789375162234023],[101.76895677613436,5.788922667447196],[101.77103241141674,5.786832965868712],[101.77358774957503,5.786391592098369],[101.7763415420286,5.783402265402287],[101.77384253560462,5.773521172164408],[101.7750647466408,5.769295953045855],[101.77662462882364,5.766156521406401],[101.7865598954229,5.757214068574456],[101.78937136859383,5.753541903735936],[101.79265760016818,5.750871726648938],[101.79415800209017,5.751637336593831],[101.79934358473872,5.750417355876323],[101.80133587624977,5.746566244836401],[101.80389842517224,5.744562736980754],[101.80903723228249,5.74336636076896],[101.8144361476102,5.737999458608158],[101.81562981956057,5.733449618405189],[101.82128911290232,5.733515439785776],[101.82289877705699,5.732734564748398],[101.82585120277088,5.733961379414154],[101.82697249098771,5.738476339411591],[101.82405637180415,5.744627396437238],[101.82430055212882,5.751465506727811],[101.82331358215617,5.753538110395539],[101.8192817136802,5.754007014212391],[101.8182342993735,5.755702994397723],[101.81922398709736,5.757623832074216],[101.82104199629117,5.758505743245507],[101.82405856884793,5.764415596702463],[101.82116846165525,5.766379934586382],[101.81833925565218,5.764809883769146],[101.80997644285861,5.771010782121948],[101.80574708056338,5.772517485593539],[101.80490000013498,5.77889867193619],[101.80154203773492,5.784249764015442],[101.8005742278184,5.787642972645131],[101.80119460264888,5.800019532575391],[101.80599213233108,5.804357782086015],[101.81021347357301,5.8053471262688845],[101.80849522617382,5.808685903431751],[101.80813486063539,5.811863197428693],[101.81006771595241,5.830894700030456]]]}},{"type":"Feature","properties":{"subdistrict_code":"950202","subdistrict_th":"ยะรม","subdistrict_en":"Yarom","district_code":"9502","district_th":"เบตง","province_code":"95","province_th":"ยะลา"},"geometry":{"type":"Polygon","coordinates":[[[101.26886552022762,5.803197686324211],[101.2660778134404,5.808741028275904],[101.26428411292153,5.8200803587216114],[101.26243651063652,5.82253239355515],[101.25946984775533,5.823200784988273],[101.25673198859045,5.825720788783428],[101.25517068457947,5.828890881009386],[101.25827861476631,5.829751873949874],[101.26142577967607,5.833505896879672],[101.26257145211088,5.837558334649486],[101.26745273385666,5.842251067233008],[101.26674584694337,5.8440736782577005],[101.26923423327332,5.848388449167658],[101.27168641289768,5.849452530609824],[101.27228911335197,5.851452891737608],[101.26817835544682,5.8518051139149065],[101.25888630915591,5.8555369397780055],[101.25766747777192,5.855059928572871],[101.2568250414426,5.856433373201639],[101.24022177041843,5.855971144153045],[101.23577326672296,5.857543722065145],[101.2323171972809,5.859986344594176],[101.22567819689135,5.855799116436117],[101.22330848329995,5.855906258067421],[101.22151932615606,5.856730882424358],[101.2194294348206,5.8598375373725275],[101.21593455243772,5.856330374747017],[101.2071280150459,5.853572368070388],[101.2038817115718,5.8514217805907265],[101.19889108215779,5.851467914912405],[101.19709122038358,5.8495641571601595],[101.19417970662823,5.849197563816574],[101.19191633876807,5.847064508620235],[101.18744227004481,5.846033319881883],[101.18827463936316,5.84157903264628],[101.18469959770835,5.83929904621408],[101.18324934198358,5.836450305137532],[101.18680209034426,5.828759317388631],[101.18358864899699,5.824253487308624],[101.18633713634983,5.823634896733154],[101.18818920376879,5.820258066556562],[101.19323883590363,5.818612399842436],[101.19393475378592,5.816800579782978],[101.19292584844919,5.816167749342185],[101.18741670681561,5.819195477988956],[101.18525205483854,5.815697485750434],[101.18211183089636,5.817131170567109],[101.17873044385493,5.813370591579599],[101.17938219513223,5.812529051874321],[101.18301939702764,5.813209390800807],[101.18609933401711,5.807925196590588],[101.185191170736,5.806785009120915],[101.18541148844952,5.805068680874967],[101.18354576662387,5.804644226949563],[101.1812739280494,5.801559052308448],[101.18002634983623,5.797085381984857],[101.1775144714158,5.7977382996828055],[101.17562929815364,5.796537288365187],[101.17374279479418,5.797788385625552],[101.16837862837104,5.798457013580389],[101.16662332980286,5.799984727912886],[101.1648081381851,5.799197838209693],[101.15037701678597,5.801850196129692],[101.14537168975176,5.797191448026979],[101.14132662822135,5.7956766974216976],[101.1338055430914,5.795891531968664],[101.12828176319289,5.791343563254884],[101.11221413107734,5.789409117936486],[101.11005102233685,5.7883114144402725],[101.10052462980786,5.787704899061907],[101.09641753843869,5.7904627555518005],[101.09545477012159,5.793901706398685],[101.092948426129,5.797649223632789],[101.09167924889829,5.798166962435403],[101.08985073472371,5.796934030581099],[101.08775181059764,5.786279008669339],[101.0833125762145,5.779851654730123],[101.08187115003363,5.773054462693324],[101.08330849419173,5.7705500441492745],[101.08834338463953,5.76943146289176],[101.09080474634203,5.7668091432274196],[101.11047530359247,5.7619502204263995],[101.11575384016766,5.7617865609011005],[101.11626200119048,5.759010967981851],[101.12247824197732,5.759959130409584],[101.12569524643851,5.758387117271695],[101.12774685363445,5.7592676758625885],[101.12752491444331,5.754804840571012],[101.13346187436605,5.751826490100484],[101.13843583664459,5.751873982398422],[101.14072045278675,5.754730047553721],[101.14167554179289,5.758433530383172],[101.14386864472226,5.754997343152922],[101.145572531747,5.754391174912826],[101.14560071290265,5.756054864940097],[101.14721028442716,5.755968274616237],[101.14897471111408,5.760703404838296],[101.15151931136717,5.758195320657592],[101.15737277463393,5.756760676264264],[101.16037831610646,5.754958784720202],[101.16252468486636,5.747773920130385],[101.16236412890152,5.744241532420858],[101.16709643705099,5.743509674032282],[101.17321528395826,5.7401374241028975],[101.17902856731462,5.736074409406513],[101.18192584120465,5.731808344879255],[101.18311613979807,5.7260413658164],[101.17956340043065,5.715703478133037],[101.18223208194507,5.710815122320071],[101.18365589040707,5.702054458446526],[101.20057313993851,5.673381513945742],[101.20481597857463,5.659942236844813],[101.20836172841109,5.6594699695634745],[101.21395366882683,5.661675275393691],[101.2144615870327,5.663981886255101],[101.21784868836636,5.666409842640178],[101.21802727843624,5.672282057670884],[101.22180042544932,5.675593549402834],[101.22119823221271,5.678265847091211],[101.21860132738942,5.681088684994847],[101.2181778123562,5.687674593008126],[101.22430895389516,5.688402989906081],[101.23300445738988,5.687833799090583],[101.23554997764938,5.690057316192224],[101.24169461801227,5.691145914052754],[101.24492276957022,5.696019853733333],[101.2488371182385,5.696642779041042],[101.2506012949139,5.699112787725028],[101.24966037022995,5.70299420501857],[101.24854304442601,5.7039351485883],[101.2513657249483,5.7084046829298245],[101.2555997754094,5.709698516873118],[101.25659947528561,5.711051137699883],[101.25918695431454,5.711168772620795],[101.26036306790132,5.713756396440601],[101.26065707156664,5.718402341794672],[101.2575991355917,5.719578513837405],[101.25883404595453,5.7236363727204775],[101.25795193963035,5.725459460385821],[101.25930447861884,5.726812085709241],[101.25895161882221,5.730458270033182],[101.25983370086465,5.732693033156977],[101.25889278427462,5.735457071586609],[101.2568933584418,5.737162534223614],[101.25724618226553,5.7396913423816045],[101.25477629858739,5.742278943718304],[101.25360014722906,5.746689645310937],[101.25555930321934,5.752501838688943],[101.25087503955149,5.758033747559466],[101.25011884281042,5.76124522568665],[101.2544183171517,5.769264976797274],[101.2544739474148,5.772637081036521],[101.25681119098374,5.774404083381796],[101.25904648380822,5.778625145833871],[101.25871442443122,5.7873484941377455],[101.26009591169702,5.792175185236658],[101.26206697830844,5.794746410818277],[101.26468663957684,5.801805399099919],[101.26886552022762,5.803197686324211]]]}},{"type":"Feature","properties":{"subdistrict_code":"950201","subdistrict_th":"เบตง","subdistrict_en":"Betong","district_code":"9502","district_th":"เบตง","province_code":"95","province_th":"ยะลา"},"geometry":{"type":"Polygon","coordinates":[[[101.0833125762145,5.779851654730123],[101.07814872478389,5.792805981410936],[101.07434418873339,5.79766851768801],[101.06921026224387,5.797392913252395],[101.06183637185114,5.801273968119176],[101.05772544037683,5.805561797139262],[101.05158325336453,5.805775098342167],[101.04038989997395,5.8113581759391195],[101.03419560444365,5.818464011704805],[101.0277175853983,5.821385491747094],[101.02320644482165,5.827954083314353],[101.0218739742046,5.832276465186794],[101.0169931097443,5.8326832968966755],[101.01513931832494,5.836872501764617],[101.01195969058733,5.837626935834464],[101.00854038363184,5.836359857621403],[101.00733716717656,5.832957395867197],[101.00431662681092,5.830049045027465],[101.0010544628932,5.82852875729634],[101.00178744543433,5.824716495170151],[100.99987951212984,5.822728025777792],[100.99919841057823,5.819034352753249],[100.9920713598055,5.811743500362297],[100.98476339241671,5.809823990984455],[100.98389254830255,5.808397421603786],[100.98462227709649,5.802934157085701],[100.98825302455748,5.797273226977893],[100.98882152019706,5.785857679888068],[100.98968019738328,5.783815699035358],[100.99068344508498,5.782968471118124],[100.99356836229015,5.784880131213129],[100.99630368986345,5.784167426585498],[100.99761401917169,5.780210362818025],[101.0028730764314,5.7793193837825925],[101.00499853505443,5.775196529995924],[101.00725353562223,5.774064663053821],[101.00710173725543,5.770366298266083],[101.01879931893347,5.766212979945124],[101.01999097100656,5.759226325934264],[101.02461770324447,5.752544500728163],[101.02683425959344,5.750951084624887],[101.02852913990796,5.7460601567509],[101.03371678829922,5.738678494417059],[101.03667106481782,5.737457075683551],[101.0409416043716,5.7407231138806765],[101.05063912709409,5.740724974577972],[101.05364973174977,5.744578513787417],[101.05481118458857,5.7430287471789825],[101.05616916177746,5.744632081005761],[101.06006232421697,5.744339209586883],[101.06107488889506,5.742440964678849],[101.05919550187099,5.734190165144071],[101.06284524571157,5.731562284072197],[101.06214507403598,5.726895560781543],[101.06597599709465,5.726797197432745],[101.06795452987774,5.728757918243389],[101.07581226272578,5.7254534070491445],[101.07904961974424,5.7220022865762985],[101.08256867230642,5.721427311321406],[101.08574001818732,5.730129778266701],[101.08403538112799,5.741193748892442],[101.08486549674535,5.745929115636216],[101.08140453319271,5.750573910757396],[101.07949435607975,5.758950213381695],[101.07697451506186,5.764122157811357],[101.0777913773702,5.766287795445464],[101.08293055140388,5.770869543594586],[101.08179144761726,5.774248112160706],[101.0833125762145,5.779851654730123]]]}},{"type":"Feature","properties":{"subdistrict_code":"950205","subdistrict_th":"ธารน้ำทิพย์","subdistrict_en":"Than Nam Thip","district_code":"9502","district_th":"เบตง","province_code":"95","province_th":"ยะลา"},"geometry":{"type":"Polygon","coordinates":[[[101.20481597857463,5.659942236844813],[101.20057313993851,5.673381513945742],[101.18442670832599,5.7005011727909505],[101.18223208194507,5.710815122320071],[101.17964556339211,5.71446016090772],[101.1799621850069,5.717639356970778],[101.18311613979807,5.7260413658164],[101.18228231717524,5.731060620651192],[101.17902856731462,5.736074409406513],[101.17321528395826,5.7401374241028975],[101.16709643705099,5.743509674032282],[101.16236412890152,5.744241532420858],[101.16252468486636,5.747773920130385],[101.16106394484524,5.75412562579703],[101.15948604204726,5.755744136582678],[101.15151931136717,5.758195320657592],[101.14897471111408,5.760703404838296],[101.14721028442716,5.755968274616237],[101.14560071290265,5.756054864940097],[101.145572531747,5.754391174912826],[101.14386864472226,5.754997343152922],[101.14167554179289,5.758433530383172],[101.14072045278675,5.754730047553721],[101.13843583664459,5.751873982398422],[101.13444487203327,5.7516075429538205],[101.12752491444331,5.754804840571012],[101.12814306704894,5.758335607702179],[101.1274228063175,5.759354768008166],[101.12569524643851,5.758387117271695],[101.12247824197732,5.759959130409584],[101.11626200119048,5.759010967981851],[101.11575384016766,5.7617865609011005],[101.11047530359247,5.7619502204263995],[101.09080474634203,5.7668091432274196],[101.08834338463953,5.76943146289176],[101.08293055140388,5.770869543594586],[101.0777913773702,5.766287795445464],[101.07697451506186,5.764122157811357],[101.07949435607975,5.758950213381695],[101.08140453319271,5.750573910757396],[101.08486549674535,5.745929115636216],[101.08403538112799,5.741193748892442],[101.08574001818732,5.730129778266701],[101.08267020486613,5.720022260019334],[101.08012073658278,5.717231939802218],[101.08117273293533,5.715241821053269],[101.07996540927627,5.71383137831549],[101.08068531657415,5.710386518023427],[101.08174461092511,5.709898163669379],[101.08339471759223,5.712123234799492],[101.08521270520225,5.7124504711123905],[101.08582786216618,5.711714363427177],[101.08527974516414,5.708721657978174],[101.08844738403963,5.704669027753482],[101.09514311366382,5.70359993978542],[101.09655514730224,5.700219857660329],[101.09476075160745,5.697088756441019],[101.09662855986022,5.694799230000513],[101.09685060067471,5.69225351458806],[101.09986982892951,5.68908117585562],[101.10280666129842,5.68885746230211],[101.1046070590686,5.684486038599857],[101.11054258007607,5.681528489448283],[101.11468287801245,5.675226863429032],[101.11830170855706,5.6718036902881295],[101.11967584656315,5.6636453473549295],[101.1233319890801,5.661196710160084],[101.1228463632691,5.657022395367278],[101.125688065352,5.651343679367358],[101.12519124388086,5.646413408851799],[101.12800841425695,5.6422162845539106],[101.12919626039917,5.638361312724442],[101.12781863662082,5.631920006703012],[101.13099132788756,5.620664482280063],[101.13285552266427,5.618554665565398],[101.13294039618239,5.614288447254069],[101.13378090976124,5.6130982709684645],[101.13520252117945,5.612739379418883],[101.13908848994191,5.614486903347938],[101.14130335466615,5.613593974582329],[101.14367529407963,5.614172334885382],[101.14446018458989,5.615670141363978],[101.14450848537837,5.623014619429171],[101.1484330197681,5.624182763223985],[101.15156995758753,5.622664876682734],[101.1566414441474,5.626999580166512],[101.16348362207157,5.630493119861626],[101.16815600659447,5.635605465319998],[101.16654127296141,5.6412220093882866],[101.17137846184659,5.64753995990128],[101.1761893158843,5.647831021884201],[101.18352975779214,5.649951057595274],[101.18624684441642,5.649585454405269],[101.18811211208435,5.650673965930821],[101.19064808693975,5.64939146344534],[101.19506805334805,5.649380994437365],[101.19901099686007,5.651347523969093],[101.20080826139218,5.653988849006225],[101.20260859171321,5.654453227434544],[101.20380617391584,5.659131918902972],[101.20481597857463,5.659942236844813]]]}},{"type":"Feature","properties":{"subdistrict_code":"900208","subdistrict_th":"ท่าหิน","subdistrict_en":"Tha Hin","district_code":"9002","district_th":"สทิงพระ","province_code":"90","province_th":"สงขลา"},"geometry":{"type":"Polygon","coordinates":[[[100.43668058534081,7.416697260670105],[100.43343847540535,7.428243347952218],[100.42684334844182,7.426047325823504],[100.42456734240898,7.427346671711575],[100.4209870370222,7.422957060120268],[100.41890232218446,7.4226925982848115],[100.41736388613452,7.424157471590092],[100.40775555367594,7.418952604778951],[100.38502178592671,7.419036635632267],[100.38734579597178,7.414767171667677],[100.39551409979595,7.406321775929257],[100.3990178692793,7.400060199418704],[100.40041030758971,7.382133226167525],[100.40617362011653,7.3615621004106515],[100.42495290425319,7.365542793864904],[100.43002638281138,7.368220698826235],[100.42993070303959,7.369088841376993],[100.44517469015989,7.372420244998352],[100.44151745676527,7.386272623882519],[100.4450568358044,7.3889643882959035],[100.43979766343148,7.395786318883552],[100.43668058534081,7.416697260670105]]]}},{"type":"Feature","properties":{"subdistrict_code":"900702","subdistrict_th":"คลองแดน","subdistrict_en":"Khlong Daen","district_code":"9007","district_th":"ระโนด","province_code":"90","province_th":"สงขลา"},"geometry":{"type":"Polygon","coordinates":[[[100.33690886135491,7.931888955710804],[100.3350273447362,7.93200096717095],[100.33366430886082,7.935731447648266],[100.32651915563457,7.938666786243232],[100.31224380940432,7.936857593103468],[100.30634930737472,7.922615858135373],[100.30746182360434,7.914420765306147],[100.2955431453999,7.9160885724297145],[100.28839928719742,7.9153176232097735],[100.29171635022942,7.895918023597972],[100.29883123497359,7.896884871239877],[100.30090684237695,7.8980647673751605],[100.31855713740202,7.900295577079248],[100.31859673724966,7.892959789163001],[100.32059852020558,7.879967797975553],[100.32905942115542,7.880079425425208],[100.32875088714377,7.898645590921319],[100.33645269193823,7.898515072312762],[100.34380239686317,7.900343126933819],[100.33690886135491,7.931888955710804]]]}},{"type":"Feature","properties":{"subdistrict_code":"900712","subdistrict_th":"แดนสงวน","subdistrict_en":"Daen Sa-Nguan","district_code":"9007","district_th":"ระโนด","province_code":"90","province_th":"สงขลา"},"geometry":{"type":"Polygon","coordinates":[[[100.32059852020558,7.879967797975553],[100.31859673724966,7.892959789163001],[100.31855713740202,7.900295577079248],[100.30090684237695,7.8980647673751605],[100.29883123497359,7.896884871239877],[100.29171635022942,7.895918023597972],[100.28839928719742,7.9153176232097735],[100.28095679831767,7.91383232180425],[100.26649450911435,7.91421247512568],[100.26683800516986,7.90602195714763],[100.26101772958464,7.903050674449105],[100.26780443822429,7.868748952402257],[100.27016269625148,7.8510956311585005],[100.27713684788728,7.851467908217444],[100.28565125310291,7.854982495645686],[100.3015158200991,7.856807372062633],[100.31731762071166,7.860943535815579],[100.3153608587167,7.868653489367091],[100.31482105324909,7.87525119108966],[100.32059852020558,7.879967797975553]]]}},{"type":"Feature","properties":{"subdistrict_code":"900703","subdistrict_th":"ตะเครียะ","subdistrict_en":"Takhria","district_code":"9007","district_th":"ระโนด","province_code":"90","province_th":"สงขลา"},"geometry":{"type":"Polygon","coordinates":[[[100.2781181737148,7.802915020911541],[100.2752234565973,7.809961665998117],[100.27514126126027,7.819110014115893],[100.26846541834442,7.844105008439442],[100.26829122775803,7.848628434654586],[100.27016269625148,7.8510956311585005],[100.26780443822429,7.868748952402257],[100.26101772958464,7.903050674449105],[100.25600422141775,7.897830110870984],[100.2497116138,7.893250861937759],[100.2428633195866,7.890286300772232],[100.23477428830284,7.88352242142264],[100.2488650972465,7.838335276551845],[100.2404071874418,7.835720459032018],[100.24839604414217,7.807259114216777],[100.25014654932386,7.803746714839065],[100.25894779240673,7.793898712155908],[100.26073566711739,7.792692858888358],[100.26161617804422,7.79565201422912],[100.26645567279115,7.798871213935399],[100.2781181737148,7.802915020911541]]]}},{"type":"Feature","properties":{"subdistrict_code":"900704","subdistrict_th":"ท่าบอน","subdistrict_en":"Tha Bon","district_code":"9007","district_th":"ระโนด","province_code":"90","province_th":"สงขลา"},"geometry":{"type":"Polygon","coordinates":[[[100.3688387051422,7.785737811550803],[100.34380239686317,7.900343126933819],[100.33645269193823,7.898515072312762],[100.32875088714377,7.898645590921319],[100.32905942115542,7.880079425425208],[100.32059852020558,7.879967797975553],[100.31514634342909,7.8758255548055445],[100.3147429858002,7.874581660215483],[100.3154658087002,7.868141079946952],[100.32222245839978,7.84448731024122],[100.32210496826974,7.837073820000853],[100.33014389202708,7.808679004332646],[100.32965763758995,7.807160403729711],[100.32484079496675,7.804175663576075],[100.32684385855731,7.79308222756282],[100.32788659459072,7.791628633554637],[100.33488887162417,7.788522857244118],[100.33803749883157,7.788141212846767],[100.33937188500454,7.786281235890385],[100.33964961903473,7.7832604554057525],[100.3585863133078,7.783445533184874],[100.3688387051422,7.785737811550803]]]}},{"type":"Feature","properties":{"subdistrict_code":"900711","subdistrict_th":"บ้านขาว","subdistrict_en":"Ban Khwa","district_code":"9007","district_th":"ระโนด","province_code":"90","province_th":"สงขลา"},"geometry":{"type":"Polygon","coordinates":[[[100.25894779240673,7.793898712155908],[100.25014654932386,7.803746714839065],[100.24839604414217,7.807259114216777],[100.2404071874418,7.835720459032018],[100.2488650972465,7.838335276551845],[100.23477428830284,7.88352242142264],[100.23071585655163,7.882114507578535],[100.21500774281316,7.882086866016095],[100.18850511871631,7.878705312600118],[100.18079610855364,7.876078388406938],[100.17756698033196,7.876401741447239],[100.18916742083985,7.826341525640942],[100.19579119210988,7.80187686332664],[100.21632338441674,7.784764130860026],[100.21923323442627,7.784243675205516],[100.21988159885677,7.785048975829625],[100.22141707523787,7.783330759906676],[100.22614606578838,7.781617465973341],[100.23106042909558,7.782075205606304],[100.23526821755428,7.780354285421993],[100.2364151220603,7.780879718823996],[100.23747101967189,7.779262062394309],[100.2427620793066,7.782173640900851],[100.24365874655399,7.781340127644796],[100.25107185278387,7.782672336559131],[100.25589895757088,7.787516755993522],[100.25696721996127,7.790260869043948],[100.25911859974366,7.790404719202456],[100.25779082178906,7.7929624630472745],[100.25894779240673,7.793898712155908]]]}},{"type":"Feature","properties":{"subdistrict_code":"900705","subdistrict_th":"บ้านใหม่","subdistrict_en":"Ban Mai","district_code":"9007","district_th":"ระโนด","province_code":"90","province_th":"สงขลา"},"geometry":{"type":"Polygon","coordinates":[[[100.32484079496675,7.804175663576075],[100.32965763758995,7.807160403729711],[100.33014389202708,7.808679004332646],[100.32210496826974,7.837073820000853],[100.32222245839978,7.84448731024122],[100.31731762071166,7.860943535815579],[100.3015158200991,7.856807372062633],[100.28565125310291,7.854982495645686],[100.2786898475585,7.851811365602089],[100.27016269625148,7.8510956311585005],[100.26933489009315,7.850266689156456],[100.26822625983408,7.848232409198374],[100.26846541834442,7.844105008439442],[100.27514126126027,7.819110014115893],[100.27500075568037,7.811282129766539],[100.27590086912988,7.807575520893636],[100.2781181737148,7.802915020911541],[100.28110618110543,7.80168036955348],[100.28650843381723,7.794810707448221],[100.29764646811009,7.7742630728825475],[100.30160887474983,7.7778657560998],[100.32621195441823,7.785529132863246],[100.31897614683174,7.80089501229503],[100.3214109587488,7.801321335011664],[100.32484079496675,7.804175663576075]]]}},{"type":"Feature","properties":{"subdistrict_code":"900701","subdistrict_th":"ระโนด","subdistrict_en":"Ranot","district_code":"9007","district_th":"ระโนด","province_code":"90","province_th":"สงขลา"},"geometry":{"type":"Polygon","coordinates":[[[100.32511947238578,7.802144556426185],[100.32484079496675,7.804175663576075],[100.3214109587488,7.801321335011664],[100.31897614683174,7.80089501229503],[100.32621195441823,7.785529132863246],[100.30160887474983,7.7778657560998],[100.29764646811009,7.7742630728825475],[100.28650843381723,7.794810707448221],[100.28110618110543,7.80168036955348],[100.2781181737148,7.802915020911541],[100.26645567279115,7.798871213935399],[100.26161617804422,7.79565201422912],[100.26073566711739,7.792692858888358],[100.25828792205004,7.793743822819238],[100.25785443623329,7.792629638347194],[100.25911859974366,7.790404719202456],[100.2572677527047,7.790536466284948],[100.25589895757088,7.787516755993522],[100.2514484915547,7.782974753382234],[100.24903798021865,7.781758705399966],[100.24365874655399,7.781340127644796],[100.2427620793066,7.782173640900851],[100.23747101967189,7.779262062394309],[100.2364151220603,7.780879718823996],[100.23526821755428,7.780354285421993],[100.23106042909558,7.782075205606304],[100.22544567557753,7.7818461473818274],[100.22141707523787,7.783330759906676],[100.21988159885677,7.785048975829625],[100.2176395332379,7.784235253054533],[100.2166633479352,7.776673527561286],[100.21623785259487,7.740814007960125],[100.21697906213404,7.725381542724051],[100.2205218514024,7.694895157585506],[100.33038615139981,7.71448596655415],[100.34275064692486,7.717792818683677],[100.33916379627226,7.7325108049297455],[100.33266236697472,7.738014252955452],[100.32863839724428,7.743349606898903],[100.34410359960151,7.746579691999216],[100.35256593766798,7.746872261245926],[100.35356979241203,7.747497583246911],[100.35268294216411,7.752106823670999],[100.35058792739102,7.757603882013598],[100.34579049123823,7.760650848058219],[100.34417924337743,7.763451454720894],[100.33922044996388,7.786599925945893],[100.33777184359576,7.788273840365491],[100.33488887162417,7.788522857244118],[100.32748893416704,7.791866136413091],[100.32511947238578,7.802144556426185]]]}},{"type":"Feature","properties":{"subdistrict_code":"900707","subdistrict_th":"ปากแตระ","subdistrict_en":"Pak Trae","district_code":"9007","district_th":"ระโนด","province_code":"90","province_th":"สงขลา"},"geometry":{"type":"Polygon","coordinates":[[[100.37712070215872,7.747660076351508],[100.3688387051422,7.785737811550803],[100.3585863133078,7.783445533184874],[100.33964961903473,7.7832604554057525],[100.34417924337743,7.763451454720894],[100.34579049123823,7.760650848058219],[100.35058792739102,7.757603882013598],[100.35356979241203,7.747497583246911],[100.35992399279809,7.7482474883309465],[100.36231516781078,7.747613277430844],[100.36383121523846,7.745923275039161],[100.37712070215872,7.747660076351508]]]}},{"type":"Feature","properties":{"subdistrict_code":"900708","subdistrict_th":"พังยาง","subdistrict_en":"Phang Yang","district_code":"9007","district_th":"ระโนด","province_code":"90","province_th":"สงขลา"},"geometry":{"type":"Polygon","coordinates":[[[100.36017707461235,7.748206222938904],[100.35715831220642,7.748335671354198],[100.35190338103627,7.746742954024171],[100.34410359960151,7.746579691999216],[100.32863839724428,7.743349606898903],[100.33177674070407,7.7389349204103155],[100.33978351279893,7.731371660673631],[100.34275064692486,7.717792818683677],[100.3448416183461,7.71478330040901],[100.34924000821985,7.703062315673378],[100.34886440636734,7.694118521952248],[100.35034709883962,7.691047607860867],[100.37358741422787,7.695134877272835],[100.36017707461235,7.748206222938904]]]}},{"type":"Feature","properties":{"subdistrict_code":"900709","subdistrict_th":"ระวะ","subdistrict_en":"Rawa","district_code":"9007","district_th":"ระโนด","province_code":"90","province_th":"สงขลา"},"geometry":{"type":"Polygon","coordinates":[[[100.37712070215872,7.747660076351508],[100.36383121523846,7.745923275039161],[100.36231516781078,7.747613277430844],[100.36017707461235,7.748206222938904],[100.37358741422787,7.695134877272835],[100.37624761783337,7.695574814825875],[100.38049611410446,7.676443930842765],[100.39277237534492,7.678817927005753],[100.39303467161284,7.677871501168909],[100.39438427881146,7.678046859075323],[100.37712070215872,7.747660076351508]]]}},{"type":"Feature","properties":{"subdistrict_code":"900802","subdistrict_th":"โรง","subdistrict_en":"Rong","district_code":"9008","district_th":"กระแสสินธุ์","province_code":"90","province_th":"สงขลา"},"geometry":{"type":"Polygon","coordinates":[[[100.35230285629183,7.659275095968951],[100.35009550540332,7.6660058955556565],[100.35397840208162,7.667477776378348],[100.35272128026293,7.673328374405003],[100.35698520530303,7.674614025416986],[100.35667883865756,7.677817075098005],[100.36014956614963,7.678655612866294],[100.3603915125583,7.679642260881678],[100.34937255659827,7.69247895174226],[100.34924000821985,7.703062315673378],[100.34308320272766,7.717775948301437],[100.33038615139981,7.71448596655415],[100.2205218514024,7.694895157585506],[100.2253544573424,7.649651918401389],[100.33664591487712,7.650048823394513],[100.34179627287978,7.651763511277068],[100.34166076213455,7.655021898042207],[100.3431615714494,7.655577538772434],[100.34571366755176,7.653322872752426],[100.34969956268475,7.653731966257283],[100.35188727777569,7.649017308202247],[100.35307511042805,7.648658964339802],[100.35327314204193,7.646244615596572],[100.35999228821356,7.646033862173056],[100.36044829485297,7.6495171738785075],[100.35917081867842,7.649137425252036],[100.35813753541896,7.650092486379208],[100.35230285629183,7.659275095968951]]]}},{"type":"Feature","properties":{"subdistrict_code":"900710","subdistrict_th":"วัดสน","subdistrict_en":"Wat Son","district_code":"9007","district_th":"ระโนด","province_code":"90","province_th":"สงขลา"},"geometry":{"type":"Polygon","coordinates":[[[100.39438427881146,7.678046859075323],[100.39303467161284,7.677871501168909],[100.39277237534492,7.678817927005753],[100.38049611410446,7.676443930842765],[100.37624761783337,7.695574814825875],[100.35034709883962,7.691047607860867],[100.3603915125583,7.679642260881678],[100.36014956614963,7.678655612866294],[100.35667883865756,7.677817075098005],[100.35698520530303,7.674614025416986],[100.35272128026293,7.673328374405003],[100.35397840208162,7.667477776378348],[100.35009550540332,7.6660058955556565],[100.35230285629183,7.659275095968951],[100.35753394283728,7.650913936129314],[100.35917081867842,7.649137425252036],[100.3608436197373,7.649123673718634],[100.36232759284417,7.642228001421188],[100.38821900260496,7.647569663209424],[100.38545896975569,7.661158100965622],[100.39290176800228,7.661312037920254],[100.39489037319225,7.6668995185979725],[100.39698489693552,7.6667926863334515],[100.39438427881146,7.678046859075323]]]}},{"type":"Feature","properties":{"subdistrict_code":"900706","subdistrict_th":"บ่อตรุ","subdistrict_en":"Bo Tru","district_code":"9007","district_th":"ระโนด","province_code":"90","province_th":"สงขลา"},"geometry":{"type":"Polygon","coordinates":[[[100.39698489693552,7.6667926863334515],[100.39489037319225,7.6668995185979725],[100.39290176800228,7.661312037920254],[100.38545896975569,7.661158100965622],[100.38821900260496,7.647569663209424],[100.36232759284417,7.642228001421188],[100.36317890008621,7.626614891164365],[100.36412868129366,7.623497613424149],[100.36754193671106,7.619250629812768],[100.36771999618094,7.61662864469622],[100.37608692966813,7.616436548607908],[100.38880501613863,7.619426012000929],[100.39817119534445,7.622901237901829],[100.39881018524193,7.620105965118228],[100.40341521324154,7.621902899599206],[100.40750053831925,7.622172992089986],[100.39698489693552,7.6667926863334515]]]}},{"type":"Feature","properties":{"subdistrict_code":"900801","subdistrict_th":"เกาะใหญ่","subdistrict_en":"Ko Yai","district_code":"9008","district_th":"กระแสสินธุ์","province_code":"90","province_th":"สงขลา"},"geometry":{"type":"MultiPolygon","coordinates":[[[[100.29098835622773,7.626472275774972],[100.22651253142823,7.6388095776],[100.23329862043505,7.574966963654504],[100.23522195373022,7.547134178399688],[100.23716892300746,7.538818578214887],[100.25723802741311,7.50074425594272],[100.28652752102835,7.498663370418285],[100.29938494396004,7.498723367789239],[100.30470342482323,7.502285717312077],[100.3553229281107,7.527791698328258],[100.3184980564402,7.574231688741463],[100.3164059779536,7.570428445016773],[100.30720804661411,7.561357777639387],[100.30353293739523,7.552624232822154],[100.30043867420551,7.538423203867808],[100.29447597928305,7.530146786245211],[100.28901054560026,7.516982412108689],[100.29113036367539,7.516655134426969],[100.2936214263878,7.512401267404641],[100.29419115589718,7.509134852391583],[100.2930973167878,7.505810313295399],[100.29131905043391,7.5053630786431995],[100.28753008434597,7.508529848773549],[100.28160021557755,7.516825500196717],[100.27540198281531,7.516692637954918],[100.27229465157694,7.517794243609501],[100.2718976989197,7.523706277023109],[100.26618821531395,7.530384881756959],[100.267236295119,7.533005084417141],[100.26755026463309,7.543391961769657],[100.26584488293508,7.546149852433814],[100.26335293978639,7.547615634953615],[100.2657547276986,7.553491860061342],[100.26343013309423,7.556214481113443],[100.26543400427596,7.5593132571011665],[100.26854083279324,7.560458436707563],[100.27183529856023,7.5657122509197166],[100.27863231792719,7.570434061282924],[100.28255558697083,7.578505257211873],[100.2841301766664,7.585335314972838],[100.28620578586839,7.58841643816811],[100.28846870136954,7.595226336726114],[100.28971172361719,7.595475303242722],[100.29425708519636,7.5920557570675555],[100.29816995627851,7.591011429234129],[100.30306681158413,7.584967193681109],[100.30504195841968,7.584966863629916],[100.29098835622773,7.626472275774972]]],[[[100.30504195841968,7.584966863629916],[100.30306681158413,7.584967193681109],[100.29816995627851,7.591011429234129],[100.29425708519636,7.5920557570675555],[100.28971172361719,7.595475303242722],[100.28846870136954,7.595226336726114],[100.28620578586839,7.58841643816811],[100.2841301766664,7.585335314972838],[100.28255558697083,7.578505257211873],[100.27863231792719,7.570434061282924],[100.27183529856023,7.5657122509197166],[100.26854083279324,7.560458436707563],[100.26543400427596,7.5593132571011665],[100.26343013309423,7.556214481113443],[100.2657547276986,7.553491860061342],[100.26335293978639,7.547615634953615],[100.26584488293508,7.546149852433814],[100.26755026463309,7.543391961769657],[100.267236295119,7.533005084417141],[100.26618821531395,7.530384881756959],[100.2718976989197,7.523706277023109],[100.27229465157694,7.517794243609501],[100.27540198281531,7.516692637954918],[100.28160021557755,7.516825500196717],[100.28648386433895,7.509635103876974],[100.29166033505646,7.505285487835067],[100.2936442637718,7.506524560260289],[100.29412524728241,7.51059558701678],[100.29141735442744,7.516313458599257],[100.28901054560026,7.516982412108689],[100.29447597928305,7.530146786245211],[100.30043867420551,7.538423203867808],[100.30353293739523,7.552624232822154],[100.30720804661411,7.561357777639387],[100.3164059779536,7.570428445016773],[100.3184980564402,7.574231688741463],[100.31417613412134,7.578764571327952],[100.31297087170844,7.576060471813378],[100.30956870313321,7.574433273576744],[100.29798066157832,7.574150312686811],[100.30295501955857,7.583236618375281],[100.305417392099,7.581709553353278],[100.30504195841968,7.584966863629916]]]]}},{"type":"Feature","properties":{"subdistrict_code":"900804","subdistrict_th":"กระแสสินธุ์","subdistrict_en":"Krasae Sin","district_code":"9008","district_th":"กระแสสินธุ์","province_code":"90","province_th":"สงขลา"},"geometry":{"type":"Polygon","coordinates":[[[100.3400159686621,7.594020254131465],[100.34014822476081,7.615017116246975],[100.33708520042171,7.615287493822848],[100.32576513885016,7.619391254103164],[100.29098835622773,7.626472275774972],[100.30535288372869,7.583161057336952],[100.305417392099,7.581709553353278],[100.30295501955857,7.583236618375281],[100.29798066157832,7.574150312686811],[100.30956870313321,7.574433273576744],[100.31297087170844,7.576060471813378],[100.31417613412134,7.578764571327952],[100.31521030681029,7.578300457300315],[100.31608601535737,7.576054602837701],[100.3184980564402,7.574231688741463],[100.3553229281107,7.527791698328258],[100.35047971556651,7.579876826754173],[100.34679430101625,7.589525616114315],[100.34453220030088,7.589468412037661],[100.3437145097169,7.592915487359903],[100.33967733344224,7.5909204106484935],[100.3400159686621,7.594020254131465]]]}},{"type":"Feature","properties":{"subdistrict_code":"900205","subdistrict_th":"ชุมพล","subdistrict_en":"Chumphon","district_code":"9002","district_th":"สทิงพระ","province_code":"90","province_th":"สงขลา"},"geometry":{"type":"Polygon","coordinates":[[[100.40750053831925,7.622172992089986],[100.40341521324154,7.621902899599206],[100.39881018524193,7.620105965118228],[100.39817119534445,7.622901237901829],[100.38880501613863,7.619426012000929],[100.37608692966813,7.616436548607908],[100.36771999618094,7.61662864469622],[100.3694715949382,7.610597744290487],[100.36243566707242,7.610108992436096],[100.36274198515457,7.599661562830931],[100.35866862016076,7.5874223122899025],[100.35891757138887,7.585345221904504],[100.37706915481772,7.584768459696704],[100.39241480489937,7.587656964297537],[100.39269198404787,7.59236351586361],[100.40137577657089,7.594474261577943],[100.3959612948779,7.596819697970716],[100.40987020604524,7.598865276111667],[100.41032568568193,7.600877966045346],[100.41231208933152,7.601177844981635],[100.40750053831925,7.622172992089986]]]}},{"type":"Feature","properties":{"subdistrict_code":"900204","subdistrict_th":"ดีหลวง","subdistrict_en":"Di Luang","district_code":"9002","district_th":"สทิงพระ","province_code":"90","province_th":"สงขลา"},"geometry":{"type":"Polygon","coordinates":[[[100.41231208933152,7.601177844981635],[100.41032568568193,7.600877966045346],[100.40987020604524,7.598865276111667],[100.3959612948779,7.596819697970716],[100.40137577657089,7.594474261577943],[100.39258772564307,7.591931020200491],[100.39241480489937,7.587656964297537],[100.3938829319518,7.587898461045199],[100.39471629502106,7.579927072776229],[100.39608765232333,7.580155232577965],[100.39563681768504,7.577679337831228],[100.3965832462199,7.57799062556694],[100.39866287898872,7.574458731585253],[100.4012513625604,7.576837724381505],[100.40193659379884,7.5729798225607965],[100.40133777571782,7.5712496987146665],[100.40408070256245,7.562127332010789],[100.41203551182946,7.564459096010523],[100.41491058955211,7.568282370335169],[100.42050688718314,7.569023794812324],[100.41231208933152,7.601177844981635]]]}},{"type":"Feature","properties":{"subdistrict_code":"900206","subdistrict_th":"คลองรี","subdistrict_en":"Khlong Ri","district_code":"9002","district_th":"สทิงพระ","province_code":"90","province_th":"สงขลา"},"geometry":{"type":"Polygon","coordinates":[[[100.40408070256245,7.562127332010789],[100.40133777571782,7.5712496987146665],[100.40193659379884,7.5729798225607965],[100.4012513625604,7.576837724381505],[100.39866287898872,7.574458731585253],[100.3965832462199,7.57799062556694],[100.39563681768504,7.577679337831228],[100.39608765232333,7.580155232577965],[100.39471629502106,7.579927072776229],[100.3938829319518,7.587898461045199],[100.37706915481772,7.584768459696704],[100.35891757138887,7.585345221904504],[100.3614257643876,7.570904537114757],[100.3553229281107,7.527791698328258],[100.38528912289479,7.506094491867373],[100.38518261258758,7.496680080221552],[100.40725815484001,7.4990607421596],[100.41178519183319,7.500596857958669],[100.4197733155861,7.5002893950396015],[100.41546051419141,7.5145694312342926],[100.41517984117678,7.520937843606646],[100.41328842931762,7.528173376899872],[100.41202382783746,7.527970252425234],[100.40693151657626,7.544381674674582],[100.40669266023815,7.550302327190707],[100.40408070256245,7.562127332010789]]]}},{"type":"Feature","properties":{"subdistrict_code":"900803","subdistrict_th":"เชิงแส","subdistrict_en":"Choeng Sae","district_code":"9008","district_th":"กระแสสินธุ์","province_code":"90","province_th":"สงขลา"},"geometry":{"type":"Polygon","coordinates":[[[100.34611789302642,7.653232308324391],[100.3431615714494,7.655577538772434],[100.34166076213455,7.655021898042207],[100.34179627287978,7.651763511277068],[100.33833687234886,7.6503629251089365],[100.3219248943185,7.649469051155847],[100.2253544573424,7.649651918401389],[100.22651253142823,7.6388095776],[100.3209384189729,7.620453345345652],[100.34014822476081,7.615017116246975],[100.33972999864056,7.60163765395464],[100.34065522026225,7.601221720206297],[100.33967733344224,7.5909204106484935],[100.3437145097169,7.592915487359903],[100.34453220030088,7.589468412037661],[100.34679430101625,7.589525616114315],[100.35047971556651,7.579876826754173],[100.3553229281107,7.527791698328258],[100.3614257643876,7.570904537114757],[100.35860223670392,7.586936158576918],[100.36274198515457,7.599661562830931],[100.3623683788976,7.609803677997377],[100.3694715949382,7.610597744290487],[100.36754193671106,7.619250629812768],[100.36412868129366,7.623497613424149],[100.36317890008621,7.626614891164365],[100.36220085138825,7.644780870940508],[100.3608436197373,7.649123673718634],[100.35999228821356,7.646033862173056],[100.35363010814302,7.646107807129624],[100.35307511042805,7.648658964339802],[100.35188727777569,7.649017308202247],[100.34969956268475,7.653731966257283],[100.34611789302642,7.653232308324391]]]}},{"type":"Feature","properties":{"subdistrict_code":"900203","subdistrict_th":"สนามชัย","subdistrict_en":"Sanam Chai","district_code":"9002","district_th":"สทิงพระ","province_code":"90","province_th":"สงขลา"},"geometry":{"type":"Polygon","coordinates":[[[100.4303481368571,7.5315945328614475],[100.42050688718314,7.569023794812324],[100.41491058955211,7.568282370335169],[100.41203551182946,7.564459096010523],[100.40408070256245,7.562127332010789],[100.40669266023815,7.550302327190707],[100.40693151657626,7.544381674674582],[100.41202382783746,7.527970252425234],[100.4303481368571,7.5315945328614475]]]}},{"type":"Feature","properties":{"subdistrict_code":"900202","subdistrict_th":"กระดังงา","subdistrict_en":"Kradang-Nga","district_code":"9002","district_th":"สทิงพระ","province_code":"90","province_th":"สงขลา"},"geometry":{"type":"Polygon","coordinates":[[[100.44068267456583,7.492277077725021],[100.43311864500953,7.518097727927852],[100.4303481368571,7.5315945328614475],[100.41328842931762,7.528173376899872],[100.41517984117678,7.520937843606646],[100.41546051419141,7.5145694312342926],[100.42329013333307,7.487192059066331],[100.44068267456583,7.492277077725021]]]}},{"type":"Feature","properties":{"subdistrict_code":"900207","subdistrict_th":"คูขุด","subdistrict_en":"Khu Khut","district_code":"9002","district_th":"สทิงพระ","province_code":"90","province_th":"สงขลา"},"geometry":{"type":"Polygon","coordinates":[[[100.4197733155861,7.5002893950396015],[100.41178519183319,7.500596857958669],[100.40725815484001,7.4990607421596],[100.38518261258758,7.496680080221552],[100.38510327529599,7.47874802400213],[100.38246892180337,7.4267319581134075],[100.38502178592671,7.419036635632267],[100.40775555367594,7.418952604778951],[100.41736388613452,7.424157471590092],[100.41890232218446,7.4226925982848115],[100.4209870370222,7.422957060120268],[100.42456734240898,7.427346671711575],[100.42684334844182,7.426047325823504],[100.43307343788888,7.4278907147847235],[100.43451752876098,7.430459946569329],[100.43200400098391,7.442330368951389],[100.43195658243042,7.446006321734387],[100.43355484857744,7.4479284319515955],[100.42665531908779,7.456008400767132],[100.42468329020176,7.479702109364894],[100.4197733155861,7.5002893950396015]]]}},{"type":"Feature","properties":{"subdistrict_code":"900201","subdistrict_th":"จะทิ้งพระ","subdistrict_en":"Chathing Phra","district_code":"9002","district_th":"สทิงพระ","province_code":"90","province_th":"สงขลา"},"geometry":{"type":"Polygon","coordinates":[[[100.45242753360384,7.453610089633969],[100.44068267456583,7.492277077725021],[100.42329013333307,7.487192059066331],[100.4251684465666,7.476511143874234],[100.42658780878043,7.456319476262877],[100.42907611776866,7.45287223276739],[100.43355484857744,7.4479284319515955],[100.43560084939975,7.447922063852218],[100.44443387542304,7.449855122416011],[100.45242753360384,7.453610089633969]]]}},{"type":"Feature","properties":{"subdistrict_code":"900211","subdistrict_th":"บ่อดาน","subdistrict_en":"Bo Dan","district_code":"9002","district_th":"สทิงพระ","province_code":"90","province_th":"สงขลา"},"geometry":{"type":"Polygon","coordinates":[[[100.4629440032632,7.421468292727582],[100.45242753360384,7.453610089633969],[100.44443387542304,7.449855122416011],[100.43355484857744,7.4479284319515955],[100.43195658243042,7.446006321734387],[100.43210921986469,7.4409017832907125],[100.43471298831383,7.432152071361031],[100.43343847540535,7.428243347952218],[100.43668058534081,7.416697260670105],[100.44347564058842,7.418949024577898],[100.4629440032632,7.421468292727582]]]}}]}