{
  "type": "FeatureCollection",
  "features": [
    {
      "type": "Feature",
      "properties": {
        "district_code": "9001",
        "district_th": "เมืองสงขลา",
        "district_en": "Mueang Songkhla",
        "province_code": "90",
        "province_th": "สงขลา"
      },
      "geometry": {
        "type": "Polygon",
        "coordinates": [
          [
            [100.59032127001063, 7.2154462285606655],
            [100.58707506636131, 7.217204431039704],
            [100.58388385895302, 7.222578326328744],
            [100.58019091437927, 7.231299715009868],
            [100.58240711099944, 7.233650255954615],
            [100.57920607310183, 7.2363172494415835],
            [100.57533302579856, 7.2256230710479485],
            [100.58508533432081, 7.20126361592321],
            [100.58533403643668, 7.195636006596487],
            [100.58347836813226, 7.188256320073151],
            [100.57896211131242, 7.177946356339305],
            [100.57265608940708, 7.170108135182318],
            [100.5661328956167, 7.1745619916426335],
            [100.5607630158006, 7.1769641500754915],
            [100.54597050183725, 7.188899197739829],
            [100.48906601898165, 7.187659893289492],
            [100.46056009027603, 7.1861334281152836],
            [100.4990400697435, 7.169484976950173],
            [100.50948799037849, 7.160377353731917],
            [100.52204894909977, 7.147505856410191],
            [100.52756104410696, 7.144311891680502],
            [100.53564047692652, 7.143385303089303],
            [100.5530047407762, 7.149347944052408],
            [100.55956287322806, 7.14884597306326],
            [100.55769086963801, 7.143608089441841],
            [100.56175649416696, 7.14196665673586],
            [100.56207980134184, 7.139695843388495],
            [100.56125842803408, 7.138089584966394],
            [100.55780206811102, 7.136838106393554],
            [100.55719943240791, 7.129963709357753],
            [100.55454133861195, 7.126813350056125],
            [100.55702010039738, 7.123603317139441],
            [100.55685006737679, 7.117308451323993],
            [100.55857708856183, 7.111827267814192],
            [100.56150744221475, 7.110011118418413],
            [100.56328304477677, 7.1056996714027605],
            [100.56607488304945, 7.068226876868948],
            [100.5705596168329, 7.070601319095658],
            [100.57531687577324, 7.0680725280248],
            [100.58221429905075, 7.061562762011931],
            [100.58787019565307, 7.058332284807136],
            [100.58857988755182, 7.053268261720973],
            [100.59044655276625, 7.052544715766089],
            [100.59383131136599, 7.047435411814831],
            [100.59747045759559, 7.046426044226621],
            [100.60512063141209, 7.047777137105243],
            [100.6063975796846, 7.046834020773474],
            [100.60832278267037, 7.043417797593349],
            [100.60864309060622, 7.040333190424462],
            [100.60710532185317, 7.037478767431196],
            [100.60272489773592, 7.033447235301708],
            [100.60033330993434, 7.024919678400465],
            [100.60311378257506, 7.022790929158077],
            [100.60917837158462, 7.021136288109233],
            [100.610152620647, 7.015750371582442],
            [100.61622490335668, 7.015052450909934],
            [100.624398639086, 7.018776310578346],
            [100.63275223742585, 7.019219226686005],
            [100.6370226007125, 7.0218549111752395],
            [100.63934304764359, 7.025432125592147],
            [100.6380439436731, 7.0297024268255655],
            [100.63837593290305, 7.033236286725298],
            [100.641766436372, 7.03527816955193],
            [100.64302597556838, 7.037303203580052],
            [100.6422871411387, 7.046134564958265],
            [100.64307155410899, 7.049128230883184],
            [100.65068058843849, 7.052238267282235],
            [100.65406357177648, 7.046268357998372],
            [100.65891431164624, 7.048454079292355],
            [100.6587568664363, 7.0523392179805455],
            [100.664456078885, 7.05295995973438],
            [100.67200662580518, 7.051596434627811],
            [100.675136812414, 7.053070974745708],
            [100.67378048368244, 7.058011209749566],
            [100.67162798424414, 7.0605309770230065],
            [100.67157797294516, 7.067240509442001],
            [100.66842061242136, 7.078241567094722],
            [100.66260587665994, 7.092242317928651],
            [100.66305596755893, 7.093515387425214],
            [100.67444548197346, 7.101242591772234],
            [100.65626928859683, 7.128506525256],
            [100.62303156075797, 7.18415403737896],
            [100.61869796433962, 7.183068430663582],
            [100.61660847140388, 7.185065138745188],
            [100.59685626560423, 7.216355941373649],
            [100.59032127001063, 7.2154462285606655]
          ]
        ]
      }
    },
    {
      "type": "Feature",
      "properties": {
        "district_code": "9002",
        "district_th": "สทิงพระ",
        "district_en": "Sathing Phra",
        "province_code": "90",
        "province_th": "สงขลา"
      },
      "geometry": {
        "type": "Polygon",
        "coordinates": [
          [
            [100.39817119534445, 7.622901237901829],
            [100.38880501613863, 7.619426012000929],
            [100.37608692966813, 7.616436548607908],
            [100.36771999618094, 7.61662864469622],
            [100.3694715949382, 7.610597744290487],
            [100.36243566707242, 7.610108992436096],
            [100.36274198515457, 7.599661562830931],
            [100.35860223670392, 7.586936158576918],
            [100.3614257643876, 7.570904537114757],
            [100.3553229281107, 7.527791698328258],
            [100.38528912289479, 7.506094491867373],
            [100.38510327529599, 7.47874802400213],
            [100.3825269874306, 7.425924662793022],
            [100.38615843006755, 7.416395276420928],
            [100.39551409979595, 7.406321775929257],
            [100.3990178692793, 7.400060199418704],
            [100.40041030758971, 7.382133226167525],
            [100.40617362011653, 7.3615621004106515],
            [100.42495290425319, 7.365542793864904],
            [100.43002638281138, 7.368220698826235],
            [100.42993070303959, 7.369088841376993],
            [100.44517469015989, 7.372420244998352],
            [100.44692339310018, 7.3664444604435175],
            [100.4804587893417, 7.376539216411743],
            [100.46309919836938, 7.420970416351679],
            [100.44028629657538, 7.4934952319194394],
            [100.43311864500953, 7.518097727927852],
            [100.42878877987835, 7.5388030073529535],
            [100.40750053831925, 7.622172992089986],
            [100.40341521324154, 7.621902899599206],
            [100.39881018524193, 7.620105965118228],
            [100.39817119534445, 7.622901237901829]
          ]
        ]
      }
    },
    {
      "type": "Feature",
      "properties": {
        "district_code": "9003",
        "district_th": "จะนะ",
        "district_en": "Chana",
        "province_code": "90",
        "province_th": "สงขลา"
      },
      "geometry": {
        "type": "Polygon",
        "coordinates": [
          [
            [100.70948573897573, 7.0525255017505515],
            [100.67444548197346, 7.101242591772234],
            [100.66305596755893, 7.093515387425214],
            [100.66260587665994, 7.092242317928651],
            [100.66842061242136, 7.078241567094722],
            [100.67157797294516, 7.067240509442001],
            [100.67162798424414, 7.0605309770230065],
            [100.67378048368244, 7.058011209749566],
            [100.67530823039056, 7.053546773664721],
            [100.67429267007071, 7.052248331595251],
            [100.67200662580518, 7.051596434627811],
            [100.664456078885, 7.05295995973438],
            [100.6587568664363, 7.0523392179805455],
            [100.65891431164624, 7.048454079292355],
            [100.65406357177648, 7.046268357998372],
            [100.65068058843849, 7.052238267282235],
            [100.64263758715498, 7.04862451341063],
            [100.64302597556838, 7.037303203580052],
            [100.63822458059997, 7.032662057008395],
            [100.63926883828634, 7.025078601196526],
            [100.63635665003943, 7.021161532978397],
            [100.6301823230558, 7.018866462217488],
            [100.62915534044669, 7.017315855642266],
            [100.62473655304956, 7.000872718800963],
            [100.62599328456247, 6.98873336405353],
            [100.62840146935241, 6.9847322317071985],
            [100.63096325205248, 6.982895032779595],
            [100.61383347113787, 6.971602239551771],
            [100.61049300324959, 6.968139403610621],
            [100.60920626585653, 6.965156545738068],
            [100.60521079474245, 6.947159833659441],
            [100.60948901180853, 6.941373622594654],
            [100.60931854081804, 6.935975218081921],
            [100.61042869812599, 6.933293155554736],
            [100.62146456943441, 6.926001810335322],
            [100.61533822937582, 6.922942541565078],
            [100.60961011721321, 6.921389678590856],
            [100.60194795093724, 6.913829349744731],
            [100.5977484641204, 6.906497443302442],
            [100.59767307395327, 6.902904941310055],
            [100.59537983691001, 6.898853032341606],
            [100.59425378228627, 6.892568756942637],
            [100.59415802607208, 6.88319805504625],
            [100.58832780218637, 6.867766317361713],
            [100.58630066284536, 6.824144220379537],
            [100.58784767303172, 6.820524873624095],
            [100.59392825828257, 6.813631827347024],
            [100.59651388111081, 6.796571624281057],
            [100.58602941202781, 6.795091976913227],
            [100.58051467391311, 6.787557040425099],
            [100.58959346216858, 6.7832823792784325],
            [100.59541826044443, 6.783653796585497],
            [100.60814192361096, 6.7857130830923325],
            [100.63527882605706, 6.797891931567449],
            [100.64315113421753, 6.798796095563432],
            [100.65624987403254, 6.797356110096473],
            [100.6683698268061, 6.794294360096671],
            [100.68051828179335, 6.787907025988488],
            [100.68377316120251, 6.7776851913185965],
            [100.6877869038426, 6.775311789607429],
            [100.69132964005092, 6.771522273134451],
            [100.69706793163976, 6.779705637005577],
            [100.70445976530596, 6.783168906419917],
            [100.70834986285593, 6.782478193813631],
            [100.72228891120437, 6.773103673395838],
            [100.72415464472112, 6.770261223976377],
            [100.73227823874976, 6.768569735005315],
            [100.74132151097899, 6.77018196042917],
            [100.7458818525655, 6.756572058553729],
            [100.74936976969917, 6.753393714148615],
            [100.75366456666649, 6.753576073277202],
            [100.75852114223699, 6.750901367204392],
            [100.76679891693652, 6.7488584834322864],
            [100.77084330487469, 6.744242048431829],
            [100.77706960457863, 6.740545022734636],
            [100.77817330295562, 6.741232708222981],
            [100.77834140063521, 6.746560584303552],
            [100.781704908255, 6.74469699297191],
            [100.7854073730519, 6.746333597217813],
            [100.79011919194721, 6.738649436222545],
            [100.7916001523252, 6.738008253777934],
            [100.79466066036127, 6.740942947559006],
            [100.7970728093627, 6.7454103244269845],
            [100.79975625055056, 6.746481489828966],
            [100.79577619741366, 6.752207175620697],
            [100.7967855326263, 6.758255797167351],
            [100.80177943287458, 6.760691619023021],
            [100.80565673217251, 6.769478815594937],
            [100.81080286336152, 6.772068777652009],
            [100.81283447862836, 6.775059091803712],
            [100.81303511737684, 6.77746682333526],
            [100.80972897211444, 6.783042065139227],
            [100.81457749155805, 6.787935854656041],
            [100.81565930493304, 6.79194348370487],
            [100.81558595622698, 6.797710086851055],
            [100.82020809292919, 6.807432286970538],
            [100.8205330485614, 6.810249231616808],
            [100.8228407556964, 6.812769366712928],
            [100.82237704906163, 6.814837129330101],
            [100.81587798857839, 6.822453211646462],
            [100.81662090323215, 6.826954857180965],
            [100.81476305317244, 6.832055136435429],
            [100.81037524562117, 6.8354102848568346],
            [100.80777849638054, 6.8399521894420445],
            [100.79966805133955, 6.848018424710574],
            [100.79917313283386, 6.852495936038679],
            [100.7967025971472, 6.857267921377513],
            [100.79736058072626, 6.861596452814069],
            [100.79616035541613, 6.868129651562242],
            [100.79421201737074, 6.870586131744631],
            [100.79327558210247, 6.874944374083668],
            [100.79519273076, 6.879840643031287],
            [100.79395152514286, 6.88329472497162],
            [100.79471288399247, 6.889982759996428],
            [100.79951219882895, 6.895441169074729],
            [100.80373607885701, 6.894649906867755],
            [100.80801887796889, 6.900902420010709],
            [100.8095306922877, 6.9006853398565795],
            [100.80916766205803, 6.90351563044203],
            [100.81046496828372, 6.907411053777139],
            [100.80961307018708, 6.909418147229758],
            [100.81210399979983, 6.913273988703679],
            [100.81416639706163, 6.914626905407431],
            [100.81343856403856, 6.919061212405097],
            [100.81574617044947, 6.9250837464177835],
            [100.81394216819655, 6.930247189556212],
            [100.80817417379916, 6.935781197444328],
            [100.80739251455299, 6.9415329779645845],
            [100.80368098998576, 6.944946775673202],
            [100.80285320541117, 6.948103211693933],
            [100.80450758116001, 6.950380503757287],
            [100.80668987963429, 6.951097215763923],
            [100.81126743964069, 6.948032139171914],
            [100.81659324997855, 6.947948465349441],
            [100.817251709299, 6.9463766572569625],
            [100.81582425228748, 6.942228065772667],
            [100.81835192190374, 6.940407801079232],
            [100.8259692740628, 6.9477782290820755],
            [100.8263925121048, 6.949668828853419],
            [100.82465083916497, 6.952052341642286],
            [100.8108284598656, 6.9548674633628025],
            [100.80365590069931, 6.957796791788553],
            [100.78683534177765, 6.967923498870448],
            [100.77005894766239, 6.980840717725016],
            [100.75190157799551, 6.9987837861428375],
            [100.70948573897573, 7.0525255017505515]
          ]
        ]
      }
    },
    {
      "type": "Feature",
      "properties": {
        "district_code": "9004",
        "district_th": "นาทวี",
        "district_en": "Na Thawi",
        "province_code": "90",
        "province_th": "สงขลา"
      },
      "geometry": {
        "type": "Polygon",
        "coordinates": [
          [
            [100.68129601100219, 6.7836373983473095],
            [100.68051828179335, 6.787907025988488],
            [100.6683698268061, 6.794294360096671],
            [100.65350738605707, 6.797923851204814],
            [100.64315113421753, 6.798796095563432],
            [100.63527882605706, 6.797891931567449],
            [100.63123206840527, 6.796497205381797],
            [100.61345820922901, 6.787887699557757],
            [100.60580779619289, 6.78514717120504],
            [100.59053419709556, 6.783084312591029],
            [100.58051467391311, 6.787557040425099],
            [100.58072462244343, 6.782931551949616],
            [100.57787166894241, 6.7765142542294825],
            [100.5705765663555, 6.773067719399762],
            [100.56775457831122, 6.768823316842656],
            [100.56761477959844, 6.765622046020667],
            [100.5632653955816, 6.7610801459320555],
            [100.55420191198868, 6.758634240877541],
            [100.5541272448765, 6.7517138534116725],
            [100.5520237081277, 6.749114506929004],
            [100.55091627036967, 6.742573800640457],
            [100.55429365003198, 6.737401836425647],
            [100.54752147083929, 6.727107632411332],
            [100.5447973272349, 6.7248240405970705],
            [100.54872012413449, 6.723041311807151],
            [100.54972086002971, 6.719677009186682],
            [100.55122451300093, 6.718385896591883],
            [100.55296648091843, 6.718087050077372],
            [100.55644768011638, 6.719655680865003],
            [100.56026585258707, 6.71732686484296],
            [100.56061065805551, 6.713231045576322],
            [100.555034286703, 6.705381450693437],
            [100.55354636557234, 6.69823323077901],
            [100.557870510116, 6.69523821497171],
            [100.55984074755253, 6.6919041889272535],
            [100.56277916003029, 6.68958949675789],
            [100.56176863411525, 6.68413929039599],
            [100.56359835787799, 6.676981144664126],
            [100.56456242031948, 6.675460580841161],
            [100.56880194135658, 6.673842569179271],
            [100.56898860104315, 6.6690831788456535],
            [100.57098950356277, 6.6665499055537225],
            [100.5692992772399, 6.661368080272723],
            [100.56716428040727, 6.658515054825955],
            [100.56669580017109, 6.6457050693335304],
            [100.56857717469694, 6.643106075385106],
            [100.5700857964224, 6.633826723924244],
            [100.5718537457538, 6.632015946179024],
            [100.57092434857987, 6.621960979815412],
            [100.56956458623671, 6.619501663171263],
            [100.57231811698756, 6.613365301067859],
            [100.57054086237093, 6.610600410080906],
            [100.56835311310573, 6.609930788375209],
            [100.56422482471595, 6.604878066169874],
            [100.56634498183553, 6.601853909630279],
            [100.56658553519435, 6.599086598567737],
            [100.56857085875816, 6.59758856635932],
            [100.56502208719962, 6.594541807158748],
            [100.5645207826081, 6.588415691031344],
            [100.56788330187294, 6.583459822213058],
            [100.57095097570704, 6.571376265902018],
            [100.57253688426988, 6.569420855588078],
            [100.57776704361424, 6.566618646333495],
            [100.57972236399598, 6.562641550167427],
            [100.58648621366791, 6.561810295109069],
            [100.59149785214424, 6.564289090169439],
            [100.5924944115879, 6.563999382565498],
            [100.59311657427054, 6.556685188270876],
            [100.59472920079202, 6.553042610228317],
            [100.59429196929898, 6.549894853564695],
            [100.59953981201278, 6.543525633601178],
            [100.59788584185816, 6.536805902870185],
            [100.6035794722149, 6.533655048941398],
            [100.60396206719571, 6.531885974558122],
            [100.60222664904069, 6.528515161745361],
            [100.60677679321452, 6.525840980876637],
            [100.60909002488478, 6.520972009051036],
            [100.60943729179763, 6.517167308424575],
            [100.61207023335464, 6.515372687899287],
            [100.6085934777069, 6.513220021187067],
            [100.60743390714913, 6.510904251629938],
            [100.60764844132257, 6.508532678240556],
            [100.61040199185851, 6.5069137420755965],
            [100.6098986296181, 6.500913520242818],
            [100.61074003982105, 6.4986120130340055],
            [100.60734388501237, 6.4930570041774445],
            [100.60987842544904, 6.482809195288155],
            [100.60805287364127, 6.472314666388797],
            [100.60953463441592, 6.469263986144085],
            [100.61426996428747, 6.465636690281087],
            [100.61464554095903, 6.462110534873318],
            [100.61796949459654, 6.459773178889122],
            [100.6262619992919, 6.457914490661267],
            [100.6463706342974, 6.458469302216599],
            [100.64575013536052, 6.453621093039089],
            [100.64294872020736, 6.449551072623933],
            [100.64545791595015, 6.448506476792545],
            [100.6458716724398, 6.4468088085797035],
            [100.64997008894852, 6.446173612022619],
            [100.65129976177462, 6.443364138044558],
            [100.65260770967814, 6.442837132627631],
            [100.66227216702697, 6.450966054240041],
            [100.671746127282, 6.451626261842534],
            [100.67913683859427, 6.454030995933749],
            [100.68443066274494, 6.453802442228948],
            [100.68490047577637, 6.4600463659471075],
            [100.68651907919224, 6.462396833147352],
            [100.68618056628014, 6.464933217194243],
            [100.69169328721551, 6.465769420322545],
            [100.69428663342143, 6.4650809173505195],
            [100.69687721960804, 6.466279719033878],
            [100.69751639386652, 6.46756772087366],
            [100.6966374360689, 6.469940691809541],
            [100.69738281306644, 6.471164571987458],
            [100.70267584041778, 6.470113783424438],
            [100.70502081635766, 6.471056495960568],
            [100.7089242031895, 6.470981221805971],
            [100.711656833696, 6.481289264587929],
            [100.71938797797287, 6.486465241577662],
            [100.72005046086014, 6.49087843159441],
            [100.72326113499344, 6.495256955444177],
            [100.72806194270453, 6.495019061380617],
            [100.7303980027657, 6.4967415328954985],
            [100.73050147336437, 6.498911302914337],
            [100.7294132846954, 6.500501360949102],
            [100.7316597138248, 6.501946289090029],
            [100.72992341163621, 6.505458123693529],
            [100.73288872643366, 6.506004629110407],
            [100.7339411589574, 6.509725825886221],
            [100.73637061271364, 6.5101520721604516],
            [100.7386123968447, 6.512526966746179],
            [100.74950088455824, 6.5141887169357915],
            [100.75118943004821, 6.538321812701554],
            [100.75268900279531, 6.539259792105781],
            [100.75520151883507, 6.539077820585021],
            [100.75994427890538, 6.542023645275037],
            [100.75665015128351, 6.546864462025326],
            [100.75187887820772, 6.548476761193626],
            [100.75848509201347, 6.554811075770601],
            [100.76202433705356, 6.5562911602089],
            [100.76615193026743, 6.559879884149382],
            [100.77014970814258, 6.560455212837837],
            [100.77500544734357, 6.558040234569205],
            [100.77679709920682, 6.558293848782171],
            [100.77980167300888, 6.562439093889111],
            [100.77993996355855, 6.569554032592578],
            [100.78428653089873, 6.574426277051089],
            [100.78983364011049, 6.576345949206257],
            [100.7914457783001, 6.579474880361488],
            [100.79135976444161, 6.584172436908489],
            [100.78909707197238, 6.589854885094894],
            [100.78904503540014, 6.592443589899801],
            [100.78302143209345, 6.5931610897125665],
            [100.77924901173259, 6.59633887743729],
            [100.77616728059559, 6.596004921390033],
            [100.77518382517343, 6.599539298399975],
            [100.77571708807324, 6.603125351353924],
            [100.77437753619438, 6.6068825282061425],
            [100.77179950004694, 6.610414675796676],
            [100.76812443039819, 6.61234464159196],
            [100.76667123568905, 6.6169035667462595],
            [100.76969020763704, 6.624180647818719],
            [100.76871004013628, 6.630000378414763],
            [100.77560971171886, 6.635870509716312],
            [100.7841576022916, 6.645819802142228],
            [100.79555762888151, 6.640924263444049],
            [100.79789814958002, 6.638471094565432],
            [100.80473480386814, 6.639814949700224],
            [100.8067009457921, 6.647228252881632],
            [100.80872355794588, 6.6490410855776645],
            [100.8063298414491, 6.6554892624195645],
            [100.80954049040139, 6.659454760928497],
            [100.81553092221435, 6.663295863413396],
            [100.81734094542833, 6.667821927340128],
            [100.81732275843859, 6.671476540110291],
            [100.81410203438145, 6.676642742368699],
            [100.81444188818267, 6.681443210136081],
            [100.82280473784846, 6.689214733073527],
            [100.82453271321418, 6.692744183597256],
            [100.82395079968973, 6.695252580742078],
            [100.82025650343496, 6.698768797741877],
            [100.81451168186868, 6.706774445684175],
            [100.81418212890219, 6.7092146652246925],
            [100.81526514916737, 6.711506686384496],
            [100.81254653459496, 6.714472819565003],
            [100.81141383128335, 6.717852393573139],
            [100.81001928136482, 6.730821123795863],
            [100.80043293283364, 6.744038846615524],
            [100.79975625055056, 6.746481489828966],
            [100.7970728093627, 6.7454103244269845],
            [100.79466066036127, 6.740942947559006],
            [100.7916001523252, 6.738008253777934],
            [100.79011919194721, 6.738649436222545],
            [100.7854073730519, 6.746333597217813],
            [100.781704908255, 6.74469699297191],
            [100.77834140063521, 6.746560584303552],
            [100.77817330295562, 6.741232708222981],
            [100.77706960457863, 6.740545022734636],
            [100.77084330487469, 6.744242048431829],
            [100.76679891693652, 6.7488584834322864],
            [100.75852114223699, 6.750901367204392],
            [100.75366456666649, 6.753576073277202],
            [100.74972768728298, 6.7532562338881235],
            [100.74827029543786, 6.754199572352434],
            [100.7458818525655, 6.756572058553729],
            [100.74459631037149, 6.762248841910548],
            [100.74101457596197, 6.770352032120627],
            [100.73227823874976, 6.768569735005315],
            [100.72415464472112, 6.770261223976377],
            [100.72228891120437, 6.773103673395838],
            [100.71400655355967, 6.77806799943869],
            [100.71342433066837, 6.779535166015137],
            [100.70527853597571, 6.78328414374829],
            [100.69661725438283, 6.7793989277183755],
            [100.69132964005092, 6.771522273134451],
            [100.6877869038426, 6.775311789607429],
            [100.68377316120251, 6.7776851913185965],
            [100.68129601100219, 6.7836373983473095]
          ]
        ]
      }
    },
    {
      "type": "Feature",
      "properties": {
        "district_code": "9005",
        "district_th": "เทพา",
        "district_en": "Thepha",
        "province_code": "90",
        "province_th": "สงขลา"
      },
      "geometry": {
        "type": "Polygon",
        "coordinates": [
          [
            [100.8512925074433, 6.960380685220514],
            [100.84863209609443, 6.9622197205637235],
            [100.8455647711973, 6.959936860797541],
            [100.83760399762645, 6.960141327060626],
            [100.83118363231881, 6.952444175358437],
            [100.82862268059228, 6.951503575329809],
            [100.82465083916497, 6.952052341642286],
            [100.8263925121048, 6.949668828853419],
            [100.8259692740628, 6.9477782290820755],
            [100.81835192190374, 6.940407801079232],
            [100.81582425228748, 6.942228065772667],
            [100.817251709299, 6.9463766572569625],
            [100.81659324997855, 6.947948465349441],
            [100.81126743964069, 6.948032139171914],
            [100.80668987963429, 6.951097215763923],
            [100.80361132040616, 6.949666798184239],
            [100.80292606038944, 6.946444350126683],
            [100.80739251455299, 6.9415329779645845],
            [100.80817417379916, 6.935781197444328],
            [100.8131260019635, 6.931394071579177],
            [100.81534414831384, 6.9277582141702965],
            [100.81556295426697, 6.9240497437007775],
            [100.81332335458922, 6.918211737082061],
            [100.81428878489959, 6.914986974169551],
            [100.80961307018708, 6.909418147229758],
            [100.81046496828372, 6.907411053777139],
            [100.80916766205803, 6.90351563044203],
            [100.8095306922877, 6.9006853398565795],
            [100.80801887796889, 6.900902420010709],
            [100.80373607885701, 6.894649906867755],
            [100.79978475636148, 6.8955915905794996],
            [100.79860178544408, 6.894689049859835],
            [100.79505252915095, 6.890531334753348],
            [100.79412872576012, 6.88756628705454],
            [100.79401929085765, 6.882518010198055],
            [100.79519273076, 6.879840643031287],
            [100.79327558210247, 6.874944374083668],
            [100.79421201737074, 6.870586131744631],
            [100.79616035541613, 6.868129651562242],
            [100.79736058072626, 6.861596452814069],
            [100.7967025971472, 6.857267921377513],
            [100.79917313283386, 6.852495936038679],
            [100.79966805133955, 6.848018424710574],
            [100.80777849638054, 6.8399521894420445],
            [100.81037524562117, 6.8354102848568346],
            [100.81476305317244, 6.832055136435429],
            [100.81662090323215, 6.826954857180965],
            [100.81587798857839, 6.822453211646462],
            [100.82285597492336, 6.813355884766338],
            [100.8205330485614, 6.810249231616808],
            [100.82020809292919, 6.807432286970538],
            [100.81558595622698, 6.797710086851055],
            [100.81565930493304, 6.79194348370487],
            [100.81457749155805, 6.787935854656041],
            [100.80972897211444, 6.783042065139227],
            [100.81303511737684, 6.77746682333526],
            [100.81283447862836, 6.775059091803712],
            [100.81080286336152, 6.772068777652009],
            [100.80565673217251, 6.769478815594937],
            [100.80177943287458, 6.760691619023021],
            [100.7967855326263, 6.758255797167351],
            [100.79578094673337, 6.752462869066221],
            [100.79855552521735, 6.749227835895965],
            [100.80043293283364, 6.744038846615524],
            [100.81001928136482, 6.730821123795863],
            [100.81141383128335, 6.717852393573139],
            [100.81254653459496, 6.714472819565003],
            [100.81526514916737, 6.711506686384496],
            [100.81418212890219, 6.7092146652246925],
            [100.81451168186868, 6.706774445684175],
            [100.82025650343496, 6.698768797741877],
            [100.82395079968973, 6.695252580742078],
            [100.82452222262253, 6.693420087067409],
            [100.82280473784846, 6.689214733073527],
            [100.81444188818267, 6.681443210136081],
            [100.81410203438145, 6.676642742368699],
            [100.81732275843859, 6.671476540110291],
            [100.81734094542833, 6.667821927340128],
            [100.81553092221435, 6.663295863413396],
            [100.80954049040139, 6.659454760928497],
            [100.8063298414491, 6.6554892624195645],
            [100.80872355794588, 6.6490410855776645],
            [100.81567706564414, 6.652617619207831],
            [100.81963699285302, 6.658680220715667],
            [100.82425667710402, 6.659713154138785],
            [100.82729213902104, 6.66181147032313],
            [100.83510042984102, 6.659443003192109],
            [100.84448835735185, 6.6616351015787245],
            [100.84757750339912, 6.66099460441751],
            [100.8538884616832, 6.664199917692088],
            [100.85445911659502, 6.661444064891725],
            [100.86208355271384, 6.659246555284369],
            [100.86449216018508, 6.6568075759089425],
            [100.86768280641644, 6.655980103399088],
            [100.87097639444511, 6.6526392667887535],
            [100.87058039956582, 6.651343882414267],
            [100.86834256255929, 6.650799679261809],
            [100.86728731605683, 6.647257148098959],
            [100.86601655242202, 6.646805910564353],
            [100.87026102242828, 6.6428780522803095],
            [100.86848971322974, 6.639924505111878],
            [100.8698473001129, 6.635007048136799],
            [100.87141890855582, 6.63349515197973],
            [100.87504941319992, 6.634103605397115],
            [100.87766475502451, 6.64018649740899],
            [100.87795133208834, 6.643478180673526],
            [100.8796844299925, 6.64550479301181],
            [100.88648366079235, 6.642955827449498],
            [100.89333978630214, 6.637424622748199],
            [100.89478864358108, 6.635165534761654],
            [100.89836333629898, 6.635958800658159],
            [100.90183204031649, 6.634608526162594],
            [100.90621834240267, 6.639979154214643],
            [100.91182769009589, 6.638316558662325],
            [100.91697533394455, 6.644118089678159],
            [100.92168333072118, 6.6440382496655275],
            [100.9213820182656, 6.646088944049552],
            [100.91820653820122, 6.650327456946627],
            [100.91748853207014, 6.653901517441113],
            [100.91795220542997, 6.656296204306443],
            [100.92091031036261, 6.659956007064125],
            [100.92289786514442, 6.66080210093628],
            [100.92566430296529, 6.660077638572204],
            [100.92963181955287, 6.654975667692952],
            [100.93341266566205, 6.658374204805739],
            [100.9359965923689, 6.65846241121136],
            [100.9391861036558, 6.661653561063019],
            [100.94059412991521, 6.661904854125794],
            [100.94359108196295, 6.665864925226174],
            [100.9460922377666, 6.6681020562649564],
            [100.94824637936699, 6.66861511139831],
            [100.95029480476148, 6.672120025718641],
            [100.9543455149336, 6.674953413569256],
            [100.95470000789908, 6.676910988551356],
            [100.95248061328971, 6.678908809993629],
            [100.95291282386779, 6.6805830751488315],
            [100.9515523681473, 6.681985305277692],
            [100.95287367727843, 6.68510373774734],
            [100.95224929057235, 6.687130838417488],
            [100.9532022625744, 6.6898557464455735],
            [100.95205380583855, 6.691631778883561],
            [100.95403014157785, 6.693595998956255],
            [100.95601337691585, 6.6938107471683],
            [100.957619657821, 6.697931563091231],
            [100.95603801833994, 6.701345752004897],
            [100.95295550928938, 6.701358444136929],
            [100.95517261062753, 6.702834274781992],
            [100.95344663895128, 6.703411483053571],
            [100.95402628708354, 6.70647266198381],
            [100.95794506671155, 6.708520644911857],
            [100.96015814268418, 6.708530172329631],
            [100.96145859743638, 6.710137938015464],
            [100.96331544385271, 6.708344354408496],
            [100.96523122464134, 6.711104906166554],
            [100.96570132995248, 6.709660427686629],
            [100.96817193758488, 6.710114432435148],
            [100.96935070956766, 6.709353653648236],
            [100.9708916241492, 6.706025778067271],
            [100.96890139478359, 6.704500765298121],
            [100.9688783307704, 6.703330905596886],
            [100.97163874942879, 6.703479737999544],
            [100.97218885483187, 6.70260960075251],
            [100.97145205376933, 6.700760869818339],
            [100.9745324916812, 6.697713013444854],
            [100.97755811681373, 6.697204161742718],
            [100.98321342975606, 6.699335915620054],
            [100.99106954742172, 6.700482264345055],
            [100.99363364317816, 6.700035079155612],
            [100.99979379864493, 6.696498831555857],
            [101.00489038977975, 6.695362098382191],
            [101.00635562371315, 6.694021382780647],
            [101.01884047460828, 6.694558010943524],
            [101.02306036614306, 6.6891603528680434],
            [101.02610688072804, 6.68690856737652],
            [101.03407968093256, 6.684092308013646],
            [101.04346715608443, 6.685965502306146],
            [101.04931652383857, 6.679889135775056],
            [101.05231495167374, 6.6783544615891515],
            [101.05859528444489, 6.677954497102405],
            [101.06298465411857, 6.68240803700138],
            [101.07273277180002, 6.685597900822529],
            [101.0644412167888, 6.688250513250637],
            [101.06154669392487, 6.690167919114231],
            [101.06309450540715, 6.701443864442865],
            [101.06081288041014, 6.706131864793747],
            [101.05878682565157, 6.707221265748842],
            [101.0578869703075, 6.710290880319917],
            [101.0456011429784, 6.7153953576097365],
            [101.04321670029054, 6.717900744723636],
            [101.04254919379031, 6.720140235583472],
            [101.02711275714807, 6.7213564904097325],
            [101.02064711457274, 6.723447306248261],
            [101.01878636240076, 6.725607224194107],
            [101.0200234805992, 6.728045351012213],
            [101.02352702974866, 6.72999353257552],
            [101.02450109355067, 6.734207229580022],
            [101.03157814021904, 6.7398016620171575],
            [101.03243027034074, 6.745991469930459],
            [101.0312962153481, 6.74864960059864],
            [101.0295397107891, 6.749444857594142],
            [101.02817376111022, 6.755328617221949],
            [101.0332131202893, 6.760889309793868],
            [101.02833916621961, 6.765920950091811],
            [101.0277066316558, 6.769030158215287],
            [101.03048714566529, 6.782513953556133],
            [101.03388876655339, 6.782868018444333],
            [101.03599230959748, 6.785912637258434],
            [101.03831075373836, 6.78728545326112],
            [101.03804540337273, 6.788962019781422],
            [101.039334936758, 6.789224373606032],
            [101.03989090034486, 6.79095272758633],
            [101.04151761114889, 6.791949939937808],
            [101.03836343422518, 6.8063082558214205],
            [101.03924990136193, 6.817840769635836],
            [101.04228616817221, 6.830124127426586],
            [101.04817558633431, 6.834773613411585],
            [101.04925099203973, 6.836938180852428],
            [101.04773815878906, 6.839185518297086],
            [101.04469491413903, 6.837762151402217],
            [101.04390849657989, 6.838214689356505],
            [101.04293493100232, 6.84165476795323],
            [101.04536384696405, 6.845604454581974],
            [101.0434609606549, 6.84783395757114],
            [101.0444671005763, 6.84872750956697],
            [101.04952475826104, 6.8482415204298945],
            [101.05713935759536, 6.852238185843646],
            [101.0621178731414, 6.852677901264201],
            [101.06371570311728, 6.8544333464218425],
            [101.06368530783072, 6.857486291159432],
            [101.04101574627975, 6.854181159432983],
            [101.02044888510801, 6.854543290340644],
            [101.00378917802823, 6.85754000676593],
            [100.9824567455824, 6.864736335013902],
            [100.9606603888659, 6.879244495037483],
            [100.95622823394592, 6.881180440425055],
            [100.95396571144846, 6.881233759430529],
            [100.95301643476074, 6.880181539146747],
            [100.95048429641321, 6.88104002118007],
            [100.92045043663842, 6.9001704519048985],
            [100.9013604313389, 6.914842796657808],
            [100.8512925074433, 6.960380685220514]
          ]
        ]
      }
    },
    {
      "type": "Feature",
      "properties": {
        "district_code": "9006",
        "district_th": "สะบ้าย้อย",
        "district_en": "Saba Yoi",
        "province_code": "90",
        "province_th": "สงขลา"
      },
      "geometry": {
        "type": "Polygon",
        "coordinates": [
          [
            [100.96570132995248, 6.709660427686629],
            [100.96523122464134, 6.711104906166554],
            [100.96293784640454, 6.708333151553745],
            [100.96145859743638, 6.710137938015464],
            [100.96015814268418, 6.708530172329631],
            [100.95794506671155, 6.708520644911857],
            [100.95402628708354, 6.70647266198381],
            [100.95344663895128, 6.703411483053571],
            [100.95517261062753, 6.702834274781992],
            [100.95295550928938, 6.701358444136929],
            [100.95603801833994, 6.701345752004897],
            [100.957619657821, 6.697931563091231],
            [100.95601337691585, 6.6938107471683],
            [100.95403014157785, 6.693595998956255],
            [100.95205380583855, 6.691631778883561],
            [100.9532022625744, 6.6898557464455735],
            [100.95224929057235, 6.687130838417488],
            [100.95287367727843, 6.68510373774734],
            [100.9515523681473, 6.681985305277692],
            [100.95291282386779, 6.6805830751488315],
            [100.95248061328971, 6.678908809993629],
            [100.95470000789908, 6.676910988551356],
            [100.9543455149336, 6.674953413569256],
            [100.95029480476148, 6.672120025718641],
            [100.94824637936699, 6.66861511139831],
            [100.9460922377666, 6.6681020562649564],
            [100.94359108196295, 6.665864925226174],
            [100.94059412991521, 6.661904854125794],
            [100.9391861036558, 6.661653561063019],
            [100.9359965923689, 6.65846241121136],
            [100.93341266566205, 6.658374204805739],
            [100.92963181955287, 6.654975667692952],
            [100.92566430296529, 6.660077638572204],
            [100.92289786514442, 6.66080210093628],
            [100.92091031036261, 6.659956007064125],
            [100.91795220542997, 6.656296204306443],
            [100.91748853207014, 6.653901517441113],
            [100.91820653820122, 6.650327456946627],
            [100.9213820182656, 6.646088944049552],
            [100.92168333072118, 6.6440382496655275],
            [100.91697533394455, 6.644118089678159],
            [100.91182769009589, 6.638316558662325],
            [100.90621834240267, 6.639979154214643],
            [100.90183204031649, 6.634608526162594],
            [100.89836333629898, 6.635958800658159],
            [100.89478864358108, 6.635165534761654],
            [100.89333978630214, 6.637424622748199],
            [100.88648366079235, 6.642955827449498],
            [100.8796844299925, 6.64550479301181],
            [100.87795133208834, 6.643478180673526],
            [100.87766475502451, 6.64018649740899],
            [100.87504941319992, 6.634103605397115],
            [100.87141890855582, 6.63349515197973],
            [100.8698473001129, 6.635007048136799],
            [100.86848971322974, 6.639924505111878],
            [100.87026102242828, 6.6428780522803095],
            [100.86601655242202, 6.646805910564353],
            [100.86728731605683, 6.647257148098959],
            [100.86834256255929, 6.650799679261809],
            [100.87058039956582, 6.651343882414267],
            [100.87097639444511, 6.6526392667887535],
            [100.86768280641644, 6.655980103399088],
            [100.86449216018508, 6.6568075759089425],
            [100.86208355271384, 6.659246555284369],
            [100.85445911659502, 6.661444064891725],
            [100.8538884616832, 6.664199917692088],
            [100.84722677859304, 6.660911150928939],
            [100.84448835735185, 6.6616351015787245],
            [100.83510042984102, 6.659443003192109],
            [100.82791244640237, 6.661891680856456],
            [100.82425667710402, 6.659713154138785],
            [100.81963699285302, 6.658680220715667],
            [100.81567706564414, 6.652617619207831],
            [100.8070084239996, 6.647698431937158],
            [100.80492949360132, 6.640199646396638],
            [100.80297638465248, 6.6389895051615895],
            [100.79789814958002, 6.638471094565432],
            [100.79555762888151, 6.640924263444049],
            [100.7837325710014, 6.6456591445539175],
            [100.78002665640514, 6.6404671731215785],
            [100.76871004013628, 6.630000378414763],
            [100.76969020763704, 6.624180647818719],
            [100.76667123568905, 6.6169035667462595],
            [100.76812443039819, 6.61234464159196],
            [100.77179950004694, 6.610414675796676],
            [100.77437753619438, 6.6068825282061425],
            [100.77571708807324, 6.603125351353924],
            [100.77518382517343, 6.599539298399975],
            [100.77616728059559, 6.596004921390033],
            [100.77924901173259, 6.59633887743729],
            [100.78302143209345, 6.5931610897125665],
            [100.78904503540014, 6.592443589899801],
            [100.78909707197238, 6.589854885094894],
            [100.79135976444161, 6.584172436908489],
            [100.7914457783001, 6.579474880361488],
            [100.78983364011049, 6.576345949206257],
            [100.78428653089873, 6.574426277051089],
            [100.77993996355855, 6.569554032592578],
            [100.77980167300888, 6.562439093889111],
            [100.77679709920682, 6.558293848782171],
            [100.77500544734357, 6.558040234569205],
            [100.77014970814258, 6.560455212837837],
            [100.76615193026743, 6.559879884149382],
            [100.76202433705356, 6.5562911602089],
            [100.75848509201347, 6.554811075770601],
            [100.75187887820772, 6.548476761193626],
            [100.75665015128351, 6.546864462025326],
            [100.75994427890538, 6.542023645275037],
            [100.75520151883507, 6.539077820585021],
            [100.75268900279531, 6.539259792105781],
            [100.75118943004821, 6.538321812701554],
            [100.74950088455824, 6.5141887169357915],
            [100.73924940643502, 6.512750262114935],
            [100.73637061271364, 6.5101520721604516],
            [100.73843727725858, 6.510158388099171],
            [100.73825688494736, 6.508829576823587],
            [100.74069036856571, 6.5063796383096815],
            [100.74100955144968, 6.5022846122450915],
            [100.74317980980044, 6.499786701195376],
            [100.74062528283059, 6.494270750794556],
            [100.73943205874258, 6.4934516365838135],
            [100.7386521810534, 6.490224669433019],
            [100.74273368041509, 6.481941906194038],
            [100.74361975095081, 6.470291473272937],
            [100.75241316093866, 6.458589027161906],
            [100.75723183458155, 6.456665862939246],
            [100.75891480877146, 6.457566474613145],
            [100.76786706241506, 6.45550766564628],
            [100.77054154095941, 6.45678008313439],
            [100.77608135487071, 6.463173931931465],
            [100.77927375478004, 6.458723629591873],
            [100.78161623240328, 6.45729839660379],
            [100.78151299472898, 6.454755708309335],
            [100.7879747729175, 6.453699752241846],
            [100.78910777120672, 6.450387564434607],
            [100.79143254117889, 6.448766550835728],
            [100.80605561027824, 6.444544428082963],
            [100.8102146455895, 6.444671535562975],
            [100.81180471711406, 6.443325443814217],
            [100.81295385283812, 6.436488583581308],
            [100.81461393568463, 6.4335469326449015],
            [100.81377561465297, 6.431168522609255],
            [100.81653222198452, 6.426957129667869],
            [100.81627198516406, 6.423507478687213],
            [100.81845618210718, 6.4214964048352385],
            [100.82135231835485, 6.41571407344577],
            [100.8219643339869, 6.410206023589183],
            [100.82411300501121, 6.405131046760459],
            [100.82128356698308, 6.399831873442281],
            [100.82229360816353, 6.39393418691327],
            [100.821815967433, 6.390653712798667],
            [100.82416514680415, 6.3827858337992325],
            [100.82119299266253, 6.374687563780071],
            [100.82166041799394, 6.371244383421583],
            [100.82040397696204, 6.369268099842998],
            [100.82215570702033, 6.36544967826012],
            [100.82170849664988, 6.357152589720272],
            [100.8275443260099, 6.3524619318727105],
            [100.82851325378368, 6.347722889599709],
            [100.8306117642216, 6.3464846688324315],
            [100.83550221005902, 6.338695437344597],
            [100.84039132939637, 6.327534777907715],
            [100.84025359732573, 6.322766894376741],
            [100.84379398360551, 6.320269583174763],
            [100.84638291503956, 6.316572526001323],
            [100.84912718277332, 6.314959582918448],
            [100.84843494401753, 6.310236356122971],
            [100.8452092655952, 6.309870017287494],
            [100.84283516690948, 6.308189316583764],
            [100.84352965307107, 6.301414629181863],
            [100.84658123263785, 6.291203121426975],
            [100.84834157640267, 6.289273280637417],
            [100.85835900056748, 6.293780614383877],
            [100.86210357072326, 6.293826613807255],
            [100.86475226930185, 6.297274585753598],
            [100.87079983684305, 6.294303562059781],
            [100.88095786821111, 6.295617087558583],
            [100.88376314775115, 6.297135271775403],
            [100.8882241906939, 6.296114704929721],
            [100.88991059040148, 6.296746026308142],
            [100.89230770273838, 6.301030902853938],
            [100.89648418489725, 6.303377812336237],
            [100.911015623872, 6.304014172616007],
            [100.91610172171715, 6.316734739416745],
            [100.91779541312786, 6.318711373730935],
            [100.9221592807263, 6.320813192774665],
            [100.9236005828007, 6.320658119076995],
            [100.92469834115559, 6.319161681366552],
            [100.92744067804489, 6.320098601369409],
            [100.92852751413352, 6.322366188848605],
            [100.92544788471218, 6.32307999604501],
            [100.92399995643291, 6.326522738433653],
            [100.92751826795376, 6.326333111883628],
            [100.92865957867667, 6.3271411779230675],
            [100.92821935963582, 6.328595911372247],
            [100.92558550706553, 6.329032034001216],
            [100.92647494286439, 6.332459896207297],
            [100.92462068559621, 6.336484913647894],
            [100.92587800166848, 6.33993443602543],
            [100.9248973854061, 6.341041394444858],
            [100.92209131356333, 6.340847527591393],
            [100.9201055241507, 6.34368283369588],
            [100.91979892727875, 6.347979714392352],
            [100.92149188933928, 6.3497195356281395],
            [100.91995856593513, 6.351203193072934],
            [100.91935297326114, 6.354297279096215],
            [100.91999674755192, 6.355180936750855],
            [100.92544274059009, 6.355196296272084],
            [100.92538702219338, 6.35995672981926],
            [100.9276789606156, 6.3652361899982],
            [100.92546884790909, 6.369037993908364],
            [100.92655445012781, 6.370048823794207],
            [100.92237127521423, 6.373425328416204],
            [100.92153445155378, 6.3769850573145845],
            [100.92245996005914, 6.380780354629735],
            [100.91967521204145, 6.382050016595031],
            [100.92017227183294, 6.386749631690179],
            [100.92182008522883, 6.389514634193063],
            [100.91786152768742, 6.39161878787678],
            [100.91688203557754, 6.396766652958718],
            [100.91801311291488, 6.400159133137549],
            [100.91754859599098, 6.404799614210901],
            [100.91873089961138, 6.409041773858803],
            [100.9191460077821, 6.4188375762931855],
            [100.9215983645729, 6.425215471117156],
            [100.9288933070805, 6.436142600001062],
            [100.931926237406, 6.444055756268199],
            [100.933115001756, 6.445301198591494],
            [100.93520116720015, 6.4455876956157],
            [100.93774578184241, 6.4435731575752015],
            [100.94051363969277, 6.444343289311405],
            [100.94850736442339, 6.443020797571819],
            [100.95194114506785, 6.446056785592248],
            [100.95239284215597, 6.451718313749211],
            [100.95945173061295, 6.45155151559004],
            [100.96083266389638, 6.454713961779987],
            [100.96104246313922, 6.4621087290346395],
            [100.96384713473753, 6.468438216950176],
            [100.96487642230909, 6.468802379426336],
            [100.96884400634588, 6.466643182736732],
            [100.97255470983202, 6.4682508126249445],
            [100.97286181931759, 6.472347726366536],
            [100.97173440671753, 6.475597814187836],
            [100.97543397210018, 6.480494941088693],
            [100.97563130404149, 6.482135671424146],
            [100.97439863029263, 6.483665002737723],
            [100.97634411029253, 6.486160076426415],
            [100.97972590742472, 6.486176266921234],
            [100.98355803197768, 6.484695532273065],
            [100.98835502656328, 6.4856641839549525],
            [100.9970469750379, 6.4856286148687445],
            [100.99974874890569, 6.483975927147355],
            [101.00506635922517, 6.483242406811655],
            [101.01425010825596, 6.485521464244243],
            [101.01724039992456, 6.488033471267727],
            [101.01867574938638, 6.487674623784926],
            [101.0205297728308, 6.482590849787925],
            [101.02417795544835, 6.481574115852823],
            [101.02668981318442, 6.481693751765306],
            [101.03452439658372, 6.4852225466832465],
            [101.0385314122949, 6.484803907774165],
            [101.03966772458585, 6.485581436434188],
            [101.04403350594163, 6.495928468424154],
            [101.04142028561773, 6.5020538534026855],
            [101.04002605765652, 6.512144269242697],
            [101.03627186925144, 6.517302966658633],
            [101.0384904319879, 6.522473712292026],
            [101.04161051381425, 6.523264007727846],
            [101.0439058408819, 6.525189390577964],
            [101.0432698025594, 6.54157659858123],
            [101.06372613435366, 6.5429375543247374],
            [101.06867646424746, 6.544043306753281],
            [101.07231419944083, 6.5479851962598445],
            [101.07363476842988, 6.551732643346838],
            [101.08053781696674, 6.555579575237232],
            [101.08178622255616, 6.564920425936975],
            [101.08504893775836, 6.574526335621954],
            [101.08133281315884, 6.587394922737531],
            [101.08228740573924, 6.599539749859616],
            [101.08393178192625, 6.605558977964506],
            [101.08801665644359, 6.607327864389504],
            [101.08956375386418, 6.6090442645812],
            [101.08853036358545, 6.613503209405621],
            [101.08904861500162, 6.6146039490130875],
            [101.09823956220612, 6.619002888372677],
            [101.099980833149, 6.620691708155846],
            [101.10223030828217, 6.626835192889871],
            [101.10806452515777, 6.629101575277502],
            [101.10482656109696, 6.632387305030136],
            [101.09217676374669, 6.641424586875246],
            [101.0830810853239, 6.643128031433548],
            [101.07421361706486, 6.641735174039127],
            [101.07158578455636, 6.644221680785961],
            [101.0690147838053, 6.644087783424538],
            [101.06192768181711, 6.6557369869724425],
            [101.04894682243798, 6.663274235617507],
            [101.05514523956123, 6.671604694401196],
            [101.05737204998019, 6.677754736092254],
            [101.05019561743387, 6.679284285041774],
            [101.04370740457313, 6.685844152285824],
            [101.03591159184657, 6.684158755322358],
            [101.03172184558679, 6.684491919966206],
            [101.02392216757403, 6.6883216802014545],
            [101.01948617884415, 6.69435307433497],
            [101.00635562371315, 6.694021382780647],
            [101.00489038977975, 6.695362098382191],
            [100.99979379864493, 6.696498831555857],
            [100.99240789330969, 6.7003434845642005],
            [100.98813165655076, 6.700321259618477],
            [100.9781905398616, 6.69734118424833],
            [100.97531191701142, 6.697442044115064],
            [100.97301778244474, 6.698410727273313],
            [100.97157832398051, 6.700537730032238],
            [100.97163874942879, 6.703479737999544],
            [100.9688783307704, 6.703330905596886],
            [100.96890139478359, 6.704500765298121],
            [100.9708916241492, 6.706025778067271],
            [100.96935070956766, 6.709353653648236],
            [100.96817193758488, 6.710114432435148],
            [100.96570132995248, 6.709660427686629]
          ]
        ]
      }
    },
    {
      "type": "Feature",
      "properties": {
        "district_code": "9007",
        "district_th": "ระโนด",
        "district_en": "Ranot",
        "province_code": "90",
        "province_th": "สงขลา"
      },
      "geometry": {
        "type": "Polygon",
        "coordinates": [
          [
            [100.32852338384714, 7.937827843780042],
            [100.32586329085825, 7.938688658654712],
            [100.31623080081084, 7.937682078964826],
            [100.31159378302675, 7.936218128363976],
            [100.30965045420515, 7.929082249845976],
            [100.30634930737472, 7.922615858135373],
            [100.3075590034453, 7.916924346581368],
            [100.30699681115397, 7.914191050576562],
            [100.2955431453999, 7.9160885724297145],
            [100.28095679831767, 7.91383232180425],
            [100.26649450911435, 7.91421247512568],
            [100.26683800516986, 7.90602195714763],
            [100.2602685079853, 7.902559494425191],
            [100.25600422141775, 7.897830110870984],
            [100.2497116138, 7.893250861937759],
            [100.2428633195866, 7.890286300772232],
            [100.23253940556918, 7.882280978384472],
            [100.21500774281316, 7.882086866016095],
            [100.18850511871631, 7.878705312600118],
            [100.18079610855364, 7.876078388406938],
            [100.17756698033196, 7.876401741447239],
            [100.19537369623913, 7.802750203958794],
            [100.2176395332379, 7.784235253054533],
            [100.2166633479352, 7.776673527561286],
            [100.21623785259487, 7.740814007960125],
            [100.21697906213404, 7.725381542724051],
            [100.2205218514024, 7.694895157585506],
            [100.33038615139981, 7.71448596655415],
            [100.34339568566241, 7.7176828387920295],
            [100.34924000821985, 7.703062315673378],
            [100.34937255659827, 7.69247895174226],
            [100.3603915125583, 7.679642260881678],
            [100.36014956614963, 7.678655612866294],
            [100.35667883865756, 7.677817075098005],
            [100.35698520530303, 7.674614025416986],
            [100.35272128026293, 7.673328374405003],
            [100.35397840208162, 7.667477776378348],
            [100.35009550540332, 7.6660058955556565],
            [100.35230285629183, 7.659275095968951],
            [100.35813753541896, 7.650092486379208],
            [100.35917081867842, 7.649137425252036],
            [100.36066844619188, 7.649386082401804],
            [100.36149685759398, 7.6475243418749415],
            [100.36314133540435, 7.6355051356535455],
            [100.36317890008621, 7.626614891164365],
            [100.36412868129366, 7.623497613424149],
            [100.36754193671106, 7.619250629812768],
            [100.36771999618094, 7.61662864469622],
            [100.37608692966813, 7.616436548607908],
            [100.38880501613863, 7.619426012000929],
            [100.39817119534445, 7.622901237901829],
            [100.39881018524193, 7.620105965118228],
            [100.40341521324154, 7.621902899599206],
            [100.40562666234064, 7.621564032354286],
            [100.40750053831925, 7.622172992089986],
            [100.37712070215872, 7.747660076351508],
            [100.33690886135491, 7.931888955710804],
            [100.3350273447362, 7.93200096717095],
            [100.33366430886082, 7.935731447648266],
            [100.32852338384714, 7.937827843780042]
          ]
        ]
      }
    },
    {
      "type": "Feature",
      "properties": {
        "district_code": "9008",
        "district_th": "กระแสสินธุ์",
        "district_en": "Krasae Sin",
        "province_code": "90",
        "province_th": "สงขลา"
      },
      "geometry": {
        "type": "Polygon",
        "coordinates": [
          [
            [100.3588352888176, 7.6493981935718125],
            [100.35230285629183, 7.659275095968951],
            [100.35009550540332, 7.6660058955556565],
            [100.35397840208162, 7.667477776378348],
            [100.35272128026293, 7.673328374405003],
            [100.35698520530303, 7.674614025416986],
            [100.35667883865756, 7.677817075098005],
            [100.36014956614963, 7.678655612866294],
            [100.3603915125583, 7.679642260881678],
            [100.34937255659827, 7.69247895174226],
            [100.34924000821985, 7.703062315673378],
            [100.34339568566241, 7.7176828387920295],
            [100.33038615139981, 7.71448596655415],
            [100.2205218514024, 7.694895157585506],
            [100.23329862043505, 7.574966963654504],
            [100.23522195373022, 7.547134178399688],
            [100.23716892300746, 7.538818578214887],
            [100.25723802741311, 7.50074425594272],
            [100.28652752102835, 7.498663370418285],
            [100.29938494396004, 7.498723367789239],
            [100.30470342482323, 7.502285717312077],
            [100.3553229281107, 7.527791698328258],
            [100.3614257643876, 7.570904537114757],
            [100.35860223670392, 7.586936158576918],
            [100.36274198515457, 7.599661562830931],
            [100.3623683788976, 7.609803677997377],
            [100.3694715949382, 7.610597744290487],
            [100.36754193671106, 7.619250629812768],
            [100.36412868129366, 7.623497613424149],
            [100.36317890008621, 7.626614891164365],
            [100.3618519683937, 7.64641993932878],
            [100.36066844619188, 7.649386082401804],
            [100.3588352888176, 7.6493981935718125]
          ]
        ]
      }
    },
    {
      "type": "Feature",
      "properties": {
        "district_code": "9009",
        "district_th": "รัตภูมิ",
        "district_en": "Rattaphum",
        "province_code": "90",
        "province_th": "สงขลา"
      },
      "geometry": {
        "type": "Polygon",
        "coordinates": [
          [
            [100.3404114680149, 7.208212172853564],
            [100.31670725083899, 7.231840813702661],
            [100.31407876182544, 7.22852429925706],
            [100.30665227997878, 7.211375119965851],
            [100.303992578195, 7.208550350318433],
            [100.30032207440428, 7.208404517154804],
            [100.2926830171076, 7.211290488365421],
            [100.28022836904404, 7.210838873115563],
            [100.27459102995215, 7.208168060207868],
            [100.2717020702944, 7.2082372603413205],
            [100.26892291875777, 7.204315527339759],
            [100.26072104863755, 7.2006119581753865],
            [100.25873965690971, 7.1977725592562365],
            [100.25562861057199, 7.1970438862663855],
            [100.25357281613265, 7.198784569952011],
            [100.24937837631109, 7.199377903967161],
            [100.24559349404456, 7.194572492626492],
            [100.24162926537838, 7.19285191328521],
            [100.23463588623724, 7.194656982134063],
            [100.22679307673917, 7.193155276195114],
            [100.22330421082074, 7.193824246791621],
            [100.21585123494657, 7.190459940573874],
            [100.2126648622936, 7.186855872400656],
            [100.21096331620413, 7.186445475778157],
            [100.20830681420819, 7.187615200581092],
            [100.20620212003189, 7.1847419197038676],
            [100.20112110965152, 7.184690408335712],
            [100.19737687314426, 7.181415776217136],
            [100.19387325384764, 7.18223053141395],
            [100.18938463409364, 7.180084043943509],
            [100.18706271767036, 7.177812441890751],
            [100.18538631033005, 7.17848100689298],
            [100.1835983465865, 7.176862911594128],
            [100.18246850401829, 7.1775250986044625],
            [100.17713854780578, 7.175810614868055],
            [100.17424859169921, 7.176197110208534],
            [100.1742687589961, 7.174126316876084],
            [100.17253841661471, 7.173128815842233],
            [100.17091759457139, 7.170284989560685],
            [100.17143999366084, 7.168003031814521],
            [100.17031291740727, 7.165283390216359],
            [100.16813182042722, 7.165102457412502],
            [100.16560159763566, 7.163105087429869],
            [100.16780191402717, 7.16052984008013],
            [100.1653894808399, 7.15891433842603],
            [100.16529465272612, 7.156112634590443],
            [100.16277988658254, 7.15652244395568],
            [100.16042352162827, 7.154183215582975],
            [100.1602592946308, 7.152161409221719],
            [100.1587297213996, 7.152074532913389],
            [100.1559004740277, 7.149101015399594],
            [100.15481731886422, 7.150808840555612],
            [100.15095834595098, 7.152191799112302],
            [100.14685477902486, 7.149648171026342],
            [100.14132630106798, 7.152682099599247],
            [100.13615842966783, 7.153499525782536],
            [100.13249809720946, 7.159812747660226],
            [100.1258434594082, 7.161855893134998],
            [100.12309986077003, 7.165416864896429],
            [100.12129026383468, 7.166350881887752],
            [100.117379212081, 7.166350856706742],
            [100.11667873283733, 7.165300067244345],
            [100.11206718835012, 7.166175688557246],
            [100.10538205094093, 7.161991324739915],
            [100.1047554797816, 7.159852712632642],
            [100.09742360571488, 7.1549303336680055],
            [100.0951687499379, 7.151327563216512],
            [100.08863650806848, 7.1479621346448425],
            [100.08354752339955, 7.146525320187436],
            [100.07419341399492, 7.146950246256893],
            [100.06768992884719, 7.139476919624201],
            [100.06241632865073, 7.137769696114617],
            [100.0618811591882, 7.1317199872876245],
            [100.06015127096447, 7.126128441674268],
            [100.06102774033803, 7.1243412783273925],
            [100.0647965490216, 7.121540704040285],
            [100.06423158232172, 7.116059358652535],
            [100.06582490939212, 7.11299244564492],
            [100.06592501922432, 7.110390799595791],
            [100.06437611056913, 7.108498990236285],
            [100.0596478205905, 7.108907595409221],
            [100.05687896359336, 7.107705704554689],
            [100.05707857081944, 7.10259772800282],
            [100.0545574887372, 7.094673730408374],
            [100.05986995043793, 7.084768793445107],
            [100.06194089755445, 7.082877858226652],
            [100.06230110121493, 7.076844830024925],
            [100.06086046643742, 7.074503644727486],
            [100.06023021705096, 7.069371062724429],
            [100.06140077012952, 7.065769261742105],
            [100.06392190886908, 7.065409096752489],
            [100.06446216489707, 7.0636982417804575],
            [100.06392196642565, 7.057124937765707],
            [100.0678837732176, 7.053883335047942],
            [100.07004477124923, 7.050371586779363],
            [100.07310616331887, 7.0486607479952],
            [100.07301613308812, 7.047129978665623],
            [100.0708551647341, 7.046319556402466],
            [100.06905434877922, 7.046769771407867],
            [100.06905435597383, 7.045869318014638],
            [100.07238587740636, 7.042897849156475],
            [100.0775181887135, 7.043438156445802],
            [100.07931901725891, 7.040826855275213],
            [100.07886883013248, 7.038485676273012],
            [100.07490707729983, 7.033533161925902],
            [100.07004489175841, 7.032632676157107],
            [100.06689346316284, 7.033713198105659],
            [100.06392213819618, 7.0314620484348325],
            [100.06581300326752, 7.029661154238909],
            [100.06617318534427, 7.026599619177148],
            [100.06284172776361, 7.020206386415623],
            [100.06419237008186, 7.015163863421606],
            [100.06716373282006, 7.011742166068132],
            [100.07193590341927, 7.009040838264127],
            [100.07337656877371, 7.006609628131855],
            [100.08037886559225, 7.002207986309543],
            [100.08269779626636, 6.999205687792312],
            [100.08338304639057, 6.99434271444477],
            [100.07959337883142, 6.985625757622643],
            [100.08111239941775, 6.978468664097591],
            [100.07863854163543, 6.963432214425211],
            [100.09486946185626, 6.964915805320231],
            [100.09576874972805, 6.962264549969063],
            [100.09934568535516, 6.95759724121973],
            [100.10133487510444, 6.949275421323705],
            [100.10585512491417, 6.949033699745485],
            [100.10782442255913, 6.944961660352419],
            [100.11644456466496, 6.939947817637744],
            [100.11994146602592, 6.936036929560714],
            [100.1217828261166, 6.923616356809475],
            [100.130063666605, 6.922675928551314],
            [100.1429352637515, 6.924041398891518],
            [100.14874413683253, 6.923364912660645],
            [100.15765933301185, 6.919098715033726],
            [100.16317562155774, 6.914247158579542],
            [100.16769760526034, 6.913168875043596],
            [100.17434506017645, 6.913157623625466],
            [100.17747771092769, 6.912056672677352],
            [100.1817844616836, 6.913398117629072],
            [100.18618036942854, 6.912377071444723],
            [100.18884056314153, 6.9098770766657935],
            [100.1912483270487, 6.911469242711405],
            [100.19413860241463, 6.9098694845890805],
            [100.19499089981025, 6.906892246579957],
            [100.19678283675859, 6.9081331599174405],
            [100.19824752390417, 6.907785238298175],
            [100.20076523802538, 6.8999596840922095],
            [100.20706801068019, 6.895721314187369],
            [100.20932196083987, 6.901503277754102],
            [100.207360278654, 6.907715332196858],
            [100.21085211593248, 6.914235751578701],
            [100.21410199870832, 6.916340404386176],
            [100.21432163203775, 6.9183242665517355],
            [100.20613234343296, 6.9206392770810226],
            [100.20548730109812, 6.922491374177639],
            [100.20232601503363, 6.92377629044347],
            [100.19991111410667, 6.9290986410894675],
            [100.19563642058438, 6.9324676147886635],
            [100.19281945615302, 6.93878411919178],
            [100.19337308240188, 6.942311075895475],
            [100.19101699893542, 6.949043583294781],
            [100.19436463621906, 6.96222151111391],
            [100.19205331470874, 6.968100379329087],
            [100.19406218522175, 6.975938266837602],
            [100.19691219883896, 6.97992064022543],
            [100.19893517431888, 6.980459566156128],
            [100.2015780497872, 6.984492730555132],
            [100.20491337715072, 6.98486040038722],
            [100.20618035913634, 6.987635391660035],
            [100.2163268998666, 6.992749736311339],
            [100.23106573419636, 6.997438073008709],
            [100.2381380333436, 7.004967854582844],
            [100.24195941459539, 7.00606396807774],
            [100.24735688381321, 7.011152137061515],
            [100.24843585263255, 7.010989802237646],
            [100.25108311229587, 7.014429157779432],
            [100.25365396735674, 7.014987407442959],
            [100.25494183160032, 7.012002271587619],
            [100.25769679587052, 7.013182936643261],
            [100.26076496523103, 7.01743221802252],
            [100.2631833923997, 7.018209332994388],
            [100.26539669140425, 7.015930531868605],
            [100.2727309153995, 7.016236572060222],
            [100.27722069707755, 7.022098069870083],
            [100.28404057990889, 7.02261021399022],
            [100.29271696921279, 7.031412549749405],
            [100.30038046468678, 7.032312111914507],
            [100.3030196250557, 7.040181877691566],
            [100.30252716979311, 7.049830092384923],
            [100.30400137536321, 7.052784412970311],
            [100.30603332068125, 7.053867374779543],
            [100.31497398476165, 7.053701547888181],
            [100.32200170901172, 7.056732252391555],
            [100.321868255016, 7.0649301484076545],
            [100.31965505403758, 7.069589384842288],
            [100.3196459915693, 7.073274706762334],
            [100.32196855640382, 7.075733648389189],
            [100.32317758877474, 7.079471461938454],
            [100.32735373998315, 7.0821975318906425],
            [100.32952081473388, 7.082442729348543],
            [100.33049253580197, 7.085822973351583],
            [100.33544371825303, 7.092473806121291],
            [100.33440630800476, 7.10311331382843],
            [100.33842750422599, 7.1061618545859915],
            [100.33982569100289, 7.113188071572267],
            [100.34718730744834, 7.117612196445748],
            [100.34923193860317, 7.1223258418641535],
            [100.34923896320765, 7.1284053434318935],
            [100.34519840458279, 7.126185291418096],
            [100.3395790897033, 7.130504640776621],
            [100.33835596315726, 7.129635817439066],
            [100.33695483020131, 7.131845377062575],
            [100.33871519375123, 7.13474100789125],
            [100.33848851423363, 7.136478881195444],
            [100.33356948344499, 7.136640070283079],
            [100.33196831518563, 7.1387919815647365],
            [100.32890956262628, 7.139039039719933],
            [100.3275018322438, 7.142836038552389],
            [100.32545728472599, 7.141074737009546],
            [100.32915330318247, 7.147411023799748],
            [100.32652829364588, 7.162570593358225],
            [100.32888569102187, 7.17128935781767],
            [100.32859240231755, 7.175497327040034],
            [100.32991182557038, 7.177177539411957],
            [100.33119852968844, 7.1860512228856805],
            [100.33669402231135, 7.187274209137513],
            [100.33943025370331, 7.1916806110713765],
            [100.34018934176476, 7.194433847743937],
            [100.33651985240931, 7.196516674904672],
            [100.33601826003473, 7.198882464753979],
            [100.33725809328644, 7.202684488098669],
            [100.34033202190534, 7.205829430783638],
            [100.3404114680149, 7.208212172853564]
          ]
        ]
      }
    },
    {
      "type": "Feature",
      "properties": {
        "district_code": "9010",
        "district_th": "สะเดา",
        "district_en": "Sadao",
        "province_code": "90",
        "province_th": "สงขลา"
      },
      "geometry": {
        "type": "Polygon",
        "coordinates": [
          [
            [100.42532612200301, 6.839254511586489],
            [100.42118976669445, 6.83993312381466],
            [100.41353571500133, 6.8456654412071885],
            [100.40438271738856, 6.838909105370988],
            [100.39508244769684, 6.8282120824217145],
            [100.38452247603152, 6.828662099576263],
            [100.3837901212172, 6.825992970199479],
            [100.38005921356194, 6.821913718243536],
            [100.37890600840564, 6.817227369947204],
            [100.37612561760324, 6.81889558356437],
            [100.37055939420077, 6.818030006779452],
            [100.36734432238262, 6.811554018403285],
            [100.36955365807489, 6.808398389973775],
            [100.3646116118365, 6.795424274610639],
            [100.35622933771384, 6.783078370770227],
            [100.3469979902651, 6.7790027700618225],
            [100.3435193694234, 6.781262919248377],
            [100.34167709472223, 6.7813064032679335],
            [100.34182144760177, 6.783016863437524],
            [100.33792650540397, 6.784153369982107],
            [100.33596952667239, 6.786917847280904],
            [100.33606560844112, 6.788472725635813],
            [100.33452254537923, 6.788839970987908],
            [100.33396485059745, 6.790165161592995],
            [100.33244699643183, 6.790251859835507],
            [100.32945723896046, 6.788273741639898],
            [100.32124075125972, 6.791370652433727],
            [100.32146902167807, 6.79012947919216],
            [100.31926311689938, 6.788708830947826],
            [100.31612137580089, 6.788607711176951],
            [100.31333957486157, 6.791607807254536],
            [100.30906207275649, 6.792803927159582],
            [100.3067113924169, 6.790185161615966],
            [100.30740994621209, 6.788580967137989],
            [100.30518484270641, 6.7885705691765],
            [100.30348204565996, 6.787375428633197],
            [100.30117460382496, 6.789011492386521],
            [100.30030587491626, 6.788038556334357],
            [100.29928111363256, 6.789679031262324],
            [100.29641593384832, 6.790343509745242],
            [100.29185009920275, 6.785928248589869],
            [100.27795767620586, 6.787156485083756],
            [100.2763919996911, 6.785916785831034],
            [100.27625285208751, 6.783824329629169],
            [100.27344564889762, 6.783032445990614],
            [100.27211109904806, 6.781348119220354],
            [100.26825975328507, 6.781648733802058],
            [100.26548325115118, 6.784886369610319],
            [100.26399887514805, 6.781740676890763],
            [100.26063079627431, 6.780084436847346],
            [100.25998930895952, 6.778118032321402],
            [100.25809676755182, 6.7783695978786795],
            [100.25539187393588, 6.781333419801513],
            [100.2510430636865, 6.782529411103496],
            [100.24753064722165, 6.785458540779075],
            [100.24542369484772, 6.786075839028797],
            [100.24356413157949, 6.7853507246562685],
            [100.236425291594, 6.788231840427159],
            [100.23656488526132, 6.795951717997411],
            [100.22944641941677, 6.802627408028513],
            [100.22849681987242, 6.808144446608992],
            [100.22735586797899, 6.809801280204965],
            [100.22315740009401, 6.8119977645852146],
            [100.2182459218119, 6.812686215396582],
            [100.21266577600483, 6.811493988656707],
            [100.20771188659432, 6.814682580836461],
            [100.20248446298763, 6.8159290169106725],
            [100.19550732380401, 6.825354073831477],
            [100.19626776264721, 6.814384895346677],
            [100.19123334524272, 6.809526749559893],
            [100.19357180469507, 6.806792745788641],
            [100.19306339815734, 6.804842431932741],
            [100.19166028939088, 6.804356937422767],
            [100.19276268195227, 6.802491398159532],
            [100.1927120393292, 6.798924718401054],
            [100.1958863988383, 6.795329454590728],
            [100.1925347406858, 6.7930662081390665],
            [100.19257525964059, 6.790919241329959],
            [100.19718978538037, 6.783789667059523],
            [100.1993605167745, 6.783373645177619],
            [100.19924203379287, 6.776561545978609],
            [100.21267506600157, 6.769004888165114],
            [100.2141310018443, 6.765663684631363],
            [100.21289921932356, 6.7632027923750115],
            [100.2137423391377, 6.758334940205373],
            [100.20666845088834, 6.749880953243462],
            [100.20691644613714, 6.731950263993554],
            [100.20600838537877, 6.728519106671456],
            [100.20395931517032, 6.726232015595087],
            [100.20464228911044, 6.723454335349345],
            [100.20748737174489, 6.7204356152115],
            [100.21158253540574, 6.721070466428955],
            [100.21402054441268, 6.719909036972524],
            [100.21520918375688, 6.713358120680766],
            [100.21821021063278, 6.7096634880795705],
            [100.21814806658006, 6.703535665038942],
            [100.22413707656489, 6.6975674707622375],
            [100.2277883834272, 6.6975004793636685],
            [100.22932501543715, 6.696430224974961],
            [100.22857326494426, 6.694251906000716],
            [100.23181143674844, 6.695252787586128],
            [100.2375848162863, 6.692900249247145],
            [100.24239005315849, 6.693840163093114],
            [100.24350772070483, 6.696377592152203],
            [100.2491704017927, 6.698211611077056],
            [100.25049950894527, 6.7027234702120495],
            [100.25321441021691, 6.704798655833372],
            [100.25256658358103, 6.708162147265341],
            [100.25454067371317, 6.709499859131256],
            [100.2565445808678, 6.709011723312415],
            [100.25740114644583, 6.711087298340203],
            [100.26272458527143, 6.704514554603065],
            [100.26365325129655, 6.6993618907387145],
            [100.26609690894526, 6.699399405957877],
            [100.2698414116519, 6.703229759745682],
            [100.27417368516751, 6.704336879143682],
            [100.2763189477613, 6.70702470992245],
            [100.28008592272721, 6.70706633594267],
            [100.28366598529703, 6.708925686970929],
            [100.28673311773923, 6.7080350235975175],
            [100.28982412538312, 6.71042325962577],
            [100.29350769542384, 6.707671565290582],
            [100.29493444736693, 6.704892176332919],
            [100.29159258193215, 6.699443831567635],
            [100.28994209844916, 6.692274651154264],
            [100.29063771955515, 6.6878362225636465],
            [100.29475010793118, 6.679873573906377],
            [100.29749237197547, 6.678709307088923],
            [100.30021217095498, 6.68060587566066],
            [100.30197495997646, 6.679763531961498],
            [100.30456660556445, 6.672111783432115],
            [100.30721535180709, 6.668111907438629],
            [100.31142085059184, 6.666834047253531],
            [100.31626209811742, 6.667383011416916],
            [100.31916241801122, 6.664913089967172],
            [100.32538778511827, 6.665757276377235],
            [100.327143169122, 6.66388332305695],
            [100.32568811641352, 6.660125011260334],
            [100.319619299691, 6.654155376269671],
            [100.32163831725461, 6.647701745938889],
            [100.32156736434246, 6.6435694753510575],
            [100.3176342711048, 6.640059640839809],
            [100.31653163932373, 6.636966751814214],
            [100.31759176464828, 6.635339437565051],
            [100.32125601455351, 6.635667702702392],
            [100.32358624610845, 6.625426152195189],
            [100.3254124823003, 6.622497869681013],
            [100.31872505341852, 6.615708479262935],
            [100.31566458495269, 6.6139626415626935],
            [100.31201835656196, 6.613870244316388],
            [100.30946064689141, 6.611128492885712],
            [100.30580734623209, 6.610705397835886],
            [100.30420383613819, 6.605108887964832],
            [100.30592430756082, 6.60486697932771],
            [100.30694732865635, 6.605960020738394],
            [100.31025744802287, 6.604168268151113],
            [100.31590234411794, 6.603934361681468],
            [100.3202706103005, 6.591856912666458],
            [100.32490264673982, 6.589042751421914],
            [100.3252166207505, 6.58658651855302],
            [100.32935263071937, 6.584532195404563],
            [100.33538653755875, 6.584978471379372],
            [100.3360536177803, 6.582693132182328],
            [100.34165690224432, 6.580022082752976],
            [100.3409003997337, 6.576350644566617],
            [100.34498790027146, 6.571765651663554],
            [100.34820574380012, 6.573370317386264],
            [100.35143988214492, 6.572943889448993],
            [100.35364463759004, 6.568081450298735],
            [100.35311493870353, 6.561868142201035],
            [100.35528824665533, 6.561595482145833],
            [100.3565566261874, 6.5586958016699555],
            [100.35900540637448, 6.557259419786419],
            [100.3581669567397, 6.554759123734641],
            [100.36009030442409, 6.547244809600329],
            [100.36125976572566, 6.5458200847292005],
            [100.36385460840353, 6.54502257583124],
            [100.36696231915579, 6.54016247941496],
            [100.36865592243294, 6.540028859044639],
            [100.3730832875637, 6.544978516245578],
            [100.38211737771485, 6.541595180373349],
            [100.3843030639353, 6.539397222004254],
            [100.38649218826396, 6.539479933552116],
            [100.38806623836626, 6.5356577770847935],
            [100.39631928081025, 6.534171304761969],
            [100.40190731277232, 6.536715669392663],
            [100.40277093173319, 6.535517677099165],
            [100.4023943244386, 6.530772694804057],
            [100.40767104168526, 6.529413315572128],
            [100.41085663102876, 6.523596482591643],
            [100.41524057329389, 6.524142918760731],
            [100.41692224526548, 6.520551315191085],
            [100.42054941882066, 6.51858263358173],
            [100.42384379015886, 6.518850871670452],
            [100.42942806835072, 6.524099793570656],
            [100.43241433465386, 6.523326864043611],
            [100.43671730286133, 6.525113701835892],
            [100.43974879337219, 6.527715210288761],
            [100.44180353290676, 6.5269495014184145],
            [100.44444696055882, 6.527667289913552],
            [100.44606468533703, 6.526586485577923],
            [100.4532253662577, 6.52759881643226],
            [100.4559827577981, 6.531344132126037],
            [100.45769294457381, 6.532149129678658],
            [100.45970733692411, 6.531640825663601],
            [100.46188025996611, 6.526364523004361],
            [100.46661406818475, 6.52489253875973],
            [100.46775067994997, 6.5218297671301],
            [100.46907309974381, 6.521059780184771],
            [100.47692924438917, 6.5244509590446],
            [100.48617017141635, 6.523283228937942],
            [100.48929360231796, 6.525765423435587],
            [100.49436072176997, 6.523350023384921],
            [100.49539344565108, 6.521906832734203],
            [100.49574507427582, 6.518706758909843],
            [100.49323919703136, 6.517512281166887],
            [100.49256686297042, 6.515653345625424],
            [100.49264045179547, 6.512252314692603],
            [100.49414954656436, 6.508321405908191],
            [100.50228507459656, 6.499845312711045],
            [100.50549997284554, 6.499109481117728],
            [100.50815335239537, 6.500716350179459],
            [100.50976017379304, 6.496632816551312],
            [100.51194510098566, 6.494931274059127],
            [100.5121014157478, 6.492681417613369],
            [100.51552471209584, 6.493583888185924],
            [100.51861812182892, 6.489338207692185],
            [100.52100388921815, 6.48933896671997],
            [100.52402153826341, 6.490886163965342],
            [100.5259188973393, 6.48807234086587],
            [100.53081048081907, 6.489191887095956],
            [100.5320706486416, 6.490367068985108],
            [100.53682333992526, 6.487048296341868],
            [100.53966648991661, 6.488348650369971],
            [100.54258227455239, 6.491463018803302],
            [100.54713228832452, 6.485962025926824],
            [100.54885367435764, 6.485190377933634],
            [100.55319462543167, 6.491776212202467],
            [100.55776186212029, 6.492983555646617],
            [100.5622863837097, 6.49636863530435],
            [100.56581718231718, 6.491040494823039],
            [100.57085479771081, 6.487310534153892],
            [100.5728315624267, 6.483082224065413],
            [100.583976495419, 6.478473852386401],
            [100.58761819572322, 6.478459088216368],
            [100.58934255761301, 6.4793986684138645],
            [100.59471049219553, 6.477858687328592],
            [100.59880540224759, 6.474811957805684],
            [100.60230866631196, 6.469255161096839],
            [100.6036133056096, 6.469067647953636],
            [100.60498564856891, 6.472339905861986],
            [100.60805287364127, 6.472314666388797],
            [100.60987842544904, 6.482809195288155],
            [100.60730848409935, 6.49258463257479],
            [100.60849686893539, 6.495987145590334],
            [100.61061094663796, 6.49799751887042],
            [100.6098986296181, 6.500913520242818],
            [100.61040199185851, 6.5069137420755965],
            [100.60764844132257, 6.508532678240556],
            [100.6075132930041, 6.511523426764768],
            [100.61207023335464, 6.515372687899287],
            [100.60943729179763, 6.517167308424575],
            [100.60909002488478, 6.520972009051036],
            [100.60677679321452, 6.525840980876637],
            [100.60222664904069, 6.528515161745361],
            [100.60396206719571, 6.531885974558122],
            [100.6035794722149, 6.533655048941398],
            [100.59788584185816, 6.536805902870185],
            [100.59953981201278, 6.543525633601178],
            [100.59429196929898, 6.549894853564695],
            [100.59472920079202, 6.553042610228317],
            [100.59311657427054, 6.556685188270876],
            [100.5924944115879, 6.563999382565498],
            [100.59149785214424, 6.564289090169439],
            [100.58648621366791, 6.561810295109069],
            [100.57972236399598, 6.562641550167427],
            [100.57776704361424, 6.566618646333495],
            [100.57253688426988, 6.569420855588078],
            [100.57095097570704, 6.571376265902018],
            [100.56788330187294, 6.583459822213058],
            [100.5645207826081, 6.588415691031344],
            [100.56502208719962, 6.594541807158748],
            [100.56857085875816, 6.59758856635932],
            [100.56658553519435, 6.599086598567737],
            [100.56634498183553, 6.601853909630279],
            [100.56422482471595, 6.604878066169874],
            [100.56835311310573, 6.609930788375209],
            [100.57054086237093, 6.610600410080906],
            [100.57231811698756, 6.613365301067859],
            [100.56956458623671, 6.619501663171263],
            [100.57092434857987, 6.621960979815412],
            [100.5718537457538, 6.632015946179024],
            [100.5700857964224, 6.633826723924244],
            [100.56857717469694, 6.643106075385106],
            [100.56669580017109, 6.6457050693335304],
            [100.56716428040727, 6.658515054825955],
            [100.5692992772399, 6.661368080272723],
            [100.57098950356277, 6.6665499055537225],
            [100.56898860104315, 6.6690831788456535],
            [100.56880194135658, 6.673842569179271],
            [100.56456242031948, 6.675460580841161],
            [100.56359835787799, 6.676981144664126],
            [100.56176863411525, 6.68413929039599],
            [100.56277916003029, 6.68958949675789],
            [100.55984074755253, 6.6919041889272535],
            [100.557870510116, 6.69523821497171],
            [100.55354636557234, 6.69823323077901],
            [100.555034286703, 6.705381450693437],
            [100.56061065805551, 6.713231045576322],
            [100.56026585258707, 6.71732686484296],
            [100.55644768011638, 6.719655680865003],
            [100.55296648091843, 6.718087050077372],
            [100.55122451300093, 6.718385896591883],
            [100.54972086002971, 6.719677009186682],
            [100.54872012413449, 6.723041311807151],
            [100.5447973272349, 6.7248240405970705],
            [100.54752147083929, 6.727107632411332],
            [100.55429365003198, 6.737401836425647],
            [100.55091627036967, 6.742573800640457],
            [100.5520237081277, 6.749114506929004],
            [100.5541272448765, 6.7517138534116725],
            [100.55420191198868, 6.758634240877541],
            [100.5632653955816, 6.7610801459320555],
            [100.56761477959844, 6.765622046020667],
            [100.56775457831122, 6.768823316842656],
            [100.5705765663555, 6.773067719399762],
            [100.57787166894241, 6.7765142542294825],
            [100.58072462244343, 6.782931551949616],
            [100.58051467391311, 6.787557040425099],
            [100.5742527502643, 6.787014492025207],
            [100.56697419520299, 6.787862650740806],
            [100.56369562315456, 6.789685754593961],
            [100.55682518223642, 6.796330621261234],
            [100.55113095113256, 6.797781054152381],
            [100.5491476951101, 6.797505943444605],
            [100.54585867743606, 6.794867448573939],
            [100.54360251944075, 6.7950057634053],
            [100.53670405205042, 6.803276544077278],
            [100.5289613137137, 6.805882270350537],
            [100.51997800558053, 6.810683024102332],
            [100.48750578426461, 6.812311760179625],
            [100.48375017582998, 6.811811518586751],
            [100.48132167805306, 6.814622628431607],
            [100.4719956607712, 6.814857995400189],
            [100.47152428831532, 6.811221242266583],
            [100.46807064164688, 6.815372401315301],
            [100.46502907423246, 6.817259232927313],
            [100.46370579378743, 6.821330999825818],
            [100.46057101524025, 6.826018601777093],
            [100.45906582083103, 6.8256357819657865],
            [100.44293693319298, 6.8309421300753],
            [100.44965433288121, 6.835434000878479],
            [100.44879448567701, 6.836149311741394],
            [100.44931782186006, 6.8388455970467135],
            [100.44627756475785, 6.840162485110625],
            [100.4434228341965, 6.839097728277579],
            [100.44091097556111, 6.842477555894561],
            [100.43966016158726, 6.842740448412997],
            [100.43135582900834, 6.839296534207733],
            [100.42532612200301, 6.839254511586489]
          ]
        ]
      }
    },
    {
      "type": "Feature",
      "properties": {
        "district_code": "9011",
        "district_th": "หาดใหญ่",
        "district_en": "Hat Yai",
        "province_code": "90",
        "province_th": "สงขลา"
      },
      "geometry": {
        "type": "Polygon",
        "coordinates": [
          [
            [100.53241296928314, 7.143233264603509],
            [100.52756104410696, 7.144311891680502],
            [100.52204894909977, 7.147505856410191],
            [100.50948799037849, 7.160377353731917],
            [100.4990400697435, 7.169484976950173],
            [100.46056009027603, 7.1861334281152836],
            [100.45639880665965, 7.175424347056037],
            [100.45181617267826, 7.157915507294888],
            [100.45322312244917, 7.131090796403157],
            [100.45699127912428, 7.121471728737333],
            [100.45679942135627, 7.115000835919886],
            [100.45804403540399, 7.1111682805916985],
            [100.4615444207385, 7.108012505572731],
            [100.46658367829417, 7.108040677735119],
            [100.46738168181923, 7.103644333818977],
            [100.47244719778001, 7.097180561833511],
            [100.47184502972442, 7.092678446852915],
            [100.474909873392, 7.0907874837554346],
            [100.47465067438918, 7.0864072170194845],
            [100.4773681162456, 7.082485200731469],
            [100.47620166317625, 7.080142789658055],
            [100.47978268981933, 7.078343150915714],
            [100.48109958867514, 7.075076679245399],
            [100.4790408867276, 7.074233173622133],
            [100.47342165368644, 7.074240810664946],
            [100.47173420806729, 7.070926198285463],
            [100.46967593239845, 7.072536151122506],
            [100.46673022462022, 7.071725336754923],
            [100.4641898565767, 7.067576313596021],
            [100.45853389971978, 7.064517109576968],
            [100.45677686186275, 7.059527385780257],
            [100.44856937457706, 7.058983212305463],
            [100.43633147301915, 7.059935531399731],
            [100.4393688531901, 7.054373063566061],
            [100.44204559712665, 7.053322858663023],
            [100.44415609822539, 7.050109670025279],
            [100.44114741272296, 7.044242839235665],
            [100.44044809000741, 7.03688521578016],
            [100.43900006010477, 7.034395994879333],
            [100.45261473378298, 7.027764305078676],
            [100.45045022299945, 7.023912953919762],
            [100.45071071522739, 7.022080051952912],
            [100.45203145958425, 7.020829417843402],
            [100.4456908758333, 7.014578088208225],
            [100.44047715339798, 7.014804647216749],
            [100.43044695975942, 7.006688720807858],
            [100.42574297935505, 7.004772830301931],
            [100.42399946999961, 7.00283623110721],
            [100.41290585232326, 6.999627658689519],
            [100.40838654140583, 6.99671916126033],
            [100.40804295991472, 6.994998980318712],
            [100.4059056464285, 6.992734957752134],
            [100.40171686514128, 6.995447131380047],
            [100.39938886840162, 6.994253118586585],
            [100.39874716075292, 6.9924332298097625],
            [100.39615560869447, 6.993386067812821],
            [100.39649571790312, 6.99666612464199],
            [100.3995306564147, 7.002178410305419],
            [100.40118464995169, 7.008691780801087],
            [100.39862201199634, 7.008957150951801],
            [100.39666678064748, 7.007963668088848],
            [100.37629903117539, 7.013244660712587],
            [100.37362806808096, 7.0156919624141665],
            [100.37233093992103, 7.024989079082786],
            [100.36983451455126, 7.024759833799351],
            [100.36391782175014, 7.029448343166564],
            [100.35903952035761, 7.029296903629245],
            [100.35716953214825, 7.031666080325408],
            [100.35379226040453, 7.030093229019371],
            [100.35246660305137, 7.032012032429407],
            [100.35223890640049, 7.0301593228944625],
            [100.35351802923373, 7.027800911982524],
            [100.35278365364275, 7.025634834579989],
            [100.34736334883956, 7.0270408931227735],
            [100.3447845635568, 7.028970061219411],
            [100.34177259732758, 7.026039521406858],
            [100.3369298236525, 7.024659506331204],
            [100.33305006021214, 7.026887936429148],
            [100.33068000757635, 7.027042194441776],
            [100.32866517365892, 7.02876563722441],
            [100.3247810835802, 7.0358849529282566],
            [100.31818853407367, 7.035584203448252],
            [100.31517986835632, 7.036612339887597],
            [100.31288679498965, 7.034689358227354],
            [100.3089999071201, 7.035767678635523],
            [100.30288861631664, 7.039520806739915],
            [100.30038046468678, 7.032312111914507],
            [100.29271696921279, 7.031412549749405],
            [100.28404057990889, 7.02261021399022],
            [100.27722069707755, 7.022098069870083],
            [100.2727309153995, 7.016236572060222],
            [100.26539669140425, 7.015930531868605],
            [100.2631833923997, 7.018209332994388],
            [100.26076496523103, 7.01743221802252],
            [100.25769679587052, 7.013182936643261],
            [100.25494183160032, 7.012002271587619],
            [100.25365396735674, 7.014987407442959],
            [100.25108311229587, 7.014429157779432],
            [100.24843585263255, 7.010989802237646],
            [100.24735688381321, 7.011152137061515],
            [100.24195941459539, 7.00606396807774],
            [100.2381380333436, 7.004967854582844],
            [100.23106573419636, 6.997438073008709],
            [100.2163268998666, 6.992749736311339],
            [100.20618035913634, 6.987635391660035],
            [100.20491337715072, 6.98486040038722],
            [100.2015780497872, 6.984492730555132],
            [100.19893517431888, 6.980459566156128],
            [100.19671932123975, 6.979711418347335],
            [100.19372734963753, 6.974848730984206],
            [100.19205331470874, 6.968100379329087],
            [100.19436463621906, 6.96222151111391],
            [100.19102660369487, 6.947690328445958],
            [100.19275362757793, 6.944991962109384],
            [100.19338235261353, 6.941949285830901],
            [100.19269159504114, 6.939225908448975],
            [100.19535843474404, 6.933044313144592],
            [100.19991111410667, 6.9290986410894675],
            [100.2020461559054, 6.924054538885912],
            [100.20548730109812, 6.922491374177639],
            [100.20613234343296, 6.9206392770810226],
            [100.21432163203775, 6.9183242665517355],
            [100.21410199870832, 6.916340404386176],
            [100.21085211593248, 6.914235751578701],
            [100.207360278654, 6.907715332196858],
            [100.20932196083987, 6.901503277754102],
            [100.20706801068019, 6.895721314187369],
            [100.20858593319434, 6.892293712784692],
            [100.2085335413899, 6.888578692552642],
            [100.21123651405395, 6.887507474990002],
            [100.21211510942481, 6.884171081929935],
            [100.21400181693036, 6.882108764707766],
            [100.21838996262676, 6.879751802603664],
            [100.21884371736371, 6.872150364847528],
            [100.22032319655835, 6.87089130858709],
            [100.21770300558927, 6.868735586877904],
            [100.21732011203358, 6.865845274639753],
            [100.21082261816935, 6.857750279052198],
            [100.21143765462415, 6.8535969112684825],
            [100.21019171677437, 6.848888629406758],
            [100.2109975641863, 6.845940476371936],
            [100.2257617863774, 6.848066873887149],
            [100.22966231426443, 6.850888271076883],
            [100.23198128540804, 6.851340047305371],
            [100.23790774664525, 6.856747705841997],
            [100.24215454499631, 6.855094967758589],
            [100.24686641785098, 6.849279902845296],
            [100.24762096163812, 6.849424344757779],
            [100.24984228529331, 6.854025923857364],
            [100.24894917576393, 6.857902467724728],
            [100.24960028672393, 6.8599119308909735],
            [100.25906396143273, 6.861221375266325],
            [100.25972706934886, 6.8637422855780414],
            [100.26212266902604, 6.863988324801369],
            [100.26324126557199, 6.869383107744284],
            [100.27355842118425, 6.885818820682061],
            [100.27936940317545, 6.885955644437502],
            [100.2864702548984, 6.8953438984022455],
            [100.30829379092575, 6.900536223268148],
            [100.30961726922163, 6.898177256575195],
            [100.31598309604311, 6.898178970682977],
            [100.32447516119981, 6.912786520181783],
            [100.33076162824659, 6.9151966672924345],
            [100.33286644563003, 6.9210041716052615],
            [100.34046490213359, 6.924677724997082],
            [100.34432061140717, 6.928220426131816],
            [100.34688361089002, 6.927771164407773],
            [100.3536433839351, 6.929646034137193],
            [100.35846635363936, 6.929797318091801],
            [100.36753177527129, 6.93229814564296],
            [100.37259564457338, 6.930766395153057],
            [100.37276850236458, 6.9345490120273325],
            [100.39196492983768, 6.93677830817245],
            [100.39250111823208, 6.937924972559472],
            [100.39783314558326, 6.938450211707959],
            [100.40153761137174, 6.941032804720237],
            [100.40347405858103, 6.938229526171767],
            [100.41390819081039, 6.939382112594444],
            [100.41493906208808, 6.933417765617435],
            [100.43956234862355, 6.936893833283818],
            [100.43924041471342, 6.930150785830165],
            [100.44232284912027, 6.9302946117070405],
            [100.44587624859008, 6.93186355635811],
            [100.44574398889404, 6.928366199040909],
            [100.44710469462603, 6.926094180601979],
            [100.44644216767193, 6.922682652782271],
            [100.44762555857272, 6.922549903855042],
            [100.44821732956615, 6.920003559816507],
            [100.44737139937064, 6.916724563288028],
            [100.44814792258859, 6.914671080106302],
            [100.4501673871153, 6.9134768802538815],
            [100.44980700628838, 6.911401422137942],
            [100.45475087635191, 6.908107055296398],
            [100.45575300080043, 6.904195629424805],
            [100.45403286032831, 6.901525210420175],
            [100.45632889786043, 6.900726925407355],
            [100.4580700626833, 6.897141060411684],
            [100.4580964505908, 6.893562692164551],
            [100.45732257407758, 6.89164845641119],
            [100.45546477887649, 6.8905100091296845],
            [100.45654532690537, 6.889831583960472],
            [100.45536337222188, 6.888644727072517],
            [100.4576380778351, 6.883470725893346],
            [100.45719645944911, 6.881269481401489],
            [100.45955036565692, 6.87963735488006],
            [100.45961904957954, 6.876848443900599],
            [100.45838407536485, 6.877057184641387],
            [100.45866188943472, 6.8758891595571185],
            [100.45778613412284, 6.876384628447909],
            [100.45613409391336, 6.873379670635359],
            [100.45698872055306, 6.871833505811708],
            [100.45579103492838, 6.868803706026256],
            [100.45744059660632, 6.861336898579054],
            [100.45939125130525, 6.860463951849965],
            [100.46122318560157, 6.862945599559794],
            [100.46110248938845, 6.86203254576543],
            [100.46492717385007, 6.859813723124887],
            [100.46594631077369, 6.860872962617179],
            [100.46814308923223, 6.860048215053155],
            [100.46739390270648, 6.85872622063863],
            [100.46638458817824, 6.859069907350374],
            [100.46382460322292, 6.857300448057288],
            [100.46319427109881, 6.855610863850359],
            [100.46323586384409, 6.854228890950594],
            [100.46467122139978, 6.853577859130951],
            [100.4650887766258, 6.852102827083854],
            [100.46383439324273, 6.850916005269482],
            [100.46449990504664, 6.848522097217085],
            [100.46372896841723, 6.84791515915731],
            [100.46423000141351, 6.845873259243547],
            [100.46350313426228, 6.844508815929146],
            [100.45774735175894, 6.843540862121131],
            [100.45810321798916, 6.840798834598559],
            [100.4571179980972, 6.839638631817479],
            [100.45595516839637, 6.839293505291096],
            [100.45556766041926, 6.840049467309143],
            [100.45305537640456, 6.838578721430906],
            [100.45272903941373, 6.8392818752583935],
            [100.451738911022, 6.838301785099361],
            [100.44921319203524, 6.838231396062099],
            [100.44879448567701, 6.836149311741394],
            [100.44965433288121, 6.835434000878479],
            [100.44293693319298, 6.8309421300753],
            [100.45906582083103, 6.8256357819657865],
            [100.46057101524025, 6.826018601777093],
            [100.46370579378743, 6.821330999825818],
            [100.46502907423246, 6.817259232927313],
            [100.46807064164688, 6.815372401315301],
            [100.47152428831532, 6.811221242266583],
            [100.4719956607712, 6.814857995400189],
            [100.47969524244155, 6.814751955438453],
            [100.4817069512149, 6.814501343162533],
            [100.48375017582998, 6.811811518586751],
            [100.48750578426461, 6.812311760179625],
            [100.52063343058842, 6.810526666172734],
            [100.5289613137137, 6.805882270350537],
            [100.53670405205042, 6.803276544077278],
            [100.54360251944075, 6.7950057634053],
            [100.54638405058353, 6.7950754536693125],
            [100.55040805718613, 6.797869275846438],
            [100.55682518223642, 6.796330621261234],
            [100.56369562315456, 6.789685754593961],
            [100.56697419520299, 6.787862650740806],
            [100.5742527502643, 6.787014492025207],
            [100.58051467391311, 6.787557040425099],
            [100.58602941202781, 6.795091976913227],
            [100.59651388111081, 6.796571624281057],
            [100.59392825828257, 6.813631827347024],
            [100.58784767303172, 6.820524873624095],
            [100.58630066284536, 6.824144220379537],
            [100.58832780218637, 6.867766317361713],
            [100.59415802607208, 6.88319805504625],
            [100.59424904016112, 6.892313037416784],
            [100.59224728778219, 6.886630458828677],
            [100.58453639533843, 6.886104468746282],
            [100.5843229178684, 6.881928012667686],
            [100.58129411273319, 6.87819378201749],
            [100.57642538012726, 6.88343371519386],
            [100.57467838230156, 6.884086024950136],
            [100.5736814424447, 6.883763767284108],
            [100.57214337691539, 6.878823001680246],
            [100.57063614913903, 6.8782656027754],
            [100.54913137511295, 6.8769012493932],
            [100.53411844900728, 6.872817536799914],
            [100.53591307223058, 6.879066127100145],
            [100.54082803628489, 6.888002751425859],
            [100.53016684142665, 6.893372886649445],
            [100.52204438414105, 6.909091192404674],
            [100.520837993079, 6.918099002566976],
            [100.5227508285879, 6.927647893435562],
            [100.52052150636251, 6.932127334708753],
            [100.51955565067283, 6.94505958932865],
            [100.5072368937677, 6.94653617360558],
            [100.50555810142532, 6.947584845164499],
            [100.50429442175022, 6.950400102682636],
            [100.50520976521852, 6.95223349208203],
            [100.51165707241603, 6.957931518324983],
            [100.50961797119248, 6.958188403372162],
            [100.50469389160986, 6.962174338974592],
            [100.50492946542255, 6.9752956472763685],
            [100.50902788642787, 6.975925845401491],
            [100.51500867481053, 6.984351119708435],
            [100.51950733459586, 6.988210981151894],
            [100.52201030433213, 6.992991606277656],
            [100.52389640209736, 6.9852821644403775],
            [100.5261505995706, 6.981988341688691],
            [100.52926288697273, 6.979925525342765],
            [100.53233764206857, 6.980375608147824],
            [100.53655920993964, 6.97457048703842],
            [100.54015563207685, 6.973044093809904],
            [100.54130639197649, 6.974853997414073],
            [100.5416093978555, 6.978605225250988],
            [100.53830916023963, 6.987867405056761],
            [100.54026646002916, 6.991020924576048],
            [100.54610081270238, 6.994174716589953],
            [100.54931966437107, 6.9971708736369465],
            [100.55591510339934, 6.999686186568283],
            [100.55813047084462, 7.001462544560809],
            [100.55920001117164, 7.004149224207367],
            [100.55763745440504, 7.00699100632994],
            [100.55911368434909, 7.0113656379139115],
            [100.56288344901202, 7.01377374356349],
            [100.56887439793519, 7.0122131158426555],
            [100.57539070921393, 7.013824644291958],
            [100.57874942884314, 7.012070389836651],
            [100.58126263556227, 7.012050068755741],
            [100.58305548442314, 7.0150526937268864],
            [100.58885927543525, 7.016634486992018],
            [100.59755423933672, 7.024431913102376],
            [100.60035406988447, 7.025174596630393],
            [100.60272489773592, 7.033447235301708],
            [100.60710532185317, 7.037478767431196],
            [100.60864309060622, 7.040333190424462],
            [100.60783316297017, 7.044648136702222],
            [100.60512063141209, 7.047777137105243],
            [100.59747045759559, 7.046426044226621],
            [100.5933229812706, 7.047837845839979],
            [100.59044655276625, 7.052544715766089],
            [100.58857988755182, 7.053268261720973],
            [100.58787019565307, 7.058332284807136],
            [100.58221429905075, 7.061562762011931],
            [100.57531687577324, 7.0680725280248],
            [100.5705596168329, 7.070601319095658],
            [100.56607488304945, 7.068226876868948],
            [100.56328304477677, 7.1056996714027605],
            [100.56150744221475, 7.110011118418413],
            [100.55857708856183, 7.111827267814192],
            [100.55685006737679, 7.117308451323993],
            [100.55702010039738, 7.123603317139441],
            [100.55454133861195, 7.126813350056125],
            [100.55719943240791, 7.129963709357753],
            [100.55780206811102, 7.136838106393554],
            [100.56125842803408, 7.138089584966394],
            [100.56207980134184, 7.139695843388495],
            [100.56175649416696, 7.14196665673586],
            [100.55769086963801, 7.143608089441841],
            [100.55956287322806, 7.14884597306326],
            [100.5530047407762, 7.149347944052408],
            [100.53755418297919, 7.143732164407936],
            [100.53241296928314, 7.143233264603509]
          ]
        ]
      }
    },
    {
      "type": "Feature",
      "properties": {
        "district_code": "9012",
        "district_th": "นาหม่อม",
        "district_en": "Na Mom",
        "province_code": "90",
        "province_th": "สงขลา"
      },
      "geometry": {
        "type": "Polygon",
        "coordinates": [
          [
            [100.6147729569065, 7.015085703342606],
            [100.610152620647, 7.015750371582442],
            [100.60917837158462, 7.021136288109233],
            [100.60311378257506, 7.022790929158077],
            [100.59998055715704, 7.025200024061917],
            [100.59755423933672, 7.024431913102376],
            [100.58885927543525, 7.016634486992018],
            [100.58305548442314, 7.0150526937268864],
            [100.58094995477666, 7.0119222634018],
            [100.57874942884314, 7.012070389836651],
            [100.57585157578967, 7.013777884941476],
            [100.56887439793519, 7.0122131158426555],
            [100.56288344901202, 7.01377374356349],
            [100.55833566465924, 7.010109013420276],
            [100.55770769685279, 7.006424470313107],
            [100.55920001117164, 7.004149224207367],
            [100.55813047084462, 7.001462544560809],
            [100.55591510339934, 6.999686186568283],
            [100.54931966437107, 6.9971708736369465],
            [100.54610081270238, 6.994174716589953],
            [100.54026646002916, 6.991020924576048],
            [100.53878715530305, 6.988737916421769],
            [100.53830916023963, 6.987867405056761],
            [100.5417096785589, 6.9777904745508295],
            [100.54015563207685, 6.973044093809904],
            [100.53655920993964, 6.97457048703842],
            [100.53233764206857, 6.980375608147824],
            [100.52926288697273, 6.979925525342765],
            [100.5261505995706, 6.981988341688691],
            [100.52389640209736, 6.9852821644403775],
            [100.52201030433213, 6.992991606277656],
            [100.51950733459586, 6.988210981151894],
            [100.51500867481053, 6.984351119708435],
            [100.50902788642787, 6.975925845401491],
            [100.50492946542255, 6.9752956472763685],
            [100.50469389160986, 6.962174338974592],
            [100.50961797119248, 6.958188403372162],
            [100.51165707241603, 6.957931518324983],
            [100.50484309813055, 6.951831677689825],
            [100.50448599982911, 6.949458456742434],
            [100.50555810142532, 6.947584845164499],
            [100.50814946642481, 6.946256895439433],
            [100.51955565067283, 6.94505958932865],
            [100.52052150636251, 6.932127334708753],
            [100.5227508285879, 6.927647893435562],
            [100.520837993079, 6.918099002566976],
            [100.52204438414105, 6.909091192404674],
            [100.53016684142665, 6.893372886649445],
            [100.54082803628489, 6.888002751425859],
            [100.53591307223058, 6.879066127100145],
            [100.53411844900728, 6.872817536799914],
            [100.54913137511295, 6.8769012493932],
            [100.57063614913903, 6.8782656027754],
            [100.57214337691539, 6.878823001680246],
            [100.57415338327206, 6.8840261498869495],
            [100.57642538012726, 6.88343371519386],
            [100.58025395685468, 6.878480931050149],
            [100.58172079787659, 6.878452915369792],
            [100.5843229178684, 6.881928012667686],
            [100.58453639533843, 6.886104468746282],
            [100.58975790140607, 6.885957715576183],
            [100.59255851886064, 6.886858880333136],
            [100.59537983691001, 6.898853032341606],
            [100.59767307395327, 6.902904941310055],
            [100.5977484641204, 6.906497443302442],
            [100.60194795093724, 6.913829349744731],
            [100.60961011721321, 6.921389678590856],
            [100.61533822937582, 6.922942541565078],
            [100.62146456943441, 6.926001810335322],
            [100.61042869812599, 6.933293155554736],
            [100.60931854081804, 6.935975218081921],
            [100.60948901180853, 6.941373622594654],
            [100.60521079474245, 6.947159833659441],
            [100.60742952835011, 6.959290565707079],
            [100.61049300324959, 6.968139403610621],
            [100.61782578203429, 6.9746336572175665],
            [100.63096325205248, 6.982895032779595],
            [100.62840146935241, 6.9847322317071985],
            [100.62599328456247, 6.98873336405353],
            [100.62471475528179, 6.999967413565344],
            [100.62880881907182, 7.016406030414032],
            [100.6301823230558, 7.018866462217488],
            [100.624398639086, 7.018776310578346],
            [100.61894636877997, 7.01572352412137],
            [100.6147729569065, 7.015085703342606]
          ]
        ]
      }
    },
    {
      "type": "Feature",
      "properties": {
        "district_code": "9013",
        "district_th": "ควนเนียง",
        "district_en": "Khuan Niang",
        "province_code": "90",
        "province_th": "สงขลา"
      },
      "geometry": {
        "type": "Polygon",
        "coordinates": [
          [
            [100.37870348287947, 7.305078467897033],
            [100.37908915623962, 7.312149766098855],
            [100.37709781980857, 7.313684181279996],
            [100.37481331967899, 7.311546177114451],
            [100.37271238287025, 7.305184336987622],
            [100.36830876973397, 7.306379568362445],
            [100.35781762858073, 7.300521713706189],
            [100.35650787843588, 7.297569007403808],
            [100.35642915178397, 7.294170599793404],
            [100.35864331143972, 7.289744530585665],
            [100.35853529656674, 7.28633453161342],
            [100.36095822843953, 7.28151397568945],
            [100.35977623058864, 7.27929820804593],
            [100.35928688608101, 7.278623791155098],
            [100.35536641842555, 7.279404122102619],
            [100.35047382770506, 7.278969388926214],
            [100.34768435734725, 7.278039435971266],
            [100.3457180337603, 7.274100054673852],
            [100.34138283295147, 7.270920544747412],
            [100.34001524470784, 7.2669036122119905],
            [100.33953300214637, 7.259430877333159],
            [100.34166964024178, 7.253291051041231],
            [100.34043905202071, 7.249139746302319],
            [100.3340038955634, 7.24423148759314],
            [100.33379779343346, 7.240113741056348],
            [100.32905118156685, 7.237054736686787],
            [100.32436845843768, 7.236086983427583],
            [100.31670725083899, 7.231840813702661],
            [100.3404114680149, 7.208212172853564],
            [100.34033202190534, 7.205829430783638],
            [100.33725809328644, 7.202684488098669],
            [100.33601826003473, 7.198882464753979],
            [100.33651985240931, 7.196516674904672],
            [100.34018934176476, 7.194433847743937],
            [100.33943025370331, 7.1916806110713765],
            [100.33669402231135, 7.187274209137513],
            [100.33119852968844, 7.1860512228856805],
            [100.32991182557038, 7.177177539411957],
            [100.32859240231755, 7.175497327040034],
            [100.32888569102187, 7.17128935781767],
            [100.32652829364588, 7.162570593358225],
            [100.32915330318247, 7.147411023799748],
            [100.32545728472599, 7.141074737009546],
            [100.3275018322438, 7.142836038552389],
            [100.32890956262628, 7.139039039719933],
            [100.33196831518563, 7.1387919815647365],
            [100.33356948344499, 7.136640070283079],
            [100.33848851423363, 7.136478881195444],
            [100.33871519375123, 7.13474100789125],
            [100.33695483020131, 7.131845377062575],
            [100.33835596315726, 7.129635817439066],
            [100.3395790897033, 7.130504640776621],
            [100.34519840458279, 7.126185291418096],
            [100.34923896320765, 7.1284053434318935],
            [100.34923193860317, 7.1223258418641535],
            [100.3478883073995, 7.118742295320715],
            [100.34409273758985, 7.115312818831569],
            [100.33982569100289, 7.113188071572267],
            [100.33842750422599, 7.1061618545859915],
            [100.33440630800476, 7.10311331382843],
            [100.33544371825303, 7.092473806121291],
            [100.3322733283515, 7.087650044114298],
            [100.33434903108298, 7.083412540256575],
            [100.33908658857524, 7.079773009117105],
            [100.34003289480233, 7.077119947927315],
            [100.35022124141722, 7.076630279663732],
            [100.3533028664342, 7.073752974320371],
            [100.36865651058957, 7.077629597328098],
            [100.37973260677444, 7.084282836683599],
            [100.3842418326945, 7.085902907793013],
            [100.39037682243247, 7.0872004199634375],
            [100.39943172919101, 7.0852283622991195],
            [100.40312369260437, 7.08750351217742],
            [100.40752712677556, 7.093763453720442],
            [100.40813387058171, 7.097737290743396],
            [100.41019465176186, 7.099433442699251],
            [100.41179677959775, 7.102637538291788],
            [100.41185835527892, 7.110995353552767],
            [100.41800536355674, 7.11849156073697],
            [100.42367709542168, 7.12134539017768],
            [100.43034781939639, 7.127920166382637],
            [100.43041506440375, 7.130809838303435],
            [100.4291639500563, 7.133908193408445],
            [100.43276579060881, 7.131957828291206],
            [100.43277123060784, 7.130339638563498],
            [100.43404055532744, 7.129377120257914],
            [100.4353359477958, 7.132003546226713],
            [100.4373339068344, 7.132314413079769],
            [100.43615507729504, 7.134988089428816],
            [100.43844230237039, 7.139528572185895],
            [100.4365648875596, 7.141107373406612],
            [100.43643846356429, 7.142391902064674],
            [100.43896797319348, 7.1465828911875064],
            [100.4454290463135, 7.148014396047586],
            [100.4466809250847, 7.149398663117836],
            [100.45072880509036, 7.168380159816593],
            [100.46056009027603, 7.1861334281152836],
            [100.43828900393447, 7.2510055058994],
            [100.42497635407557, 7.260452368681911],
            [100.40899726920867, 7.267226472423829],
            [100.40234308466569, 7.264136763400984],
            [100.39958472815272, 7.263916934019335],
            [100.39363425141966, 7.270582090291271],
            [100.3867427816541, 7.274279340818964],
            [100.3827443904413, 7.280608346697875],
            [100.38375270132616, 7.2908163461974596],
            [100.37899356460139, 7.299061481801971],
            [100.37870348287947, 7.305078467897033]
          ]
        ]
      }
    },
    {
      "type": "Feature",
      "properties": {
        "district_code": "9014",
        "district_th": "บางกล่ำ",
        "district_en": "Bang Klam",
        "province_code": "90",
        "province_th": "สงขลา"
      },
      "geometry": {
        "type": "Polygon",
        "coordinates": [
          [
            [100.45258091387814, 7.148141976571026],
            [100.45179769970412, 7.150097764600218],
            [100.45261344955111, 7.152171726244205],
            [100.45196541157452, 7.158940868426384],
            [100.45639880665965, 7.175424347056037],
            [100.46056009027603, 7.1861334281152836],
            [100.45072880509036, 7.168380159816593],
            [100.4466809250847, 7.149398663117836],
            [100.4454290463135, 7.148014396047586],
            [100.43896797319348, 7.1465828911875064],
            [100.43643846356429, 7.142391902064674],
            [100.4365648875596, 7.141107373406612],
            [100.43844230237039, 7.139528572185895],
            [100.43615507729504, 7.134988089428816],
            [100.4373339068344, 7.132314413079769],
            [100.4353359477958, 7.132003546226713],
            [100.43404055532744, 7.129377120257914],
            [100.43277123060784, 7.130339638563498],
            [100.43276579060881, 7.131957828291206],
            [100.4291639500563, 7.133908193408445],
            [100.43041506440375, 7.130809838303435],
            [100.43034781939639, 7.127920166382637],
            [100.42367709542168, 7.12134539017768],
            [100.41800536355674, 7.11849156073697],
            [100.41185835527892, 7.110995353552767],
            [100.41179677959775, 7.102637538291788],
            [100.41019465176186, 7.099433442699251],
            [100.40813387058171, 7.097737290743396],
            [100.40752712677556, 7.093763453720442],
            [100.40312369260437, 7.08750351217742],
            [100.39943172919101, 7.0852283622991195],
            [100.39037682243247, 7.0872004199634375],
            [100.3842418326945, 7.085902907793013],
            [100.37973260677444, 7.084282836683599],
            [100.36865651058957, 7.077629597328098],
            [100.3533028664342, 7.073752974320371],
            [100.35022124141722, 7.076630279663732],
            [100.34003289480233, 7.077119947927315],
            [100.33908658857524, 7.079773009117105],
            [100.33434903108298, 7.083412540256575],
            [100.3322733283515, 7.087650044114298],
            [100.33049253580197, 7.085822973351583],
            [100.32952081473388, 7.082442729348543],
            [100.32735373998315, 7.0821975318906425],
            [100.32317758877474, 7.079471461938454],
            [100.32196855640382, 7.075733648389189],
            [100.31938790232988, 7.072547987099995],
            [100.31994336229639, 7.068703420426573],
            [100.32181052483594, 7.06532201360011],
            [100.32200170901172, 7.056732252391555],
            [100.31497398476165, 7.053701547888181],
            [100.30440767467451, 7.053211724941207],
            [100.30252716979311, 7.049830092384923],
            [100.30288861631664, 7.039520806739915],
            [100.3089999071201, 7.035767678635523],
            [100.31288679498965, 7.034689358227354],
            [100.31517986835632, 7.036612339887597],
            [100.31818853407367, 7.035584203448252],
            [100.3247810835802, 7.0358849529282566],
            [100.32866517365892, 7.02876563722441],
            [100.33068000757635, 7.027042194441776],
            [100.33305006021214, 7.026887936429148],
            [100.3369298236525, 7.024659506331204],
            [100.34177259732758, 7.026039521406858],
            [100.3447845635568, 7.028970061219411],
            [100.34736334883956, 7.0270408931227735],
            [100.35278365364275, 7.025634834579989],
            [100.35351802923373, 7.027800911982524],
            [100.35223890640049, 7.0301593228944625],
            [100.35246660305137, 7.032012032429407],
            [100.35379226040453, 7.030093229019371],
            [100.35716953214825, 7.031666080325408],
            [100.35903952035761, 7.029296903629245],
            [100.36391782175014, 7.029448343166564],
            [100.36983451455126, 7.024759833799351],
            [100.37233093992103, 7.024989079082786],
            [100.37362806808096, 7.0156919624141665],
            [100.37629903117539, 7.013244660712587],
            [100.39666678064748, 7.007963668088848],
            [100.39862201199634, 7.008957150951801],
            [100.40118464995169, 7.008691780801087],
            [100.3995306564147, 7.002178410305419],
            [100.39649571790312, 6.99666612464199],
            [100.39615560869447, 6.993386067812821],
            [100.39874716075292, 6.9924332298097625],
            [100.39938886840162, 6.994253118586585],
            [100.40126071820765, 6.995444295817663],
            [100.4059056464285, 6.992734957752134],
            [100.40894077109976, 6.997141127660939],
            [100.4132103222986, 6.999762772833776],
            [100.42266611265103, 7.002149370297275],
            [100.42574297935505, 7.004772830301931],
            [100.42866117687186, 7.005433742972912],
            [100.44047715339798, 7.014804647216749],
            [100.44438325977967, 7.014308364439501],
            [100.4467847428217, 7.015181179867625],
            [100.45203145958425, 7.020829417843402],
            [100.45071071522739, 7.022080051952912],
            [100.45045022299945, 7.023912953919762],
            [100.45261473378298, 7.027764305078676],
            [100.43900006010477, 7.034395994879333],
            [100.44044809000741, 7.03688521578016],
            [100.44114741272296, 7.044242839235665],
            [100.44415609822539, 7.050109670025279],
            [100.44204559712665, 7.053322858663023],
            [100.4393688531901, 7.054373063566061],
            [100.43633147301915, 7.059935531399731],
            [100.44856937457706, 7.058983212305463],
            [100.45677686186275, 7.059527385780257],
            [100.45853389971978, 7.064517109576968],
            [100.4641898565767, 7.067576313596021],
            [100.46673022462022, 7.071725336754923],
            [100.46967593239845, 7.072536151122506],
            [100.47173420806729, 7.070926198285463],
            [100.47296552833654, 7.074026914110846],
            [100.48001852713338, 7.0744069721041],
            [100.4811917655876, 7.075595231035152],
            [100.47978268981933, 7.078343150915714],
            [100.47620166317625, 7.080142789658055],
            [100.4773681162456, 7.082485200731469],
            [100.47465067438918, 7.0864072170194845],
            [100.474909873392, 7.0907874837554346],
            [100.47184502972442, 7.092678446852915],
            [100.47244719778001, 7.097180561833511],
            [100.46738168181923, 7.103644333818977],
            [100.46658367829417, 7.108040677735119],
            [100.4615444207385, 7.108012505572731],
            [100.45754906383826, 7.112284404901402],
            [100.45669525288366, 7.11605977593797],
            [100.45699127912428, 7.121471728737333],
            [100.45322312244917, 7.131090796403157],
            [100.45250710022253, 7.135867831435348],
            [100.45258091387814, 7.148141976571026]
          ]
        ]
      }
    },
    {
      "type": "Feature",
      "properties": {
        "district_code": "9015",
        "district_th": "สิงหนคร",
        "district_en": "Singhanakhon",
        "province_code": "90",
        "province_th": "สงขลา"
      },
      "geometry": {
        "type": "Polygon",
        "coordinates": [
          [
            [100.48489971355099, 7.366868894583888],
            [100.4804587893417, 7.376539216411743],
            [100.44692339310018, 7.3664444604435175],
            [100.44517469015989, 7.372420244998352],
            [100.42993070303959, 7.369088841376993],
            [100.43002638281138, 7.368220698826235],
            [100.42495290425319, 7.365542793864904],
            [100.40617362011653, 7.3615621004106515],
            [100.40986288196649, 7.35087666522594],
            [100.41025766635829, 7.341957100140121],
            [100.4133357597376, 7.3328358090254255],
            [100.41775002804144, 7.323086330669696],
            [100.42622827331621, 7.312161952811948],
            [100.42774935694734, 7.308605429996646],
            [100.42587811058638, 7.295801668712102],
            [100.42572440385823, 7.281739981614919],
            [100.42024399736266, 7.277066034969607],
            [100.41115034691103, 7.273363543193],
            [100.4091487294304, 7.270420535179596],
            [100.40899726920867, 7.267226472423829],
            [100.42497635407557, 7.260452368681911],
            [100.43828900393447, 7.2510055058994],
            [100.46056009027603, 7.1861334281152836],
            [100.48906601898165, 7.187659893289492],
            [100.54597050183725, 7.188899197739829],
            [100.5607630158006, 7.1769641500754915],
            [100.5661328956167, 7.1745619916426335],
            [100.57265608940708, 7.170108135182318],
            [100.57896211131242, 7.177946356339305],
            [100.58347836813226, 7.188256320073151],
            [100.58533403643668, 7.195636006596487],
            [100.58508533432081, 7.20126361592321],
            [100.57533302579856, 7.2256230710479485],
            [100.57920607310183, 7.2363172494415835],
            [100.5597979955811, 7.25212459257591],
            [100.55635482421582, 7.249874594037351],
            [100.55104669994529, 7.252120182300644],
            [100.53934487256788, 7.2640994181536485],
            [100.51183659957945, 7.311185563363097],
            [100.50297362433338, 7.327927309297934],
            [100.48489971355099, 7.366868894583888]
          ]
        ]
      }
    },
    {
      "type": "Feature",
      "properties": {
        "district_code": "9016",
        "district_th": "คลองหอยโข่ง",
        "district_en": "Khlong Hoi Khong",
        "province_code": "90",
        "province_th": "สงขลา"
      },
      "geometry": {
        "type": "Polygon",
        "coordinates": [
          [
            [100.40153761137174, 6.941032804720237],
            [100.39783314558326, 6.938450211707959],
            [100.39250111823208, 6.937924972559472],
            [100.39196492983768, 6.93677830817245],
            [100.37276850236458, 6.9345490120273325],
            [100.37259564457338, 6.930766395153057],
            [100.36753177527129, 6.93229814564296],
            [100.35846635363936, 6.929797318091801],
            [100.3536433839351, 6.929646034137193],
            [100.34688361089002, 6.927771164407773],
            [100.34396384135823, 6.928070519039295],
            [100.34046490213359, 6.924677724997082],
            [100.33286644563003, 6.9210041716052615],
            [100.33076162824659, 6.9151966672924345],
            [100.32447516119981, 6.912786520181783],
            [100.31598309604311, 6.898178970682977],
            [100.30961726922163, 6.898177256575195],
            [100.30829379092575, 6.900536223268148],
            [100.2864702548984, 6.8953438984022455],
            [100.27936940317545, 6.885955644437502],
            [100.27355842118425, 6.885818820682061],
            [100.26324126557199, 6.869383107744284],
            [100.26212266902604, 6.863988324801369],
            [100.25972706934886, 6.8637422855780414],
            [100.25906396143273, 6.861221375266325],
            [100.24960028672393, 6.8599119308909735],
            [100.24894917576393, 6.857902467724728],
            [100.24984228529331, 6.854025923857364],
            [100.24786798112251, 6.849592431645476],
            [100.24686641785098, 6.849279902845296],
            [100.24180231922173, 6.855359851376079],
            [100.23790774664525, 6.856747705841997],
            [100.23198128540804, 6.851340047305371],
            [100.22966231426443, 6.850888271076883],
            [100.2257617863774, 6.848066873887149],
            [100.2109975641863, 6.845940476371936],
            [100.2103205419595, 6.843226681266401],
            [100.20266196307921, 6.84036532180221],
            [100.19947685487301, 6.8370020561000615],
            [100.19733215255684, 6.829673135406949],
            [100.19538944696546, 6.827367732335006],
            [100.19550732380401, 6.825354073831477],
            [100.20248446298763, 6.8159290169106725],
            [100.20771188659432, 6.814682580836461],
            [100.21266577600483, 6.811493988656707],
            [100.2182459218119, 6.812686215396582],
            [100.22315740009401, 6.8119977645852146],
            [100.22735586797899, 6.809801280204965],
            [100.22849681987242, 6.808144446608992],
            [100.22944641941677, 6.802627408028513],
            [100.23656488526132, 6.795951717997411],
            [100.236425291594, 6.788231840427159],
            [100.24356413157949, 6.7853507246562685],
            [100.24542369484772, 6.786075839028797],
            [100.24753064722165, 6.785458540779075],
            [100.2510430636865, 6.782529411103496],
            [100.25539187393588, 6.781333419801513],
            [100.25809676755182, 6.7783695978786795],
            [100.25998930895952, 6.778118032321402],
            [100.26063079627431, 6.780084436847346],
            [100.26399887514805, 6.781740676890763],
            [100.26548325115118, 6.784886369610319],
            [100.26825975328507, 6.781648733802058],
            [100.27211109904806, 6.781348119220354],
            [100.27344564889762, 6.783032445990614],
            [100.27625285208751, 6.783824329629169],
            [100.2763919996911, 6.785916785831034],
            [100.27795767620586, 6.787156485083756],
            [100.29185009920275, 6.785928248589869],
            [100.29641593384832, 6.790343509745242],
            [100.29928111363256, 6.789679031262324],
            [100.30030587491626, 6.788038556334357],
            [100.30117460382496, 6.789011492386521],
            [100.30348204565996, 6.787375428633197],
            [100.30518484270641, 6.7885705691765],
            [100.30740994621209, 6.788580967137989],
            [100.3067113924169, 6.790185161615966],
            [100.30906207275649, 6.792803927159582],
            [100.31333957486157, 6.791607807254536],
            [100.31612137580089, 6.788607711176951],
            [100.31926311689938, 6.788708830947826],
            [100.32146902167807, 6.79012947919216],
            [100.32124075125972, 6.791370652433727],
            [100.32945723896046, 6.788273741639898],
            [100.33244699643183, 6.790251859835507],
            [100.33396485059745, 6.790165161592995],
            [100.33452254537923, 6.788839970987908],
            [100.33606560844112, 6.788472725635813],
            [100.33596952667239, 6.786917847280904],
            [100.33792650540397, 6.784153369982107],
            [100.34182144760177, 6.783016863437524],
            [100.34167709472223, 6.7813064032679335],
            [100.3435193694234, 6.781262919248377],
            [100.3469979902651, 6.7790027700618225],
            [100.35622933771384, 6.783078370770227],
            [100.3646116118365, 6.795424274610639],
            [100.36955365807489, 6.808398389973775],
            [100.36734432238262, 6.811554018403285],
            [100.37034562085375, 6.817824871420726],
            [100.37612561760324, 6.81889558356437],
            [100.37890600840564, 6.817227369947204],
            [100.38005921356194, 6.821913718243536],
            [100.3837901212172, 6.825992970199479],
            [100.38452247603152, 6.828662099576263],
            [100.39508244769684, 6.8282120824217145],
            [100.40438271738856, 6.838909105370988],
            [100.41353571500133, 6.8456654412071885],
            [100.41964056216227, 6.8407945556243135],
            [100.42342461255589, 6.839349441323691],
            [100.43135582900834, 6.839296534207733],
            [100.43966016158726, 6.842740448412997],
            [100.44091097556111, 6.842477555894561],
            [100.4434228341965, 6.839097728277579],
            [100.44627756475785, 6.840162485110625],
            [100.4504093353226, 6.838158160670616],
            [100.45272903941373, 6.8392818752583935],
            [100.45305537640456, 6.838578721430906],
            [100.45400761366051, 6.839650861697976],
            [100.4551286500672, 6.839240811314426],
            [100.45556766041926, 6.840049467309143],
            [100.45595516839637, 6.839293505291096],
            [100.4571179980972, 6.839638631817479],
            [100.45810321798916, 6.840798834598559],
            [100.45774735175894, 6.843540862121131],
            [100.4622727402948, 6.84381001212239],
            [100.46423000141351, 6.845873259243547],
            [100.46372896841723, 6.84791515915731],
            [100.46449990504664, 6.848522097217085],
            [100.46366659323877, 6.849455293127335],
            [100.46498680519699, 6.853093743281647],
            [100.46323586384409, 6.854228890950594],
            [100.46319427109881, 6.855610863850359],
            [100.46382460322292, 6.857300448057288],
            [100.46638458817824, 6.859069907350374],
            [100.46739390270648, 6.85872622063863],
            [100.46808896263559, 6.8605237405782304],
            [100.46594631077369, 6.860872962617179],
            [100.46492717385007, 6.859813723124887],
            [100.46110248938845, 6.86203254576543],
            [100.46122318560157, 6.862945599559794],
            [100.45939125130525, 6.860463951849965],
            [100.45744059660632, 6.861336898579054],
            [100.45579103492838, 6.868803706026256],
            [100.45698872055306, 6.871833505811708],
            [100.45613409391336, 6.873379670635359],
            [100.45778613412284, 6.876384628447909],
            [100.45866188943472, 6.8758891595571185],
            [100.45838407536485, 6.877057184641387],
            [100.45961904957954, 6.876848443900599],
            [100.45955036565692, 6.87963735488006],
            [100.45719645944911, 6.881269481401489],
            [100.4576380778351, 6.883470725893346],
            [100.45536337222188, 6.888644727072517],
            [100.45654532690537, 6.889831583960472],
            [100.45546477887649, 6.8905100091296845],
            [100.45732257407758, 6.89164845641119],
            [100.4580964505908, 6.893562692164551],
            [100.4580700626833, 6.897141060411684],
            [100.45632889786043, 6.900726925407355],
            [100.45403286032831, 6.901525210420175],
            [100.45575300080043, 6.904195629424805],
            [100.45475087635191, 6.908107055296398],
            [100.44980700628838, 6.911401422137942],
            [100.4501673871153, 6.9134768802538815],
            [100.44814792258859, 6.914671080106302],
            [100.44737139937064, 6.916724563288028],
            [100.44821732956615, 6.920003559816507],
            [100.44762555857272, 6.922549903855042],
            [100.44644216767193, 6.922682652782271],
            [100.44710469462603, 6.926094180601979],
            [100.44574398889404, 6.928366199040909],
            [100.44587624859008, 6.93186355635811],
            [100.44232284912027, 6.9302946117070405],
            [100.43924041471342, 6.930150785830165],
            [100.43956234862355, 6.936893833283818],
            [100.41493906208808, 6.933417765617435],
            [100.41390819081039, 6.939382112594444],
            [100.40347405858103, 6.938229526171767],
            [100.40153761137174, 6.941032804720237]
          ]
        ]
      }
    },
    {
      "type": "Feature",
      "properties": {
        "district_code": "9401",
        "district_th": "เมืองปัตตานี",
        "district_en": "Mueang Pattani",
        "province_code": "94",
        "province_th": "ปัตตานี"
      },
      "geometry": {
        "type": "Polygon",
        "coordinates": [
          [
            [101.26355530773134, 6.901217055922416],
            [101.24790978590795, 6.901153187869397],
            [101.24034317259941, 6.892664704712388],
            [101.23435529306238, 6.8840799401371555],
            [101.22822715076245, 6.880037414694982],
            [101.21634971996366, 6.873136706194089],
            [101.20586161672031, 6.87141224358021],
            [101.19850268834847, 6.868379958967978],
            [101.19164185938439, 6.86711035096198],
            [101.19412380387053, 6.864050844770702],
            [101.20069291344726, 6.860435428052597],
            [101.2024534982304, 6.858401924209488],
            [101.20654278482175, 6.857233143694657],
            [101.20909192395317, 6.854407020567578],
            [101.21965539218269, 6.853998150094583],
            [101.22599889423367, 6.852469658747793],
            [101.22814268103997, 6.85030889993584],
            [101.22769352543588, 6.844294695443864],
            [101.22602164618206, 6.841768572661522],
            [101.22224262569665, 6.8442201974042405],
            [101.21939231440382, 6.840801469612188],
            [101.212159460191, 6.839873762264347],
            [101.212412884647, 6.838562998583541],
            [101.21375893232891, 6.837983932312682],
            [101.21387555821047, 6.835321828439703],
            [101.21247396839897, 6.832548621421779],
            [101.21299030425922, 6.819780633369589],
            [101.22625885136495, 6.8188666550720995],
            [101.23319630166804, 6.813204765387638],
            [101.23475409832304, 6.8135797583991575],
            [101.2367266838894, 6.812472063435052],
            [101.24152567676862, 6.805588397086922],
            [101.24412541895299, 6.805173526337228],
            [101.24977578922136, 6.807109367403427],
            [101.25197523596842, 6.805215003069975],
            [101.25130503240138, 6.8041514882006595],
            [101.25194004279882, 6.802999414391536],
            [101.27621436540068, 6.8034993466176275],
            [101.28133332087612, 6.804453152291217],
            [101.2870557727058, 6.8123008469066235],
            [101.29036233705227, 6.81971019037303],
            [101.28936285840922, 6.823479128558972],
            [101.28487714076749, 6.8302356352663764],
            [101.28593613834215, 6.8330428924156195],
            [101.28915221290436, 6.83433601859241],
            [101.29610759389038, 6.833800680956699],
            [101.30286714840025, 6.834520337343747],
            [101.30687374772532, 6.835645152701659],
            [101.31954474659284, 6.842185467785157],
            [101.32163060177089, 6.843508634915622],
            [101.32165335731662, 6.8466964096116385],
            [101.32429541620058, 6.856652893915964],
            [101.32431808181406, 6.859113037037105],
            [101.32188729796047, 6.865712980769501],
            [101.32435038096537, 6.876593379081214],
            [101.32280863181296, 6.878398456923321],
            [101.31700033339871, 6.880142951935738],
            [101.30836910804794, 6.886880154695405],
            [101.29587758058591, 6.879969564443911],
            [101.28845730406141, 6.878704054648438],
            [101.28321089306831, 6.882719294659751],
            [101.28440996005168, 6.891953177297353],
            [101.27161543030792, 6.893358200720456],
            [101.26706303243304, 6.899184101565083],
            [101.26355530773134, 6.901217055922416]
          ]
        ]
      }
    },
    {
      "type": "Feature",
      "properties": {
        "district_code": "9402",
        "district_th": "โคกโพธิ์",
        "district_en": "Khok Pho",
        "province_code": "94",
        "province_th": "ปัตตานี"
      },
      "geometry": {
        "type": "Polygon",
        "coordinates": [
          [
            [101.06236423432199, 6.797044638899024],
            [101.06046604427257, 6.797835842650045],
            [101.05662126715782, 6.80186726236434],
            [101.0545389705971, 6.802175006771222],
            [101.04650509563373, 6.7971949785654715],
            [101.040760256081, 6.795193020241754],
            [101.04151761114889, 6.791949939937808],
            [101.03989090034486, 6.79095272758633],
            [101.039334936758, 6.789224373606032],
            [101.03804540337273, 6.788962019781422],
            [101.03831075373836, 6.78728545326112],
            [101.03731186505058, 6.786046281910444],
            [101.03599230959748, 6.785912637258434],
            [101.03388876655339, 6.782868018444333],
            [101.03048714566529, 6.782513953556133],
            [101.0277066316558, 6.769030158215287],
            [101.02833916621961, 6.765920950091811],
            [101.0332131202893, 6.760889309793868],
            [101.02817376111022, 6.755328617221949],
            [101.0295397107891, 6.749444857594142],
            [101.0312962153481, 6.74864960059864],
            [101.03243027034074, 6.745991469930459],
            [101.03157814021904, 6.7398016620171575],
            [101.02450109355067, 6.734207229580022],
            [101.02352702974866, 6.72999353257552],
            [101.0200234805992, 6.728045351012213],
            [101.01878988414592, 6.726323679893937],
            [101.01999182716116, 6.72380316078727],
            [101.02711275714807, 6.7213564904097325],
            [101.04254919379031, 6.720140235583472],
            [101.04321670029054, 6.717900744723636],
            [101.0456011429784, 6.7153953576097365],
            [101.0578869703075, 6.710290880319917],
            [101.05878682565157, 6.707221265748842],
            [101.06081288041014, 6.706131864793747],
            [101.06309450540715, 6.701443864442865],
            [101.06154669392487, 6.690167919114231],
            [101.06721199114054, 6.687150076714715],
            [101.07294698401614, 6.685962095674199],
            [101.06298465411857, 6.68240803700138],
            [101.05888370242099, 6.678137772640127],
            [101.05737204998019, 6.677754736092254],
            [101.05514523956123, 6.671604694401196],
            [101.04894682243798, 6.663274235617507],
            [101.06192768181711, 6.6557369869724425],
            [101.0690147838053, 6.644087783424538],
            [101.07158578455636, 6.644221680785961],
            [101.07421361706486, 6.641735174039127],
            [101.0830810853239, 6.643128031433548],
            [101.09419498900758, 6.640569099584354],
            [101.10806452515777, 6.629101575277502],
            [101.11389101775632, 6.626775775581621],
            [101.12490772361264, 6.614720982287565],
            [101.13368117674497, 6.608440707972363],
            [101.14227607488101, 6.608388540099099],
            [101.14893494129456, 6.610900066884653],
            [101.15647308026848, 6.607166178876128],
            [101.16155036295896, 6.603220864751165],
            [101.16957749300695, 6.603978884418041],
            [101.1790860645703, 6.598983260169348],
            [101.18626512043903, 6.599610470746654],
            [101.18984059286913, 6.5983516923767525],
            [101.19310197167869, 6.598902962401837],
            [101.21018980011922, 6.59587121018825],
            [101.21721784272933, 6.597065626777294],
            [101.22222471659745, 6.602486268826283],
            [101.2255686666607, 6.608898837011793],
            [101.23206429533104, 6.615434094308057],
            [101.22520291418323, 6.618072176389887],
            [101.21313558613843, 6.62860008632498],
            [101.2072753752584, 6.629653309352818],
            [101.20095627990844, 6.638080896716076],
            [101.19752885837016, 6.637460503899206],
            [101.1956737476454, 6.638329754414656],
            [101.1941526361353, 6.646610620983438],
            [101.19666786273172, 6.652256597164296],
            [101.19630636584617, 6.65532434474278],
            [101.18746285642573, 6.659593573084976],
            [101.18615701293584, 6.661384697945493],
            [101.18612152209062, 6.6656193986164],
            [101.18976598331352, 6.666711736757293],
            [101.19297735262279, 6.670542164289486],
            [101.19217900915402, 6.679710817300418],
            [101.1901047948005, 6.684457406684032],
            [101.19092504575434, 6.691248771113919],
            [101.18719637381366, 6.6950236268389745],
            [101.18667047905944, 6.697737877900806],
            [101.2084387787267, 6.715925299313142],
            [101.21054580304644, 6.719486986934953],
            [101.21055718216826, 6.721755864941258],
            [101.19805285015894, 6.729232008250619],
            [101.1949564169052, 6.733250477727438],
            [101.19230109302106, 6.740112197919643],
            [101.19097705804484, 6.75258835596793],
            [101.18895821225175, 6.75823083738328],
            [101.18523066806097, 6.7613318086161485],
            [101.17476425736464, 6.764918878703327],
            [101.16602716022533, 6.762551011420101],
            [101.16247951192003, 6.762816795258971],
            [101.16026742430228, 6.7605426472254635],
            [101.15234375226242, 6.762016782648459],
            [101.14778805837227, 6.764909338695077],
            [101.14669237025674, 6.769312658652325],
            [101.14353972128117, 6.771505192310826],
            [101.13783381427919, 6.774431022373847],
            [101.13497168229736, 6.773300051156468],
            [101.13201416372272, 6.775930115782273],
            [101.12389258777279, 6.779300907011304],
            [101.12427490306436, 6.783223176908109],
            [101.12207250923899, 6.783680296008924],
            [101.11838993744573, 6.7865044613118926],
            [101.11542004240107, 6.790353812378612],
            [101.1119026805643, 6.78844021694249],
            [101.10570207179325, 6.791318785833369],
            [101.10311611171926, 6.789245128160189],
            [101.09795013159334, 6.792067144083489],
            [101.09491513822309, 6.7909824537772465],
            [101.08891210241165, 6.79096259764583],
            [101.08564457763521, 6.792844611589601],
            [101.08156327522505, 6.791228697146721],
            [101.07606380220278, 6.794234456255197],
            [101.07061242942012, 6.794365141238302],
            [101.06697565470279, 6.797039668346088],
            [101.06236423432199, 6.797044638899024]
          ]
        ]
      }
    },
    {
      "type": "Feature",
      "properties": {
        "district_code": "9403",
        "district_th": "หนองจิก",
        "district_en": "Nong Chik",
        "province_code": "94",
        "province_th": "ปัตตานี"
      },
      "geometry": {
        "type": "Polygon",
        "coordinates": [
          [
            [101.19255363524212, 6.865583460408402],
            [101.19164185938439, 6.86711035096198],
            [101.17970068643757, 6.865288383851862],
            [101.16760144325207, 6.865171474683848],
            [101.15851799021311, 6.86140047165452],
            [101.14200175917392, 6.861127587668079],
            [101.13522853856625, 6.860072983281611],
            [101.101124232997, 6.862745155064886],
            [101.09527155303982, 6.860851411263695],
            [101.06368530783072, 6.857486291159432],
            [101.06371570311728, 6.8544333464218425],
            [101.0621178731414, 6.852677901264201],
            [101.05713935759536, 6.852238185843646],
            [101.04952475826104, 6.8482415204298945],
            [101.04419043943727, 6.848677269840152],
            [101.04349303767361, 6.847400726262549],
            [101.04536495133152, 6.84523294284611],
            [101.04293493100232, 6.84165476795323],
            [101.04360245818697, 6.83883300114212],
            [101.04469491413903, 6.837762151402217],
            [101.04773815878906, 6.839185518297086],
            [101.04925099203973, 6.836938180852428],
            [101.04817558633431, 6.834773613411585],
            [101.04228616817221, 6.830124127426586],
            [101.03924990136193, 6.817840769635836],
            [101.03836343422518, 6.8063082558214205],
            [101.04055169070801, 6.79560015682182],
            [101.04486083995585, 6.796421618263139],
            [101.0550220081592, 6.80237664736444],
            [101.05662126715782, 6.80186726236434],
            [101.0610985617493, 6.797433678421555],
            [101.06697565470279, 6.797039668346088],
            [101.07061242942012, 6.794365141238302],
            [101.07606380220278, 6.794234456255197],
            [101.08110345186287, 6.7912967794229075],
            [101.08564457763521, 6.792844611589601],
            [101.08891210241165, 6.79096259764583],
            [101.09491513822309, 6.7909824537772465],
            [101.09795013159334, 6.792067144083489],
            [101.10311611171926, 6.789245128160189],
            [101.10570207179325, 6.791318785833369],
            [101.1119026805643, 6.78844021694249],
            [101.11542004240107, 6.790353812378612],
            [101.11838993744573, 6.7865044613118926],
            [101.12207250923899, 6.783680296008924],
            [101.12427490306436, 6.783223176908109],
            [101.12389258777279, 6.779300907011304],
            [101.13201416372272, 6.775930115782273],
            [101.13497168229736, 6.773300051156468],
            [101.13783381427919, 6.774431022373847],
            [101.14353972128117, 6.771505192310826],
            [101.14669237025674, 6.769312658652325],
            [101.14778805837227, 6.764909338695077],
            [101.15234375226242, 6.762016782648459],
            [101.16026742430228, 6.7605426472254635],
            [101.16247951192003, 6.762816795258971],
            [101.16602716022533, 6.762551011420101],
            [101.17476425736464, 6.764918878703327],
            [101.18745087835543, 6.759989048855573],
            [101.1905589938026, 6.754759753759686],
            [101.19230109302106, 6.740112197919643],
            [101.19663344477772, 6.730539528076804],
            [101.2108734332624, 6.721582120418589],
            [101.22578273858255, 6.707954798675075],
            [101.23837391902123, 6.703652380852759],
            [101.26551855293894, 6.702183258250841],
            [101.26655158079086, 6.703051904421898],
            [101.2660727142844, 6.704590219063391],
            [101.26764838856235, 6.707081718846268],
            [101.262993059682, 6.711459564607253],
            [101.26016463608914, 6.721838945211175],
            [101.26055975862602, 6.72675390836622],
            [101.25493783841057, 6.7269626194294005],
            [101.25491015817732, 6.728251410873952],
            [101.2580901348519, 6.730161819112709],
            [101.25587178255677, 6.730717241307673],
            [101.25569056286923, 6.736263108555647],
            [101.25192580743015, 6.738860634810521],
            [101.249992404426, 6.743007290953756],
            [101.24671193031139, 6.745123483861732],
            [101.24527979862387, 6.748421525333185],
            [101.24179704180011, 6.750805296227497],
            [101.23811382968955, 6.758274623575062],
            [101.23915734273726, 6.763726780566515],
            [101.24789944100644, 6.764740681637193],
            [101.24870290431562, 6.769827794816933],
            [101.25005221383867, 6.771713025635677],
            [101.25374928809924, 6.772874955115128],
            [101.2560312638318, 6.771255940709125],
            [101.261132762567, 6.771566686153676],
            [101.26375420359369, 6.773187193434296],
            [101.2709578891953, 6.784919187670425],
            [101.2700030717844, 6.789814979977393],
            [101.26664963207492, 6.792306281909418],
            [101.2652000661302, 6.795838348561006],
            [101.25601533234175, 6.796128671301176],
            [101.25133606710585, 6.800620938705379],
            [101.25194004279882, 6.802999414391536],
            [101.25130503240138, 6.8041514882006595],
            [101.25205218555999, 6.804868892685306],
            [101.25067912943831, 6.806652634111799],
            [101.24865270056176, 6.807349048419894],
            [101.24412541895299, 6.805173526337228],
            [101.24197436292656, 6.805324741943309],
            [101.2367266838894, 6.812472063435052],
            [101.23475409832304, 6.8135797583991575],
            [101.23319630166804, 6.813204765387638],
            [101.22625885136495, 6.8188666550720995],
            [101.21299030425922, 6.819780633369589],
            [101.21247396839897, 6.832548621421779],
            [101.21387555821047, 6.835321828439703],
            [101.21375893232891, 6.837983932312682],
            [101.212412884647, 6.838562998583541],
            [101.212159460191, 6.839873762264347],
            [101.21939231440382, 6.840801469612188],
            [101.22224262569665, 6.8442201974042405],
            [101.22602164618206, 6.841768572661522],
            [101.22769352543588, 6.844294695443864],
            [101.22814268103997, 6.85030889993584],
            [101.22599889423367, 6.852469658747793],
            [101.21965539218269, 6.853998150094583],
            [101.20909192395317, 6.854407020567578],
            [101.20654278482175, 6.857233143694657],
            [101.2024534982304, 6.858401924209488],
            [101.20069291344726, 6.860435428052597],
            [101.19255363524212, 6.865583460408402]
          ]
        ]
      }
    },
    {
      "type": "Feature",
      "properties": {
        "district_code": "9404",
        "district_th": "ปะนาเระ",
        "district_en": "Panare",
        "province_code": "94",
        "province_th": "ปัตตานี"
      },
      "geometry": {
        "type": "Polygon",
        "coordinates": [
          [
            [101.48879139100995, 6.86780671310936],
            [101.47002054970864, 6.879242393321817],
            [101.45683882315325, 6.8835530120618955],
            [101.45438193557794, 6.871136722781557],
            [101.45423372011015, 6.863844201248924],
            [101.4619346525622, 6.858693413370361],
            [101.46448710839337, 6.859037309624171],
            [101.46700389621287, 6.863979967401633],
            [101.4682905625595, 6.8640366112006745],
            [101.47128428694037, 6.858869045570032],
            [101.47986270589922, 6.855280275764187],
            [101.48136998493692, 6.853196052855594],
            [101.48128581468865, 6.851564600825725],
            [101.47809930084213, 6.8485940492760164],
            [101.47298326456604, 6.848022208158454],
            [101.47081961533303, 6.83908640671234],
            [101.46905431090778, 6.837045559904709],
            [101.46566909904976, 6.834858791799832],
            [101.45979919617605, 6.833500356856007],
            [101.45650159896968, 6.8296455460051675],
            [101.4517984180626, 6.828989387150557],
            [101.45041648833035, 6.824966591035377],
            [101.46577275400944, 6.808391294322803],
            [101.46731097602077, 6.802294719126053],
            [101.47054396683069, 6.783684453574722],
            [101.46642969077766, 6.776054787898204],
            [101.46077521600347, 6.77356527112039],
            [101.48921429900076, 6.748767029574822],
            [101.50176331832256, 6.729692566358892],
            [101.5036957185826, 6.732566261823592],
            [101.51071300260304, 6.736661256411878],
            [101.51289271912373, 6.741378753626634],
            [101.52149303297716, 6.743901067780087],
            [101.52674919082256, 6.748610577216425],
            [101.52906456467798, 6.752040989000477],
            [101.52848211066095, 6.7579939199834484],
            [101.53571154295338, 6.767805460553632],
            [101.54062347179587, 6.76898688014046],
            [101.54960568905136, 6.766663001396466],
            [101.56799728624583, 6.769474520432823],
            [101.5753296684295, 6.771482085130174],
            [101.58744068463994, 6.779021338364146],
            [101.59587989933794, 6.781939863234129],
            [101.58548806042569, 6.798209053205312],
            [101.56333487160708, 6.837390404043958],
            [101.56366019596135, 6.836401916915008],
            [101.55728859459305, 6.846194382864553],
            [101.54978370805173, 6.846636973417617],
            [101.54766202298401, 6.845754090079254],
            [101.54453179320774, 6.846938748124785],
            [101.52596495591803, 6.865619748053007],
            [101.52218206744851, 6.8634873223820705],
            [101.51020822033314, 6.866369314991914],
            [101.50874023087704, 6.865678845202581],
            [101.50969947025442, 6.86441081910408],
            [101.51561767931253, 6.864249891719169],
            [101.521967276069, 6.862623108969331],
            [101.52029506586467, 6.861356477719312],
            [101.51219341979055, 6.861578030201997],
            [101.49997284187322, 6.864366452849595],
            [101.50073331938722, 6.865238293412574],
            [101.50469379338392, 6.864695906890631],
            [101.50350013222538, 6.86572148925535],
            [101.49468574285282, 6.866945164387857],
            [101.49245284492292, 6.868817984562384],
            [101.48879139100995, 6.86780671310936]
          ]
        ]
      }
    },
    {
      "type": "Feature",
      "properties": {
        "district_code": "9405",
        "district_th": "มายอ",
        "district_en": "Mayo",
        "province_code": "94",
        "province_th": "ปัตตานี"
      },
      "geometry": {
        "type": "Polygon",
        "coordinates": [
          [
            [101.43518260958984, 6.769486414866208],
            [101.42348130741647, 6.776759077569409],
            [101.41793342838508, 6.778983591119868],
            [101.408566315683, 6.760906093841186],
            [101.4033194145594, 6.758505800602279],
            [101.39599035087406, 6.758091696974304],
            [101.37305452344754, 6.761202551756412],
            [101.35277519981565, 6.76850821058548],
            [101.33367502768044, 6.770052119909451],
            [101.3390932253721, 6.752950742282962],
            [101.33849283617553, 6.7412405188349],
            [101.33607299886984, 6.736974503770398],
            [101.33334870597804, 6.734617100998435],
            [101.31763084808523, 6.72407798371205],
            [101.31691895374678, 6.720761816404774],
            [101.31956984307385, 6.7146965987690805],
            [101.32419447809275, 6.709110135224591],
            [101.33792095458847, 6.688207679440893],
            [101.35465480267709, 6.657409904943222],
            [101.35898788288455, 6.642986131005216],
            [101.3590694046294, 6.632815549597979],
            [101.36145171772267, 6.62471235758926],
            [101.35779308498297, 6.613883894226376],
            [101.36411022340815, 6.606497582397537],
            [101.36541016644611, 6.602578809964143],
            [101.36880277972455, 6.600841963685696],
            [101.37545092532002, 6.600509784698829],
            [101.38060597418644, 6.603611953828647],
            [101.38155046378296, 6.609149189383629],
            [101.37893591336177, 6.614927154564555],
            [101.37872764926169, 6.618746372946816],
            [101.38193892234347, 6.622900011426452],
            [101.38573193268263, 6.624892307434095],
            [101.395699087443, 6.624272636772844],
            [101.39882520372021, 6.6299444028119865],
            [101.39842032263982, 6.634188200125379],
            [101.40895564568655, 6.631889970945451],
            [101.41373061407666, 6.628651375560594],
            [101.418189966294, 6.633924973059095],
            [101.42873969378189, 6.640841876551406],
            [101.42957463785933, 6.651993189334291],
            [101.43294530228394, 6.656837465776448],
            [101.43405854516578, 6.663882323010853],
            [101.43592548287478, 6.668628880918163],
            [101.4358578862325, 6.671642876017984],
            [101.433013046415, 6.6777881926710165],
            [101.43406725240186, 6.6853162970095354],
            [101.43362197737241, 6.691354865934386],
            [101.43660532357688, 6.695368844196878],
            [101.43623094929893, 6.700993557706568],
            [101.43844994191136, 6.703532425680976],
            [101.43943332538771, 6.708240919782668],
            [101.44538859101073, 6.709365879032134],
            [101.45044348058224, 6.708508581405965],
            [101.45307159907509, 6.712279553858366],
            [101.47617684888252, 6.711069230960277],
            [101.48640498240405, 6.712369745967067],
            [101.49022720002534, 6.720138086203747],
            [101.49850686240183, 6.721905143407696],
            [101.5009474848386, 6.724181478592413],
            [101.50176331832256, 6.729692566358892],
            [101.48997464611307, 6.747952572053578],
            [101.46077521600347, 6.77356527112039],
            [101.4520345071868, 6.77033883277096],
            [101.44465084835804, 6.769063246971314],
            [101.43518260958984, 6.769486414866208]
          ]
        ]
      }
    },
    {
      "type": "Feature",
      "properties": {
        "district_code": "9406",
        "district_th": "ทุ่งยางแดง",
        "district_en": "Thung Yang Daeng",
        "province_code": "94",
        "province_th": "ปัตตานี"
      },
      "geometry": {
        "type": "Polygon",
        "coordinates": [
          [
            [101.49246887533837, 6.711088911723948],
            [101.48758468878242, 6.712476167241391],
            [101.47617684888252, 6.711069230960277],
            [101.45307159907509, 6.712279553858366],
            [101.45044348058224, 6.708508581405965],
            [101.44538859101073, 6.709365879032134],
            [101.43912428865508, 6.70790635129714],
            [101.43844994191136, 6.703532425680976],
            [101.43623094929893, 6.700993557706568],
            [101.43660532357688, 6.695368844196878],
            [101.43362197737241, 6.691354865934386],
            [101.43406725240186, 6.6853162970095354],
            [101.433013046415, 6.6777881926710165],
            [101.4358578862325, 6.671642876017984],
            [101.43592548287478, 6.668628880918163],
            [101.43405854516578, 6.663882323010853],
            [101.43294530228394, 6.656837465776448],
            [101.42957463785933, 6.651993189334291],
            [101.42873969378189, 6.640841876551406],
            [101.418189966294, 6.633924973059095],
            [101.41373061407666, 6.628651375560594],
            [101.40895564568655, 6.631889970945451],
            [101.39842032263982, 6.634188200125379],
            [101.39882520372021, 6.6299444028119865],
            [101.395699087443, 6.624272636772844],
            [101.38573193268263, 6.624892307434095],
            [101.38193892234347, 6.622900011426452],
            [101.37872764926169, 6.618746372946816],
            [101.37893591336177, 6.614927154564555],
            [101.38155046378296, 6.609149189383629],
            [101.38111740604353, 6.604948342791829],
            [101.38060597418644, 6.603611953828647],
            [101.37678082207736, 6.60099773975395],
            [101.37160914114901, 6.600208906615819],
            [101.3762042055597, 6.591905994965771],
            [101.37548856104831, 6.589671790320892],
            [101.37186339118261, 6.585838586581531],
            [101.3713001098123, 6.582729722898421],
            [101.37286178164595, 6.579456551278895],
            [101.3814749665965, 6.569406822566862],
            [101.38978122102657, 6.568857415937032],
            [101.3937170257202, 6.571751824587068],
            [101.39939674896084, 6.573602359561278],
            [101.40818437990526, 6.582118345785091],
            [101.41515910081193, 6.584349913617643],
            [101.42260410059885, 6.584189586979903],
            [101.42991637663954, 6.58218486863683],
            [101.43699621030692, 6.582227778888921],
            [101.44199051794811, 6.5803683721027255],
            [101.4468854190269, 6.576906277202966],
            [101.45271911519507, 6.575820808983224],
            [101.45746714079598, 6.581179657715097],
            [101.45704273633328, 6.585046638191841],
            [101.46121321461823, 6.586314022174406],
            [101.46883678019333, 6.586500644988803],
            [101.4717952844249, 6.596080917700249],
            [101.4753388606, 6.595304154363305],
            [101.47614165841088, 6.597771190787853],
            [101.47828889681517, 6.597969240388181],
            [101.48193312601302, 6.601413179774454],
            [101.48414825243998, 6.600383120584581],
            [101.48668421830212, 6.60354134355822],
            [101.48810418396096, 6.602155701424522],
            [101.48906864570148, 6.6043462277962135],
            [101.49066902975198, 6.603316811621596],
            [101.49081189155561, 6.605706175399746],
            [101.49190377463952, 6.604175865623745],
            [101.49416588075087, 6.605764230235081],
            [101.49326940685768, 6.60271620478909],
            [101.49488866857723, 6.599961174868383],
            [101.4983406550972, 6.601210299016145],
            [101.5023919309429, 6.604248111761024],
            [101.50285259876847, 6.607565467971995],
            [101.49918229642589, 6.632327013580834],
            [101.49998108415974, 6.636025074397708],
            [101.49849481238573, 6.640172422119633],
            [101.49444604295059, 6.64600298594911],
            [101.49628910635721, 6.654786872116517],
            [101.49661982844236, 6.673184462393067],
            [101.4992587127195, 6.671805744139817],
            [101.50328244412952, 6.671498950316334],
            [101.50720187216871, 6.674346805560674],
            [101.51056150640846, 6.675428346441095],
            [101.51364362964983, 6.684430344285033],
            [101.51367459780448, 6.685650780059518],
            [101.51129473716247, 6.688035523120959],
            [101.5138534657649, 6.690575583596342],
            [101.51601191062122, 6.698679193789815],
            [101.50731648716624, 6.704352437415082],
            [101.50595936343393, 6.70976446665685],
            [101.50325629364312, 6.710955433446543],
            [101.49964157929548, 6.70865683194728],
            [101.49780513489912, 6.710279423856377],
            [101.49246887533837, 6.711088911723948]
          ]
        ]
      }
    },
    {
      "type": "Feature",
      "properties": {
        "district_code": "9407",
        "district_th": "สายบุรี",
        "district_en": "Sai Buri",
        "province_code": "94",
        "province_th": "ปัตตานี"
      },
      "geometry": {
        "type": "Polygon",
        "coordinates": [
          [
            [101.60375421658387, 6.7678174826907025],
            [101.59587989933794, 6.781939863234129],
            [101.58744068463994, 6.779021338364146],
            [101.5753296684295, 6.771482085130174],
            [101.56799728624583, 6.769474520432823],
            [101.54861773522038, 6.766613392094428],
            [101.54129038834083, 6.768909399049562],
            [101.53638802738561, 6.768153262563089],
            [101.53270346359403, 6.764708857327946],
            [101.52848211066095, 6.7579939199834484],
            [101.52906456467798, 6.752040989000477],
            [101.52674919082256, 6.748610577216425],
            [101.52149303297716, 6.743901067780087],
            [101.51289271912373, 6.741378753626634],
            [101.51071300260304, 6.736661256411878],
            [101.50533176884613, 6.733838403219806],
            [101.50195698642585, 6.730328733284466],
            [101.5001663139243, 6.723234252358907],
            [101.49850686240183, 6.721905143407696],
            [101.49022720002534, 6.720138086203747],
            [101.48640498240405, 6.712369745967067],
            [101.49780513489912, 6.710279423856377],
            [101.49964157929548, 6.70865683194728],
            [101.50325629364312, 6.710955433446543],
            [101.50495156066603, 6.7102356223761035],
            [101.50595936343393, 6.70976446665685],
            [101.50731648716624, 6.704352437415082],
            [101.51601191062122, 6.698679193789815],
            [101.5138534657649, 6.690575583596342],
            [101.51129473716247, 6.688035523120959],
            [101.51367459780448, 6.685650780059518],
            [101.51111631256782, 6.676651815628816],
            [101.5369014458451, 6.664415719909584],
            [101.5384780032573, 6.659770826762269],
            [101.53851703473345, 6.651644243387182],
            [101.53677771442005, 6.645044505599515],
            [101.53257590465432, 6.6373078745588145],
            [101.53274183676643, 6.632414340449486],
            [101.54182814425349, 6.623595306078585],
            [101.55212632866721, 6.616317093659006],
            [101.55613836259539, 6.616055861288999],
            [101.56041214600378, 6.6197866205561695],
            [101.56121513537028, 6.622804903623432],
            [101.56079078756483, 6.627159696163119],
            [101.56339375471805, 6.6338310442673105],
            [101.56223740373326, 6.638631316881799],
            [101.56686431043966, 6.643082519442771],
            [101.5705505784465, 6.641409577190302],
            [101.57252314242913, 6.635530776424218],
            [101.57471211926895, 6.632607163190073],
            [101.58875350057366, 6.626174746067704],
            [101.59210465870308, 6.626034128072604],
            [101.59618703670242, 6.624007125428534],
            [101.59996850604176, 6.623906572230567],
            [101.60282231569738, 6.62733077869251],
            [101.60401974411593, 6.630868422939443],
            [101.6056367997985, 6.631755161671435],
            [101.60924853559152, 6.631865092100384],
            [101.61313453043431, 6.633588153570486],
            [101.61455697102747, 6.630004470330107],
            [101.61897798244797, 6.629841362089223],
            [101.62386419877379, 6.633809563960256],
            [101.62545278371903, 6.6332360680901274],
            [101.62638447776152, 6.630723685149974],
            [101.62266195358637, 6.627918221248933],
            [101.62250122585095, 6.626255999814589],
            [101.62462719708753, 6.6248454581514125],
            [101.62760914934285, 6.625191159344581],
            [101.62978665173267, 6.627434886910578],
            [101.6296657198971, 6.633071132426892],
            [101.63093612020583, 6.6361662859453645],
            [101.63447862888569, 6.636116969822353],
            [101.63920962492432, 6.633212458188439],
            [101.6413974380414, 6.633453838024252],
            [101.64322171281185, 6.635114221244351],
            [101.64343546007848, 6.6388638950527366],
            [101.6427574180205, 6.639987504419821],
            [101.63835017072387, 6.641956729219714],
            [101.63817105365126, 6.6455492393059785],
            [101.63595788864569, 6.648300310411059],
            [101.63799134392542, 6.656438388021229],
            [101.64146349684296, 6.659370905442984],
            [101.6379456053055, 6.659085842837442],
            [101.63918506443923, 6.661432169559021],
            [101.66703882098489, 6.666720836097738],
            [101.64268171758727, 6.709490037635192],
            [101.63782577334081, 6.713627912797961],
            [101.63517162037402, 6.719180610396904],
            [101.63013075123325, 6.722157669440946],
            [101.60375421658387, 6.7678174826907025]
          ]
        ]
      }
    },
    {
      "type": "Feature",
      "properties": {
        "district_code": "9408",
        "district_th": "ไม้แก่น",
        "district_en": "Mai Kaen",
        "province_code": "94",
        "province_th": "ปัตตานี"
      },
      "geometry": {
        "type": "Polygon",
        "coordinates": [
          [
            [101.66838095661592, 6.664422247189009],
            [101.66703882098489, 6.666720836097738],
            [101.63918506443923, 6.661432169559021],
            [101.6379456053055, 6.659085842837442],
            [101.64146349684296, 6.659370905442984],
            [101.63799134392542, 6.656438388021229],
            [101.63595788864569, 6.648300310411059],
            [101.63817105365126, 6.6455492393059785],
            [101.63835017072387, 6.641956729219714],
            [101.6427574180205, 6.639987504419821],
            [101.64357997843331, 6.636307420151354],
            [101.64281223259849, 6.634485525886362],
            [101.64037045723086, 6.633119299216332],
            [101.6332065288583, 6.63653321023952],
            [101.63093612020583, 6.6361662859453645],
            [101.63283762155902, 6.631417504913941],
            [101.6324434226259, 6.625787960246214],
            [101.63343199339187, 6.6221854982621835],
            [101.63860647570834, 6.618358349658138],
            [101.6423298272598, 6.620373248326814],
            [101.64612480801355, 6.618476233691297],
            [101.64774948634977, 6.612227724330069],
            [101.65341512890512, 6.599286936942633],
            [101.6556526349612, 6.595954607918884],
            [101.65922355502312, 6.5954171757621225],
            [101.6617862910046, 6.593300714856127],
            [101.65983694571855, 6.588646230439224],
            [101.66528723301946, 6.585224194041359],
            [101.66627387294096, 6.578444021674329],
            [101.66909045695905, 6.5736885793645],
            [101.69010891359557, 6.572569562835099],
            [101.70408756808683, 6.56841363288288],
            [101.70892750260225, 6.568401944394282],
            [101.71249026041727, 6.569707795978047],
            [101.72468914578752, 6.576797345021532],
            [101.68945907787423, 6.633490860414952],
            [101.66838095661592, 6.664422247189009]
          ]
        ]
      }
    },
    {
      "type": "Feature",
      "properties": {
        "district_code": "9409",
        "district_th": "ยะหริ่ง",
        "district_en": "Yaring",
        "province_code": "94",
        "province_th": "ปัตตานี"
      },
      "geometry": {
        "type": "Polygon",
        "coordinates": [
          [
            [101.29285905380237, 6.949851498248108],
            [101.28484191881955, 6.952489515578748],
            [101.277573795894, 6.952901343022631],
            [101.27797801957001, 6.95219364492084],
            [101.27062154544802, 6.948929833445106],
            [101.26321550159417, 6.9480545709617445],
            [101.25154270972831, 6.942930126923841],
            [101.24750360260924, 6.9421962036918785],
            [101.24098064534058, 6.934850998075149],
            [101.23920960234136, 6.929634630733688],
            [101.2402499866476, 6.9290619442533625],
            [101.24203455634978, 6.933311602448555],
            [101.24313975209793, 6.933531799652883],
            [101.24401961821087, 6.932431065441392],
            [101.24457813317434, 6.935105181558924],
            [101.24513905022707, 6.932374928859929],
            [101.24559257203964, 6.934187418914291],
            [101.2463375992009, 6.93404265594387],
            [101.24563088405813, 6.9308757563111385],
            [101.24477663423437, 6.931654063784038],
            [101.24568876802226, 6.929667891260237],
            [101.24959457492974, 6.935933388814874],
            [101.2533927986388, 6.937979707097838],
            [101.25614880792119, 6.936644064571965],
            [101.26059940793641, 6.9409266694303255],
            [101.26293879279109, 6.940433614319886],
            [101.26375579359507, 6.9418635543596],
            [101.26702806589259, 6.942914542572112],
            [101.26804771542976, 6.945101093940366],
            [101.26767141840128, 6.942612470189374],
            [101.27278770378956, 6.944620789417968],
            [101.27265173798736, 6.9460936855751925],
            [101.27373941314346, 6.946957636385832],
            [101.27294090060212, 6.945677064744814],
            [101.2746138590424, 6.94462672044682],
            [101.27462391526154, 6.943189455429092],
            [101.27401713907977, 6.944690030920242],
            [101.27309404615335, 6.944249846053594],
            [101.27448548531697, 6.941264509649443],
            [101.28051933999558, 6.948435996823832],
            [101.28628186021973, 6.947974638318954],
            [101.28630630559161, 6.949348168383324],
            [101.2890927910995, 6.948839829294741],
            [101.28639612897825, 6.944184759419159],
            [101.28549560184064, 6.944906007606221],
            [101.28579672813657, 6.937716268690906],
            [101.29209952237511, 6.93858976940237],
            [101.29652755660152, 6.9366515343409105],
            [101.29889035620505, 6.934102834977921],
            [101.29653034539916, 6.937577167852055],
            [101.29921562659996, 6.937902843841243],
            [101.30043212784051, 6.939041504262036],
            [101.30119146141686, 6.935447105599508],
            [101.30069786311594, 6.930541918075107],
            [101.30054654768509, 6.932796736979867],
            [101.29933398997173, 6.9321756525843625],
            [101.30062849930584, 6.928012481291034],
            [101.30591342826216, 6.929331969294992],
            [101.31335444225374, 6.922858434269358],
            [101.31938806400802, 6.926895952286429],
            [101.32424328699818, 6.927747866570826],
            [101.32740150997176, 6.922739619437948],
            [101.32785140661719, 6.9142957669361635],
            [101.32923921971428, 6.911637795447973],
            [101.32974051890989, 6.911150640789515],
            [101.33404287198101, 6.913076297033513],
            [101.33928880813204, 6.912717255297139],
            [101.34291134028621, 6.909521221227408],
            [101.34329779515718, 6.90660886570663],
            [101.34160606067121, 6.901358354704371],
            [101.34467656197381, 6.898684838434576],
            [101.34581460276178, 6.890786727825287],
            [101.34514801177141, 6.888228665620488],
            [101.34402505621142, 6.886089182969442],
            [101.33829058764059, 6.884510068784721],
            [101.33275562557174, 6.87597231716876],
            [101.32750831705522, 6.87492845608341],
            [101.32435038096537, 6.876593379081214],
            [101.32195633711535, 6.867011413845717],
            [101.32431808181406, 6.859113037037105],
            [101.32157055493724, 6.843949003243949],
            [101.32360025105078, 6.8336507576763665],
            [101.32514998888092, 6.831061000664704],
            [101.33180480384868, 6.825468863297431],
            [101.33523038717271, 6.815881935602874],
            [101.33595067128653, 6.794419307405178],
            [101.33367502768044, 6.770052119909451],
            [101.34843041403246, 6.769307109835324],
            [101.35625801509536, 6.767682387432274],
            [101.37305452344754, 6.761202551756412],
            [101.40014677455406, 6.758121502305528],
            [101.40604809344484, 6.75927413909028],
            [101.408566315683, 6.760906093841186],
            [101.41793342838508, 6.778983591119868],
            [101.42348130741647, 6.776759077569409],
            [101.43518260958984, 6.769486414866208],
            [101.43904567172041, 6.768828731660676],
            [101.4520345071868, 6.77033883277096],
            [101.46642969077766, 6.776054787898204],
            [101.47054396683069, 6.783684453574722],
            [101.46577275400944, 6.808391294322803],
            [101.45146747744218, 6.823151388625718],
            [101.45047772586639, 6.8243878413258585],
            [101.45058010468813, 6.82623740143498],
            [101.4517984180626, 6.828989387150557],
            [101.45650159896968, 6.8296455460051675],
            [101.45979919617605, 6.833500356856007],
            [101.46566909904976, 6.834858791799832],
            [101.46905431090778, 6.837045559904709],
            [101.47081961533303, 6.83908640671234],
            [101.47298326456604, 6.848022208158454],
            [101.47809930084213, 6.8485940492760164],
            [101.48067951065093, 6.8506046410913655],
            [101.48136998493692, 6.853196052855594],
            [101.47832237317903, 6.856329837651913],
            [101.47128428694037, 6.858869045570032],
            [101.4682905625595, 6.8640366112006745],
            [101.46700389621287, 6.863979967401633],
            [101.46448710839337, 6.859037309624171],
            [101.4619346525622, 6.858693413370361],
            [101.45423372011015, 6.863844201248924],
            [101.45438193557794, 6.871136722781557],
            [101.45683882315325, 6.8835530120618955],
            [101.45142816807555, 6.885352791098455],
            [101.44604761330675, 6.885978554666622],
            [101.44426035103442, 6.885202517082519],
            [101.43714959957441, 6.8874408271325365],
            [101.42793067625973, 6.887677144684517],
            [101.41431049603261, 6.891148204026422],
            [101.41111590717344, 6.890173523289491],
            [101.3979095302007, 6.89401236487879],
            [101.36958463682157, 6.89999321441536],
            [101.3575848442652, 6.903968630647853],
            [101.35101197732098, 6.907341422868399],
            [101.33823282418552, 6.916510225166803],
            [101.32336097023267, 6.9304350102675585],
            [101.31440597455617, 6.937118324750941],
            [101.31171503931768, 6.9380630077017145],
            [101.30283975055409, 6.944699489090226],
            [101.29285905380237, 6.949851498248108]
          ]
        ]
      }
    },
    {
      "type": "Feature",
      "properties": {
        "district_code": "9410",
        "district_th": "ยะรัง",
        "district_en": "Yarang",
        "province_code": "94",
        "province_th": "ปัตตานี"
      },
      "geometry": {
        "type": "Polygon",
        "coordinates": [
          [
            [101.32271412565643, 6.8371892149103815],
            [101.32163060177089, 6.843508634915622],
            [101.30687374772532, 6.835645152701659],
            [101.30286714840025, 6.834520337343747],
            [101.28700066674742, 6.833918581177613],
            [101.28487714076749, 6.8302356352663764],
            [101.28936285840922, 6.823479128558972],
            [101.29036233705227, 6.81971019037303],
            [101.2870557727058, 6.8123008469066235],
            [101.28133332087612, 6.804453152291217],
            [101.27621436540068, 6.8034993466176275],
            [101.25194004279882, 6.802999414391536],
            [101.25133606710585, 6.800620938705379],
            [101.25601533234175, 6.796128671301176],
            [101.2652000661302, 6.795838348561006],
            [101.26664963207492, 6.792306281909418],
            [101.2700030717844, 6.789814979977393],
            [101.2709578891953, 6.784919187670425],
            [101.26375420359369, 6.773187193434296],
            [101.261132762567, 6.771566686153676],
            [101.2560312638318, 6.771255940709125],
            [101.25374928809924, 6.772874955115128],
            [101.25005221383867, 6.771713025635677],
            [101.24870290431562, 6.769827794816933],
            [101.24789944100644, 6.764740681637193],
            [101.23875515692504, 6.763404343935349],
            [101.23814881871306, 6.75789480839876],
            [101.24179704180011, 6.750805296227497],
            [101.24527979862387, 6.748421525333185],
            [101.24671193031139, 6.745123483861732],
            [101.249992404426, 6.743007290953756],
            [101.25192580743015, 6.738860634810521],
            [101.25569056286923, 6.736263108555647],
            [101.25587178255677, 6.730717241307673],
            [101.2580901348519, 6.730161819112709],
            [101.25491015817732, 6.728251410873952],
            [101.25493783841057, 6.7269626194294005],
            [101.26055975862602, 6.72675390836622],
            [101.26016463608914, 6.721838945211175],
            [101.262993059682, 6.711459564607253],
            [101.26764838856235, 6.707081718846268],
            [101.2660727142844, 6.704590219063391],
            [101.26616999484946, 6.703140669306492],
            [101.2731251896758, 6.70402994232802],
            [101.27197398011515, 6.698629272423034],
            [101.26595203965496, 6.696811391832341],
            [101.26818872013337, 6.691204666562157],
            [101.26918811334082, 6.691036221744298],
            [101.27113520942243, 6.693942937616498],
            [101.27335682805523, 6.690959907074102],
            [101.2764559071145, 6.691259116015431],
            [101.27737918889852, 6.693080751275716],
            [101.27706874832415, 6.69961524234958],
            [101.27871889905799, 6.700495684927944],
            [101.28123797655144, 6.699273874989387],
            [101.28270683385335, 6.699567035989958],
            [101.28230497989097, 6.712176787428859],
            [101.2837133730738, 6.71330972186621],
            [101.28627473489115, 6.711480747238738],
            [101.28644614657247, 6.703861291565374],
            [101.28889070983843, 6.694780870141074],
            [101.29071462398076, 6.691968564197907],
            [101.2862274827122, 6.69136462177994],
            [101.28049633084106, 6.685394612671303],
            [101.27970311710521, 6.682434293607798],
            [101.27979312665155, 6.68156440996961],
            [101.28294159108162, 6.680566630145904],
            [101.28924987568126, 6.683779718059611],
            [101.29663262169817, 6.676951922992885],
            [101.2902428180517, 6.6682494839266155],
            [101.28936738829441, 6.663828202709453],
            [101.29061739377778, 6.660453084842061],
            [101.29592366814285, 6.6534299624228765],
            [101.29776692580305, 6.649334619796889],
            [101.29894384158507, 6.64276737541411],
            [101.29720171898418, 6.635456726246957],
            [101.30265595880553, 6.621274582156275],
            [101.3020932565986, 6.618960938596501],
            [101.29377169390858, 6.616868451817652],
            [101.29203590343428, 6.613395276370966],
            [101.2931657442038, 6.600986179868357],
            [101.29888294399274, 6.588206858559715],
            [101.29787029477836, 6.5800402040921995],
            [101.30014646988371, 6.576248585903556],
            [101.30054751355698, 6.572132681178346],
            [101.30452376795756, 6.56685778865608],
            [101.30936314039667, 6.565092666793191],
            [101.31212627141036, 6.566474186434618],
            [101.31463753919115, 6.569705881321397],
            [101.32279922220641, 6.570526778887768],
            [101.32740451280807, 6.573475226900257],
            [101.33100362571679, 6.566330764353324],
            [101.33750675113572, 6.565117503370118],
            [101.34365655540574, 6.558544127409618],
            [101.34941471211931, 6.557032566699661],
            [101.35583146574959, 6.558649211392037],
            [101.36267722297549, 6.563553245086268],
            [101.3695107413277, 6.566083993081861],
            [101.37773773310994, 6.567038120712766],
            [101.3814749665965, 6.569406822566862],
            [101.37286178164595, 6.579456551278895],
            [101.3713001098123, 6.582729722898421],
            [101.37186339118261, 6.585838586581531],
            [101.37576245857065, 6.590247825876531],
            [101.37551967039656, 6.593951972405648],
            [101.37160914114901, 6.600208906615819],
            [101.36541016644611, 6.602578809964143],
            [101.36411022340815, 6.606497582397537],
            [101.35779308498297, 6.613883894226376],
            [101.36145171772267, 6.62471235758926],
            [101.3590694046294, 6.632815549597979],
            [101.35898788288455, 6.642986131005216],
            [101.35465480267709, 6.657409904943222],
            [101.33792095458847, 6.688207679440893],
            [101.32419447809275, 6.709110135224591],
            [101.31956984307385, 6.7146965987690805],
            [101.31691895374678, 6.720761816404774],
            [101.31793962491383, 6.724366895415926],
            [101.3275876489509, 6.730247186358611],
            [101.33572160856545, 6.736581866959625],
            [101.33820856857062, 6.740410879858246],
            [101.33892056363317, 6.7437043563709835],
            [101.33860068377459, 6.75558847003191],
            [101.33344961530759, 6.771009053425132],
            [101.33595067128653, 6.794419307405178],
            [101.33523038717271, 6.815881935602874],
            [101.33180480384868, 6.825468863297431],
            [101.32514998888092, 6.831061000664704],
            [101.32271412565643, 6.8371892149103815]
          ]
        ]
      }
    },
    {
      "type": "Feature",
      "properties": {
        "district_code": "9411",
        "district_th": "กะพ้อ",
        "district_en": "Kapho",
        "province_code": "94",
        "province_th": "ปัตตานี"
      },
      "geometry": {
        "type": "Polygon",
        "coordinates": [
          [
            [101.52016471902664, 6.672922233574241],
            [101.51111631256782, 6.676651815628816],
            [101.51056150640846, 6.675428346441095],
            [101.50720187216871, 6.674346805560674],
            [101.50328244412952, 6.671498950316334],
            [101.4992587127195, 6.671805744139817],
            [101.49661982844236, 6.673184462393067],
            [101.49628910635721, 6.654786872116517],
            [101.49444604295059, 6.64600298594911],
            [101.49849481238573, 6.640172422119633],
            [101.49998108415974, 6.636025074397708],
            [101.49918229642589, 6.632327013580834],
            [101.50285259876847, 6.607565467971995],
            [101.5023919309429, 6.604248111761024],
            [101.50922844493687, 6.601863350713131],
            [101.51347079973766, 6.595516733410591],
            [101.51974028938292, 6.58994842088299],
            [101.52156028068248, 6.583724066412572],
            [101.51803580880556, 6.580137069170462],
            [101.51782167213253, 6.57709641816524],
            [101.52632187435506, 6.57116556104188],
            [101.53024497792347, 6.561513402821333],
            [101.5352487032651, 6.556270642176457],
            [101.55052648690793, 6.555241437342488],
            [101.56409002423527, 6.549815985719192],
            [101.57231344840699, 6.5532623092082645],
            [101.57453035369292, 6.555188890854652],
            [101.58092683300697, 6.5557048058321925],
            [101.5883449871315, 6.563796276976632],
            [101.59285377238376, 6.565124759100399],
            [101.59381758571305, 6.566370664574549],
            [101.59479944214058, 6.569216033193413],
            [101.59391070601436, 6.573659885595305],
            [101.5970245942097, 6.578364905615956],
            [101.5958805288634, 6.581889104098934],
            [101.59154066956631, 6.58540109158713],
            [101.58845354339638, 6.5897345998719175],
            [101.58308136491314, 6.590742402639819],
            [101.57900372813958, 6.592678816574164],
            [101.5749262829217, 6.597066562072257],
            [101.5737905938609, 6.599620365087844],
            [101.57721441901026, 6.6102716745981525],
            [101.5744314048855, 6.621303968403481],
            [101.57915108655345, 6.6252526675766035],
            [101.58215773509147, 6.629286332898005],
            [101.57471211926895, 6.632607163190073],
            [101.57252314242913, 6.635530776424218],
            [101.5705505784465, 6.641409577190302],
            [101.56686431043966, 6.643082519442771],
            [101.56223740373326, 6.638631316881799],
            [101.56321668540176, 6.632360007908062],
            [101.56079078756483, 6.627159696163119],
            [101.56121513537028, 6.622804903623432],
            [101.5596878293299, 6.618769698662732],
            [101.55747989478135, 6.616709818603283],
            [101.55460487371602, 6.615749694293015],
            [101.55212632866721, 6.616317093659006],
            [101.54743091520464, 6.619358545960154],
            [101.5346270037333, 6.630115961082765],
            [101.53274183676643, 6.632414340449486],
            [101.5321148591135, 6.6350796576001585],
            [101.5380797780594, 6.648449480059526],
            [101.5384780032573, 6.659770826762269],
            [101.5369014458451, 6.664415719909584],
            [101.52016471902664, 6.672922233574241]
          ]
        ]
      }
    },
    {
      "type": "Feature",
      "properties": {
        "district_code": "9412",
        "district_th": "แม่ลาน",
        "district_en": "Mae Lan",
        "province_code": "94",
        "province_th": "ปัตตานี"
      },
      "geometry": {
        "type": "Polygon",
        "coordinates": [
          [
            [101.23761386868517, 6.703776748098505],
            [101.22578273858255, 6.707954798675075],
            [101.21055718216826, 6.721755864941258],
            [101.21051279882664, 6.719061147154264],
            [101.2084387787267, 6.715925299313142],
            [101.18709420543331, 6.698475552205025],
            [101.18646612341291, 6.696770408827376],
            [101.19092504575434, 6.691248771113919],
            [101.1901047948005, 6.684457406684032],
            [101.19217900915402, 6.679710817300418],
            [101.19297735262279, 6.670542164289486],
            [101.18976598331352, 6.666711736757293],
            [101.18612152209062, 6.6656193986164],
            [101.18615701293584, 6.661384697945493],
            [101.18746285642573, 6.659593573084976],
            [101.19630636584617, 6.65532434474278],
            [101.19666786273172, 6.652256597164296],
            [101.1941526361353, 6.646610620983438],
            [101.19502669172851, 6.639202124678377],
            [101.19707985744952, 6.637505433129263],
            [101.20095627990844, 6.638080896716076],
            [101.2072753752584, 6.629653309352818],
            [101.21313558613843, 6.62860008632498],
            [101.22520291418323, 6.618072176389887],
            [101.23206429533104, 6.615434094308057],
            [101.23549818839075, 6.623416487580869],
            [101.2380738629185, 6.633297224687226],
            [101.24883658494048, 6.644023164437556],
            [101.25037898879935, 6.644124346261606],
            [101.25423991593942, 6.641238495560174],
            [101.27122450760498, 6.646226262432094],
            [101.27627354798591, 6.654097663176685],
            [101.27869253543224, 6.667226070726656],
            [101.2806389372372, 6.668916362700031],
            [101.28362728637023, 6.6696071022859655],
            [101.28115036729565, 6.671484580049366],
            [101.28259665161426, 6.675096931877931],
            [101.27944278585596, 6.679417552877794],
            [101.28027921021743, 6.685060322076254],
            [101.2862274827122, 6.69136462177994],
            [101.29071462398076, 6.691968564197907],
            [101.28889070983843, 6.694780870141074],
            [101.28644614657247, 6.703861291565374],
            [101.28627473489115, 6.711480747238738],
            [101.28439141063518, 6.713173800130846],
            [101.28230497989097, 6.712176787428859],
            [101.28270683385335, 6.699567035989958],
            [101.28123797655144, 6.699273874989387],
            [101.27871889905799, 6.700495684927944],
            [101.27706874832415, 6.69961524234958],
            [101.27737918889852, 6.693080751275716],
            [101.27532050044078, 6.6908519587509545],
            [101.27297713608601, 6.691211370108704],
            [101.27113520942243, 6.693942937616498],
            [101.26852264290568, 6.690952854590591],
            [101.26588408508252, 6.696534879081469],
            [101.27235100739313, 6.69902186156969],
            [101.27265334957247, 6.704396518584531],
            [101.26489919434238, 6.70205448342773],
            [101.23761386868517, 6.703776748098505]
          ]
        ]
      }
    },
    {
      "type": "Feature",
      "properties": {
        "district_code": "9501",
        "district_th": "เมืองยะลา",
        "district_en": "Mueang Yala",
        "province_code": "95",
        "province_th": "ยะลา"
      },
      "geometry": {
        "type": "Polygon",
        "coordinates": [
          [
            [101.29287750699143, 6.680489065418101],
            [101.28924987568126, 6.683779718059611],
            [101.28294159108162, 6.680566630145904],
            [101.27950613679883, 6.681360364589182],
            [101.27944278585596, 6.679417552877794],
            [101.28259665161426, 6.675096931877931],
            [101.28115036729565, 6.671484580049366],
            [101.28362728637023, 6.6696071022859655],
            [101.2806389372372, 6.668916362700031],
            [101.27869253543224, 6.667226070726656],
            [101.27627354798591, 6.654097663176685],
            [101.27122450760498, 6.646226262432094],
            [101.25423991593942, 6.641238495560174],
            [101.25037898879935, 6.644124346261606],
            [101.24804381007385, 6.643328190843363],
            [101.2380738629185, 6.633297224687226],
            [101.23549818839075, 6.623416487580869],
            [101.23040788891302, 6.612950587699515],
            [101.22504653377058, 6.608248631669085],
            [101.22383242742467, 6.604920958435514],
            [101.21942270969038, 6.598811261230765],
            [101.2149210992294, 6.596284677096207],
            [101.21018980011922, 6.59587121018825],
            [101.19310197167869, 6.598902962401837],
            [101.18984059286913, 6.5983516923767525],
            [101.18626512043903, 6.599610470746654],
            [101.17791472098764, 6.599224423268595],
            [101.16957749300695, 6.603978884418041],
            [101.16155036295896, 6.603220864751165],
            [101.15647308026848, 6.607166178876128],
            [101.14893494129456, 6.610900066884653],
            [101.14227607488101, 6.608388540099099],
            [101.13368117674497, 6.608440707972363],
            [101.12490772361264, 6.614720982287565],
            [101.11389101775632, 6.626775775581621],
            [101.10806452515777, 6.629101575277502],
            [101.10253444011238, 6.627132797440709],
            [101.09889658710784, 6.619508062746945],
            [101.08935173239661, 6.614798736772343],
            [101.08853036358545, 6.613503209405621],
            [101.08906315883775, 6.608551824607048],
            [101.10400368772008, 6.600174882564829],
            [101.10972589223621, 6.59341180541054],
            [101.11613058595782, 6.5814720246143],
            [101.1261239649491, 6.56757171366371],
            [101.12698084169256, 6.561934401551412],
            [101.12538120677732, 6.55722281737917],
            [101.12767838644845, 6.554104593552211],
            [101.13069030231566, 6.552280407814635],
            [101.1341264238954, 6.551644079011112],
            [101.14285881488246, 6.5565201815611545],
            [101.14739987230632, 6.555704681725729],
            [101.14992761566697, 6.554017508601191],
            [101.15333970106639, 6.548953505300062],
            [101.15966717809783, 6.543576405726583],
            [101.16909077541902, 6.539085959449494],
            [101.17229744217326, 6.53335272744647],
            [101.17119019507152, 6.517350754833501],
            [101.17230281202524, 6.510199968253971],
            [101.17363897256058, 6.508533150384608],
            [101.1761464389071, 6.507851715184529],
            [101.18664358213567, 6.50948780142096],
            [101.1887469812882, 6.508905798863566],
            [101.19857056467987, 6.501273761674838],
            [101.1991174990734, 6.497793362873438],
            [101.20165782844606, 6.4941749217352935],
            [101.21213606882458, 6.487947289236047],
            [101.21980466885043, 6.484611494225135],
            [101.22075777844879, 6.483367206631328],
            [101.23206368109408, 6.487833939584675],
            [101.2355611697123, 6.479484692164874],
            [101.23979554123133, 6.474179070707578],
            [101.24225192158895, 6.465963244907869],
            [101.24471739679046, 6.46558401069359],
            [101.24629147836907, 6.469915417262769],
            [101.24815890800727, 6.468407748818606],
            [101.24819062889446, 6.461012807994734],
            [101.25262193125718, 6.455466761781679],
            [101.26057754361881, 6.455537164308737],
            [101.26484663796202, 6.458019829151851],
            [101.27470331640501, 6.467814545205158],
            [101.28369755669695, 6.468609784214209],
            [101.2873727162779, 6.46319405336294],
            [101.29259073387533, 6.458886579552029],
            [101.30276497642257, 6.447640680572988],
            [101.3065841129665, 6.446163050384541],
            [101.3128985264459, 6.446054809781685],
            [101.31614369857289, 6.446943030596458],
            [101.31730512173402, 6.448377821579243],
            [101.32091935044775, 6.449918683100805],
            [101.32608400677157, 6.450492842670599],
            [101.32622777239385, 6.457986589309712],
            [101.33152647716526, 6.4595746652386765],
            [101.33217463744961, 6.4610088797560365],
            [101.3294743096917, 6.4762783527638135],
            [101.32647987934303, 6.480379368313265],
            [101.31757198475935, 6.487734355855878],
            [101.31609195697831, 6.490781043110701],
            [101.31646451642433, 6.492956039089961],
            [101.31944243881753, 6.494966572449414],
            [101.32063338222486, 6.498111189579788],
            [101.32425481270951, 6.501131649905744],
            [101.32692442502224, 6.511366674032843],
            [101.32942309240184, 6.516713524009958],
            [101.32913170486432, 6.519544605998817],
            [101.32641831805097, 6.524599143036085],
            [101.32639087613808, 6.528688810040592],
            [101.33110753968128, 6.537490641280101],
            [101.33849791194916, 6.545430280782853],
            [101.34937350878045, 6.550402269948847],
            [101.35377399857123, 6.555003272583008],
            [101.35431884563826, 6.557114083048532],
            [101.35406463697348, 6.557954182039907],
            [101.34725361156501, 6.5571850458532595],
            [101.34365655540574, 6.558544127409618],
            [101.33750675113572, 6.565117503370118],
            [101.33057602866086, 6.566702217633292],
            [101.32884978089271, 6.571823991583983],
            [101.32740451280807, 6.573475226900257],
            [101.32279922220641, 6.570526778887768],
            [101.31463753919115, 6.569705881321397],
            [101.31212627141036, 6.566474186434618],
            [101.30936314039667, 6.565092666793191],
            [101.30452376795756, 6.56685778865608],
            [101.30054751355698, 6.572132681178346],
            [101.30014646988371, 6.576248585903556],
            [101.29787029477836, 6.5800402040921995],
            [101.29888294399274, 6.588206858559715],
            [101.2931657442038, 6.600986179868357],
            [101.29203590343428, 6.613395276370966],
            [101.29217106164526, 6.614894578422081],
            [101.29463896141897, 6.617487580187742],
            [101.30162290936983, 6.618776123419423],
            [101.30270000759936, 6.620295339158645],
            [101.29720171898418, 6.635456726246957],
            [101.29894384158507, 6.64276737541411],
            [101.29776692580305, 6.649334619796889],
            [101.29592366814285, 6.6534299624228765],
            [101.29061739377778, 6.660453084842061],
            [101.28936738829441, 6.663828202709453],
            [101.2902428180517, 6.6682494839266155],
            [101.29661031941077, 6.6766526097301835],
            [101.29287750699143, 6.680489065418101]
          ]
        ]
      }
    },
    {
      "type": "Feature",
      "properties": {
        "district_code": "9502",
        "district_th": "เบตง",
        "district_en": "Betong",
        "province_code": "95",
        "province_th": "ยะลา"
      },
      "geometry": {
        "type": "Polygon",
        "coordinates": [
          [
            [101.41006240715444, 6.054415148440398],
            [101.40823676271651, 6.0551598932145225],
            [101.4051402593156, 6.058644148308872],
            [101.4022566056579, 6.056544452564481],
            [101.3999238524039, 6.051911213731557],
            [101.39693295099494, 6.053378514307042],
            [101.39371148499708, 6.052021124375415],
            [101.39159207611345, 6.054305941965708],
            [101.3898468445563, 6.052365240963127],
            [101.38774835570212, 6.052029879275551],
            [101.38899878026956, 6.048534894369936],
            [101.38815804096089, 6.047012754934713],
            [101.3862603824108, 6.0471724934158715],
            [101.38293495568371, 6.049385187176711],
            [101.38044065810993, 6.0495141949242],
            [101.37947168537005, 6.052086941259404],
            [101.3773048363492, 6.049927896555232],
            [101.37544854121728, 6.05110173665588],
            [101.37393942576392, 6.048554611106454],
            [101.36958242359003, 6.0516537881918],
            [101.36804703084584, 6.048488819403531],
            [101.36903834004744, 6.044679736380772],
            [101.36566564225564, 6.042529071559443],
            [101.36358186271286, 6.039335572678567],
            [101.35983384095903, 6.037812986280358],
            [101.35560135441904, 6.033739548441474],
            [101.3513020419557, 6.031300121203685],
            [101.34989638361128, 6.022785892255172],
            [101.34567254585136, 6.0216018979093064],
            [101.34110353030371, 6.018744313799118],
            [101.3356534291625, 6.019133181551126],
            [101.33342986799408, 6.014326030921666],
            [101.33000131061203, 6.0138322239779995],
            [101.32736892933269, 6.011333981078394],
            [101.32573858796553, 6.002142547340725],
            [101.32701806603097, 5.997804575720636],
            [101.32683138206266, 5.991567853773461],
            [101.3248911846805, 5.988721433847161],
            [101.32552903513692, 5.985970287199052],
            [101.32410756401293, 5.975666673578189],
            [101.32822068983302, 5.972639260593439],
            [101.32690490343862, 5.966505045171743],
            [101.32474382087071, 5.9626256774330955],
            [101.32606164602822, 5.9596140574428205],
            [101.3291936627574, 5.956369930328094],
            [101.33213813936368, 5.955625887025121],
            [101.3298527489053, 5.952363975816866],
            [101.32573872915907, 5.9496487076218045],
            [101.32315033641896, 5.94367968057287],
            [101.32240698109734, 5.939445161565004],
            [101.3195465110627, 5.938005825408538],
            [101.32070794141845, 5.9359067034316695],
            [101.32142238713351, 5.929734513237236],
            [101.31467229259226, 5.925060148407169],
            [101.31242739141106, 5.922107496064143],
            [101.30957920161893, 5.91639643055089],
            [101.30845359935421, 5.909047725672053],
            [101.30114144831924, 5.903163561349345],
            [101.29563545431284, 5.9027688102324305],
            [101.29134800660529, 5.901244719268448],
            [101.2894843613143, 5.89792535577061],
            [101.28603479037332, 5.894746382739413],
            [101.28431856195215, 5.89559069415526],
            [101.28280379066246, 5.900584372270998],
            [101.2798365090477, 5.901108955813697],
            [101.27813621571386, 5.902685383723508],
            [101.27920422989138, 5.906403538992151],
            [101.27028259816342, 5.912573299218423],
            [101.26558559469947, 5.9174664448206045],
            [101.26703803937409, 5.922201141569474],
            [101.2598854073857, 5.939158484676398],
            [101.26074027864098, 5.943866822296059],
            [101.25873823128438, 5.947865382581369],
            [101.25850139572287, 5.95439964702615],
            [101.25102012088195, 5.9777409391930405],
            [101.25221300232823, 5.983523042154729],
            [101.25177759735828, 5.990608993010653],
            [101.25305449526883, 5.995803729858267],
            [101.25215992973705, 5.998799207917159],
            [101.24867389758236, 5.997985852964803],
            [101.24621988963628, 5.995212022716714],
            [101.24402118393056, 5.996839116631975],
            [101.24021178164844, 5.996919683296767],
            [101.23807024134862, 5.998734099698993],
            [101.23591404030077, 6.004015831565425],
            [101.23445649736954, 6.005430840161182],
            [101.23162276777657, 6.006487618209064],
            [101.22626662780272, 6.006619621598304],
            [101.22329671567093, 6.00583338570226],
            [101.22342737817104, 6.002428279941228],
            [101.22170182917614, 5.998990030565494],
            [101.2137637410039, 5.995304585438305],
            [101.20893547159477, 5.995060224349913],
            [101.20105898338545, 5.99869712227445],
            [101.1878072922728, 5.9963297963830655],
            [101.17811198188252, 6.000193470052636],
            [101.17638586181812, 6.007714249413141],
            [101.17352839372046, 6.010313879182206],
            [101.17124716892175, 6.011290979095463],
            [101.16891718737833, 6.01050452376478],
            [101.16720778301283, 6.012085965395045],
            [101.16724007496953, 6.013542976826955],
            [101.16531558244822, 6.0137559884481675],
            [101.16430086569244, 6.012760519882136],
            [101.16152726567083, 6.014757204581372],
            [101.15768678102017, 6.0129095708201135],
            [101.15406257972433, 6.012524979344391],
            [101.14867422243748, 6.009281579781145],
            [101.14311558571575, 6.004333002665987],
            [101.1350420731332, 6.002675746388661],
            [101.13219143088986, 6.0003462882506255],
            [101.12981336529464, 6.000681276719604],
            [101.12762501977892, 5.998858568568153],
            [101.11948731089075, 6.001680758959878],
            [101.11363474964406, 5.997645974881891],
            [101.10985598816336, 5.998006903395947],
            [101.10615754963129, 5.999889674568863],
            [101.10615323108681, 5.995380799384407],
            [101.10748759207877, 5.989987602845645],
            [101.1130667045648, 5.988767720154215],
            [101.11406875526887, 5.986353195143863],
            [101.12261522311411, 5.9822218382672645],
            [101.12342459137187, 5.97741661758289],
            [101.11990596868554, 5.974794954423658],
            [101.1186442306468, 5.971012488635495],
            [101.11453935340847, 5.967073697293358],
            [101.11328854572986, 5.960377903817232],
            [101.11173591298206, 5.9578265631454315],
            [101.11061651963672, 5.957444939432435],
            [101.10862425600465, 5.958876422708784],
            [101.10558161659839, 5.95464302155824],
            [101.1020238985841, 5.953256455820849],
            [101.0997535897564, 5.951021943607884],
            [101.09541478986074, 5.950954810116457],
            [101.09525247841918, 5.949223046806196],
            [101.09817418059401, 5.9452528007761885],
            [101.09918070902256, 5.942067306760862],
            [101.09268038409249, 5.933410270867341],
            [101.09173720211027, 5.927061199314949],
            [101.08711489813408, 5.924937157124134],
            [101.08875747297907, 5.9204011134207235],
            [101.0856334035588, 5.910432692414872],
            [101.0831205331861, 5.9108625027024],
            [101.08002999858564, 5.915570086690195],
            [101.07498028820982, 5.918194367775925],
            [101.06986598942393, 5.917580623646927],
            [101.06293407624668, 5.920014637865279],
            [101.06112425538015, 5.919230306733311],
            [101.0597217761391, 5.916286561275854],
            [101.05599886435618, 5.916235948330382],
            [101.05565618398577, 5.9125282719622305],
            [101.05203652786355, 5.9106318059131695],
            [101.04950993833307, 5.91149547973265],
            [101.04533923162029, 5.916122199380027],
            [101.03697703756029, 5.917446910646447],
            [101.03166382402634, 5.914921958781406],
            [101.02801613693521, 5.915087292844362],
            [101.025270977074, 5.912203671562224],
            [101.02679824264482, 5.908700985761925],
            [101.02645745714597, 5.907009326819036],
            [101.02925941369102, 5.903800908185417],
            [101.02915039337603, 5.901288517151386],
            [101.02407012763433, 5.897280438441555],
            [101.02299294037198, 5.892310172376597],
            [101.01967124493206, 5.889582827185791],
            [101.01810900292821, 5.885595226038902],
            [101.0143802437533, 5.882163540814815],
            [101.01323765419443, 5.875123075869283],
            [101.00907562144283, 5.87373331124337],
            [101.00891166783924, 5.872858621628154],
            [101.00984627838312, 5.863767402943324],
            [101.0090224211479, 5.857132028620299],
            [101.00669551078926, 5.851310622587221],
            [101.00934004280879, 5.841464021047784],
            [101.01212930991977, 5.8378823010274346],
            [101.00854038363184, 5.836359857621403],
            [101.00733716717656, 5.832957395867197],
            [101.00431662681092, 5.830049045027465],
            [101.0010544628932, 5.82852875729634],
            [101.00178744543433, 5.824716495170151],
            [100.99987951212984, 5.822728025777792],
            [100.99919841057823, 5.819034352753249],
            [100.9920713598055, 5.811743500362297],
            [100.98476339241671, 5.809823990984455],
            [100.98389254830255, 5.808397421603786],
            [100.98462227709649, 5.802934157085701],
            [100.98825302455748, 5.797273226977893],
            [100.98882152019706, 5.785857679888068],
            [100.99068344508498, 5.782968471118124],
            [100.99490240582145, 5.784945752044848],
            [100.99630368986345, 5.784167426585498],
            [100.9980196475887, 5.779881763132892],
            [101.0028730764314, 5.7793193837825925],
            [101.00499853505443, 5.775196529995924],
            [101.00725353562223, 5.774064663053821],
            [101.0066450956947, 5.77158675022838],
            [101.00752772632359, 5.7700557066056035],
            [101.01171076993614, 5.769325000248614],
            [101.01879931893347, 5.766212979945124],
            [101.01999097100656, 5.759226325934264],
            [101.02461770324447, 5.752544500728163],
            [101.02683425959344, 5.750951084624887],
            [101.02852913990796, 5.7460601567509],
            [101.03486167742454, 5.7377963296369785],
            [101.03667106481782, 5.737457075683551],
            [101.0409416043716, 5.7407231138806765],
            [101.05063912709409, 5.740724974577972],
            [101.05364973174977, 5.744578513787417],
            [101.05481118458857, 5.7430287471789825],
            [101.05616916177746, 5.744632081005761],
            [101.06006232421697, 5.744339209586883],
            [101.06107488889506, 5.742440964678849],
            [101.05919550187099, 5.734190165144071],
            [101.06284524571157, 5.731562284072197],
            [101.06214507403598, 5.726895560781543],
            [101.06597599709465, 5.726797197432745],
            [101.06795452987774, 5.728757918243389],
            [101.07581226272578, 5.7254534070491445],
            [101.07904961974424, 5.7220022865762985],
            [101.08256867230642, 5.721427311321406],
            [101.08232298022142, 5.719314397341634],
            [101.08012073658278, 5.717231939802218],
            [101.08117273293533, 5.715241821053269],
            [101.07996540927627, 5.71383137831549],
            [101.08087597914317, 5.709995386677804],
            [101.08174461092511, 5.709898163669379],
            [101.08386636344198, 5.712415939843822],
            [101.08521270520225, 5.7124504711123905],
            [101.08582786216618, 5.711714363427177],
            [101.08527974516414, 5.708721657978174],
            [101.08844738403963, 5.704669027753482],
            [101.09514311366382, 5.70359993978542],
            [101.09655514730224, 5.700219857660329],
            [101.09476075160745, 5.697088756441019],
            [101.09662855986022, 5.694799230000513],
            [101.09685060067471, 5.69225351458806],
            [101.09986982892951, 5.68908117585562],
            [101.10280666129842, 5.68885746230211],
            [101.1046070590686, 5.684486038599857],
            [101.11054258007607, 5.681528489448283],
            [101.11468287801245, 5.675226863429032],
            [101.11830170855706, 5.6718036902881295],
            [101.11967584656315, 5.6636453473549295],
            [101.1231934368277, 5.661714779913211],
            [101.1228463632691, 5.657022395367278],
            [101.125688065352, 5.651343679367358],
            [101.12519124388086, 5.646413408851799],
            [101.12800841425695, 5.6422162845539106],
            [101.12919626039917, 5.638361312724442],
            [101.12781863662082, 5.631920006703012],
            [101.13099132788756, 5.620664482280063],
            [101.13296865288106, 5.618181339896978],
            [101.13294039618239, 5.614288447254069],
            [101.13408801744811, 5.61287114178981],
            [101.13908848994191, 5.614486903347938],
            [101.14130335466615, 5.613593974582329],
            [101.14367529407963, 5.614172334885382],
            [101.14446018458989, 5.615670141363978],
            [101.14450848537837, 5.623014619429171],
            [101.1484330197681, 5.624182763223985],
            [101.15156995758753, 5.622664876682734],
            [101.1566414441474, 5.626999580166512],
            [101.16348362207157, 5.630493119861626],
            [101.16815600659447, 5.635605465319998],
            [101.16654127296141, 5.6412220093882866],
            [101.17137846184659, 5.64753995990128],
            [101.1761893158843, 5.647831021884201],
            [101.18352975779214, 5.649951057595274],
            [101.18624684441642, 5.649585454405269],
            [101.18811211208435, 5.650673965930821],
            [101.19064808693975, 5.64939146344534],
            [101.19506805334805, 5.649380994437365],
            [101.19901099686007, 5.651347523969093],
            [101.20080826139218, 5.653988849006225],
            [101.20260859171321, 5.654453227434544],
            [101.20447871482088, 5.65986950507363],
            [101.20836172841109, 5.6594699695634745],
            [101.21374425359448, 5.6614817188063284],
            [101.2144615870327, 5.663981886255101],
            [101.21784868836636, 5.666409842640178],
            [101.21802727843624, 5.672282057670884],
            [101.22180042544932, 5.675593549402834],
            [101.22119823221271, 5.678265847091211],
            [101.21860132738942, 5.681088684994847],
            [101.2181778123562, 5.687674593008126],
            [101.22430895389516, 5.688402989906081],
            [101.23300445738988, 5.687833799090583],
            [101.23554997764938, 5.690057316192224],
            [101.24169461801227, 5.691145914052754],
            [101.24492276957022, 5.696019853733333],
            [101.2488371182385, 5.696642779041042],
            [101.2506012949139, 5.699112787725028],
            [101.24860184659798, 5.704640862785652],
            [101.2502484207281, 5.7055230140758795],
            [101.25171856136257, 5.70863992309404],
            [101.2555997754094, 5.709698516873118],
            [101.25659947528561, 5.711051137699883],
            [101.25918695431454, 5.711168772620795],
            [101.26083349606904, 5.717637820928758],
            [101.2575991355917, 5.719578513837405],
            [101.25883404595453, 5.7236363727204775],
            [101.25795193963035, 5.725459460385821],
            [101.25930447861884, 5.726812085709241],
            [101.25895161882221, 5.730458270033182],
            [101.25983370086465, 5.732693033156977],
            [101.25889278427462, 5.735457071586609],
            [101.2568933584418, 5.737162534223614],
            [101.25648168927859, 5.741338003745909],
            [101.25477629858739, 5.742278943718304],
            [101.25360014722906, 5.746689645310937],
            [101.25561098096205, 5.752251455740122],
            [101.25040523011734, 5.759053687577648],
            [101.25059996931321, 5.763242207162193],
            [101.25408111724983, 5.7684391914156095],
            [101.2544739474148, 5.772637081036521],
            [101.25681119098374, 5.774404083381796],
            [101.25904648380822, 5.778625145833871],
            [101.25871442443122, 5.7873484941377455],
            [101.26394750117629, 5.800636609591891],
            [101.26585266726681, 5.802653833008037],
            [101.26940948865706, 5.803379119151089],
            [101.27238324359189, 5.807258664955498],
            [101.27619521433775, 5.809846683577632],
            [101.27670940441556, 5.812021984427076],
            [101.2875990720396, 5.8143796318146315],
            [101.29076543028043, 5.816323246620584],
            [101.29234160458145, 5.815772793179917],
            [101.29544761021907, 5.812147839151521],
            [101.30130603504551, 5.81259460795485],
            [101.30433598321912, 5.8140081956217955],
            [101.307449275164, 5.8045766024283125],
            [101.3097311537698, 5.802659446576229],
            [101.31210003279034, 5.802162785184464],
            [101.3141693296509, 5.8027633398563125],
            [101.32078516979982, 5.812442591052786],
            [101.32336337322118, 5.813742100617503],
            [101.32655607080608, 5.813711442728959],
            [101.32931975220487, 5.811963413380852],
            [101.33217432358623, 5.811471432960332],
            [101.3372510936631, 5.806932059966641],
            [101.33918725668661, 5.8073912574006386],
            [101.34121307042693, 5.809616073123323],
            [101.34596542176683, 5.808905728316745],
            [101.34630058740225, 5.8124710635887595],
            [101.34826402776275, 5.816240064727253],
            [101.34742214631507, 5.822706434854126],
            [101.34859041061901, 5.825831312764933],
            [101.35398957236094, 5.828296186320017],
            [101.3586570259011, 5.833304551264064],
            [101.3618335968431, 5.831165115377814],
            [101.36738184009988, 5.831364676738474],
            [101.37002012542848, 5.832836509897049],
            [101.37241336888195, 5.83183780736897],
            [101.3743450281006, 5.832818282437813],
            [101.37470630285367, 5.834888337426889],
            [101.37364880714676, 5.837081319847073],
            [101.37699410799178, 5.844073942658383],
            [101.37932779923858, 5.8456667499206105],
            [101.37965513537625, 5.850640635756804],
            [101.38669756174312, 5.853962961621448],
            [101.38947360522275, 5.85834733735976],
            [101.38924960298687, 5.864835251645616],
            [101.39087545493834, 5.86947758262437],
            [101.39121512797584, 5.875841621593622],
            [101.39563223903667, 5.873312781060065],
            [101.39927418935241, 5.873158193895563],
            [101.40267943360902, 5.874375643920871],
            [101.4077013036723, 5.872135628756325],
            [101.41122456416235, 5.873644005866254],
            [101.41338233092989, 5.873114413099756],
            [101.41767985913827, 5.876517483694954],
            [101.42413414417547, 5.8741937479431385],
            [101.4276937291823, 5.875618800167558],
            [101.43183516835842, 5.8709866809905975],
            [101.43486851506998, 5.870877450234161],
            [101.43733250189348, 5.872613101313618],
            [101.4383041797941, 5.870794128046612],
            [101.4467713283342, 5.870751498383015],
            [101.45412777997313, 5.867376235724748],
            [101.45558811529935, 5.867990643553412],
            [101.45916482519658, 5.873460012669511],
            [101.46492310961389, 5.87663812594883],
            [101.4673903303995, 5.874800957598154],
            [101.47031413339062, 5.874682408966066],
            [101.47392120979606, 5.8702518890135025],
            [101.47899095886572, 5.872721130575769],
            [101.48511836911752, 5.8699604798922564],
            [101.48731895080897, 5.873659686445421],
            [101.48678773566553, 5.8830977691467865],
            [101.48794893939208, 5.883539976588679],
            [101.49410315303817, 5.881728064798381],
            [101.49884483572066, 5.8878820464193495],
            [101.50162401963286, 5.888853591220311],
            [101.49855200117395, 5.899722524075287],
            [101.49134193218447, 5.898195226128848],
            [101.48990096106058, 5.900930025800108],
            [101.49227804279752, 5.906832495823096],
            [101.48981965605236, 5.914424148955334],
            [101.4922748933717, 5.9227591583085655],
            [101.49068697032749, 5.926944678654024],
            [101.4912927869326, 5.931327645154738],
            [101.49007680370158, 5.936806195449606],
            [101.49319689092385, 5.941134327587179],
            [101.49524916901402, 5.942229391573221],
            [101.49708406028122, 5.948410976085711],
            [101.49539687276751, 5.95071650776066],
            [101.4918777266758, 5.949312034722652],
            [101.49114308758351, 5.95449101544807],
            [101.48710606329422, 5.9551707068627024],
            [101.48615805824784, 5.9561335786017935],
            [101.48474558124366, 5.961829954588779],
            [101.4856955261277, 5.968185618171788],
            [101.48329179208258, 5.972511008276456],
            [101.48409554677215, 5.978340866138126],
            [101.48297119906164, 5.978741363922836],
            [101.48032777860413, 5.976210786798447],
            [101.47884410497153, 5.976377342140665],
            [101.47663777031693, 5.9803267670666855],
            [101.47546731076784, 5.9885375054016095],
            [101.47261415761733, 5.98868651317207],
            [101.47817696809267, 5.997853122024026],
            [101.47788098501951, 6.00814430701422],
            [101.48217417040172, 6.012106650701412],
            [101.47779478410206, 6.020511035555899],
            [101.47730504029545, 6.026117993750461],
            [101.47948121528594, 6.029188944714065],
            [101.47846068171515, 6.034453739648427],
            [101.47411811006276, 6.039245889586198],
            [101.47453975180815, 6.040455357229007],
            [101.47804981474724, 6.04237973103983],
            [101.47803942487963, 6.044560774959848],
            [101.46898799130281, 6.046459876022482],
            [101.4652169127304, 6.0459663478687276],
            [101.46208702829381, 6.048130496225497],
            [101.45784576796785, 6.047363949186945],
            [101.45255016855549, 6.049171807732762],
            [101.44877650982812, 6.048743141382943],
            [101.44556314582258, 6.0503133351923],
            [101.44079164971492, 6.04884744295515],
            [101.43636389877497, 6.050171672184945],
            [101.43342997661222, 6.049638574760479],
            [101.42325871621682, 6.055400866556795],
            [101.41948703959525, 6.055313761820685],
            [101.41751008242443, 6.053878965441925],
            [101.4137453881392, 6.056382156411416],
            [101.41006240715444, 6.054415148440398]
          ]
        ]
      }
    },
    {
      "type": "Feature",
      "properties": {
        "district_code": "9503",
        "district_th": "บันนังสตา",
        "district_en": "Bannang Sata",
        "province_code": "95",
        "province_th": "ยะลา"
      },
      "geometry": {
        "type": "Polygon",
        "coordinates": [
          [
            [101.30261729964872, 6.389623965673536],
            [101.29980923041171, 6.39145338726405],
            [101.29498090614396, 6.392220681639174],
            [101.29156711922724, 6.389293654578523],
            [101.28927706668333, 6.389141708722946],
            [101.28666864424258, 6.390291679917141],
            [101.28533841383677, 6.3874225593037295],
            [101.27884357656984, 6.38576892639486],
            [101.27854608803159, 6.38145230827746],
            [101.27669379398344, 6.379272431677407],
            [101.27533650027931, 6.375238437204189],
            [101.26682494771325, 6.3641242232543505],
            [101.26752442241423, 6.36176245607254],
            [101.27704501071872, 6.360689549583071],
            [101.28202731510856, 6.3568518888036465],
            [101.28402955312146, 6.357202923875889],
            [101.28679096822867, 6.359524528234431],
            [101.29217432798293, 6.354530270955308],
            [101.28631957688702, 6.3495772709743505],
            [101.2851612267093, 6.344921538298422],
            [101.28550249244614, 6.3426607946599916],
            [101.28676370977746, 6.342217958591959],
            [101.28801208568927, 6.347568741304428],
            [101.29127354813579, 6.346907455414794],
            [101.29222792397957, 6.345136639044711],
            [101.2912862843346, 6.3389241079612475],
            [101.29195804282949, 6.336194132253468],
            [101.28952829319621, 6.332476757596339],
            [101.28497112171993, 6.329952297660441],
            [101.28450498241904, 6.325386149151484],
            [101.28177349495087, 6.318113647426912],
            [101.28299001507719, 6.314825935568535],
            [101.28854690981211, 6.313343397779647],
            [101.29077737687453, 6.309907169180576],
            [101.29829836038107, 6.30326077456516],
            [101.30022027544544, 6.299349665254908],
            [101.29951068966665, 6.2967387741751395],
            [101.29732433614925, 6.296702639415344],
            [101.29418101134468, 6.298737285397465],
            [101.28830265844101, 6.299878874010858],
            [101.28227781856651, 6.304849730930414],
            [101.27789495998445, 6.303901698005006],
            [101.26814950699423, 6.307568389569553],
            [101.26318058091914, 6.314702841762767],
            [101.26316161511653, 6.319824853134492],
            [101.26027845878389, 6.324629955108378],
            [101.2542298471298, 6.325424009710332],
            [101.25166472075034, 6.323239678768232],
            [101.24872937406144, 6.323187413768153],
            [101.24611928337828, 6.321699276800246],
            [101.22939454632132, 6.338187100054654],
            [101.2270987291231, 6.334284521713357],
            [101.22693327724903, 6.3321767500570445],
            [101.22766662491489, 6.329369077421006],
            [101.23179538544872, 6.324593158447556],
            [101.22909893556749, 6.318099630593508],
            [101.22573543784023, 6.315904416056014],
            [101.21812189970598, 6.314279277266905],
            [101.21627639643862, 6.312644746857643],
            [101.21489718355821, 6.307255635039553],
            [101.20688629706501, 6.297894540600623],
            [101.20795167443026, 6.2889062646124785],
            [101.20720199507605, 6.283052829224744],
            [101.19267963925398, 6.2703988581208705],
            [101.19113915185045, 6.270761242637263],
            [101.18171195274448, 6.282807766665144],
            [101.17837850856137, 6.283405294218994],
            [101.17463668673378, 6.285740728351982],
            [101.17218881486195, 6.2861232342998505],
            [101.16876753569329, 6.288701387359197],
            [101.1627868786116, 6.290798017314671],
            [101.15921313737647, 6.291072131573685],
            [101.15422343696213, 6.288933859410122],
            [101.1485617424305, 6.288290459237373],
            [101.14217020668974, 6.279708263125883],
            [101.13374932916827, 6.2766238106403875],
            [101.13015745310406, 6.272290679171533],
            [101.12241005088322, 6.276810012572071],
            [101.12001848556474, 6.279267340815181],
            [101.11284058262686, 6.281118540388377],
            [101.11049521458256, 6.280483884323871],
            [101.10579297616499, 6.268751559137172],
            [101.10498556573134, 6.2601676336294645],
            [101.10224396268876, 6.255307010210402],
            [101.10764686201315, 6.25159748933271],
            [101.11048092255658, 6.251633015251514],
            [101.11211212457494, 6.250638814729541],
            [101.11160815799013, 6.248167192661867],
            [101.10569243465818, 6.240523589292252],
            [101.10522343101661, 6.238027511960183],
            [101.10973769943536, 6.232684156748462],
            [101.1107047440288, 6.228196585603996],
            [101.11325918916032, 6.226466731554467],
            [101.1128430971313, 6.222516665411831],
            [101.11610295788523, 6.2207808794340735],
            [101.11542859135648, 6.217474277316114],
            [101.11848484469988, 6.211707353111933],
            [101.11541357177896, 6.206358762047273],
            [101.11503649773624, 6.203827861166928],
            [101.11914545879597, 6.203241904290508],
            [101.12061277735785, 6.201538727730167],
            [101.12301352565373, 6.200871437966555],
            [101.12327723026004, 6.198624448559485],
            [101.12649515742561, 6.193931549601359],
            [101.12566295897841, 6.192515004963582],
            [101.12352529295794, 6.192039346338788],
            [101.1220927853538, 6.189019986783023],
            [101.11768002701172, 6.185713158035867],
            [101.12354442603447, 6.181557122862955],
            [101.12668506096685, 6.181459681319268],
            [101.12933493585865, 6.182751164434762],
            [101.13537073756953, 6.188292669970792],
            [101.143506749437, 6.188571236773214],
            [101.14830396165854, 6.190581846575014],
            [101.15449202218912, 6.189728593200073],
            [101.16080644466177, 6.195951719196557],
            [101.16378334542509, 6.196940736925512],
            [101.1798168006049, 6.200177888898509],
            [101.18654215030006, 6.198433612421297],
            [101.191040864944, 6.194827152950779],
            [101.19205558889439, 6.192967538421215],
            [101.1908854234236, 6.185738241027025],
            [101.19468907184324, 6.183088000111184],
            [101.19913301507665, 6.177194897426602],
            [101.20094557797609, 6.177300398694513],
            [101.20373163990331, 6.180470861441165],
            [101.2062904773237, 6.179886223870199],
            [101.20832370057838, 6.181336005652213],
            [101.21445729366923, 6.182969839986185],
            [101.21636181314722, 6.18224607099944],
            [101.2160588810126, 6.178228627649105],
            [101.22016383918987, 6.174786040843173],
            [101.220755637163, 6.162624095125921],
            [101.22226011301387, 6.160471473379857],
            [101.2264260353333, 6.1576077460007355],
            [101.227592358001, 6.154916415060541],
            [101.22453037777478, 6.150733941618171],
            [101.22624397118238, 6.14967001216138],
            [101.2341640684171, 6.148407004279875],
            [101.23906583492038, 6.141069530134757],
            [101.24418306729478, 6.139657697944472],
            [101.2489076079998, 6.136009634936727],
            [101.25194984990571, 6.130039829074917],
            [101.251940104852, 6.122867037883566],
            [101.25634328541435, 6.120024273701347],
            [101.25812646836187, 6.123409394727844],
            [101.2636368303755, 6.12561156642073],
            [101.26202025133358, 6.131373958041763],
            [101.26611889806873, 6.131677820974687],
            [101.26958532320418, 6.134644448782353],
            [101.27759482743937, 6.135044749615531],
            [101.29450322224596, 6.130881911071413],
            [101.2979236821323, 6.133156619382532],
            [101.29631326794305, 6.12913975969218],
            [101.30104919856171, 6.123675602147387],
            [101.30469978236914, 6.121271334804305],
            [101.30907185897917, 6.1216739918612575],
            [101.31255371018563, 6.125196683080503],
            [101.3271633011455, 6.12541676966822],
            [101.33513130256762, 6.127817901075332],
            [101.33732327325055, 6.131912035012476],
            [101.33663274320662, 6.134277039753613],
            [101.3395989042661, 6.134601356867165],
            [101.34270366434271, 6.13934846965617],
            [101.3504467201401, 6.144802803906316],
            [101.35311067841513, 6.145793270443107],
            [101.35895213303456, 6.144545025832315],
            [101.36133686440485, 6.144933336904046],
            [101.36395686291894, 6.146705788241604],
            [101.37208853555751, 6.148733983386649],
            [101.37974876199581, 6.155291376595812],
            [101.3845465039181, 6.15568743802487],
            [101.38903602029615, 6.158600957268391],
            [101.39396441482592, 6.160063451866847],
            [101.38670766742496, 6.168183286729345],
            [101.3858597731101, 6.171568098389059],
            [101.38637273201601, 6.179104014238931],
            [101.38567579070525, 6.183297111372667],
            [101.37472088805862, 6.204302964010651],
            [101.37117969508694, 6.208180057363791],
            [101.371919212102, 6.209700896379331],
            [101.38006216044039, 6.215262652849219],
            [101.39529114507036, 6.223138204864313],
            [101.39756365723707, 6.230569433332732],
            [101.40156904157806, 6.235830832427041],
            [101.40338474131283, 6.239909933296815],
            [101.40149261988853, 6.241487593277839],
            [101.39702328159922, 6.24259201920637],
            [101.39511062415602, 6.2454343103452175],
            [101.39715622478002, 6.249973639272071],
            [101.39780690856202, 6.254759398627414],
            [101.40102717396496, 6.2586323811794955],
            [101.39986104105424, 6.265350504821981],
            [101.40261161393488, 6.271422515037102],
            [101.39947824012876, 6.2779333026797985],
            [101.39944586813237, 6.281590095406614],
            [101.39480053341794, 6.286869549290316],
            [101.39552633397318, 6.2928604667371815],
            [101.39391919601417, 6.300176628748488],
            [101.39899267097502, 6.308684543556865],
            [101.40018124556809, 6.314228142714683],
            [101.39955764397013, 6.318700557584691],
            [101.38995052020039, 6.326108388391447],
            [101.38885892939612, 6.327786672616924],
            [101.38831176477618, 6.33490084869527],
            [101.37616643493311, 6.343355770952144],
            [101.37526678733241, 6.34763009305442],
            [101.3731527860723, 6.350963187401248],
            [101.36774646123024, 6.354335089292988],
            [101.35835896809198, 6.355422511739562],
            [101.3558179417447, 6.3568961129652735],
            [101.355031620413, 6.361540540263775],
            [101.3564791341048, 6.36804354697216],
            [101.35654306331179, 6.374999711267719],
            [101.34932484106861, 6.377126826441952],
            [101.34365918862073, 6.3774627600983536],
            [101.3399308647177, 6.379148498804227],
            [101.33193784055896, 6.383808698412736],
            [101.32554393780254, 6.391730312803759],
            [101.31900833516659, 6.390054840758353],
            [101.31476412056776, 6.391345065722248],
            [101.31019413015503, 6.391272396004297],
            [101.30536457831272, 6.388348452718958],
            [101.30261729964872, 6.389623965673536]
          ]
        ]
      }
    },
    {
      "type": "Feature",
      "properties": {
        "district_code": "9504",
        "district_th": "ธารโต",
        "district_en": "Than To",
        "province_code": "95",
        "province_th": "ยะลา"
      },
      "geometry": {
        "type": "Polygon",
        "coordinates": [
          [
            [101.19171411361549, 6.1896993544417],
            [101.1921480562878, 6.192391430919827],
            [101.191040864944, 6.194827152950779],
            [101.18654215030006, 6.198433612421297],
            [101.1798168006049, 6.200177888898509],
            [101.16080644466177, 6.195951719196557],
            [101.15449202218912, 6.189728593200073],
            [101.14830396165854, 6.190581846575014],
            [101.143506749437, 6.188571236773214],
            [101.13537073756953, 6.188292669970792],
            [101.12933493585865, 6.182751164434762],
            [101.12668506096685, 6.181459681319268],
            [101.12354442603447, 6.181557122862955],
            [101.11768002701172, 6.185713158035867],
            [101.11180597916268, 6.182902573395097],
            [101.10807919759696, 6.179741956426199],
            [101.10312370559461, 6.178515139961803],
            [101.096332367245, 6.179825686006666],
            [101.09230436495454, 6.176349691185351],
            [101.08603146238215, 6.178939548921107],
            [101.08428685315579, 6.174874793137235],
            [101.07490163170502, 6.170846628069455],
            [101.07523402742851, 6.1609369336925965],
            [101.06725228886211, 6.156687789010277],
            [101.06356216006571, 6.1515105169968365],
            [101.06069829509033, 6.150800019305507],
            [101.06092865373444, 6.148606786873756],
            [101.05834999255819, 6.142484365161351],
            [101.06044559998452, 6.140438206957754],
            [101.06339584664107, 6.141385990770914],
            [101.06500602610726, 6.140172012128687],
            [101.07026132240219, 6.140184479430218],
            [101.07488971209062, 6.13560674135806],
            [101.07744696940216, 6.13588612384558],
            [101.08210960257617, 6.133906231287597],
            [101.08909329422022, 6.134196021629123],
            [101.09310004643004, 6.131102682043206],
            [101.09521285878645, 6.128165899137002],
            [101.09952205030243, 6.127154035030742],
            [101.1016645708633, 6.123960042422084],
            [101.10518425474964, 6.123887765707877],
            [101.10766939542634, 6.118104901919764],
            [101.10591028912859, 6.1134537611822],
            [101.10962825194235, 6.11390602933983],
            [101.11410680108804, 6.113045122734263],
            [101.11839151935317, 6.114905961241163],
            [101.12316271598661, 6.11062493918962],
            [101.12734366507812, 6.10414521323105],
            [101.12624270243884, 6.0955270055669075],
            [101.11493985299188, 6.092910663696216],
            [101.1161934944343, 6.086122694207006],
            [101.11549040895528, 6.081273629774216],
            [101.11217599082937, 6.077817938047474],
            [101.10986237155129, 6.073633385372489],
            [101.1105706704002, 6.066068943926666],
            [101.10399776568443, 6.0634547289526495],
            [101.10443650983711, 6.060149332825517],
            [101.1001850997626, 6.05092822325895],
            [101.1014637711362, 6.048651876383019],
            [101.10526569375685, 6.048539006969634],
            [101.10677850542373, 6.044740538644987],
            [101.11374559288487, 6.039185888617908],
            [101.11222642570903, 6.031812047687879],
            [101.10775295143765, 6.0284511094312165],
            [101.11003146567964, 6.023780292426579],
            [101.11012632976639, 6.019404956673441],
            [101.10829847659346, 6.015799830897549],
            [101.10967262898868, 6.014300038715874],
            [101.110110740918, 6.011409387433332],
            [101.112564946715, 6.009331359954331],
            [101.10884183078593, 6.006085553805292],
            [101.10870654936781, 6.003781911605984],
            [101.10615754963129, 5.999889674568863],
            [101.10985598816336, 5.998006903395947],
            [101.11363474964406, 5.997645974881891],
            [101.11948731089075, 6.001680758959878],
            [101.12762501977892, 5.998858568568153],
            [101.12981336529464, 6.000681276719604],
            [101.13219143088986, 6.0003462882506255],
            [101.1350420731332, 6.002675746388661],
            [101.14311558571575, 6.004333002665987],
            [101.14867422243748, 6.009281579781145],
            [101.15406257972433, 6.012524979344391],
            [101.15768678102017, 6.0129095708201135],
            [101.16152726567083, 6.014757204581372],
            [101.16430086569244, 6.012760519882136],
            [101.16531558244822, 6.0137559884481675],
            [101.16724007496953, 6.013542976826955],
            [101.16720778301283, 6.012085965395045],
            [101.16891718737833, 6.01050452376478],
            [101.17124716892175, 6.011290979095463],
            [101.17352839372046, 6.010313879182206],
            [101.17638586181812, 6.007714249413141],
            [101.17811198188252, 6.000193470052636],
            [101.1878072922728, 5.9963297963830655],
            [101.20105898338545, 5.99869712227445],
            [101.20893547159477, 5.995060224349913],
            [101.2137637410039, 5.995304585438305],
            [101.22170182917614, 5.998990030565494],
            [101.22342737817104, 6.002428279941228],
            [101.22329671567093, 6.00583338570226],
            [101.22626662780272, 6.006619621598304],
            [101.23162276777657, 6.006487618209064],
            [101.23445649736954, 6.005430840161182],
            [101.23591404030077, 6.004015831565425],
            [101.23807024134862, 5.998734099698993],
            [101.24021178164844, 5.996919683296767],
            [101.24402118393056, 5.996839116631975],
            [101.24621988963628, 5.995212022716714],
            [101.24867389758236, 5.997985852964803],
            [101.25215992973705, 5.998799207917159],
            [101.25305449526883, 5.995803729858267],
            [101.25177759735828, 5.990608993010653],
            [101.25221300232823, 5.983523042154729],
            [101.25102012088195, 5.9777409391930405],
            [101.25850139572287, 5.95439964702615],
            [101.25873823128438, 5.947865382581369],
            [101.26074027864098, 5.943866822296059],
            [101.2598854073857, 5.939158484676398],
            [101.26703803937409, 5.922201141569474],
            [101.26558559469947, 5.9174664448206045],
            [101.27028259816342, 5.912573299218423],
            [101.27920422989138, 5.906403538992151],
            [101.27813621571386, 5.902685383723508],
            [101.2798365090477, 5.901108955813697],
            [101.28309983938613, 5.90026960505827],
            [101.28504647411557, 5.894786031150488],
            [101.28795568110985, 5.896210212831079],
            [101.29134800660529, 5.901244719268448],
            [101.29563545431284, 5.9027688102324305],
            [101.30114144831924, 5.903163561349345],
            [101.30845359935421, 5.909047725672053],
            [101.30957920161893, 5.91639643055089],
            [101.31242739141106, 5.922107496064143],
            [101.31467229259226, 5.925060148407169],
            [101.32142238713351, 5.929734513237236],
            [101.32070794141845, 5.9359067034316695],
            [101.3195465110627, 5.938005825408538],
            [101.32240698109734, 5.939445161565004],
            [101.32315033641896, 5.94367968057287],
            [101.32573872915907, 5.9496487076218045],
            [101.3298527489053, 5.952363975816866],
            [101.33213813936368, 5.955625887025121],
            [101.3291936627574, 5.956369930328094],
            [101.32606164602822, 5.9596140574428205],
            [101.32474382087071, 5.9626256774330955],
            [101.32690490343862, 5.966505045171743],
            [101.32822068983302, 5.972639260593439],
            [101.32410756401293, 5.975666673578189],
            [101.32552903513692, 5.985970287199052],
            [101.3248911846805, 5.988721433847161],
            [101.32683138206266, 5.991567853773461],
            [101.32701806603097, 5.997804575720636],
            [101.32573858796553, 6.002142547340725],
            [101.32713834855599, 6.0070018676421455],
            [101.32689673759444, 6.0105676732595725],
            [101.33000131061203, 6.0138322239779995],
            [101.33342986799408, 6.014326030921666],
            [101.3356534291625, 6.019133181551126],
            [101.34110353030371, 6.018744313799118],
            [101.34567254585136, 6.0216018979093064],
            [101.34989638361128, 6.022785892255172],
            [101.3513020419557, 6.031300121203685],
            [101.35560135441904, 6.033739548441474],
            [101.35983384095903, 6.037812986280358],
            [101.36358186271286, 6.039335572678567],
            [101.36566564225564, 6.042529071559443],
            [101.36903834004744, 6.044679736380772],
            [101.36804703084584, 6.048488819403531],
            [101.36958242359003, 6.0516537881918],
            [101.37393942576392, 6.048554611106454],
            [101.37544854121728, 6.05110173665588],
            [101.3773048363492, 6.049927896555232],
            [101.37947168537005, 6.052086941259404],
            [101.38044065810993, 6.0495141949242],
            [101.38293495568371, 6.049385187176711],
            [101.3862603824108, 6.0471724934158715],
            [101.38815804096089, 6.047012754934713],
            [101.38901495007997, 6.04823315833363],
            [101.38760951117007, 6.051253731074894],
            [101.38807898695575, 6.052273032574419],
            [101.3898468445563, 6.052365240963127],
            [101.39190840185131, 6.054375444271386],
            [101.39371148499708, 6.052021124375415],
            [101.39693295099494, 6.053378514307042],
            [101.3999238524039, 6.051911213731557],
            [101.4022566056579, 6.056544452564481],
            [101.4051402593156, 6.058644148308872],
            [101.40953082778555, 6.0545434825957045],
            [101.41135001509116, 6.0546342592637075],
            [101.4137453881392, 6.056382156411416],
            [101.41751008242443, 6.053878965441925],
            [101.41948703959525, 6.055313761820685],
            [101.4235696541163, 6.055338187407472],
            [101.43342997661222, 6.049638574760479],
            [101.43636389877497, 6.050171672184945],
            [101.44079164971492, 6.04884744295515],
            [101.44556314582258, 6.0503133351923],
            [101.44877650982812, 6.048743141382943],
            [101.45255016855549, 6.049171807732762],
            [101.45784576796785, 6.047363949186945],
            [101.46208702829381, 6.048130496225497],
            [101.4652169127304, 6.0459663478687276],
            [101.46898799130281, 6.046459876022482],
            [101.47803942487963, 6.044560774959848],
            [101.47850217373639, 6.052499161706976],
            [101.47670129842624, 6.057771491161418],
            [101.47604315206985, 6.065280047835984],
            [101.4695331171597, 6.074389684636287],
            [101.4680056096712, 6.079485119242918],
            [101.46576706399884, 6.080250587994271],
            [101.46145467539304, 6.077550331282794],
            [101.45368778576278, 6.078011573775143],
            [101.44656718672633, 6.082386739556455],
            [101.44467463722481, 6.086678885322328],
            [101.44020531782121, 6.091226169652032],
            [101.4377500211466, 6.096386288896156],
            [101.43803360796471, 6.104816620091015],
            [101.44098228080765, 6.110529573281212],
            [101.43954211277833, 6.113910784954783],
            [101.43719853078761, 6.113836121439874],
            [101.43587854815655, 6.114849032357029],
            [101.43773936777768, 6.121597008994797],
            [101.43524183714112, 6.128656262576499],
            [101.43187530689994, 6.128035756445058],
            [101.43006625855105, 6.128989032417962],
            [101.42799686276504, 6.135147323590161],
            [101.42737428369628, 6.1407454621333954],
            [101.4254229617004, 6.143569767730639],
            [101.42337680529539, 6.144274436016474],
            [101.41710426784772, 6.143330066029762],
            [101.41514552284764, 6.143835747621722],
            [101.4142131228374, 6.147529059118824],
            [101.41135366543938, 6.151003139283489],
            [101.41220253102205, 6.155630390430247],
            [101.41147729524107, 6.157517058365613],
            [101.40584142744001, 6.1573690731243005],
            [101.40250405681684, 6.158641029260139],
            [101.39826488741465, 6.157941538371347],
            [101.39396441482592, 6.160063451866847],
            [101.38903602029615, 6.158600957268391],
            [101.3845465039181, 6.15568743802487],
            [101.37974876199581, 6.155291376595812],
            [101.37208853555751, 6.148733983386649],
            [101.36395686291894, 6.146705788241604],
            [101.36133686440485, 6.144933336904046],
            [101.35220559621138, 6.14559726769977],
            [101.34270366434271, 6.13934846965617],
            [101.3395989042661, 6.134601356867165],
            [101.33663274320662, 6.134277039753613],
            [101.33732327325055, 6.131912035012476],
            [101.33513130256762, 6.127817901075332],
            [101.3271633011455, 6.12541676966822],
            [101.31255371018563, 6.125196683080503],
            [101.30907185897917, 6.1216739918612575],
            [101.30469978236914, 6.121271334804305],
            [101.30104919856171, 6.123675602147387],
            [101.29631326794305, 6.12913975969218],
            [101.2979236821323, 6.133156619382532],
            [101.29450322224596, 6.130881911071413],
            [101.27759482743937, 6.135044749615531],
            [101.26958532320418, 6.134644448782353],
            [101.26611889806873, 6.131677820974687],
            [101.26202025133358, 6.131373958041763],
            [101.2636368303755, 6.12561156642073],
            [101.25812646836187, 6.123409394727844],
            [101.25634328541435, 6.120024273701347],
            [101.251940104852, 6.122867037883566],
            [101.25194984990571, 6.130039829074917],
            [101.2489076079998, 6.136009634936727],
            [101.24418306729478, 6.139657697944472],
            [101.23906583492038, 6.141069530134757],
            [101.2341640684171, 6.148407004279875],
            [101.22624397118238, 6.14967001216138],
            [101.22453037777478, 6.150733941618171],
            [101.227592358001, 6.154916415060541],
            [101.2264260353333, 6.1576077460007355],
            [101.22226011301387, 6.160471473379857],
            [101.220755637163, 6.162624095125921],
            [101.22016383918987, 6.174786040843173],
            [101.2160588810126, 6.178228627649105],
            [101.21636181314722, 6.18224607099944],
            [101.21445729366923, 6.182969839986185],
            [101.20832370057838, 6.181336005652213],
            [101.2062904773237, 6.179886223870199],
            [101.20373163990331, 6.180470861441165],
            [101.20094557797609, 6.177300398694513],
            [101.19963796192246, 6.176984330162782],
            [101.19468907184324, 6.183088000111184],
            [101.1908854234236, 6.185738241027025],
            [101.19062507598653, 6.187771582992184],
            [101.19171411361549, 6.1896993544417]
          ]
        ]
      }
    },
    {
      "type": "Feature",
      "properties": {
        "district_code": "9505",
        "district_th": "ยะหา",
        "district_en": "Yaha",
        "province_code": "95",
        "province_th": "ยะลา"
      },
      "geometry": {
        "type": "Polygon",
        "coordinates": [
          [
            [101.13336284192167, 6.551728920153607],
            [101.1295449266571, 6.552789480749993],
            [101.12538120677732, 6.55722281737917],
            [101.12698084169256, 6.561934401551412],
            [101.1261239649491, 6.56757171366371],
            [101.11613058595782, 6.5814720246143],
            [101.10716925185955, 6.597036427589103],
            [101.10400368772008, 6.600174882564829],
            [101.08906315883775, 6.608551824607048],
            [101.08393178192625, 6.605558977964506],
            [101.08228740573924, 6.599539749859616],
            [101.08150280660931, 6.585207015191656],
            [101.08504893775836, 6.574526335621954],
            [101.08178622255616, 6.564920425936975],
            [101.08083083767309, 6.556075013551094],
            [101.07363476842988, 6.551732643346838],
            [101.07231419944083, 6.5479851962598445],
            [101.06867646424746, 6.544043306753281],
            [101.06372613435366, 6.5429375543247374],
            [101.0432698025594, 6.54157659858123],
            [101.0439058408819, 6.525189390577964],
            [101.04161051381425, 6.523264007727846],
            [101.0384904319879, 6.522473712292026],
            [101.03637723202371, 6.518212818866573],
            [101.03651152418757, 6.5162109100055545],
            [101.04002605765652, 6.512144269242697],
            [101.04142028561773, 6.5020538534026855],
            [101.04403350594163, 6.495928468424154],
            [101.03966772458585, 6.485581436434188],
            [101.0385314122949, 6.484803907774165],
            [101.03255079838073, 6.484564633251296],
            [101.03118752418493, 6.4833000911263525],
            [101.03093751355544, 6.481526861875238],
            [101.03692723400468, 6.477562269882924],
            [101.04228457637214, 6.466106084228443],
            [101.05019978399292, 6.457383435597137],
            [101.06419390592407, 6.448810771400019],
            [101.06825487196483, 6.444380873778357],
            [101.06930419463293, 6.437082098360179],
            [101.07693576417421, 6.414202592775496],
            [101.07693802956646, 6.410436116933283],
            [101.07557352779611, 6.4064113009408175],
            [101.07802476403168, 6.39815086606967],
            [101.07365746821762, 6.389552958802028],
            [101.07370917114139, 6.381628793034395],
            [101.08513918112834, 6.347407145723253],
            [101.0849526212665, 6.341739565128876],
            [101.0826693424163, 6.33455483094076],
            [101.07512627785547, 6.326670122927851],
            [101.07269030671233, 6.3203599884227515],
            [101.07223371281566, 6.3164534926346505],
            [101.0738093511207, 6.306530946046394],
            [101.07392032566258, 6.298215526625313],
            [101.06970048988575, 6.280414573573751],
            [101.07188891634047, 6.272625437414035],
            [101.07165788860073, 6.269745257837428],
            [101.06775541098347, 6.26256553736971],
            [101.06763700894089, 6.255717806131884],
            [101.07197798429661, 6.2576986573672],
            [101.07583596705632, 6.255614283372552],
            [101.08017903693309, 6.25812278483869],
            [101.09379544720218, 6.260342334131451],
            [101.09831565564303, 6.258828108730256],
            [101.10224396268876, 6.255307010210402],
            [101.10575801591978, 6.262566433993754],
            [101.10579297616499, 6.268751559137172],
            [101.10850884780513, 6.27700911977513],
            [101.11101862181198, 6.28089423598027],
            [101.12001848556474, 6.279267340815181],
            [101.12241005088322, 6.276810012572071],
            [101.13015745310406, 6.272290679171533],
            [101.13374932916827, 6.2766238106403875],
            [101.14217020668974, 6.279708263125883],
            [101.1485617424305, 6.288290459237373],
            [101.15422343696213, 6.288933859410122],
            [101.15921313737647, 6.291072131573685],
            [101.16614477176387, 6.289808923143312],
            [101.17218881486195, 6.2861232342998505],
            [101.18171195274448, 6.282807766665144],
            [101.19113915185045, 6.270761242637263],
            [101.19267963925398, 6.2703988581208705],
            [101.20720199507605, 6.283052829224744],
            [101.20795167443026, 6.2889062646124785],
            [101.20688629706501, 6.297894540600623],
            [101.21489718355821, 6.307255635039553],
            [101.21665830703529, 6.313089454414865],
            [101.21865193943552, 6.314501880157707],
            [101.22202458057001, 6.31500670559501],
            [101.22044618044691, 6.32079710480258],
            [101.2143419007582, 6.325404542086005],
            [101.2074498779096, 6.328442386307131],
            [101.20313280923182, 6.334426930258701],
            [101.20248461207524, 6.363148302352329],
            [101.19939435896254, 6.371092701966688],
            [101.19491296795917, 6.368650144188848],
            [101.19331627382701, 6.368738289440557],
            [101.18889659340311, 6.373387681896077],
            [101.18524719760018, 6.374313916154335],
            [101.18376168305531, 6.378661581566803],
            [101.17862213490366, 6.3829964703109],
            [101.17698738056322, 6.390799129576237],
            [101.17830079094881, 6.39648189522336],
            [101.17757947621192, 6.405923119256613],
            [101.17967058163208, 6.409317177745606],
            [101.18259596743002, 6.419928796576755],
            [101.19094694604479, 6.425159920893691],
            [101.19315043884171, 6.429429674439973],
            [101.19703293262381, 6.4332560244459955],
            [101.19878126234545, 6.4396198080077625],
            [101.20605071626761, 6.447938282425866],
            [101.20799751557297, 6.453519753833632],
            [101.21255902268081, 6.453651380406939],
            [101.2139683898294, 6.454853743405579],
            [101.21600330740677, 6.472078897423216],
            [101.22079080425226, 6.481362536851634],
            [101.22075777844879, 6.483367206631328],
            [101.21980466885043, 6.484611494225135],
            [101.21213606882458, 6.487947289236047],
            [101.20165782844606, 6.4941749217352935],
            [101.1991174990734, 6.497793362873438],
            [101.19857056467987, 6.501273761674838],
            [101.1887469812882, 6.508905798863566],
            [101.18664358213567, 6.50948780142096],
            [101.1761464389071, 6.507851715184529],
            [101.1728371163399, 6.50925922073651],
            [101.17119019507152, 6.517350754833501],
            [101.17249822121602, 6.531703783602779],
            [101.1715563027812, 6.534803429234898],
            [101.16909077541902, 6.539085959449494],
            [101.15966717809783, 6.543576405726583],
            [101.15464505982169, 6.547712260112746],
            [101.14902656422464, 6.554821970157832],
            [101.14285881488246, 6.5565201815611545],
            [101.13590007133126, 6.551984633384166],
            [101.13336284192167, 6.551728920153607]
          ]
        ]
      }
    },
    {
      "type": "Feature",
      "properties": {
        "district_code": "9506",
        "district_th": "รามัน",
        "district_en": "Raman",
        "province_code": "95",
        "province_th": "ยะลา"
      },
      "geometry": {
        "type": "Polygon",
        "coordinates": [
          [
            [101.49397656896355, 6.604508361171952],
            [101.4939687799353, 6.60594173842054],
            [101.49190377463952, 6.604175865623745],
            [101.49081189155561, 6.605706175399746],
            [101.49066902975198, 6.603316811621596],
            [101.48906864570148, 6.6043462277962135],
            [101.48810418396096, 6.602155701424522],
            [101.48668421830212, 6.60354134355822],
            [101.48414825243998, 6.600383120584581],
            [101.48193312601302, 6.601413179774454],
            [101.47828889681517, 6.597969240388181],
            [101.47614165841088, 6.597771190787853],
            [101.4753388606, 6.595304154363305],
            [101.47155393156874, 6.59593694163658],
            [101.46883678019333, 6.586500644988803],
            [101.46121321461823, 6.586314022174406],
            [101.45704273633328, 6.585046638191841],
            [101.45746714079598, 6.581179657715097],
            [101.45271911519507, 6.575820808983224],
            [101.4468854190269, 6.576906277202966],
            [101.44199051794811, 6.5803683721027255],
            [101.43699621030692, 6.582227778888921],
            [101.42991637663954, 6.58218486863683],
            [101.42260410059885, 6.584189586979903],
            [101.41470016777856, 6.584299597448535],
            [101.41207224084133, 6.582765606747387],
            [101.40818437990526, 6.582118345785091],
            [101.39939674896084, 6.573602359561278],
            [101.3937170257202, 6.571751824587068],
            [101.38978122102657, 6.568857415937032],
            [101.38707383089263, 6.568520654004999],
            [101.38208947155192, 6.569625060148439],
            [101.37773773310994, 6.567038120712766],
            [101.3695107413277, 6.566083993081861],
            [101.36267722297549, 6.563553245086268],
            [101.35406463697348, 6.557954182039907],
            [101.35377399857123, 6.555003272583008],
            [101.34937350878045, 6.550402269948847],
            [101.33849791194916, 6.545430280782853],
            [101.33110753968128, 6.537490641280101],
            [101.32639087613808, 6.528688810040592],
            [101.32641831805097, 6.524599143036085],
            [101.32913170486432, 6.519544605998817],
            [101.32942309240184, 6.516713524009958],
            [101.32692442502224, 6.511366674032843],
            [101.32425481270951, 6.501131649905744],
            [101.32063338222486, 6.498111189579788],
            [101.31944243881753, 6.494966572449414],
            [101.31646451642433, 6.492956039089961],
            [101.31609195697831, 6.490781043110701],
            [101.31757198475935, 6.487734355855878],
            [101.32647987934303, 6.480379368313265],
            [101.3294743096917, 6.4762783527638135],
            [101.33217463744961, 6.4610088797560365],
            [101.33152647716526, 6.4595746652386765],
            [101.32622777239385, 6.457986589309712],
            [101.32608400677157, 6.450492842670599],
            [101.32091935044775, 6.449918683100805],
            [101.31730512173402, 6.448377821579243],
            [101.31614369857289, 6.446943030596458],
            [101.3128985264459, 6.446054809781685],
            [101.303508613232, 6.4471006277917695],
            [101.30292724289802, 6.4454265047294825],
            [101.3046901713144, 6.437222934890599],
            [101.30234148567109, 6.432811718885773],
            [101.30886349055771, 6.428272381864986],
            [101.30676522293675, 6.422838076416156],
            [101.3080876993879, 6.419039101773194],
            [101.31530290170758, 6.411663472990938],
            [101.31861756894568, 6.401584709666679],
            [101.32443814310585, 6.399333685001636],
            [101.32511738306084, 6.39268641534585],
            [101.32858074240738, 6.387065477190049],
            [101.33369507716611, 6.382538681215237],
            [101.3416975873738, 6.378236023273928],
            [101.35654306331179, 6.374999711267719],
            [101.3564791341048, 6.36804354697216],
            [101.355031620413, 6.361540540263775],
            [101.3558179417447, 6.3568961129652735],
            [101.35835896809198, 6.355422511739562],
            [101.36891156891386, 6.353891943858173],
            [101.37377834639364, 6.3503321322221495],
            [101.37616643493311, 6.343355770952144],
            [101.3871884656752, 6.335857880237029],
            [101.38869736619057, 6.3400476669663135],
            [101.39662904309591, 6.347949135644171],
            [101.39851583064114, 6.358387772577714],
            [101.39981770542283, 6.36017191600115],
            [101.40368362290093, 6.3625587472884035],
            [101.40884643741322, 6.367583228083561],
            [101.41464523538934, 6.370211163114732],
            [101.41677237304663, 6.372646085648398],
            [101.41998041306567, 6.3814886291969515],
            [101.41996638813833, 6.388121147273182],
            [101.41871894482352, 6.390986521310936],
            [101.41256169056965, 6.394827379180242],
            [101.41184003768763, 6.396248806237452],
            [101.4126844965923, 6.39825574320804],
            [101.41841899663945, 6.401412544353491],
            [101.42039591424009, 6.404042426416879],
            [101.42167676287238, 6.40982035202768],
            [101.42487745003433, 6.413768527795355],
            [101.42193258222295, 6.417477995613069],
            [101.42447445663095, 6.422048959991571],
            [101.43566949355233, 6.429494163025254],
            [101.44399816358447, 6.428513889404542],
            [101.44735019495562, 6.430159185597972],
            [101.4558738434032, 6.431463862667158],
            [101.45842701239678, 6.430557384715598],
            [101.46139832657155, 6.425012360132371],
            [101.46364260272401, 6.4234097331727185],
            [101.46646272737303, 6.423424959594286],
            [101.46866054095125, 6.425310086990976],
            [101.4695758277623, 6.42880620324371],
            [101.46387519618344, 6.44402382673826],
            [101.46630623634377, 6.4500912818871825],
            [101.46230384224856, 6.455653777599821],
            [101.46228129534558, 6.45764903687359],
            [101.46463301170417, 6.461307099443161],
            [101.4633037111974, 6.464356531428848],
            [101.46362569187227, 6.465887655990571],
            [101.47071199975903, 6.4633360221397425],
            [101.47918211516253, 6.463982260572891],
            [101.48338456434624, 6.461733352911949],
            [101.48501143702828, 6.4632183584405425],
            [101.48665781960273, 6.463146482823959],
            [101.49687281942516, 6.4543718371905925],
            [101.50105661666959, 6.452937759370172],
            [101.50365631029052, 6.4541904115582724],
            [101.50756242926275, 6.452908606946721],
            [101.50927661442427, 6.453431133739855],
            [101.51262404936045, 6.456499884062453],
            [101.51553046126185, 6.457505098581464],
            [101.52096971927716, 6.4644693846544214],
            [101.52446661164487, 6.466105925048453],
            [101.53160508110966, 6.467124443238504],
            [101.53530710793672, 6.471955205568349],
            [101.54067934757387, 6.475598161326161],
            [101.54186695539573, 6.47988842031441],
            [101.54494772965404, 6.480950133841645],
            [101.54677809733141, 6.483111634594309],
            [101.55110750290902, 6.481705453743757],
            [101.55443690284085, 6.483019458581225],
            [101.55903830207603, 6.487180570427029],
            [101.56454850940622, 6.495711647274732],
            [101.56713161503205, 6.4975037586915505],
            [101.57387722285563, 6.499273560626364],
            [101.57950214860534, 6.506634548445675],
            [101.58119177058381, 6.510604557054705],
            [101.58769903917937, 6.513549007580707],
            [101.5912306067072, 6.517894141401541],
            [101.59256297030487, 6.521438891191906],
            [101.59351493416693, 6.529304207123516],
            [101.60209755295978, 6.533809536281126],
            [101.60546199137787, 6.540067226821122],
            [101.60872649802951, 6.5428831237571785],
            [101.6071334713327, 6.545799335570905],
            [101.598370321733, 6.551428528603765],
            [101.59710425255929, 6.560513409766088],
            [101.59215897955335, 6.56542527026005],
            [101.58688480109276, 6.562565945062374],
            [101.58139109182548, 6.555962744884823],
            [101.57453035369292, 6.555188890854652],
            [101.57231344840699, 6.5532623092082645],
            [101.56409002423527, 6.549815985719192],
            [101.55052648690793, 6.555241437342488],
            [101.5352487032651, 6.556270642176457],
            [101.53024497792347, 6.561513402821333],
            [101.52632187435506, 6.57116556104188],
            [101.51782167213253, 6.57709641816524],
            [101.51803580880556, 6.580137069170462],
            [101.52156028068248, 6.583724066412572],
            [101.52078171600346, 6.587791645168352],
            [101.51857010592573, 6.59155285817792],
            [101.51347079973766, 6.595516733410591],
            [101.51075506479447, 6.600362182568745],
            [101.50730923593255, 6.6029168678192605],
            [101.5023919309429, 6.604248111761024],
            [101.4983406550972, 6.601210299016145],
            [101.49488866857723, 6.599961174868383],
            [101.49326940685768, 6.60271620478909],
            [101.49397656896355, 6.604508361171952]
          ]
        ]
      }
    },
    {
      "type": "Feature",
      "properties": {
        "district_code": "9507",
        "district_th": "กาบัง",
        "district_en": "Kabang",
        "province_code": "95",
        "province_th": "ยะลา"
      },
      "geometry": {
        "type": "Polygon",
        "coordinates": [
          [
            [101.01993170028777, 6.484504742899617],
            [101.01867574938638, 6.487674623784926],
            [101.01724039992456, 6.488033471267727],
            [101.01425010825596, 6.485521464244243],
            [101.00506635922517, 6.483242406811655],
            [100.99974874890569, 6.483975927147355],
            [100.9970469750379, 6.4856286148687445],
            [100.98835502656328, 6.4856641839549525],
            [100.98355803197768, 6.484695532273065],
            [100.97972590742472, 6.486176266921234],
            [100.97634411029253, 6.486160076426415],
            [100.97439863029263, 6.483665002737723],
            [100.97563130404149, 6.482135671424146],
            [100.97543397210018, 6.480494941088693],
            [100.97173440671753, 6.475597814187836],
            [100.97286181931759, 6.472347726366536],
            [100.97255470983202, 6.4682508126249445],
            [100.96884400634588, 6.466643182736732],
            [100.96487642230909, 6.468802379426336],
            [100.96384713473753, 6.468438216950176],
            [100.96104246313922, 6.4621087290346395],
            [100.96083266389638, 6.454713961779987],
            [100.95945173061295, 6.45155151559004],
            [100.95239284215597, 6.451718313749211],
            [100.95194114506785, 6.446056785592248],
            [100.94850736442339, 6.443020797571819],
            [100.94051363969277, 6.444343289311405],
            [100.93774578184241, 6.4435731575752015],
            [100.93520116720015, 6.4455876956157],
            [100.933115001756, 6.445301198591494],
            [100.931926237406, 6.444055756268199],
            [100.9288933070805, 6.436142600001062],
            [100.9215983645729, 6.425215471117156],
            [100.9191460077821, 6.4188375762931855],
            [100.91873089961138, 6.409041773858803],
            [100.91754859599098, 6.404799614210901],
            [100.91801311291488, 6.400159133137549],
            [100.91688203557754, 6.396766652958718],
            [100.91786152768742, 6.39161878787678],
            [100.92182008522883, 6.389514634193063],
            [100.92017227183294, 6.386749631690179],
            [100.91967521204145, 6.382050016595031],
            [100.92245996005914, 6.380780354629735],
            [100.92153445155378, 6.3769850573145845],
            [100.92237127521423, 6.373425328416204],
            [100.92655445012781, 6.370048823794207],
            [100.92546884790909, 6.369037993908364],
            [100.927560980355, 6.3660119164168805],
            [100.9275740169274, 6.364054437662219],
            [100.92538702219338, 6.35995672981926],
            [100.92544274059009, 6.355196296272084],
            [100.91999674755192, 6.355180936750855],
            [100.91935297326114, 6.354297279096215],
            [100.91995856593513, 6.351203193072934],
            [100.92149188933928, 6.3497195356281395],
            [100.91979892727875, 6.347979714392352],
            [100.91987517000314, 6.344316577847849],
            [100.92209131356333, 6.340847527591393],
            [100.9248973854061, 6.341041394444858],
            [100.92580549023126, 6.3401802324318055],
            [100.92462068559621, 6.336484913647894],
            [100.92647494286439, 6.332459896207297],
            [100.92558550706553, 6.329032034001216],
            [100.92866531635133, 6.3277746100102945],
            [100.92799527466224, 6.32642260342044],
            [100.9247875610971, 6.327023024992684],
            [100.92404191340364, 6.326070518839401],
            [100.92544788471218, 6.32307999604501],
            [100.92872718161419, 6.321990520446207],
            [100.92655295635393, 6.319515902736782],
            [100.92469834115559, 6.319161681366552],
            [100.9236005828007, 6.320658119076995],
            [100.9221592807263, 6.320813192774665],
            [100.91779541312786, 6.318711373730935],
            [100.91610172171715, 6.316734739416745],
            [100.91312050420794, 6.30802363628186],
            [100.9112187447493, 6.306069393287942],
            [100.91165937478036, 6.304378271240296],
            [100.90838499357267, 6.303559871091238],
            [100.904101033436, 6.30411518716619],
            [100.89648418489725, 6.303377812336237],
            [100.89230770273838, 6.301030902853938],
            [100.88991059040148, 6.296746026308142],
            [100.8882241906939, 6.296114704929721],
            [100.88376314775115, 6.297135271775403],
            [100.88095786821111, 6.295617087558583],
            [100.87079983684305, 6.294303562059781],
            [100.86475226930185, 6.297274585753598],
            [100.86210357072326, 6.293826613807255],
            [100.85835900056748, 6.293780614383877],
            [100.84834157640267, 6.289273280637417],
            [100.84658123263785, 6.291203121426975],
            [100.84352965307107, 6.301414629181863],
            [100.84283516690948, 6.308189316583764],
            [100.8412654713245, 6.306706939773505],
            [100.8409016433962, 6.301230642280359],
            [100.83716711327173, 6.300051994404043],
            [100.83460732436856, 6.2956514533519226],
            [100.83487561192004, 6.2937251837702775],
            [100.83631038941303, 6.292187567901976],
            [100.83478558258861, 6.28882883028632],
            [100.8349757694163, 6.285243675755055],
            [100.8383130851808, 6.282702533395252],
            [100.83895259668503, 6.276803948443501],
            [100.8423095797234, 6.2702329520890885],
            [100.84264583533707, 6.266114400659092],
            [100.84484185656646, 6.262983903784175],
            [100.84400569210908, 6.260790837727029],
            [100.84599503744107, 6.257832296623235],
            [100.84447925261549, 6.25492110572452],
            [100.8441405760268, 6.25042414385922],
            [100.84568661764337, 6.2485969319029095],
            [100.84751378913012, 6.241616014667386],
            [100.85098069360419, 6.233698071308993],
            [100.85397907287597, 6.231261794396346],
            [100.85908564558616, 6.233370159605215],
            [100.86128754838171, 6.23669665472687],
            [100.86648783134842, 6.23744631699401],
            [100.87028261964724, 6.239788932213514],
            [100.87004836334137, 6.241288191097169],
            [100.86723738659617, 6.242881136855033],
            [100.8658318901297, 6.2452705725789315],
            [100.869219177623, 6.252806399395865],
            [100.86900762380287, 6.259543979870841],
            [100.87040310272107, 6.26114219565585],
            [100.87130611918212, 6.264556409750583],
            [100.87451143425534, 6.263261350930634],
            [100.87591548281335, 6.258471094965103],
            [100.8803311315765, 6.254700809594738],
            [100.88412365628176, 6.255297529557367],
            [100.88621135956663, 6.250096440798131],
            [100.88995931477064, 6.250190167242465],
            [100.89211439256525, 6.24920629183697],
            [100.89277034817309, 6.2390862936975395],
            [100.89534706861241, 6.238664642059632],
            [100.8970805172521, 6.235572429324179],
            [100.89914189828005, 6.234354294015532],
            [100.9040610936446, 6.233651547580905],
            [100.90748108138683, 6.236884346835211],
            [100.90741078857707, 6.2400702743237275],
            [100.9091676312812, 6.241616395979918],
            [100.91132270727718, 6.241288445605335],
            [100.91310295843482, 6.245551977641696],
            [100.9153048801162, 6.245879952298026],
            [100.91713199404637, 6.248035149702446],
            [100.92228545291141, 6.244568145403662],
            [100.928047932666, 6.2445213275972264],
            [100.93067150778393, 6.243256343005896],
            [100.93357616780594, 6.244005991783126],
            [100.93629344238849, 6.242787859172438],
            [100.93854220885589, 6.243865466418185],
            [100.94111893379181, 6.24264733380744],
            [100.94383619938117, 6.242928461879046],
            [100.94561645863274, 6.246020696198229],
            [100.94524164188834, 6.249347176031392],
            [100.94697506085043, 6.25108070561015],
            [100.94547993075429, 6.256716629169148],
            [100.94657636440775, 6.263217699637153],
            [100.94796293644043, 6.264343266828348],
            [100.95462196203397, 6.265409091156698],
            [100.95569588835463, 6.269085394675244],
            [100.95849408483423, 6.2688248116157865],
            [100.95989524297113, 6.271175163702878],
            [100.96501188359161, 6.272405089123595],
            [100.96758310197862, 6.275517152594546],
            [100.9679302555769, 6.279340219175822],
            [100.96631173040208, 6.281635386164169],
            [100.9672039963674, 6.283141891784908],
            [100.97178482181215, 6.282942554355429],
            [100.97614551120643, 6.279181566176362],
            [100.97998540770044, 6.28033673635133],
            [100.98227235758327, 6.27835884028832],
            [100.98443083571453, 6.278921659407104],
            [100.98426665458248, 6.275454782812005],
            [100.98812952515755, 6.2706105693223435],
            [100.98933544407555, 6.266437832839756],
            [100.9916881811647, 6.265973750288367],
            [100.99355053772717, 6.263293949556157],
            [100.99487004911356, 6.263397992123714],
            [101.00092652803687, 6.259886280727301],
            [101.00352724058973, 6.260420512196902],
            [101.00470116612598, 6.258185195990052],
            [101.00703664792303, 6.25743492668056],
            [101.00801957993974, 6.256057525034805],
            [101.0100491375577, 6.256159102560559],
            [101.01010714203102, 6.2535311018788775],
            [101.01182792012247, 6.249597405196141],
            [101.01508230310588, 6.247291667576462],
            [101.0188438938307, 6.247068219322898],
            [101.02046439841331, 6.249712341251609],
            [101.0217128138953, 6.250136980437333],
            [101.02617470220082, 6.24717421611723],
            [101.02769580831495, 6.24480193855868],
            [101.03032679474586, 6.243984911674374],
            [101.03806150843195, 6.249265816164552],
            [101.04306646134819, 6.249350413590776],
            [101.05003654624966, 6.254557814691452],
            [101.05343533697129, 6.25487113669368],
            [101.05934907909676, 6.253730917747703],
            [101.06123950439968, 6.257033483708369],
            [101.06368751836436, 6.259102067406559],
            [101.0673273921455, 6.255814515627435],
            [101.06775541098347, 6.26256553736971],
            [101.07165788860073, 6.269745257837428],
            [101.07188891634047, 6.272625437414035],
            [101.06970048988575, 6.280414573573751],
            [101.07392032566258, 6.298215526625313],
            [101.0738093511207, 6.306530946046394],
            [101.07223371281566, 6.3164534926346505],
            [101.07269030671233, 6.3203599884227515],
            [101.07512627785547, 6.326670122927851],
            [101.0826693424163, 6.33455483094076],
            [101.08520589913297, 6.344758038852433],
            [101.08391402571175, 6.352550981842398],
            [101.07777802963244, 6.368606043234365],
            [101.07344985522667, 6.383435667721926],
            [101.07400927041158, 6.390797991933823],
            [101.07802476403168, 6.39815086606967],
            [101.07557352779611, 6.4064113009408175],
            [101.07693802956646, 6.410436116933283],
            [101.07679470910858, 6.4150772608069815],
            [101.06988551460489, 6.4351496063692935],
            [101.06825487196483, 6.444380873778357],
            [101.0670879638385, 6.446219123114076],
            [101.05184769721353, 6.456157454602874],
            [101.04782344599528, 6.459804569725179],
            [101.04228457637214, 6.466106084228443],
            [101.03692723400468, 6.477562269882924],
            [101.03119635822543, 6.480990168061851],
            [101.03139926506407, 6.483697596866648],
            [101.02417795544835, 6.481574115852823],
            [101.0205297728308, 6.482590849787925],
            [101.01993170028777, 6.484504742899617]
          ]
        ]
      }
    },
    {
      "type": "Feature",
      "properties": {
        "district_code": "9508",
        "district_th": "กรงปินัง",
        "district_en": "Krong Pinang",
        "province_code": "95",
        "province_th": "ยะลา"
      },
      "geometry": {
        "type": "Polygon",
        "coordinates": [
          [
            [101.24321413142707, 6.465265789184855],
            [101.24202938704661, 6.46634896683139],
            [101.23979554123133, 6.474179070707578],
            [101.2355611697123, 6.479484692164874],
            [101.23233963176864, 6.4876462852479335],
            [101.2306871481934, 6.487836609671831],
            [101.22075777844879, 6.483367206631328],
            [101.22079080425226, 6.481362536851634],
            [101.21600330740677, 6.472078897423216],
            [101.2139683898294, 6.454853743405579],
            [101.21255902268081, 6.453651380406939],
            [101.20799751557297, 6.453519753833632],
            [101.20605071626761, 6.447938282425866],
            [101.19878126234545, 6.4396198080077625],
            [101.19703293262381, 6.4332560244459955],
            [101.19315043884171, 6.429429674439973],
            [101.19094694604479, 6.425159920893691],
            [101.18259596743002, 6.419928796576755],
            [101.17967058163208, 6.409317177745606],
            [101.17757947621192, 6.405923119256613],
            [101.17830079094881, 6.39648189522336],
            [101.17698738056322, 6.390799129576237],
            [101.17804361901784, 6.384284270702551],
            [101.17968366676786, 6.3817450456973575],
            [101.18376168305531, 6.378661581566803],
            [101.18524719760018, 6.374313916154335],
            [101.18889659340311, 6.373387681896077],
            [101.19331627382701, 6.368738289440557],
            [101.19491296795917, 6.368650144188848],
            [101.19939435896254, 6.371092701966688],
            [101.20248461207524, 6.363148302352329],
            [101.20313280923182, 6.334426930258701],
            [101.2074498779096, 6.328442386307131],
            [101.2143419007582, 6.325404542086005],
            [101.22044618044691, 6.32079710480258],
            [101.22202458057001, 6.31500670559501],
            [101.22871516787075, 6.317619353050759],
            [101.23173845386663, 6.3240900129437705],
            [101.2314039033675, 6.325608398608779],
            [101.22766662491489, 6.329369077421006],
            [101.22693327724903, 6.3321767500570445],
            [101.22856945431693, 6.337641491261877],
            [101.22978540966898, 6.338210278281792],
            [101.24611928337828, 6.321699276800246],
            [101.24872937406144, 6.323187413768153],
            [101.25166472075034, 6.323239678768232],
            [101.2542298471298, 6.325424009710332],
            [101.26027845878389, 6.324629955108378],
            [101.26316161511653, 6.319824853134492],
            [101.26318058091914, 6.314702841762767],
            [101.26814950699423, 6.307568389569553],
            [101.27789495998445, 6.303901698005006],
            [101.28227781856651, 6.304849730930414],
            [101.28830265844101, 6.299878874010858],
            [101.29418101134468, 6.298737285397465],
            [101.29732433614925, 6.296702639415344],
            [101.29951068966665, 6.2967387741751395],
            [101.30022027544544, 6.299349665254908],
            [101.29829836038107, 6.30326077456516],
            [101.29077737687453, 6.309907169180576],
            [101.28854690981211, 6.313343397779647],
            [101.28299001507719, 6.314825935568535],
            [101.28177349495087, 6.318113647426912],
            [101.28450498241904, 6.325386149151484],
            [101.28497112171993, 6.329952297660441],
            [101.28952829319621, 6.332476757596339],
            [101.29195804282949, 6.336194132253468],
            [101.2912862843346, 6.3389241079612475],
            [101.29222792397957, 6.345136639044711],
            [101.29127354813579, 6.346907455414794],
            [101.28801208568927, 6.347568741304428],
            [101.28676370977746, 6.342217958591959],
            [101.28550249244614, 6.3426607946599916],
            [101.2851612267093, 6.344921538298422],
            [101.28631957688702, 6.3495772709743505],
            [101.29217432798293, 6.354530270955308],
            [101.28679096822867, 6.359524528234431],
            [101.28402955312146, 6.357202923875889],
            [101.28202731510856, 6.3568518888036465],
            [101.27704501071872, 6.360689549583071],
            [101.26752442241423, 6.36176245607254],
            [101.26696109607781, 6.36478067169071],
            [101.27533650027931, 6.375238437204189],
            [101.27669379398344, 6.379272431677407],
            [101.27854608803159, 6.38145230827746],
            [101.27884357656984, 6.38576892639486],
            [101.28533841383677, 6.3874225593037295],
            [101.28666864424258, 6.390291679917141],
            [101.28927706668333, 6.389141708722946],
            [101.29156711922724, 6.389293654578523],
            [101.29498090614396, 6.392220681639174],
            [101.29980923041171, 6.39145338726405],
            [101.30536457831272, 6.388348452718958],
            [101.31129833574965, 6.391440306624872],
            [101.31900833516659, 6.390054840758353],
            [101.32227564500505, 6.390408440697001],
            [101.32554393780254, 6.391730312803759],
            [101.32443814310585, 6.399333685001636],
            [101.31861756894568, 6.401584709666679],
            [101.31530290170758, 6.411663472990938],
            [101.30750528943764, 6.42025860944733],
            [101.30676522293675, 6.422838076416156],
            [101.30886349055771, 6.428272381864986],
            [101.30224869991764, 6.433151668015114],
            [101.3046901713144, 6.437222934890599],
            [101.30292724289802, 6.4454265047294825],
            [101.303508613232, 6.4471006277917695],
            [101.29823857525008, 6.451847901559461],
            [101.29259073387533, 6.458886579552029],
            [101.2873727162779, 6.46319405336294],
            [101.28432424207017, 6.468364323254946],
            [101.27746205692847, 6.4686151603614235],
            [101.27470331640501, 6.467814545205158],
            [101.26484663796202, 6.458019829151851],
            [101.25831205785522, 6.455143268447102],
            [101.25336578840046, 6.455212627760602],
            [101.25045694563158, 6.4574960711867675],
            [101.24784937574816, 6.462268534065629],
            [101.24859078044022, 6.467464046128896],
            [101.24629147836907, 6.469915417262769],
            [101.24471739679046, 6.46558401069359],
            [101.24321413142707, 6.465265789184855]
          ]
        ]
      }
    },
    {
      "type": "Feature",
      "properties": {
        "district_code": "9601",
        "district_th": "เมืองนราธิวาส",
        "district_en": "Mueang Narathiwat",
        "province_code": "96",
        "province_th": "นราธิวาส"
      },
      "geometry": {
        "type": "Polygon",
        "coordinates": [
          [
            [101.81164803612802, 6.45780662957236],
            [101.79712129431232, 6.474090429929447],
            [101.77858397636948, 6.498139894140877],
            [101.75555748738822, 6.53062417626478],
            [101.72562171487033, 6.575844876639792],
            [101.72468914578752, 6.576797345021532],
            [101.70943481106775, 6.568642983387008],
            [101.71143796818774, 6.566964211729044],
            [101.7192175283663, 6.550666433209358],
            [101.72295142356938, 6.545246501624774],
            [101.72264459467237, 6.544168903372224],
            [101.71907418542537, 6.542024061661152],
            [101.71873808809238, 6.540335539553553],
            [101.72026008723327, 6.535030390240365],
            [101.72043862694113, 6.5287769274133325],
            [101.72581393686374, 6.520005356562024],
            [101.72448422266882, 6.513645415803353],
            [101.71981149190691, 6.504616314191594],
            [101.71780765939604, 6.4984468642314255],
            [101.71589148110701, 6.496236493419474],
            [101.73483512713949, 6.4688515957246295],
            [101.74248986771329, 6.4595681361606125],
            [101.74665758058296, 6.455786784632437],
            [101.74664783193197, 6.457354247200783],
            [101.75096814086709, 6.454608797757885],
            [101.75588087909932, 6.449797020116421],
            [101.7671657034345, 6.44205195523358],
            [101.77281534884935, 6.436980083763899],
            [101.7780016257745, 6.425479367279024],
            [101.78515410218012, 6.403167306026376],
            [101.78420110859435, 6.402041252302013],
            [101.78140507498426, 6.402572012388532],
            [101.78053774182337, 6.400966078621707],
            [101.77856150141224, 6.4005775049479325],
            [101.77736412515429, 6.397021040588584],
            [101.77086873480431, 6.396130215337223],
            [101.77210945388822, 6.392916354006559],
            [101.76947002642066, 6.394014037717739],
            [101.76762236388106, 6.393072395374816],
            [101.7664821611229, 6.390681190684461],
            [101.76777922992756, 6.388229999414989],
            [101.76758971579284, 6.38384747268276],
            [101.76875286025637, 6.380426778972719],
            [101.76658394819071, 6.379044640597726],
            [101.76403520566026, 6.378834681275578],
            [101.75704214937576, 6.373460719436707],
            [101.75444885443113, 6.374525576993847],
            [101.75188846837818, 6.372660884891957],
            [101.75017837693059, 6.37760086179037],
            [101.74792827856726, 6.378404365569054],
            [101.7470388580569, 6.380039494926791],
            [101.74362752089343, 6.3809153707478],
            [101.74268445672237, 6.3784676580560244],
            [101.74150838630305, 6.378061643829824],
            [101.74028236573866, 6.38057850989037],
            [101.73927861081927, 6.3807306859724235],
            [101.7381016725542, 6.3796842339402815],
            [101.73765783644006, 6.376257379874232],
            [101.74020988307973, 6.374957867611556],
            [101.73997637141247, 6.373931533413611],
            [101.7356663444263, 6.3731389042370665],
            [101.73455466276755, 6.370285703422496],
            [101.73213249441915, 6.36924694958708],
            [101.72948802625149, 6.370793144088395],
            [101.72750269819102, 6.369416585107388],
            [101.72295533831829, 6.36862959827738],
            [101.72100042443009, 6.365628575898086],
            [101.7243260274243, 6.361624365172361],
            [101.7232660307028, 6.358596598754104],
            [101.7240149042645, 6.352654712345156],
            [101.72345051313073, 6.35090352277939],
            [101.72080965034513, 6.349208431124225],
            [101.72011539440996, 6.347071046591566],
            [101.73311302344734, 6.345622894381108],
            [101.73764515959652, 6.341754079287398],
            [101.74626757069188, 6.337174463430813],
            [101.74980387225094, 6.334279011567162],
            [101.76008532837528, 6.332750423093614],
            [101.76594394835462, 6.329910748981945],
            [101.76973243960049, 6.3206699694436],
            [101.77001975680639, 6.31154555858069],
            [101.77535301263151, 6.307848839552378],
            [101.77830014223781, 6.307304747016531],
            [101.7830451146404, 6.308915574893888],
            [101.78667743411637, 6.308861140729107],
            [101.79226496155877, 6.311204315326961],
            [101.79965545613447, 6.310025450714022],
            [101.80654721098506, 6.307985070654524],
            [101.8121139793767, 6.303439175777385],
            [101.81624701079096, 6.302902401924371],
            [101.82461550190396, 6.298866261668707],
            [101.83018252930037, 6.2978043520892015],
            [101.83527081429668, 6.298804506123133],
            [101.83946437098399, 6.304085805415639],
            [101.84368100787225, 6.30744119665394],
            [101.8506487428453, 6.299257736555319],
            [101.85556451898742, 6.2973052085685595],
            [101.8636941267826, 6.299435314887944],
            [101.88103585182319, 6.297151075561715],
            [101.89006551191392, 6.3014176104344415],
            [101.89323797025617, 6.301349195409102],
            [101.8960494137495, 6.299584196753301],
            [101.89838595224995, 6.295534298668997],
            [101.90171842156798, 6.295835391690048],
            [101.90413060834095, 6.293020029850538],
            [101.91275381443705, 6.287605031946725],
            [101.91651312268255, 6.282540108639125],
            [101.91246311757885, 6.3025296329362845],
            [101.91168869787515, 6.334696223252138],
            [101.91506434094663, 6.376290913794662],
            [101.8739847362067, 6.424617109891756],
            [101.86686993060289, 6.428236357721801],
            [101.86534557793613, 6.427282186024115],
            [101.85965340358177, 6.429336426434986],
            [101.8573371420955, 6.4277106140536375],
            [101.85607175910445, 6.427858859199034],
            [101.83883224741032, 6.4385047619852],
            [101.83337589598085, 6.443372963091804],
            [101.83058837625265, 6.444733584287519],
            [101.82843855499539, 6.444628049744722],
            [101.82621680775952, 6.447743476680159],
            [101.82464739006508, 6.4468333807559475],
            [101.82168736687856, 6.4481480555883195],
            [101.81164803612802, 6.45780662957236]
          ]
        ]
      }
    },
    {
      "type": "Feature",
      "properties": {
        "district_code": "9602",
        "district_th": "ตากใบ",
        "district_en": "Tak Bai",
        "province_code": "96",
        "province_th": "นราธิวาส"
      },
      "geometry": {
        "type": "Polygon",
        "coordinates": [
          [
            [102.08528763111934, 6.247101265810841],
            [102.08037448369555, 6.251384269068808],
            [102.07183332814566, 6.256055488070388],
            [102.03572630162756, 6.28108367277332],
            [101.98384241809316, 6.313876728128548],
            [101.94922599178614, 6.341835443650837],
            [101.91506434094663, 6.376290913794662],
            [101.91168869787515, 6.334696223252138],
            [101.91246311757885, 6.3025296329362845],
            [101.91664790317827, 6.283738725961484],
            [101.91703896707475, 6.274309873002267],
            [101.9181332837241, 6.2704741565571],
            [101.91956829594017, 6.267931345055558],
            [101.92382034902994, 6.265639673731982],
            [101.92615146821572, 6.262249631615248],
            [101.93129730172916, 6.260020395724723],
            [101.9330595475601, 6.255864767944729],
            [101.93199767305424, 6.253355669328698],
            [101.92599771742078, 6.250692819018411],
            [101.92684211786951, 6.247637770766573],
            [101.92956473172706, 6.244075926662731],
            [101.92798277658392, 6.242299812386477],
            [101.92883988355385, 6.236910133096217],
            [101.92498997940407, 6.233830296830774],
            [101.92095783393694, 6.2338060753901345],
            [101.91765828070515, 6.2325885633115945],
            [101.91490905141166, 6.228425263415204],
            [101.96308305074228, 6.1931000130551865],
            [101.9987465918818, 6.1681431607783],
            [102.02545632534918, 6.150856939196444],
            [102.04950100696595, 6.1444575119047045],
            [102.05016788663869, 6.140760032949231],
            [102.04917146659, 6.1391385094347015],
            [102.0540188780688, 6.134986967274756],
            [102.05535748206222, 6.132212756613455],
            [102.05777309705087, 6.120152545803421],
            [102.06322125026054, 6.105031331430837],
            [102.06450487420062, 6.1069573581955865],
            [102.0659324418288, 6.10667016689473],
            [102.06701453759092, 6.1097303448795515],
            [102.06987397700249, 6.109302200136483],
            [102.06969183011392, 6.110759852785009],
            [102.07139937018485, 6.112212688664727],
            [102.07141084643348, 6.115014161374518],
            [102.07379120979658, 6.115818078841301],
            [102.07263423288362, 6.11822537240306],
            [102.07497878074622, 6.118040683131085],
            [102.07387820031875, 6.120165263116462],
            [102.07655084244749, 6.120840446229636],
            [102.07860180033288, 6.123094400885918],
            [102.07809749200572, 6.124304491758949],
            [102.07886165224352, 6.125612459447495],
            [102.07715867173539, 6.127519371122105],
            [102.07931349232388, 6.1277019757656035],
            [102.07981075626145, 6.129578125230353],
            [102.08144695491308, 6.129559308715159],
            [102.08228682187939, 6.136471866683337],
            [102.08510866243489, 6.136755066792944],
            [102.08590988463351, 6.138272638571436],
            [102.08826122957214, 6.138615947567985],
            [102.08688742521457, 6.1408635512119645],
            [102.09169624588509, 6.145595810798056],
            [102.09263634229342, 6.148042653845437],
            [102.09216381241009, 6.149440483591491],
            [102.08995836988294, 6.150741075939948],
            [102.09094687230038, 6.154288869935442],
            [102.0884784976846, 6.159193067306262],
            [102.08751683823158, 6.159462391776003],
            [102.08553479629387, 6.157746125583287],
            [102.08452860960773, 6.158364245813345],
            [102.0834631072367, 6.1618506421934285],
            [102.08522369741576, 6.165410832444024],
            [102.08238834724449, 6.168714302223293],
            [102.08226744958318, 6.1714652222422615],
            [102.07911352896627, 6.170344318935236],
            [102.0779800315533, 6.172041268589737],
            [102.08011077369332, 6.180339187203799],
            [102.07954364232529, 6.18498794833522],
            [102.07694318517991, 6.190974456406082],
            [102.07771955641243, 6.194108249296335],
            [102.07702040366877, 6.197973003051686],
            [102.07969255836491, 6.203275381553681],
            [102.07847953570206, 6.2096730695565725],
            [102.07909117541749, 6.217156579212826],
            [102.08071906163542, 6.220491733906442],
            [102.08001666503714, 6.226108444349279],
            [102.08893935526709, 6.23394526256385],
            [102.09101625679489, 6.236855383269358],
            [102.08716057270232, 6.24143225169712],
            [102.086550466331, 6.2471824476119195],
            [102.08528763111934, 6.247101265810841]
          ]
        ]
      }
    },
    {
      "type": "Feature",
      "properties": {
        "district_code": "9603",
        "district_th": "บาเจาะ",
        "district_en": "Bacho",
        "province_code": "96",
        "province_th": "นราธิวาส"
      },
      "geometry": {
        "type": "Polygon",
        "coordinates": [
          [
            [101.63254883306223, 6.625108509849895],
            [101.63283762155902, 6.631417504913941],
            [101.63084842011853, 6.63560646786425],
            [101.6296657198971, 6.633071132426892],
            [101.62962594827894, 6.626954528428769],
            [101.62639986156444, 6.624772826205003],
            [101.62309401937358, 6.625451690243381],
            [101.62234124365352, 6.6268727656656665],
            [101.62627139610811, 6.630329203829717],
            [101.62507593001021, 6.633484600234169],
            [101.62351642014676, 6.633756476080578],
            [101.6194391943634, 6.629896536396075],
            [101.61520576083723, 6.62981805256112],
            [101.612726374023, 6.633633419147031],
            [101.60924853559152, 6.631865092100384],
            [101.60401974411593, 6.630868422939443],
            [101.60282231569738, 6.62733077869251],
            [101.59996850604176, 6.623906572230567],
            [101.59618703670242, 6.624007125428534],
            [101.59210465870308, 6.626034128072604],
            [101.58875350057366, 6.626174746067704],
            [101.58215773509147, 6.629286332898005],
            [101.57915108655345, 6.6252526675766035],
            [101.5744314048855, 6.621303968403481],
            [101.57721205739057, 6.611124010664582],
            [101.57384342723242, 6.601210082279522],
            [101.57452114463518, 6.597802929661498],
            [101.57900372813958, 6.592678816574164],
            [101.58308136491314, 6.590742402639819],
            [101.58845354339638, 6.5897345998719175],
            [101.59131879962297, 6.5856383381388355],
            [101.59626816274556, 6.581372603662771],
            [101.5970245942097, 6.578364905615956],
            [101.59391070601436, 6.573659885595305],
            [101.59472147901312, 6.568376175220351],
            [101.59285377238376, 6.565124759100399],
            [101.59710425255929, 6.560513409766088],
            [101.598370321733, 6.551428528603765],
            [101.6071334713327, 6.545799335570905],
            [101.60882962778516, 6.543330202826667],
            [101.60546199137787, 6.540067226821122],
            [101.60209755295978, 6.533809536281126],
            [101.59319829366638, 6.52890142685942],
            [101.59220234666105, 6.519838347062091],
            [101.58814340229623, 6.513918301588376],
            [101.59951271074306, 6.507723887347595],
            [101.60109419284277, 6.503931469661666],
            [101.6047123929626, 6.502515485301444],
            [101.60719626469592, 6.498411054126905],
            [101.60754870720712, 6.492501272615698],
            [101.60852102632435, 6.49072670067676],
            [101.6145799810813, 6.488921954684486],
            [101.61979340943833, 6.484362427883809],
            [101.62543781900018, 6.482903141167071],
            [101.63219604161407, 6.475405913252359],
            [101.63471320085358, 6.474832008190674],
            [101.63603356209927, 6.472794689423438],
            [101.64781754344494, 6.471811082915167],
            [101.66617671558299, 6.473184642657202],
            [101.69141978519497, 6.480820587400217],
            [101.71071608597862, 6.49243849544024],
            [101.71677556683898, 6.496994182135836],
            [101.71831176717438, 6.499473158859246],
            [101.72580820188705, 6.517794348130735],
            [101.72543545987861, 6.521546942937107],
            [101.72029862857892, 6.52920351542997],
            [101.72026008723327, 6.535030390240365],
            [101.71873808809238, 6.540335539553553],
            [101.71907418542537, 6.542024061661152],
            [101.72264459467237, 6.544168903372224],
            [101.72295142356938, 6.545246501624774],
            [101.7192175283663, 6.550666433209358],
            [101.71143796818774, 6.566964211729044],
            [101.70943481106775, 6.568642983387008],
            [101.70408756808683, 6.56841363288288],
            [101.69010891359557, 6.572569562835099],
            [101.66909045695905, 6.5736885793645],
            [101.66627387294096, 6.578444021674329],
            [101.66528723301946, 6.585224194041359],
            [101.65983694571855, 6.588646230439224],
            [101.6617862910046, 6.593300714856127],
            [101.65922355502312, 6.5954171757621225],
            [101.6556526349612, 6.595954607918884],
            [101.65341512890512, 6.599286936942633],
            [101.64774948634977, 6.612227724330069],
            [101.64612480801355, 6.618476233691297],
            [101.6423298272598, 6.620373248326814],
            [101.6381700059411, 6.618527565195052],
            [101.6339412407957, 6.621288717700224],
            [101.63254883306223, 6.625108509849895]
          ]
        ]
      }
    },
    {
      "type": "Feature",
      "properties": {
        "district_code": "9604",
        "district_th": "ยี่งอ",
        "district_en": "Yi-Ngo",
        "province_code": "96",
        "province_th": "นราธิวาส"
      },
      "geometry": {
        "type": "Polygon",
        "coordinates": [
          [
            [101.73143818902128, 6.4739662551386346],
            [101.71589148110701, 6.496236493419474],
            [101.69451948388712, 6.482263515448949],
            [101.66934670798423, 6.473832748082884],
            [101.64781754344494, 6.471811082915167],
            [101.63603356209927, 6.472794689423438],
            [101.63736910569975, 6.467480874242995],
            [101.63260854265019, 6.460845375813506],
            [101.63470830764237, 6.4579703889223765],
            [101.63457766942395, 6.453890357254238],
            [101.63725346097851, 6.4479805361728495],
            [101.63756536385051, 6.440592997668773],
            [101.6391983042584, 6.438029110555078],
            [101.64661106694723, 6.431659631586797],
            [101.64513013624685, 6.429324510417871],
            [101.64642955228209, 6.425111162350333],
            [101.64287972941605, 6.421042331738249],
            [101.64549044962462, 6.417728865095114],
            [101.64364227716942, 6.415194686185885],
            [101.64362897259906, 6.410214294653997],
            [101.64225230929668, 6.408303938575955],
            [101.63330611438573, 6.406291227957865],
            [101.62755573141192, 6.402326385054664],
            [101.62384828257223, 6.401822615421395],
            [101.6228688597102, 6.400303477923217],
            [101.62842473821115, 6.390967045592731],
            [101.62539358134876, 6.385446833304741],
            [101.62560226273428, 6.380750793914046],
            [101.62996961700429, 6.377175595777146],
            [101.6327779155684, 6.369900111900677],
            [101.63684969955403, 6.368226702900074],
            [101.64456509220531, 6.361376292581895],
            [101.64960705941832, 6.35543363005803],
            [101.65628570642025, 6.353168990556526],
            [101.66745761098002, 6.356117325254388],
            [101.67466088019552, 6.359163291252912],
            [101.68112214936775, 6.359435927026482],
            [101.68807676143348, 6.35677074477411],
            [101.69597896305874, 6.35744235038419],
            [101.69855477608212, 6.354831503371258],
            [101.70488804474752, 6.351489410408021],
            [101.70934830528012, 6.350649414838699],
            [101.71653450806116, 6.347443391998979],
            [101.72011539440996, 6.347071046591566],
            [101.72080965034513, 6.349208431124225],
            [101.72345051313073, 6.35090352277939],
            [101.7240149042645, 6.352654712345156],
            [101.7232660307028, 6.358596598754104],
            [101.7243260274243, 6.361624365172361],
            [101.72100042443009, 6.365628575898086],
            [101.72295533831829, 6.36862959827738],
            [101.72750269819102, 6.369416585107388],
            [101.72948802625149, 6.370793144088395],
            [101.73213249441915, 6.36924694958708],
            [101.73455466276755, 6.370285703422496],
            [101.7356663444263, 6.3731389042370665],
            [101.73997637141247, 6.373931533413611],
            [101.74020988307973, 6.374957867611556],
            [101.73765783644006, 6.376257379874232],
            [101.7381016725542, 6.3796842339402815],
            [101.73927861081927, 6.3807306859724235],
            [101.74028236573866, 6.38057850989037],
            [101.74150838630305, 6.378061643829824],
            [101.74268445672237, 6.3784676580560244],
            [101.74362752089343, 6.3809153707478],
            [101.7470388580569, 6.380039494926791],
            [101.74792827856726, 6.378404365569054],
            [101.75017837693059, 6.37760086179037],
            [101.75188846837818, 6.372660884891957],
            [101.75444885443113, 6.374525576993847],
            [101.75704214937576, 6.373460719436707],
            [101.76403520566026, 6.378834681275578],
            [101.76658394819071, 6.379044640597726],
            [101.76875286025637, 6.380426778972719],
            [101.76758971579284, 6.38384747268276],
            [101.76777922992756, 6.388229999414989],
            [101.7664821611229, 6.390681190684461],
            [101.76762236388106, 6.393072395374816],
            [101.76947002642066, 6.394014037717739],
            [101.77210945388822, 6.392916354006559],
            [101.77086873480431, 6.396130215337223],
            [101.77736412515429, 6.397021040588584],
            [101.77856150141224, 6.4005775049479325],
            [101.78053774182337, 6.400966078621707],
            [101.78140507498426, 6.402572012388532],
            [101.78516568095148, 6.4025990316200705],
            [101.7780016257745, 6.425479367279024],
            [101.77281534884935, 6.436980083763899],
            [101.74664783193197, 6.457354247200783],
            [101.74665758058296, 6.455786784632437],
            [101.73790948743294, 6.464762581627895],
            [101.73143818902128, 6.4739662551386346]
          ]
        ]
      }
    },
    {
      "type": "Feature",
      "properties": {
        "district_code": "9605",
        "district_th": "ระแงะ",
        "district_en": "Ra-Ngae",
        "province_code": "96",
        "province_th": "นราธิวาส"
      },
      "geometry": {
        "type": "Polygon",
        "coordinates": [
          [
            [101.63930674630933, 6.365762333864666],
            [101.63580908142404, 6.3689171268239875],
            [101.6268094362066, 6.371237497312677],
            [101.62350541784082, 6.368640933332472],
            [101.62161526593184, 6.365079237616783],
            [101.61127473873825, 6.366405855445919],
            [101.60869222666497, 6.365135646692806],
            [101.60711075175982, 6.363093909556312],
            [101.60559062680602, 6.358770552818783],
            [101.60586773940469, 6.3550537816067845],
            [101.61169149356766, 6.352448845837614],
            [101.61382306937924, 6.349062183373121],
            [101.61399965396095, 6.346688504670794],
            [101.61249454678597, 6.342309743399994],
            [101.61325913330239, 6.339099995568404],
            [101.60914125186736, 6.334120972804726],
            [101.60475000440925, 6.332476536363117],
            [101.60408569230094, 6.328560869288708],
            [101.60086914739333, 6.322488217857028],
            [101.60099779001604, 6.319537514344859],
            [101.59810575557623, 6.314101998408546],
            [101.5948968962748, 6.304083343971172],
            [101.59338822328795, 6.294354403433033],
            [101.59393166201664, 6.292614303407447],
            [101.6017992316493, 6.288114475402779],
            [101.6032144623776, 6.285881767229796],
            [101.60247075542111, 6.2727533785655964],
            [101.60540599958728, 6.2636626958767465],
            [101.6017918293295, 6.258081555419494],
            [101.60166440169087, 6.252259604397295],
            [101.61117476470366, 6.250717199639098],
            [101.61913564079725, 6.240389898774879],
            [101.61934214942073, 6.238570338250554],
            [101.61642097155067, 6.234981897596526],
            [101.61548575756171, 6.231911681379017],
            [101.61514331101506, 6.223161548566679],
            [101.61141031333534, 6.221501105091988],
            [101.61421272403805, 6.21975974691486],
            [101.61632559485037, 6.214571617386298],
            [101.62007368675131, 6.2098826052980485],
            [101.62403725801312, 6.2097997039932125],
            [101.62700744174009, 6.205150686554987],
            [101.63072962777017, 6.203350231228228],
            [101.63227974421488, 6.200915544316956],
            [101.63107624807043, 6.195171192196824],
            [101.62934520241919, 6.192522908205717],
            [101.6299788944105, 6.190337339796429],
            [101.62784687883044, 6.187513676315177],
            [101.62673686811206, 6.183645688597721],
            [101.62714524125994, 6.180856321661963],
            [101.62892025296736, 6.180765648416013],
            [101.63024461979342, 6.178331541567445],
            [101.6315313625824, 6.172394104104683],
            [101.63624907923167, 6.173154147246123],
            [101.64349319835247, 6.176273776713458],
            [101.65063704306516, 6.182592807312233],
            [101.65354335783974, 6.186653333584502],
            [101.65586843088346, 6.1878876575893855],
            [101.66692725558846, 6.1873007519282055],
            [101.67027149433403, 6.188750145203073],
            [101.67366162818166, 6.186978841400446],
            [101.68279428942498, 6.184958848971746],
            [101.69500552338627, 6.1913507894074655],
            [101.71150952544428, 6.18838692881377],
            [101.71310484721101, 6.1847314751775],
            [101.71102947363136, 6.175460574645854],
            [101.71144687237535, 6.1733156951632395],
            [101.71308796423824, 6.172444922994828],
            [101.71270612558726, 6.170154453165537],
            [101.71396220509178, 6.165483028219228],
            [101.7160205652969, 6.164944195818009],
            [101.71877800270272, 6.161065408142122],
            [101.71990564642851, 6.161822379199464],
            [101.72286732706556, 6.161267905789259],
            [101.72289265377299, 6.1594283245575525],
            [101.72553125116639, 6.157600248352821],
            [101.72507385507441, 6.153551504098687],
            [101.7279777587666, 6.151582579672379],
            [101.72850578131681, 6.149950529593298],
            [101.7307575452246, 6.149567690896276],
            [101.72942311138752, 6.14620793974467],
            [101.73141497392197, 6.143217780276359],
            [101.7335475389878, 6.142427508222966],
            [101.7317838677314, 6.141199119743646],
            [101.73414466634335, 6.140186859935682],
            [101.7327027329448, 6.1389777241427055],
            [101.73290682868725, 6.13789346371243],
            [101.73528791780325, 6.136879973631949],
            [101.73528214595433, 6.138375356437621],
            [101.7374124968893, 6.138013604144589],
            [101.73829799905349, 6.135838974189369],
            [101.73988225825968, 6.13608105819435],
            [101.74219691085881, 6.1340541409858815],
            [101.74200566103247, 6.1319073360547804],
            [101.74437599785409, 6.13202076124918],
            [101.74439682885065, 6.130062164637252],
            [101.74338508255556, 6.1292797877320595],
            [101.74491036512131, 6.1288619618101166],
            [101.74481327071595, 6.125762213655264],
            [101.74595238799236, 6.125523983245273],
            [101.74778118455407, 6.12278288022577],
            [101.74826305659485, 6.113620040432579],
            [101.75201385635444, 6.105964206283147],
            [101.75411813144666, 6.104477731262364],
            [101.75544304056393, 6.100417703214475],
            [101.75550567474716, 6.094341185597273],
            [101.75369092919311, 6.088534041912567],
            [101.75116129365881, 6.085587622770618],
            [101.75258136273976, 6.080927353914319],
            [101.76445832858906, 6.078869734750526],
            [101.77268244074213, 6.076339315007431],
            [101.77437980768207, 6.077282767685631],
            [101.77634636059611, 6.080494539891163],
            [101.78284165741661, 6.0836016453996535],
            [101.78399216730475, 6.085493245217151],
            [101.78623463312186, 6.086721561750721],
            [101.7901978554467, 6.08701959527815],
            [101.79276101770688, 6.08610868366884],
            [101.79702209459407, 6.089349091187671],
            [101.80066414023793, 6.086896189407639],
            [101.80156419343285, 6.088348528861559],
            [101.8066689306267, 6.090535172859973],
            [101.80609560382914, 6.09670050122719],
            [101.80795394941532, 6.097770582046792],
            [101.8050647892087, 6.108837428704419],
            [101.8054089363734, 6.111326097421511],
            [101.80406757865592, 6.114093505610867],
            [101.80445774233101, 6.117181680390274],
            [101.80597815956446, 6.1178624249110385],
            [101.80263571226834, 6.1290426625888585],
            [101.80306268429553, 6.145419909701104],
            [101.80064285598309, 6.150630959351361],
            [101.79619309233738, 6.156432076679039],
            [101.79201879732972, 6.165183634916843],
            [101.79138271943702, 6.169144642211506],
            [101.7936511648694, 6.17562325211145],
            [101.79119434204529, 6.17778158455252],
            [101.7891647880246, 6.183733839245349],
            [101.78486546476944, 6.188253414563462],
            [101.7818817201653, 6.19573436924577],
            [101.78280201799879, 6.210993339071365],
            [101.78463851095859, 6.215647854964573],
            [101.78435251755468, 6.218137038093857],
            [101.77748124206573, 6.225646441030506],
            [101.76907269155151, 6.232869119414374],
            [101.76550018328686, 6.244562904154748],
            [101.77065638238622, 6.251147250045619],
            [101.77741462118786, 6.25135950443763],
            [101.7787682924228, 6.254307638586681],
            [101.78656510609483, 6.259021430594601],
            [101.7945693079273, 6.269490270359711],
            [101.80076859559426, 6.2742895771023655],
            [101.80695741515262, 6.281855980868897],
            [101.81464808903814, 6.287502552400895],
            [101.82162017672982, 6.288810684665407],
            [101.83034447291914, 6.292796136432571],
            [101.83226484474687, 6.294422832847488],
            [101.83397572040326, 6.298315723691758],
            [101.83018252930037, 6.2978043520892015],
            [101.82461550190396, 6.298866261668707],
            [101.81754110463834, 6.3024707381341045],
            [101.8121139793767, 6.303439175777385],
            [101.80654721098506, 6.307985070654524],
            [101.79734309320924, 6.310433519891092],
            [101.79226496155877, 6.311204315326961],
            [101.78667743411637, 6.308861140729107],
            [101.7830451146404, 6.308915574893888],
            [101.77830014223781, 6.307304747016531],
            [101.77535301263151, 6.307848839552378],
            [101.77001975680639, 6.31154555858069],
            [101.76973243960049, 6.3206699694436],
            [101.76644406943831, 6.329489607259632],
            [101.76008532837528, 6.332750423093614],
            [101.74980387225094, 6.334279011567162],
            [101.74626757069188, 6.337174463430813],
            [101.73764515959652, 6.341754079287398],
            [101.73311302344734, 6.345622894381108],
            [101.71653450806116, 6.347443391998979],
            [101.70263864425806, 6.3524917776734355],
            [101.69597896305874, 6.35744235038419],
            [101.68807676143348, 6.35677074477411],
            [101.68016240007478, 6.359533530448118],
            [101.67466088019552, 6.359163291252912],
            [101.66303730103067, 6.354787994170636],
            [101.65424073172443, 6.353339888724918],
            [101.64960705941832, 6.35543363005803],
            [101.64456509220531, 6.361376292581895],
            [101.63930674630933, 6.365762333864666]
          ]
        ]
      }
    },
    {
      "type": "Feature",
      "properties": {
        "district_code": "9606",
        "district_th": "รือเสาะ",
        "district_en": "Rueso",
        "province_code": "96",
        "province_th": "นราธิวาส"
      },
      "geometry": {
        "type": "Polygon",
        "coordinates": [
          [
            [101.62543781900018, 6.482903141167071],
            [101.61979340943833, 6.484362427883809],
            [101.6145799810813, 6.488921954684486],
            [101.60852102632435, 6.49072670067676],
            [101.60754870720712, 6.492501272615698],
            [101.60719626469592, 6.498411054126905],
            [101.6047123929626, 6.502515485301444],
            [101.60109419284277, 6.503931469661666],
            [101.59951271074306, 6.507723887347595],
            [101.58814340229623, 6.513918301588376],
            [101.58119177058381, 6.510604557054705],
            [101.57950214860534, 6.506634548445675],
            [101.57387722285563, 6.499273560626364],
            [101.56713161503205, 6.4975037586915505],
            [101.56454850940622, 6.495711647274732],
            [101.55643489335569, 6.484369519937445],
            [101.55110750290902, 6.481705453743757],
            [101.54651733170954, 6.483025958880944],
            [101.54494772965404, 6.480950133841645],
            [101.54186695539573, 6.47988842031441],
            [101.54067934757387, 6.475598161326161],
            [101.53530710793672, 6.471955205568349],
            [101.53160508110966, 6.467124443238504],
            [101.52446661164487, 6.466105925048453],
            [101.52096971927716, 6.4644693846544214],
            [101.51553046126185, 6.457505098581464],
            [101.51262404936045, 6.456499884062453],
            [101.50866697300245, 6.453135326034499],
            [101.50365631029052, 6.4541904115582724],
            [101.50105661666959, 6.452937759370172],
            [101.49687281942516, 6.4543718371905925],
            [101.48665781960273, 6.463146482823959],
            [101.48501143702828, 6.4632183584405425],
            [101.48338456434624, 6.461733352911949],
            [101.47918211516253, 6.463982260572891],
            [101.47071199975903, 6.4633360221397425],
            [101.46362569187227, 6.465887655990571],
            [101.4633037111974, 6.464356531428848],
            [101.46463301170417, 6.461307099443161],
            [101.46228129534558, 6.45764903687359],
            [101.46230384224856, 6.455653777599821],
            [101.46630623634377, 6.4500912818871825],
            [101.46387519618344, 6.44402382673826],
            [101.4695758277623, 6.42880620324371],
            [101.46866054095125, 6.425310086990976],
            [101.46646272737303, 6.423424959594286],
            [101.46364260272401, 6.4234097331727185],
            [101.46139832657155, 6.425012360132371],
            [101.45842701239678, 6.430557384715598],
            [101.4558738434032, 6.431463862667158],
            [101.44735019495562, 6.430159185597972],
            [101.44399816358447, 6.428513889404542],
            [101.43566949355233, 6.429494163025254],
            [101.42447445663095, 6.422048959991571],
            [101.42193258222295, 6.417477995613069],
            [101.42487745003433, 6.413768527795355],
            [101.42167676287238, 6.40982035202768],
            [101.42039591424009, 6.404042426416879],
            [101.41841899663945, 6.401412544353491],
            [101.4126844965923, 6.39825574320804],
            [101.41184003768763, 6.396248806237452],
            [101.41256169056965, 6.394827379180242],
            [101.41871894482352, 6.390986521310936],
            [101.41996638813833, 6.388121147273182],
            [101.41998041306567, 6.3814886291969515],
            [101.41677237304663, 6.372646085648398],
            [101.41464523538934, 6.370211163114732],
            [101.40884643741322, 6.367583228083561],
            [101.40368362290093, 6.3625587472884035],
            [101.39981770542283, 6.36017191600115],
            [101.39851583064114, 6.358387772577714],
            [101.39662904309591, 6.347949135644171],
            [101.3880947880441, 6.338671495593076],
            [101.3874434369651, 6.335839284955057],
            [101.38866397975892, 6.333772231003707],
            [101.38885892939612, 6.327786672616924],
            [101.39165170835969, 6.32451486077224],
            [101.39874558763881, 6.319768586151383],
            [101.40006068605186, 6.317226655985451],
            [101.39899267097502, 6.308684543556865],
            [101.39391919601417, 6.300176628748488],
            [101.39552633397318, 6.2928604667371815],
            [101.39480053341794, 6.286869549290316],
            [101.39944586813237, 6.281590095406614],
            [101.39947824012876, 6.2779333026797985],
            [101.40256185714406, 6.272022108333658],
            [101.40026411719532, 6.267325269445678],
            [101.40020655968505, 6.263254248085104],
            [101.40362139611062, 6.26299457783756],
            [101.41077287067151, 6.25940909685238],
            [101.41719564256493, 6.259802676152617],
            [101.42497771724788, 6.256511286966372],
            [101.43035844468653, 6.258159070684599],
            [101.43354341439709, 6.2541402612640695],
            [101.43596832927506, 6.256261588401628],
            [101.43798025388566, 6.256562944924042],
            [101.43969896173775, 6.254988523401664],
            [101.4401371806864, 6.251795984097441],
            [101.44117895084798, 6.251545418586261],
            [101.44221328181754, 6.252197005287599],
            [101.4435716978756, 6.256605314683554],
            [101.44765058110949, 6.259210226171035],
            [101.45223701742447, 6.264157558624504],
            [101.45890948968128, 6.259625905411269],
            [101.47300997892745, 6.247054423722716],
            [101.47787955419813, 6.245072519381324],
            [101.48457748266475, 6.246451422894893],
            [101.49148995070072, 6.252173711947307],
            [101.48578194827837, 6.261475277562056],
            [101.48684223727946, 6.271162878064445],
            [101.49571716001896, 6.281058960302801],
            [101.49567145107665, 6.288641954762454],
            [101.49667216358955, 6.291333163394825],
            [101.49983225355572, 6.296013893626366],
            [101.50466223257604, 6.2989240745864095],
            [101.50539350640526, 6.300907469104459],
            [101.50460685142514, 6.303384499694971],
            [101.50262282918027, 6.304926501556849],
            [101.50097201564608, 6.311206679644613],
            [101.49816331508498, 6.31378521581513],
            [101.49424648608652, 6.314739417190424],
            [101.49354301120104, 6.317680099556981],
            [101.49482278244551, 6.320018725383932],
            [101.49739721411021, 6.321908272049143],
            [101.5050163748059, 6.323868968578097],
            [101.50696158680785, 6.323345001970324],
            [101.5064799971542, 6.321699905426328],
            [101.51046059887761, 6.319182415236298],
            [101.51098843077153, 6.316874298010475],
            [101.51242686670662, 6.317275183403012],
            [101.51352899756523, 6.315663682832735],
            [101.51254170023935, 6.314455131599118],
            [101.51303246297783, 6.313436863420577],
            [101.5182133520646, 6.312395649939333],
            [101.51865326983261, 6.3116062529262535],
            [101.52050994088114, 6.313889455334163],
            [101.52388565320041, 6.313515404812108],
            [101.52710535292977, 6.315402209444471],
            [101.52940309018055, 6.315412134362532],
            [101.53172285542547, 6.314030903403534],
            [101.53288508527851, 6.319223004338255],
            [101.53732027720906, 6.3213932815747285],
            [101.53870350556241, 6.3239003863937455],
            [101.54035263106914, 6.323647748844564],
            [101.54038074477563, 6.325975064797433],
            [101.54366406344582, 6.325089702927471],
            [101.54553256867314, 6.326560023426396],
            [101.54575387743955, 6.328002823771328],
            [101.54863295804466, 6.328727803245556],
            [101.54912460661535, 6.325661113269803],
            [101.54735919517077, 6.322762799763439],
            [101.54932708537677, 6.32112809758371],
            [101.55284539869626, 6.313778620187236],
            [101.5568623006547, 6.309921377569594],
            [101.56535901800436, 6.306380999383691],
            [101.57380323203358, 6.305963184253585],
            [101.59430070871082, 6.30202413840334],
            [101.59810575557623, 6.314101998408546],
            [101.60099779001604, 6.319537514344859],
            [101.60086914739333, 6.322488217857028],
            [101.60408569230094, 6.328560869288708],
            [101.60475000440925, 6.332476536363117],
            [101.60914125186736, 6.334120972804726],
            [101.61325913330239, 6.339099995568404],
            [101.61249454678597, 6.342309743399994],
            [101.61400760936374, 6.348601492165187],
            [101.61169149356766, 6.352448845837614],
            [101.60586773940469, 6.3550537816067845],
            [101.60640042404037, 6.3619520430523835],
            [101.61040166970133, 6.366243649225055],
            [101.62161526593184, 6.365079237616783],
            [101.62350541784082, 6.368640933332472],
            [101.62639866096947, 6.371170682181287],
            [101.6327779155684, 6.369900111900677],
            [101.62996961700429, 6.377175595777146],
            [101.62537697896448, 6.381134882668732],
            [101.62539358134876, 6.385446833304741],
            [101.62842473821115, 6.390967045592731],
            [101.62408541491004, 6.397177821199534],
            [101.62312295056375, 6.401303588789631],
            [101.62794740774672, 6.402517544948807],
            [101.63330611438573, 6.406291227957865],
            [101.6418918466315, 6.408035820996417],
            [101.64362897259906, 6.410214294653997],
            [101.64335660302487, 6.414102141200885],
            [101.64549044962462, 6.417728865095114],
            [101.64287972941605, 6.421042331738249],
            [101.64642955228209, 6.425111162350333],
            [101.64513013624685, 6.429324510417871],
            [101.64661106694723, 6.431659631586797],
            [101.6391983042584, 6.438029110555078],
            [101.63756536385051, 6.440592997668773],
            [101.63725346097851, 6.4479805361728495],
            [101.63457766942395, 6.453890357254238],
            [101.63470830764237, 6.4579703889223765],
            [101.63260854265019, 6.460845375813506],
            [101.63692283871808, 6.466247400996792],
            [101.63734564508553, 6.469380990640275],
            [101.63538092498976, 6.474233241371053],
            [101.63219604161407, 6.475405913252359],
            [101.62543781900018, 6.482903141167071]
          ]
        ]
      }
    },
    {
      "type": "Feature",
      "properties": {
        "district_code": "9607",
        "district_th": "ศรีสาคร",
        "district_en": "Si Sakhon",
        "province_code": "96",
        "province_th": "นราธิวาส"
      },
      "geometry": {
        "type": "Polygon",
        "coordinates": [
          [
            [101.54885355185002, 6.328122618863802],
            [101.54863295804466, 6.328727803245556],
            [101.54575387743955, 6.328002823771328],
            [101.54553256867314, 6.326560023426396],
            [101.54366406344582, 6.325089702927471],
            [101.54038074477563, 6.325975064797433],
            [101.54035263106914, 6.323647748844564],
            [101.53870350556241, 6.3239003863937455],
            [101.53732027720906, 6.3213932815747285],
            [101.53288508527851, 6.319223004338255],
            [101.53172285542547, 6.314030903403534],
            [101.52940309018055, 6.315412134362532],
            [101.52710535292977, 6.315402209444471],
            [101.52388565320041, 6.313515404812108],
            [101.52050994088114, 6.313889455334163],
            [101.51865326983261, 6.3116062529262535],
            [101.5182133520646, 6.312395649939333],
            [101.51303246297783, 6.313436863420577],
            [101.51254170023935, 6.314455131599118],
            [101.51352899756523, 6.315663682832735],
            [101.5121496506859, 6.317540197422204],
            [101.51098843077153, 6.316874298010475],
            [101.51046059887761, 6.319182415236298],
            [101.5064799971542, 6.321699905426328],
            [101.50713726936954, 6.323132331192198],
            [101.5060192825639, 6.323803130110434],
            [101.49786974399353, 6.322141550791969],
            [101.49482278244551, 6.320018725383932],
            [101.49341148355319, 6.316975774812192],
            [101.49393015135547, 6.3151730567911954],
            [101.49510662467105, 6.314098689802734],
            [101.49816331508498, 6.31378521581513],
            [101.50097201564608, 6.311206679644613],
            [101.50262282918027, 6.304926501556849],
            [101.50460685142514, 6.303384499694971],
            [101.50528033931624, 6.300088678649672],
            [101.49983225355572, 6.296013893626366],
            [101.49667216358955, 6.291333163394825],
            [101.49567145107665, 6.288641954762454],
            [101.49571716001896, 6.281058960302801],
            [101.48684223727946, 6.271162878064445],
            [101.48578194827837, 6.261475277562056],
            [101.49148995070072, 6.252173711947307],
            [101.48457748266475, 6.246451422894893],
            [101.47787955419813, 6.245072519381324],
            [101.47300997892745, 6.247054423722716],
            [101.45890948968128, 6.259625905411269],
            [101.45223701742447, 6.264157558624504],
            [101.44765058110949, 6.259210226171035],
            [101.4435716978756, 6.256605314683554],
            [101.44221328181754, 6.252197005287599],
            [101.44117895084798, 6.251545418586261],
            [101.4401371806864, 6.251795984097441],
            [101.43969896173775, 6.254988523401664],
            [101.43798025388566, 6.256562944924042],
            [101.43596832927506, 6.256261588401628],
            [101.43354341439709, 6.2541402612640695],
            [101.43035844468653, 6.258159070684599],
            [101.42497771724788, 6.256511286966372],
            [101.41719564256493, 6.259802676152617],
            [101.41077287067151, 6.25940909685238],
            [101.40362139611062, 6.26299457783756],
            [101.40020655968505, 6.263254248085104],
            [101.40102717396496, 6.2586323811794955],
            [101.39780690856202, 6.254759398627414],
            [101.39715622478002, 6.249973639272071],
            [101.39511062415602, 6.2454343103452175],
            [101.39702328159922, 6.24259201920637],
            [101.40149261988853, 6.241487593277839],
            [101.40338474131283, 6.239909933296815],
            [101.40156904157806, 6.235830832427041],
            [101.39756365723707, 6.230569433332732],
            [101.39594356544325, 6.224228344162782],
            [101.38581245078404, 6.217593555298379],
            [101.38006216044039, 6.215262652849219],
            [101.37119659964344, 6.208551698602037],
            [101.37472088805862, 6.204302964010651],
            [101.38024342239606, 6.194773458028692],
            [101.38341429343495, 6.188528770786206],
            [101.38351651127806, 6.186146630362771],
            [101.38567579070525, 6.183297111372667],
            [101.38637273201601, 6.179104014238931],
            [101.3858597731101, 6.171568098389059],
            [101.38739050736609, 6.166891093149502],
            [101.39319205906634, 6.160645952648622],
            [101.39739493722664, 6.1581561597790255],
            [101.40250405681684, 6.158641029260139],
            [101.40584142744001, 6.1573690731243005],
            [101.41147729524107, 6.157517058365613],
            [101.41220253102205, 6.155630390430247],
            [101.41135366543938, 6.151003139283489],
            [101.4142131228374, 6.147529059118824],
            [101.41514552284764, 6.143835747621722],
            [101.41710426784772, 6.143330066029762],
            [101.42337680529539, 6.144274436016474],
            [101.4254229617004, 6.143569767730639],
            [101.42737428369628, 6.1407454621333954],
            [101.42799686276504, 6.135147323590161],
            [101.43006625855105, 6.128989032417962],
            [101.43187530689994, 6.128035756445058],
            [101.43524183714112, 6.128656262576499],
            [101.43773936777768, 6.121597008994797],
            [101.43587854815655, 6.114849032357029],
            [101.43719853078761, 6.113836121439874],
            [101.43954211277833, 6.113910784954783],
            [101.44098228080765, 6.110529573281212],
            [101.43803360796471, 6.104816620091015],
            [101.4377500211466, 6.096386288896156],
            [101.44020531782121, 6.091226169652032],
            [101.44467463722481, 6.086678885322328],
            [101.44656718672633, 6.082386739556455],
            [101.45368778576278, 6.078011573775143],
            [101.46145467539304, 6.077550331282794],
            [101.46576706399884, 6.080250587994271],
            [101.46749852243892, 6.080155125858425],
            [101.4695331171597, 6.074389684636287],
            [101.47439853666322, 6.067452749644701],
            [101.48675354344135, 6.073043753866216],
            [101.4902855165634, 6.073169286633345],
            [101.49657484435363, 6.076123636896398],
            [101.50006177942765, 6.071777537203616],
            [101.49953332520283, 6.06620867429092],
            [101.50091706257246, 6.06169915159461],
            [101.50423834612286, 6.061557281743205],
            [101.5090525474372, 6.054049415748011],
            [101.51207488734622, 6.053826430645302],
            [101.51379405834916, 6.052692694911968],
            [101.5148031642347, 6.053588411575959],
            [101.51694741958778, 6.06114818374175],
            [101.52516816467914, 6.067537463083511],
            [101.52879425455126, 6.071900435856492],
            [101.53372584796955, 6.075109457935184],
            [101.53781747729482, 6.076677504163513],
            [101.5486326046111, 6.075979867676779],
            [101.55966505309976, 6.0791433966504655],
            [101.56471185057148, 6.081982643584183],
            [101.56833726685147, 6.086960288586511],
            [101.57363199212278, 6.089110815811523],
            [101.57803111944065, 6.0892281944256865],
            [101.58870275272989, 6.09523715227283],
            [101.5957493924206, 6.096040329597599],
            [101.5999102902278, 6.099770144576553],
            [101.60263631701247, 6.105029043555589],
            [101.60368534740093, 6.115889478716497],
            [101.61119905898943, 6.129273690328603],
            [101.61059587919652, 6.13218771139384],
            [101.60678664059105, 6.139010669007234],
            [101.60774869844374, 6.14536530286648],
            [101.6112982910833, 6.15507642513694],
            [101.6172314981352, 6.16344675266555],
            [101.61927670665477, 6.169778457409905],
            [101.6227524658537, 6.174816433431715],
            [101.62634340482435, 6.177445994437164],
            [101.62695342576006, 6.185100137861127],
            [101.6299788944105, 6.190337339796429],
            [101.62948861101063, 6.193105083432897],
            [101.63096590125542, 6.194883687032586],
            [101.63251842788321, 6.19999597943098],
            [101.63093409043597, 6.203154356188634],
            [101.62700744174009, 6.205150686554987],
            [101.62403725801312, 6.2097997039932125],
            [101.6210065741941, 6.209530624139063],
            [101.61965751288398, 6.2102947214243045],
            [101.61632559485037, 6.214571617386298],
            [101.61421272403805, 6.21975974691486],
            [101.61141031333534, 6.221501105091988],
            [101.61514331101506, 6.223161548566679],
            [101.61572140691743, 6.232880867258245],
            [101.61935987415893, 6.239411823996534],
            [101.61603737022853, 6.245375284242016],
            [101.61117476470366, 6.250717199639098],
            [101.60166440169087, 6.252259604397295],
            [101.6017918293295, 6.258081555419494],
            [101.60540599958728, 6.2636626958767465],
            [101.60247075542111, 6.2727533785655964],
            [101.6032144623776, 6.285881767229796],
            [101.6017992316493, 6.288114475402779],
            [101.59364535115208, 6.292932590566636],
            [101.59430070871082, 6.30202413840334],
            [101.57380323203358, 6.305963184253585],
            [101.56535901800436, 6.306380999383691],
            [101.5568623006547, 6.309921377569594],
            [101.55284539869626, 6.313778620187236],
            [101.54932708537677, 6.32112809758371],
            [101.54735919517077, 6.322762799763439],
            [101.54912460661535, 6.325661113269803],
            [101.54885355185002, 6.328122618863802]
          ]
        ]
      }
    },
    {
      "type": "Feature",
      "properties": {
        "district_code": "9608",
        "district_th": "แว้ง",
        "district_en": "Waeng",
        "province_code": "96",
        "province_th": "นราธิวาส"
      },
      "geometry": {
        "type": "Polygon",
        "coordinates": [
          [
            [101.94605387698488, 5.987735513383257],
            [101.94559678756178, 5.989898941383103],
            [101.9390970732714, 5.991987528701543],
            [101.93728171258101, 5.993499282765754],
            [101.93540964693773, 6.005810078872116],
            [101.92380284462564, 6.009997229688452],
            [101.9230617061329, 6.011054880978008],
            [101.91067579235397, 5.994880772729516],
            [101.8967026012441, 5.985379425420206],
            [101.89163085567952, 5.986660927859589],
            [101.88600952991595, 5.985761616605373],
            [101.88488786937972, 5.988270807851563],
            [101.87943294157708, 5.989749061270231],
            [101.87579871913562, 5.993064852660893],
            [101.8706760926276, 5.995765014943515],
            [101.86725355800536, 5.987574419623797],
            [101.86033470028627, 5.984153417446294],
            [101.85261896139599, 5.986615630806739],
            [101.84548865777538, 5.991050096984452],
            [101.83729880439637, 5.990007170294746],
            [101.8302055591393, 5.9870118514158435],
            [101.82276875937083, 5.993114759638502],
            [101.81799526317093, 5.987659221196168],
            [101.81559660489944, 5.978794013832726],
            [101.81007344103654, 5.977043966405972],
            [101.8111834283726, 5.966744942924834],
            [101.81483464710135, 5.955600551324437],
            [101.81460203475615, 5.940807527445486],
            [101.81073227897156, 5.934463263668704],
            [101.81018167444478, 5.928089675698004],
            [101.81116803018051, 5.923279372045442],
            [101.81039507277444, 5.91563738835481],
            [101.80763314775163, 5.909702468993771],
            [101.80924634084602, 5.90761383940719],
            [101.80196875705258, 5.89641346411014],
            [101.801623540594, 5.894602961557496],
            [101.80289014756232, 5.890877237594509],
            [101.80158840767893, 5.8860202744161825],
            [101.80179063373083, 5.882369367752176],
            [101.79956165774439, 5.878498548968935],
            [101.79828707738676, 5.871718477325942],
            [101.80079684959497, 5.862376452111619],
            [101.80622951468041, 5.852024770626713],
            [101.80932200080974, 5.847144676885364],
            [101.81086072824007, 5.846196130447083],
            [101.80967827263424, 5.843615005128413],
            [101.81221378074144, 5.839118342737379],
            [101.8093400043378, 5.826419429812859],
            [101.80819747143624, 5.81300421407326],
            [101.80849522617382, 5.808685903431751],
            [101.81021347357301, 5.8053471262688845],
            [101.80599213233108, 5.804357782086015],
            [101.80144419779157, 5.800435074219365],
            [101.8006538753761, 5.798426823339298],
            [101.80046021536668, 5.789681677267652],
            [101.80120592871071, 5.785042621619766],
            [101.80490000013498, 5.77889867193619],
            [101.80574708056338, 5.772517485593539],
            [101.80997644285861, 5.771010782121948],
            [101.81775376192661, 5.765106442408467],
            [101.81949084562609, 5.7649707760804745],
            [101.82116846165525, 5.766379934586382],
            [101.82456926416029, 5.764814724819757],
            [101.82586644358156, 5.76975571795208],
            [101.8349222811384, 5.784325664997482],
            [101.83555257189374, 5.7883227234149786],
            [101.83751194372127, 5.788940040550472],
            [101.8378428105973, 5.790018979692206],
            [101.84052405474137, 5.79000255357505],
            [101.84046359332024, 5.791567723771493],
            [101.84290329305259, 5.78887553307942],
            [101.84604412403718, 5.790286475840219],
            [101.85473744667587, 5.791051708069915],
            [101.85633613280635, 5.793929233747178],
            [101.85759857771222, 5.791889530877199],
            [101.8647827750051, 5.790576073726868],
            [101.86646020217665, 5.791302276279055],
            [101.86622496381108, 5.793459516943187],
            [101.86384477041986, 5.793643037096558],
            [101.86355823202683, 5.79768572621532],
            [101.86032890055839, 5.798736319625505],
            [101.86081505067409, 5.801470865687975],
            [101.86557118815989, 5.804071580938739],
            [101.86726170766173, 5.8025819007341966],
            [101.86815963665799, 5.804197391596404],
            [101.86941468913665, 5.803923844809617],
            [101.86961886941538, 5.805177563593759],
            [101.87237719625068, 5.802932037383641],
            [101.87481782857998, 5.804574214728291],
            [101.87496273544195, 5.806218384071201],
            [101.87613013729606, 5.806327786598104],
            [101.87660119858651, 5.809223084677683],
            [101.87842966060043, 5.808940457436222],
            [101.87806396388089, 5.810635198355783],
            [101.87999953155321, 5.810186249595802],
            [101.88010488443291, 5.812381482119747],
            [101.87875707318045, 5.813877799321006],
            [101.87951611807443, 5.815928117788474],
            [101.87661704284233, 5.820773971641529],
            [101.87949195958635, 5.831349113970475],
            [101.88407670157858, 5.835296168283605],
            [101.8834270277352, 5.837907885840309],
            [101.88623735606916, 5.839458615622675],
            [101.8884595520667, 5.837989297867864],
            [101.89072779335305, 5.838354997285364],
            [101.89523777740158, 5.845562007680542],
            [101.89694727529655, 5.843039751083666],
            [101.8990003681725, 5.8442926074179695],
            [101.90056097161158, 5.84278186239311],
            [101.9058956834391, 5.8414105257751885],
            [101.91650508544137, 5.843132892069377],
            [101.91622537919795, 5.845432880323244],
            [101.92001264196989, 5.845772191833248],
            [101.92295477494298, 5.849545732749391],
            [101.92559357018717, 5.849982027148883],
            [101.92901654817524, 5.853446801128996],
            [101.9290292304147, 5.854474160554105],
            [101.92688660643182, 5.854873000888347],
            [101.92672385342314, 5.856591595425812],
            [101.93009515456777, 5.861325150035668],
            [101.9353451610504, 5.863428443967564],
            [101.93718361273358, 5.861877249235704],
            [101.93871788582186, 5.865289687169366],
            [101.94069617488861, 5.867102046822026],
            [101.94024836197241, 5.870445971704271],
            [101.94277372932419, 5.871548893966349],
            [101.94325769858398, 5.8727064554386175],
            [101.94175021540019, 5.876638836413235],
            [101.93904501241747, 5.879230230191013],
            [101.94028343463287, 5.884616862578184],
            [101.93885805685392, 5.88727662731452],
            [101.939664181257, 5.888970056123242],
            [101.93868293816712, 5.889684736561378],
            [101.9364590172699, 5.888528155350116],
            [101.93794250474286, 5.89166385840042],
            [101.93429160527342, 5.8971615426710855],
            [101.93512133058499, 5.8995054951824955],
            [101.93296733107752, 5.900422211915611],
            [101.9338673420043, 5.902109740272351],
            [101.93173399542763, 5.9055171204188355],
            [101.93284631110845, 5.906592600767965],
            [101.9313803289391, 5.907180630581706],
            [101.92976247735652, 5.904917366143593],
            [101.92962238006885, 5.909745333380499],
            [101.92654669057737, 5.910682814560289],
            [101.92508714305728, 5.908948195902553],
            [101.92151127762344, 5.910652969658884],
            [101.92047308496495, 5.91812731792146],
            [101.92341106666743, 5.920903040343092],
            [101.92243012125317, 5.923216046283585],
            [101.92296027789456, 5.924350509568399],
            [101.92700842140158, 5.924267027301539],
            [101.92874588011836, 5.931226714241518],
            [101.93021113383679, 5.932639875629832],
            [101.92860073223807, 5.935266934721312],
            [101.93077903412518, 5.936326807336343],
            [101.92838394526291, 5.938810848142168],
            [101.93067945759094, 5.941257267608876],
            [101.92975786023715, 5.943309943199381],
            [101.93110643861132, 5.945040567967908],
            [101.93036771299961, 5.945604268422301],
            [101.92858852663926, 5.944865044586209],
            [101.9284894798057, 5.948901575147602],
            [101.93387481716911, 5.949537589188424],
            [101.93591296870858, 5.948256523819566],
            [101.94302355559267, 5.954477699186498],
            [101.94360981374194, 5.957761632093707],
            [101.94083287723555, 5.95945149778845],
            [101.9406924615879, 5.962278032805045],
            [101.94181383074374, 5.965115140251555],
            [101.93894832990156, 5.9723271481793745],
            [101.94548883204402, 5.977042667784929],
            [101.94536035939313, 5.97818906057671],
            [101.94302151413166, 5.978406715397625],
            [101.94484371056888, 5.980080637911158],
            [101.94210389357988, 5.980446360711028],
            [101.94167809786597, 5.981259128406123],
            [101.94605387698488, 5.987735513383257]
          ]
        ]
      }
    },
    {
      "type": "Feature",
      "properties": {
        "district_code": "9609",
        "district_th": "สุคิริน",
        "district_en": "Sukhirin",
        "province_code": "96",
        "province_th": "นราธิวาส"
      },
      "geometry": {
        "type": "Polygon",
        "coordinates": [
          [
            [101.80103648024942, 6.086239730179443],
            [101.79702209459407, 6.089349091187671],
            [101.79276101770688, 6.08610868366884],
            [101.7901978554467, 6.08701959527815],
            [101.78623463312186, 6.086721561750721],
            [101.78399216730475, 6.085493245217151],
            [101.78284165741661, 6.0836016453996535],
            [101.77634636059611, 6.080494539891163],
            [101.77437980768207, 6.077282767685631],
            [101.77227222668199, 6.0763284296133975],
            [101.76445832858906, 6.078869734750526],
            [101.75258136273976, 6.080927353914319],
            [101.75207236984403, 6.082351440266791],
            [101.74585025198758, 6.084096596280915],
            [101.73952611144097, 6.0830901299055995],
            [101.73588134714652, 6.085651179658271],
            [101.73387902459734, 6.083985667604509],
            [101.73439865557356, 6.078737499336171],
            [101.73212489694652, 6.077053009788642],
            [101.73229389934403, 6.073590422959683],
            [101.7314164110386, 6.072158372211163],
            [101.72780415543747, 6.069746971445625],
            [101.72590632421753, 6.07167688957685],
            [101.72070628406783, 6.072101375877821],
            [101.71865163086812, 6.070014235568578],
            [101.71987073744464, 6.066540081659468],
            [101.71908264085124, 6.06531777799313],
            [101.71055006933028, 6.065884340989612],
            [101.7098656178041, 6.05903010855269],
            [101.71695276925493, 6.049852644883686],
            [101.71285002790654, 6.0345519357233],
            [101.71464206198164, 6.02859309619447],
            [101.71354743596544, 6.024926945122445],
            [101.71491670144468, 6.020285019737912],
            [101.71338133208286, 6.01840066126158],
            [101.7095836695508, 6.017827833587717],
            [101.70615233776022, 6.009384848931688],
            [101.70689992709003, 6.00757950129298],
            [101.7122342099409, 6.004464297389461],
            [101.71456427242327, 6.001974756330014],
            [101.71321334591926, 5.993245248569394],
            [101.71205918028699, 5.9918791199255],
            [101.70948465599213, 5.992360056671316],
            [101.70680482378367, 5.995397691350433],
            [101.70487460437954, 5.999981567295549],
            [101.70172830281899, 5.999990708004816],
            [101.69897711120478, 6.002643792577032],
            [101.69793801113036, 6.001676927847996],
            [101.69945381843905, 5.998863704596317],
            [101.69705536521298, 5.9967312348586574],
            [101.69780212626716, 5.99383134843805],
            [101.694736797865, 5.992135701901191],
            [101.68874073359802, 5.9908791331654925],
            [101.68643715525059, 5.993367591441256],
            [101.68122109367857, 5.9961222085731265],
            [101.67819749561801, 5.996274813631771],
            [101.67621453187519, 5.9925292919932645],
            [101.6746703833316, 5.992082362211306],
            [101.67485733709651, 5.989347565238006],
            [101.67250958225151, 5.986133471882283],
            [101.67199085779191, 5.980964169660751],
            [101.67356948814142, 5.977938481575734],
            [101.66867273535848, 5.9773709760897304],
            [101.6657780191403, 5.970655462279808],
            [101.65950462643741, 5.9674464204160245],
            [101.6607213408173, 5.96488467458812],
            [101.65911452841283, 5.962205537555576],
            [101.65524293441393, 5.961396120734435],
            [101.65689924280588, 5.9597893667859125],
            [101.6554799678263, 5.9574523534433865],
            [101.65356734905396, 5.958386638432671],
            [101.6499124871716, 5.956135872772336],
            [101.65146971995165, 5.954902758355672],
            [101.65197917240096, 5.952857975215409],
            [101.6493505727708, 5.946878864068367],
            [101.64802990395697, 5.94579512344626],
            [101.65131602221669, 5.941877774639636],
            [101.64910891324581, 5.937808390944554],
            [101.65030950098276, 5.935667389338619],
            [101.64889735223107, 5.933925700210921],
            [101.64891445283979, 5.929669238644522],
            [101.64723989630426, 5.928609009897912],
            [101.64576543262865, 5.928856381017226],
            [101.6448608162737, 5.926050499830751],
            [101.64140304081775, 5.927187860731237],
            [101.6401243964238, 5.9215771982291585],
            [101.63647001567875, 5.916880100336414],
            [101.63757751818798, 5.912522963264166],
            [101.63557273059712, 5.90958670196477],
            [101.63195472113352, 5.908796733882184],
            [101.63056013973869, 5.906802855967101],
            [101.62666831099381, 5.9064170423126825],
            [101.6203256480103, 5.901143321607037],
            [101.61782227537776, 5.896505501627644],
            [101.62186088876905, 5.8959486018465554],
            [101.62189299726407, 5.885660460162171],
            [101.62317199778954, 5.8813928901698205],
            [101.62243215881716, 5.878392659193935],
            [101.62326386983176, 5.877104355181871],
            [101.63192788986026, 5.875322275702501],
            [101.63770972392467, 5.871109188438368],
            [101.64146075391074, 5.870501818704042],
            [101.64693917919982, 5.874632338311812],
            [101.65181085079018, 5.876097504796064],
            [101.65405937623927, 5.877830098180539],
            [101.65870871113816, 5.8748707279017935],
            [101.65899042197043, 5.871195769769031],
            [101.66178893321273, 5.868534523849235],
            [101.66263149095062, 5.86620004839358],
            [101.6594747455631, 5.86406579889757],
            [101.65556301302269, 5.857321021148266],
            [101.65712991531342, 5.854058582937284],
            [101.66003533885987, 5.8524411927069195],
            [101.66119877830101, 5.848068625067015],
            [101.65960104455263, 5.841991575051168],
            [101.65664558182817, 5.8382496084327045],
            [101.65856330335384, 5.832539980036074],
            [101.65884677865597, 5.825907282994763],
            [101.65725991411381, 5.822882053563944],
            [101.65819895471805, 5.814905699238693],
            [101.65764126533219, 5.812397204967056],
            [101.65909418215085, 5.811909528701847],
            [101.66267747238749, 5.814845148784627],
            [101.66427927556816, 5.8138191608256875],
            [101.66755682868478, 5.8080921458359285],
            [101.66430194657761, 5.80082367936933],
            [101.66986857557436, 5.7954222189603115],
            [101.66893828987025, 5.790932382423534],
            [101.67167048240691, 5.787456589949727],
            [101.67408717838066, 5.786372226097399],
            [101.67847181941897, 5.781241926573728],
            [101.68447747225758, 5.783376059157831],
            [101.68767374284903, 5.7809814658220375],
            [101.6901211542679, 5.7716660857213355],
            [101.689720270674, 5.767011285642354],
            [101.68781525656891, 5.764253512789423],
            [101.68951062431591, 5.7634459054042395],
            [101.68964066898172, 5.760824379841324],
            [101.69119056059594, 5.758135156012713],
            [101.69042045314148, 5.756372974932901],
            [101.69133485142231, 5.755185424667673],
            [101.69777184339591, 5.752479895231033],
            [101.70216839955208, 5.752771131682437],
            [101.70683398340168, 5.7551027445960585],
            [101.70978362391514, 5.761998837776218],
            [101.71442078738949, 5.763610382413276],
            [101.71684034230799, 5.774608625187966],
            [101.71667344342472, 5.785724816746949],
            [101.7181518614193, 5.788290858636287],
            [101.71988827242592, 5.787847090870571],
            [101.7215583116668, 5.780009593667842],
            [101.72532551326191, 5.782087400812941],
            [101.72685832675046, 5.785293598121086],
            [101.72849902381097, 5.783906723016912],
            [101.73360310000311, 5.784461988729845],
            [101.73673664468049, 5.782343121238114],
            [101.73886906585477, 5.782178653222331],
            [101.7409229986975, 5.783866710380437],
            [101.74119214869876, 5.786477737257826],
            [101.7434223810381, 5.789404863243874],
            [101.74387545318967, 5.793606217952629],
            [101.74627701177474, 5.794298206696908],
            [101.74786187712397, 5.792928473570271],
            [101.75344683610268, 5.797215473415406],
            [101.75729339567374, 5.795570245570445],
            [101.7606554661769, 5.7953031154464725],
            [101.76569124965152, 5.789375162234023],
            [101.76895677613436, 5.788922667447196],
            [101.77103241141674, 5.786832965868712],
            [101.77358774957503, 5.786391592098369],
            [101.7763415420286, 5.783402265402287],
            [101.77384253560462, 5.773521172164408],
            [101.7750647466408, 5.769295953045855],
            [101.77662462882364, 5.766156521406401],
            [101.7865598954229, 5.757214068574456],
            [101.78937136859383, 5.753541903735936],
            [101.79265760016818, 5.750871726648938],
            [101.79415800209017, 5.751637336593831],
            [101.79934358473872, 5.750417355876323],
            [101.80133587624977, 5.746566244836401],
            [101.80389842517224, 5.744562736980754],
            [101.80903723228249, 5.74336636076896],
            [101.8144361476102, 5.737999458608158],
            [101.81562981956057, 5.733449618405189],
            [101.82128911290232, 5.733515439785776],
            [101.82289877705699, 5.732734564748398],
            [101.82585120277088, 5.733961379414154],
            [101.82697249098771, 5.738476339411591],
            [101.82405637180415, 5.744627396437238],
            [101.82430055212882, 5.751465506727811],
            [101.82331358215617, 5.753538110395539],
            [101.8192817136802, 5.754007014212391],
            [101.8182342993735, 5.755702994397723],
            [101.81922398709736, 5.757623832074216],
            [101.82104199629117, 5.758505743245507],
            [101.82405856884793, 5.764415596702463],
            [101.82116846165525, 5.766379934586382],
            [101.81833925565218, 5.764809883769146],
            [101.80997644285861, 5.771010782121948],
            [101.80574708056338, 5.772517485593539],
            [101.80490000013498, 5.77889867193619],
            [101.80154203773492, 5.784249764015442],
            [101.8005742278184, 5.787642972645131],
            [101.80119460264888, 5.800019532575391],
            [101.80599213233108, 5.804357782086015],
            [101.81021347357301, 5.8053471262688845],
            [101.80849522617382, 5.808685903431751],
            [101.80819747143624, 5.81300421407326],
            [101.8093400043378, 5.826419429812859],
            [101.81221378074144, 5.839118342737379],
            [101.80967827263424, 5.843615005128413],
            [101.81086072824007, 5.846196130447083],
            [101.80932200080974, 5.847144676885364],
            [101.80622951468041, 5.852024770626713],
            [101.80079684959497, 5.862376452111619],
            [101.79828707738676, 5.871718477325942],
            [101.79956165774439, 5.878498548968935],
            [101.80179063373083, 5.882369367752176],
            [101.80158840767893, 5.8860202744161825],
            [101.80289014756232, 5.890877237594509],
            [101.801623540594, 5.894602961557496],
            [101.80196875705258, 5.89641346411014],
            [101.80924634084602, 5.90761383940719],
            [101.80769877218063, 5.910301884224623],
            [101.81039507277444, 5.91563738835481],
            [101.81116803018051, 5.923279372045442],
            [101.81018167444478, 5.928089675698004],
            [101.81073227897156, 5.934463263668704],
            [101.81460203475615, 5.940807527445486],
            [101.81492333284558, 5.953965207928036],
            [101.81092543625994, 5.967918641831886],
            [101.81007344103654, 5.977043966405972],
            [101.80665779432184, 5.978760708340076],
            [101.80478092899676, 5.980928707593819],
            [101.80383232500185, 5.986601788441817],
            [101.79934218989018, 5.98790610937948],
            [101.79991393927696, 5.9946133782048605],
            [101.80332921637029, 6.006929697047951],
            [101.80348576765414, 6.011946551592132],
            [101.80083681816467, 6.017907364233508],
            [101.80237221540546, 6.0236106362219175],
            [101.80185771865882, 6.0249251581695376],
            [101.80007310309128, 6.025575585644788],
            [101.80029998855366, 6.02823742691578],
            [101.79822212744926, 6.031439990962838],
            [101.7944262114006, 6.034312541590566],
            [101.79685805375624, 6.0394623033426456],
            [101.8040950943132, 6.046556474901422],
            [101.80980087001421, 6.0491538275871335],
            [101.81087393388498, 6.051299045214819],
            [101.80885609263464, 6.061788628742249],
            [101.80702487959456, 6.065171257747409],
            [101.80205331490862, 6.067741697321537],
            [101.79877423923983, 6.071036384321701],
            [101.7974950201791, 6.076393304907128],
            [101.79837438626896, 6.078762334114458],
            [101.80059772440552, 6.0800611368120485],
            [101.80220550537985, 6.082874628061688],
            [101.80103648024942, 6.086239730179443]
          ]
        ]
      }
    },
    {
      "type": "Feature",
      "properties": {
        "district_code": "9610",
        "district_th": "สุไหงโก-ลก",
        "district_en": "Su-Ngai Kolok",
        "province_code": "96",
        "province_th": "นราธิวาส"
      },
      "geometry": {
        "type": "Polygon",
        "coordinates": [
          [
            [102.04699473042251, 6.144620862063164],
            [102.04255722273768, 6.146476616702557],
            [102.02709375607202, 6.150115910420993],
            [102.00804214462931, 6.162111860174264],
            [101.99299044605232, 6.134882212444211],
            [101.96824780509218, 6.100110967846945],
            [101.96200661711174, 6.094171860343124],
            [101.9355884816232, 6.0733435176892385],
            [101.94210666798841, 6.0553590759606095],
            [101.9340994417359, 6.045814371436165],
            [101.93280067141393, 6.036227638894445],
            [101.92930110086519, 6.030319695597541],
            [101.92365808435318, 6.025542947449139],
            [101.9174991672528, 6.022160781594835],
            [101.91666425555104, 6.020131277036853],
            [101.92097203423208, 6.015404469141004],
            [101.92354493525062, 6.010128485741063],
            [101.93540964693773, 6.005810078872116],
            [101.93728171258101, 5.993499282765754],
            [101.9390970732714, 5.991987528701543],
            [101.9459874287769, 5.989543361137237],
            [101.94674276756473, 5.983808665037884],
            [101.94805777964285, 5.985106963215856],
            [101.94741746864133, 5.990701140245449],
            [101.94902902766756, 5.990791005000915],
            [101.94976954023218, 5.988054900413374],
            [101.951209586853, 5.987821003836302],
            [101.95224907003859, 5.991500669920015],
            [101.95463996356352, 5.9927224133087975],
            [101.95322359609213, 5.99547204190128],
            [101.95439531918868, 5.995681704447179],
            [101.95723771734686, 5.993796776699924],
            [101.95886288581357, 5.997562363112593],
            [101.96090483608936, 5.996424078608413],
            [101.9626468372818, 5.996751754689797],
            [101.96374896724109, 5.9977042932185896],
            [101.96417383215669, 6.000762423447156],
            [101.96623180385473, 6.001632695592491],
            [101.9677639824219, 6.004455840164951],
            [101.96975095084576, 6.0047361309677285],
            [101.9714116119564, 6.006675438021091],
            [101.97228828097946, 6.00964826575489],
            [101.97057689900475, 6.010942532272111],
            [101.97123079156785, 6.014200401927042],
            [101.97036168044724, 6.0195035430541],
            [101.97549919882903, 6.0241883858853384],
            [101.97745219626194, 6.029991619317798],
            [101.98008068437616, 6.028875614617959],
            [101.98273595070361, 6.029876028555918],
            [101.98367924959774, 6.032912038160077],
            [101.99042470903316, 6.040615686564706],
            [101.99465622970132, 6.04110282413609],
            [101.99723975261253, 6.0396625913555795],
            [101.99930240797983, 6.040635659608029],
            [102.0005768444459, 6.042940810869766],
            [102.00361959267013, 6.044165818797524],
            [102.00377320227153, 6.046977226318006],
            [102.00253885578365, 6.049356423260349],
            [102.004368343924, 6.050924678131423],
            [102.0116074879952, 6.051335126914637],
            [102.01557718723745, 6.0536785901948065],
            [102.0187137824152, 6.052205440428793],
            [102.02187402256817, 6.061529381176058],
            [102.02895266463383, 6.06536145626626],
            [102.03114263882179, 6.071279686908099],
            [102.0336247667696, 6.0695578916834165],
            [102.03850555658624, 6.073069987989584],
            [102.04302763921424, 6.074151199718131],
            [102.04322029018431, 6.076197687972979],
            [102.04739216241842, 6.077302836956392],
            [102.04881065588711, 6.078958743351393],
            [102.05130055757473, 6.078829314721133],
            [102.0534432013427, 6.0804513733322665],
            [102.05657586198652, 6.085385819400074],
            [102.05776142295139, 6.091006530926734],
            [102.06065671203771, 6.091423153555752],
            [102.05862136368506, 6.0970047742509905],
            [102.06065725792615, 6.096587361117884],
            [102.05976354405237, 6.099517600556851],
            [102.06114938403692, 6.101346380930806],
            [102.06088675681843, 6.103075280799601],
            [102.06322125026054, 6.105031331430837],
            [102.05777309705087, 6.120152545803421],
            [102.05535748206222, 6.132212756613455],
            [102.0540188780688, 6.134986967274756],
            [102.04917146659, 6.1391385094347015],
            [102.05016788663869, 6.140760032949231],
            [102.0499062028091, 6.143941405371606],
            [102.04699473042251, 6.144620862063164]
          ]
        ]
      }
    },
    {
      "type": "Feature",
      "properties": {
        "district_code": "9611",
        "district_th": "สุไหงปาดี",
        "district_en": "Su-Ngai Padi",
        "province_code": "96",
        "province_th": "นราธิวาส"
      },
      "geometry": {
        "type": "Polygon",
        "coordinates": [
          [
            [101.93238484468492, 6.253773056381476],
            [101.93297517856172, 6.256925683773318],
            [101.93129730172916, 6.260020395724723],
            [101.92662637860457, 6.261904227198386],
            [101.92382034902994, 6.265639673731982],
            [101.92167800923278, 6.266164025249623],
            [101.91904826116837, 6.2685870038871485],
            [101.91714558619992, 6.273491630234616],
            [101.91651312268255, 6.282540108639125],
            [101.91479703185757, 6.280619616302317],
            [101.91020617357611, 6.278884228724223],
            [101.91014730935092, 6.270109181993178],
            [101.91238884077245, 6.264424549353521],
            [101.9156237840105, 6.262347205359276],
            [101.91504603164913, 6.259008101742552],
            [101.91584268888903, 6.256032356608046],
            [101.9136793130499, 6.253818973966531],
            [101.90920638106968, 6.2543785141571675],
            [101.90252466198365, 6.253391143986164],
            [101.90315232941651, 6.231498918640227],
            [101.9019992447694, 6.214284142798988],
            [101.88557262038017, 6.193077874444384],
            [101.87470088703634, 6.19562382997583],
            [101.86752538618771, 6.189066425075509],
            [101.85671198556975, 6.189796734831475],
            [101.85796054404392, 6.183364803343068],
            [101.85705751409307, 6.179257478150134],
            [101.86045787503099, 6.177056613172226],
            [101.8616397946409, 6.174083869075332],
            [101.86129364558536, 6.159446891960556],
            [101.8550506922357, 6.156066170417489],
            [101.85047522225375, 6.1478811796727655],
            [101.84693826868619, 6.145782654845675],
            [101.84333663857507, 6.146269974080099],
            [101.8404683965993, 6.14408284444778],
            [101.82486701260262, 6.13699806720706],
            [101.82020915572804, 6.132553972887592],
            [101.80740697365297, 6.127252344420185],
            [101.80432581178684, 6.1231493215839805],
            [101.80597815956446, 6.1178624249110385],
            [101.80445774233101, 6.117181680390274],
            [101.80406757865592, 6.114093505610867],
            [101.8054089363734, 6.111326097421511],
            [101.8050647892087, 6.108837428704419],
            [101.80795394941532, 6.097770582046792],
            [101.80609560382914, 6.09670050122719],
            [101.8066689306267, 6.090535172859973],
            [101.80118567867618, 6.087922425579507],
            [101.80066414023793, 6.086896189407639],
            [101.80220550537985, 6.082874628061688],
            [101.80059772440552, 6.0800611368120485],
            [101.79837438626896, 6.078762334114458],
            [101.79747966875175, 6.075824131178763],
            [101.79910793358431, 6.070598118608359],
            [101.80205331490862, 6.067741697321537],
            [101.80702487959456, 6.065171257747409],
            [101.80885609263464, 6.061788628742249],
            [101.81094247121814, 6.051898432566645],
            [101.80980087001421, 6.0491538275871335],
            [101.8040950943132, 6.046556474901422],
            [101.79685805375624, 6.0394623033426456],
            [101.7944262114006, 6.034312541590566],
            [101.79822212744926, 6.031439990962838],
            [101.80029998855366, 6.02823742691578],
            [101.80007310309128, 6.025575585644788],
            [101.80185771865882, 6.0249251581695376],
            [101.80237221540546, 6.0236106362219175],
            [101.80083681816467, 6.017907364233508],
            [101.80348576765414, 6.011946551592132],
            [101.80332921637029, 6.006929697047951],
            [101.79991393927696, 5.9946133782048605],
            [101.79934218989018, 5.98790610937948],
            [101.80383232500185, 5.986601788441817],
            [101.80478092899676, 5.980928707593819],
            [101.80858657660929, 5.977595406402941],
            [101.81007344103654, 5.977043966405972],
            [101.81559660489944, 5.978794013832726],
            [101.81799526317093, 5.987659221196168],
            [101.82276875937083, 5.993114759638502],
            [101.8302055591393, 5.9870118514158435],
            [101.83729880439637, 5.990007170294746],
            [101.84548865777538, 5.991050096984452],
            [101.85261896139599, 5.986615630806739],
            [101.86033470028627, 5.984153417446294],
            [101.86725355800536, 5.987574419623797],
            [101.87036012212201, 5.995745211872077],
            [101.87579871913562, 5.993064852660893],
            [101.87943294157708, 5.989749061270231],
            [101.88488786937972, 5.988270807851563],
            [101.88600952991595, 5.985761616605373],
            [101.89163085567952, 5.986660927859589],
            [101.89610679499265, 5.985235187653814],
            [101.91067579235397, 5.994880772729516],
            [101.9230617061329, 6.011054880978008],
            [101.91942538557316, 6.0176161133929895],
            [101.91684523691822, 6.0197994074167696],
            [101.91683406284176, 6.021404848355132],
            [101.92365808435318, 6.025542947449139],
            [101.92930110086519, 6.030319695597541],
            [101.93280067141393, 6.036227638894445],
            [101.9340994417359, 6.045814371436165],
            [101.94210666798841, 6.0553590759606095],
            [101.9355884816232, 6.0733435176892385],
            [101.96200661711174, 6.094171860343124],
            [101.96824780509218, 6.100110967846945],
            [101.99299044605232, 6.134882212444211],
            [102.00804214462931, 6.162111860174264],
            [101.96308305074228, 6.1931000130551865],
            [101.91490905141166, 6.228425263415204],
            [101.91765828070515, 6.2325885633115945],
            [101.92095783393694, 6.2338060753901345],
            [101.92498997940407, 6.233830296830774],
            [101.92883988355385, 6.236910133096217],
            [101.92798277658392, 6.242299812386477],
            [101.92956473172706, 6.244075926662731],
            [101.92684211786951, 6.247637770766573],
            [101.92599771742078, 6.250692819018411],
            [101.93238484468492, 6.253773056381476]
          ]
        ]
      }
    },
    {
      "type": "Feature",
      "properties": {
        "district_code": "9612",
        "district_th": "จะแนะ",
        "district_en": "Chanae",
        "province_code": "96",
        "province_th": "นราธิวาส"
      },
      "geometry": {
        "type": "Polygon",
        "coordinates": [
          [
            [101.71308030021572, 6.18500833866392],
            [101.71192564625164, 6.187986073098841],
            [101.71062280469874, 6.188796964808148],
            [101.69500552338627, 6.1913507894074655],
            [101.68279428942498, 6.184958848971746],
            [101.67366162818166, 6.186978841400446],
            [101.67027149433403, 6.188750145203073],
            [101.66692725558846, 6.1873007519282055],
            [101.65586843088346, 6.1878876575893855],
            [101.65354335783974, 6.186653333584502],
            [101.65063704306516, 6.182592807312233],
            [101.64349319835247, 6.176273776713458],
            [101.63230395396437, 6.172051963327476],
            [101.6315313625824, 6.172394104104683],
            [101.62936906233244, 6.180109942819627],
            [101.62714524125994, 6.180856321661963],
            [101.62617295271963, 6.1770989118853095],
            [101.6227524658537, 6.174816433431715],
            [101.6204141529908, 6.171674593407829],
            [101.61817425833539, 6.167766920407075],
            [101.6172314981352, 6.16344675266555],
            [101.61078819202152, 6.153932901182486],
            [101.60665137626006, 6.1405544209497975],
            [101.61119905898943, 6.129273690328603],
            [101.60368534740093, 6.115889478716497],
            [101.60172014526853, 6.102620545801585],
            [101.5973892890845, 6.096999974569201],
            [101.5933861449547, 6.095326471139799],
            [101.58870275272989, 6.09523715227283],
            [101.57803111944065, 6.0892281944256865],
            [101.57363199212278, 6.089110815811523],
            [101.56833726685147, 6.086960288586511],
            [101.5635073148108, 6.080952442301395],
            [101.55475928641198, 6.07736362842877],
            [101.54735508526903, 6.075861623015555],
            [101.53781747729482, 6.076677504163513],
            [101.53372584796955, 6.075109457935184],
            [101.52879425455126, 6.071900435856492],
            [101.52516816467914, 6.067537463083511],
            [101.51694741958778, 6.06114818374175],
            [101.51411576023423, 6.052707585886424],
            [101.5090525474372, 6.054049415748011],
            [101.50423834612286, 6.061557281743205],
            [101.50091706257246, 6.06169915159461],
            [101.49953332520283, 6.06620867429092],
            [101.50006177942765, 6.071777537203616],
            [101.49657484435363, 6.076123636896398],
            [101.4902855165634, 6.073169286633345],
            [101.48675354344135, 6.073043753866216],
            [101.47439853666322, 6.067452749644701],
            [101.47604315206985, 6.065280047835984],
            [101.47868527480563, 6.048967835197459],
            [101.47804981474724, 6.04237973103983],
            [101.47453975180815, 6.040455357229007],
            [101.47411811006276, 6.039245889586198],
            [101.47846068171515, 6.034453739648427],
            [101.47948121528594, 6.029188944714065],
            [101.47730504029545, 6.026117993750461],
            [101.47779478410206, 6.020511035555899],
            [101.48217417040172, 6.012106650701412],
            [101.47788098501951, 6.00814430701422],
            [101.47817696809267, 5.997853122024026],
            [101.47261415761733, 5.98868651317207],
            [101.47546731076784, 5.9885375054016095],
            [101.47663777031693, 5.9803267670666855],
            [101.47884410497153, 5.976377342140665],
            [101.48032777860413, 5.976210786798447],
            [101.48297119906164, 5.978741363922836],
            [101.48409554677215, 5.978340866138126],
            [101.48329179208258, 5.972511008276456],
            [101.4856955261277, 5.968185618171788],
            [101.48474558124366, 5.961829954588779],
            [101.48615805824784, 5.9561335786017935],
            [101.48710606329422, 5.9551707068627024],
            [101.49114308758351, 5.95449101544807],
            [101.4918777266758, 5.949312034722652],
            [101.49539687276751, 5.95071650776066],
            [101.49708406028122, 5.948410976085711],
            [101.49524916901402, 5.942229391573221],
            [101.49319689092385, 5.941134327587179],
            [101.49007680370158, 5.936806195449606],
            [101.4912927869326, 5.931327645154738],
            [101.49068697032749, 5.926944678654024],
            [101.4922748933717, 5.9227591583085655],
            [101.48981965605236, 5.914424148955334],
            [101.49227804279752, 5.906832495823096],
            [101.48990096106058, 5.900930025800108],
            [101.49134193218447, 5.898195226128848],
            [101.49394941033705, 5.898221396400345],
            [101.4983096509697, 5.899960858806651],
            [101.501800041239, 5.889397440939206],
            [101.50754955726632, 5.8939215245587775],
            [101.50830823613626, 5.89705058791435],
            [101.51168049505884, 5.899245002954558],
            [101.51331072041347, 5.903426268607461],
            [101.51520152343164, 5.903859633915033],
            [101.51783212495269, 5.899681950261822],
            [101.52016750512632, 5.900673165034561],
            [101.52200619512985, 5.8987327212381615],
            [101.52338478927669, 5.898651770562822],
            [101.52494413186628, 5.901490047127993],
            [101.52458313860103, 5.905610088734647],
            [101.52638383134882, 5.909477134861959],
            [101.53285963086734, 5.914631915730354],
            [101.5364296722916, 5.915192615147134],
            [101.53953635601806, 5.918919726764045],
            [101.55023575137886, 5.919852068318335],
            [101.55431339085038, 5.921084444391624],
            [101.55659200042055, 5.91943927500256],
            [101.55929865221111, 5.9190794121851695],
            [101.56254772020117, 5.921480818784801],
            [101.56515974712471, 5.921643276815814],
            [101.56899765521769, 5.924444634412396],
            [101.57259863691763, 5.925534453552245],
            [101.57532392805689, 5.930535304660623],
            [101.58131571784617, 5.934483848251034],
            [101.58215801118331, 5.932831163227661],
            [101.58498701034233, 5.932610379665334],
            [101.58776020926632, 5.929951457593745],
            [101.58945825609368, 5.918588966008031],
            [101.59464438732869, 5.914860856143662],
            [101.59694500600727, 5.914270017747185],
            [101.59772319656832, 5.911958766384032],
            [101.59948891827901, 5.911985805400661],
            [101.60118492634331, 5.913753683685627],
            [101.6042445278627, 5.913630893850723],
            [101.6082735697695, 5.915087301837559],
            [101.61481687060217, 5.911285201151145],
            [101.6145601438356, 5.902974487882375],
            [101.61782227537776, 5.896505501627644],
            [101.6203256480103, 5.901143321607037],
            [101.62666831099381, 5.9064170423126825],
            [101.63056013973869, 5.906802855967101],
            [101.63195472113352, 5.908796733882184],
            [101.63557273059712, 5.90958670196477],
            [101.63757751818798, 5.912522963264166],
            [101.63647001567875, 5.916880100336414],
            [101.6401243964238, 5.9215771982291585],
            [101.64140304081775, 5.927187860731237],
            [101.6448608162737, 5.926050499830751],
            [101.64576543262865, 5.928856381017226],
            [101.64723989630426, 5.928609009897912],
            [101.64891445283979, 5.929669238644522],
            [101.64889735223107, 5.933925700210921],
            [101.65030950098276, 5.935667389338619],
            [101.64910891324581, 5.937808390944554],
            [101.65131602221669, 5.941877774639636],
            [101.64802990395697, 5.94579512344626],
            [101.6493505727708, 5.946878864068367],
            [101.65197917240096, 5.952857975215409],
            [101.65146971995165, 5.954902758355672],
            [101.6499124871716, 5.956135872772336],
            [101.65356734905396, 5.958386638432671],
            [101.6554799678263, 5.9574523534433865],
            [101.65689924280588, 5.9597893667859125],
            [101.65524293441393, 5.961396120734435],
            [101.65911452841283, 5.962205537555576],
            [101.6607213408173, 5.96488467458812],
            [101.65950462643741, 5.9674464204160245],
            [101.6657780191403, 5.970655462279808],
            [101.66867273535848, 5.9773709760897304],
            [101.67356948814142, 5.977938481575734],
            [101.67199085779191, 5.980964169660751],
            [101.67250958225151, 5.986133471882283],
            [101.67485733709651, 5.989347565238006],
            [101.6746703833316, 5.992082362211306],
            [101.67621453187519, 5.9925292919932645],
            [101.67819749561801, 5.996274813631771],
            [101.68122109367857, 5.9961222085731265],
            [101.68643715525059, 5.993367591441256],
            [101.68874073359802, 5.9908791331654925],
            [101.694736797865, 5.992135701901191],
            [101.69780212626716, 5.99383134843805],
            [101.69705536521298, 5.9967312348586574],
            [101.69945381843905, 5.998863704596317],
            [101.69793801113036, 6.001676927847996],
            [101.69897711120478, 6.002643792577032],
            [101.70172830281899, 5.999990708004816],
            [101.70487460437954, 5.999981567295549],
            [101.70680482378367, 5.995397691350433],
            [101.70948465599213, 5.992360056671316],
            [101.712730793991, 5.992399343554894],
            [101.71475950174965, 6.001522278630318],
            [101.7122342099409, 6.004464297389461],
            [101.70689992709003, 6.00757950129298],
            [101.70615233776022, 6.009384848931688],
            [101.7095836695508, 6.017827833587717],
            [101.71338133208286, 6.01840066126158],
            [101.71491670144468, 6.020285019737912],
            [101.71354743596544, 6.024926945122445],
            [101.71464206198164, 6.02859309619447],
            [101.71285002790654, 6.0345519357233],
            [101.71695276925493, 6.049852644883686],
            [101.7098656178041, 6.05903010855269],
            [101.71055006933028, 6.065884340989612],
            [101.71908264085124, 6.06531777799313],
            [101.71987073744464, 6.066540081659468],
            [101.71865163086812, 6.070014235568578],
            [101.72070628406783, 6.072101375877821],
            [101.72590632421753, 6.07167688957685],
            [101.72780415543747, 6.069746971445625],
            [101.7314164110386, 6.072158372211163],
            [101.73229389934403, 6.073590422959683],
            [101.73212489694652, 6.077053009788642],
            [101.7343296847672, 6.078486529130089],
            [101.73371160320801, 6.083344942015515],
            [101.73530688810246, 6.085520241965639],
            [101.73686570368932, 6.085392609281541],
            [101.73952611144097, 6.0830901299055995],
            [101.74446582034142, 6.084230143806167],
            [101.75207236984403, 6.082351440266791],
            [101.75116129365881, 6.085587622770618],
            [101.75369092919311, 6.088534041912567],
            [101.75552313328603, 6.094666395737647],
            [101.75505316557121, 6.102515504087307],
            [101.75201385635444, 6.105964206283147],
            [101.74826305659485, 6.113620040432579],
            [101.74778118455407, 6.12278288022577],
            [101.74595238799236, 6.125523983245273],
            [101.74481327071595, 6.125762213655264],
            [101.74491036512131, 6.1288619618101166],
            [101.74338508255556, 6.1292797877320595],
            [101.74439682885065, 6.130062164637252],
            [101.74437599785409, 6.13202076124918],
            [101.74200566103247, 6.1319073360547804],
            [101.74219691085881, 6.1340541409858815],
            [101.73988225825968, 6.13608105819435],
            [101.73829799905349, 6.135838974189369],
            [101.7374124968893, 6.138013604144589],
            [101.73528214595433, 6.138375356437621],
            [101.73528791780325, 6.136879973631949],
            [101.73290682868725, 6.13789346371243],
            [101.7327027329448, 6.1389777241427055],
            [101.73414466634335, 6.140186859935682],
            [101.7317838677314, 6.141199119743646],
            [101.7335475389878, 6.142427508222966],
            [101.73141497392197, 6.143217780276359],
            [101.72942311138752, 6.14620793974467],
            [101.7307575452246, 6.149567690896276],
            [101.72850578131681, 6.149950529593298],
            [101.7279777587666, 6.151582579672379],
            [101.72507385507441, 6.153551504098687],
            [101.72553125116639, 6.157600248352821],
            [101.72289265377299, 6.1594283245575525],
            [101.72286732706556, 6.161267905789259],
            [101.71990564642851, 6.161822379199464],
            [101.71877800270272, 6.161065408142122],
            [101.7160205652969, 6.164944195818009],
            [101.71396220509178, 6.165483028219228],
            [101.71270612558726, 6.170154453165537],
            [101.71308796423824, 6.172444922994828],
            [101.71144687237535, 6.1733156951632395],
            [101.71100286538996, 6.17572107137039],
            [101.71308030021572, 6.18500833866392]
          ]
        ]
      }
    },
    {
      "type": "Feature",
      "properties": {
        "district_code": "9613",
        "district_th": "เจาะไอร้อง",
        "district_en": "Cho-Airong",
        "province_code": "96",
        "province_th": "นราธิวาส"
      },
      "geometry": {
        "type": "Polygon",
        "coordinates": [
          [
            [101.85448278565212, 6.297543221342664],
            [101.8506487428453, 6.299257736555319],
            [101.84465308776987, 6.306560304414575],
            [101.84291022322827, 6.3070784506100495],
            [101.83397572040326, 6.298315723691758],
            [101.83161250621225, 6.293709747806645],
            [101.82162017672982, 6.288810684665407],
            [101.81672533320761, 6.288294960344217],
            [101.81317970657824, 6.286689349433971],
            [101.80628176169398, 6.281207345742473],
            [101.79868476568947, 6.272251306852354],
            [101.7945693079273, 6.269490270359711],
            [101.78656510609483, 6.259021430594601],
            [101.7787682924228, 6.254307638586681],
            [101.77741462118786, 6.25135950443763],
            [101.77065638238622, 6.251147250045619],
            [101.76569573457056, 6.245261882429986],
            [101.76559035920775, 6.243249393045119],
            [101.76907269155151, 6.232869119414374],
            [101.77748124206573, 6.225646441030506],
            [101.78435251755468, 6.218137038093857],
            [101.78463851095859, 6.215647854964573],
            [101.78280201799879, 6.210993339071365],
            [101.7818817201653, 6.19573436924577],
            [101.78486546476944, 6.188253414563462],
            [101.7891647880246, 6.183733839245349],
            [101.79119434204529, 6.17778158455252],
            [101.7936511648694, 6.17562325211145],
            [101.79138271943702, 6.169144642211506],
            [101.79201879732972, 6.165183634916843],
            [101.79619309233738, 6.156432076679039],
            [101.80256924157732, 6.147195190305808],
            [101.80321122441853, 6.143183922599974],
            [101.80263571226834, 6.1290426625888585],
            [101.80432581178684, 6.1231493215839805],
            [101.80740697365297, 6.127252344420185],
            [101.82020915572804, 6.132553972887592],
            [101.82486701260262, 6.13699806720706],
            [101.8404683965993, 6.14408284444778],
            [101.84333663857507, 6.146269974080099],
            [101.84693826868619, 6.145782654845675],
            [101.85047522225375, 6.1478811796727655],
            [101.8550506922357, 6.156066170417489],
            [101.86112421690916, 6.158957107684444],
            [101.862062251172, 6.167537254240926],
            [101.86122713262614, 6.171102760384144],
            [101.8616397946409, 6.174083869075332],
            [101.86045787503099, 6.177056613172226],
            [101.85705751409307, 6.179257478150134],
            [101.85796054404392, 6.183364803343068],
            [101.85671198556975, 6.189796734831475],
            [101.86752538618771, 6.189066425075509],
            [101.87470088703634, 6.19562382997583],
            [101.88497832588911, 6.192947840570412],
            [101.88651596513972, 6.193998269404631],
            [101.90243450314983, 6.215043509650286],
            [101.90315232941651, 6.231498918640227],
            [101.90252466198365, 6.253391143986164],
            [101.90920638106968, 6.2543785141571675],
            [101.9136793130499, 6.253818973966531],
            [101.91576387860016, 6.25566010832739],
            [101.91502474469627, 6.259646868608172],
            [101.9156237840105, 6.262347205359276],
            [101.91219015355279, 6.264720979389722],
            [101.909890215661, 6.271168815388592],
            [101.90969342960813, 6.2777060556899755],
            [101.91061893541558, 6.279231750145186],
            [101.91522338425182, 6.280873602834561],
            [101.9164096961506, 6.282816247272024],
            [101.91275381443705, 6.287605031946725],
            [101.90413060834095, 6.293020029850538],
            [101.90171842156798, 6.295835391690048],
            [101.89907725301288, 6.2951221942338975],
            [101.89768300526652, 6.2960853807358035],
            [101.89490831077, 6.300606964240046],
            [101.89006551191392, 6.3014176104344415],
            [101.8843652355672, 6.2982129338798245],
            [101.88033514595031, 6.297090569174486],
            [101.8636941267826, 6.299435314887944],
            [101.85448278565212, 6.297543221342664]
          ]
        ]
      }
    }
  ]
}
