{
  "type": "FeatureCollection",
  "features": [
    {
      "type": "Feature",
      "geometry": { "type": "Point", "coordinates": [101.9650103, 6.0254473] },
      "properties": {
        "id": "osm_node_10035402613",
        "osm_type": "node",
        "osm_id": 10035402613,
        "kind": "police",
        "name_th": null,
        "name_en": null,
        "phone": null,
        "opening_hours": null,
        "opened_on": null,
        "closed_on": null,
        "operator": null,
        "subdistrict_th": "สุไหงโก-ลก",
        "district_code": "9610",
        "district_th": "สุไหงโก-ลก",
        "province_code": "96"
      }
    },
    {
      "type": "Feature",
      "geometry": { "type": "Point", "coordinates": [101.7711481, 5.9448771] },
      "properties": {
        "id": "osm_node_10740233390",
        "osm_type": "node",
        "osm_id": 10740233390,
        "kind": "checkpoint",
        "name_th": null,
        "name_en": null,
        "phone": null,
        "opening_hours": null,
        "opened_on": null,
        "closed_on": null,
        "operator": null,
        "subdistrict_th": "เกียร์",
        "district_code": "9609",
        "district_th": "สุคิริน",
        "province_code": "96"
      }
    },
    {
      "type": "Feature",
      "geometry": { "type": "Point", "coordinates": [101.7774656, 5.9414551] },
      "properties": {
        "id": "osm_node_10740236695",
        "osm_type": "node",
        "osm_id": 10740236695,
        "kind": "rescue",
        "name_th": null,
        "name_en": null,
        "phone": null,
        "opening_hours": null,
        "opened_on": null,
        "closed_on": null,
        "operator": null,
        "subdistrict_th": "มาโมง",
        "district_code": "9609",
        "district_th": "สุคิริน",
        "province_code": "96"
      }
    },
    {
      "type": "Feature",
      "geometry": { "type": "Point", "coordinates": [100.4191953, 6.5198893] },
      "properties": {
        "id": "osm_node_11057235605",
        "osm_type": "node",
        "osm_id": 11057235605,
        "kind": "police",
        "name_th": null,
        "name_en": null,
        "phone": null,
        "opening_hours": null,
        "opened_on": null,
        "closed_on": null,
        "operator": null,
        "subdistrict_th": "สำนักขาม",
        "district_code": "9010",
        "district_th": "สะเดา",
        "province_code": "90"
      }
    },
    {
      "type": "Feature",
      "geometry": { "type": "Point", "coordinates": [100.4743771, 7.0156712] },
      "properties": {
        "id": "osm_node_1133515793",
        "osm_type": "node",
        "osm_id": 1133515793,
        "kind": "health",
        "name_th": "โพลีคลินิคเพชระหาดใหญ่",
        "name_en": null,
        "phone": null,
        "opening_hours": null,
        "opened_on": null,
        "closed_on": null,
        "operator": null,
        "subdistrict_th": "หาดใหญ่",
        "district_code": "9011",
        "district_th": "หาดใหญ่",
        "province_code": "90"
      }
    },
    {
      "type": "Feature",
      "geometry": { "type": "Point", "coordinates": [100.4647638, 7.0062692] },
      "properties": {
        "id": "osm_node_1133515805",
        "osm_type": "node",
        "osm_id": 1133515805,
        "kind": "police",
        "name_th": null,
        "name_en": null,
        "phone": null,
        "opening_hours": null,
        "opened_on": null,
        "closed_on": null,
        "operator": null,
        "subdistrict_th": "หาดใหญ่",
        "district_code": "9011",
        "district_th": "หาดใหญ่",
        "province_code": "90"
      }
    },
    {
      "type": "Feature",
      "geometry": { "type": "Point", "coordinates": [100.6830019, 6.9774476] },
      "properties": {
        "id": "osm_node_1177875165",
        "osm_type": "node",
        "osm_id": 1177875165,
        "kind": "checkpoint",
        "name_th": null,
        "name_en": null,
        "phone": null,
        "opening_hours": null,
        "opened_on": null,
        "closed_on": null,
        "operator": null,
        "subdistrict_th": "จะโหนง",
        "district_code": "9003",
        "district_th": "จะนะ",
        "province_code": "90"
      }
    },
    {
      "type": "Feature",
      "geometry": { "type": "Point", "coordinates": [100.5856983, 6.9844604] },
      "properties": {
        "id": "osm_node_1177875547",
        "osm_type": "node",
        "osm_id": 1177875547,
        "kind": "hospital",
        "name_th": "โรงพยาบาลนาหม่อม",
        "name_en": "Namom Hospital",
        "phone": null,
        "opening_hours": null,
        "opened_on": null,
        "closed_on": null,
        "operator": "Ministry of Public Health",
        "subdistrict_th": "พิจิตร",
        "district_code": "9012",
        "district_th": "นาหม่อม",
        "province_code": "90"
      }
    },
    {
      "type": "Feature",
      "geometry": { "type": "Point", "coordinates": [100.6828383, 6.9773651] },
      "properties": {
        "id": "osm_node_1177875754",
        "osm_type": "node",
        "osm_id": 1177875754,
        "kind": "checkpoint",
        "name_th": null,
        "name_en": null,
        "phone": null,
        "opening_hours": null,
        "opened_on": null,
        "closed_on": null,
        "operator": null,
        "subdistrict_th": "จะโหนง",
        "district_code": "9003",
        "district_th": "จะนะ",
        "province_code": "90"
      }
    },
    {
      "type": "Feature",
      "geometry": { "type": "Point", "coordinates": [101.8342811, 6.4206343] },
      "properties": {
        "id": "osm_node_1177951264",
        "osm_type": "node",
        "osm_id": 1177951264,
        "kind": "checkpoint",
        "name_th": null,
        "name_en": null,
        "phone": null,
        "opening_hours": null,
        "opened_on": null,
        "closed_on": null,
        "operator": null,
        "subdistrict_th": "บางนาค",
        "district_code": "9601",
        "district_th": "เมืองนราธิวาส",
        "province_code": "96"
      }
    },
    {
      "type": "Feature",
      "geometry": { "type": "Point", "coordinates": [101.2803229, 6.5424897] },
      "properties": {
        "id": "osm_node_11816035572",
        "osm_type": "node",
        "osm_id": 11816035572,
        "kind": "police",
        "name_th": "สถานีตำรวจภูธรเมืองยะลา",
        "name_en": "Mueang Yala provincial police station",
        "phone": null,
        "opening_hours": null,
        "opened_on": null,
        "closed_on": null,
        "operator": "ตำรวจแห่งชาติ",
        "subdistrict_th": "สะเตง",
        "district_code": "9501",
        "district_th": "เมืองยะลา",
        "province_code": "95"
      }
    },
    {
      "type": "Feature",
      "geometry": { "type": "Point", "coordinates": [101.57775, 6.35566] },
      "properties": {
        "id": "osm_node_1188085617",
        "osm_type": "node",
        "osm_id": 1188085617,
        "kind": "checkpoint",
        "name_th": null,
        "name_en": null,
        "phone": null,
        "opening_hours": null,
        "opened_on": null,
        "closed_on": null,
        "operator": null,
        "subdistrict_th": "ลาโละ",
        "district_code": "9606",
        "district_th": "รือเสาะ",
        "province_code": "96"
      }
    },
    {
      "type": "Feature",
      "geometry": { "type": "Point", "coordinates": [100.5002016, 7.010284] },
      "properties": {
        "id": "osm_node_12765675624",
        "osm_type": "node",
        "osm_id": 12765675624,
        "kind": "fire",
        "name_th": null,
        "name_en": null,
        "phone": null,
        "opening_hours": null,
        "opened_on": null,
        "closed_on": null,
        "operator": null,
        "subdistrict_th": "คอหงส์",
        "district_code": "9011",
        "district_th": "หาดใหญ่",
        "province_code": "90"
      }
    },
    {
      "type": "Feature",
      "geometry": { "type": "Point", "coordinates": [100.491401, 7.0048125] },
      "properties": {
        "id": "osm_node_12818972309",
        "osm_type": "node",
        "osm_id": 12818972309,
        "kind": "health",
        "name_th": "The V-Sage clinic Hatyai เดอะวีสาจคลินิกหาดใหญ่",
        "name_en": null,
        "phone": null,
        "opening_hours": "Mo-Su 10:00-20:00",
        "opened_on": null,
        "closed_on": null,
        "operator": null,
        "subdistrict_th": "หาดใหญ่",
        "district_code": "9011",
        "district_th": "หาดใหญ่",
        "province_code": "90"
      }
    },
    {
      "type": "Feature",
      "geometry": { "type": "Point", "coordinates": [100.4720653, 6.9461768] },
      "properties": {
        "id": "osm_node_13108444682",
        "osm_type": "node",
        "osm_id": 13108444682,
        "kind": "hospital",
        "name_th": "สกรีนเมดคลินิก สาขาบ้านพรุ",
        "name_en": null,
        "phone": null,
        "opening_hours": null,
        "opened_on": null,
        "closed_on": null,
        "operator": null,
        "subdistrict_th": "บ้านพรุ",
        "district_code": "9011",
        "district_th": "หาดใหญ่",
        "province_code": "90"
      }
    },
    {
      "type": "Feature",
      "geometry": { "type": "Point", "coordinates": [100.5233119, 7.2607021] },
      "properties": {
        "id": "osm_node_13563414103",
        "osm_type": "node",
        "osm_id": 13563414103,
        "kind": "health",
        "name_th": null,
        "name_en": null,
        "phone": null,
        "opening_hours": null,
        "opened_on": null,
        "closed_on": null,
        "operator": null,
        "subdistrict_th": "ชิงโค",
        "district_code": "9015",
        "district_th": "สิงหนคร",
        "province_code": "90"
      }
    },
    {
      "type": "Feature",
      "geometry": { "type": "Point", "coordinates": [100.5643393, 7.1952065] },
      "properties": {
        "id": "osm_node_13563414148",
        "osm_type": "node",
        "osm_id": 13563414148,
        "kind": "health",
        "name_th": null,
        "name_en": null,
        "phone": null,
        "opening_hours": null,
        "opened_on": null,
        "closed_on": null,
        "operator": null,
        "subdistrict_th": "หัวเขา",
        "district_code": "9015",
        "district_th": "สิงหนคร",
        "province_code": "90"
      }
    },
    {
      "type": "Feature",
      "geometry": { "type": "Point", "coordinates": [101.2148406, 6.8540605] },
      "properties": {
        "id": "osm_node_13759102461",
        "osm_type": "node",
        "osm_id": 13759102461,
        "kind": "checkpoint",
        "name_th": null,
        "name_en": null,
        "phone": null,
        "opening_hours": null,
        "opened_on": null,
        "closed_on": null,
        "operator": null,
        "subdistrict_th": "ดอนรัก",
        "district_code": "9403",
        "district_th": "หนองจิก",
        "province_code": "94"
      }
    },
    {
      "type": "Feature",
      "geometry": { "type": "Point", "coordinates": [101.2148634, 6.8541304] },
      "properties": {
        "id": "osm_node_13759102468",
        "osm_type": "node",
        "osm_id": 13759102468,
        "kind": "checkpoint",
        "name_th": null,
        "name_en": null,
        "phone": null,
        "opening_hours": null,
        "opened_on": null,
        "closed_on": null,
        "operator": null,
        "subdistrict_th": "ดอนรัก",
        "district_code": "9403",
        "district_th": "หนองจิก",
        "province_code": "94"
      }
    },
    {
      "type": "Feature",
      "geometry": { "type": "Point", "coordinates": [101.2948782, 6.7900804] },
      "properties": {
        "id": "osm_node_13771127713",
        "osm_type": "node",
        "osm_id": 13771127713,
        "kind": "checkpoint",
        "name_th": "จุดตรวจทหาร",
        "name_en": null,
        "phone": null,
        "opening_hours": null,
        "opened_on": null,
        "closed_on": null,
        "operator": null,
        "subdistrict_th": "ประจัน",
        "district_code": "9410",
        "district_th": "ยะรัง",
        "province_code": "94"
      }
    },
    {
      "type": "Feature",
      "geometry": { "type": "Point", "coordinates": [101.4779474, 6.7583284] },
      "properties": {
        "id": "osm_node_13781625213",
        "osm_type": "node",
        "osm_id": 13781625213,
        "kind": "checkpoint",
        "name_th": "ด่านตรวจบ้านปาลัส 2",
        "name_en": null,
        "phone": null,
        "opening_hours": null,
        "opened_on": null,
        "closed_on": null,
        "operator": null,
        "subdistrict_th": "ลางา",
        "district_code": "9405",
        "district_th": "มายอ",
        "province_code": "94"
      }
    },
    {
      "type": "Feature",
      "geometry": { "type": "Point", "coordinates": [101.4843213, 6.752887] },
      "properties": {
        "id": "osm_node_13781625249",
        "osm_type": "node",
        "osm_id": 13781625249,
        "kind": "checkpoint",
        "name_th": "ด่านตรวจบ้านปาลัส 1",
        "name_en": null,
        "phone": null,
        "opening_hours": null,
        "opened_on": null,
        "closed_on": null,
        "operator": null,
        "subdistrict_th": "ควน",
        "district_code": "9405",
        "district_th": "มายอ",
        "province_code": "94"
      }
    },
    {
      "type": "Feature",
      "geometry": { "type": "Point", "coordinates": [101.7411024, 6.5418018] },
      "properties": {
        "id": "osm_node_14014047898",
        "osm_type": "node",
        "osm_id": 14014047898,
        "kind": "police",
        "name_th": null,
        "name_en": null,
        "phone": null,
        "opening_hours": null,
        "opened_on": null,
        "closed_on": null,
        "operator": "ตำรวจแห่งชาติ",
        "subdistrict_th": "โคกเคียน",
        "district_code": "9601",
        "district_th": "เมืองนราธิวาส",
        "province_code": "96"
      }
    },
    {
      "type": "Feature",
      "geometry": { "type": "Point", "coordinates": [101.8781283, 6.4124876] },
      "properties": {
        "id": "osm_node_14038518634",
        "osm_type": "node",
        "osm_id": 14038518634,
        "kind": "police",
        "name_th": null,
        "name_en": "Khao Tan Yong police station",
        "phone": null,
        "opening_hours": null,
        "opened_on": null,
        "closed_on": null,
        "operator": null,
        "subdistrict_th": "กะลุวอเหนือ",
        "district_code": "9601",
        "district_th": "เมืองนราธิวาส",
        "province_code": "96"
      }
    },
    {
      "type": "Feature",
      "geometry": { "type": "Point", "coordinates": [100.3630128, 6.9960938] },
      "properties": {
        "id": "osm_node_14101141817",
        "osm_type": "node",
        "osm_id": 14101141817,
        "kind": "aid",
        "name_th": null,
        "name_en": null,
        "phone": null,
        "opening_hours": null,
        "opened_on": null,
        "closed_on": null,
        "operator": null,
        "subdistrict_th": "ฉลุง",
        "district_code": "9011",
        "district_th": "หาดใหญ่",
        "province_code": "90"
      }
    },
    {
      "type": "Feature",
      "geometry": { "type": "Point", "coordinates": [100.5009381, 7.0254235] },
      "properties": {
        "id": "osm_node_1662778286",
        "osm_type": "node",
        "osm_id": 1662778286,
        "kind": "military",
        "name_th": "ค่ายเสนาณรงค์",
        "name_en": null,
        "phone": null,
        "opening_hours": null,
        "opened_on": null,
        "closed_on": null,
        "operator": null,
        "subdistrict_th": "หาดใหญ่",
        "district_code": "9011",
        "district_th": "หาดใหญ่",
        "province_code": "90"
      }
    },
    {
      "type": "Feature",
      "geometry": { "type": "Point", "coordinates": [100.2348936, 7.1852516] },
      "properties": {
        "id": "osm_node_1728044721",
        "osm_type": "node",
        "osm_id": 1728044721,
        "kind": "police",
        "name_th": null,
        "name_en": null,
        "phone": null,
        "opening_hours": null,
        "opened_on": null,
        "closed_on": null,
        "operator": null,
        "subdistrict_th": "คูหาใต้",
        "district_code": "9009",
        "district_th": "รัตภูมิ",
        "province_code": "90"
      }
    },
    {
      "type": "Feature",
      "geometry": { "type": "Point", "coordinates": [100.4674503, 7.0166654] },
      "properties": {
        "id": "osm_node_1743126086",
        "osm_type": "node",
        "osm_id": 1743126086,
        "kind": "hospital",
        "name_th": "โรงพยาบาลหาดใหญ่",
        "name_en": "Hatyai Hospital",
        "phone": null,
        "opening_hours": null,
        "opened_on": null,
        "closed_on": null,
        "operator": null,
        "subdistrict_th": "หาดใหญ่",
        "district_code": "9011",
        "district_th": "หาดใหญ่",
        "province_code": "90"
      }
    },
    {
      "type": "Feature",
      "geometry": { "type": "Point", "coordinates": [100.9483551, 6.6240852] },
      "properties": {
        "id": "osm_node_1743126090",
        "osm_type": "node",
        "osm_id": 1743126090,
        "kind": "hospital",
        "name_th": "โรงพยาบาลสะบ้าย้อย",
        "name_en": "Saba Yoi Hospital",
        "phone": null,
        "opening_hours": null,
        "opened_on": null,
        "closed_on": null,
        "operator": "Ministry of Public Health",
        "subdistrict_th": "สะบ้าย้อย",
        "district_code": "9006",
        "district_th": "สะบ้าย้อย",
        "province_code": "90"
      }
    },
    {
      "type": "Feature",
      "geometry": { "type": "Point", "coordinates": [100.4992247, 7.0201549] },
      "properties": {
        "id": "osm_node_1743126091",
        "osm_type": "node",
        "osm_id": 1743126091,
        "kind": "hospital",
        "name_th": "โรงพยาบาลค่ายเสนาณรงค์",
        "name_en": "Sena Narong Hospital",
        "phone": null,
        "opening_hours": null,
        "opened_on": null,
        "closed_on": null,
        "operator": null,
        "subdistrict_th": "คอหงส์",
        "district_code": "9011",
        "district_th": "หาดใหญ่",
        "province_code": "90"
      }
    },
    {
      "type": "Feature",
      "geometry": { "type": "Point", "coordinates": [101.2767711, 6.5480818] },
      "properties": {
        "id": "osm_node_1743126097",
        "osm_type": "node",
        "osm_id": 1743126097,
        "kind": "hospital",
        "name_th": "โรงพยาบาลยะลา",
        "name_en": "Yala Hospital",
        "phone": null,
        "opening_hours": null,
        "opened_on": null,
        "closed_on": null,
        "operator": null,
        "subdistrict_th": "สะเตง",
        "district_code": "9501",
        "district_th": "เมืองยะลา",
        "province_code": "95"
      }
    },
    {
      "type": "Feature",
      "geometry": { "type": "Point", "coordinates": [100.4796222, 7.0133472] },
      "properties": {
        "id": "osm_node_1775721560",
        "osm_type": "node",
        "osm_id": 1775721560,
        "kind": "fire",
        "name_th": null,
        "name_en": null,
        "phone": null,
        "opening_hours": null,
        "opened_on": null,
        "closed_on": null,
        "operator": null,
        "subdistrict_th": "หาดใหญ่",
        "district_code": "9011",
        "district_th": "หาดใหญ่",
        "province_code": "90"
      }
    },
    {
      "type": "Feature",
      "geometry": { "type": "Point", "coordinates": [101.5093104, 6.3773593] },
      "properties": {
        "id": "osm_node_1964010709",
        "osm_type": "node",
        "osm_id": 1964010709,
        "kind": "hospital",
        "name_th": "โรงพยาบาลรือเสาะ",
        "name_en": "Rueso Hospital",
        "phone": null,
        "opening_hours": null,
        "opened_on": null,
        "closed_on": null,
        "operator": null,
        "subdistrict_th": "รือเสาะ",
        "district_code": "9606",
        "district_th": "รือเสาะ",
        "province_code": "96"
      }
    },
    {
      "type": "Feature",
      "geometry": { "type": "Point", "coordinates": [101.4906234, 6.4743049] },
      "properties": {
        "id": "osm_node_1979259920",
        "osm_type": "node",
        "osm_id": 1979259920,
        "kind": "checkpoint",
        "name_th": null,
        "name_en": null,
        "phone": null,
        "opening_hours": null,
        "opened_on": null,
        "closed_on": null,
        "operator": null,
        "subdistrict_th": "ตะโล๊ะหะลอ",
        "district_code": "9506",
        "district_th": "รามัน",
        "province_code": "95"
      }
    },
    {
      "type": "Feature",
      "geometry": { "type": "Point", "coordinates": [101.5131338, 6.386001] },
      "properties": {
        "id": "osm_node_2411624564",
        "osm_type": "node",
        "osm_id": 2411624564,
        "kind": "checkpoint",
        "name_th": null,
        "name_en": null,
        "phone": null,
        "opening_hours": null,
        "opened_on": null,
        "closed_on": null,
        "operator": null,
        "subdistrict_th": "รือเสาะ",
        "district_code": "9606",
        "district_th": "รือเสาะ",
        "province_code": "96"
      }
    },
    {
      "type": "Feature",
      "geometry": { "type": "Point", "coordinates": [101.6325955, 6.3394484] },
      "properties": {
        "id": "osm_node_2412785373",
        "osm_type": "node",
        "osm_id": 2412785373,
        "kind": "checkpoint",
        "name_th": null,
        "name_en": null,
        "phone": null,
        "opening_hours": null,
        "opened_on": null,
        "closed_on": null,
        "operator": null,
        "subdistrict_th": "มะรือโบตก",
        "district_code": "9605",
        "district_th": "ระแงะ",
        "province_code": "96"
      }
    },
    {
      "type": "Feature",
      "geometry": { "type": "Point", "coordinates": [101.6924328, 6.3937509] },
      "properties": {
        "id": "osm_node_2412787420",
        "osm_type": "node",
        "osm_id": 2412787420,
        "kind": "hospital",
        "name_th": "โรงพยาบาล​ยี่งอเฉลิม​พระเกียรติ​ 80 พรรษา",
        "name_en": null,
        "phone": null,
        "opening_hours": "Mo-Su 08:15-16:30",
        "opened_on": null,
        "closed_on": null,
        "operator": null,
        "subdistrict_th": "ยี่งอ",
        "district_code": "9604",
        "district_th": "ยี่งอ",
        "province_code": "96"
      }
    },
    {
      "type": "Feature",
      "geometry": { "type": "Point", "coordinates": [101.7112283, 6.402881] },
      "properties": {
        "id": "osm_node_2412788362",
        "osm_type": "node",
        "osm_id": 2412788362,
        "kind": "checkpoint",
        "name_th": null,
        "name_en": null,
        "phone": null,
        "opening_hours": null,
        "opened_on": null,
        "closed_on": null,
        "operator": null,
        "subdistrict_th": "ยี่งอ",
        "district_code": "9604",
        "district_th": "ยี่งอ",
        "province_code": "96"
      }
    },
    {
      "type": "Feature",
      "geometry": { "type": "Point", "coordinates": [101.8226093, 6.4425354] },
      "properties": {
        "id": "osm_node_2412799851",
        "osm_type": "node",
        "osm_id": 2412799851,
        "kind": "checkpoint",
        "name_th": null,
        "name_en": null,
        "phone": null,
        "opening_hours": null,
        "opened_on": null,
        "closed_on": null,
        "operator": null,
        "subdistrict_th": "บางนาค",
        "district_code": "9601",
        "district_th": "เมืองนราธิวาส",
        "province_code": "96"
      }
    },
    {
      "type": "Feature",
      "geometry": { "type": "Point", "coordinates": [101.8019964, 6.410062] },
      "properties": {
        "id": "osm_node_2412882622",
        "osm_type": "node",
        "osm_id": 2412882622,
        "kind": "checkpoint",
        "name_th": null,
        "name_en": null,
        "phone": null,
        "opening_hours": null,
        "opened_on": null,
        "closed_on": null,
        "operator": null,
        "subdistrict_th": "ลำภู",
        "district_code": "9601",
        "district_th": "เมืองนราธิวาส",
        "province_code": "96"
      }
    },
    {
      "type": "Feature",
      "geometry": { "type": "Point", "coordinates": [101.8019267, 6.4102339] },
      "properties": {
        "id": "osm_node_2412882626",
        "osm_type": "node",
        "osm_id": 2412882626,
        "kind": "checkpoint",
        "name_th": null,
        "name_en": null,
        "phone": null,
        "opening_hours": null,
        "opened_on": null,
        "closed_on": null,
        "operator": null,
        "subdistrict_th": "ลำภู",
        "district_code": "9601",
        "district_th": "เมืองนราธิวาส",
        "province_code": "96"
      }
    },
    {
      "type": "Feature",
      "geometry": { "type": "Point", "coordinates": [101.7480997, 6.4050724] },
      "properties": {
        "id": "osm_node_2412889402",
        "osm_type": "node",
        "osm_id": 2412889402,
        "kind": "checkpoint",
        "name_th": null,
        "name_en": null,
        "phone": null,
        "opening_hours": null,
        "opened_on": null,
        "closed_on": null,
        "operator": null,
        "subdistrict_th": "ละหาร",
        "district_code": "9604",
        "district_th": "ยี่งอ",
        "province_code": "96"
      }
    },
    {
      "type": "Feature",
      "geometry": { "type": "Point", "coordinates": [101.6604359, 6.4437762] },
      "properties": {
        "id": "osm_node_2412911748",
        "osm_type": "node",
        "osm_id": 2412911748,
        "kind": "checkpoint",
        "name_th": null,
        "name_en": null,
        "phone": null,
        "opening_hours": null,
        "opened_on": null,
        "closed_on": null,
        "operator": null,
        "subdistrict_th": "ตะปอเยาะ",
        "district_code": "9604",
        "district_th": "ยี่งอ",
        "province_code": "96"
      }
    },
    {
      "type": "Feature",
      "geometry": { "type": "Point", "coordinates": [101.777664, 6.4812526] },
      "properties": {
        "id": "osm_node_2680493402",
        "osm_type": "node",
        "osm_id": 2680493402,
        "kind": "checkpoint",
        "name_th": null,
        "name_en": null,
        "phone": null,
        "opening_hours": null,
        "opened_on": null,
        "closed_on": null,
        "operator": null,
        "subdistrict_th": "โคกเคียน",
        "district_code": "9601",
        "district_th": "เมืองนราธิวาส",
        "province_code": "96"
      }
    },
    {
      "type": "Feature",
      "geometry": { "type": "Point", "coordinates": [101.6329877, 6.3391816] },
      "properties": {
        "id": "osm_node_2680576261",
        "osm_type": "node",
        "osm_id": 2680576261,
        "kind": "checkpoint",
        "name_th": null,
        "name_en": null,
        "phone": null,
        "opening_hours": null,
        "opened_on": null,
        "closed_on": null,
        "operator": null,
        "subdistrict_th": "มะรือโบตก",
        "district_code": "9605",
        "district_th": "ระแงะ",
        "province_code": "96"
      }
    },
    {
      "type": "Feature",
      "geometry": { "type": "Point", "coordinates": [101.5379451, 6.3605224] },
      "properties": {
        "id": "osm_node_2680576265",
        "osm_type": "node",
        "osm_id": 2680576265,
        "kind": "checkpoint",
        "name_th": null,
        "name_en": null,
        "phone": null,
        "opening_hours": null,
        "opened_on": null,
        "closed_on": null,
        "operator": null,
        "subdistrict_th": "รือเสาะ",
        "district_code": "9606",
        "district_th": "รือเสาะ",
        "province_code": "96"
      }
    },
    {
      "type": "Feature",
      "geometry": { "type": "Point", "coordinates": [101.7476767, 6.4050438] },
      "properties": {
        "id": "osm_node_2680576274",
        "osm_type": "node",
        "osm_id": 2680576274,
        "kind": "checkpoint",
        "name_th": null,
        "name_en": null,
        "phone": null,
        "opening_hours": null,
        "opened_on": null,
        "closed_on": null,
        "operator": null,
        "subdistrict_th": "ละหาร",
        "district_code": "9604",
        "district_th": "ยี่งอ",
        "province_code": "96"
      }
    },
    {
      "type": "Feature",
      "geometry": { "type": "Point", "coordinates": [101.8091903, 6.419545] },
      "properties": {
        "id": "osm_node_2680576280",
        "osm_type": "node",
        "osm_id": 2680576280,
        "kind": "checkpoint",
        "name_th": null,
        "name_en": null,
        "phone": null,
        "opening_hours": null,
        "opened_on": null,
        "closed_on": null,
        "operator": null,
        "subdistrict_th": "บางนาค",
        "district_code": "9601",
        "district_th": "เมืองนราธิวาส",
        "province_code": "96"
      }
    },
    {
      "type": "Feature",
      "geometry": { "type": "Point", "coordinates": [101.7982112, 6.4312293] },
      "properties": {
        "id": "osm_node_2680576287",
        "osm_type": "node",
        "osm_id": 2680576287,
        "kind": "checkpoint",
        "name_th": null,
        "name_en": null,
        "phone": null,
        "opening_hours": null,
        "opened_on": null,
        "closed_on": null,
        "operator": null,
        "subdistrict_th": "ลำภู",
        "district_code": "9601",
        "district_th": "เมืองนราธิวาส",
        "province_code": "96"
      }
    },
    {
      "type": "Feature",
      "geometry": { "type": "Point", "coordinates": [101.7970407, 6.4428737] },
      "properties": {
        "id": "osm_node_2680576290",
        "osm_type": "node",
        "osm_id": 2680576290,
        "kind": "checkpoint",
        "name_th": null,
        "name_en": null,
        "phone": null,
        "opening_hours": null,
        "opened_on": null,
        "closed_on": null,
        "operator": null,
        "subdistrict_th": "โคกเคียน",
        "district_code": "9601",
        "district_th": "เมืองนราธิวาส",
        "province_code": "96"
      }
    },
    {
      "type": "Feature",
      "geometry": { "type": "Point", "coordinates": [101.5192584, 6.4024729] },
      "properties": {
        "id": "osm_node_2683648252",
        "osm_type": "node",
        "osm_id": 2683648252,
        "kind": "checkpoint",
        "name_th": null,
        "name_en": null,
        "phone": null,
        "opening_hours": null,
        "opened_on": null,
        "closed_on": null,
        "operator": null,
        "subdistrict_th": "รือเสาะออก",
        "district_code": "9606",
        "district_th": "รือเสาะ",
        "province_code": "96"
      }
    },
    {
      "type": "Feature",
      "geometry": { "type": "Point", "coordinates": [101.5065612, 6.4247421] },
      "properties": {
        "id": "osm_node_2683648256",
        "osm_type": "node",
        "osm_id": 2683648256,
        "kind": "checkpoint",
        "name_th": null,
        "name_en": null,
        "phone": null,
        "opening_hours": null,
        "opened_on": null,
        "closed_on": null,
        "operator": null,
        "subdistrict_th": "สาวอ",
        "district_code": "9606",
        "district_th": "รือเสาะ",
        "province_code": "96"
      }
    },
    {
      "type": "Feature",
      "geometry": { "type": "Point", "coordinates": [101.5034953, 6.4325155] },
      "properties": {
        "id": "osm_node_2683648259",
        "osm_type": "node",
        "osm_id": 2683648259,
        "kind": "hospital",
        "name_th": null,
        "name_en": null,
        "phone": null,
        "opening_hours": null,
        "opened_on": null,
        "closed_on": null,
        "operator": null,
        "subdistrict_th": "สาวอ",
        "district_code": "9606",
        "district_th": "รือเสาะ",
        "province_code": "96"
      }
    },
    {
      "type": "Feature",
      "geometry": { "type": "Point", "coordinates": [101.379412, 6.5543512] },
      "properties": {
        "id": "osm_node_2683674600",
        "osm_type": "node",
        "osm_id": 2683674600,
        "kind": "checkpoint",
        "name_th": null,
        "name_en": null,
        "phone": null,
        "opening_hours": null,
        "opened_on": null,
        "closed_on": null,
        "operator": null,
        "subdistrict_th": "วังพญา",
        "district_code": "9506",
        "district_th": "รามัน",
        "province_code": "95"
      }
    },
    {
      "type": "Feature",
      "geometry": { "type": "Point", "coordinates": [101.3180885, 6.5556528] },
      "properties": {
        "id": "osm_node_2683674618",
        "osm_type": "node",
        "osm_id": 2683674618,
        "kind": "checkpoint",
        "name_th": null,
        "name_en": null,
        "phone": null,
        "opening_hours": null,
        "opened_on": null,
        "closed_on": null,
        "operator": null,
        "subdistrict_th": "สะเตงนอก",
        "district_code": "9501",
        "district_th": "เมืองยะลา",
        "province_code": "95"
      }
    },
    {
      "type": "Feature",
      "geometry": { "type": "Point", "coordinates": [101.0591206, 6.8227765] },
      "properties": {
        "id": "osm_node_2683678383",
        "osm_type": "node",
        "osm_id": 2683678383,
        "kind": "checkpoint",
        "name_th": null,
        "name_en": null,
        "phone": null,
        "opening_hours": null,
        "opened_on": null,
        "closed_on": null,
        "operator": null,
        "subdistrict_th": "ท่ากำชำ",
        "district_code": "9403",
        "district_th": "หนองจิก",
        "province_code": "94"
      }
    },
    {
      "type": "Feature",
      "geometry": { "type": "Point", "coordinates": [101.0591782, 6.8230022] },
      "properties": {
        "id": "osm_node_2683678388",
        "osm_type": "node",
        "osm_id": 2683678388,
        "kind": "checkpoint",
        "name_th": null,
        "name_en": null,
        "phone": null,
        "opening_hours": null,
        "opened_on": null,
        "closed_on": null,
        "operator": null,
        "subdistrict_th": "ท่ากำชำ",
        "district_code": "9403",
        "district_th": "หนองจิก",
        "province_code": "94"
      }
    },
    {
      "type": "Feature",
      "geometry": { "type": "Point", "coordinates": [101.2686403, 6.5525805] },
      "properties": {
        "id": "osm_node_2789715445",
        "osm_type": "node",
        "osm_id": 2789715445,
        "kind": "checkpoint",
        "name_th": null,
        "name_en": null,
        "phone": null,
        "opening_hours": null,
        "opened_on": null,
        "closed_on": null,
        "operator": null,
        "subdistrict_th": "สะเตง",
        "district_code": "9501",
        "district_th": "เมืองยะลา",
        "province_code": "95"
      }
    },
    {
      "type": "Feature",
      "geometry": { "type": "Point", "coordinates": [101.2686611, 6.5527728] },
      "properties": {
        "id": "osm_node_2789715446",
        "osm_type": "node",
        "osm_id": 2789715446,
        "kind": "checkpoint",
        "name_th": null,
        "name_en": null,
        "phone": null,
        "opening_hours": null,
        "opened_on": null,
        "closed_on": null,
        "operator": null,
        "subdistrict_th": "สะเตง",
        "district_code": "9501",
        "district_th": "เมืองยะลา",
        "province_code": "95"
      }
    },
    {
      "type": "Feature",
      "geometry": { "type": "Point", "coordinates": [101.7091812, 6.4033493] },
      "properties": {
        "id": "osm_node_2815774491",
        "osm_type": "node",
        "osm_id": 2815774491,
        "kind": "police",
        "name_th": "สถานีตำรวจยี่งอ",
        "name_en": null,
        "phone": null,
        "opening_hours": null,
        "opened_on": null,
        "closed_on": null,
        "operator": null,
        "subdistrict_th": "ยี่งอ",
        "district_code": "9604",
        "district_th": "ยี่งอ",
        "province_code": "96"
      }
    },
    {
      "type": "Feature",
      "geometry": { "type": "Point", "coordinates": [101.5188978, 6.3946355] },
      "properties": {
        "id": "osm_node_2927378763",
        "osm_type": "node",
        "osm_id": 2927378763,
        "kind": "fire",
        "name_th": "สถานีดับเพลิงรือเสาะ",
        "name_en": null,
        "phone": null,
        "opening_hours": null,
        "opened_on": null,
        "closed_on": null,
        "operator": null,
        "subdistrict_th": "รือเสาะออก",
        "district_code": "9606",
        "district_th": "รือเสาะ",
        "province_code": "96"
      }
    },
    {
      "type": "Feature",
      "geometry": { "type": "Point", "coordinates": [101.5180504, 6.3940216] },
      "properties": {
        "id": "osm_node_2927378764",
        "osm_type": "node",
        "osm_id": 2927378764,
        "kind": "police",
        "name_th": "สถานีตำรวจรือเสาะ",
        "name_en": null,
        "phone": null,
        "opening_hours": null,
        "opened_on": null,
        "closed_on": null,
        "operator": null,
        "subdistrict_th": "รือเสาะออก",
        "district_code": "9606",
        "district_th": "รือเสาะ",
        "province_code": "96"
      }
    },
    {
      "type": "Feature",
      "geometry": { "type": "Point", "coordinates": [101.2494632, 6.8694983] },
      "properties": {
        "id": "osm_node_3048977997",
        "osm_type": "node",
        "osm_id": 3048977997,
        "kind": "hospital",
        "name_th": "โรงพยาบาลปัตตานี",
        "name_en": "Pattani Hospital",
        "phone": null,
        "opening_hours": null,
        "opened_on": null,
        "closed_on": null,
        "operator": null,
        "subdistrict_th": "สะบารัง",
        "district_code": "9401",
        "district_th": "เมืองปัตตานี",
        "province_code": "94"
      }
    },
    {
      "type": "Feature",
      "geometry": { "type": "Point", "coordinates": [101.4903264, 6.4741126] },
      "properties": {
        "id": "osm_node_3180219446",
        "osm_type": "node",
        "osm_id": 3180219446,
        "kind": "police",
        "name_th": "สถานีภูธรจะว๊ะ",
        "name_en": null,
        "phone": null,
        "opening_hours": null,
        "opened_on": null,
        "closed_on": null,
        "operator": null,
        "subdistrict_th": "ตะโล๊ะหะลอ",
        "district_code": "9506",
        "district_th": "รามัน",
        "province_code": "95"
      }
    },
    {
      "type": "Feature",
      "geometry": { "type": "Point", "coordinates": [101.4178971, 6.473785] },
      "properties": {
        "id": "osm_node_3180219447",
        "osm_type": "node",
        "osm_id": 3180219447,
        "kind": "hospital",
        "name_th": "โรงพยาบาลรามัน",
        "name_en": null,
        "phone": null,
        "opening_hours": null,
        "opened_on": null,
        "closed_on": null,
        "operator": null,
        "subdistrict_th": "กายูบอเกาะ",
        "district_code": "9506",
        "district_th": "รามัน",
        "province_code": "95"
      }
    },
    {
      "type": "Feature",
      "geometry": { "type": "Point", "coordinates": [100.4492054, 6.9992692] },
      "properties": {
        "id": "osm_node_3311647300",
        "osm_type": "node",
        "osm_id": 3311647300,
        "kind": "police",
        "name_th": null,
        "name_en": null,
        "phone": null,
        "opening_hours": null,
        "opened_on": null,
        "closed_on": null,
        "operator": null,
        "subdistrict_th": "หาดใหญ่",
        "district_code": "9011",
        "district_th": "หาดใหญ่",
        "province_code": "90"
      }
    },
    {
      "type": "Feature",
      "geometry": { "type": "Point", "coordinates": [100.466166, 6.9794806] },
      "properties": {
        "id": "osm_node_3393389472",
        "osm_type": "node",
        "osm_id": 3393389472,
        "kind": "checkpoint",
        "name_th": null,
        "name_en": null,
        "phone": null,
        "opening_hours": null,
        "opened_on": null,
        "closed_on": null,
        "operator": "Hatyai university",
        "subdistrict_th": "คอหงส์",
        "district_code": "9011",
        "district_th": "หาดใหญ่",
        "province_code": "90"
      }
    },
    {
      "type": "Feature",
      "geometry": { "type": "Point", "coordinates": [101.5177251, 6.3943088] },
      "properties": {
        "id": "osm_node_3763700986",
        "osm_type": "node",
        "osm_id": 3763700986,
        "kind": "health",
        "name_th": "สำนักงานสาธารนสุขอำเภอรือเสาะ",
        "name_en": null,
        "phone": null,
        "opening_hours": null,
        "opened_on": null,
        "closed_on": null,
        "operator": null,
        "subdistrict_th": "รือเสาะออก",
        "district_code": "9606",
        "district_th": "รือเสาะ",
        "province_code": "96"
      }
    },
    {
      "type": "Feature",
      "geometry": { "type": "Point", "coordinates": [101.3004439, 6.5939622] },
      "properties": {
        "id": "osm_node_4339914520",
        "osm_type": "node",
        "osm_id": 4339914520,
        "kind": "police",
        "name_th": "จุดตรวจทหารพราน",
        "name_en": null,
        "phone": null,
        "opening_hours": null,
        "opened_on": null,
        "closed_on": null,
        "operator": null,
        "subdistrict_th": "เขาตูม",
        "district_code": "9410",
        "district_th": "ยะรัง",
        "province_code": "94"
      }
    },
    {
      "type": "Feature",
      "geometry": { "type": "Point", "coordinates": [101.2637383, 6.8457946] },
      "properties": {
        "id": "osm_node_4339914522",
        "osm_type": "node",
        "osm_id": 4339914522,
        "kind": "police",
        "name_th": "จุดตรวจทหาร",
        "name_en": null,
        "phone": null,
        "opening_hours": null,
        "opened_on": null,
        "closed_on": null,
        "operator": null,
        "subdistrict_th": "ตะลุโบะ",
        "district_code": "9401",
        "district_th": "เมืองปัตตานี",
        "province_code": "94"
      }
    },
    {
      "type": "Feature",
      "geometry": { "type": "Point", "coordinates": [101.3022052, 6.6312678] },
      "properties": {
        "id": "osm_node_4339981001",
        "osm_type": "node",
        "osm_id": 4339981001,
        "kind": "police",
        "name_th": "จุดตรวจทหารพราน",
        "name_en": null,
        "phone": null,
        "opening_hours": null,
        "opened_on": null,
        "closed_on": null,
        "operator": null,
        "subdistrict_th": "เขาตูม",
        "district_code": "9410",
        "district_th": "ยะรัง",
        "province_code": "94"
      }
    },
    {
      "type": "Feature",
      "geometry": { "type": "Point", "coordinates": [101.2993831, 6.6839898] },
      "properties": {
        "id": "osm_node_4339981118",
        "osm_type": "node",
        "osm_id": 4339981118,
        "kind": "police",
        "name_th": "จุดตรวจทหารพราน",
        "name_en": null,
        "phone": null,
        "opening_hours": null,
        "opened_on": null,
        "closed_on": null,
        "operator": null,
        "subdistrict_th": "เมาะมาวี",
        "district_code": "9410",
        "district_th": "ยะรัง",
        "province_code": "94"
      }
    },
    {
      "type": "Feature",
      "geometry": { "type": "Point", "coordinates": [101.2876011, 6.7406738] },
      "properties": {
        "id": "osm_node_4339981119",
        "osm_type": "node",
        "osm_id": 4339981119,
        "kind": "police",
        "name_th": "จุดตรวจทหารพราน",
        "name_en": null,
        "phone": null,
        "opening_hours": null,
        "opened_on": null,
        "closed_on": null,
        "operator": null,
        "subdistrict_th": "ปิตูมุดี",
        "district_code": "9410",
        "district_th": "ยะรัง",
        "province_code": "94"
      }
    },
    {
      "type": "Feature",
      "geometry": { "type": "Point", "coordinates": [101.2529652, 6.8521145] },
      "properties": {
        "id": "osm_node_4339981308",
        "osm_type": "node",
        "osm_id": 4339981308,
        "kind": "police",
        "name_th": "จุดตรวจทหาร",
        "name_en": null,
        "phone": null,
        "opening_hours": null,
        "opened_on": null,
        "closed_on": null,
        "operator": null,
        "subdistrict_th": "จะบังติกอ",
        "district_code": "9401",
        "district_th": "เมืองปัตตานี",
        "province_code": "94"
      }
    },
    {
      "type": "Feature",
      "geometry": { "type": "Point", "coordinates": [101.2912479, 6.7116144] },
      "properties": {
        "id": "osm_node_4339981498",
        "osm_type": "node",
        "osm_id": 4339981498,
        "kind": "police",
        "name_th": "จุดตรวจทหารพราน",
        "name_en": null,
        "phone": null,
        "opening_hours": null,
        "opened_on": null,
        "closed_on": null,
        "operator": null,
        "subdistrict_th": "กระโด",
        "district_code": "9410",
        "district_th": "ยะรัง",
        "province_code": "94"
      }
    },
    {
      "type": "Feature",
      "geometry": { "type": "Point", "coordinates": [100.4438595, 6.9986737] },
      "properties": {
        "id": "osm_node_4365570091",
        "osm_type": "node",
        "osm_id": 4365570091,
        "kind": "police",
        "name_th": "Checkpoint",
        "name_en": null,
        "phone": null,
        "opening_hours": null,
        "opened_on": null,
        "closed_on": null,
        "operator": null,
        "subdistrict_th": "หาดใหญ่",
        "district_code": "9011",
        "district_th": "หาดใหญ่",
        "province_code": "90"
      }
    },
    {
      "type": "Feature",
      "geometry": { "type": "Point", "coordinates": [100.4722536, 6.9977764] },
      "properties": {
        "id": "osm_node_4367158293",
        "osm_type": "node",
        "osm_id": 4367158293,
        "kind": "fire",
        "name_th": "สถานีดับเพลิง ศรีภูวนารถ",
        "name_en": null,
        "phone": null,
        "opening_hours": null,
        "opened_on": null,
        "closed_on": null,
        "operator": null,
        "subdistrict_th": "หาดใหญ่",
        "district_code": "9011",
        "district_th": "หาดใหญ่",
        "province_code": "90"
      }
    },
    {
      "type": "Feature",
      "geometry": { "type": "Point", "coordinates": [100.4641596, 7.0016379] },
      "properties": {
        "id": "osm_node_4367160798",
        "osm_type": "node",
        "osm_id": 4367160798,
        "kind": "health",
        "name_th": "สมาคมวางแผนครอบครัวแห่งประเทศไทย สวท",
        "name_en": null,
        "phone": null,
        "opening_hours": null,
        "opened_on": null,
        "closed_on": null,
        "operator": null,
        "subdistrict_th": "หาดใหญ่",
        "district_code": "9011",
        "district_th": "หาดใหญ่",
        "province_code": "90"
      }
    },
    {
      "type": "Feature",
      "geometry": { "type": "Point", "coordinates": [100.4595915, 7.0016284] },
      "properties": {
        "id": "osm_node_4367166303",
        "osm_type": "node",
        "osm_id": 4367166303,
        "kind": "health",
        "name_th": "ศูนย์บริการสาธารณสุขโรงเรียนเทศบาล 2",
        "name_en": null,
        "phone": null,
        "opening_hours": null,
        "opened_on": null,
        "closed_on": null,
        "operator": null,
        "subdistrict_th": "หาดใหญ่",
        "district_code": "9011",
        "district_th": "หาดใหญ่",
        "province_code": "90"
      }
    },
    {
      "type": "Feature",
      "geometry": { "type": "Point", "coordinates": [100.4566598, 6.9972794] },
      "properties": {
        "id": "osm_node_4367168697",
        "osm_type": "node",
        "osm_id": 4367168697,
        "kind": "health",
        "name_th": "ศูนย์สุขภาพชุมชนวัดท่าเคียน",
        "name_en": null,
        "phone": null,
        "opening_hours": null,
        "opened_on": null,
        "closed_on": null,
        "operator": null,
        "subdistrict_th": "ควนลัง",
        "district_code": "9011",
        "district_th": "หาดใหญ่",
        "province_code": "90"
      }
    },
    {
      "type": "Feature",
      "geometry": { "type": "Point", "coordinates": [100.4631368, 6.9969764] },
      "properties": {
        "id": "osm_node_4367170491",
        "osm_type": "node",
        "osm_id": 4367170491,
        "kind": "health",
        "name_th": "ศูนย์สาธารณสุขมูลฐานชุมชนชุมชนไทยโฮเต็ล",
        "name_en": null,
        "phone": null,
        "opening_hours": null,
        "opened_on": null,
        "closed_on": null,
        "operator": null,
        "subdistrict_th": "หาดใหญ่",
        "district_code": "9011",
        "district_th": "หาดใหญ่",
        "province_code": "90"
      }
    },
    {
      "type": "Feature",
      "geometry": { "type": "Point", "coordinates": [100.4542041, 6.9995225] },
      "properties": {
        "id": "osm_node_4367171790",
        "osm_type": "node",
        "osm_id": 4367171790,
        "kind": "health",
        "name_th": "ศูนย์บริการสาธารณสุขตลาดพ่อพรหม",
        "name_en": null,
        "phone": null,
        "opening_hours": null,
        "opened_on": null,
        "closed_on": null,
        "operator": null,
        "subdistrict_th": "ควนลัง",
        "district_code": "9011",
        "district_th": "หาดใหญ่",
        "province_code": "90"
      }
    },
    {
      "type": "Feature",
      "geometry": { "type": "Point", "coordinates": [100.4645728, 7.0062306] },
      "properties": {
        "id": "osm_node_4368927594",
        "osm_type": "node",
        "osm_id": 4368927594,
        "kind": "police",
        "name_th": "POLICE",
        "name_en": "Immigration Hatyai",
        "phone": null,
        "opening_hours": null,
        "opened_on": null,
        "closed_on": null,
        "operator": null,
        "subdistrict_th": "หาดใหญ่",
        "district_code": "9011",
        "district_th": "หาดใหญ่",
        "province_code": "90"
      }
    },
    {
      "type": "Feature",
      "geometry": { "type": "Point", "coordinates": [101.3676493, 6.861646] },
      "properties": {
        "id": "osm_node_4370539304",
        "osm_type": "node",
        "osm_id": 4370539304,
        "kind": "police",
        "name_th": "จุดตรวจตำรวจ",
        "name_en": null,
        "phone": null,
        "opening_hours": null,
        "opened_on": null,
        "closed_on": null,
        "operator": null,
        "subdistrict_th": "ยามู",
        "district_code": "9409",
        "district_th": "ยะหริ่ง",
        "province_code": "94"
      }
    },
    {
      "type": "Feature",
      "geometry": { "type": "Point", "coordinates": [101.322832, 6.8689218] },
      "properties": {
        "id": "osm_node_4370542791",
        "osm_type": "node",
        "osm_id": 4370542791,
        "kind": "police",
        "name_th": "จุดตรวจทหาร",
        "name_en": null,
        "phone": null,
        "opening_hours": null,
        "opened_on": null,
        "closed_on": null,
        "operator": null,
        "subdistrict_th": "บางปู",
        "district_code": "9409",
        "district_th": "ยะหริ่ง",
        "province_code": "94"
      }
    },
    {
      "type": "Feature",
      "geometry": { "type": "Point", "coordinates": [101.3751517, 6.8566315] },
      "properties": {
        "id": "osm_node_4370542890",
        "osm_type": "node",
        "osm_id": 4370542890,
        "kind": "police",
        "name_th": "จุดตรวจทหาร",
        "name_en": null,
        "phone": null,
        "opening_hours": null,
        "opened_on": null,
        "closed_on": null,
        "operator": null,
        "subdistrict_th": "ยามู",
        "district_code": "9409",
        "district_th": "ยะหริ่ง",
        "province_code": "94"
      }
    },
    {
      "type": "Feature",
      "geometry": { "type": "Point", "coordinates": [101.504189, 6.7272062] },
      "properties": {
        "id": "osm_node_4370547097",
        "osm_type": "node",
        "osm_id": 4370547097,
        "kind": "police",
        "name_th": "จุดตรวจทหารพราน",
        "name_en": null,
        "phone": null,
        "opening_hours": null,
        "opened_on": null,
        "closed_on": null,
        "operator": null,
        "subdistrict_th": "ทุ่งคล้า",
        "district_code": "9407",
        "district_th": "สายบุรี",
        "province_code": "94"
      }
    },
    {
      "type": "Feature",
      "geometry": { "type": "Point", "coordinates": [101.5451277, 6.6942473] },
      "properties": {
        "id": "osm_node_4370547191",
        "osm_type": "node",
        "osm_id": 4370547191,
        "kind": "police",
        "name_th": "จุดตรวจตำรวจ",
        "name_en": null,
        "phone": null,
        "opening_hours": null,
        "opened_on": null,
        "closed_on": null,
        "operator": null,
        "subdistrict_th": "เตราะบอน",
        "district_code": "9407",
        "district_th": "สายบุรี",
        "province_code": "94"
      }
    },
    {
      "type": "Feature",
      "geometry": { "type": "Point", "coordinates": [101.3833537, 6.8390532] },
      "properties": {
        "id": "osm_node_4370547295",
        "osm_type": "node",
        "osm_id": 4370547295,
        "kind": "police",
        "name_th": "จุดตรวจทหาร",
        "name_en": null,
        "phone": null,
        "opening_hours": null,
        "opened_on": null,
        "closed_on": null,
        "operator": null,
        "subdistrict_th": "ปิยามุมัง",
        "district_code": "9409",
        "district_th": "ยะหริ่ง",
        "province_code": "94"
      }
    },
    {
      "type": "Feature",
      "geometry": { "type": "Point", "coordinates": [101.411448, 6.8170615] },
      "properties": {
        "id": "osm_node_4370547296",
        "osm_type": "node",
        "osm_id": 4370547296,
        "kind": "police",
        "name_th": "จุดตรวจทหาร",
        "name_en": null,
        "phone": null,
        "opening_hours": null,
        "opened_on": null,
        "closed_on": null,
        "operator": null,
        "subdistrict_th": "มะนังยง",
        "district_code": "9409",
        "district_th": "ยะหริ่ง",
        "province_code": "94"
      }
    },
    {
      "type": "Feature",
      "geometry": { "type": "Point", "coordinates": [101.4522465, 6.7815559] },
      "properties": {
        "id": "osm_node_4370547297",
        "osm_type": "node",
        "osm_id": 4370547297,
        "kind": "police",
        "name_th": "จุดตรวจทหาร",
        "name_en": null,
        "phone": null,
        "opening_hours": null,
        "opened_on": null,
        "closed_on": null,
        "operator": null,
        "subdistrict_th": "ตันหยงจึงงา",
        "district_code": "9409",
        "district_th": "ยะหริ่ง",
        "province_code": "94"
      }
    },
    {
      "type": "Feature",
      "geometry": { "type": "Point", "coordinates": [100.4177627, 6.5296969] },
      "properties": {
        "id": "osm_node_4373094298",
        "osm_type": "node",
        "osm_id": 4373094298,
        "kind": "police",
        "name_th": "ด่านตรวจ",
        "name_en": "Check point",
        "phone": null,
        "opening_hours": null,
        "opened_on": null,
        "closed_on": null,
        "operator": null,
        "subdistrict_th": "สำนักขาม",
        "district_code": "9010",
        "district_th": "สะเดา",
        "province_code": "90"
      }
    },
    {
      "type": "Feature",
      "geometry": { "type": "Point", "coordinates": [101.9715011, 6.0270843] },
      "properties": {
        "id": "osm_node_4382350090",
        "osm_type": "node",
        "osm_id": 4382350090,
        "kind": "hospital",
        "name_th": "โรงพยาบาล สุไหงโก-ลก",
        "name_en": "Su-ngai Kolok Hospital",
        "phone": "073-615161 - 5",
        "opening_hours": "24/7",
        "opened_on": null,
        "closed_on": null,
        "operator": null,
        "subdistrict_th": "สุไหงโก-ลก",
        "district_code": "9610",
        "district_th": "สุไหงโก-ลก",
        "province_code": "96"
      }
    },
    {
      "type": "Feature",
      "geometry": { "type": "Point", "coordinates": [100.4625537, 7.0011051] },
      "properties": {
        "id": "osm_node_4384896400",
        "osm_type": "node",
        "osm_id": 4384896400,
        "kind": "health",
        "name_th": "สมาคมวางแผนครอบครัว สวท",
        "name_en": null,
        "phone": null,
        "opening_hours": null,
        "opened_on": null,
        "closed_on": null,
        "operator": null,
        "subdistrict_th": "หาดใหญ่",
        "district_code": "9011",
        "district_th": "หาดใหญ่",
        "province_code": "90"
      }
    },
    {
      "type": "Feature",
      "geometry": { "type": "Point", "coordinates": [101.4285433, 6.6179533] },
      "properties": {
        "id": "osm_node_4405229789",
        "osm_type": "node",
        "osm_id": 4405229789,
        "kind": "health",
        "name_th": "โรงพยาบาลส่งเสริมสุขภาพตำบล ทุ่งยางแดง",
        "name_en": "Thung Yang Daeng Subdistrict Health Promoting Hospital",
        "phone": null,
        "opening_hours": null,
        "opened_on": null,
        "closed_on": null,
        "operator": null,
        "subdistrict_th": "น้ำดำ",
        "district_code": "9406",
        "district_th": "ทุ่งยางแดง",
        "province_code": "94"
      }
    },
    {
      "type": "Feature",
      "geometry": { "type": "Point", "coordinates": [100.415951, 6.5379349] },
      "properties": {
        "id": "osm_node_4496324490",
        "osm_type": "node",
        "osm_id": 4496324490,
        "kind": "police",
        "name_th": null,
        "name_en": null,
        "phone": null,
        "opening_hours": null,
        "opened_on": null,
        "closed_on": null,
        "operator": null,
        "subdistrict_th": "สำนักขาม",
        "district_code": "9010",
        "district_th": "สะเดา",
        "province_code": "90"
      }
    },
    {
      "type": "Feature",
      "geometry": { "type": "Point", "coordinates": [100.5754196, 7.1351045] },
      "properties": {
        "id": "osm_node_4498740689",
        "osm_type": "node",
        "osm_id": 4498740689,
        "kind": "health",
        "name_th": null,
        "name_en": "Sampit",
        "phone": null,
        "opening_hours": null,
        "opened_on": null,
        "closed_on": null,
        "operator": null,
        "subdistrict_th": "พะวง",
        "district_code": "9001",
        "district_th": "เมืองสงขลา",
        "province_code": "90"
      }
    },
    {
      "type": "Feature",
      "geometry": { "type": "Point", "coordinates": [101.8237759, 6.4144523] },
      "properties": {
        "id": "osm_node_4544229591",
        "osm_type": "node",
        "osm_id": 4544229591,
        "kind": "health",
        "name_th": null,
        "name_en": "Narathiwat Hospital",
        "phone": null,
        "opening_hours": null,
        "opened_on": null,
        "closed_on": null,
        "operator": null,
        "subdistrict_th": "บางนาค",
        "district_code": "9601",
        "district_th": "เมืองนราธิวาส",
        "province_code": "96"
      }
    },
    {
      "type": "Feature",
      "geometry": { "type": "Point", "coordinates": [101.80149, 6.409798] },
      "properties": {
        "id": "osm_node_4556505293",
        "osm_type": "node",
        "osm_id": 4556505293,
        "kind": "police",
        "name_th": null,
        "name_en": null,
        "phone": null,
        "opening_hours": null,
        "opened_on": null,
        "closed_on": null,
        "operator": null,
        "subdistrict_th": "ลำภู",
        "district_code": "9601",
        "district_th": "เมืองนราธิวาส",
        "province_code": "96"
      }
    },
    {
      "type": "Feature",
      "geometry": { "type": "Point", "coordinates": [100.4706532, 7.0012158] },
      "properties": {
        "id": "osm_node_4561682689",
        "osm_type": "node",
        "osm_id": 4561682689,
        "kind": "health",
        "name_th": "ชัชปวิตร",
        "name_en": "Chatpawait",
        "phone": null,
        "opening_hours": null,
        "opened_on": null,
        "closed_on": null,
        "operator": null,
        "subdistrict_th": "หาดใหญ่",
        "district_code": "9011",
        "district_th": "หาดใหญ่",
        "province_code": "90"
      }
    },
    {
      "type": "Feature",
      "geometry": { "type": "Point", "coordinates": [101.2232311, 6.8566619] },
      "properties": {
        "id": "osm_node_4566534093",
        "osm_type": "node",
        "osm_id": 4566534093,
        "kind": "health",
        "name_th": null,
        "name_en": "Sirirot Hospital",
        "phone": null,
        "opening_hours": null,
        "opened_on": null,
        "closed_on": null,
        "operator": null,
        "subdistrict_th": "รูสะมิแล",
        "district_code": "9401",
        "district_th": "เมืองปัตตานี",
        "province_code": "94"
      }
    },
    {
      "type": "Feature",
      "geometry": { "type": "Point", "coordinates": [101.1236675, 6.4902478] },
      "properties": {
        "id": "osm_node_4585394891",
        "osm_type": "node",
        "osm_id": 4585394891,
        "kind": "hospital",
        "name_th": null,
        "name_en": null,
        "phone": null,
        "opening_hours": null,
        "opened_on": null,
        "closed_on": null,
        "operator": null,
        "subdistrict_th": "ยะหา",
        "district_code": "9505",
        "district_th": "ยะหา",
        "province_code": "95"
      }
    },
    {
      "type": "Feature",
      "geometry": { "type": "Point", "coordinates": [101.1802643, 6.1687101] },
      "properties": {
        "id": "osm_node_4585395167",
        "osm_type": "node",
        "osm_id": 4585395167,
        "kind": "police",
        "name_th": null,
        "name_en": null,
        "phone": null,
        "opening_hours": null,
        "opened_on": null,
        "closed_on": null,
        "operator": null,
        "subdistrict_th": "ธารโต",
        "district_code": "9504",
        "district_th": "ธารโต",
        "province_code": "95"
      }
    },
    {
      "type": "Feature",
      "geometry": { "type": "Point", "coordinates": [101.0714404, 5.7730384] },
      "properties": {
        "id": "osm_node_4712696790",
        "osm_type": "node",
        "osm_id": 4712696790,
        "kind": "health",
        "name_th": "Traditional medicine",
        "name_en": null,
        "phone": null,
        "opening_hours": null,
        "opened_on": null,
        "closed_on": null,
        "operator": null,
        "subdistrict_th": "เบตง",
        "district_code": "9502",
        "district_th": "เบตง",
        "province_code": "95"
      }
    },
    {
      "type": "Feature",
      "geometry": { "type": "Point", "coordinates": [101.3369566, 6.7459178] },
      "properties": {
        "id": "osm_node_4770954893",
        "osm_type": "node",
        "osm_id": 4770954893,
        "kind": "checkpoint",
        "name_th": null,
        "name_en": null,
        "phone": null,
        "opening_hours": null,
        "opened_on": null,
        "closed_on": null,
        "operator": null,
        "subdistrict_th": "ระแว้ง",
        "district_code": "9410",
        "district_th": "ยะรัง",
        "province_code": "94"
      }
    },
    {
      "type": "Feature",
      "geometry": { "type": "Point", "coordinates": [100.4534869, 6.7869353] },
      "properties": {
        "id": "osm_node_4805232224",
        "osm_type": "node",
        "osm_id": 4805232224,
        "kind": "police",
        "name_th": null,
        "name_en": null,
        "phone": null,
        "opening_hours": null,
        "opened_on": null,
        "closed_on": null,
        "operator": null,
        "subdistrict_th": "พังลา",
        "district_code": "9010",
        "district_th": "สะเดา",
        "province_code": "90"
      }
    },
    {
      "type": "Feature",
      "geometry": { "type": "Point", "coordinates": [100.4723172, 6.9978371] },
      "properties": {
        "id": "osm_node_5108675821",
        "osm_type": "node",
        "osm_id": 5108675821,
        "kind": "fire",
        "name_th": null,
        "name_en": "Fire Station",
        "phone": null,
        "opening_hours": null,
        "opened_on": null,
        "closed_on": null,
        "operator": null,
        "subdistrict_th": "หาดใหญ่",
        "district_code": "9011",
        "district_th": "หาดใหญ่",
        "province_code": "90"
      }
    },
    {
      "type": "Feature",
      "geometry": { "type": "Point", "coordinates": [101.9660905, 6.0217503] },
      "properties": {
        "id": "osm_node_5144966121",
        "osm_type": "node",
        "osm_id": 5144966121,
        "kind": "police",
        "name_th": null,
        "name_en": "Police Station",
        "phone": null,
        "opening_hours": null,
        "opened_on": null,
        "closed_on": null,
        "operator": null,
        "subdistrict_th": "สุไหงโก-ลก",
        "district_code": "9610",
        "district_th": "สุไหงโก-ลก",
        "province_code": "96"
      }
    },
    {
      "type": "Feature",
      "geometry": { "type": "Point", "coordinates": [100.4610185, 6.8259638] },
      "properties": {
        "id": "osm_node_5294773721",
        "osm_type": "node",
        "osm_id": 5294773721,
        "kind": "police",
        "name_th": null,
        "name_en": "Police station bike rest spot",
        "phone": null,
        "opening_hours": null,
        "opened_on": null,
        "closed_on": null,
        "operator": null,
        "subdistrict_th": "พะตง",
        "district_code": "9011",
        "district_th": "หาดใหญ่",
        "province_code": "90"
      }
    },
    {
      "type": "Feature",
      "geometry": { "type": "Point", "coordinates": [101.7882449, 6.4547895] },
      "properties": {
        "id": "osm_node_5595684855",
        "osm_type": "node",
        "osm_id": 5595684855,
        "kind": "hospital",
        "name_th": null,
        "name_en": null,
        "phone": null,
        "opening_hours": null,
        "opened_on": null,
        "closed_on": null,
        "operator": null,
        "subdistrict_th": "โคกเคียน",
        "district_code": "9601",
        "district_th": "เมืองนราธิวาส",
        "province_code": "96"
      }
    },
    {
      "type": "Feature",
      "geometry": { "type": "Point", "coordinates": [100.6889455, 6.9581054] },
      "properties": {
        "id": "osm_node_5670971721",
        "osm_type": "node",
        "osm_id": 5670971721,
        "kind": "police",
        "name_th": null,
        "name_en": null,
        "phone": null,
        "opening_hours": null,
        "opened_on": null,
        "closed_on": null,
        "operator": null,
        "subdistrict_th": "คลองเปียะ",
        "district_code": "9003",
        "district_th": "จะนะ",
        "province_code": "90"
      }
    },
    {
      "type": "Feature",
      "geometry": { "type": "Point", "coordinates": [101.071995, 5.7834397] },
      "properties": {
        "id": "osm_node_5808243253",
        "osm_type": "node",
        "osm_id": 5808243253,
        "kind": "police",
        "name_th": "ร้อย ตชด.445",
        "name_en": null,
        "phone": null,
        "opening_hours": null,
        "opened_on": null,
        "closed_on": null,
        "operator": null,
        "subdistrict_th": "เบตง",
        "district_code": "9502",
        "district_th": "เบตง",
        "province_code": "95"
      }
    },
    {
      "type": "Feature",
      "geometry": { "type": "Point", "coordinates": [101.7751703, 5.9382058] },
      "properties": {
        "id": "osm_node_6888498879",
        "osm_type": "node",
        "osm_id": 6888498879,
        "kind": "police",
        "name_th": null,
        "name_en": null,
        "phone": null,
        "opening_hours": null,
        "opened_on": null,
        "closed_on": null,
        "operator": null,
        "subdistrict_th": "มาโมง",
        "district_code": "9609",
        "district_th": "สุคิริน",
        "province_code": "96"
      }
    },
    {
      "type": "Feature",
      "geometry": { "type": "Point", "coordinates": [101.7710057, 5.944985] },
      "properties": {
        "id": "osm_node_7273701416",
        "osm_type": "node",
        "osm_id": 7273701416,
        "kind": "checkpoint",
        "name_th": null,
        "name_en": null,
        "phone": null,
        "opening_hours": null,
        "opened_on": null,
        "closed_on": null,
        "operator": null,
        "subdistrict_th": "เกียร์",
        "district_code": "9609",
        "district_th": "สุคิริน",
        "province_code": "96"
      }
    },
    {
      "type": "Feature",
      "geometry": { "type": "Point", "coordinates": [100.4963632, 7.0079788] },
      "properties": {
        "id": "osm_node_767631778",
        "osm_type": "node",
        "osm_id": 767631778,
        "kind": "hospital",
        "name_th": "โรงพยาบาลทันตกรรม",
        "name_en": "Dental Hospital",
        "phone": null,
        "opening_hours": null,
        "opened_on": null,
        "closed_on": null,
        "operator": null,
        "subdistrict_th": "คอหงส์",
        "district_code": "9011",
        "district_th": "หาดใหญ่",
        "province_code": "90"
      }
    },
    {
      "type": "Feature",
      "geometry": { "type": "Point", "coordinates": [100.3417098, 6.6520225] },
      "properties": {
        "id": "osm_node_7688165144",
        "osm_type": "node",
        "osm_id": 7688165144,
        "kind": "hospital",
        "name_th": "โรงพยาบาลปาดังเบซาร์",
        "name_en": "Padang Besar Hospital",
        "phone": null,
        "opening_hours": null,
        "opened_on": null,
        "closed_on": null,
        "operator": null,
        "subdistrict_th": "ปาดังเบซาร์",
        "district_code": "9010",
        "district_th": "สะเดา",
        "province_code": "90"
      }
    },
    {
      "type": "Feature",
      "geometry": { "type": "Point", "coordinates": [100.9542222, 6.8043668] },
      "properties": {
        "id": "osm_node_7688191925",
        "osm_type": "node",
        "osm_id": 7688191925,
        "kind": "hospital",
        "name_th": "โรงพยาบาลเทพา",
        "name_en": "Thepha Hospital",
        "phone": null,
        "opening_hours": null,
        "opened_on": null,
        "closed_on": null,
        "operator": "Ministry of Public Health",
        "subdistrict_th": "เทพา",
        "district_code": "9005",
        "district_th": "เทพา",
        "province_code": "90"
      }
    },
    {
      "type": "Feature",
      "geometry": { "type": "Point", "coordinates": [101.6968936, 6.1307621] },
      "properties": {
        "id": "osm_node_7856632106",
        "osm_type": "node",
        "osm_id": 7856632106,
        "kind": "hospital",
        "name_th": "โรงพยาบาลจะแนะ",
        "name_en": "Chanae Hospital",
        "phone": null,
        "opening_hours": null,
        "opened_on": null,
        "closed_on": null,
        "operator": null,
        "subdistrict_th": "จะแนะ",
        "district_code": "9612",
        "district_th": "จะแนะ",
        "province_code": "96"
      }
    },
    {
      "type": "Feature",
      "geometry": { "type": "Point", "coordinates": [101.8774545, 6.0818655] },
      "properties": {
        "id": "osm_node_7856632108",
        "osm_type": "node",
        "osm_id": 7856632108,
        "kind": "hospital",
        "name_th": "โรงพยาบาลสุไหงปาดี",
        "name_en": "Su-ngai Padi Hospital",
        "phone": null,
        "opening_hours": null,
        "opened_on": null,
        "closed_on": null,
        "operator": null,
        "subdistrict_th": "ปะลุรู",
        "district_code": "9611",
        "district_th": "สุไหงปาดี",
        "province_code": "96"
      }
    },
    {
      "type": "Feature",
      "geometry": { "type": "Point", "coordinates": [101.8087846, 6.2222279] },
      "properties": {
        "id": "osm_node_7856632109",
        "osm_type": "node",
        "osm_id": 7856632109,
        "kind": "hospital",
        "name_th": "โรงพยาบาลเจาะไอร้อง",
        "name_en": "Cho Ai Rong Hospital",
        "phone": null,
        "opening_hours": null,
        "opened_on": null,
        "closed_on": null,
        "operator": null,
        "subdistrict_th": "จวบ",
        "district_code": "9613",
        "district_th": "เจาะไอร้อง",
        "province_code": "96"
      }
    },
    {
      "type": "Feature",
      "geometry": { "type": "Point", "coordinates": [101.7269182, 6.2973512] },
      "properties": {
        "id": "osm_node_7856632110",
        "osm_type": "node",
        "osm_id": 7856632110,
        "kind": "hospital",
        "name_th": "โรงพยาบาลระแงะ",
        "name_en": "Ra-ngae Hospital",
        "phone": null,
        "opening_hours": null,
        "opened_on": null,
        "closed_on": null,
        "operator": null,
        "subdistrict_th": "ตันหยงมัส",
        "district_code": "9605",
        "district_th": "ระแงะ",
        "province_code": "96"
      }
    },
    {
      "type": "Feature",
      "geometry": { "type": "Point", "coordinates": [101.6598093, 6.5036973] },
      "properties": {
        "id": "osm_node_7856632111",
        "osm_type": "node",
        "osm_id": 7856632111,
        "kind": "hospital",
        "name_th": "โรงพยาบาลบาเจาะ",
        "name_en": "Ba Cho Hospital",
        "phone": null,
        "opening_hours": null,
        "opened_on": null,
        "closed_on": null,
        "operator": null,
        "subdistrict_th": "บาเจาะ",
        "district_code": "9603",
        "district_th": "บาเจาะ",
        "province_code": "96"
      }
    },
    {
      "type": "Feature",
      "geometry": { "type": "Point", "coordinates": [101.6651523, 6.6113443] },
      "properties": {
        "id": "osm_node_7856632112",
        "osm_type": "node",
        "osm_id": 7856632112,
        "kind": "hospital",
        "name_th": "โรงพยาบาลไม้แก่น",
        "name_en": "Mai Kaen Hospital",
        "phone": null,
        "opening_hours": null,
        "opened_on": null,
        "closed_on": null,
        "operator": null,
        "subdistrict_th": "ไทรทอง",
        "district_code": "9408",
        "district_th": "ไม้แก่น",
        "province_code": "94"
      }
    },
    {
      "type": "Feature",
      "geometry": { "type": "Point", "coordinates": [101.4185607, 6.720369] },
      "properties": {
        "id": "osm_node_7856632113",
        "osm_type": "node",
        "osm_id": 7856632113,
        "kind": "hospital",
        "name_th": "โรงพยาบาลมายอ",
        "name_en": "Mayo Hospital",
        "phone": null,
        "opening_hours": null,
        "opened_on": null,
        "closed_on": null,
        "operator": null,
        "subdistrict_th": "มายอ",
        "district_code": "9405",
        "district_th": "มายอ",
        "province_code": "94"
      }
    },
    {
      "type": "Feature",
      "geometry": { "type": "Point", "coordinates": [101.4864313, 6.8401284] },
      "properties": {
        "id": "osm_node_7856632114",
        "osm_type": "node",
        "osm_id": 7856632114,
        "kind": "hospital",
        "name_th": "โรงพยาบาลปะนาเระ",
        "name_en": "Panare Hospital",
        "phone": null,
        "opening_hours": null,
        "opened_on": null,
        "closed_on": null,
        "operator": null,
        "subdistrict_th": "ท่าข้าม",
        "district_code": "9404",
        "district_th": "ปะนาเระ",
        "province_code": "94"
      }
    },
    {
      "type": "Feature",
      "geometry": { "type": "Point", "coordinates": [101.6198552, 6.6955846] },
      "properties": {
        "id": "osm_node_7856632115",
        "osm_type": "node",
        "osm_id": 7856632115,
        "kind": "hospital",
        "name_th": "โรงพยาบาลสมเด็จพระยุพราชสายบุรี",
        "name_en": "Somdet Phra Yuppharat Sai Buri Hospital",
        "phone": null,
        "opening_hours": null,
        "opened_on": null,
        "closed_on": null,
        "operator": null,
        "subdistrict_th": "ตะลุบัน",
        "district_code": "9407",
        "district_th": "สายบุรี",
        "province_code": "94"
      }
    },
    {
      "type": "Feature",
      "geometry": { "type": "Point", "coordinates": [101.5423071, 6.5712972] },
      "properties": {
        "id": "osm_node_7856632116",
        "osm_type": "node",
        "osm_id": 7856632116,
        "kind": "hospital",
        "name_th": "โรงพยาบาลกะพ้อ",
        "name_en": "Kapho Hospital",
        "phone": null,
        "opening_hours": null,
        "opened_on": null,
        "closed_on": null,
        "operator": null,
        "subdistrict_th": "กะรุบี",
        "district_code": "9411",
        "district_th": "กะพ้อ",
        "province_code": "94"
      }
    },
    {
      "type": "Feature",
      "geometry": { "type": "Point", "coordinates": [101.4989573, 6.2404631] },
      "properties": {
        "id": "osm_node_7856632117",
        "osm_type": "node",
        "osm_id": 7856632117,
        "kind": "hospital",
        "name_th": "โรงพยาบาลศรีสาคร",
        "name_en": "Si Sakhon Hospital",
        "phone": null,
        "opening_hours": null,
        "opened_on": null,
        "closed_on": null,
        "operator": null,
        "subdistrict_th": "ซากอ",
        "district_code": "9607",
        "district_th": "ศรีสาคร",
        "province_code": "96"
      }
    },
    {
      "type": "Feature",
      "geometry": { "type": "Point", "coordinates": [101.0820991, 5.7735085] },
      "properties": {
        "id": "osm_node_7856632118",
        "osm_type": "node",
        "osm_id": 7856632118,
        "kind": "hospital",
        "name_th": "โรงพยาบาลเบตง",
        "name_en": "Betong Hospital",
        "phone": null,
        "opening_hours": null,
        "opened_on": null,
        "closed_on": null,
        "operator": null,
        "subdistrict_th": "ยะรม",
        "district_code": "9502",
        "district_th": "เบตง",
        "province_code": "95"
      }
    },
    {
      "type": "Feature",
      "geometry": { "type": "Point", "coordinates": [101.1784601, 6.1707583] },
      "properties": {
        "id": "osm_node_7856632119",
        "osm_type": "node",
        "osm_id": 7856632119,
        "kind": "hospital",
        "name_th": "โรงพยาบาลธารโต",
        "name_en": "Than To Hospital",
        "phone": null,
        "opening_hours": null,
        "opened_on": null,
        "closed_on": null,
        "operator": null,
        "subdistrict_th": "ธารโต",
        "district_code": "9504",
        "district_th": "ธารโต",
        "province_code": "95"
      }
    },
    {
      "type": "Feature",
      "geometry": { "type": "Point", "coordinates": [101.2577677, 6.2633316] },
      "properties": {
        "id": "osm_node_7856632120",
        "osm_type": "node",
        "osm_id": 7856632120,
        "kind": "hospital",
        "name_th": "โรงพยาบาลบันนังสตา",
        "name_en": "Bannang Sata Hospital",
        "phone": null,
        "opening_hours": null,
        "opened_on": null,
        "closed_on": null,
        "operator": null,
        "subdistrict_th": "บันนังสตา",
        "district_code": "9503",
        "district_th": "บันนังสตา",
        "province_code": "95"
      }
    },
    {
      "type": "Feature",
      "geometry": { "type": "Point", "coordinates": [101.0211861, 6.4299102] },
      "properties": {
        "id": "osm_node_7856632121",
        "osm_type": "node",
        "osm_id": 7856632121,
        "kind": "hospital",
        "name_th": "โรงพยาบาลกาบัง",
        "name_en": "Kabang Hospital",
        "phone": null,
        "opening_hours": null,
        "opened_on": null,
        "closed_on": null,
        "operator": null,
        "subdistrict_th": "กาบัง",
        "district_code": "9507",
        "district_th": "กาบัง",
        "province_code": "95"
      }
    },
    {
      "type": "Feature",
      "geometry": { "type": "Point", "coordinates": [101.2796223, 6.5515682] },
      "properties": {
        "id": "osm_node_7856632122",
        "osm_type": "node",
        "osm_id": 7856632122,
        "kind": "hospital",
        "name_th": "โรงพยาบาลสิโรรส",
        "name_en": "Sirorot Hospital",
        "phone": null,
        "opening_hours": null,
        "opened_on": null,
        "closed_on": null,
        "operator": null,
        "subdistrict_th": "สะเตง",
        "district_code": "9501",
        "district_th": "เมืองยะลา",
        "province_code": "95"
      }
    },
    {
      "type": "Feature",
      "geometry": { "type": "Point", "coordinates": [101.2421357, 6.6587359] },
      "properties": {
        "id": "osm_node_7856632123",
        "osm_type": "node",
        "osm_id": 7856632123,
        "kind": "hospital",
        "name_th": "โรงพยาบาลแม่ลาน",
        "name_en": "Mae Lan Hospital",
        "phone": null,
        "opening_hours": null,
        "opened_on": null,
        "closed_on": null,
        "operator": null,
        "subdistrict_th": "แม่ลาน",
        "district_code": "9412",
        "district_th": "แม่ลาน",
        "province_code": "94"
      }
    },
    {
      "type": "Feature",
      "geometry": { "type": "Point", "coordinates": [101.2923735, 6.7517367] },
      "properties": {
        "id": "osm_node_7856632124",
        "osm_type": "node",
        "osm_id": 7856632124,
        "kind": "hospital",
        "name_th": "โรงพยาบาลยะรัง",
        "name_en": "Yarang Hospital",
        "phone": null,
        "opening_hours": null,
        "opened_on": null,
        "closed_on": null,
        "operator": null,
        "subdistrict_th": "ปิตูมุดี",
        "district_code": "9410",
        "district_th": "ยะรัง",
        "province_code": "94"
      }
    },
    {
      "type": "Feature",
      "geometry": { "type": "Point", "coordinates": [101.3774908, 6.855718] },
      "properties": {
        "id": "osm_node_7856632125",
        "osm_type": "node",
        "osm_id": 7856632125,
        "kind": "hospital",
        "name_th": "โรงพยาบาลยะหริ่ง",
        "name_en": "Yaring Hospital",
        "phone": null,
        "opening_hours": null,
        "opened_on": null,
        "closed_on": null,
        "operator": null,
        "subdistrict_th": "ยามู",
        "district_code": "9409",
        "district_th": "ยะหริ่ง",
        "province_code": "94"
      }
    },
    {
      "type": "Feature",
      "geometry": { "type": "Point", "coordinates": [101.146, 6.7898301] },
      "properties": {
        "id": "osm_node_7856632126",
        "osm_type": "node",
        "osm_id": 7856632126,
        "kind": "hospital",
        "name_th": "โรงพยาบาลค่ายอิงคยุทธบริหาร",
        "name_en": "Khai Ingkhayutthaborihan Hospital",
        "phone": null,
        "opening_hours": null,
        "opened_on": null,
        "closed_on": null,
        "operator": null,
        "subdistrict_th": "บ่อทอง",
        "district_code": "9403",
        "district_th": "หนองจิก",
        "province_code": "94"
      }
    },
    {
      "type": "Feature",
      "geometry": { "type": "Point", "coordinates": [101.1180246, 6.7352966] },
      "properties": {
        "id": "osm_node_7856632127",
        "osm_type": "node",
        "osm_id": 7856632127,
        "kind": "hospital",
        "name_th": "โรงพยาบาลโคกโพธิ์",
        "name_en": "Khok Pho Hospital",
        "phone": null,
        "opening_hours": null,
        "opened_on": null,
        "closed_on": null,
        "operator": null,
        "subdistrict_th": "มะกรูด",
        "district_code": "9402",
        "district_th": "โคกโพธิ์",
        "province_code": "94"
      }
    },
    {
      "type": "Feature",
      "geometry": { "type": "Point", "coordinates": [100.4188317, 6.6341828] },
      "properties": {
        "id": "osm_node_7856632128",
        "osm_type": "node",
        "osm_id": 7856632128,
        "kind": "hospital",
        "name_th": "โรงพยาบาลพัชรเวช",
        "name_en": "Phatcharawet Hospital",
        "phone": null,
        "opening_hours": null,
        "opened_on": null,
        "closed_on": null,
        "operator": null,
        "subdistrict_th": "สะเดา",
        "district_code": "9010",
        "district_th": "สะเดา",
        "province_code": "90"
      }
    },
    {
      "type": "Feature",
      "geometry": { "type": "Point", "coordinates": [100.4071212, 6.6357813] },
      "properties": {
        "id": "osm_node_7856632129",
        "osm_type": "node",
        "osm_id": 7856632129,
        "kind": "hospital",
        "name_th": "โรงพยาบาลสะเดา",
        "name_en": "Sadao Hospital",
        "phone": null,
        "opening_hours": null,
        "opened_on": null,
        "closed_on": null,
        "operator": null,
        "subdistrict_th": "สะเดา",
        "district_code": "9010",
        "district_th": "สะเดา",
        "province_code": "90"
      }
    },
    {
      "type": "Feature",
      "geometry": { "type": "Point", "coordinates": [100.6933933, 6.729527] },
      "properties": {
        "id": "osm_node_7856632130",
        "osm_type": "node",
        "osm_id": 7856632130,
        "kind": "hospital",
        "name_th": "โรงพยาบาลสมเด็จพระบรมราชินีนาถ",
        "name_en": "Somdet Phra Borom Rachininat Hospital",
        "phone": null,
        "opening_hours": null,
        "opened_on": null,
        "closed_on": null,
        "operator": null,
        "subdistrict_th": "นาทวี",
        "district_code": "9004",
        "district_th": "นาทวี",
        "province_code": "90"
      }
    },
    {
      "type": "Feature",
      "geometry": { "type": "Point", "coordinates": [100.7401442, 6.9151585] },
      "properties": {
        "id": "osm_node_7856632131",
        "osm_type": "node",
        "osm_id": 7856632131,
        "kind": "hospital",
        "name_th": "โรงพยาบาลจะนะ",
        "name_en": "Chana Hospital",
        "phone": null,
        "opening_hours": null,
        "opened_on": null,
        "closed_on": null,
        "operator": "Ministry of Public Health",
        "subdistrict_th": "บ้านนา",
        "district_code": "9003",
        "district_th": "จะนะ",
        "province_code": "90"
      }
    },
    {
      "type": "Feature",
      "geometry": { "type": "Point", "coordinates": [100.3966498, 6.9054395] },
      "properties": {
        "id": "osm_node_7856632132",
        "osm_type": "node",
        "osm_id": 7856632132,
        "kind": "hospital",
        "name_th": "โรงพยาบาลคลองหอยโข่ง",
        "name_en": "Khlong Hoi Khong Hospital",
        "phone": null,
        "opening_hours": null,
        "opened_on": null,
        "closed_on": null,
        "operator": null,
        "subdistrict_th": "คลองหอยโข่ง",
        "district_code": "9016",
        "district_th": "คลองหอยโข่ง",
        "province_code": "90"
      }
    },
    {
      "type": "Feature",
      "geometry": { "type": "Point", "coordinates": [100.4696944, 7.022421] },
      "properties": {
        "id": "osm_node_7856632135",
        "osm_type": "node",
        "osm_id": 7856632135,
        "kind": "hospital",
        "name_th": "โรงพยาบาลศิครินทร์หาดใหญ่",
        "name_en": "Sikharin Hat Yai Hospital",
        "phone": null,
        "opening_hours": null,
        "opened_on": null,
        "closed_on": null,
        "operator": null,
        "subdistrict_th": "หาดใหญ่",
        "district_code": "9011",
        "district_th": "หาดใหญ่",
        "province_code": "90"
      }
    },
    {
      "type": "Feature",
      "geometry": { "type": "Point", "coordinates": [100.4092938, 7.0931419] },
      "properties": {
        "id": "osm_node_7856632136",
        "osm_type": "node",
        "osm_id": 7856632136,
        "kind": "hospital",
        "name_th": "โรงพยาบาลบางกล่ำ",
        "name_en": "Bang Klam Hospital",
        "phone": null,
        "opening_hours": null,
        "opened_on": null,
        "closed_on": null,
        "operator": null,
        "subdistrict_th": "บางกล่ำ",
        "district_code": "9014",
        "district_th": "บางกล่ำ",
        "province_code": "90"
      }
    },
    {
      "type": "Feature",
      "geometry": { "type": "Point", "coordinates": [100.2530873, 7.1324693] },
      "properties": {
        "id": "osm_node_7856632140",
        "osm_type": "node",
        "osm_id": 7856632140,
        "kind": "hospital",
        "name_th": "โรงพยาบาลรัตภูมิ",
        "name_en": "Rattaphum Hospital",
        "phone": null,
        "opening_hours": null,
        "opened_on": null,
        "closed_on": null,
        "operator": "Ministry of Public Health",
        "subdistrict_th": "กำแพงเพชร",
        "district_code": "9009",
        "district_th": "รัตภูมิ",
        "province_code": "90"
      }
    },
    {
      "type": "Feature",
      "geometry": { "type": "Point", "coordinates": [100.34675, 7.1953285] },
      "properties": {
        "id": "osm_node_7856632141",
        "osm_type": "node",
        "osm_id": 7856632141,
        "kind": "hospital",
        "name_th": "โรงพยาบาลควนเนียง",
        "name_en": "Khuan Niang Hospital",
        "phone": null,
        "opening_hours": null,
        "opened_on": null,
        "closed_on": null,
        "operator": null,
        "subdistrict_th": "รัตภูมิ",
        "district_code": "9013",
        "district_th": "ควนเนียง",
        "province_code": "90"
      }
    },
    {
      "type": "Feature",
      "geometry": { "type": "Point", "coordinates": [100.6137317, 7.1783956] },
      "properties": {
        "id": "osm_node_7856632142",
        "osm_type": "node",
        "osm_id": 7856632142,
        "kind": "hospital",
        "name_th": "โรงพยาบาลจิตเวชสงขลาราชนครินทร์",
        "name_en": "Songkhla Rajanagarindra Psychiatry Hospital",
        "phone": null,
        "opening_hours": null,
        "opened_on": null,
        "closed_on": null,
        "operator": null,
        "subdistrict_th": "บ่อยาง",
        "district_code": "9001",
        "district_th": "เมืองสงขลา",
        "province_code": "90"
      }
    },
    {
      "type": "Feature",
      "geometry": { "type": "Point", "coordinates": [100.6062698, 7.18404] },
      "properties": {
        "id": "osm_node_7856632143",
        "osm_type": "node",
        "osm_id": 7856632143,
        "kind": "hospital",
        "name_th": "โรงพยาบาลฐานทัพเรือสงขลา",
        "name_en": "Songkhla Navy Base Hospital",
        "phone": null,
        "opening_hours": null,
        "opened_on": null,
        "closed_on": null,
        "operator": null,
        "subdistrict_th": "บ่อยาง",
        "district_code": "9001",
        "district_th": "เมืองสงขลา",
        "province_code": "90"
      }
    },
    {
      "type": "Feature",
      "geometry": { "type": "Point", "coordinates": [100.5297249, 7.2342771] },
      "properties": {
        "id": "osm_node_7856632144",
        "osm_type": "node",
        "osm_id": 7856632144,
        "kind": "hospital",
        "name_th": "โรงพยาบาลสิงหนคร",
        "name_en": "Singhanakhon Hospital",
        "phone": null,
        "opening_hours": null,
        "opened_on": null,
        "closed_on": null,
        "operator": null,
        "subdistrict_th": "สทิงหม้อ",
        "district_code": "9015",
        "district_th": "สิงหนคร",
        "province_code": "90"
      }
    },
    {
      "type": "Feature",
      "geometry": { "type": "Point", "coordinates": [100.3289455, 7.6208721] },
      "properties": {
        "id": "osm_node_7856632149",
        "osm_type": "node",
        "osm_id": 7856632149,
        "kind": "hospital",
        "name_th": "โรงพยาบาลกระแสสินธุ์",
        "name_en": "Krasae Sin Hospital",
        "phone": null,
        "opening_hours": null,
        "opened_on": null,
        "closed_on": null,
        "operator": null,
        "subdistrict_th": "เชิงแส",
        "district_code": "9008",
        "district_th": "กระแสสินธุ์",
        "province_code": "90"
      }
    },
    {
      "type": "Feature",
      "geometry": { "type": "Point", "coordinates": [100.3365897, 7.7834733] },
      "properties": {
        "id": "osm_node_7856632150",
        "osm_type": "node",
        "osm_id": 7856632150,
        "kind": "hospital",
        "name_th": "โรงพยาบาลระโนด",
        "name_en": "Ranot Hospital",
        "phone": null,
        "opening_hours": null,
        "opened_on": null,
        "closed_on": null,
        "operator": null,
        "subdistrict_th": "ระโนด",
        "district_code": "9007",
        "district_th": "ระโนด",
        "province_code": "90"
      }
    },
    {
      "type": "Feature",
      "geometry": { "type": "Point", "coordinates": [101.3180813, 6.5557746] },
      "properties": {
        "id": "osm_node_8668221514",
        "osm_type": "node",
        "osm_id": 8668221514,
        "kind": "checkpoint",
        "name_th": null,
        "name_en": null,
        "phone": null,
        "opening_hours": null,
        "opened_on": null,
        "closed_on": null,
        "operator": null,
        "subdistrict_th": "สะเตงนอก",
        "district_code": "9501",
        "district_th": "เมืองยะลา",
        "province_code": "95"
      }
    },
    {
      "type": "Feature",
      "geometry": { "type": "Point", "coordinates": [100.3079086, 7.0035953] },
      "properties": {
        "id": "osm_node_8927776537",
        "osm_type": "node",
        "osm_id": 8927776537,
        "kind": "police",
        "name_th": null,
        "name_en": null,
        "phone": null,
        "opening_hours": null,
        "opened_on": null,
        "closed_on": null,
        "operator": null,
        "subdistrict_th": "ฉลุง",
        "district_code": "9011",
        "district_th": "หาดใหญ่",
        "province_code": "90"
      }
    },
    {
      "type": "Feature",
      "geometry": { "type": "Point", "coordinates": [101.3219743, 6.5104244] },
      "properties": {
        "id": "osm_node_8936328417",
        "osm_type": "node",
        "osm_id": 8936328417,
        "kind": "police",
        "name_th": "กองกำกับการตำรวจตระเวนชายแดนที่44",
        "name_en": "Border Patrol Police Sub Division 44",
        "phone": null,
        "opening_hours": null,
        "opened_on": null,
        "closed_on": null,
        "operator": null,
        "subdistrict_th": "บุดี",
        "district_code": "9501",
        "district_th": "เมืองยะลา",
        "province_code": "95"
      }
    },
    {
      "type": "Feature",
      "geometry": { "type": "Point", "coordinates": [100.4162711, 6.5438288] },
      "properties": {
        "id": "osm_node_986168427",
        "osm_type": "node",
        "osm_id": 986168427,
        "kind": "police",
        "name_th": null,
        "name_en": null,
        "phone": null,
        "opening_hours": null,
        "opened_on": null,
        "closed_on": null,
        "operator": null,
        "subdistrict_th": "สำนักขาม",
        "district_code": "9010",
        "district_th": "สะเดา",
        "province_code": "90"
      }
    },
    {
      "type": "Feature",
      "geometry": { "type": "Point", "coordinates": [100.6142629, 7.1751099] },
      "properties": {
        "id": "osm_relation_13275707",
        "osm_type": "relation",
        "osm_id": 13275707,
        "kind": "police",
        "name_th": "กน่วยกู้ชีพ เทศบาลเขารูปช้าง",
        "name_en": null,
        "phone": null,
        "opening_hours": null,
        "opened_on": null,
        "closed_on": null,
        "operator": null,
        "subdistrict_th": "เขารูปช้าง",
        "district_code": "9001",
        "district_th": "เมืองสงขลา",
        "province_code": "90"
      }
    },
    {
      "type": "Feature",
      "geometry": { "type": "Point", "coordinates": [100.4804136, 7.0007315] },
      "properties": {
        "id": "osm_way_101706800",
        "osm_type": "way",
        "osm_id": 101706800,
        "kind": "hospital",
        "name_th": "โรงพยาบาลราษฎร์ยินดี",
        "name_en": "Rajyindee Hospital",
        "phone": null,
        "opening_hours": null,
        "opened_on": null,
        "closed_on": null,
        "operator": null,
        "subdistrict_th": "หาดใหญ่",
        "district_code": "9011",
        "district_th": "หาดใหญ่",
        "province_code": "90"
      }
    },
    {
      "type": "Feature",
      "geometry": { "type": "Point", "coordinates": [102.0545521, 6.2593254] },
      "properties": {
        "id": "osm_way_1032038054",
        "osm_type": "way",
        "osm_id": 1032038054,
        "kind": "police",
        "name_th": "สถานีตำรสจภูธรตากใบ",
        "name_en": "Tak Bai Police Station",
        "phone": null,
        "opening_hours": null,
        "opened_on": null,
        "closed_on": null,
        "operator": null,
        "subdistrict_th": "เจ๊ะเห",
        "district_code": "9602",
        "district_th": "ตากใบ",
        "province_code": "96"
      }
    },
    {
      "type": "Feature",
      "geometry": { "type": "Point", "coordinates": [102.0465599, 6.2504559] },
      "properties": {
        "id": "osm_way_1032044398",
        "osm_type": "way",
        "osm_id": 1032044398,
        "kind": "hospital",
        "name_th": "โรงพยาบาลตากใบ",
        "name_en": "Takbai Hospital",
        "phone": null,
        "opening_hours": null,
        "opened_on": null,
        "closed_on": null,
        "operator": null,
        "subdistrict_th": "เจ๊ะเห",
        "district_code": "9602",
        "district_th": "ตากใบ",
        "province_code": "96"
      }
    },
    {
      "type": "Feature",
      "geometry": { "type": "Point", "coordinates": [100.3178721, 7.7762114] },
      "properties": {
        "id": "osm_way_1033487101",
        "osm_type": "way",
        "osm_id": 1033487101,
        "kind": "police",
        "name_th": null,
        "name_en": null,
        "phone": null,
        "opening_hours": null,
        "opened_on": null,
        "closed_on": null,
        "operator": null,
        "subdistrict_th": "ระโนด",
        "district_code": "9007",
        "district_th": "ระโนด",
        "province_code": "90"
      }
    },
    {
      "type": "Feature",
      "geometry": { "type": "Point", "coordinates": [101.1457659, 5.785809] },
      "properties": {
        "id": "osm_way_1040811992",
        "osm_type": "way",
        "osm_id": 1040811992,
        "kind": "fire",
        "name_th": null,
        "name_en": null,
        "phone": null,
        "opening_hours": null,
        "opened_on": null,
        "closed_on": null,
        "operator": null,
        "subdistrict_th": "ยะรม",
        "district_code": "9502",
        "district_th": "เบตง",
        "province_code": "95"
      }
    },
    {
      "type": "Feature",
      "geometry": { "type": "Point", "coordinates": [100.2348669, 7.1852451] },
      "properties": {
        "id": "osm_way_1047155502",
        "osm_type": "way",
        "osm_id": 1047155502,
        "kind": "police",
        "name_th": null,
        "name_en": null,
        "phone": null,
        "opening_hours": null,
        "opened_on": null,
        "closed_on": null,
        "operator": null,
        "subdistrict_th": "คูหาใต้",
        "district_code": "9009",
        "district_th": "รัตภูมิ",
        "province_code": "90"
      }
    },
    {
      "type": "Feature",
      "geometry": { "type": "Point", "coordinates": [101.8872344, 5.9423863] },
      "properties": {
        "id": "osm_way_1089518128",
        "osm_type": "way",
        "osm_id": 1089518128,
        "kind": "hospital",
        "name_th": "โรงพยาบาลแว้ง",
        "name_en": "Waeng Hospital",
        "phone": null,
        "opening_hours": null,
        "opened_on": null,
        "closed_on": null,
        "operator": null,
        "subdistrict_th": "แว้ง",
        "district_code": "9608",
        "district_th": "แว้ง",
        "province_code": "96"
      }
    },
    {
      "type": "Feature",
      "geometry": { "type": "Point", "coordinates": [100.4207595, 6.6385449] },
      "properties": {
        "id": "osm_way_1293589925",
        "osm_type": "way",
        "osm_id": 1293589925,
        "kind": "police",
        "name_th": "กองร้อยตำรวจตระเวนชายแดนที่ 437",
        "name_en": null,
        "phone": null,
        "opening_hours": null,
        "opened_on": null,
        "closed_on": null,
        "operator": null,
        "subdistrict_th": "สะเดา",
        "district_code": "9010",
        "district_th": "สะเดา",
        "province_code": "90"
      }
    },
    {
      "type": "Feature",
      "geometry": { "type": "Point", "coordinates": [101.2491308, 6.8698339] },
      "properties": {
        "id": "osm_way_1336863261",
        "osm_type": "way",
        "osm_id": 1336863261,
        "kind": "hospital",
        "name_th": null,
        "name_en": null,
        "phone": null,
        "opening_hours": null,
        "opened_on": null,
        "closed_on": null,
        "operator": null,
        "subdistrict_th": "สะบารัง",
        "district_code": "9401",
        "district_th": "เมืองปัตตานี",
        "province_code": "94"
      }
    },
    {
      "type": "Feature",
      "geometry": { "type": "Point", "coordinates": [101.2606269, 6.89174] },
      "properties": {
        "id": "osm_way_1337272755",
        "osm_type": "way",
        "osm_id": 1337272755,
        "kind": "police",
        "name_th": "ตำรวจภูธรจังหวัดปัตตานี",
        "name_en": "Pattani Provincial Police",
        "phone": null,
        "opening_hours": null,
        "opened_on": null,
        "closed_on": null,
        "operator": null,
        "subdistrict_th": "บานา",
        "district_code": "9401",
        "district_th": "เมืองปัตตานี",
        "province_code": "94"
      }
    },
    {
      "type": "Feature",
      "geometry": { "type": "Point", "coordinates": [101.2510255, 6.8951391] },
      "properties": {
        "id": "osm_way_1337277018",
        "osm_type": "way",
        "osm_id": 1337277018,
        "kind": "police",
        "name_th": null,
        "name_en": null,
        "phone": null,
        "opening_hours": null,
        "opened_on": null,
        "closed_on": null,
        "operator": null,
        "subdistrict_th": "รูสะมิแล",
        "district_code": "9401",
        "district_th": "เมืองปัตตานี",
        "province_code": "94"
      }
    },
    {
      "type": "Feature",
      "geometry": { "type": "Point", "coordinates": [101.2508608, 6.8929097] },
      "properties": {
        "id": "osm_way_1337277028",
        "osm_type": "way",
        "osm_id": 1337277028,
        "kind": "military",
        "name_th": "สถานีวิทยุกระจายเสียงแห่งประเทศไทยจังหวัดปัตตานี",
        "name_en": null,
        "phone": null,
        "opening_hours": null,
        "opened_on": null,
        "closed_on": null,
        "operator": null,
        "subdistrict_th": "รูสะมิแล",
        "district_code": "9401",
        "district_th": "เมืองปัตตานี",
        "province_code": "94"
      }
    },
    {
      "type": "Feature",
      "geometry": { "type": "Point", "coordinates": [101.2487403, 6.8966111] },
      "properties": {
        "id": "osm_way_1337476546",
        "osm_type": "way",
        "osm_id": 1337476546,
        "kind": "police",
        "name_th": null,
        "name_en": null,
        "phone": null,
        "opening_hours": null,
        "opened_on": null,
        "closed_on": null,
        "operator": null,
        "subdistrict_th": "รูสะมิแล",
        "district_code": "9401",
        "district_th": "เมืองปัตตานี",
        "province_code": "94"
      }
    },
    {
      "type": "Feature",
      "geometry": { "type": "Point", "coordinates": [101.1411155, 6.7882837] },
      "properties": {
        "id": "osm_way_1337840046",
        "osm_type": "way",
        "osm_id": 1337840046,
        "kind": "military",
        "name_th": "มณฑลทหารบกที่ 46 - ค่ายอิงคยุทธบริหาร",
        "name_en": "46th Military District - Fort Ingkhayutthaborihan",
        "phone": null,
        "opening_hours": null,
        "opened_on": null,
        "closed_on": null,
        "operator": null,
        "subdistrict_th": "บ่อทอง",
        "district_code": "9403",
        "district_th": "หนองจิก",
        "province_code": "94"
      }
    },
    {
      "type": "Feature",
      "geometry": { "type": "Point", "coordinates": [101.1487891, 6.7813463] },
      "properties": {
        "id": "osm_way_1337840047",
        "osm_type": "way",
        "osm_id": 1337840047,
        "kind": "military",
        "name_th": "ค่ายสมเด็จพระศรีสุริโยทัย",
        "name_en": "Fort Somdej Phra Suriyothai",
        "phone": null,
        "opening_hours": null,
        "opened_on": null,
        "closed_on": null,
        "operator": null,
        "subdistrict_th": "บ่อทอง",
        "district_code": "9403",
        "district_th": "หนองจิก",
        "province_code": "94"
      }
    },
    {
      "type": "Feature",
      "geometry": { "type": "Point", "coordinates": [101.1693986, 6.7770028] },
      "properties": {
        "id": "osm_way_1337840048",
        "osm_type": "way",
        "osm_id": 1337840048,
        "kind": "military",
        "name_th": "กรมทหารราบที่ 153",
        "name_en": "153rd Infantry Brigade",
        "phone": null,
        "opening_hours": null,
        "opened_on": null,
        "closed_on": null,
        "operator": null,
        "subdistrict_th": "บ่อทอง",
        "district_code": "9403",
        "district_th": "หนองจิก",
        "province_code": "94"
      }
    },
    {
      "type": "Feature",
      "geometry": { "type": "Point", "coordinates": [101.1666996, 6.7670056] },
      "properties": {
        "id": "osm_way_1337840049",
        "osm_type": "way",
        "osm_id": 1337840049,
        "kind": "military",
        "name_th": "สระน้ำป้องเพชร ขกท.พล.15",
        "name_en": null,
        "phone": null,
        "opening_hours": null,
        "opened_on": null,
        "closed_on": null,
        "operator": null,
        "subdistrict_th": "บ่อทอง",
        "district_code": "9403",
        "district_th": "หนองจิก",
        "province_code": "94"
      }
    },
    {
      "type": "Feature",
      "geometry": { "type": "Point", "coordinates": [100.3951505, 6.9258726] },
      "properties": {
        "id": "osm_way_1338038156",
        "osm_type": "way",
        "osm_id": 1338038156,
        "kind": "military",
        "name_th": "กองบิน 56",
        "name_en": "Wing Division 56",
        "phone": null,
        "opening_hours": null,
        "opened_on": null,
        "closed_on": null,
        "operator": null,
        "subdistrict_th": "โคกม่วง",
        "district_code": "9016",
        "district_th": "คลองหอยโข่ง",
        "province_code": "90"
      }
    },
    {
      "type": "Feature",
      "geometry": { "type": "Point", "coordinates": [100.4717365, 6.9992133] },
      "properties": {
        "id": "osm_way_142455609",
        "osm_type": "way",
        "osm_id": 142455609,
        "kind": "police",
        "name_th": null,
        "name_en": null,
        "phone": null,
        "opening_hours": null,
        "opened_on": null,
        "closed_on": null,
        "operator": null,
        "subdistrict_th": "หาดใหญ่",
        "district_code": "9011",
        "district_th": "หาดใหญ่",
        "province_code": "90"
      }
    },
    {
      "type": "Feature",
      "geometry": { "type": "Point", "coordinates": [100.4227396, 6.6368369] },
      "properties": {
        "id": "osm_way_1444409394",
        "osm_type": "way",
        "osm_id": 1444409394,
        "kind": "police",
        "name_th": null,
        "name_en": null,
        "phone": null,
        "opening_hours": null,
        "opened_on": null,
        "closed_on": null,
        "operator": null,
        "subdistrict_th": "สะเดา",
        "district_code": "9010",
        "district_th": "สะเดา",
        "province_code": "90"
      }
    },
    {
      "type": "Feature",
      "geometry": { "type": "Point", "coordinates": [100.4092733, 7.0931123] },
      "properties": {
        "id": "osm_way_1454160216",
        "osm_type": "way",
        "osm_id": 1454160216,
        "kind": "hospital",
        "name_th": null,
        "name_en": null,
        "phone": null,
        "opening_hours": null,
        "opened_on": null,
        "closed_on": null,
        "operator": null,
        "subdistrict_th": "บางกล่ำ",
        "district_code": "9014",
        "district_th": "บางกล่ำ",
        "province_code": "90"
      }
    },
    {
      "type": "Feature",
      "geometry": { "type": "Point", "coordinates": [101.2814602, 6.533092] },
      "properties": {
        "id": "osm_way_1461850570",
        "osm_type": "way",
        "osm_id": 1461850570,
        "kind": "police",
        "name_th": "ศูนย์ฝึกอบรมตํารวจภูธรภาค 9",
        "name_en": "Training center of provincial police region 9",
        "phone": null,
        "opening_hours": null,
        "opened_on": null,
        "closed_on": null,
        "operator": null,
        "subdistrict_th": "สะเตง",
        "district_code": "9501",
        "district_th": "เมืองยะลา",
        "province_code": "95"
      }
    },
    {
      "type": "Feature",
      "geometry": { "type": "Point", "coordinates": [100.4095718, 6.9292584] },
      "properties": {
        "id": "osm_way_1510609032",
        "osm_type": "way",
        "osm_id": 1510609032,
        "kind": "hospital",
        "name_th": "โรงพยาบาลกองบิน 56",
        "name_en": "Wing Division 56 Hospital",
        "phone": null,
        "opening_hours": null,
        "opened_on": null,
        "closed_on": null,
        "operator": null,
        "subdistrict_th": "โคกม่วง",
        "district_code": "9016",
        "district_th": "คลองหอยโข่ง",
        "province_code": "90"
      }
    },
    {
      "type": "Feature",
      "geometry": { "type": "Point", "coordinates": [100.3790507, 6.8673715] },
      "properties": {
        "id": "osm_way_1510676178",
        "osm_type": "way",
        "osm_id": 1510676178,
        "kind": "military",
        "name_th": "ค่ายรัตนพล",
        "name_en": "Fort Rattanapol",
        "phone": null,
        "opening_hours": null,
        "opened_on": null,
        "closed_on": null,
        "operator": null,
        "subdistrict_th": "คลองหอยโข่ง",
        "district_code": "9016",
        "district_th": "คลองหอยโข่ง",
        "province_code": "90"
      }
    },
    {
      "type": "Feature",
      "geometry": { "type": "Point", "coordinates": [100.3852632, 6.8774826] },
      "properties": {
        "id": "osm_way_1510676182",
        "osm_type": "way",
        "osm_id": 1510676182,
        "kind": "military",
        "name_th": "กองทัพน้อยที่ 4",
        "name_en": "4th Army Corps",
        "phone": null,
        "opening_hours": null,
        "opened_on": null,
        "closed_on": null,
        "operator": null,
        "subdistrict_th": "คลองหอยโข่ง",
        "district_code": "9016",
        "district_th": "คลองหอยโข่ง",
        "province_code": "90"
      }
    },
    {
      "type": "Feature",
      "geometry": { "type": "Point", "coordinates": [102.0549509, 6.2582481] },
      "properties": {
        "id": "osm_way_1525016877",
        "osm_type": "way",
        "osm_id": 1525016877,
        "kind": "police",
        "name_th": null,
        "name_en": null,
        "phone": null,
        "opening_hours": null,
        "opened_on": null,
        "closed_on": null,
        "operator": null,
        "subdistrict_th": "เจ๊ะเห",
        "district_code": "9602",
        "district_th": "ตากใบ",
        "province_code": "96"
      }
    },
    {
      "type": "Feature",
      "geometry": { "type": "Point", "coordinates": [100.5296067, 7.2340301] },
      "properties": {
        "id": "osm_way_1533226772",
        "osm_type": "way",
        "osm_id": 1533226772,
        "kind": "hospital",
        "name_th": "โรงพยาบาลสิงหนคร",
        "name_en": "Singhanakhon Hospital",
        "phone": null,
        "opening_hours": null,
        "opened_on": null,
        "closed_on": null,
        "operator": "Ministry of Public Health",
        "subdistrict_th": "สทิงหม้อ",
        "district_code": "9015",
        "district_th": "สิงหนคร",
        "province_code": "90"
      }
    },
    {
      "type": "Feature",
      "geometry": { "type": "Point", "coordinates": [100.4688624, 7.0168446] },
      "properties": {
        "id": "osm_way_1536054084",
        "osm_type": "way",
        "osm_id": 1536054084,
        "kind": "hospital",
        "name_th": "โรงพยาบาลหาดใหญ่",
        "name_en": "Hatyai hospital",
        "phone": null,
        "opening_hours": null,
        "opened_on": null,
        "closed_on": null,
        "operator": null,
        "subdistrict_th": "หาดใหญ่",
        "district_code": "9011",
        "district_th": "หาดใหญ่",
        "province_code": "90"
      }
    },
    {
      "type": "Feature",
      "geometry": { "type": "Point", "coordinates": [101.2919708, 6.7514836] },
      "properties": {
        "id": "osm_way_1537065405",
        "osm_type": "way",
        "osm_id": 1537065405,
        "kind": "hospital",
        "name_th": "โรงพยาบาลยะรัง",
        "name_en": "Yarang hospital",
        "phone": null,
        "opening_hours": null,
        "opened_on": null,
        "closed_on": null,
        "operator": null,
        "subdistrict_th": "ปิตูมุดี",
        "district_code": "9410",
        "district_th": "ยะรัง",
        "province_code": "94"
      }
    },
    {
      "type": "Feature",
      "geometry": { "type": "Point", "coordinates": [101.1736523, 6.8379058] },
      "properties": {
        "id": "osm_way_1537083027",
        "osm_type": "way",
        "osm_id": 1537083027,
        "kind": "hospital",
        "name_th": "โรงพยาบาลหนองจิก",
        "name_en": null,
        "phone": null,
        "opening_hours": null,
        "opened_on": null,
        "closed_on": null,
        "operator": null,
        "subdistrict_th": "ตุยง",
        "district_code": "9403",
        "district_th": "หนองจิก",
        "province_code": "94"
      }
    },
    {
      "type": "Feature",
      "geometry": { "type": "Point", "coordinates": [101.418071, 6.7202547] },
      "properties": {
        "id": "osm_way_1537086813",
        "osm_type": "way",
        "osm_id": 1537086813,
        "kind": "hospital",
        "name_th": "โรงพยาบาลมายอ",
        "name_en": "Mayo Hospital",
        "phone": null,
        "opening_hours": null,
        "opened_on": null,
        "closed_on": null,
        "operator": null,
        "subdistrict_th": "มายอ",
        "district_code": "9405",
        "district_th": "มายอ",
        "province_code": "94"
      }
    },
    {
      "type": "Feature",
      "geometry": { "type": "Point", "coordinates": [101.2781644, 6.5467845] },
      "properties": {
        "id": "osm_way_1537088642",
        "osm_type": "way",
        "osm_id": 1537088642,
        "kind": "hospital",
        "name_th": "โรงพยาบาลยะลา",
        "name_en": null,
        "phone": null,
        "opening_hours": null,
        "opened_on": null,
        "closed_on": null,
        "operator": null,
        "subdistrict_th": "สะเตง",
        "district_code": "9501",
        "district_th": "เมืองยะลา",
        "province_code": "95"
      }
    },
    {
      "type": "Feature",
      "geometry": { "type": "Point", "coordinates": [101.2575472, 6.2635948] },
      "properties": {
        "id": "osm_way_1537091779",
        "osm_type": "way",
        "osm_id": 1537091779,
        "kind": "hospital",
        "name_th": "โรงพยาบาลบันนังสตา",
        "name_en": "Bannangsata Hospital",
        "phone": null,
        "opening_hours": null,
        "opened_on": null,
        "closed_on": null,
        "operator": null,
        "subdistrict_th": "บันนังสตา",
        "district_code": "9503",
        "district_th": "บันนังสตา",
        "province_code": "95"
      }
    },
    {
      "type": "Feature",
      "geometry": { "type": "Point", "coordinates": [101.2785022, 6.5214487] },
      "properties": {
        "id": "osm_way_1544864921",
        "osm_type": "way",
        "osm_id": 1544864921,
        "kind": "police",
        "name_th": "กองร้อย ๕ กองกำกับการตำรวจตระเวนชายแดน ๙",
        "name_en": null,
        "phone": null,
        "opening_hours": null,
        "opened_on": null,
        "closed_on": null,
        "operator": null,
        "subdistrict_th": "สะเตง",
        "district_code": "9501",
        "district_th": "เมืองยะลา",
        "province_code": "95"
      }
    },
    {
      "type": "Feature",
      "geometry": { "type": "Point", "coordinates": [101.3097347, 6.5344168] },
      "properties": {
        "id": "osm_way_1544870139",
        "osm_type": "way",
        "osm_id": 1544870139,
        "kind": "fire",
        "name_th": null,
        "name_en": null,
        "phone": null,
        "opening_hours": null,
        "opened_on": null,
        "closed_on": null,
        "operator": null,
        "subdistrict_th": "สะเตงนอก",
        "district_code": "9501",
        "district_th": "เมืองยะลา",
        "province_code": "95"
      }
    },
    {
      "type": "Feature",
      "geometry": { "type": "Point", "coordinates": [100.9487391, 6.6239172] },
      "properties": {
        "id": "osm_way_1550430230",
        "osm_type": "way",
        "osm_id": 1550430230,
        "kind": "hospital",
        "name_th": "โรงพยาบาลสะบ้าย้อย",
        "name_en": "Saba Yoi Hospital",
        "phone": null,
        "opening_hours": null,
        "opened_on": null,
        "closed_on": null,
        "operator": "Ministry of Public Health",
        "subdistrict_th": "สะบ้าย้อย",
        "district_code": "9006",
        "district_th": "สะบ้าย้อย",
        "province_code": "90"
      }
    },
    {
      "type": "Feature",
      "geometry": { "type": "Point", "coordinates": [100.9549519, 6.8043954] },
      "properties": {
        "id": "osm_way_1550431506",
        "osm_type": "way",
        "osm_id": 1550431506,
        "kind": "hospital",
        "name_th": "โรงพยาบาลเทพา",
        "name_en": "Thepha Hospital",
        "phone": null,
        "opening_hours": null,
        "opened_on": null,
        "closed_on": null,
        "operator": "Ministry of Public Health",
        "subdistrict_th": "เทพา",
        "district_code": "9005",
        "district_th": "เทพา",
        "province_code": "90"
      }
    },
    {
      "type": "Feature",
      "geometry": { "type": "Point", "coordinates": [100.4069066, 6.6370384] },
      "properties": {
        "id": "osm_way_1550432755",
        "osm_type": "way",
        "osm_id": 1550432755,
        "kind": "hospital",
        "name_th": "โรงพยาบาลสะเดา",
        "name_en": "Sadao Hospital",
        "phone": null,
        "opening_hours": null,
        "opened_on": null,
        "closed_on": null,
        "operator": "Ministry of Public Health",
        "subdistrict_th": "สะเดา",
        "district_code": "9010",
        "district_th": "สะเดา",
        "province_code": "90"
      }
    },
    {
      "type": "Feature",
      "geometry": { "type": "Point", "coordinates": [100.252906, 7.1320738] },
      "properties": {
        "id": "osm_way_1550436101",
        "osm_type": "way",
        "osm_id": 1550436101,
        "kind": "hospital",
        "name_th": "โรงพยาบาลรัตภูมิ",
        "name_en": "Rattaphum Hospital",
        "phone": null,
        "opening_hours": null,
        "opened_on": null,
        "closed_on": null,
        "operator": "Ministry of Public Health",
        "subdistrict_th": "กำแพงเพชร",
        "district_code": "9009",
        "district_th": "รัตภูมิ",
        "province_code": "90"
      }
    },
    {
      "type": "Feature",
      "geometry": { "type": "Point", "coordinates": [100.4096313, 7.0936377] },
      "properties": {
        "id": "osm_way_1550438371",
        "osm_type": "way",
        "osm_id": 1550438371,
        "kind": "hospital",
        "name_th": "โรงพยาบาลบางกล่ำ",
        "name_en": "Bangklam Hospital",
        "phone": null,
        "opening_hours": null,
        "opened_on": null,
        "closed_on": null,
        "operator": "Ministry of Public Health",
        "subdistrict_th": "บางกล่ำ",
        "district_code": "9014",
        "district_th": "บางกล่ำ",
        "province_code": "90"
      }
    },
    {
      "type": "Feature",
      "geometry": { "type": "Point", "coordinates": [100.5820523, 7.2154948] },
      "properties": {
        "id": "osm_way_243246096",
        "osm_type": "way",
        "osm_id": 243246096,
        "kind": "military",
        "name_th": "ฐานทัพเรือสงขลา",
        "name_en": "Songkhla Naval Base",
        "phone": null,
        "opening_hours": null,
        "opened_on": null,
        "closed_on": null,
        "operator": null,
        "subdistrict_th": "บ่อยาง",
        "district_code": "9001",
        "district_th": "เมืองสงขลา",
        "province_code": "90"
      }
    },
    {
      "type": "Feature",
      "geometry": { "type": "Point", "coordinates": [100.3283132, 6.6654993] },
      "properties": {
        "id": "osm_way_309558617",
        "osm_type": "way",
        "osm_id": 309558617,
        "kind": "police",
        "name_th": null,
        "name_en": null,
        "phone": null,
        "opening_hours": null,
        "opened_on": null,
        "closed_on": null,
        "operator": null,
        "subdistrict_th": "ปาดังเบซาร์",
        "district_code": "9010",
        "district_th": "สะเดา",
        "province_code": "90"
      }
    },
    {
      "type": "Feature",
      "geometry": { "type": "Point", "coordinates": [100.5649298, 7.1410109] },
      "properties": {
        "id": "osm_way_321088066",
        "osm_type": "way",
        "osm_id": 321088066,
        "kind": "hospital",
        "name_th": "โรงพยาบาลสงขลา",
        "name_en": "Songkhla Hospital",
        "phone": null,
        "opening_hours": null,
        "opened_on": null,
        "closed_on": null,
        "operator": null,
        "subdistrict_th": "พะวง",
        "district_code": "9001",
        "district_th": "เมืองสงขลา",
        "province_code": "90"
      }
    },
    {
      "type": "Feature",
      "geometry": { "type": "Point", "coordinates": [100.4441226, 7.4560635] },
      "properties": {
        "id": "osm_way_322676538",
        "osm_type": "way",
        "osm_id": 322676538,
        "kind": "hospital",
        "name_th": null,
        "name_en": null,
        "phone": null,
        "opening_hours": null,
        "opened_on": null,
        "closed_on": null,
        "operator": null,
        "subdistrict_th": "จะทิ้งพระ",
        "district_code": "9002",
        "district_th": "สทิงพระ",
        "province_code": "90"
      }
    },
    {
      "type": "Feature",
      "geometry": { "type": "Point", "coordinates": [100.5517292, 6.9567096] },
      "properties": {
        "id": "osm_way_323944657",
        "osm_type": "way",
        "osm_id": 323944657,
        "kind": "police",
        "name_th": null,
        "name_en": null,
        "phone": null,
        "opening_hours": null,
        "opened_on": null,
        "closed_on": null,
        "operator": null,
        "subdistrict_th": "ทุ่งขมิ้น",
        "district_code": "9012",
        "district_th": "นาหม่อม",
        "province_code": "90"
      }
    },
    {
      "type": "Feature",
      "geometry": { "type": "Point", "coordinates": [100.3256682, 6.6669407] },
      "properties": {
        "id": "osm_way_324952144",
        "osm_type": "way",
        "osm_id": 324952144,
        "kind": "police",
        "name_th": "ด่านตรวจคนเข้าเมืองปาดังเบซาร์",
        "name_en": "Padang Besar Immigration Office",
        "phone": null,
        "opening_hours": null,
        "opened_on": null,
        "closed_on": null,
        "operator": null,
        "subdistrict_th": "ปาดังเบซาร์",
        "district_code": "9010",
        "district_th": "สะเดา",
        "province_code": "90"
      }
    },
    {
      "type": "Feature",
      "geometry": { "type": "Point", "coordinates": [100.423338, 6.6368857] },
      "properties": {
        "id": "osm_way_325338791",
        "osm_type": "way",
        "osm_id": 325338791,
        "kind": "police",
        "name_th": null,
        "name_en": null,
        "phone": null,
        "opening_hours": null,
        "opened_on": null,
        "closed_on": null,
        "operator": null,
        "subdistrict_th": "สะเดา",
        "district_code": "9010",
        "district_th": "สะเดา",
        "province_code": "90"
      }
    },
    {
      "type": "Feature",
      "geometry": { "type": "Point", "coordinates": [100.4233129, 6.6369786] },
      "properties": {
        "id": "osm_way_325338795",
        "osm_type": "way",
        "osm_id": 325338795,
        "kind": "police",
        "name_th": null,
        "name_en": null,
        "phone": null,
        "opening_hours": null,
        "opened_on": null,
        "closed_on": null,
        "operator": null,
        "subdistrict_th": "สะเดา",
        "district_code": "9010",
        "district_th": "สะเดา",
        "province_code": "90"
      }
    },
    {
      "type": "Feature",
      "geometry": { "type": "Point", "coordinates": [100.4232682, 6.6370513] },
      "properties": {
        "id": "osm_way_325338800",
        "osm_type": "way",
        "osm_id": 325338800,
        "kind": "police",
        "name_th": null,
        "name_en": null,
        "phone": null,
        "opening_hours": null,
        "opened_on": null,
        "closed_on": null,
        "operator": null,
        "subdistrict_th": "สะเดา",
        "district_code": "9010",
        "district_th": "สะเดา",
        "province_code": "90"
      }
    },
    {
      "type": "Feature",
      "geometry": { "type": "Point", "coordinates": [100.4524078, 6.9819755] },
      "properties": {
        "id": "osm_way_325880902",
        "osm_type": "way",
        "osm_id": 325880902,
        "kind": "health",
        "name_th": null,
        "name_en": null,
        "phone": "+66(0)74556322",
        "opening_hours": "Tu-We 09:00-12:00",
        "opened_on": null,
        "closed_on": null,
        "operator": "Anan Chongsakjarenkul",
        "subdistrict_th": "ควนลัง",
        "district_code": "9011",
        "district_th": "หาดใหญ่",
        "province_code": "90"
      }
    },
    {
      "type": "Feature",
      "geometry": { "type": "Point", "coordinates": [100.4945493, 7.006663] },
      "properties": {
        "id": "osm_way_403029534",
        "osm_type": "way",
        "osm_id": 403029534,
        "kind": "hospital",
        "name_th": "โรงพยาบาลสงขลานครินทร์",
        "name_en": "Songklanagarind Hospital",
        "phone": null,
        "opening_hours": null,
        "opened_on": null,
        "closed_on": null,
        "operator": null,
        "subdistrict_th": "คอหงส์",
        "district_code": "9011",
        "district_th": "หาดใหญ่",
        "province_code": "90"
      }
    },
    {
      "type": "Feature",
      "geometry": { "type": "Point", "coordinates": [100.6227987, 7.1429768] },
      "properties": {
        "id": "osm_way_452812672",
        "osm_type": "way",
        "osm_id": 452812672,
        "kind": "military",
        "name_th": null,
        "name_en": "5th Field Artilery Battalion",
        "phone": null,
        "opening_hours": null,
        "opened_on": null,
        "closed_on": null,
        "operator": null,
        "subdistrict_th": "เขารูปช้าง",
        "district_code": "9001",
        "district_th": "เมืองสงขลา",
        "province_code": "90"
      }
    },
    {
      "type": "Feature",
      "geometry": { "type": "Point", "coordinates": [100.4863577, 7.0160922] },
      "properties": {
        "id": "osm_way_492448931",
        "osm_type": "way",
        "osm_id": 492448931,
        "kind": "hospital",
        "name_th": "โรงพยาบาลกรุงเทพ-หาดใหญ่",
        "name_en": "Bangkok-Hat Yai Hospital",
        "phone": null,
        "opening_hours": null,
        "opened_on": null,
        "closed_on": null,
        "operator": "Bangkok Dusit Medical Services",
        "subdistrict_th": "หาดใหญ่",
        "district_code": "9011",
        "district_th": "หาดใหญ่",
        "province_code": "90"
      }
    },
    {
      "type": "Feature",
      "geometry": { "type": "Point", "coordinates": [101.8225124, 6.4144166] },
      "properties": {
        "id": "osm_way_585496572",
        "osm_type": "way",
        "osm_id": 585496572,
        "kind": "hospital",
        "name_th": null,
        "name_en": null,
        "phone": null,
        "opening_hours": null,
        "opened_on": null,
        "closed_on": null,
        "operator": null,
        "subdistrict_th": "บางนาค",
        "district_code": "9601",
        "district_th": "เมืองนราธิวาส",
        "province_code": "96"
      }
    },
    {
      "type": "Feature",
      "geometry": { "type": "Point", "coordinates": [101.7771611, 5.9422372] },
      "properties": {
        "id": "osm_way_735136329",
        "osm_type": "way",
        "osm_id": 735136329,
        "kind": "hospital",
        "name_th": "โรงพยาบาลสุคิริน",
        "name_en": "Hospital Sukhirin",
        "phone": null,
        "opening_hours": null,
        "opened_on": null,
        "closed_on": null,
        "operator": null,
        "subdistrict_th": "มาโมง",
        "district_code": "9609",
        "district_th": "สุคิริน",
        "province_code": "96"
      }
    },
    {
      "type": "Feature",
      "geometry": { "type": "Point", "coordinates": [101.2508284, 6.8942628] },
      "properties": {
        "id": "osm_way_750328481",
        "osm_type": "way",
        "osm_id": 750328481,
        "kind": "hospital",
        "name_th": "โรงพยาบาลธัญญารักษ์ปัตตานี",
        "name_en": "Thanyarak Pattani Hospital",
        "phone": null,
        "opening_hours": null,
        "opened_on": null,
        "closed_on": null,
        "operator": null,
        "subdistrict_th": "รูสะมิแล",
        "district_code": "9401",
        "district_th": "เมืองปัตตานี",
        "province_code": "94"
      }
    },
    {
      "type": "Feature",
      "geometry": { "type": "Point", "coordinates": [102.0901279, 6.2362298] },
      "properties": {
        "id": "osm_way_762612025",
        "osm_type": "way",
        "osm_id": 762612025,
        "kind": "police",
        "name_th": "สถานีตำรวจน้ำตากใบ",
        "name_en": "Tak Bai Marine Police Unit",
        "phone": null,
        "opening_hours": null,
        "opened_on": null,
        "closed_on": null,
        "operator": null,
        "subdistrict_th": "เจ๊ะเห",
        "district_code": "9602",
        "district_th": "ตากใบ",
        "province_code": "96"
      }
    },
    {
      "type": "Feature",
      "geometry": { "type": "Point", "coordinates": [101.0712118, 5.7964913] },
      "properties": {
        "id": "osm_way_767373835",
        "osm_type": "way",
        "osm_id": 767373835,
        "kind": "police",
        "name_th": null,
        "name_en": null,
        "phone": null,
        "opening_hours": null,
        "opened_on": null,
        "closed_on": null,
        "operator": null,
        "subdistrict_th": "เบตง",
        "district_code": "9502",
        "district_th": "เบตง",
        "province_code": "95"
      }
    },
    {
      "type": "Feature",
      "geometry": { "type": "Point", "coordinates": [100.5951065, 7.213944] },
      "properties": {
        "id": "osm_way_988784902",
        "osm_type": "way",
        "osm_id": 988784902,
        "kind": "police",
        "name_th": null,
        "name_en": null,
        "phone": null,
        "opening_hours": null,
        "opened_on": null,
        "closed_on": null,
        "operator": "ตำรวจแห่งชาติ",
        "subdistrict_th": "บ่อยาง",
        "district_code": "9001",
        "district_th": "เมืองสงขลา",
        "province_code": "90"
      }
    },
    {
      "type": "Feature",
      "geometry": { "type": "Point", "coordinates": [100.5841871, 7.2122972] },
      "properties": {
        "id": "osm_way_988790024",
        "osm_type": "way",
        "osm_id": 988790024,
        "kind": "police",
        "name_th": "สถานีตํารวจภูธรเมืองสงขลา",
        "name_en": "Muang Songkhla Police Station",
        "phone": null,
        "opening_hours": null,
        "opened_on": null,
        "closed_on": null,
        "operator": "Thailand Royal Police",
        "subdistrict_th": "บ่อยาง",
        "district_code": "9001",
        "district_th": "เมืองสงขลา",
        "province_code": "90"
      }
    }
  ]
}
