{"type":"FeatureCollection","features":[{"type":"Feature","properties":{"province_code":"10","province_th":"กรุงเทพมหานคร","province_en":"Bangkok"},"geometry":{"type":"Polygon","coordinates":[[[100.60716828518827,13.943083941970372],[100.56779513413818,13.951249333789747],[100.54334282221356,13.849992712193966],[100.50831124187039,13.82330929918487],[100.51512091829579,13.813392960616682],[100.49974356891062,13.800173439152957],[100.46611252887016,13.78878824777945],[100.4697653160166,13.794506297427745],[100.46062109039104,13.798062186220989],[100.32788911359177,13.804213157811034],[100.33920597627485,13.655625165668937],[100.34531659978131,13.640261290825947],[100.37741995067023,13.62077847604587],[100.39519853308587,13.554265442196424],[100.41411910341395,13.557324306271767],[100.41917752102586,13.546877741814399],[100.40704901480024,13.535096971947723],[100.41067889621416,13.491494514360397],[100.45785745755569,13.48698924455806],[100.44451942703,13.553037785765241],[100.45242845810691,13.601594133662388],[100.46384000231433,13.60597484916002],[100.4699434798078,13.593490138559105],[100.4769636407595,13.602472452042093],[100.49481930856427,13.587772644691825],[100.49939758802833,13.600598987952992],[100.52056020958605,13.609842315270669],[100.51684855821446,13.675552321982138],[100.52121306343219,13.681708691303129],[100.54714117632426,13.674915435598905],[100.55419569227746,13.707203190674761],[100.585935776415,13.696011169180167],[100.5793448555807,13.670814369687434],[100.64819112292207,13.655042244903711],[100.65514729261355,13.674974659552959],[100.69661851972899,13.654309843324654],[100.70992440218947,13.718775309732791],[100.7887020978236,13.716271941596858],[100.85921051375425,13.690399907729613],[100.85575758294618,13.700869255611678],[100.90930923493329,13.790096890858877],[100.93795782759173,13.814649252361164],[100.90460393432414,13.848531711369446],[100.9135776098189,13.94542458407733],[100.74704230355951,13.917325144439928],[100.69346216284862,13.916900527737198],[100.68910353919705,13.931339411184922],[100.63988634517875,13.932009011306889],[100.6069217747202,13.954013613237692],[100.60716828518827,13.943083941970372]]]}},{"type":"Feature","properties":{"province_code":"11","province_th":"สมุทรปราการ","province_en":"Samut Prakan"},"geometry":{"type":"Polygon","coordinates":[[[100.71929238993192,13.719914702201777],[100.70992440218947,13.718775309732791],[100.69661851972899,13.654309843324654],[100.66069682729682,13.67427123862683],[100.64819112292207,13.655042244903711],[100.5793448555807,13.670814369687434],[100.58781142855463,13.692665120998583],[100.56162748641941,13.70793148415072],[100.55165024306433,13.704377448860214],[100.5458504720217,13.673923597596001],[100.52121306343219,13.681708691303129],[100.51437191073518,13.632038269550549],[100.52056020958605,13.609842315270669],[100.49939758802833,13.600598987952992],[100.49481930856427,13.587772644691825],[100.47736292535876,13.602311889781959],[100.4699434798078,13.593490138559105],[100.46658862726338,13.604058081815083],[100.45473185569062,13.605266635746716],[100.44645779968778,13.586279376192294],[100.45785745755569,13.48698924455806],[100.49137267301052,13.495220709568116],[100.4984301279481,13.508545002050255],[100.56321757862838,13.516410571590654],[100.58922446403784,13.550381909697421],[100.62934853730519,13.521112586077038],[100.67079272630332,13.508547316905208],[100.8335134169107,13.478676069844823],[100.87118675666358,13.48988364871144],[100.87930635140702,13.546964769208785],[100.89021064740353,13.56463761743214],[100.9047079705964,13.555356236201362],[100.91507334965542,13.571968734269717],[100.9070163872965,13.59172845570373],[100.92459458816978,13.59476782517504],[100.96062045626911,13.634219514019378],[100.95547634405807,13.662844805243594],[100.7887020978236,13.716271941596858],[100.71929238993192,13.719914702201777]]]}},{"type":"Feature","properties":{"province_code":"12","province_th":"นนทบุรี","province_en":"Nonthaburi"},"geometry":{"type":"Polygon","coordinates":[[[100.3212359659671,14.129638776608317],[100.29839545318765,14.140277683568286],[100.2798768105664,14.12535097456788],[100.27644488792129,14.080929268770774],[100.26415990415632,14.05978717423875],[100.27617582785223,14.021788995765576],[100.27196043382702,14.028434976692893],[100.26224756687179,13.998098143414609],[100.29805135188843,13.962865130221644],[100.26419265296863,13.920994551957051],[100.27707632531224,13.910501909835318],[100.32788911359177,13.804213157811034],[100.46062109039104,13.798062186220989],[100.4697653160166,13.794506297427745],[100.46611252887016,13.78878824777945],[100.50180801302946,13.801274939586847],[100.51512091829579,13.813392960616682],[100.50831124187039,13.82330929918487],[100.54334282221356,13.849992712193966],[100.56779513413818,13.951249333789747],[100.54041043789147,13.956131971713148],[100.53233823292317,13.945389033876836],[100.50124865809914,13.936911964015962],[100.46442963741788,13.97151075102039],[100.45370554397573,13.96678874910151],[100.43479841311631,13.980660399557848],[100.36234269515933,13.993327528642567],[100.33190185078985,14.056479611644818],[100.3442250656343,14.115601481822978],[100.3212359659671,14.129638776608317]]]}},{"type":"Feature","properties":{"province_code":"13","province_th":"ปทุมธานี","province_en":"Pathum Thani"},"geometry":{"type":"Polygon","coordinates":[[[100.89132807573014,14.251268636238649],[100.8916521527247,14.27546956426903],[100.62577609109377,14.145829917117055],[100.61986381216525,14.129253285810535],[100.60309299384664,14.134812113188502],[100.55589367795096,14.11974354243057],[100.55319798709746,14.110636648562547],[100.5171406724042,14.12940525414922],[100.47963501214616,14.111567749052426],[100.39912541830347,14.114729306712206],[100.39407971260869,14.131842238828312],[100.38311409274127,14.132994836942203],[100.38283887141682,14.115116077245204],[100.3442250656343,14.115601481822978],[100.33553860392351,14.04137547180062],[100.36234269515933,13.993327528642567],[100.43479841311631,13.980660399557848],[100.45370554397573,13.96678874910151],[100.46442963741788,13.97151075102039],[100.50124865809914,13.936911964015962],[100.53233823292317,13.945389033876836],[100.54041043789147,13.956131971713148],[100.60820104863956,13.942542695788802],[100.6069217747202,13.954013613237692],[100.63988634517875,13.932009011306889],[100.68910353919705,13.931339411184922],[100.68760041502719,13.91760204839585],[100.74704230355951,13.917325144439928],[100.9135776098189,13.94542458407733],[100.91428771810376,14.221179187569476],[100.94672673555044,14.2365729783603],[100.95171963934996,14.272147286068446],[100.89232825044849,14.243701977064632],[100.89132807573014,14.251268636238649]]]}},{"type":"Feature","properties":{"province_code":"14","province_th":"พระนครศรีอยุธยา","province_en":"Phra Nakhon Si Ayutthaya"},"geometry":{"type":"Polygon","coordinates":[[[100.51365624374074,14.65639342391745],[100.50643605108297,14.672479064057597],[100.49235486758312,14.583106946428472],[100.47809159744935,14.56666597155737],[100.49152935919261,14.549574948724967],[100.49880909866101,14.519189736417275],[100.49050895512426,14.513872012783224],[100.50049414398961,14.500481826075486],[100.49267351806844,14.495038655109909],[100.49670254558606,14.459457233764397],[100.4767501938664,14.445813288052875],[100.46011979928937,14.438899174257529],[100.43432043783798,14.448134033558858],[100.4175582323266,14.444144268643129],[100.4173960018241,14.484312074142963],[100.42724474464933,14.493600143631795],[100.40103575459648,14.508880035285472],[100.31925736663425,14.488060692147258],[100.28691163856132,14.49759267126484],[100.27795858542044,14.486354377852308],[100.25854510387353,14.490366547578162],[100.25028554943862,14.477897331396775],[100.24428249114413,14.455745489762592],[100.27256506242776,14.429681976741904],[100.2808783162813,14.400249957669473],[100.26836246755391,14.375578946811004],[100.28010717640512,14.342958987567272],[100.260545858005,14.317796223816742],[100.25111284028543,14.265642861129209],[100.2248712938752,14.231807870137175],[100.22565729055157,14.199326357025825],[100.23562030843055,14.20361096557366],[100.23424302459597,14.175138570788476],[100.2836701527554,14.170051757082945],[100.2798768105664,14.12535097456788],[100.2998957858619,14.14031364296028],[100.33376832804595,14.128539064925974],[100.34584873493122,14.11409520193206],[100.38283887141682,14.115116077245204],[100.38311409274127,14.132994836942203],[100.39407971260869,14.131842238828312],[100.39912541830347,14.114729306712206],[100.47449804504879,14.11127950014884],[100.5171406724042,14.12940525414922],[100.55279288478386,14.110542940104665],[100.55589367795096,14.11974354243057],[100.60309299384664,14.134812113188502],[100.61986381216525,14.129253285810535],[100.62017476265521,14.142735192575117],[100.82307728189113,14.243924535888652],[100.82304797838157,14.32880245616849],[100.77365125540115,14.32707375594913],[100.79301597210946,14.364413974225556],[100.78489503467819,14.378864112688689],[100.79721849144028,14.389781672786],[100.7808588980198,14.398028644806175],[100.78021738462468,14.410439807950809],[100.75936329438059,14.41347705322346],[100.77119653519202,14.434686526761823],[100.75993752589613,14.450478192014998],[100.77205170412293,14.492627655441993],[100.76071160026021,14.49413216276912],[100.74818412959394,14.517620991415697],[100.77836257337412,14.529807088426423],[100.78223865229205,14.567203167192474],[100.7019837842243,14.57525683173742],[100.65596953466633,14.606075704330351],[100.67589156304524,14.557820879330166],[100.64625874064842,14.5492057968101],[100.61641446965211,14.561031569651277],[100.6019423283758,14.554769787195994],[100.60317319538672,14.578424109984724],[100.57507275840112,14.598434553411948],[100.6029564866526,14.65565050206908],[100.58190727140351,14.664752579168237],[100.55250611436577,14.660657639438568],[100.54825563958616,14.671712791312302],[100.51365624374074,14.65639342391745]]]}},{"type":"Feature","properties":{"province_code":"15","province_th":"อ่างทอง","province_en":"Ang Thong"},"geometry":{"type":"Polygon","coordinates":[[[100.33306132781809,14.798152726167416],[100.31098833244562,14.797448807916226],[100.31337129484945,14.789412824941962],[100.29513724988425,14.781213788585546],[100.27318763520128,14.798518267304246],[100.24481878296052,14.801333187576574],[100.20331546173924,14.773334960340208],[100.21072578456739,14.722808404684201],[100.203354972554,14.715314453898998],[100.21255285263209,14.711973793555785],[100.22950448144672,14.655128818839955],[100.24017185914403,14.650838228901193],[100.21376264493017,14.637456274587464],[100.21065062912328,14.62168449604269],[100.19137870716168,14.616681795928173],[100.19978080504018,14.599069939726007],[100.21515397797378,14.596997140006067],[100.2096688356483,14.57331474757757],[100.19613629705253,14.560722905237924],[100.20818693727739,14.539541847578278],[100.20624360305987,14.52332613129596],[100.23178944562648,14.501610241419542],[100.23635839282565,14.480473853985245],[100.25925333797124,14.490606828442424],[100.27856636704428,14.486520003295539],[100.28691163856132,14.49759267126484],[100.31925736663425,14.488060692147258],[100.40414334394023,14.508350143944028],[100.42724474464933,14.493600143631795],[100.4173960018241,14.484312074142963],[100.4175582323266,14.444144268643129],[100.46271578500551,14.439351987404336],[100.49670254558606,14.459457233764397],[100.49267351806844,14.495038655109909],[100.50037659540362,14.502294166842375],[100.49045047401023,14.514664987299398],[100.49882121522694,14.519632847677826],[100.47809159744935,14.56666597155737],[100.49216568080158,14.58240538080372],[100.50001710490551,14.64939649155491],[100.50825951466493,14.652133083574995],[100.5028174786438,14.667941579640228],[100.51581752685746,14.681468975013217],[100.50102988632028,14.681262761367407],[100.49516284508928,14.699801921121832],[100.47512209900572,14.70313919012159],[100.46339285219841,14.720229097794686],[100.41479993337026,14.725392298116105],[100.41648948340298,14.745305168698621],[100.40330622530212,14.759359386926235],[100.38105741966427,14.74271561133645],[100.37120697891902,14.761788146405877],[100.35596297291295,14.761532919708543],[100.33306132781809,14.798152726167416]]]}},{"type":"Feature","properties":{"province_code":"16","province_th":"ลพบุรี","province_en":"Lop Buri"},"geometry":{"type":"Polygon","coordinates":[[[101.34844028589055,15.750392386899193],[101.33607705391296,15.736853174434486],[101.35093955041998,15.656518654312492],[101.32097049938909,15.616495341986479],[101.30740751064815,15.552172826414846],[101.28807106322904,15.531073118729523],[101.30506391696628,15.52057107599444],[101.30686815034494,15.47234600056754],[101.29762472140385,15.455909926102265],[101.30746602593644,15.43494231893294],[101.30519640868738,15.391464293342494],[101.2784664359773,15.363222595346542],[101.20302833768767,15.326040295323423],[101.1473857241719,15.33938567870615],[101.11046153677057,15.336464276005586],[101.08226977542984,15.35228823681274],[101.05456030431463,15.320063301180483],[101.02919869956037,15.32252253508699],[101.02276811435706,15.338517194413043],[101.00406928896655,15.323125572786978],[100.98561842644926,15.324724890241555],[100.9769341168161,15.338285318612634],[100.98392190487209,15.34801183008193],[100.97726152579884,15.414209914156288],[100.94824373356153,15.40609970923424],[100.93253404870745,15.41371342543431],[100.9243369818663,15.43483739862711],[100.93336211297122,15.469615080571543],[100.9270400867307,15.482976384652488],[100.91126468931401,15.489621487841418],[100.88417623604454,15.529720147167097],[100.85446407905408,15.526937756272503],[100.85491438758896,15.547578412214023],[100.8327754889977,15.552731585993968],[100.83216152993072,15.563674641871273],[100.79418284606157,15.539091518159069],[100.76917168282694,15.534294909382595],[100.74544242133072,15.512655644442475],[100.76946691316755,15.494971999857967],[100.76721793895678,15.460461237596064],[100.7082165005911,15.440128857560751],[100.679712491938,15.452216209010885],[100.6440450135666,15.417346166692312],[100.64432683321684,15.396590096255977],[100.63037840134223,15.386094855992837],[100.62498607804514,15.358467278042497],[100.63545593314484,15.348026619432972],[100.63350723087405,15.323258089689148],[100.62317664658502,15.319787169742142],[100.61175016283983,15.294796455292214],[100.59562273120412,15.29014112191527],[100.58986438113635,15.267985851166145],[100.5974085752456,15.269209948080686],[100.61308932801012,15.243655786785155],[100.53220468809593,15.183100065415715],[100.50766392335146,15.131656312788664],[100.47693151967394,15.113824006672644],[100.45866203782282,15.11579323057316],[100.4273768982253,15.061812328576138],[100.4454798831901,15.056274488676763],[100.46974442026885,15.028409573343197],[100.4643207708869,15.011120824666364],[100.44157859627524,15.001144869140433],[100.45245336123367,14.961747055981903],[100.44788395717893,14.94108518503333],[100.4206418961067,14.929931604160231],[100.42225513326787,14.90444878608264],[100.42924547359979,14.88137553415362],[100.45162903814963,14.874073514880877],[100.44561911443066,14.86165945142261],[100.45864976027826,14.856140281448859],[100.45664746291015,14.83204456240668],[100.48129816078153,14.812529130115308],[100.46741074071315,14.798327644305402],[100.47277052384067,14.761259152587854],[100.48824892644689,14.747486552562407],[100.47459125798025,14.723588330936764],[100.46120529269018,14.722515062020534],[100.47512209900572,14.70313919012159],[100.49516284508928,14.699801921121832],[100.50102988632028,14.681262761367407],[100.5157170186256,14.681705161264233],[100.50692007879866,14.66275386829642],[100.51295821784754,14.656630431249425],[100.54874306044394,14.671693299406286],[100.55250611436577,14.660657639438568],[100.5827066427974,14.664635604349712],[100.61125155081845,14.646361252669749],[100.62137409673721,14.649857707067554],[100.62694330139232,14.655397741312754],[100.61709873411934,14.663024738700756],[100.64031475791978,14.675116847564539],[100.66428928072577,14.736892664764696],[100.69828958599567,14.76341160616073],[100.72411927798237,14.759011000357418],[100.7774284169879,14.795964032614052],[100.80107472771658,14.79174413568336],[100.846908927605,14.80448796884474],[100.8749824307946,14.781984567833604],[100.88264775818755,14.763869278344544],[100.89978544414299,14.772015982251844],[100.9405506728753,14.751213992431872],[100.9434338094228,14.741044714142276],[100.96639324315373,14.751458747423328],[100.99193639225075,14.740384744860137],[100.99032215144621,14.76339811992733],[101.02562783075984,14.811060262920819],[101.0540471538531,14.790259175120866],[101.05956538673325,14.76012482869794],[101.06923090438278,14.759458444551626],[101.06186276605388,14.789338508565379],[101.07245133256299,14.790676406590933],[101.06823216857975,14.812418830964305],[101.08142699016355,14.8109772770797],[101.09190638886884,14.850432327589886],[101.073301366365,14.87898366396496],[101.09067920638034,14.89222531234833],[101.09434179164043,14.907234660950905],[101.14835010497342,14.896696623750245],[101.19703818016797,14.922624891325711],[101.25742117594655,14.912605815106303],[101.27657420843303,14.939091540941888],[101.27768599980908,14.97112707035808],[101.32907387755745,14.975688445265575],[101.34759631531773,14.993045719584359],[101.36297942486061,15.046066796745322],[101.37107710222654,15.04319240160811],[101.38075365905416,15.06697928536579],[101.39985135535585,15.07619507364376],[101.40058269033892,15.166016156220678],[101.3827570338101,15.265832235669166],[101.3857958996611,15.346522970958404],[101.37913976538795,15.346511649393165],[101.37545548758072,15.376840502986852],[101.38519095090174,15.48774458474486],[101.37047680835809,15.575900032060872],[101.40608012459813,15.73567741158331],[101.34844028589055,15.750392386899193]]]}},{"type":"Feature","properties":{"province_code":"17","province_th":"สิงห์บุรี","province_en":"Sing Buri"},"geometry":{"type":"Polygon","coordinates":[[[100.39081225887873,15.075438447926103],[100.3542893894438,15.101229765841083],[100.3516436424402,15.119860162716407],[100.31931398255432,15.091182788155209],[100.28907132538143,15.078461204221242],[100.29377845521162,15.064417433417873],[100.26024389444024,15.05812994564053],[100.24378626142686,15.037503603308721],[100.21862062793969,15.045244259714877],[100.22237806559531,15.025432924389975],[100.24534012534656,15.023282282051753],[100.25576256728868,15.007896568971546],[100.26825916782639,15.010275943979707],[100.29027658059977,14.981135504899669],[100.29103578827107,14.956265889559234],[100.2590612023127,14.943811289159726],[100.20175204072416,14.954294327421337],[100.19721373522577,14.93987592423457],[100.1816369081169,14.9350495901665],[100.18619407959318,14.907248327948025],[100.2222512575895,14.905399982822985],[100.20645948531705,14.895918688596623],[100.21011524472283,14.884319701393167],[100.22444568701889,14.88267753843769],[100.20416690567822,14.809281331068632],[100.22658973822593,14.794652502710903],[100.27283666308159,14.798627548422644],[100.29513724988425,14.781213788585546],[100.32908186643505,14.801859213631872],[100.35596297291295,14.761532919708543],[100.37120697891902,14.761788146405877],[100.38105741966427,14.74271561133645],[100.40330622530212,14.759359386926235],[100.41648948340298,14.745305168698621],[100.41479993337026,14.725392298116105],[100.46487061458726,14.71877873055405],[100.48824892644689,14.747486552562407],[100.47277052384067,14.761259152587854],[100.46741074071315,14.798327644305402],[100.48129816078153,14.812529130115308],[100.45549596466708,14.833842044574737],[100.45864976027826,14.856140281448859],[100.44561911443066,14.86165945142261],[100.45162903814963,14.874073514880877],[100.42716717002895,14.884071752909108],[100.42006154290596,14.925468563823188],[100.4484878609261,14.94215584411694],[100.4524808634012,14.964468680585185],[100.44157859627524,15.001144869140433],[100.4643207708869,15.011120824666364],[100.46974442026885,15.028409573343197],[100.4451378746133,15.056507154081942],[100.4273768982253,15.061812328576138],[100.42305186605086,15.052671906183548],[100.39081225887873,15.075438447926103]]]}},{"type":"Feature","properties":{"province_code":"18","province_th":"ชัยนาท","province_en":"Chai Nat"},"geometry":{"type":"Polygon","coordinates":[[[100.13124245027893,15.404407529583864],[100.10265355461792,15.417491175177645],[100.08854515403567,15.410761901740443],[100.10629197959122,15.376297098432417],[100.08089587774265,15.380620685396366],[100.07472316144481,15.37080871944687],[100.09784507928703,15.352012383264935],[100.10047318339076,15.337548593093175],[100.07888915660936,15.318606371586839],[100.07842384918138,15.295603892705515],[100.06083969299749,15.283066284881215],[100.05743573836867,15.263161877818447],[100.04805236502466,15.264814260669652],[100.03834396320337,15.291171900562802],[100.00286146728297,15.30204080374017],[99.9664556949744,15.298799799071503],[99.95773546372072,15.306729718701604],[99.88234063361341,15.287621789014395],[99.87598991630165,15.302741170568595],[99.85010195993755,15.311675548387882],[99.78728817041281,15.319260117560418],[99.7575495778508,15.312209755575793],[99.76333385537316,15.299723475657913],[99.72653202793083,15.259496412029819],[99.73498922996907,15.241775627243442],[99.7316601609877,15.208700741446137],[99.75989331542422,15.175309290691246],[99.7482186241902,15.163388107874937],[99.77086260632427,15.141126068713163],[99.76750412141814,15.129717160418693],[99.79105800342415,15.087490599011971],[99.77293027631129,15.05857048933666],[99.76918788701141,15.023388643970804],[99.72378089657116,14.98683026840223],[99.71958993442797,14.974843194058224],[99.72786013683589,14.964051799850722],[99.76347372423305,14.96226859891675],[99.7934319231448,14.94307958995114],[99.88279268773243,14.91240897059754],[99.94990439397264,14.910626464839538],[99.96807942362653,14.90176181415643],[100.03993711310733,14.917846939884441],[100.03973316935037,14.960991060688968],[100.1328810438252,14.946068354570968],[100.13787895684845,14.935531008948942],[100.12657539513845,14.923524945419956],[100.13552484199789,14.912595397359723],[100.16626086544665,14.924007899345156],[100.1752148790635,14.943666761811642],[100.1994813083158,14.960516072958455],[100.2590612023127,14.943811289159726],[100.29103578827107,14.956265889559234],[100.29027658059977,14.981135504899669],[100.26825916782639,15.010275943979707],[100.25576256728868,15.007896568971546],[100.24534012534656,15.023282282051753],[100.22237806559531,15.025432924389975],[100.21862062793969,15.045244259714877],[100.24378626142686,15.037503603308721],[100.26024389444024,15.05812994564053],[100.29377845521162,15.064417433417873],[100.28907132538143,15.078461204221242],[100.35134714495484,15.117916057779894],[100.34173080673139,15.152843600951485],[100.33554294764895,15.162158931589488],[100.31805233984369,15.158164841834036],[100.30245489667618,15.172911514654743],[100.29043469040869,15.218537681568819],[100.27491676169927,15.224330499952657],[100.27821331389339,15.249329516943703],[100.26971163498405,15.25162961941146],[100.26352529395723,15.286951688869408],[100.25120747144769,15.30270298085793],[100.26492379999343,15.323054200790807],[100.25209625343939,15.355818142393389],[100.2324932262814,15.368660155441887],[100.21305612763825,15.354227814562023],[100.21713153769036,15.36345045657339],[100.16319055480034,15.381419490217354],[100.13124245027893,15.404407529583864]]]}},{"type":"Feature","properties":{"province_code":"19","province_th":"สระบุรี","province_en":"Saraburi"},"geometry":{"type":"Polygon","coordinates":[[[101.40346687189867,15.061635272749697],[101.39432598455659,15.07364373207264],[101.37596426284051,15.061118741736607],[101.37107710222654,15.04319240160811],[101.36297942486061,15.046066796745322],[101.34823636461658,14.994046484257865],[101.33185459481376,14.976689596647589],[101.27768599980908,14.97112707035808],[101.27657420843303,14.939091540941888],[101.25853376142402,14.912986740046051],[101.19703818016797,14.922624891325711],[101.14835010497342,14.896696623750245],[101.09434179164043,14.907234660950905],[101.09067920638034,14.89222531234833],[101.073301366365,14.87898366396496],[101.09190638886884,14.850432327589886],[101.08142699016355,14.8109772770797],[101.06823216857975,14.812418830964305],[101.07245133256299,14.790676406590933],[101.06186276605388,14.789338508565379],[101.06923090438278,14.759458444551626],[101.05956538673325,14.76012482869794],[101.0540471538531,14.790259175120866],[101.02562783075984,14.811060262920819],[100.99032215144621,14.76339811992733],[100.99193639225075,14.740384744860137],[100.96639324315373,14.751458747423328],[100.9434338094228,14.741044714142276],[100.9405506728753,14.751213992431872],[100.89978544414299,14.772015982251844],[100.88264775818755,14.763869278344544],[100.8749824307946,14.781984567833604],[100.846908927605,14.80448796884474],[100.80107472771658,14.79174413568336],[100.7774284169879,14.795964032614052],[100.72411927798237,14.759011000357418],[100.69828958599567,14.76341160616073],[100.66428928072577,14.736892664764696],[100.64031475791978,14.675116847564539],[100.61709873411934,14.663024738700756],[100.62672342614525,14.65493041580612],[100.61163065283245,14.646296408852209],[100.60239175377649,14.653839006664896],[100.58564102361441,14.63274328207683],[100.575265425559,14.596570457560631],[100.60317319538672,14.578424109984724],[100.6019423283758,14.554769787195994],[100.61641446965211,14.561031569651277],[100.64625874064842,14.5492057968101],[100.67589156304524,14.557820879330166],[100.65596953466633,14.606075704330351],[100.7019837842243,14.57525683173742],[100.78223865229205,14.567203167192474],[100.77836257337412,14.529807088426423],[100.74818412959394,14.517620991415697],[100.76071160026021,14.49413216276912],[100.77205170412293,14.492627655441993],[100.75993752589613,14.450478192014998],[100.77119653519202,14.434686526761823],[100.75936329438059,14.41347705322346],[100.78021738462468,14.410439807950809],[100.7808588980198,14.398028644806175],[100.79721849144028,14.389781672786],[100.78489503467819,14.378864112688689],[100.79301597210946,14.364413974225556],[100.77365125540115,14.32707375594913],[100.82304797838157,14.32880245616849],[100.82307728189113,14.243924535888652],[100.8916521527247,14.27546956426903],[100.89232825044849,14.243701977064632],[100.97695675994657,14.290812121582178],[100.98723397217015,14.28725614555475],[100.98935032156015,14.297867104283512],[101.01517844512921,14.301394828108869],[101.0621272647615,14.372887632058621],[101.05608020173997,14.414390562974177],[101.08539091665756,14.382542032288995],[101.14656546242622,14.374441727104056],[101.16462426639686,14.342813656225303],[101.18501421203632,14.353817705922438],[101.1861031021765,14.367223794442623],[101.21094449858981,14.372760238594196],[101.20226108558069,14.402673614395837],[101.20928708762904,14.429097002824449],[101.21481000777572,14.437887813771624],[101.22910523891568,14.433744607427741],[101.22212786500904,14.446126142407593],[101.23386377669198,14.458866086001137],[101.22469157765426,14.472034352403512],[101.24276612695525,14.471521150680587],[101.22309204166447,14.504144182008417],[101.18109347368494,14.543547186053843],[101.21549317956664,14.58789314825026],[101.20424966019374,14.60830842419449],[101.2037516678053,14.683785265277834],[101.18678373787924,14.711765054613636],[101.1938551098255,14.731287548381715],[101.18844225230816,14.749397185631665],[101.21390890597127,14.754302133936392],[101.2324512754061,14.732166475602412],[101.28068692955821,14.732386417399312],[101.28404386673111,14.746547564118828],[101.29470796639959,14.737339091825675],[101.30710966058246,14.758606764090928],[101.33277607255775,14.762960774220403],[101.33741399865715,14.786494849557698],[101.39365854280754,14.816837204673334],[101.41540345200775,14.844359130269709],[101.45084193510729,14.857701135798834],[101.44942869008202,14.912446155765508],[101.40346687189867,15.061635272749697]]]}},{"type":"Feature","properties":{"province_code":"20","province_th":"ชลบุรี","province_en":"Chon Buri"},"geometry":{"type":"MultiPolygon","coordinates":[[[[101.15827032141829,13.584822353968491],[101.1420286902719,13.589489261620201],[101.1214582354093,13.561436534568486],[101.11383330016673,13.569925803732929],[101.09296220014551,13.553486728229984],[101.04376560599798,13.558795615125575],[101.04132413909781,13.551066166970088],[101.07053318655738,13.5308458919244],[101.06941092257608,13.515651460146842],[101.04955576508655,13.509119846903445],[101.0385584342244,13.479492197407012],[101.009067163319,13.459713086589716],[100.97392575776757,13.473256950348002],[100.9676876292807,13.43397234025133],[100.98572986144399,13.393739441821822],[100.97704923183665,13.370027218881091],[100.98261015013838,13.365733755608403],[100.9713026655856,13.349503401061156],[100.94771161999535,13.346969995568884],[100.94018450940763,13.336709145610655],[100.92575576131941,13.340670039590691],[100.91794142525663,13.314146347975623],[100.9026782043357,13.317318269422628],[100.89801855061569,13.302626867136269],[100.92635889344825,13.262229634689959],[100.93623001860055,13.202111267121325],[100.9234977714051,13.167713600002685],[100.89981060357655,13.142690532442145],[100.89767800433651,13.123938484273651],[100.87943884672546,13.109777128911446],[100.87116388330662,13.078701410841461],[100.88732385421258,13.07613895544847],[100.87804036766892,13.070946994808025],[100.88268507465654,13.063294647330167],[100.89734255541464,13.071670350106615],[100.88477900124997,13.060134723738543],[100.88884741457656,13.051963628418775],[100.90633913844056,13.051674029632807],[100.89041124568251,13.047156302421456],[100.89284386864966,13.038815877350885],[100.91451983222453,13.045105277086918],[100.92788618959605,13.007681899400211],[100.9103571618536,12.976693500105],[100.88291783538983,12.9699752793357],[100.88345367124998,12.937192628237256],[100.8688273214238,12.92471969156054],[100.86184137967598,12.930084233001025],[100.85631540902898,12.91195052899377],[100.89859129375327,12.854269161392722],[100.91301934037034,12.806742087577334],[100.89440534443116,12.767321708629993],[100.879342341376,12.760764567231035],[100.86345255559104,12.767746434150638],[100.85328147595942,12.753590079018977],[100.84003944176686,12.752239780241723],[100.83370113869665,12.713226309446668],[100.83810778614549,12.696858284882012],[100.85687937208542,12.69449537556119],[100.84027712359045,12.682945637031594],[100.84287801780636,12.670100526717988],[100.8563112505638,12.675293040441488],[100.86178528896,12.667844769820306],[100.85009731114206,12.649160265234116],[100.91513720242,12.659312831422085],[100.9301796712549,12.645461395926702],[100.92728047911089,12.62674248417835],[100.9136774048884,12.627173685717082],[100.92544150672023,12.60565567277115],[100.9617133537883,12.594617202422],[100.96930184130701,12.645982908284623],[100.99308912256504,12.65609468841916],[100.98454867118431,12.692772193581902],[100.99045023379131,12.725953968301042],[101.01459588858944,12.758522927890851],[101.01388469482288,12.78854528893396],[101.06338795509009,12.834568752046323],[101.0614393292617,12.857392019426186],[101.07719764855273,12.90540628926891],[101.08868656143574,12.9154479123913],[101.08906580014661,12.94887916893856],[101.10367989221334,12.972383904793446],[101.08524935077696,13.005388688437279],[101.06670934565983,13.00780085182788],[101.08071239156368,13.026072067571931],[101.10903427940855,13.024103484887974],[101.15531331455787,13.001783882820007],[101.15762297322169,13.016099001567738],[101.1743274863245,13.013264815119157],[101.15833023425296,13.047229881353985],[101.18842487470829,13.038577451788],[101.20055842433186,13.045942885855538],[101.19658465116078,13.054321488945618],[101.21103215820762,13.076422846237392],[101.24020774099449,13.064143858252521],[101.259835930284,13.074773685657135],[101.29162035729371,13.056976974707652],[101.32465670444344,13.085707259982087],[101.39473981838796,13.023831225031074],[101.41719479000761,13.026885142835113],[101.43547960080298,13.051777414795879],[101.47149634528017,13.030370385385027],[101.46876408889165,13.051093690821233],[101.51476919504239,13.05939004191697],[101.51933765031237,13.076167251717322],[101.54633652571016,13.07114566404124],[101.57422737029697,13.08724076415001],[101.5911711965935,13.136094812825377],[101.61537340525848,13.135837327031084],[101.64591039614794,13.163058102049831],[101.6952710581129,13.145901590585993],[101.71845361004614,13.178671838234777],[101.71318590310699,13.205854914572683],[101.69326061828298,13.222002162769627],[101.6674611677987,13.273227694002912],[101.63951217124975,13.293126524369654],[101.59992976774464,13.302691392593715],[101.58023757640308,13.33311934787963],[101.56408807540441,13.33148984108334],[101.53107681484317,13.426218509676517],[101.50147719002035,13.410101048824401],[101.49040930104849,13.44380736212014],[101.46807103085342,13.424569611698246],[101.43314213240353,13.44887328727242],[101.40269931761947,13.44895637923355],[101.41030127428445,13.466950777356544],[101.40353339475041,13.473213252289838],[101.36121912875984,13.46337285607251],[101.29446073017863,13.526288663790865],[101.2675381820415,13.568072658026779],[101.25306882866357,13.564690936437614],[101.19793617031809,13.585426279299384],[101.15827032141829,13.584822353968491]]],[[[100.97407130944345,12.518848517844845],[100.96607160961713,12.520886485922631],[100.97413071326184,12.51312464328771],[100.97407130944345,12.518848517844845]]],[[[100.95760397544319,12.507968723877582],[100.9584967243444,12.523543650718977],[100.95268738541455,12.529635912767219],[100.95165608156299,12.514714950434666],[100.95760397544319,12.507968723877582]]],[[[100.97118137581992,12.54747576959113],[100.97126278604878,12.55112023890797],[100.97018656106098,12.550242399866931],[100.97118137581992,12.54747576959113]]],[[[100.93570344485818,12.573093217977657],[100.93457696485513,12.576142763277971],[100.93091002058105,12.572080491421616],[100.93570344485818,12.573093217977657]]],[[[100.95022918932568,12.58604817418393],[100.94209120344635,12.58044145880632],[100.9523614774003,12.54961177366448],[100.96307405592302,12.561042674879616],[100.95022918932568,12.58604817418393]]],[[[100.9648970149853,12.580684041035738],[100.96254035685206,12.590908293083316],[100.9594107862788,12.582411008261488],[100.9648970149853,12.580684041035738]]],[[[100.91759108176308,12.601086707585523],[100.9171160418719,12.605694061231986],[100.91585332267277,12.602488825299076],[100.91759108176308,12.601086707585523]]],[[[100.88937017159623,12.610820499966167],[100.88875622781774,12.611810043798528],[100.88886656743819,12.610854390018119],[100.88937017159623,12.610820499966167]]],[[[100.8771128815543,12.610318628801735],[100.87545928371901,12.614765584763973],[100.87430389500878,12.612379025971336],[100.8771128815543,12.610318628801735]]],[[[100.9177781461446,12.615550143424457],[100.91780329118899,12.61708318174351],[100.91723091497482,12.615838296999868],[100.9177781461446,12.615550143424457]]],[[[100.8793360713027,12.61799392068292],[100.87951778202006,12.614478888090275],[100.88378623514672,12.61628025532957],[100.8793360713027,12.61799392068292]]],[[[100.90137989716459,12.622283010552565],[100.89950597442123,12.62648860196748],[100.89937332441946,12.62277755044363],[100.90137989716459,12.622283010552565]]],[[[100.87392039890733,12.642713328557306],[100.86349633818554,12.639631082108792],[100.86817951097572,12.628151433142193],[100.87392039890733,12.642713328557306]]],[[[100.89727677630225,12.644317459183469],[100.89790861658946,12.647221282835972],[100.89632777300835,12.644918684749541],[100.89727677630225,12.644317459183469]]],[[[100.89245804870006,12.644767119307176],[100.87764971656122,12.645005195933095],[100.89102860598541,12.641259023185398],[100.89245804870006,12.644767119307176]]],[[[100.82495364809245,12.672782664788201],[100.82135854256273,12.678965012825131],[100.8215654711696,12.673876995826731],[100.82495364809245,12.672782664788201]]],[[[100.78086276240663,12.716648433978094],[100.77373595894738,12.718829991411042],[100.77260510733987,12.70425817467509],[100.76625469669693,12.712962765819043],[100.76453844759135,12.702503002911328],[100.78029516878706,12.670997377427057],[100.80603122875829,12.696536688217634],[100.80222888705356,12.717176296448997],[100.78086276240663,12.716648433978094]]],[[[100.79901890359957,12.724864149161192],[100.79907335215353,12.728111639740405],[100.79708904122634,12.729448744563967],[100.79901890359957,12.724864149161192]]],[[[100.84880847293272,12.761582191265177],[100.84624064588917,12.763197731590083],[100.83822364580465,12.760565192929334],[100.84880847293272,12.761582191265177]]],[[[100.80632950869995,12.925744821566298],[100.8066881790163,12.927728602792854],[100.80440321843383,12.929829344448763],[100.80632950869995,12.925744821566298]]],[[[100.78910307944363,12.924372035241277],[100.78957468302525,12.936483072136127],[100.77948531759341,12.924640005332037],[100.770302091968,12.927490931761156],[100.77428723616708,12.89765360802761],[100.78910307944363,12.924372035241277]]],[[[100.79098852430104,12.942599418028749],[100.78895935069352,12.944045998224283],[100.7898300428223,12.940954400625117],[100.79423671005617,12.944054364617273],[100.79098852430104,12.942599418028749]]],[[[100.92059315095321,13.172976300415996],[100.92030510799441,13.174774770039676],[100.91948861171011,13.173415004998503],[100.92059315095321,13.172976300415996]]],[[[100.80856559292783,13.178142722108987],[100.80084260010597,13.177892022598826],[100.79824793729256,13.16314357091909],[100.80977409290011,13.124879994416233],[100.82006915576699,13.150037089739953],[100.80856559292783,13.178142722108987]]]]}},{"type":"Feature","properties":{"province_code":"21","province_th":"ระยอง","province_en":"Rayong"},"geometry":{"type":"MultiPolygon","coordinates":[[[[101.6568875687064,13.160005279620009],[101.63603486701555,13.15876243813608],[101.61342893519725,13.134961587007695],[101.5911711965935,13.136094812825377],[101.57368850102358,13.086769573357174],[101.54633652571016,13.07114566404124],[101.51933765031237,13.076167251717322],[101.51476919504239,13.05939004191697],[101.46876408889165,13.051093690821233],[101.46426871522908,13.042016121147128],[101.4722959073303,13.032098063974502],[101.46511347091001,13.02885287206243],[101.43547960080298,13.051777414795879],[101.41719479000761,13.026885142835113],[101.39473981838796,13.023831225031074],[101.32465670444344,13.085707259982087],[101.29162035729371,13.056976974707652],[101.259835930284,13.074773685657135],[101.24020774099449,13.064143858252521],[101.21103215820762,13.076422846237392],[101.19658465116078,13.054321488945618],[101.20055842433186,13.045942885855538],[101.18842487470829,13.038577451788],[101.15833023425296,13.047229881353985],[101.1743274863245,13.013264815119157],[101.15762297322169,13.016099001567738],[101.15531331455787,13.001783882820007],[101.10903427940855,13.024103484887974],[101.08071239156368,13.026072067571931],[101.06670934565983,13.00780085182788],[101.08524935077696,13.005388688437279],[101.10367989221334,12.972383904793446],[101.0909688924005,12.955342552416937],[101.08868656143574,12.9154479123913],[101.07719764855273,12.90540628926891],[101.0614393292617,12.857392019426186],[101.06352028403393,12.834807772960403],[101.04608300422734,12.812496299864392],[101.01860027917962,12.797938487371368],[101.01459588858944,12.758522927890851],[100.99045023379131,12.725953968301042],[100.98452629515248,12.692409145365843],[100.99308912256504,12.65609468841916],[101.10881234741197,12.679050709222906],[101.1326885041712,12.676115860758443],[101.14768513006476,12.646976183404206],[101.13574975414792,12.66618699913073],[101.15162058042552,12.673664063345882],[101.15710779478894,12.640003410429074],[101.1663591395627,12.639946302579858],[101.15799275016536,12.672158439960072],[101.23166280469474,12.665509068588676],[101.33695112029801,12.634527005017333],[101.40429490558546,12.5998509320749],[101.41878306738471,12.583396095953105],[101.4245859626721,12.615916582084651],[101.45181759610523,12.63083845992702],[101.55636170203098,12.627427002254421],[101.56580351871747,12.632330873171327],[101.56518343256943,12.646765917413234],[101.5933027688078,12.65338247791908],[101.64555615139534,12.642469932441486],[101.65282050796014,12.663546712810614],[101.69302017644003,12.694989517951967],[101.74651036606059,12.708461357705517],[101.78458371436699,12.693817620386938],[101.78546102370734,12.710515873308964],[101.79917325044522,12.722081770857073],[101.79965599392904,12.749562901406819],[101.8193008161798,12.754132536587349],[101.81775547063853,12.801264503154357],[101.83048960191365,12.824239555411225],[101.81595993370405,12.871640017273023],[101.81951664807491,12.89478978442105],[101.81353904239296,12.901213734426335],[101.8088567896092,12.88486244174834],[101.8003909037173,12.92584080710759],[101.7793923068096,12.953031415267674],[101.75762334164398,12.940323162883715],[101.73906727643373,12.95933432192146],[101.73782006784194,12.981610344641751],[101.75819719094767,13.011912927239848],[101.75213947275853,13.02908754115714],[101.75877159603237,13.047080078582837],[101.7259330817464,13.029626028218672],[101.71624512960909,13.034206443572543],[101.69321087318332,13.092764603403793],[101.70046061756352,13.108060320427512],[101.68647047962901,13.113719427609567],[101.6952710581129,13.145901590585993],[101.6568875687064,13.160005279620009]]],[[[101.56927108958917,12.554847576254701],[101.57000956339067,12.556798787633966],[101.56722315432518,12.558800711783476],[101.56927108958917,12.554847576254701]]],[[[101.70057093560024,12.566496308557817],[101.70115370887663,12.572100485149292],[101.69800454657263,12.566995316280895],[101.70057093560024,12.566496308557817]]],[[[101.45169149316791,12.580471829811131],[101.44524531461963,12.580151302440697],[101.44185909012498,12.521404613232392],[101.45039570859512,12.554034464119297],[101.46945880617903,12.567667981292345],[101.45169149316791,12.580471829811131]]],[[[101.50978076626939,12.585136591680396],[101.50843774210819,12.584333762393271],[101.51024378042621,12.58196543105987],[101.50978076626939,12.585136591680396]]],[[[101.69322636130761,12.599784672724525],[101.69289180631188,12.601932474104444],[101.69020798740877,12.596170999791866],[101.69322636130761,12.599784672724525]]],[[[101.68993890485666,12.61351551632805],[101.68844907536459,12.617538072324237],[101.68874774561203,12.607349415443196],[101.68993890485666,12.61351551632805]]],[[[101.16878442855858,12.643715108565459],[101.16839294467871,12.643873554720813],[101.16832950290427,12.64355235285882],[101.16878442855858,12.643715108565459]]],[[[101.17017102127568,12.644472925884884],[101.17006808037769,12.644869590759072],[101.16978377230333,12.644678983048664],[101.17017102127568,12.644472925884884]]],[[[101.17090938805785,12.645589480070498],[101.170684506285,12.645804427032715],[101.17050782367716,12.645349494183847],[101.17090938805785,12.645589480070498]]],[[[101.17426499963011,12.648746756957337],[101.17384646863968,12.648730156371641],[101.17408856073854,12.648402366076368],[101.17426499963011,12.648746756957337]]],[[[101.17109283896343,12.646979687162855],[101.17048135842799,12.649262772658858],[101.1688315152623,12.646919221245128],[101.17109283896343,12.646979687162855]]]]}},{"type":"Feature","properties":{"province_code":"22","province_th":"จันทบุรี","province_en":"Chanthaburi"},"geometry":{"type":"MultiPolygon","coordinates":[[[[102.13018951013782,13.335555879300443],[102.10860117470452,13.263952491114651],[102.07116015141992,13.255707347416205],[102.05634405723254,13.239773850083168],[102.02833002531048,13.23656558793158],[102.03423224622122,13.28465597819087],[102.01192361768085,13.289436772389195],[101.98912300692132,13.334031135428631],[101.96769723743762,13.325377701319894],[101.94756631003725,13.293704304610003],[101.9052074358745,13.286889475968565],[101.89583857039378,13.250863687009598],[101.90081598337099,13.235240767847188],[101.89134622384921,13.226994530573165],[101.88314406504662,13.236621952041503],[101.87258782017182,13.22256243231044],[101.86901566264277,13.250404005740336],[101.85032939898264,13.247858877585202],[101.83666327958673,13.233032923230894],[101.82733475499498,13.237223683925947],[101.81898724956199,13.21786401601156],[101.7728632260571,13.184265351564761],[101.71838303574856,13.181369073224175],[101.71389256069318,13.164087049677676],[101.69686176995481,13.151651620126245],[101.68647047962901,13.113719427609567],[101.70046061756352,13.108060320427512],[101.69321087318332,13.092764603403793],[101.71624512960909,13.034206443572543],[101.7259330817464,13.029626028218672],[101.75877159603237,13.047080078582837],[101.75213947275853,13.02908754115714],[101.75819719094767,13.011912927239848],[101.73782006784194,12.981610344641751],[101.73906727643373,12.95933432192146],[101.75762334164398,12.940323162883715],[101.7793923068096,12.953031415267674],[101.8003909037173,12.92584080710759],[101.8088567896092,12.88486244174834],[101.81353904239296,12.901213734426335],[101.81951664807491,12.89478978442105],[101.81595993370405,12.871640017273023],[101.83048960191365,12.824239555411225],[101.81775547063853,12.801264503154357],[101.8193008161798,12.754132536587349],[101.79965599392904,12.749562901406819],[101.79917325044522,12.722081770857073],[101.78546102370734,12.710515873308964],[101.78458371436699,12.693817620386938],[101.86264084260085,12.642809252045367],[101.8651666263388,12.617246588559283],[101.88422732183352,12.585811347615675],[101.88310223128303,12.601864548310289],[101.90203692456447,12.60196722930425],[101.91178170306318,12.575745133431212],[101.89902364802299,12.572933356289411],[101.8867000698524,12.582654600429521],[101.88498363098984,12.576252057886222],[101.94541626664744,12.531417571363875],[101.94845299480994,12.516276255344962],[101.9484635105826,12.538400998607244],[101.96251417289085,12.543001681082785],[102.01217325868902,12.527290298308685],[102.0403024523963,12.503287243611453],[102.0356049021446,12.48892651664545],[102.04640713498134,12.490196371965055],[102.04333403823534,12.471932959638423],[102.05993950090732,12.468826292999097],[102.05882248626881,12.483831579363937],[102.0919377669145,12.463459976296917],[102.12650468914018,12.412504839726637],[102.1519245591711,12.401887154068959],[102.21497950909713,12.334687051666151],[102.24707150964252,12.3139079675787],[102.24649642107306,12.297412828339418],[102.30226425079462,12.300494377813322],[102.3431332442039,12.332831100075282],[102.34441976755829,12.363047119329167],[102.3720526497101,12.389715894073277],[102.3669377501771,12.402820873384655],[102.3252460974295,12.427057719438267],[102.32938484403536,12.44606944504892],[102.31976101266065,12.452088099386344],[102.34160857857313,12.476736477006853],[102.33267057558663,12.499109817164367],[102.33741586005397,12.514677074587382],[102.31427196457958,12.523857152585549],[102.30503461955209,12.554832938889092],[102.33818073435344,12.569052066699555],[102.34604130096534,12.589800432643926],[102.35890082741133,12.596367738180618],[102.37550301295374,12.596297431880998],[102.39877710058278,12.568184435863088],[102.42283109827662,12.570053174914165],[102.38750266521589,12.604256760241356],[102.4009765167529,12.618832214734994],[102.38995453457414,12.632906270208252],[102.38419413405211,12.678599370064944],[102.3931316334182,12.678928988681946],[102.40096558099685,12.699031138676162],[102.42361467577672,12.711493118912358],[102.4412207250565,12.736942689053933],[102.47406858599652,12.735554953298504],[102.4921212520942,12.757363774618568],[102.51769681905301,12.7525116839671],[102.53215761538172,12.766589762107913],[102.53197701442775,12.811927327584158],[102.51507133737238,12.822377418283281],[102.51454018338279,12.841910884679635],[102.49803502569591,12.858302077578855],[102.50779642456541,12.865822983743726],[102.50931117427132,12.895028563417497],[102.48595347936964,12.947974576865306],[102.50080462013716,12.961236504960766],[102.48565544764085,12.97890274586507],[102.5300289048102,13.00216270334613],[102.49419323433034,13.01348998017852],[102.45922245805008,13.082209460198499],[102.43401343497209,13.091133093817291],[102.4168519637472,13.139563630157454],[102.39882404699222,13.157240938118832],[102.3933960727706,13.1993707045944],[102.37034847400292,13.237443323550565],[102.36734328056798,13.262915210368703],[102.35121116796108,13.272062957739365],[102.35335324155892,13.298666911149098],[102.3356486310795,13.315644934166414],[102.31125527780887,13.287037884790607],[102.2863544991609,13.304629643843043],[102.27622819497526,13.289455783157905],[102.24445079616737,13.285166020595398],[102.21631368482878,13.311085403768402],[102.18949967766804,13.292063464557316],[102.18232538370955,13.314160496110048],[102.16544547223083,13.324459902702415],[102.15024994507894,13.318820690322639],[102.13018951013782,13.335555879300443]]],[[[102.2513367503908,12.285908957932122],[102.25284972123768,12.288043004181361],[102.25015763216902,12.29024783427019],[102.2513367503908,12.285908957932122]]],[[[102.2381962505566,12.295842745146615],[102.23789293081416,12.28611761233799],[102.24396243731667,12.293050707224381],[102.2381962505566,12.295842745146615]]],[[[102.13177554910237,12.392582358988705],[102.13453024717325,12.396398241785505],[102.1335964738982,12.398838318333787],[102.13177554910237,12.392582358988705]]],[[[102.12028100286602,12.409976807683563],[102.12616321655923,12.404850225957205],[102.12479726058518,12.409706525435865],[102.12028100286602,12.409976807683563]]],[[[102.11049475932572,12.423171820822915],[102.11100007759154,12.425967876016728],[102.10793469702872,12.42282351789106],[102.11049475932572,12.423171820822915]]],[[[102.02484223228328,12.460610756781023],[102.02290126508137,12.465055930287008],[102.02100257321024,12.464464164689502],[102.02484223228328,12.460610756781023]]],[[[102.06618313864101,12.464876579390648],[102.06592105371374,12.466142135051541],[102.06534697328425,12.465394540325804],[102.06618313864101,12.464876579390648]]],[[[101.94894704097322,12.507846643607763],[101.95157109902703,12.511825322580648],[101.94918570575578,12.514696058376444],[101.94894704097322,12.507846643607763]]]]}},{"type":"Feature","properties":{"province_code":"23","province_th":"ตราด","province_en":"Trat"},"geometry":{"type":"MultiPolygon","coordinates":[[[[102.49399443379616,12.756974502171602],[102.47406858599652,12.735554953298504],[102.4412207250565,12.736942689053933],[102.42361467577672,12.711493118912358],[102.40096558099685,12.699031138676162],[102.3931316334182,12.678928988681946],[102.38406958064667,12.678278573797172],[102.38995453457414,12.632906270208252],[102.4009765167529,12.618832214734994],[102.38750266521589,12.604256760241356],[102.42283109827662,12.570053174914165],[102.39877710058278,12.568184435863088],[102.37550301295374,12.596297431880998],[102.35890082741133,12.596367738180618],[102.34604130096534,12.589800432643926],[102.33818073435344,12.569052066699555],[102.30511768093629,12.555075968980816],[102.31427196457958,12.523857152585549],[102.33741586005397,12.514677074587382],[102.33267057558663,12.499109817164367],[102.34160857857313,12.476736477006853],[102.31976101266065,12.452088099386344],[102.32938484403536,12.44606944504892],[102.3252460974295,12.427057719438267],[102.3669377501771,12.402820873384655],[102.3720526497101,12.389715894073277],[102.34441976755829,12.363047119329167],[102.34331180459617,12.333076845220262],[102.31236419135439,12.3058203392373],[102.28696586368375,12.299641995881473],[102.2758218093291,12.282750559590681],[102.26451526456788,12.292718030912454],[102.24825501295857,12.289624888278013],[102.26184041730147,12.28454183823527],[102.26064187822016,12.269659135760548],[102.28774687361937,12.237898435564375],[102.27694094906559,12.20487155827584],[102.2923371509388,12.188297373125295],[102.32573373772186,12.180100108433294],[102.35290044729788,12.195311377318262],[102.36994535199648,12.192500760301868],[102.39762542607264,12.1676550822163],[102.47344563640706,12.165761717929001],[102.47289249309415,12.143946638226794],[102.5386359258074,12.105758879069072],[102.55170685588678,12.08236027130954],[102.54788127929766,12.0590381715744],[102.58399747620263,12.043234928449237],[102.58386049956249,12.06987015758176],[102.55840918293751,12.0953929577189],[102.5667772756508,12.116555506431553],[102.55396217481456,12.13052870293734],[102.56178615970356,12.141755714354758],[102.55572818880495,12.162180222739153],[102.57401052556537,12.165907673400454],[102.55653872797996,12.183896914810816],[102.56763531162039,12.191116357433998],[102.55424085043495,12.205999264054867],[102.56916492891838,12.196536010228726],[102.5944178685898,12.212969294097718],[102.64144400293844,12.179711384572784],[102.6511677417979,12.157943828644818],[102.62869854290346,12.15535784878574],[102.62604738198115,12.147661271750337],[102.7405994080363,12.056116002651436],[102.76552992726437,12.023738884641887],[102.7670208494327,11.979348447373013],[102.7847258232382,11.94894486281521],[102.7741545012293,11.911780060001831],[102.89267584431485,11.754396113689722],[102.9072871331947,11.714870780262345],[102.9060079761872,11.655394934228866],[102.9138591853532,11.65087978807179],[102.90421041757679,11.769256673956363],[102.83488375218349,11.852833047707009],[102.81557051536703,11.933731860936689],[102.78030138540066,11.990005523336265],[102.77096148978097,12.072796482271883],[102.73444244876003,12.110184470736783],[102.70377481425635,12.173270321368307],[102.71820073937266,12.223412290944509],[102.71373432567867,12.263913138780367],[102.72613652078388,12.302671623896401],[102.72553161788994,12.36459301435616],[102.74377513901152,12.387755752426074],[102.78442093058152,12.399801179281042],[102.78381359142418,12.427008077760604],[102.76567598435923,12.456310249118758],[102.73630663544293,12.465975218181825],[102.7336518043873,12.489267564746342],[102.72076496463148,12.485996984073608],[102.72813922734355,12.511853331965767],[102.71253839013468,12.50723931164498],[102.67781493730956,12.538393900258313],[102.6850372451728,12.547974089332797],[102.66778028303372,12.562736667563229],[102.66211638426375,12.58221717558223],[102.64456776119329,12.584921106923616],[102.64550054881136,12.610625643858441],[102.61676866634093,12.61567938859298],[102.57937275125153,12.653201026206432],[102.53297522862397,12.652741871939895],[102.51002551926234,12.670359346206908],[102.50758408743576,12.696071069624224],[102.49701846712861,12.703938262440886],[102.50859632296198,12.753037840424042],[102.49399443379616,12.756974502171602]],[[102.25064342615326,12.289973419637647],[102.25163096000085,12.285960298429075],[102.24914171931493,12.287952194238414],[102.25064342615326,12.289973419637647]]],[[[102.5139374604455,11.725918851773656],[102.5205760066774,11.709041388249545],[102.52551239528088,11.71709717699315],[102.5139374604455,11.725918851773656]]],[[[102.56095555125773,11.74795799576492],[102.55502447739775,11.761142204449243],[102.54763134241256,11.759489762242765],[102.54747551508302,11.738160899206207],[102.5340490371334,11.724407522189438],[102.54378927675378,11.704478001558584],[102.5276078561177,11.697874863434265],[102.52983471959669,11.681674158635587],[102.53670955640098,11.684260534196369],[102.53441599919904,11.666216965640501],[102.52317785327534,11.657486341821254],[102.53933670542466,11.638033912435162],[102.55497813533276,11.639338010340964],[102.52555896757235,11.60682167098338],[102.54736810905104,11.591295923568055],[102.56681689528352,11.593860049002103],[102.56788451555803,11.576311553635321],[102.59228791335659,11.561679849245706],[102.60115241295358,11.6069702227976],[102.58790749373588,11.612329315245745],[102.6033969642985,11.62628961637273],[102.59497089589019,11.628796138431085],[102.60807058269131,11.64555416479294],[102.6005932459816,11.677243458818623],[102.60816072443794,11.689690926694936],[102.60062791844376,11.700999628929765],[102.58983034499448,11.695035058021574],[102.57895172014582,11.712443848205055],[102.56464824671929,11.700890132873383],[102.5708167074252,11.732197307659646],[102.56095555125773,11.74795799576492]]],[[[102.39176433295768,11.776879229592794],[102.38839620821847,11.773669720980877],[102.39445470611986,11.771646734709066],[102.39176433295768,11.776879229592794]]],[[[102.45015027531502,11.795387440078343],[102.45272012043728,11.798903271269012],[102.45038584642975,11.80162661807401],[102.45015027531502,11.795387440078343]]],[[[102.37682855159642,11.804642043995159],[102.37693492071008,11.805457628366923],[102.37562474968252,11.805848275877281],[102.37682855159642,11.804642043995159]]],[[[102.37799583024344,11.80752444579656],[102.37788081504766,11.808802087446452],[102.37688495977312,11.808871494423954],[102.37799583024344,11.80752444579656]]],[[[102.45216688809148,11.80462498655396],[102.45561644824056,11.807073738862016],[102.45610097508,11.810073848429397],[102.45216688809148,11.80462498655396]]],[[[102.37680226621166,11.809462188928933],[102.37607966814221,11.811146242305313],[102.37481861538686,11.811054583402324],[102.37680226621166,11.809462188928933]]],[[[102.38484545725208,11.811113515076727],[102.38672196734495,11.776160203630525],[102.39301993492211,11.796903688054783],[102.38484545725208,11.811113515076727]]],[[[102.39721183955481,11.814669197025864],[102.39824685221055,11.815389957780383],[102.39659052942943,11.815412611702698],[102.39721183955481,11.814669197025864]]],[[[102.39676597457014,11.816796295112965],[102.397067371562,11.818033183984312],[102.39584013061761,11.817084605170464],[102.39676597457014,11.816796295112965]]],[[[102.40189925804441,11.818666553118987],[102.40215331022716,11.82045121904855],[102.4010550023865,11.819207123010358],[102.40189925804441,11.818666553118987]]],[[[102.38599870467652,11.821482083131684],[102.38579730060502,11.823768711956518],[102.38410341044408,11.823886559117454],[102.38599870467652,11.821482083131684]]],[[[102.46025276365418,11.832121532382871],[102.46136138132277,11.833995098095329],[102.45944120015133,11.838427205351309],[102.46025276365418,11.832121532382871]]],[[[102.47184866618306,11.840482781255389],[102.4671555360992,11.822796891963037],[102.44454796481676,11.820639239409445],[102.44385744286677,11.811021559397489],[102.46712291678926,11.812156327552543],[102.48695345084116,11.79003824466929],[102.48770596036184,11.812942924976028],[102.50447062911633,11.811945880797794],[102.51166973357141,11.825248642610802],[102.48165898907115,11.828114512175034],[102.47184866618306,11.840482781255389]]],[[[102.52394991585601,11.83306102084947],[102.53281374455872,11.842236747028323],[102.52574603914843,11.854201991228933],[102.52394991585601,11.83306102084947]]],[[[102.52543186638758,11.856054339236437],[102.52435056832411,11.857275280429917],[102.524142678342,11.856409512988705],[102.52543186638758,11.856054339236437]]],[[[102.52350719939778,11.857486657982918],[102.52361596970132,11.858730006684482],[102.52268010640182,11.859042004884657],[102.52350719939778,11.857486657982918]]],[[[102.78334900705107,11.950929817657027],[102.78168195355937,11.955671976980227],[102.7836267851481,11.950008028747561],[102.78334900705107,11.950929817657027]]],[[[102.25426123686663,12.157101905828313],[102.26445994007423,12.138243466962479],[102.24969968569201,12.136945907127938],[102.29203783857542,12.045143045215411],[102.29029784287121,12.023920074651755],[102.28124457018083,12.017945643576638],[102.29601009908686,11.99634265638855],[102.2929662437972,11.983227301598731],[102.31453234978818,11.957609464705058],[102.31377512422267,11.968631631244818],[102.33242013418192,11.97492926877078],[102.37742570773031,11.963487884158553],[102.36842258933109,11.993340571909926],[102.38167526879869,12.000567990620311],[102.43546448120088,11.952421776743677],[102.44602282599271,11.977308173433528],[102.38399536319554,12.056191085250418],[102.35641226661289,12.112503342055618],[102.32234899081334,12.136383368597649],[102.27902294075619,12.141634618842659],[102.25426123686663,12.157101905828313]]],[[[102.24652165515033,12.16339916743766],[102.24462415578023,12.159300067444178],[102.250170969115,12.158656936168711],[102.24652165515033,12.16339916743766]]]]}},{"type":"Feature","properties":{"province_code":"24","province_th":"ฉะเชิงเทรา","province_en":"Chachoengsao"},"geometry":{"type":"Polygon","coordinates":[[[101.07417788610064,13.975393635108219],[100.91346443643465,13.961011671551432],[100.90460393432414,13.848531711369446],[100.93795782759173,13.814649252361164],[100.90930923493329,13.790096890858877],[100.85568529364144,13.700639327742806],[100.95547634405807,13.662844805243594],[100.9621166961287,13.637972976671563],[100.92459458816978,13.59476782517504],[100.9070163872965,13.59172845570373],[100.91461468731802,13.570575909250863],[100.90368451422898,13.554732514993646],[100.88924732240605,13.563644440338692],[100.87245473959462,13.523598614384582],[100.87184334899143,13.490587111905711],[100.84788794757077,13.478093126596548],[100.93810753863204,13.462136949260866],[100.97063155640126,13.476665145280265],[100.98343646971739,13.463703325448137],[101.00875097877469,13.45958344032357],[101.0385584342244,13.479492197407012],[101.04955576508655,13.509119846903445],[101.07013788865271,13.517116239922586],[101.07053318655738,13.5308458919244],[101.04113108433211,13.551276164963099],[101.04468951101217,13.55938789693397],[101.09296220014551,13.553486728229984],[101.11383330016673,13.569925803732929],[101.1214582354093,13.561436534568486],[101.142565193429,13.589630366148526],[101.26727124437247,13.568169961074886],[101.29446073017863,13.526288663790865],[101.36121912875984,13.46337285607251],[101.40353339475041,13.473213252289838],[101.41030127428445,13.466950777356544],[101.40269931761947,13.44895637923355],[101.43314213240353,13.44887328727242],[101.46807103085342,13.424569611698246],[101.49040930104849,13.44380736212014],[101.50147719002035,13.410101048824401],[101.53107681484317,13.426218509676517],[101.56408807540441,13.33148984108334],[101.58023757640308,13.33311934787963],[101.59992976774464,13.302691392593715],[101.63951217124975,13.293126524369654],[101.6674611677987,13.273227694002912],[101.69326061828298,13.222002162769627],[101.71318590310699,13.205854914572683],[101.71568959409956,13.184042179403093],[101.72610960157692,13.178854750446419],[101.75528133976206,13.188334799111715],[101.7728632260571,13.184265351564761],[101.81898724956199,13.21786401601156],[101.82733475499498,13.237223683925947],[101.83666327958673,13.233032923230894],[101.85032939898264,13.247858877585202],[101.86901566264277,13.250404005740336],[101.87258782017182,13.22256243231044],[101.88314406504662,13.236621952041503],[101.89134622384921,13.226994530573165],[101.90081598337099,13.235240767847188],[101.89583857039378,13.250863687009598],[101.90541806788957,13.287153516921308],[101.94696848210981,13.2933578668721],[101.96700538269232,13.324892442432315],[101.98912300692132,13.334031135428631],[101.97317882384368,13.394047065719576],[101.97706748337771,13.408731616970613],[101.93873181272306,13.445924788897912],[101.93720171428777,13.478091141792788],[101.89527093900267,13.471645187175682],[101.88136278866182,13.48966512784341],[101.89780945983875,13.511707988732724],[101.87374732507902,13.524056799182006],[101.89902739190069,13.550787805213076],[101.91443701615543,13.585413629435493],[101.88962118656855,13.582510018922278],[101.86983033959854,13.60503045309298],[101.86468678856448,13.631538586436648],[101.83284324102283,13.636696019405804],[101.8416470121,13.680979170252556],[101.83612806156083,13.700072152308053],[101.7942318912888,13.705853017802553],[101.79423151357355,13.731714846163243],[101.76222838942869,13.754620590368006],[101.76906580004669,13.7595260629775],[101.75776886274286,13.77513392838813],[101.73933559456208,13.77198242155157],[101.72462990114906,13.755215930770646],[101.67946453426089,13.755694826954766],[101.66575055024776,13.73730397439897],[101.63552390730251,13.747438249275831],[101.59159233202058,13.736158766014285],[101.55987246014598,13.768806290378052],[101.55213608181481,13.795746411267942],[101.54554100791125,13.785764243225287],[101.5293164243136,13.787163739415064],[101.469900452444,13.822734322131339],[101.43823760658034,13.825291125285275],[101.3743247160129,13.850791127608488],[101.35184526844444,13.869866624145459],[101.34234038590017,13.85912327711759],[101.33601963759628,13.870503977276769],[101.27882511079031,13.878621314721954],[101.24795574576109,13.866710957045086],[101.24680836371505,13.875598178912867],[101.22132947387615,13.887008660121637],[101.22135960116475,13.876941072672423],[101.2009067470488,13.878132499015692],[101.14955447166159,13.851608901829422],[101.16038400881502,13.86283169722509],[101.13922000409997,13.884609285090505],[101.15182627066594,13.879478833581345],[101.16156855174734,13.891359301390708],[101.14565422166504,13.892823493009871],[101.15499722534173,13.896939761960482],[101.1603789492292,13.926259297428658],[101.14799980914393,13.960912743428423],[101.1374080734239,13.969795198889358],[101.07417788610064,13.975393635108219]]]}},{"type":"Feature","properties":{"province_code":"25","province_th":"ปราจีนบุรี","province_en":"Prachin Buri"},"geometry":{"type":"Polygon","coordinates":[[[101.4845306909387,14.462769272284163],[101.43612470159377,14.445867066611868],[101.44746472002089,14.421861345424816],[101.43221513012423,14.389573297169989],[101.47518746333083,14.36541381439605],[101.49703568125176,14.334393623167216],[101.49620839040495,14.316775457321569],[101.50540214259485,14.30898380216081],[101.49868601185005,14.26790140232788],[101.41475322058471,14.253323159935917],[101.39513760022015,14.273669823003956],[101.38185322774433,14.272813725073377],[101.38225207617245,14.21050818560434],[101.34552962559178,14.197242480356238],[101.33043696919083,14.17671037528362],[101.28874714026836,14.149617730274088],[101.28680308659324,14.132368885415758],[101.30378530944455,14.119682034198547],[101.32087885397601,14.077193863605942],[101.27878727541247,14.055119900563],[101.25980566719784,14.062209900166806],[101.214412269111,14.055785338622513],[101.19365304655093,14.023688392705196],[101.19680105232675,14.013993886308867],[101.13922561137292,14.001253136023479],[101.13718834836362,13.967604659027813],[101.14799980914393,13.960912743428423],[101.15238019459036,13.931146499411454],[101.1605453642772,13.932404810133903],[101.15499722534173,13.896939761960482],[101.14550150598978,13.893755590847888],[101.1614741849857,13.890472310848509],[101.15182627066594,13.879478833581345],[101.13912432702614,13.884073579632059],[101.16038400881502,13.86283169722509],[101.14829204923876,13.852676121006255],[101.17435245330313,13.857674715715632],[101.2009067470488,13.878132499015692],[101.22135960116475,13.876941072672423],[101.22132947387615,13.887008660121637],[101.24680836371505,13.875598178912867],[101.24795574576109,13.866710957045086],[101.27882511079031,13.878621314721954],[101.33601963759628,13.870503977276769],[101.34234038590017,13.85912327711759],[101.35184526844444,13.869866624145459],[101.3743247160129,13.850791127608488],[101.43823760658034,13.825291125285275],[101.469900452444,13.822734322131339],[101.5293164243136,13.787163739415064],[101.54554100791125,13.785764243225287],[101.55213608181481,13.795746411267942],[101.55987246014598,13.768806290378052],[101.59159233202058,13.736158766014285],[101.63552390730251,13.747438249275831],[101.66575055024776,13.73730397439897],[101.67946453426089,13.755694826954766],[101.72462990114906,13.755215930770646],[101.73933559456208,13.77198242155157],[101.75776886274286,13.77513392838813],[101.76906580004669,13.7595260629775],[101.76222838942869,13.754620590368006],[101.79423151357355,13.731714846163243],[101.7942318912888,13.705853017802553],[101.83612806156083,13.700072152308053],[101.8416470121,13.680979170252556],[101.83284324102283,13.636696019405804],[101.86468678856448,13.631538586436648],[101.86983033959854,13.60503045309298],[101.88962118656855,13.582510018922278],[101.91565566857429,13.585523218122091],[101.90899041787355,13.604000848060764],[101.94203861988643,13.616243429690599],[101.93574511204736,13.628787485654016],[101.94860265818619,13.667656321182335],[101.93615426760545,13.740491696934328],[101.947678222572,13.80221649109825],[101.92392158391402,13.81620126997268],[101.92904634001661,13.854706841447637],[101.90456765996959,13.883150485806311],[101.91542385212915,13.89977605641991],[101.90451197035122,13.906920975822402],[101.91210286355636,13.93489231243035],[101.9519655425758,13.935476637037198],[101.93763983790825,13.959098756902165],[101.9396211244154,13.982731389841831],[101.92264998211107,13.99345009544561],[101.93396970643687,13.99810339095876],[101.94159573525502,14.017968351058585],[101.97573181027491,14.029213560257631],[102.07524804406205,14.035066777110103],[102.10672874393646,14.151358465221051],[101.96667322259123,14.227499131879483],[101.98177412937264,14.23771535657852],[101.94508347971885,14.246921173173632],[101.92857860621774,14.286938162366368],[101.94336545355287,14.30245737890499],[101.92864663903123,14.328487256381834],[101.87699099084159,14.323589577297184],[101.83885977385955,14.352461075917972],[101.83979070257891,14.366148580292815],[101.81200171340839,14.347648863903999],[101.78881042636016,14.359746767999013],[101.77433122720441,14.346990897412013],[101.74937491721869,14.348222611584333],[101.74095713606306,14.307548623570199],[101.6478688686534,14.393504323765569],[101.6487824719336,14.403778395556571],[101.61940090572728,14.416018890759233],[101.62129243359897,14.428611864446054],[101.58843601111306,14.438749154749758],[101.54652740501581,14.43594228880562],[101.5338936290878,14.424917046584483],[101.50249232226292,14.439505861406417],[101.4845306909387,14.462769272284163]]]}},{"type":"Feature","properties":{"province_code":"26","province_th":"นครนายก","province_en":"Nakhon Nayok"},"geometry":{"type":"Polygon","coordinates":[[[101.28252254388036,14.497732442997915],[101.27259920858666,14.512485226711874],[101.24385408000182,14.489171236163656],[101.24276612695525,14.471521150680587],[101.22469157765426,14.472034352403512],[101.23386377669198,14.458866086001137],[101.22212786500904,14.446126142407593],[101.2293181857857,14.434354759664473],[101.21304942569049,14.436588519144891],[101.20226108558069,14.402673614395837],[101.21094449858981,14.372760238594196],[101.1861031021765,14.367223794442623],[101.18501421203632,14.353817705922438],[101.16512570768532,14.342973988259018],[101.14656546242622,14.374441727104056],[101.08539091665756,14.382542032288995],[101.07134040993202,14.405630679712147],[101.05433309329766,14.413444504960012],[101.0621272647615,14.372887632058621],[101.01517844512921,14.301394828108869],[100.98935032156015,14.297867104283512],[100.98775305366058,14.287601995136015],[100.97695675994657,14.290812121582178],[100.95171963934996,14.272147286068446],[100.94672673555044,14.2365729783603],[100.91428771810376,14.221179187569476],[100.91346443643465,13.961011671551432],[101.04513552708295,13.976462392125768],[101.1410382327283,13.971238433606857],[101.13922561137292,14.001253136023479],[101.19680105232675,14.013993886308867],[101.19365304655093,14.023688392705196],[101.21400759487466,14.05558344442045],[101.25980566719784,14.062209900166806],[101.27878727541247,14.055119900563],[101.32087885397601,14.077193863605942],[101.30378530944455,14.119682034198547],[101.28680308659324,14.132368885415758],[101.28874714026836,14.149617730274088],[101.33043696919083,14.17671037528362],[101.34552962559178,14.197242480356238],[101.38225207617245,14.21050818560434],[101.38185322774433,14.272813725073377],[101.39513760022015,14.273669823003956],[101.41475322058471,14.253323159935917],[101.4985237453746,14.267624171918044],[101.50540214259485,14.30898380216081],[101.47592754062356,14.364716080782557],[101.43221513012423,14.389573297169989],[101.42240276127848,14.383248631419235],[101.365580839784,14.449432607828612],[101.31232250438012,14.471359693595048],[101.30615352206746,14.498547371763834],[101.28498797591442,14.489392572809038],[101.28252254388036,14.497732442997915]]]}},{"type":"Feature","properties":{"province_code":"27","province_th":"สระแก้ว","province_en":"Sa Kaeo"},"geometry":{"type":"Polygon","coordinates":[[[102.21788361243881,14.144271141999639],[102.21133125273519,14.172762913577628],[102.18708909528556,14.196212297059901],[102.16667078592809,14.172499502150345],[102.16668963841613,14.141867189419315],[102.13320135765662,14.137585014436922],[102.10672874393646,14.151358465221051],[102.07555165338613,14.035377852605848],[101.99416764422148,14.03262670056182],[101.94116751766688,14.017668587235562],[101.93396970643687,13.99810339095876],[101.92264998211107,13.99345009544561],[101.9396211244154,13.982731389841831],[101.93763983790825,13.959098756902165],[101.95190150814813,13.935151143610426],[101.9151391888226,13.936761844683417],[101.905682373243,13.914754720154235],[101.91542385212915,13.89977605641991],[101.90469890972696,13.882678982049413],[101.92904634001661,13.854706841447637],[101.92392158391402,13.81620126997268],[101.947678222572,13.80221649109825],[101.93615426760545,13.740491696934328],[101.94860265818619,13.667656321182335],[101.93574511204736,13.628787485654016],[101.94203861988643,13.616243429690599],[101.90931866682308,13.60466441013449],[101.91589598900873,13.585712517318882],[101.87374732507902,13.524056799182006],[101.8975477598213,13.512775666563812],[101.88132148459891,13.491847997387197],[101.89046937406243,13.475077377818764],[101.93720171428777,13.478091141792788],[101.93873181272306,13.445924788897912],[101.97706748337771,13.408731616970613],[101.97317882384368,13.394047065719576],[101.99169017656044,13.325320508035077],[102.01192361768085,13.289436772389195],[102.03560530773882,13.28116260756832],[102.02833002531048,13.23656558793158],[102.05634405723254,13.239773850083168],[102.07116015141992,13.255707347416205],[102.10860117470452,13.263952491114651],[102.12970808955674,13.335630308092277],[102.15024994507894,13.318820690322639],[102.16544547223083,13.324459902702415],[102.18232538370955,13.314160496110048],[102.18949967766804,13.292063464557316],[102.21631368482878,13.311085403768402],[102.24416759156117,13.285208670943462],[102.27622819497526,13.289455783157905],[102.2863544991609,13.304629643843043],[102.31098531212251,13.286971425790739],[102.33270761776242,13.31694647529963],[102.35335324155892,13.298666911149098],[102.35966049733412,13.314584440119859],[102.34532820333396,13.348293815607178],[102.3606468908414,13.401601827762192],[102.35532082869332,13.461391957173134],[102.36409795375761,13.504817588261119],[102.33452955969148,13.538760107592964],[102.3398956335767,13.559731864234209],[102.3677065041519,13.57840905643286],[102.39830191230345,13.566578813961144],[102.42147467331756,13.571388722811378],[102.43823659644181,13.560117164375697],[102.48000645513383,13.57215164108544],[102.52673987724359,13.564148038201438],[102.56260228097057,13.578679120145352],[102.57472486336184,13.603739310820572],[102.62417973740503,13.609009138361102],[102.57540478230493,13.630044233354738],[102.5509540792674,13.664647169831085],[102.59079379679633,13.706311932849474],[102.68900036137762,13.751838096950678],[102.71550338117618,13.773689126152306],[102.73225131174871,13.773529684447453],[102.72327290222273,13.793804893680942],[102.76636142244178,13.856323296383096],[102.7828466439575,13.93273254467124],[102.86768724417107,14.005216216255405],[102.91151988143741,14.017980467624511],[102.8975954641594,14.052419821917283],[102.90112011140405,14.083458596736875],[102.92302554958951,14.1052389131454],[102.92545795222276,14.133428100626418],[102.9410432662338,14.152315015625504],[102.92976467599908,14.176386447576533],[102.89777088591774,14.164373720071183],[102.87505996994173,14.1732874215773],[102.86688212161266,14.14890003440911],[102.83131608676803,14.168083919037656],[102.82886605292606,14.157799600371334],[102.81194677182611,14.172346621899123],[102.80022142088194,14.15891642255491],[102.79270421093065,14.17310558495484],[102.76292495822031,14.139005301153759],[102.73449836230964,14.141503547650643],[102.69573744812482,14.130574912402324],[102.68249041639967,14.151278407572477],[102.65534778617143,14.165621239828397],[102.63430627991096,14.148861072180807],[102.60802435304151,14.17105564779996],[102.55015852909293,14.135248717854097],[102.52227986582324,14.143124420955303],[102.50299830043127,14.132543799956466],[102.4826895123112,14.141726349291616],[102.47384180395613,14.131220509618856],[102.43528566989778,14.144016338882977],[102.42375824804475,14.157913187443683],[102.38237270743457,14.146136710940482],[102.36291727161483,14.166230230141082],[102.35770861416125,14.132629328180997],[102.33187200369008,14.12008132689175],[102.32479332655083,14.128031254638756],[102.30726109002734,14.12006058133079],[102.28888663121313,14.135054318601988],[102.2719933027488,14.12861046480117],[102.26729107872035,14.146625035616921],[102.21788361243881,14.144271141999639]]]}},{"type":"Feature","properties":{"province_code":"30","province_th":"นครราชสีมา","province_en":"Nakhon Ratchasima"},"geometry":{"type":"Polygon","coordinates":[[[102.31857398040495,15.807557234278988],[102.29320664517059,15.78573638002996],[102.25606771135585,15.781462662272077],[102.2479623061156,15.749468232772756],[102.23154371357157,15.743916984881025],[102.20430380277833,15.757653842251045],[102.2008581034188,15.7397857440169],[102.17977450438991,15.7480352251456],[102.15605807442068,15.741394129335674],[102.16261747401728,15.727750089195297],[102.15349248399099,15.727047089151881],[102.14335197681231,15.707631880906604],[102.14712869593262,15.685168663403147],[102.12823885633821,15.671502805709963],[102.12795577314046,15.650920409649245],[102.1188926447798,15.653305682411371],[102.12130065959781,15.64651951876084],[102.1084263357069,15.644614219570599],[102.0993348553194,15.630297173575741],[102.08849192816001,15.634075503381837],[102.08509190356858,15.621670604015208],[102.07422449956107,15.6231828068411],[102.0397646722019,15.544654263883217],[102.03559256434545,15.479544804649038],[102.01294002696073,15.459461204970694],[101.99648512878571,15.466180384417271],[101.93192582711526,15.456220720110196],[101.8779090736449,15.39132636611896],[101.84068918555755,15.412333226896976],[101.8075741468295,15.413175447389051],[101.79962894412051,15.42332792364482],[101.78583470730598,15.390548227718568],[101.77316865381039,15.382459394285661],[101.68555747709593,15.386464114927037],[101.65305840741962,15.401893342603728],[101.62016739610851,15.36436283587625],[101.59700717614032,15.37889030884071],[101.52258409408074,15.373846444957508],[101.49606825984239,15.356353764214873],[101.46884939228568,15.367570824633901],[101.45488424021556,15.345673710573351],[101.44731221568628,15.353664940584565],[101.41442979020269,15.331876621109245],[101.38245221040125,15.33315983855573],[101.38303781564275,15.263190113832763],[101.40058269033892,15.166016156220678],[101.39914340994045,15.072451074557478],[101.4246072963897,15.012705281723413],[101.4203301198392,14.996965215072692],[101.44942869008202,14.912446155765508],[101.45433941473226,14.864011377323266],[101.33741399865715,14.786494849557698],[101.33277607255775,14.762960774220403],[101.30710966058246,14.758606764090928],[101.29570397725678,14.737756118250331],[101.28404386673111,14.746547564118828],[101.28068692955821,14.732386417399312],[101.2324512754061,14.732166475602412],[101.21390890597127,14.754302133936392],[101.18844225230816,14.749397185631665],[101.1938551098255,14.731287548381715],[101.18678373787924,14.711765054613636],[101.2037516678053,14.683785265277834],[101.20424966019374,14.60830842419449],[101.21549317956664,14.58789314825026],[101.18109347368494,14.543547186053843],[101.22309204166447,14.504144182008417],[101.24276612695525,14.471521150680587],[101.24385408000182,14.489171236163656],[101.27259920858666,14.512485226711874],[101.2846272938146,14.489432222119433],[101.30615352206746,14.498547371763834],[101.31232250438012,14.471359693595048],[101.365580839784,14.449432607828612],[101.42240276127848,14.383248631419235],[101.44732501843492,14.420952573302657],[101.43596634626994,14.445585246961627],[101.46024141440978,14.457076496283321],[101.48658293755261,14.462232645020606],[101.50249232226292,14.439505861406417],[101.5338936290878,14.424917046584483],[101.54652740501581,14.43594228880562],[101.60562875985943,14.436413103681843],[101.62171932468715,14.428210779403969],[101.61855729308468,14.417143877887725],[101.63066717974658,14.406135890059318],[101.6487824719336,14.403778395556571],[101.6478688686534,14.393504323765569],[101.74122900111757,14.307481128551274],[101.74937491721869,14.348222611584333],[101.77433122720441,14.346990897412013],[101.78881042636016,14.359746767999013],[101.81200171340839,14.347648863903999],[101.84096311635477,14.365928470322672],[101.83885977385955,14.352461075917972],[101.87699099084159,14.323589577297184],[101.92946054706664,14.327903718681739],[101.94336545355287,14.30245737890499],[101.92857860621774,14.286938162366368],[101.94448970233793,14.24767697241441],[101.98208781200299,14.237432605230595],[101.96689842632139,14.227241769292277],[102.13320135765662,14.137585014436922],[102.16668963841613,14.141867189419315],[102.16667078592809,14.172499502150345],[102.18885589888066,14.196061212754842],[102.21133125273519,14.172762913577628],[102.21500993765858,14.14517194702779],[102.2461301865589,14.13987176467026],[102.26729107872035,14.146625035616921],[102.2719933027488,14.12861046480117],[102.28888663121313,14.135054318601988],[102.30726109002734,14.12006058133079],[102.32479332655083,14.128031254638756],[102.33187200369008,14.12008132689175],[102.35770861416125,14.132629328180997],[102.3591767825825,14.16571278181948],[102.3883892699489,14.144778903723477],[102.40960991216775,14.1557100112081],[102.43135597160085,14.152362387414314],[102.4534203883403,14.19388841202067],[102.477064493032,14.20036594902939],[102.49884596237132,14.186137699395374],[102.51197753823288,14.201082282421453],[102.53858073711137,14.202125306237917],[102.54863287420784,14.216272088985761],[102.57366402037832,14.224222311710378],[102.68603042586352,14.298519665849938],[102.64214986462463,14.32590976972017],[102.60403649828584,14.322490067062972],[102.56341878534874,14.37234341541631],[102.56811080027325,14.424038336999729],[102.5818507198349,14.443863817761041],[102.59836629077176,14.446282780925628],[102.60999165778884,14.494487364400413],[102.48265617264434,14.511468630373031],[102.49518283302137,14.565038106023849],[102.46811736732269,14.586485690362395],[102.48457187159465,14.626873947574666],[102.46940834681783,14.7015776001262],[102.48318188843348,14.758774838388149],[102.45158767163377,14.770174392834008],[102.44105162643149,14.800209426224114],[102.45975135204333,14.834821936882918],[102.47464126258427,14.814301501413183],[102.50213190256534,14.801728066397175],[102.53411206611901,14.814564323784566],[102.5518098075766,14.858506903171076],[102.54130171240416,14.899468075291509],[102.56734298519069,14.927360269760698],[102.54633052343496,14.946435928175617],[102.55227774732026,14.952129193407586],[102.57082970892401,14.957224696362687],[102.60338557618343,14.935682747960527],[102.69669507591709,14.934177767589972],[102.71357731394193,14.983447375895707],[102.75214117857257,15.002739788910162],[102.76225819096283,15.025581702833392],[102.78854681328488,15.032584396252958],[102.78309883094636,15.039897900767528],[102.79716546161683,15.0399759403374],[102.78586800720285,15.068284762831581],[102.7747592872114,15.06570539838549],[102.76119180455817,15.078410477061936],[102.77946752230838,15.089701465350402],[102.81808791832282,15.144093076933984],[102.8311878524375,15.145991407277677],[102.84732121959865,15.16836434184097],[102.86658919533517,15.164291862679363],[102.89704632732622,15.190540228648672],[102.93073031135486,15.182053410136803],[102.96621626516855,15.192513290855743],[102.97421950472642,15.206364961973463],[102.95950363638377,15.217626210581216],[102.96265151625454,15.261881141601464],[102.95503860584705,15.271666328438357],[102.96781088456476,15.292158667288732],[102.95310259930557,15.308467899573941],[102.95190626805987,15.332934106024197],[102.98576452271459,15.36277326527403],[102.98429371208522,15.374295021398154],[102.95612513886414,15.382091318859352],[102.95166263182506,15.403588642002262],[102.96648388902031,15.407382083116715],[102.97071802042035,15.426583368727506],[102.97845512270578,15.429009762090914],[102.9817205493639,15.41626837058891],[102.98355270309486,15.427304400178002],[102.99224999084447,15.414329440351423],[103.012703433117,15.431158770361037],[102.97864884296979,15.481970949799518],[102.93699346527626,15.476569275351835],[102.94482834455249,15.488794786050562],[102.93858923400603,15.497300357225754],[102.92868522334442,15.48987249402046],[102.92583599303669,15.51064118644166],[102.91260947934404,15.507569882044493],[102.8956979602927,15.521746976441875],[102.88810683056585,15.513218745049073],[102.88340308578387,15.522833201890819],[102.86318340429074,15.508081512651756],[102.83659125987879,15.517391619127977],[102.82952400323023,15.505318133425192],[102.81615514484412,15.512379944678742],[102.78040810794789,15.563474838592981],[102.78398280426308,15.585058135124882],[102.76786812141671,15.626157714706835],[102.7801685807155,15.636754223128946],[102.77871711270467,15.64883736035597],[102.74881461869973,15.661817127958159],[102.74731726637879,15.671296657714606],[102.7166882973271,15.666079411735495],[102.68878184500619,15.705779013091046],[102.69127438080807,15.724031924933456],[102.68154825334926,15.728734674165935],[102.66670359579439,15.715791162732046],[102.63863985024892,15.715329455290203],[102.60968342325145,15.72836438730667],[102.59763069929738,15.71236486444701],[102.55629754329703,15.704027352280548],[102.51168925155775,15.728237801433465],[102.44823989225728,15.715379174309476],[102.41211905395124,15.696181932949912],[102.38714993672028,15.725891754401005],[102.36081346956604,15.73060173058542],[102.36327316122748,15.766736129768617],[102.31857398040495,15.807557234278988]]]}},{"type":"Feature","properties":{"province_code":"31","province_th":"บุรีรัมย์","province_en":"Buri Ram"},"geometry":{"type":"Polygon","coordinates":[[[102.93290667340432,15.793747104645206],[102.8817338811138,15.773944972082859],[102.86868593500793,15.694378978407201],[102.88511333461275,15.66860900140432],[102.86401908671155,15.656097321933885],[102.85981315085627,15.640376625780732],[102.80684318756312,15.632035994765374],[102.79069497259496,15.63942833744784],[102.76786812141671,15.626157714706835],[102.78398280426308,15.585058135124882],[102.78040810794789,15.563474838592981],[102.81615514484412,15.512379944678742],[102.82952400323023,15.505318133425192],[102.83659125987879,15.517391619127977],[102.86318340429074,15.508081512651756],[102.88340308578387,15.522833201890819],[102.88810683056585,15.513218745049073],[102.8956979602927,15.521746976441875],[102.91260947934404,15.507569882044493],[102.92583599303669,15.51064118644166],[102.92868522334442,15.48987249402046],[102.93858923400603,15.497300357225754],[102.94482834455249,15.488794786050562],[102.93699346527626,15.476569275351835],[102.97864884296979,15.481970949799518],[103.01234455595653,15.432084360704721],[102.99224999084447,15.414329440351423],[102.98355270309486,15.427304400178002],[102.9817205493639,15.41626837058891],[102.97845512270578,15.429009762090914],[102.97071802042035,15.426583368727506],[102.96648388902031,15.407382083116715],[102.95166263182506,15.403588642002262],[102.9567596042724,15.381450156199776],[102.98487042033366,15.373618185331054],[102.98308691542888,15.355940368353345],[102.95190626805987,15.332934106024197],[102.95310259930557,15.308467899573941],[102.96781088456476,15.292158667288732],[102.95503860584705,15.271666328438357],[102.96265151625454,15.261881141601464],[102.9588857158032,15.219960520561642],[102.97421950472642,15.206364961973463],[102.96621626516855,15.192513290855743],[102.9376031327784,15.182779073095787],[102.89704632732622,15.190540228648672],[102.86658919533517,15.164291862679363],[102.84732121959865,15.16836434184097],[102.8311878524375,15.145991407277677],[102.81808791832282,15.144093076933984],[102.77946752230838,15.089701465350402],[102.76119180455817,15.078410477061936],[102.7747592872114,15.06570539838549],[102.78586800720285,15.068284762831581],[102.79716546161683,15.0399759403374],[102.78309883094636,15.039897900767528],[102.78854681328488,15.032584396252958],[102.76225819096283,15.025581702833392],[102.75214117857257,15.002739788910162],[102.71357731394193,14.983447375895707],[102.69669507591709,14.934177767589972],[102.60338557618343,14.935682747960527],[102.57082970892401,14.957224696362687],[102.55227774732026,14.952129193407586],[102.54633052343496,14.946435928175617],[102.56734298519069,14.927360269760698],[102.54130171240416,14.899468075291509],[102.5518098075766,14.858506903171076],[102.53411206611901,14.814564323784566],[102.50213190256534,14.801728066397175],[102.47464126258427,14.814301501413183],[102.45975135204333,14.834821936882918],[102.44105162643149,14.800209426224114],[102.45158767163377,14.770174392834008],[102.48318188843348,14.758774838388149],[102.46940834681783,14.7015776001262],[102.48457187159465,14.626873947574666],[102.46811736732269,14.586485690362395],[102.49518283302137,14.565038106023849],[102.48265617264434,14.511468630373031],[102.60999165778884,14.494487364400413],[102.59836629077176,14.446282780925628],[102.5818507198349,14.443863817761041],[102.56811080027325,14.424038336999729],[102.56341878534874,14.37234341541631],[102.60403649828584,14.322490067062972],[102.64214986462463,14.32590976972017],[102.68603042586352,14.298519665849938],[102.57366402037832,14.224222311710378],[102.54863287420784,14.216272088985761],[102.53858073711137,14.202125306237917],[102.51197753823288,14.201082282421453],[102.49884596237132,14.186137699395374],[102.477064493032,14.20036594902939],[102.45188971703686,14.192828346950705],[102.4325049472456,14.148007931221116],[102.46880477761846,14.132005324586089],[102.4826895123112,14.141726349291616],[102.50299830043127,14.132543799956466],[102.52227986582324,14.143124420955303],[102.55015852909293,14.135248717854097],[102.60802435304151,14.17105564779996],[102.63430627991096,14.148861072180807],[102.65534778617143,14.165621239828397],[102.68249041639967,14.151278407572477],[102.69573744812482,14.130574912402324],[102.73449836230964,14.141503547650643],[102.76292495822031,14.139005301153759],[102.79270421093065,14.17310558495484],[102.80022142088194,14.15891642255491],[102.81194677182611,14.172346621899123],[102.82886605292606,14.157799600371334],[102.83131608676803,14.168083919037656],[102.86822501177494,14.149155859155599],[102.87505996994173,14.1732874215773],[102.91000157491283,14.167210779853633],[102.93990054357528,14.184779339994577],[102.94013127543809,14.196375688587182],[102.95610311086995,14.196054447155063],[102.95386997731765,14.208144465095017],[102.99809344465683,14.213813549355848],[103.01268210029878,14.231483687921923],[103.02331210397045,14.230141477647123],[103.05726963298724,14.285189607814175],[103.12401531695338,14.30205965732739],[103.12925344159311,14.319990449099976],[103.14214627173311,14.326534717603181],[103.15349678255052,14.313549134984669],[103.16822417660455,14.335379094869381],[103.22694750322478,14.327044932677552],[103.22073882123965,14.375370427303437],[103.2334617055933,14.392076651816069],[103.21980916775897,14.402292817159832],[103.23552769474736,14.4101719457787],[103.24576512905753,14.442776062565258],[103.23415359900946,14.482800429796043],[103.21373448925533,14.504185931235781],[103.22063117598805,14.516729408035815],[103.20945928042153,14.569736755247106],[103.21328652705165,14.594134395585911],[103.23704880895542,14.617169214987314],[103.23128939678827,14.64615687004357],[103.25919417637022,14.672254862172224],[103.26975016044162,14.705224351922368],[103.27415103784017,14.738581578077401],[103.24901900122597,14.749341198337675],[103.24808065040173,14.762576832055231],[103.29180672520027,14.784866241184147],[103.2935550837002,14.812287576710332],[103.31416107077683,14.810624595348827],[103.32764589404286,14.832598189554858],[103.34621791322616,14.831640969155444],[103.34078116341999,14.837886657343404],[103.38365709200127,14.871105751229493],[103.38949103818095,14.89373001662699],[103.40454804905329,14.898179612998774],[103.40118847057153,14.918475152306485],[103.41645298201956,14.917784896555759],[103.42518398715134,14.928678516700245],[103.42790248121457,14.94100324420441],[103.41615107691075,14.957796315347707],[103.4281550261336,14.969860211579544],[103.42023325436128,14.976499059983666],[103.43030966595836,14.97944472189647],[103.40874819687184,15.00323792159287],[103.42169063181728,15.030494155980591],[103.43441251342682,15.028140256068014],[103.44772859329998,15.044821308556607],[103.42232316368313,15.065434751013015],[103.44178444689476,15.086099676958554],[103.42781729743041,15.083353785948532],[103.44176187301207,15.106495586002552],[103.42518288907911,15.106161602076327],[103.43326272479499,15.12195762544411],[103.4242982061973,15.130155972020532],[103.42912723193626,15.140913971702503],[103.42047394081976,15.151113861115846],[103.42925416224983,15.159060675409876],[103.41986393067594,15.168311448214808],[103.42855186367763,15.18241336288645],[103.41759331787739,15.188549119746142],[103.41872781443715,15.201261038666075],[103.43588914716645,15.207113313928346],[103.42819789681556,15.214037415594305],[103.44719196333853,15.256710038037852],[103.44134195256913,15.263275960417275],[103.45937471397195,15.25658489467719],[103.46280628228413,15.282746648738907],[103.46950629627861,15.28006202044594],[103.48126227633304,15.295569342551175],[103.50434915838701,15.291958015050398],[103.49713640671985,15.298818124556874],[103.50331515836791,15.313081645601528],[103.48632408888568,15.311679188843527],[103.46896513912992,15.323943795769594],[103.47171190877765,15.337382911891893],[103.44747338728706,15.344687547292551],[103.44130524044454,15.339164576783844],[103.45008367761966,15.334050106227494],[103.43317027628729,15.332289531336869],[103.43016519256963,15.30942539876321],[103.41886091409998,15.316947131405016],[103.40291516620204,15.308572580660098],[103.38607354875535,15.32127701182469],[103.39690487016367,15.333157928395735],[103.38554139561899,15.326357891803298],[103.34852828415308,15.346919020696305],[103.34878446682973,15.339552704393839],[103.34248667911703,15.34377221821336],[103.31310774792428,15.32720282105339],[103.31684295973486,15.319287562171326],[103.30574496505812,15.319230382376304],[103.28929487915542,15.298518222238215],[103.28103028312114,15.307232606999264],[103.285508075937,15.316487102997428],[103.24883887511407,15.306658247779978],[103.25139671068973,15.321903172893144],[103.21892776740259,15.321439627237055],[103.22375366170218,15.330250769157715],[103.20997343542575,15.331919669856916],[103.21199904681862,15.343120135985544],[103.19762066076493,15.334924028720991],[103.1873555318324,15.357900762710074],[103.19668536223975,15.358322611299513],[103.19461591159512,15.365752398154711],[103.18081988333103,15.367883782410672],[103.1563070686164,15.353284739599076],[103.16364201656586,15.363805195953091],[103.14901337436777,15.374693530781883],[103.15411345667076,15.384812564848062],[103.14122778603354,15.389070591234827],[103.14604467092488,15.402405489421824],[103.13852806621736,15.41205115183925],[103.13540847092423,15.400913983593512],[103.1171467304373,15.402102129209936],[103.08928222879189,15.419831527702911],[103.11348167473955,15.437767251357627],[103.10571953442906,15.457293682357601],[103.11455519456666,15.46803342670131],[103.11035241083516,15.484135908445467],[103.07256328067092,15.497804736599392],[103.08742377798501,15.538490005709264],[103.0519478803904,15.557383267224054],[103.04530772077476,15.573480090433861],[103.05295313717761,15.592499969298217],[103.02716909657659,15.599788476257231],[103.01214973941899,15.628305945063346],[102.97456114458123,15.66081166342758],[102.97576652930195,15.67098801488504],[103.00722760057334,15.689049034785171],[103.0059855585867,15.725425937057423],[102.98719770840756,15.733390610088634],[102.97149415603053,15.756963330193571],[102.94377516289353,15.753698577127693],[102.93290667340432,15.793747104645206]]]}},{"type":"Feature","properties":{"province_code":"32","province_th":"สุรินทร์","province_en":"Surin"},"geometry":{"type":"Polygon","coordinates":[[[103.11473513901552,15.482912077730248],[103.10571953442906,15.457293682357601],[103.11348167473955,15.437767251357627],[103.08928222879189,15.419831527702911],[103.1171467304373,15.402102129209936],[103.13540847092423,15.400913983593512],[103.13852806621736,15.41205115183925],[103.14604467092488,15.402405489421824],[103.14122778603354,15.389070591234827],[103.15411345667076,15.384812564848062],[103.14901337436777,15.374693530781883],[103.16364201656586,15.363805195953091],[103.1563070686164,15.353284739599076],[103.18081988333103,15.367883782410672],[103.19461591159512,15.365752398154711],[103.19668536223975,15.358322611299513],[103.1873555318324,15.357900762710074],[103.19675852298752,15.335589706000178],[103.21199904681862,15.343120135985544],[103.20997343542575,15.331919669856916],[103.22375366170218,15.330250769157715],[103.21892776740259,15.321439627237055],[103.25139671068973,15.321903172893144],[103.24883887511407,15.306658247779978],[103.27461664474242,15.319057968850245],[103.285508075937,15.316487102997428],[103.28103028312114,15.307232606999264],[103.29128409858237,15.299065118860199],[103.30574496505812,15.319230382376304],[103.31684295973486,15.319287562171326],[103.31310774792428,15.32720282105339],[103.34248667911703,15.34377221821336],[103.34878446682973,15.339552704393839],[103.34852828415308,15.346919020696305],[103.38554139561899,15.326357891803298],[103.39690487016367,15.333157928395735],[103.38607354875535,15.32127701182469],[103.40291516620204,15.308572580660098],[103.41886091409998,15.316947131405016],[103.43016519256963,15.30942539876321],[103.43317027628729,15.332289531336869],[103.45008367761966,15.334050106227494],[103.44130524044454,15.339164576783844],[103.44747338728706,15.344687547292551],[103.47171190877765,15.337382911891893],[103.46896513912992,15.323943795769594],[103.48632408888568,15.311679188843527],[103.50350759170203,15.312225669978716],[103.49713640671985,15.298818124556874],[103.50434915838701,15.291958015050398],[103.48126227633304,15.295569342551175],[103.46950629627861,15.28006202044594],[103.46280628228413,15.282746648738907],[103.45937471397195,15.25658489467719],[103.44134195256913,15.263275960417275],[103.44719196333853,15.256710038037852],[103.42819789681556,15.214037415594305],[103.43588914716645,15.207113313928346],[103.41872781443715,15.201261038666075],[103.41759331787739,15.188549119746142],[103.42855186367763,15.18241336288645],[103.41986393067594,15.168311448214808],[103.42925416224983,15.159060675409876],[103.42047394081976,15.151113861115846],[103.42912723193626,15.140913971702503],[103.4242982061973,15.130155972020532],[103.43326272479499,15.12195762544411],[103.42518288907911,15.106161602076327],[103.44176187301207,15.106495586002552],[103.42781729743041,15.083353785948532],[103.44178444689476,15.086099676958554],[103.42232316368313,15.065434751013015],[103.44772859329998,15.044821308556607],[103.43441251342682,15.028140256068014],[103.42169063181728,15.030494155980591],[103.40874819687184,15.00323792159287],[103.43030966595836,14.97944472189647],[103.42023325436128,14.976499059983666],[103.4281550261336,14.969860211579544],[103.41615107691075,14.957796315347707],[103.42790248121457,14.94100324420441],[103.42518398715134,14.928678516700245],[103.41645298201956,14.917784896555759],[103.40118847057153,14.918475152306485],[103.40454804905329,14.898179612998774],[103.38949103818095,14.89373001662699],[103.38365709200127,14.871105751229493],[103.34078116341999,14.837886657343404],[103.34621791322616,14.831640969155444],[103.32764589404286,14.832598189554858],[103.31416107077683,14.810624595348827],[103.2935550837002,14.812287576710332],[103.29180672520027,14.784866241184147],[103.24607832155738,14.756487058431048],[103.27459604307296,14.737195625677657],[103.25919417637022,14.672254862172224],[103.2294359219303,14.640607283199586],[103.23704880895542,14.617169214987314],[103.21328652705165,14.594134395585911],[103.21011003165268,14.577140709975822],[103.22063117598805,14.516729408035815],[103.21352745183049,14.50495636514421],[103.23415359900946,14.482800429796043],[103.24576512905753,14.442776062565258],[103.23552769474736,14.4101719457787],[103.21980916775897,14.402292817159832],[103.2334617055933,14.392076651816069],[103.22073882123965,14.375370427303437],[103.22694750322478,14.327044932677552],[103.26427854931563,14.350294829442873],[103.40937793184617,14.357442992699987],[103.41107644991831,14.372445092766895],[103.4350836154166,14.390867339755971],[103.4510998737602,14.367852583330091],[103.467399819646,14.364254278012595],[103.5001754587305,14.400581635733943],[103.52523035689552,14.400895246418543],[103.55911799420011,14.424038914364473],[103.61053338940445,14.419449721627416],[103.62414975740546,14.398677046108844],[103.65462928791135,14.409868644922085],[103.65653505924564,14.418068829712752],[103.64137255160205,14.421357818608499],[103.65380909631278,14.43626399159001],[103.68646533061059,14.43935603435358],[103.70822514067777,14.432357676565573],[103.70608839286513,14.378957608007227],[103.75816882682994,14.377665055597902],[103.77419398126727,14.360044227758976],[103.80178319773643,14.369663179412271],[103.80296363256565,14.35628703022229],[103.8287320195671,14.35250279816563],[103.83449531500685,14.368804611044027],[103.8470966550866,14.37100368097515],[103.86115385996271,14.365870910114438],[103.88124408764457,14.338306443887348],[103.90018312555088,14.345509248153348],[103.89963097508951,14.337705067235106],[103.94195441776225,14.330042076280847],[103.95050624196955,14.350563466830579],[103.97912196530649,14.354521605287914],[103.99591289516405,14.345117157231073],[104.00759362444626,14.356445021320724],[104.02843935279395,14.337155662403973],[104.05692732293767,14.34395954359809],[104.04360723118884,14.361273250260354],[104.05814736301045,14.46930458623774],[104.0479332544162,14.482427905423549],[104.05368814209413,14.494621622390014],[104.03518661537004,14.498148896554369],[104.03207265343025,14.544119934587343],[104.04692915235853,14.555456067943226],[104.05917934135357,14.601834468286143],[104.05070791923515,14.669312763373398],[104.00471971044635,14.719299944337024],[103.98573675055064,14.800339403440773],[103.9166278092261,14.8290450373986],[103.90209373973437,14.848944998213142],[103.9199833056851,14.872526559553137],[103.92765456500621,14.904424593420288],[103.94817974529906,14.925231444975282],[103.9453128630982,14.942581575978977],[103.95540176987583,14.937923387254557],[103.96883996239438,14.948965080773917],[103.96457176287663,14.971617771942647],[103.99305781026976,14.985822782195669],[103.99515598615989,15.014961017037365],[104.010245523712,15.02017649135206],[104.01297800223307,15.042655179892677],[104.02123415723065,15.045180189314351],[104.00566249762625,15.05893736416806],[104.02055848938284,15.078970130567143],[103.99308535560476,15.084522346129404],[103.99906976196002,15.094105342887303],[103.99228269898742,15.11287287198553],[104.00084286980268,15.120845254904623],[103.98733603023368,15.129067607084437],[103.99971218187176,15.136157908860469],[104.0004234646712,15.1486215672316],[103.96679326639617,15.164445755567215],[103.9669328717547,15.185311361630113],[103.98418289922148,15.201739048118611],[103.97042103260463,15.220121450644456],[103.98810520958779,15.225682997572335],[103.98565837913094,15.246904083156949],[103.99763037903881,15.2525180974323],[103.97814687627738,15.263072265772507],[103.97249548887578,15.280071547863713],[103.99116109420919,15.268458211976963],[103.99822564839502,15.273045931624495],[103.99641187141077,15.295793735092843],[104.01440227834252,15.288785209569824],[104.01019857100732,15.316461398574745],[104.02850177203919,15.318304274922411],[104.02228812399778,15.331996257920991],[104.03542666420924,15.328067136988807],[104.04434204834689,15.342054728043308],[104.07459046387885,15.353672738606065],[104.09020704641813,15.348900953816042],[104.09218280659132,15.358128259711464],[104.08367799444397,15.35746913759067],[104.08989672815153,15.365547501116339],[104.07881260102079,15.375511846394659],[104.08343393103115,15.38504142522163],[104.0716316412873,15.381058458281302],[104.07426432563818,15.392024683392492],[104.05911906159548,15.40609567577485],[104.05013805482741,15.395973118164932],[104.01828155974624,15.411797159011712],[104.0128808376806,15.403879245330984],[104.00233169565132,15.409227881361687],[103.9928388631231,15.393472728583617],[103.9884808429166,15.406569577124344],[103.9708183413934,15.408431686373262],[103.97367176434051,15.426319745959574],[103.95029128601408,15.413535901960358],[103.9412208551584,15.427721331274483],[103.94517850168654,15.43901777485047],[103.92918586133851,15.432711218747784],[103.89784035384929,15.442644446583984],[103.889795373158,15.469858650256526],[103.88571236203592,15.454391092574895],[103.87757031391891,15.468885098168812],[103.85892199085725,15.449175890754816],[103.8520375681793,15.466290411972977],[103.84575694942373,15.456269436385412],[103.83215689422536,15.461273000748463],[103.82745315843658,15.45200766342299],[103.77356688760182,15.435108858087403],[103.74441253780844,15.447527451430801],[103.72425089586221,15.438094932834929],[103.70851840869767,15.447488664570244],[103.67130765772231,15.444637407190612],[103.6160319559101,15.467527418655493],[103.58518284541202,15.466970892093059],[103.55512567880709,15.454291626657266],[103.55001760962506,15.438069925386799],[103.5322768625872,15.426370226704648],[103.49199999720219,15.438036533559227],[103.47832950800046,15.452479193260217],[103.43890512527139,15.455584292381218],[103.34113143406847,15.405494720904699],[103.26975128009758,15.423185999834061],[103.25066714377374,15.448332744860352],[103.22406429922808,15.44900626962368],[103.21495746111799,15.461455764571951],[103.11473513901552,15.482912077730248]]]}},{"type":"Feature","properties":{"province_code":"33","province_th":"ศรีสะเกษ","province_en":"Si Sa Ket"},"geometry":{"type":"Polygon","coordinates":[[[104.10558567284056,15.568801648077624],[104.09765334122875,15.564111473166008],[104.10455127262321,15.547986886085994],[104.08530515311037,15.55045328938786],[104.07313042712758,15.522309276651868],[104.06712083975503,15.527729942982546],[104.05544488587282,15.515562697560483],[104.06109388917173,15.499792012591342],[104.03117568041336,15.48950702033278],[103.99546043455149,15.446929270969122],[103.9928388631231,15.393472728583617],[104.00401955855585,15.409816068556779],[104.03315333815607,15.40764957386881],[104.05013805482741,15.395973118164932],[104.05911906159548,15.40609567577485],[104.07426432563818,15.392024683392492],[104.0716316412873,15.381058458281302],[104.083856836324,15.384483246604589],[104.07903839380691,15.374628185142683],[104.0900513836645,15.364628305851681],[104.08383263916505,15.356619769286965],[104.09226381842052,15.357354914697623],[104.08998033902151,15.348772444292933],[104.07459046387885,15.353672738606065],[104.04434204834689,15.342054728043308],[104.03542666420924,15.328067136988807],[104.0220020640441,15.33175565869675],[104.02850177203919,15.318304274922411],[104.01031188828307,15.316808594441113],[104.0149226521587,15.28968251443655],[103.99641187141077,15.295793735092843],[103.9975189197624,15.271918432689574],[103.97249548887578,15.280071547863713],[103.97814687627738,15.263072265772507],[103.99763037903881,15.2525180974323],[103.98565837913094,15.246904083156949],[103.98810520958779,15.225682997572335],[103.97042103260463,15.220121450644456],[103.98418289922148,15.201739048118611],[103.9669328717547,15.185311361630113],[103.96679326639617,15.164445755567215],[104.0004234646712,15.1486215672316],[103.99971218187176,15.136157908860469],[103.98733603023368,15.129067607084437],[104.00084286980268,15.120845254904623],[103.99228269898742,15.11287287198553],[103.99906976196002,15.094105342887303],[103.99308535560476,15.084522346129404],[104.02055848938284,15.078970130567143],[104.00566249762625,15.05893736416806],[104.02123415723065,15.045180189314351],[104.01297800223307,15.042655179892677],[104.010245523712,15.02017649135206],[103.99515598615989,15.014961017037365],[103.99305781026976,14.985822782195669],[103.96457176287663,14.971617771942647],[103.96883996239438,14.948965080773917],[103.95540176987583,14.937923387254557],[103.9453128630982,14.942581575978977],[103.94817974529906,14.925231444975282],[103.92765456500621,14.904424593420288],[103.9199833056851,14.872526559553137],[103.90209373973437,14.848944998213142],[103.9166278092261,14.8290450373986],[103.98573675055064,14.800339403440773],[104.00471971044635,14.719299944337024],[104.05070791923515,14.669312763373398],[104.05917934135357,14.601834468286143],[104.04692915235853,14.555456067943226],[104.03207265343025,14.544119934587343],[104.03518661537004,14.498148896554369],[104.05368814209413,14.494621622390014],[104.0479332544162,14.482427905423549],[104.05867184223177,14.46423549007585],[104.04394506960932,14.360290615019892],[104.05692732293767,14.34395954359809],[104.08528652275487,14.346775677955236],[104.10840591080421,14.378516681199926],[104.13718566328777,14.373322006405544],[104.14116572182064,14.355210453599625],[104.16925679956171,14.357250036859739],[104.17075380744234,14.375855247321851],[104.1858508624274,14.384363177418777],[104.19899560616233,14.383173041602618],[104.21106591815766,14.367721400122548],[104.23095981304499,14.370456067593466],[104.27681228086215,14.40837507335101],[104.33462749726124,14.368610067900363],[104.41385479726114,14.371669403220437],[104.43632492875253,14.35826007444291],[104.45975321503892,14.361270358939976],[104.4645803342151,14.344865568291368],[104.47833222555181,14.352327994241591],[104.48031573967972,14.366137765945211],[104.5008789909727,14.37540086485808],[104.53466290137186,14.354299041067918],[104.56278819471947,14.351929034297541],[104.57855779600555,14.357352541586579],[104.57981290064492,14.374308848674502],[104.59941926608633,14.392742110559993],[104.6438015545981,14.423130344589765],[104.65797055419779,14.401121219069069],[104.67939155097935,14.390473398928293],[104.70958148809524,14.433410309638134],[104.72453790979677,14.420001638265035],[104.7239835775801,14.402493917260529],[104.7392133437209,14.413710857170372],[104.75281595029594,14.405552220158881],[104.76618292999831,14.423828637581607],[104.80526473577902,14.437590485312683],[104.84171017718302,14.403463829791974],[104.87165389521118,14.41782550734132],[104.91856694880568,14.399365633617151],[104.87621151904642,14.436888112096767],[104.8479203205664,14.424568815598434],[104.82867892159504,14.4409599095722],[104.85897932603513,14.472063728758144],[104.8626366025972,14.49706101095694],[104.81633881118722,14.55154541728723],[104.82794144694026,14.57810782021977],[104.82638586891278,14.606616570098709],[104.83830130865852,14.61701238941032],[104.83663301320308,14.635496677030062],[104.84927815476311,14.658934426882354],[104.89061224066245,14.65272680879525],[104.87675577166158,14.672597976015822],[104.8767243727317,14.699277653241154],[104.82069725137711,14.752447625757384],[104.81545771480177,14.790104955779157],[104.79718343866483,14.805287553377923],[104.80101191916481,14.823674245669963],[104.82602012632782,14.839021608060818],[104.80512279128385,14.897093466690194],[104.77798686730017,14.898861905252772],[104.73627937119608,14.939077108621689],[104.72562637815491,14.929950039362893],[104.70003234541645,14.935207353736416],[104.68417539118144,14.951805673992737],[104.68464316095316,15.004674159584852],[104.66982949763326,15.032472606025976],[104.6862552910489,15.042605126325554],[104.68015655837854,15.04843431868892],[104.69301786008623,15.082810928181857],[104.67652036372385,15.08501820532598],[104.68819418261552,15.100064689633768],[104.67656845856754,15.092869528705819],[104.67068703627774,15.09877456629323],[104.67968448355214,15.123054426920305],[104.70262409892308,15.12965775120432],[104.7368903678962,15.161537265332584],[104.72583920991167,15.17128005183298],[104.69821425978034,15.15826732497709],[104.7003420908149,15.17505499299358],[104.71751776233492,15.192641173551351],[104.69984934057464,15.186840252275886],[104.7042893420795,15.20041424691999],[104.6825948272895,15.200815826589178],[104.68933916527033,15.208371202868761],[104.6590407231509,15.238294890297027],[104.64621234292537,15.2390094016626],[104.6450707624058,15.254947694180771],[104.60912689359134,15.259067688123366],[104.60600677669146,15.273900316346555],[104.57868180082448,15.252645534963506],[104.52181379357177,15.25310016204287],[104.50289221960031,15.26762660528368],[104.46988613913408,15.268272635074084],[104.38189867438439,15.294175021060425],[104.35346367340986,15.34460445802938],[104.30479625834073,15.342066435417735],[104.26465308617105,15.371174480018283],[104.24527837259888,15.374021919775828],[104.18815841487901,15.46762144997001],[104.17318164961353,15.462819447959191],[104.13493778714923,15.508630777188671],[104.12948107778959,15.554453475647449],[104.10558567284056,15.568801648077624]]]}},{"type":"Feature","properties":{"province_code":"34","province_th":"อุบลราชธานี","province_en":"Ubon Ratchathani"},"geometry":{"type":"Polygon","coordinates":[[[105.06702558156542,16.094460071275307],[105.0420307482205,16.09469710468767],[105.00709351035727,16.030995888449525],[105.00464214371999,16.01062555432594],[105.02375882740802,15.980024263708856],[104.99837223139343,15.948428148440371],[105.00655772935579,15.938815476752893],[104.96444715441271,15.863229979579955],[104.9603722389877,15.791019314289997],[104.90540985737908,15.755558954282378],[104.90641161940079,15.726454426930331],[104.89120947233931,15.68932348539056],[104.89565614141787,15.652772245942458],[104.93360332743168,15.638072728173938],[104.92757776540162,15.603910192401486],[104.88603996507237,15.574463290448534],[104.89580743706364,15.564113867161268],[104.88066755366475,15.53809285610049],[104.86964715339349,15.53896898103369],[104.86476130129307,15.561361529810824],[104.87665871143042,15.563076258162823],[104.86181171743686,15.580323025587234],[104.8477408392684,15.574188636596375],[104.84433655638702,15.584458709102194],[104.83631483216385,15.581818667397613],[104.83767914867383,15.591766627028278],[104.82369839606417,15.585950625920702],[104.81070377795703,15.606522964862961],[104.7961732230159,15.5953164337065],[104.78781092013793,15.621166952193164],[104.74671702517065,15.641639587796817],[104.74187634691594,15.658602844845461],[104.72878362266613,15.648134869328828],[104.71429953569509,15.660710298141794],[104.69511272916918,15.658794451702647],[104.68363613430023,15.671252470425202],[104.62551442175322,15.689392092870833],[104.60284980197684,15.670632655872396],[104.62996106744936,15.663330561056625],[104.63788055044711,15.646861049797678],[104.61669342955821,15.641348322567069],[104.61384756541287,15.620173852441383],[104.57783453513576,15.603200374597634],[104.58615821033322,15.567184652649644],[104.55349070842954,15.555602143724002],[104.54654786039549,15.541972746345209],[104.51131519613944,15.563483572808707],[104.48038264923991,15.53694822418123],[104.44490714195109,15.555726267253476],[104.41896786577445,15.53592106710363],[104.39870267229054,15.545701375118426],[104.38307118618633,15.535998516718223],[104.38924134031566,15.490149095804156],[104.37218448182841,15.457714703570787],[104.38573498977803,15.443030916743453],[104.39274320233699,15.405495106713829],[104.38321205059572,15.392894799055796],[104.40642604912296,15.387697741057934],[104.41798628094216,15.365750682248233],[104.43300120444206,15.36756570929009],[104.43159541479662,15.377629220112453],[104.43847820520506,15.362467279041766],[104.4331250114102,15.346412493741639],[104.44676527439793,15.344321683299086],[104.43004614461393,15.327023738155049],[104.41294760974444,15.32975569416999],[104.40607811131582,15.288986115416947],[104.46781994133727,15.26872619375888],[104.50289221960031,15.26762660528368],[104.52424964780306,15.252611161076288],[104.57868180082448,15.252645534963506],[104.60600677669146,15.273900316346555],[104.60912689359134,15.259067688123366],[104.6450707624058,15.254947694180771],[104.64621234292537,15.2390094016626],[104.6590407231509,15.238294890297027],[104.68933916527033,15.208371202868761],[104.6825948272895,15.200815826589178],[104.7042893420795,15.20041424691999],[104.69984934057464,15.186840252275886],[104.71713768905317,15.193155535399683],[104.69981582733863,15.17409891203522],[104.69857290131841,15.15785988442616],[104.72491693806631,15.171150519780724],[104.736240630201,15.16533460231011],[104.70292686828043,15.129867827438318],[104.67968448355214,15.123054426920305],[104.67092924798646,15.100019290957562],[104.67628990525498,15.092869781415345],[104.68892379359824,15.0994971472756],[104.67652036372385,15.08501820532598],[104.69301786008623,15.082810928181857],[104.68015655837854,15.04843431868892],[104.6862552910489,15.042605126325554],[104.66982949763326,15.032472606025976],[104.68464316095316,15.004674159584852],[104.68426874530638,14.951461811013814],[104.70003234541645,14.935207353736416],[104.72562637815491,14.929950039362893],[104.73627937119608,14.939077108621689],[104.77798686730017,14.898861905252772],[104.80512279128385,14.897093466690194],[104.82602012632782,14.839021608060818],[104.80101191916481,14.823674245669963],[104.79718343866483,14.805287553377923],[104.81545771480177,14.790104955779157],[104.82069725137711,14.752447625757384],[104.8767243727317,14.699277653241154],[104.87675577166158,14.672597976015822],[104.8905930662171,14.653002909656607],[104.84927815476311,14.658934426882354],[104.83663301320308,14.635496677030062],[104.83830130865852,14.61701238941032],[104.82638586891278,14.606616570098709],[104.82794144694026,14.57810782021977],[104.81633881118722,14.55154541728723],[104.8626366025972,14.49706101095694],[104.85897932603513,14.472063728758144],[104.82867892159504,14.4409599095722],[104.8479203205664,14.424568815598434],[104.87810272496085,14.435981333771565],[104.94659999959038,14.381962614383212],[104.97340261593803,14.391455641164953],[104.9937762235939,14.379419579849753],[105.00145226730837,14.362375558285464],[104.98425180507678,14.318914130582698],[105.01582722424706,14.276350540145359],[105.0221062547999,14.242033402819345],[105.05049543261816,14.21463863686364],[105.08485275704913,14.209435626253196],[105.10872675633482,14.213644772688156],[105.14683295867417,14.242571070598501],[105.15137357273227,14.285424769737403],[105.17754738040736,14.315664030170922],[105.16650513740223,14.328685171983125],[105.17462762256679,14.344306418406518],[105.19728006642197,14.347793822027313],[105.2273394822314,14.333466382567565],[105.25132542732666,14.361904167843136],[105.28010096378853,14.353705664784627],[105.28434598238124,14.365898500415483],[105.3035629665577,14.36614581937414],[105.32131800382285,14.398208339243524],[105.34169151974788,14.384145204237825],[105.37233176539871,14.3997917054229],[105.38693461683914,14.396471232161673],[105.38693114365742,14.410519452810547],[105.39954463537669,14.408805362977148],[105.40743043516653,14.42959136375049],[105.4291412618598,14.416340367813746],[105.48743294357553,14.500668951610862],[105.48089056544728,14.506472397283346],[105.50090158893727,14.513196299069989],[105.5170053890875,14.539090262006027],[105.52656248896773,14.536571644066157],[105.52413770539084,14.551818722156327],[105.53375072241795,14.553896989754321],[105.52899973804756,14.572603575394737],[105.53890958530917,14.58377296185273],[105.52996321503042,14.607992836800008],[105.54250513960056,14.620117849159442],[105.52954848457495,14.623775302887964],[105.52816244404164,14.647562728936862],[105.51762375842975,14.652291584589022],[105.51637782237867,14.66689313111317],[105.52730181712525,14.679392839707816],[105.5151373344205,14.696261154428782],[105.52461376781122,14.70397472595289],[105.51968463493802,14.727266056283497],[105.54660329080929,14.731591603769573],[105.51260877897204,14.753924626420428],[105.51399325738299,14.77299891067122],[105.5252403209841,14.782103949237921],[105.51121121722394,14.800205074404687],[105.5191922821981,14.822922836919417],[105.53721753426186,14.819315820768566],[105.55993388933757,14.8392038053114],[105.542824656133,14.862774885952263],[105.5494817490835,14.87474976189202],[105.57992791923812,14.877908064905341],[105.55887754925953,14.923634613246861],[105.54563946039286,14.9263403720106],[105.55371118872046,14.952607826090343],[105.56780360295397,14.95516444488328],[105.58335612408592,14.940831835221047],[105.59500554886705,14.961654888062697],[105.62464047028152,14.975341428364288],[105.60578936089036,14.992789536008331],[105.5742727825629,14.999045980087942],[105.57249989235623,15.020451876353036],[105.54683003957473,15.03831100115184],[105.5539711107782,15.064064480991078],[105.51353823460192,15.063161709145618],[105.51547465303287,15.08406133656149],[105.47934740076198,15.093874616420464],[105.46130403005702,15.115812815109393],[105.48588777340206,15.150151433641781],[105.46918442042471,15.15868889567605],[105.47488898563824,15.17881956317234],[105.49457281238546,15.192144717204997],[105.49386148372054,15.204284856161223],[105.5395883216438,15.252230264015509],[105.55674873076936,15.248897670591077],[105.55926896479093,15.262134137980127],[105.58061151281112,15.259366533738614],[105.5922200364256,15.274293417207502],[105.5741166557591,15.328326622875409],[105.50353808821228,15.315572071593863],[105.47413796629417,15.3348655152314],[105.46745825089761,15.350389929851417],[105.49236252880775,15.385481627175409],[105.56112674110625,15.399194405197704],[105.59184787358055,15.42579822280976],[105.60279223077691,15.477643363550442],[105.59311788808014,15.510307855423264],[105.62492374143756,15.563406517097121],[105.63702493255465,15.63390358268424],[105.63466921421292,15.662995086953742],[105.59688262373413,15.723851651332666],[105.50668402644675,15.767290988988009],[105.4647177432293,15.745997278651544],[105.43598214296156,15.754146825315786],[105.4196456252455,15.789144363621517],[105.394171509008,15.802584042719445],[105.38590937531745,15.836715252407032],[105.3423086174488,15.922159434410446],[105.37661298709975,15.98356292868624],[105.42481143270152,15.990687659208163],[105.41830756084534,16.01217934719915],[105.22337629228213,16.046933891386004],[105.13441935656812,16.079454707568743],[105.11944639633418,16.077395337424946],[105.10273451688448,16.09037087911281],[105.0851661752788,16.08549101559794],[105.06702558156542,16.094460071275307]]]}},{"type":"Feature","properties":{"province_code":"35","province_th":"ยโสธร","province_en":"Yasothon"},"geometry":{"type":"Polygon","coordinates":[[[104.3990492224437,16.34169019484665],[104.39058006841549,16.346828280700663],[104.35849937594548,16.33273112524131],[104.33348181943046,16.27410750285901],[104.29692314438768,16.2526389571222],[104.29794507640423,16.2401729290375],[104.27645349723116,16.224917480057684],[104.2507313146985,16.218573682129772],[104.22747813181041,16.166001087879977],[104.17397820343143,16.148036654268253],[104.13937784621072,16.110903632596603],[104.11514525125239,16.114653240754535],[104.10892771544178,16.107103630028575],[104.09578305714246,16.073815315324566],[104.11399338158935,16.03938843193066],[104.10133283823995,16.005210005137656],[104.10647752241977,15.99068246202603],[104.09351970457078,15.977060068567368],[104.06159933783925,15.988290345423138],[104.02022686437834,15.97573569094942],[104.01185298812499,15.953736287100014],[104.02070153824548,15.95130352024131],[104.02655867614203,15.960982741760176],[104.03599157694975,15.940162888706425],[104.0228907246273,15.91198659300693],[104.0141482594347,15.911420950916181],[104.01515048370794,15.886682359603242],[104.03220480430832,15.875295520671784],[104.0233547918902,15.870764205603678],[104.03656767096129,15.868413804053887],[104.01915989431376,15.866675078192372],[104.0288418209933,15.859656866970909],[104.02105073780137,15.839892531115481],[104.01247504468762,15.844411625296345],[104.01676763381931,15.830803599406636],[104.00726448606724,15.83147086039196],[104.01369209721258,15.81814634128068],[103.9971636389908,15.814466580768112],[104.00083533258459,15.79557904703546],[104.03547847774962,15.796573306912649],[104.07822415392161,15.820183222078072],[104.06934826081363,15.828261131446084],[104.07538779471099,15.839449933367803],[104.11140884244418,15.806256562790168],[104.1342797604027,15.798672120422054],[104.13791146474239,15.784050420090864],[104.1271011712821,15.769568694739519],[104.13181803627344,15.7550189032998],[104.14061783234712,15.754174632353454],[104.13173328416377,15.743381124739187],[104.14125907774428,15.729718546873471],[104.1275909141894,15.723648696829969],[104.1300668925731,15.706070116442788],[104.11808011500534,15.703510518195912],[104.1280682275667,15.696975786103678],[104.14718213774552,15.713711913973725],[104.14180029424824,15.7062699655865],[104.1519620290245,15.690970894990869],[104.17530834390499,15.672858450956824],[104.17444989694525,15.664406917345389],[104.18677639071791,15.66543099694303],[104.18300779157636,15.657135383291347],[104.1714368065634,15.659828459815628],[104.17765596295237,15.640332073366551],[104.16941582757846,15.633390625576965],[104.19012990417178,15.632764049921036],[104.18215580624553,15.622449714582729],[104.18645126241591,15.609149964599226],[104.21209359234547,15.616642521435267],[104.2092509450751,15.609281410408812],[104.16170206000214,15.603219564331482],[104.1219591823704,15.578094626066218],[104.13728795397594,15.535567415004266],[104.13437794568569,15.509521124900061],[104.17318164961353,15.462819447959191],[104.18815841487901,15.46762144997001],[104.24527837259888,15.374021919775828],[104.26465308617105,15.371174480018283],[104.30479625834073,15.342066435417735],[104.35346367340986,15.34460445802938],[104.38189867438439,15.294175021060425],[104.40607811131582,15.288986115416947],[104.41294760974444,15.32975569416999],[104.43004614461393,15.327023738155049],[104.44686081297618,15.343757615921277],[104.4331250114102,15.346412493741639],[104.43590621969634,15.37425574620579],[104.41798628094216,15.365750682248233],[104.40883641566813,15.385782612277808],[104.39089979359068,15.385880166236745],[104.38176888062941,15.395701558879864],[104.39274320233699,15.405495106713829],[104.38573498977803,15.443030916743453],[104.37218448182841,15.457714703570787],[104.38924134031566,15.490149095804156],[104.38307118618633,15.535998516718223],[104.39943694715743,15.5458927409573],[104.41896786577445,15.53592106710363],[104.44490714195109,15.555726267253476],[104.48038264923991,15.53694822418123],[104.51149246510522,15.56416461500504],[104.50463855822295,15.586850975891878],[104.45863642433159,15.593164210360044],[104.46708763418701,15.601390558227706],[104.46427917464428,15.628233671946475],[104.43916830807103,15.618551110345493],[104.44729293272275,15.63688157342591],[104.43848859687131,15.642068466386661],[104.44616834039664,15.656273950582431],[104.43607008426704,15.667899733985564],[104.44521366867593,15.67094036880303],[104.43598445711706,15.685972497233024],[104.44096147259393,15.699022045930747],[104.41927547528303,15.698071880712746],[104.43103126558049,15.738110733323708],[104.41866490396222,15.747610966373031],[104.43412645327328,15.752664899065906],[104.42583381008234,15.772124482558866],[104.44098610142748,15.806771031657831],[104.43573744123,15.812452586817471],[104.46158023633888,15.84410727493082],[104.44907123415021,15.868595247672602],[104.45718887017028,15.876063226936424],[104.45518050687497,15.902104738942626],[104.4683929785532,15.90367450737267],[104.46983465744353,15.91904715959879],[104.50454933558342,15.951403151634167],[104.50504842334612,15.981569572377907],[104.53260011740156,15.999927069079035],[104.51537814158803,16.026149934771695],[104.5309988700019,16.039161695755695],[104.56174919626847,16.098834396190455],[104.60178037856167,16.105468552831496],[104.6229210170913,16.123260763573455],[104.6618538285914,16.123206202604194],[104.72978637124407,16.102030072330024],[104.76465589915051,16.103553849430682],[104.78066698729168,16.113996666413072],[104.81134055282433,16.095432589142717],[104.82365238135236,16.15290627180707],[104.80346859180213,16.1635049475953],[104.78964025809148,16.15754191182981],[104.763204189222,16.19854880098643],[104.7034405106711,16.20747832516463],[104.66641182834326,16.243568465112617],[104.64337416258758,16.21531775770842],[104.61585542059123,16.21492757424818],[104.59944200634357,16.240277619116853],[104.58422699717823,16.238134249595987],[104.57380875686869,16.25976045637998],[104.5597868180073,16.26192346709439],[104.56542847744237,16.274998625785997],[104.55075353544737,16.311992866777416],[104.51100942574448,16.316459654589437],[104.49886446282477,16.340854084348564],[104.3990492224437,16.34169019484665]]]}},{"type":"Feature","properties":{"province_code":"36","province_th":"ชัยภูมิ","province_en":"Chaiyaphum"},"geometry":{"type":"Polygon","coordinates":[[[101.57324643117789,16.724898238063304],[101.55848863464286,16.730674838073355],[101.552812166948,16.721201379640036],[101.57765871557734,16.67273558268107],[101.57213544109777,16.648811322984216],[101.52700415401853,16.67939592398278],[101.51094915827707,16.678953938673374],[101.50900725038434,16.65541318407122],[101.5261427608798,16.619515368639384],[101.50007957071568,16.610583604249996],[101.49609447597936,16.57033773669724],[101.49721780655659,16.561198678576204],[101.51952662215592,16.549544729305865],[101.50293742462253,16.545625691572468],[101.50496123557264,16.53870012581018],[101.48363824960558,16.52432790640779],[101.472314892918,16.529066857849273],[101.46504420602537,16.512562759563764],[101.47223634882852,16.47713082442806],[101.44314074814707,16.43848793726852],[101.41791934590117,16.423460993430126],[101.41719138157708,16.41050398407168],[101.39843672627399,16.400834600236635],[101.40728966958267,16.380067297268],[101.38123203812813,16.35941629372701],[101.37855222840267,16.317254234395477],[101.36684120635664,16.29320507685287],[101.37066045621515,16.274143926301235],[101.35337207176377,16.26007067841914],[101.37198661808799,16.243798875917435],[101.36761756499868,16.22491876608825],[101.37950767443971,16.18819044922992],[101.36324751276254,16.185605258975556],[101.34079578140023,16.15365801600467],[101.33865266908549,16.10371267330129],[101.32532250313108,16.06131247079395],[101.32302110923683,16.040609927106516],[101.34349987102229,16.00258996975134],[101.33724933368984,15.991720137574362],[101.35807502064574,15.963159991440477],[101.37473481765778,15.967479071901721],[101.3604762779579,15.923481481884949],[101.3744898549229,15.920399584373342],[101.35253983644435,15.888622396006838],[101.3324340109209,15.881126276056818],[101.32447471043957,15.832867762037665],[101.33196825203328,15.830000259304597],[101.33129475604824,15.803450392022],[101.31717397180142,15.789846821373771],[101.33927690290682,15.767364566121898],[101.33577485832313,15.753644792273406],[101.40608012459813,15.73567741158331],[101.37047680835809,15.575900032060872],[101.38534236705664,15.484802349249094],[101.37545548758072,15.376840502986852],[101.38245221040125,15.33315983855573],[101.41442979020269,15.331876621109245],[101.44731221568628,15.353664940584565],[101.45488424021556,15.345673710573351],[101.46884939228568,15.367570824633901],[101.49606825984239,15.356353764214873],[101.52258409408074,15.373846444957508],[101.59700717614032,15.37889030884071],[101.62016739610851,15.36436283587625],[101.65305840741962,15.401893342603728],[101.68555747709593,15.386464114927037],[101.77316865381039,15.382459394285661],[101.78583470730598,15.390548227718568],[101.79962894412051,15.42332792364482],[101.8075741468295,15.413175447389051],[101.84068918555755,15.412333226896976],[101.8779090736449,15.39132636611896],[101.93192582711526,15.456220720110196],[101.99648512878571,15.466180384417271],[102.00947164490054,15.45824528019557],[102.03231076373083,15.474509345829688],[102.04436117732655,15.527963507709785],[102.0397646722019,15.544654263883217],[102.07422449956107,15.6231828068411],[102.08509190356858,15.621670604015208],[102.08849192816001,15.634075503381837],[102.0993348553194,15.630297173575741],[102.1084263357069,15.644614219570599],[102.12130065959781,15.64651951876084],[102.1188926447798,15.653305682411371],[102.12795577314046,15.650920409649245],[102.12823885633821,15.671502805709963],[102.14712869593262,15.685168663403147],[102.14335197681231,15.707631880906604],[102.15349248399099,15.727047089151881],[102.16261747401728,15.727750089195297],[102.15605807442068,15.741394129335674],[102.17977450438991,15.7480352251456],[102.2008581034188,15.7397857440169],[102.20430380277833,15.757653842251045],[102.23154371357157,15.743916984881025],[102.2479623061156,15.749468232772756],[102.25606771135585,15.781462662272077],[102.30266042643757,15.790075167335146],[102.31276064758589,15.807704168212865],[102.32806726259417,15.804034430644492],[102.31586679081983,15.846894140851987],[102.32044604604823,15.865235688975929],[102.33800388627037,15.873731644599786],[102.35325587825622,15.900987112765108],[102.36229430763626,15.928914920387342],[102.35507669693209,15.931139209107243],[102.37472834503717,15.946332257727533],[102.36540019276475,15.965481176715002],[102.38546021941363,15.980742437113804],[102.38629024959539,15.993402102724929],[102.36849079031776,16.00671868531913],[102.35536153560645,16.005139245579755],[102.34391342856196,16.035284769676423],[102.32653314598798,16.030489812055237],[102.31173173772959,16.042865589575342],[102.30240575642057,16.039058893353285],[102.28044317171504,16.076713734051623],[102.41407340756177,16.250678378404473],[102.41993303298312,16.30115390293031],[102.45943661720617,16.39421571138604],[102.4136773344415,16.427519619434918],[102.40567823356366,16.44067841957343],[102.40993467264707,16.462123093705884],[102.40022121483725,16.46780623706826],[102.39897691285432,16.44682547641463],[102.3729628085868,16.43643015083086],[102.36458600234221,16.45292941526037],[102.3192552977938,16.445713394557572],[102.31712727610295,16.456031401827772],[102.30018707137629,16.445202747808594],[102.27818952282826,16.460520869642494],[102.25506498975756,16.461288821422045],[102.23471479055519,16.48632061240636],[102.20354858539895,16.50435001933795],[102.19367827323379,16.49838912216029],[102.18135796230018,16.505629438947494],[102.17290738556744,16.49114777744802],[102.15830252144428,16.50351249960221],[102.06814365440619,16.493577632301935],[102.07291849599187,16.502772403423705],[102.0425499418264,16.5083737804257],[102.0318040020531,16.521190307586664],[102.02375634318076,16.558555450573635],[101.98888489522182,16.56651086058781],[101.99242329130192,16.58450579380741],[101.97794477023501,16.58754044813321],[101.97770993386644,16.610091027578903],[101.9548935112266,16.617671001215797],[101.94853377731204,16.634539404070267],[101.90560922598507,16.628227464625866],[101.88997434314149,16.64477582034789],[101.83211009210714,16.658263423418305],[101.80575117967328,16.652942830047607],[101.77460130710472,16.62865458144381],[101.77838437364,16.646623818334604],[101.75371447794089,16.652492688786594],[101.7507806825825,16.668126683999333],[101.72461785203228,16.65144689775616],[101.68858796576205,16.68620771111705],[101.61852773596632,16.685185847448963],[101.58747735359702,16.72386800260631],[101.57324643117789,16.724898238063304]]]}},{"type":"Feature","properties":{"province_code":"37","province_th":"อำนาจเจริญ","province_en":"Amnat Charoen"},"geometry":{"type":"Polygon","coordinates":[[[104.97201210307617,16.275265628206228],[104.95829701199756,16.28341499500607],[104.96030000634028,16.27356998077005],[104.94692192360793,16.261559434120613],[104.91198140142058,16.25524867458671],[104.88485838630555,16.23514202978089],[104.87949442133055,16.211196403990925],[104.85477061037545,16.20160573781459],[104.8267197826919,16.204684056024405],[104.8128563862133,16.186314773707863],[104.78944931583334,16.19997769061797],[104.76518270311931,16.196406862286892],[104.78932908277102,16.15774954640449],[104.80346859180213,16.1635049475953],[104.8229138445983,16.156437895992156],[104.81169797578104,16.095557288238297],[104.78066698729168,16.113996666413072],[104.76465589915051,16.103553849430682],[104.72978637124407,16.102030072330024],[104.6618538285914,16.123206202604194],[104.6229210170913,16.123260763573455],[104.60178037856167,16.105468552831496],[104.56083306229607,16.097920754239453],[104.5309988700019,16.039161695755695],[104.51537814158803,16.026149934771695],[104.53260011740156,15.999927069079035],[104.50504842334612,15.981569572377907],[104.50454933558342,15.951403151634167],[104.46983465744353,15.91904715959879],[104.4683929785532,15.90367450737267],[104.45518050687497,15.902104738942626],[104.45718887017028,15.876063226936424],[104.44907123415021,15.868595247672602],[104.46158023633888,15.84410727493082],[104.43573744123,15.812452586817471],[104.44098610142748,15.806771031657831],[104.42583381008234,15.772124482558866],[104.43396658528974,15.752292904394096],[104.41866490396222,15.747610966373031],[104.43103126558049,15.738110733323708],[104.41927547528303,15.698071880712746],[104.44053150582437,15.699917590824214],[104.43598445711706,15.685972497233024],[104.44507034911737,15.67433513325983],[104.43607008426704,15.667899733985564],[104.44616834039664,15.656273950582431],[104.43778212004884,15.649978446248326],[104.44729293272275,15.63688157342591],[104.43903348440784,15.618789733759229],[104.46493201140328,15.627578549110808],[104.46311070259691,15.58836320210014],[104.48287771843201,15.585905683200792],[104.48871964879282,15.594461875415277],[104.49164327281886,15.58593798235205],[104.50463855822295,15.586850975891878],[104.51089626764872,15.55951396170002],[104.54707147087174,15.542145814577736],[104.55349070842954,15.555602143724002],[104.5864795443955,15.567624416633578],[104.57807651212141,15.603516104984294],[104.61384756541287,15.620173852441383],[104.61669342955821,15.641348322567069],[104.63772604781889,15.646549050698184],[104.62996106744936,15.663330561056625],[104.60278755000547,15.670989896266747],[104.62115185457446,15.688533945385302],[104.63575354858745,15.689199109151616],[104.72878362266613,15.648134869328828],[104.74187634691594,15.658602844845461],[104.74671702517065,15.641639587796817],[104.78781092013793,15.621166952193164],[104.7961732230159,15.5953164337065],[104.81070377795703,15.606522964862961],[104.82369839606417,15.585950625920702],[104.83767914867383,15.591766627028278],[104.83631483216385,15.581818667397613],[104.84433655638702,15.584458709102194],[104.8477408392684,15.574188636596375],[104.86181171743686,15.580323025587234],[104.87665871143042,15.563076258162823],[104.86476130129307,15.561361529810824],[104.86978898637267,15.538734173443402],[104.88765598743396,15.545043381646792],[104.89580743706364,15.564113867161268],[104.88587177656132,15.574141561583872],[104.92757776540162,15.603910192401486],[104.93363029720052,15.638343093159278],[104.89565614141787,15.652772245942458],[104.89120947233931,15.68932348539056],[104.90641161940079,15.726454426930331],[104.90540985737908,15.755558954282378],[104.9609951409131,15.792333423448781],[104.96444715441271,15.863229979579955],[105.00655772935579,15.938815476752893],[104.99837223139343,15.948428148440371],[105.02375882740802,15.980024263708856],[105.00464214371999,16.01062555432594],[105.00709351035727,16.030995888449525],[105.0408425090746,16.093224833559248],[105.06032134795191,16.098047433642193],[105.04085603218022,16.1090568666811],[105.01230393857594,16.190405510006315],[105.0149547640512,16.243741741088513],[104.98729302355423,16.273769439607975],[104.97201210307617,16.275265628206228]]]}},{"type":"Feature","properties":{"province_code":"38","province_th":"บึงกาฬ","province_en":"Bueng Kan"},"geometry":{"type":"Polygon","coordinates":[[[103.44367917455435,18.433578510839652],[103.40816207811747,18.448842805551067],[103.30980314859647,18.43306935606597],[103.24410435733029,18.365606321574546],[103.25347412483103,18.33659152407961],[103.29077559042122,18.32359603273079],[103.30045271741903,18.302866459919244],[103.29459697796824,18.271946719365644],[103.25732938624225,18.261487348562355],[103.26194697777089,18.244619988921386],[103.33265813236699,18.207894351143466],[103.34280494739045,18.175928720633976],[103.36704908244923,18.164213774845905],[103.33678175237606,18.15123751639834],[103.33500812292658,18.13594266182446],[103.31638330544524,18.122424049230517],[103.29387906536664,18.118927364606236],[103.29476075080805,18.103884679034763],[103.31371025142704,18.101740281588775],[103.29957290526545,18.08135083237505],[103.31218526743618,18.057166423091985],[103.3500723193821,18.04636172431418],[103.35327381863186,18.026754458651396],[103.37211930905892,18.03228369293811],[103.39030150720885,18.02461638973466],[103.40600527002726,18.004813329071908],[103.40042078409198,17.992179805853425],[103.43003678826722,17.983282423445132],[103.42656498608528,17.976244285945086],[103.44629720984841,17.966840998913028],[103.4517341449149,17.977854274755032],[103.43833481659857,17.9819387553693],[103.44776814188629,17.994079334993387],[103.46385946124519,17.988729980404344],[103.47261630659733,18.00533405182506],[103.49195157140798,17.988044359759442],[103.50374957858025,17.996626580152622],[103.49282912086727,18.059809669980325],[103.50399809183853,18.058611461849523],[103.51463786214771,18.07430880081057],[103.53631231396218,18.068251803877672],[103.54143843613497,18.089042604332747],[103.54324314975162,18.064545463902107],[103.55941944065472,18.062398236289596],[103.58126197306166,18.038833825021072],[103.59439584219444,18.05052228307693],[103.61169711123273,18.013628692410293],[103.6404696700393,18.013689770766348],[103.6213002447106,18.002932038183076],[103.62505876065336,17.968545169224228],[103.63830603339676,17.97653637675245],[103.6393442782159,17.96374293968495],[103.65231283756748,17.962981725626207],[103.66270278970205,17.973946267206543],[103.66208332678417,17.950440001604818],[103.68430840380984,17.95589679640011],[103.70471679724244,17.938992560058637],[103.71539664583861,17.942998916566808],[103.72103968933027,17.927430674386187],[103.74617075467665,17.911446976896514],[103.76579138876167,17.95548029697818],[103.75687128408254,17.922108521591042],[103.78259277593594,17.931713468102146],[103.77489592640592,17.90853483631372],[103.78697597626035,17.891101981171516],[103.76430866391377,17.884950300016385],[103.79435767816437,17.84246021656577],[103.8110833487176,17.858684308234274],[103.79621301821629,17.877253462177578],[103.8353909534298,17.870349686988504],[103.8634512266928,17.881608239428772],[103.8664247460053,17.863980390582583],[103.87527299395356,17.875741010239494],[103.90630945301888,17.880488044787512],[103.9009460959856,17.848083440798177],[103.91558263782855,17.85935303691315],[103.9230389187112,17.854748346159283],[103.91780351991656,17.82016627485376],[103.93496649660659,17.807013029827488],[103.94219150333527,17.785302606030484],[103.95839244105838,17.775529385572725],[103.97324796332293,17.785354576052896],[103.9793576704202,17.771044705748636],[104.01437992389441,17.8157558619435],[104.01242847419479,17.83040594667716],[103.99834089741455,17.84144492064661],[104.00263170858653,17.84871843410849],[103.98172521664549,17.858019263178505],[103.99361732887667,17.886812477613773],[104.03188964499117,17.910017469430727],[104.06168713055666,17.904221973765118],[104.07127316162718,17.877958080101394],[104.12185588264293,17.922074936409217],[104.134362889236,17.953665962414277],[104.11765498299116,17.96710747702849],[104.11298094281631,18.00468749683057],[104.15182144520361,18.023976569762908],[104.17258065697177,18.002808410180023],[104.17441054261252,18.0152516242631],[104.19033172283082,18.023446039902865],[104.10504311005155,18.1164322126765],[104.06012528425453,18.21994264773508],[103.98991043132139,18.319934303625246],[103.97244397930626,18.337036671405315],[103.94860820930148,18.338198896761753],[103.91934352618284,18.325704341282346],[103.88688155444027,18.294232018592822],[103.85708073059129,18.284013470944956],[103.83644774496753,18.324650759425083],[103.81731047130125,18.338511785290734],[103.69757062058773,18.34275679758821],[103.60948288142987,18.40431988105769],[103.57005797889269,18.406047935563834],[103.53454484756674,18.42498862282673],[103.45866687017997,18.424663249909088],[103.44367917455435,18.433578510839652]]]}},{"type":"Feature","properties":{"province_code":"39","province_th":"หนองบัวลำภู","province_en":"Nong Bua Lam Phu"},"geometry":{"type":"Polygon","coordinates":[[[102.31839340463199,17.67680830535903],[102.28680249284082,17.673720310444025],[102.29644696905245,17.66220669858035],[102.15143973105882,17.664836440349518],[102.12634069326845,17.63458473509752],[102.1033975696422,17.6469965160764],[102.08281826275271,17.635008581980514],[102.13536222168926,17.557150124778502],[102.13927232465812,17.522753830025295],[102.13511108330988,17.508713854360963],[102.1266302803632,17.508495533142366],[102.12893513304999,17.492720336274544],[102.0914538758957,17.464119853748286],[102.05295666811583,17.449632161395186],[102.03234725911875,17.45889660029792],[101.9891338788255,17.455710333764955],[101.9845174015569,17.436834475930368],[101.99310427863963,17.41951204584427],[101.98441235894325,17.412843570174687],[102.01789505131563,17.3740209795846],[102.02073015956927,17.34165800521282],[101.99202715432978,17.33484877215318],[101.98612091884542,17.320187396431265],[102.0147962006842,17.280103781864113],[102.02670405284982,17.281208688929894],[102.04586780795302,17.255894310274243],[102.06946612726,17.257118428772515],[102.08445484631415,17.23652784258593],[102.09990050820193,17.180780645110758],[102.08203784457095,17.170134655989614],[102.06358380834615,17.202218716420703],[102.03735886971612,17.220594634834583],[102.01740738404362,17.202051921858754],[102.04491319109098,17.165019353560353],[102.02056924837217,17.154047103890775],[102.01639306298955,17.139851579686706],[102.09122080759425,17.110961233973796],[102.10564793600349,17.08259020087712],[102.1049386020349,17.06299465517924],[102.15346457982656,17.027753484235973],[102.12505124891607,16.991070149667735],[102.02983120244812,16.949711932259902],[102.0461864026804,16.906388963280108],[102.07035811263682,16.88499539132431],[102.09938629474175,16.882104076342102],[102.1047387780722,16.897317149267053],[102.12418875500708,16.88091092419984],[102.15575676016641,16.881248355227456],[102.17134208406998,16.86520384108445],[102.18024646140515,16.87181033997524],[102.1876398643883,16.85806541478712],[102.21466061939213,16.858028801587977],[102.23419187705355,16.88017442261156],[102.24934809573807,16.878748447682767],[102.25395033224208,16.894588548622664],[102.29565350440578,16.891711583223014],[102.29072565126785,16.884947715564692],[102.30717893965641,16.8841696715931],[102.30193423467728,16.877497547373935],[102.31109670484909,16.868000938592502],[102.32461987430781,16.86735087804061],[102.3160290249196,16.85514753922763],[102.33028510137638,16.85520905465421],[102.32344081544136,16.84631629116393],[102.33966727142752,16.83711215899899],[102.34394665221629,16.81742602818872],[102.35063206122072,16.83031564055443],[102.37542205508385,16.810626405284438],[102.37808739022097,16.817349145146977],[102.40543303430712,16.81415129174877],[102.4218322572529,16.79471042944283],[102.44791690524102,16.79265565213666],[102.45706725884696,16.811673163985404],[102.54176467260163,16.783080147630756],[102.61110276568013,16.771351971916033],[102.62273128212303,16.83986549369763],[102.68134713796013,16.971350266401714],[102.66939136541924,16.99368590158315],[102.54273236920352,17.068309408352548],[102.51053974891033,17.123251833105655],[102.50714019286568,17.13924608144157],[102.52167233331159,17.147582057565955],[102.50346855143255,17.19587093359678],[102.52176038503382,17.22525950282386],[102.53540117682292,17.228854113726413],[102.54204180678403,17.21714794981807],[102.55181854718825,17.23593870121016],[102.57321969413363,17.236169640816343],[102.59293332441342,17.26549785474225],[102.56954165222555,17.25498177898595],[102.53573471018876,17.25850409698654],[102.50332553044893,17.28603771556817],[102.47826804763235,17.275088349148064],[102.43917686102338,17.280671325121602],[102.44126240503601,17.325393353220704],[102.42853486399287,17.363909762425635],[102.40136429542594,17.408999243620258],[102.36874272189914,17.499731547173212],[102.33252555990674,17.551019265626678],[102.31839340463199,17.67680830535903]]]}},{"type":"Feature","properties":{"province_code":"40","province_th":"ขอนแก่น","province_en":"Khon Kaen"},"geometry":{"type":"Polygon","coordinates":[[[102.70692578509698,17.087043830708296],[102.67963971480106,17.050544306774384],[102.67953664709864,17.01467913313553],[102.66939136541924,16.99368590158315],[102.67981555744205,16.963286760575613],[102.62273128212303,16.83986549369763],[102.61110276568013,16.771351971916033],[102.54176467260163,16.783080147630756],[102.45706725884696,16.811673163985404],[102.44791690524102,16.79265565213666],[102.4218322572529,16.79471042944283],[102.40543303430712,16.81415129174877],[102.37808739022097,16.817349145146977],[102.37542205508385,16.810626405284438],[102.35063206122072,16.83031564055443],[102.34394665221629,16.81742602818872],[102.33966727142752,16.83711215899899],[102.32344081544136,16.84631629116393],[102.33028510137638,16.85520905465421],[102.3160290249196,16.85514753922763],[102.32461987430781,16.86735087804061],[102.31109670484909,16.868000938592502],[102.30193423467728,16.877497547373935],[102.30717893965641,16.8841696715931],[102.29072565126785,16.884947715564692],[102.29565350440578,16.891711583223014],[102.2542771800479,16.894715376413558],[102.24934809573807,16.878748447682767],[102.23419187705355,16.88017442261156],[102.21502512540928,16.858079996394792],[102.18828968212318,16.8579418938034],[102.18024646140515,16.87181033997524],[102.17134208406998,16.86520384108445],[102.15575676016641,16.881248355227456],[102.12418875500708,16.88091092419984],[102.10438100078261,16.89733837776396],[102.09938629474175,16.882104076342102],[102.06259833124807,16.88682993994979],[102.05934527206671,16.870494520305897],[102.03999391658601,16.858159991990078],[102.01073539562208,16.870314018277384],[101.99166640298216,16.839633858915533],[101.94418779363184,16.853069121442843],[101.94878917757853,16.841040646808437],[101.90573906470615,16.814810343722456],[101.88161596220692,16.811714087635096],[101.86222604289765,16.790766112666006],[101.78889938100167,16.76527568542457],[101.78294522334346,16.753836232556125],[101.7915974442667,16.726771728232734],[101.77640578599829,16.712572484432656],[101.76709938742687,16.680898679430584],[101.75056729684331,16.67630097640898],[101.75029157639517,16.656518602851293],[101.77811606810212,16.64705704064994],[101.77460130710472,16.62865458144381],[101.80575117967328,16.652942830047607],[101.83317186588897,16.658279384585967],[101.88997434314149,16.64477582034789],[101.90560922598507,16.628227464625866],[101.93907720365007,16.636432739579334],[101.9556484444202,16.63091936123959],[101.9548935112266,16.617671001215797],[101.97770993386644,16.610091027578903],[101.97794477023501,16.58754044813321],[101.9923237201636,16.584795380002845],[101.98888489522182,16.56651086058781],[102.02375634318076,16.558555450573635],[102.0318040020531,16.521190307586664],[102.0425499418264,16.5083737804257],[102.07291849599187,16.502772403423705],[102.06814365440619,16.493577632301935],[102.15830252144428,16.50351249960221],[102.17290738556744,16.49114777744802],[102.18135796230018,16.505629438947494],[102.19367827323379,16.49838912216029],[102.20354858539895,16.50435001933795],[102.23471479055519,16.48632061240636],[102.25506498975756,16.461288821422045],[102.27818952282826,16.460520869642494],[102.30018707137629,16.445202747808594],[102.31712727610295,16.456031401827772],[102.3192552977938,16.445713394557572],[102.36458600234221,16.45292941526037],[102.3729628085868,16.43643015083086],[102.39897691285432,16.44682547641463],[102.39641258057617,16.466476866414325],[102.40975346285211,16.462316437153902],[102.40567823356366,16.44067841957343],[102.41289663117465,16.428503806005892],[102.45943661720617,16.39421571138604],[102.41993303298312,16.30115390293031],[102.41458269183784,16.251659705131317],[102.28030237565417,16.075886469285194],[102.30240575642057,16.039058893353285],[102.31173173772959,16.042865589575342],[102.32653314598798,16.030489812055237],[102.34391342856196,16.035284769676423],[102.35536153560645,16.005139245579755],[102.36849079031776,16.00671868531913],[102.38629024959539,15.993402102724929],[102.38546021941363,15.980742437113804],[102.36540019276475,15.965481176715002],[102.37472834503717,15.946332257727533],[102.35507669693209,15.931139209107243],[102.36229430763626,15.928914920387342],[102.35325587825622,15.900987112765108],[102.33800388627037,15.873731644599786],[102.32066011707082,15.865670804364186],[102.31589678860598,15.847276226816462],[102.33484311641672,15.791385613555292],[102.36371602967108,15.765715970315853],[102.35819416263058,15.73443245669256],[102.38714993672028,15.725891754401005],[102.41549827272718,15.695665696914432],[102.44823989225728,15.715379174309476],[102.51168925155775,15.728237801433465],[102.55629754329703,15.704027352280548],[102.59763069929738,15.71236486444701],[102.60968342325145,15.72836438730667],[102.65067930200826,15.71479716815486],[102.68192218426145,15.728673645272579],[102.69457294838293,15.719533715708451],[102.68878184500619,15.705779013091046],[102.7166882973271,15.666079411735495],[102.74731726637879,15.671296657714606],[102.74881461869973,15.661817127958159],[102.7785605155554,15.649057762605707],[102.77688010443336,15.634069046249522],[102.81518585644216,15.632541152951887],[102.85427627233219,15.636148101653646],[102.86401908671155,15.656097321933885],[102.8840824804222,15.66633719970207],[102.86868593500793,15.694378978407201],[102.88147728205098,15.773345025352683],[102.93252923423682,15.800886118199855],[102.93186574320953,15.814764384069122],[102.91917561126553,15.82224030704458],[102.93035492264164,15.885750363388581],[102.9060717507108,15.896631173589867],[102.90979968610668,15.924704915099824],[102.89056542865166,15.937091558228872],[102.90557406858846,15.972660791062708],[102.88333462399379,16.014530208302517],[102.89537116284896,16.05327573508714],[102.8595042364314,16.040214301848607],[102.86202980523137,16.056984052671964],[102.8483370560104,16.071869307422674],[102.86835307073767,16.126605903439724],[102.85476073801772,16.12812005959313],[102.84553187719445,16.145423758599634],[102.85841650731601,16.163699913420317],[102.84347130555636,16.210454780763598],[102.85025220727363,16.222156341941684],[102.84590887569414,16.27189748997722],[102.89359159697466,16.315542751696682],[102.89554130468753,16.34991144805491],[102.90862383422262,16.348412755744107],[102.90542103994909,16.359504289691245],[102.92713243771192,16.366639269786504],[102.92073105529403,16.37757634517226],[102.93639514991628,16.376476075910205],[102.93619080686028,16.38880066132151],[102.9496224244354,16.389122543070982],[102.95644780841968,16.400380816721338],[102.94605284796063,16.408554162144924],[102.95791729164972,16.424568893439755],[102.97565252944077,16.424850154611022],[102.96216425097947,16.42978897677989],[102.95306907078105,16.45177790442682],[103.01596305375199,16.471513504244854],[103.0315709650281,16.500398775982774],[103.0403952199635,16.490821481826003],[103.08072802228048,16.510419589692333],[103.1186451637434,16.56638285558438],[103.1208030123492,16.59225530224046],[103.15272380625873,16.610081171908632],[103.15118341957918,16.659761107589077],[103.15895609544748,16.673698584821864],[103.14575647687997,16.701247302121374],[103.15876348944352,16.732876526830296],[103.14684573214487,16.753716411383323],[103.1812207750188,16.787798694354308],[103.18425004870085,16.821447622809615],[103.17062328363767,16.8487090426882],[103.17422275537592,16.863420609573495],[103.13693490821947,16.87056799761507],[103.1378236821173,16.83091513672423],[103.12305083362912,16.818112007663046],[103.10768523208787,16.82456063056867],[103.10195768559879,16.839925193393015],[103.12393863356112,16.89373282301142],[103.09999294481861,16.9133160623864],[103.00734986070756,16.86642854684004],[102.99816999494936,16.871956487002308],[102.99226727761283,16.859099749354016],[102.95131463825999,16.839766359629834],[102.91361343031559,16.836260676389145],[102.88333283344355,16.87541682102949],[102.85913749739763,16.88359996726473],[102.82409310801057,16.862209519553744],[102.80902279256787,16.913922345739707],[102.82090595294744,16.938586001043177],[102.80416546696279,16.955779126605478],[102.82549427244277,16.972998087891483],[102.80180658660476,16.98837920093945],[102.78721325358885,17.015569472753043],[102.72230541876013,17.04978738428042],[102.70692578509698,17.087043830708296]]]}},{"type":"Feature","properties":{"province_code":"41","province_th":"อุดรธานี","province_en":"Udon Thani"},"geometry":{"type":"Polygon","coordinates":[[[102.05940630185938,18.085225832106516],[102.05538763543109,18.039436961646516],[102.03822538988987,18.022900267433442],[102.04239079779717,17.98927919457924],[102.02605787467127,17.99118103317818],[102.01770909310022,17.98258810185945],[102.03832887217976,17.88470147829065],[102.0513694951062,17.86983893591821],[102.05031058026913,17.829556990262915],[102.03669246218743,17.806298177618828],[102.04588972173332,17.790016219972642],[102.02983942494956,17.78580036189726],[102.01711455579215,17.747805997448893],[102.02654155704727,17.679444033015784],[102.03969732107458,17.664314703161097],[102.03253523541287,17.6552239512244],[102.04361335687099,17.649412437733872],[102.06029060702593,17.656728801193253],[102.0831130857004,17.63497349942753],[102.10422531374729,17.646978956813484],[102.1210372517678,17.633071977389875],[102.15143973105882,17.664836440349518],[102.29644696905245,17.66220669858035],[102.28680249284082,17.673720310444025],[102.31819203293605,17.678789640429613],[102.33252555990674,17.551019265626678],[102.36874272189914,17.499731547173212],[102.40136429542594,17.408999243620258],[102.42853486399287,17.363909762425635],[102.44126240503601,17.325393353220704],[102.43917686102338,17.280671325121602],[102.47826804763235,17.275088349148064],[102.50332553044893,17.28603771556817],[102.53573471018876,17.25850409698654],[102.56954165222555,17.25498177898595],[102.59293332441342,17.26549785474225],[102.57321969413363,17.236169640816343],[102.55181854718825,17.23593870121016],[102.54204180678403,17.21714794981807],[102.53540117682292,17.228854113726413],[102.52176038503382,17.22525950282386],[102.50368487975345,17.19682498658392],[102.52167233331159,17.147582057565955],[102.50714019286568,17.13924608144157],[102.52159030704712,17.09721237515106],[102.56908139359149,17.047142910716786],[102.66939136541924,16.99368590158315],[102.67953664709864,17.01467913313553],[102.67963971480106,17.050544306774384],[102.69892584784964,17.06999185913702],[102.69958614538439,17.08701338236176],[102.70815561159225,17.086663206142077],[102.72230541876013,17.04978738428042],[102.78721325358885,17.015569472753043],[102.80180658660476,16.98837920093945],[102.82549427244277,16.972998087891483],[102.80416546696279,16.955779126605478],[102.82090595294744,16.938586001043177],[102.80902279256787,16.913922345739707],[102.82409310801057,16.862209519553744],[102.85913749739763,16.88359996726473],[102.88333283344355,16.87541682102949],[102.91361343031559,16.836260676389145],[102.95131463825999,16.839766359629834],[102.99226727761283,16.859099749354016],[102.99816999494936,16.871956487002308],[103.00734986070756,16.86642854684004],[103.0387343556061,16.88716325927703],[103.08303824661783,16.899620417348444],[103.09785156369878,16.91195130161134],[103.11787555541264,16.962270471804857],[103.15984436932223,16.946611402594215],[103.17557526558608,16.95614597355791],[103.20031859632621,16.949724165737734],[103.21977405193104,16.968034811357484],[103.23060795799091,16.958610615987197],[103.2533916686906,16.961576931730065],[103.28743679077536,16.926526471019884],[103.34972603632758,16.92178490614856],[103.39396457720352,16.895608836678548],[103.41140719538583,16.865977690617967],[103.40000339613988,16.853233583163387],[103.42341607918877,16.823453973422204],[103.41001451425848,16.808239493957558],[103.42116320911487,16.801578353158504],[103.4485789328715,16.833022332814437],[103.44215564656588,16.846977845950903],[103.45507697532219,16.86632581818202],[103.4913598813535,16.90428220156241],[103.48623166196171,16.940070889659864],[103.49358665579956,16.96990762613609],[103.51964478188125,16.998955499796523],[103.51781358143171,17.03432141210351],[103.50665048303341,17.044312845861214],[103.53635440673054,17.065696756400257],[103.54723253155612,17.08818451640235],[103.57373240192885,17.09164024859865],[103.57879583775775,17.102008438039036],[103.62000979041954,17.092365711008824],[103.65172147486624,17.048528324422705],[103.64726270361092,17.023222472239354],[103.66087100469315,17.019991977048164],[103.66518475757056,17.0541212316096],[103.65477250494723,17.076314769411113],[103.66705166919922,17.105781144384366],[103.65466042333992,17.115549181149845],[103.63801130757582,17.11240616841002],[103.62128146956422,17.14828722407617],[103.59870321258325,17.169776120571555],[103.56921688974774,17.15656079894177],[103.47414909040828,17.21770380998288],[103.47024583307882,17.22998102990067],[103.45128936900926,17.213007552056922],[103.42733341090826,17.220907515269687],[103.41694175006177,17.212986235426456],[103.37797857205351,17.236404007738827],[103.36122292799581,17.236544110422415],[103.3512144952528,17.25546067157279],[103.30776989386555,17.270903828848645],[103.28077865640995,17.267167069304833],[103.25122730359726,17.312181397753363],[103.30200599677937,17.391354626015243],[103.27377441435777,17.440667256089057],[103.28893717830817,17.4679399939356],[103.28829276010288,17.50047152464117],[103.31665733876525,17.523290136230855],[103.3218790139054,17.55352713397008],[103.33052512123743,17.55048376611296],[103.33674568506535,17.576263326291553],[103.35051142955888,17.587295640781235],[103.36090537828062,17.59122780142195],[103.37480310817693,17.579257277301565],[103.37632852564099,17.592810376197974],[103.4108564919336,17.59515960233381],[103.39739238185302,17.61714589406779],[103.40717586087732,17.66854869876346],[103.40083187589045,17.718474138570684],[103.41067005797686,17.729386759591307],[103.40035054973816,17.758341500360018],[103.38398099902395,17.752985251568134],[103.36727587438213,17.789759611017303],[103.37659130394559,17.792597878589277],[103.38234379133297,17.809058348963674],[103.37562601123147,17.81370529706186],[103.39046089585372,17.829436132171793],[103.38110451206364,17.840002844255935],[103.3973885471438,17.842681635049473],[103.39992051192218,17.830791882639346],[103.40209733442452,17.842754535893164],[103.4132371295899,17.833934264954394],[103.42269498388646,17.84134815359448],[103.39875030058596,17.84545858324708],[103.39453743455505,17.855048629790474],[103.40804026224839,17.859947387162265],[103.40620097059838,17.87823257927016],[103.41728172886877,17.879586285578682],[103.4132743273484,17.90072264513401],[103.39610575777454,17.904314541882627],[103.38994902512746,17.870416968868085],[103.37443264415128,17.875153260114928],[103.36682287957228,17.857804618388457],[103.34026516840288,17.851974424180355],[103.32942234916214,17.824222443011365],[103.29376401239932,17.828836549667074],[103.24110133575812,17.886257991613093],[103.2256195400098,17.872655440795995],[103.19179257186977,17.87172087881555],[103.1755148158561,17.854159604981817],[103.16720932495042,17.80855560455757],[103.14987895475002,17.803090285088615],[103.13289885429873,17.81591433507856],[103.13592596421194,17.824640912847883],[103.12426826836594,17.83060956757754],[103.12856497909058,17.84262301004395],[103.11670946117277,17.844599066094077],[103.11461974520512,17.860815334560073],[103.10077570663361,17.856541018753035],[103.09998680244905,17.87003728229479],[103.08260746776051,17.87352404200101],[103.07795556979374,17.885234916558204],[103.05237847218882,17.87905041464495],[103.04504794440714,17.89450178183182],[103.03750375299586,17.891969075112797],[103.03870007344972,17.876976791146035],[103.00959073472467,17.870668004724678],[103.00473618802471,17.842012009746497],[102.98937922267305,17.842578336221266],[102.968662385161,17.82337805875045],[102.94602206686494,17.853527415757696],[102.9371694760905,17.884035163392127],[102.88310856500834,17.8988686378774],[102.86988886278084,17.887726794955654],[102.86747410484611,17.844106800588406],[102.84395555630397,17.83620500455737],[102.85089905274913,17.82692861096666],[102.83665586537597,17.822793938289692],[102.83876748702994,17.811334766886034],[102.82582358529027,17.813380872029654],[102.84184222773666,17.80570871338648],[102.83855112003823,17.793946376923827],[102.85396670859677,17.776375197957066],[102.84265524544327,17.74465959876153],[102.85043418958622,17.72813554541915],[102.83315484242212,17.715102471401963],[102.8296553474164,17.693334405558403],[102.78362342168361,17.682245501228977],[102.77425809773308,17.646830929303974],[102.76029125943415,17.64254780643614],[102.76436321519031,17.625800054828744],[102.74092081134643,17.620419759064703],[102.73139781555682,17.603428988157305],[102.71452191235642,17.604107267636323],[102.6941719874473,17.620355089715645],[102.66627139061222,17.59487951387854],[102.64965160893468,17.59223218496743],[102.64609305724883,17.614292769695624],[102.59555651192352,17.622303753315634],[102.60230528356203,17.64932569722322],[102.59504775015358,17.673062731559867],[102.61461186994188,17.686769394192254],[102.54045789741411,17.74228173011778],[102.53218781911261,17.760206482043543],[102.46806368858842,17.75246509898517],[102.45004370655187,17.770801521872784],[102.43982547276744,17.76838654630211],[102.44186931521676,17.78382373657621],[102.42860013768626,17.793511126637213],[102.4411280813959,17.82006742497174],[102.42457201668526,17.82040026855759],[102.40053197377165,17.84346056035662],[102.40014169858057,17.87455895303333],[102.3886154413496,17.895098519780902],[102.30861062258225,17.946599489974517],[102.28639818912518,17.989993065627516],[102.27658144058108,17.98007439241934],[102.26376937855406,17.984006258981708],[102.2384778237926,18.002764366782174],[102.2052932234036,18.007602400130736],[102.20495446497665,18.022508431918652],[102.18741271542456,18.012417021428462],[102.1744741475639,18.019051588160323],[102.1557318030803,17.988628704151438],[102.14017255861677,18.00672577787242],[102.14339468471701,18.03509226759411],[102.10446878180892,18.02866057262736],[102.11275784569807,18.053472157414205],[102.09567425756097,18.085496695316294],[102.08362409037954,18.077369413167958],[102.05940630185938,18.085225832106516]]]}},{"type":"Feature","properties":{"province_code":"42","province_th":"เลย","province_en":"Loei"},"geometry":{"type":"Polygon","coordinates":[[[102.09683855315677,18.216127739803426],[102.08334739506631,18.218667441449327],[102.04589345841646,18.19899041357678],[102.02724720739275,18.150877196725276],[101.95343438458923,18.10331065796055],[101.95441837690663,18.093367265986558],[101.90506053341693,18.03005664509817],[101.87957905442988,18.026871721252974],[101.82616239877575,18.059698973328977],[101.78151799026313,18.068108539177786],[101.75701600968114,18.036106371012238],[101.72460807190504,17.912291779342183],[101.71002171043364,17.90250957105991],[101.69331601292373,17.91248782974958],[101.61632688357889,17.89361752522865],[101.5918061890045,17.84912133937837],[101.5744008072515,17.86964354381456],[101.55149735092209,17.81070049123474],[101.56680026162286,17.802639949574086],[101.57418635041978,17.78533014686883],[101.55066497710709,17.789144091626554],[101.5376189717382,17.77497268094453],[101.52221672282354,17.776985393361258],[101.497288310707,17.754961328302727],[101.50265490799768,17.74502672540308],[101.49043437684509,17.724028468439144],[101.49044395282624,17.74600467427632],[101.47531813392482,17.748328338981707],[101.48273429874894,17.760532668847645],[101.46322963943635,17.754228372741238],[101.4664856447967,17.747685490093318],[101.45510197597548,17.746369129931452],[101.44621177465376,17.728772933624043],[101.42414000955387,17.737734547411492],[101.41823428758238,17.729939173554044],[101.40235851863076,17.734334250325446],[101.40117113474014,17.72387232544753],[101.43066005571706,17.715828562438276],[101.4067768275886,17.701972386616376],[101.40831791483998,17.689189039942278],[101.40053554427999,17.68253437336267],[101.38205989284984,17.69814176483061],[101.37750371962102,17.682312608640018],[101.36134886855552,17.681371367394718],[101.34619258601907,17.659298873844023],[101.3061207957382,17.65089905844485],[101.30857785598334,17.63336947312274],[101.29403532387119,17.630560000044],[101.28033622633586,17.60816598986861],[101.25952060369298,17.598356411619136],[101.22954407839654,17.536179527363345],[101.17603897082188,17.524825619806563],[101.18254040641466,17.49788281983632],[101.16264345742968,17.491265374397585],[101.16167488308946,17.467550243948665],[101.14980671620702,17.466196246259813],[101.14573710678212,17.47836598640123],[101.13106851310147,17.47290978965509],[101.13523504785923,17.483170568566948],[101.11010742062103,17.47969895344397],[101.10683129922512,17.49235548042111],[101.09372290518797,17.496518844169373],[101.10247380062543,17.508535449551403],[101.08029431742887,17.502517570429575],[101.06105846997247,17.51230421596682],[101.0453072706141,17.544938964561595],[101.03963162040304,17.541266867172226],[101.0234509138287,17.557483616775528],[101.0031719247446,17.55645780688235],[100.9638444205836,17.574365644359034],[100.92796396116796,17.569459269729577],[100.90305050297837,17.593351736593434],[100.87462941181798,17.577478330160886],[100.86075105241918,17.545228018358387],[100.87278017456549,17.52894518027591],[100.84527011732212,17.50329630867776],[100.83362398136171,17.47385197878583],[100.85645268694202,17.45093733668881],[100.8756271250918,17.44952310510729],[100.89445593129625,17.465428336748403],[100.91611990960621,17.45159656313092],[100.9241608874151,17.419962068394796],[100.91423332710644,17.342203678756846],[101.00540484335892,17.33492989999496],[101.0109221364475,17.315587211280842],[101.02757683880014,17.309963575158918],[101.04973817457716,17.284139392419092],[101.08267610621738,17.281011428035015],[101.10945677910712,17.23435458589546],[101.10791720811272,17.2151220281591],[101.07704492658218,17.180263768757982],[101.07918727896981,17.1384857541143],[101.07059221086189,17.115237167661235],[101.05189330992835,17.11513115557841],[101.05627820907216,17.017232756286717],[101.04258508573321,16.984990064439955],[101.05212952585697,16.953020654079978],[101.02789026062709,16.942859262844763],[101.03678232714276,16.930350091583534],[101.07019771785048,16.925782647151493],[101.0668294663069,16.902127666059016],[101.10698680189944,16.907528469063664],[101.11850925230021,16.97421989243412],[101.11140718559318,17.005514975835524],[101.12216362944798,17.024786388780853],[101.16815605335921,17.037955148911067],[101.1885088893738,17.065093131442893],[101.22368952425222,17.060532465201163],[101.22316617188136,17.0854230437385],[101.24334219578577,17.108841981572255],[101.27889488469123,17.097722083907115],[101.35207600570317,17.167887082023242],[101.39617532163385,17.178190126373295],[101.45189033057437,17.14118487768002],[101.45901713673152,17.098656067623494],[101.47800697104492,17.08637757336635],[101.50399997811655,17.010369342671083],[101.53611065128558,17.02234340742234],[101.55103127457375,16.994858372016324],[101.57523097592883,16.983593435288867],[101.61244646003615,17.00412402500382],[101.62891169771672,17.045469841659894],[101.64983837404179,17.04192787976791],[101.64542115506231,17.028835585394006],[101.67532828507234,16.975621419293134],[101.67652624409095,16.94266262607937],[101.6916956918028,16.936149168349516],[101.67818534667646,16.883864549609314],[101.68356648240729,16.86872522738736],[101.67663522483582,16.86676743566869],[101.72138584598008,16.806883703020503],[101.71922302232468,16.79986515185533],[101.69980885099773,16.80903987259211],[101.68713797443803,16.79767698890197],[101.72631797809225,16.75384104932499],[101.78546850876472,16.761972793010045],[101.86222604289765,16.790766112666006],[101.87943820440967,16.81068469484285],[101.90491113444136,16.814351362125706],[101.94853417930898,16.840789787218966],[101.94418779363184,16.853069121442843],[101.99166640298216,16.839633858915533],[102.01073539562208,16.870314018277384],[102.03954181840027,16.85810687803007],[102.05934527206671,16.870494520305897],[102.05494295485352,16.87579135538681],[102.06863563932336,16.892502166441886],[102.0461864026804,16.906388963280108],[102.02998960993261,16.950851756403495],[102.12505124891607,16.991070149667735],[102.15346457982656,17.027753484235973],[102.1049386020349,17.06299465517924],[102.10564793600349,17.08259020087712],[102.09122080759425,17.110961233973796],[102.01639306298955,17.139851579686706],[102.02056924837217,17.154047103890775],[102.04491319109098,17.165019353560353],[102.01740738404362,17.202051921858754],[102.03735886971612,17.220594634834583],[102.06358380834615,17.202218716420703],[102.08203784457095,17.170134655989614],[102.09990050820193,17.180780645110758],[102.08445484631415,17.23652784258593],[102.06946612726,17.257118428772515],[102.04586780795302,17.255894310274243],[102.02670405284982,17.281208688929894],[102.0147962006842,17.280103781864113],[101.98612091884542,17.320187396431265],[101.99202715432978,17.33484877215318],[102.02073015956927,17.34165800521282],[102.01789505131563,17.3740209795846],[101.98441235894325,17.412843570174687],[101.99310427863963,17.41951204584427],[101.98450992189544,17.441359273611624],[101.99375548402844,17.460334743053977],[102.05222494642419,17.44952150611266],[102.09112283994716,17.46394387171233],[102.12874354058198,17.492416968868042],[102.1266302803632,17.508495533142366],[102.13511108330988,17.508713854360963],[102.13927232465812,17.522753830025295],[102.13436638889777,17.55950752665109],[102.1209694248991,17.56878915159814],[102.07772326701524,17.646757273929097],[102.05930815344857,17.65706909476296],[102.04361335687099,17.649412437733872],[102.03227058382043,17.655692999832127],[102.03969732107458,17.664314703161097],[102.02654155704727,17.679444033015784],[102.01714087535117,17.74670635591366],[102.02983942494956,17.78580036189726],[102.04579389357338,17.78969720436254],[102.03669246218743,17.806298177618828],[102.05221364644268,17.848116567325746],[102.01770909310022,17.98258810185945],[102.02605787467127,17.99118103317818],[102.04239079779717,17.98927919457924],[102.03822538988987,18.022900267433442],[102.05553295598122,18.039870743340202],[102.05289229824103,18.07853802371085],[102.06836473384544,18.143734840390607],[102.10201344826208,18.163323475697894],[102.1055942968394,18.21318765188869],[102.09683855315677,18.216127739803426]]]}},{"type":"Feature","properties":{"province_code":"43","province_th":"หนองคาย","province_en":"Nong Khai"},"geometry":{"type":"Polygon","coordinates":[[[103.2949938056197,18.29376300236072],[103.30020706400484,18.303634569979465],[103.16666267564204,18.255595701880168],[103.15113171036023,18.230083413918464],[103.15601755256807,18.198001990299645],[103.1485055973555,18.17288593733616],[103.08061069043106,18.124676027176974],[103.07199355655746,18.075366881976095],[103.07846498357219,18.03427251486471],[103.03910453994263,17.97959279467176],[103.01647014278291,17.971687951737636],[102.98755331833104,17.995014477036534],[102.95667058577897,18.00524684996219],[102.85986866870417,17.972958788217568],[102.81811904565751,17.940733827404244],[102.78646524157767,17.934412288596263],[102.75878356041306,17.893847721095483],[102.6876025442221,17.869467450262675],[102.67719667408733,17.841929100347727],[102.69811891405669,17.81969110456089],[102.68345176828456,17.8035500526928],[102.66781446086873,17.80506584381368],[102.6394806507115,17.83090786370701],[102.59009157286783,17.841094251598463],[102.61329398183187,17.90816713500533],[102.61387175307902,17.938904777233745],[102.60224211608084,17.956090308920693],[102.55444469616583,17.969028428019612],[102.53089828033143,17.9630106532191],[102.45977488999921,17.970989066991876],[102.35150798830307,18.042288964564136],[102.28868858341144,18.058594131913708],[102.18583772103403,18.14738713111126],[102.16356935783966,18.204082051245734],[102.13490655589288,18.215629075621393],[102.1055942968394,18.21318765188869],[102.10201344826208,18.163323475697894],[102.06852187508451,18.14401398905443],[102.05524824590987,18.08620288075838],[102.08362409037954,18.077369413167958],[102.09567425756097,18.085496695316294],[102.11275784569807,18.053472157414205],[102.10446878180892,18.02866057262736],[102.14339468471701,18.03509226759411],[102.14017255861677,18.00672577787242],[102.1557318030803,17.988628704151438],[102.1744741475639,18.019051588160323],[102.18741271542456,18.012417021428462],[102.20495446497665,18.022508431918652],[102.2052932234036,18.007602400130736],[102.2384778237926,18.002764366782174],[102.26376937855406,17.984006258981708],[102.27658144058108,17.98007439241934],[102.28639818912518,17.989993065627516],[102.30861062258225,17.946599489974517],[102.3886154413496,17.895098519780902],[102.40014169858057,17.87455895303333],[102.40053197377165,17.84346056035662],[102.42457201668526,17.82040026855759],[102.4411280813959,17.82006742497174],[102.42860013768626,17.793511126637213],[102.44186931521676,17.78382373657621],[102.43982547276744,17.76838654630211],[102.45004370655187,17.770801521872784],[102.46806368858842,17.75246509898517],[102.53218781911261,17.760206482043543],[102.54045789741411,17.74228173011778],[102.61461186994188,17.686769394192254],[102.59504775015358,17.673062731559867],[102.60227773912641,17.65095621755546],[102.59594184983655,17.621951541930173],[102.64609305724883,17.614292769695624],[102.64965160893468,17.59223218496743],[102.66627139061222,17.59487951387854],[102.6941719874473,17.620355089715645],[102.71452191235642,17.604107267636323],[102.73139781555682,17.603428988157305],[102.74092081134643,17.620419759064703],[102.76436321519031,17.625800054828744],[102.76029125943415,17.64254780643614],[102.77425809773308,17.646830929303974],[102.78362342168361,17.682245501228977],[102.82931138821004,17.693066493923595],[102.83315484242212,17.715102471401963],[102.85043418958622,17.72813554541915],[102.84265524544327,17.74465959876153],[102.85396670859677,17.776375197957066],[102.83855112003823,17.793946376923827],[102.84184222773666,17.80570871338648],[102.82582358529027,17.813380872029654],[102.83876748702994,17.811334766886034],[102.83665586537597,17.822793938289692],[102.85089905274913,17.82692861096666],[102.84395555630397,17.83620500455737],[102.86747410484611,17.844106800588406],[102.86988886278084,17.887726794955654],[102.88310856500834,17.8988686378774],[102.9371694760905,17.884035163392127],[102.94602206686494,17.853527415757696],[102.968662385161,17.82337805875045],[102.98937922267305,17.842578336221266],[103.00473618802471,17.842012009746497],[103.00959073472467,17.870668004724678],[103.03870007344972,17.876976791146035],[103.03750375299586,17.891969075112797],[103.04504794440714,17.89450178183182],[103.05237847218882,17.87905041464495],[103.07795556979374,17.885234916558204],[103.08260746776051,17.87352404200101],[103.09998680244905,17.87003728229479],[103.10077570663361,17.856541018753035],[103.11461974520512,17.860815334560073],[103.11670946117277,17.844599066094077],[103.12856497909058,17.84262301004395],[103.12426826836594,17.83060956757754],[103.13592596421194,17.824640912847883],[103.13289885429873,17.81591433507856],[103.14987895475002,17.803090285088615],[103.16720932495042,17.80855560455757],[103.1755148158561,17.854159604981817],[103.19145181604853,17.871440548442592],[103.2256195400098,17.872655440795995],[103.24051652281935,17.88609939077429],[103.29376401239932,17.828836549667074],[103.31246969781836,17.825622632578472],[103.32999096621018,17.824643800570982],[103.34026516840288,17.851974424180355],[103.36682287957228,17.857804618388457],[103.37443264415128,17.875153260114928],[103.38994902512746,17.870416968868085],[103.39943035892401,17.89469872706468],[103.39534999720468,17.932219111922507],[103.41353383302004,17.932299455555494],[103.40868037000314,17.949804537049772],[103.38888056668486,17.958973324959004],[103.38727887142284,17.980745891909407],[103.40038666561219,17.98209002943139],[103.40600527002726,18.004813329071908],[103.37952662815144,18.02991903713388],[103.35327381863186,18.026754458651396],[103.3500723193821,18.04636172431418],[103.31218526743618,18.057166423091985],[103.29993165562149,18.07976300106168],[103.31371025142704,18.101740281588775],[103.29476075080805,18.103884679034763],[103.29387906536664,18.118927364606236],[103.31638330544524,18.122424049230517],[103.33500812292658,18.13594266182446],[103.33678175237606,18.15123751639834],[103.36704908244923,18.164213774845905],[103.34280494739045,18.175928720633976],[103.33265813236699,18.207894351143466],[103.26194697777089,18.244619988921386],[103.25732938624225,18.261487348562355],[103.29432690885983,18.27171269238687],[103.2949938056197,18.29376300236072]]]}},{"type":"Feature","properties":{"province_code":"44","province_th":"มหาสารคาม","province_en":"Maha Sarakham"},"geometry":{"type":"Polygon","coordinates":[[[103.16084519155243,16.641864543114195],[103.15007068931095,16.641290286417643],[103.15272380625873,16.610081171908632],[103.1208030123492,16.59225530224046],[103.1186451637434,16.56638285558438],[103.08165986920767,16.511267346410932],[103.0403952199635,16.490821481826003],[103.0315709650281,16.500398775982774],[103.01596305375199,16.471513504244854],[102.95234132858951,16.450928927328164],[102.96216425097947,16.42978897677989],[102.97565252944077,16.424850154611022],[102.95791729164972,16.424568893439755],[102.94605284796063,16.408554162144924],[102.95644780841968,16.400380816721338],[102.9496224244354,16.389122543070982],[102.93619080686028,16.38880066132151],[102.93639514991628,16.376476075910205],[102.92073105529403,16.37757634517226],[102.92713243771192,16.366639269786504],[102.90542103994909,16.359504289691245],[102.90862383422262,16.348412755744107],[102.89554130468753,16.34991144805491],[102.89359159697466,16.315542751696682],[102.84771110268531,16.27605245585619],[102.85025220727363,16.222156341941684],[102.84347130555636,16.210454780763598],[102.85841650731601,16.163699913420317],[102.84553187719445,16.145423758599634],[102.85476073801772,16.12812005959313],[102.86835307073767,16.126605903439724],[102.8483370560104,16.071869307422674],[102.86202980523137,16.056984052671964],[102.8595042364314,16.040214301848607],[102.89537116284896,16.05327573508714],[102.88333462399379,16.014530208302517],[102.90557406858846,15.972660791062708],[102.89056542865166,15.937091558228872],[102.90979968610668,15.924704915099824],[102.9060717507108,15.896631173589867],[102.93044822640456,15.8853945394265],[102.91917561126553,15.82224030704458],[102.93186574320953,15.814764384069122],[102.92888214699354,15.798260125704303],[102.93990367141737,15.784370118286404],[102.94377516289353,15.753698577127693],[102.97149415603053,15.756963330193571],[102.98719770840756,15.733390610088634],[103.0059855585867,15.725425937057423],[103.00722760057334,15.689049034785171],[102.97576652930195,15.67098801488504],[102.97456114458123,15.66081166342758],[103.01214973941899,15.628305945063346],[103.02716909657659,15.599788476257231],[103.05295313717761,15.592499969298217],[103.04530772077476,15.573480090433861],[103.0519478803904,15.557383267224054],[103.08742377798501,15.538490005709264],[103.07256328067092,15.497804736599392],[103.1119826209013,15.480814866812693],[103.21495746111799,15.461455764571951],[103.22406429922808,15.44900626962368],[103.25066714377374,15.448332744860352],[103.26975128009758,15.423185999834061],[103.34150142864809,15.405516981823325],[103.39450093287184,15.431067170813321],[103.39156521925952,15.450162323832217],[103.41346203744314,15.492761661421582],[103.41612058179948,15.535139004961138],[103.38397537106658,15.538514824299739],[103.36060035162501,15.526060299443316],[103.35449802616301,15.541104049812077],[103.3030500053535,15.561961556580627],[103.29397806183812,15.593355099558266],[103.27381479391767,15.602051259558039],[103.29089179901734,15.617468438117953],[103.30147982503394,15.648626195042937],[103.27193957525128,15.649419582347889],[103.27401403242175,15.662811420210915],[103.29947897107769,15.684571796851003],[103.29131557935057,15.693012867749701],[103.3012038302926,15.694257862210634],[103.29998363283846,15.70639193793761],[103.31763696037746,15.71001588922195],[103.32601387813804,15.694700925807126],[103.34815169034829,15.726307626096116],[103.39789105143092,15.70797577985843],[103.41884559324961,15.719943465718416],[103.41980511321549,15.73906946368487],[103.40059268320584,15.759597678290277],[103.4258513641492,15.773481426426713],[103.4398320133368,15.799238273327717],[103.43422716944838,15.809113134263782],[103.44365615640658,15.867017405129218],[103.45786434126637,15.907354838954689],[103.48204377909718,15.92964862958064],[103.4598356443995,15.998254749157411],[103.47016764242284,16.046389159432238],[103.45274793087236,16.08097975541142],[103.45483454597758,16.116818158031606],[103.48107893604413,16.14691319868524],[103.49359295285257,16.199751781819316],[103.47970046060783,16.208187239149822],[103.45228186981251,16.181997558440628],[103.44805567942615,16.19196102328266],[103.45555544522767,16.191667874872564],[103.44413406243712,16.198213747766317],[103.45041370273026,16.204604855429807],[103.44012040882984,16.206041885724517],[103.4464396948361,16.22814150732478],[103.43841975936448,16.219832704216003],[103.40471675557387,16.256168897776433],[103.41210346939965,16.282909549036503],[103.39482042871987,16.297581524168038],[103.35230389890586,16.307684903735378],[103.344215939614,16.359123789231546],[103.30010462312993,16.369726458908985],[103.29203124814364,16.392734676364284],[103.26183850064632,16.377448164801024],[103.17495289156278,16.363354895312227],[103.16311559480891,16.39132754043368],[103.18334445388348,16.448709425699462],[103.16614546294284,16.466703741084814],[103.15918509341736,16.491110153410887],[103.18702765430288,16.553041295219657],[103.16774129102782,16.606843046869187],[103.19545465440882,16.629733201326246],[103.18937932389673,16.642064053213517],[103.16084519155243,16.641864543114195]]]}},{"type":"Feature","properties":{"province_code":"45","province_th":"ร้อยเอ็ด","province_en":"Roi Et"},"geometry":{"type":"Polygon","coordinates":[[[104.3143956416456,16.437535355572265],[104.29144106695173,16.473013375566893],[104.28607082021222,16.451921931751826],[104.26631340463996,16.436815663212315],[104.24562964329346,16.436907362584748],[104.23758873113508,16.427759450638177],[104.22162610386164,16.436924476683316],[104.19018192635485,16.429793759374547],[104.1715925439608,16.445633270359167],[104.14680959268861,16.438144144436762],[104.13579911823479,16.424124661623864],[104.07151611977315,16.410143241717265],[104.04614136243401,16.38809219340004],[104.0299695591479,16.44426706077627],[103.99366238670984,16.444537075925382],[103.97400428956638,16.431578562900427],[103.94266673388273,16.44321978496515],[103.92900222697125,16.43440697839941],[103.91444304211274,16.438979843944708],[103.91002155225289,16.453581409354626],[103.89993218592173,16.44711277023822],[103.8664012710019,16.470579969290213],[103.84534031780146,16.462147378099075],[103.81915050758994,16.469148679368118],[103.76869651103522,16.425030224964985],[103.72791191810057,16.406776161990308],[103.69916765736156,16.37536373684702],[103.72378568466166,16.351578758752737],[103.72346504937258,16.32920891785733],[103.75627750490298,16.301247014238356],[103.75495272259013,16.269593354050073],[103.7336726999352,16.24832373834988],[103.73405445315058,16.22336035429697],[103.69064225433664,16.225591124430878],[103.69715176404276,16.216878596769902],[103.68518551080274,16.211001223227925],[103.68543401956441,16.217874427762695],[103.67418338025885,16.21179967731331],[103.66532652040263,16.22159109195536],[103.66309623860059,16.209359739260606],[103.67569390584913,16.201331277316626],[103.66110371776244,16.192579575187267],[103.65274860136691,16.2037054299617],[103.65069359113636,16.188689866144443],[103.6364131160725,16.18672264323544],[103.61195585697726,16.21874402811443],[103.60035350541,16.213216194971494],[103.61294151663776,16.215195867195575],[103.61932285406652,16.203437249429555],[103.59930810198739,16.192629944416467],[103.5965411281706,16.2023641657737],[103.58858004883024,16.194430944732346],[103.55068238038763,16.20389811510597],[103.56050483243212,16.218656947660065],[103.53803777932012,16.211564613416215],[103.54058867033092,16.222510819618662],[103.52078142242476,16.195532014391006],[103.49559413326273,16.20790155241474],[103.48107893604413,16.14691319868524],[103.45483454597758,16.116818158031606],[103.45274793087236,16.08097975541142],[103.47016764242284,16.046389159432238],[103.4598356443995,15.998254749157411],[103.48204377909718,15.92964862958064],[103.45786434126637,15.907354838954689],[103.44365615640658,15.867017405129218],[103.43422716944838,15.809113134263782],[103.4398320133368,15.799238273327717],[103.4258513641492,15.773481426426713],[103.40059268320584,15.759597678290277],[103.41980511321549,15.73906946368487],[103.41884559324961,15.719943465718416],[103.39789105143092,15.70797577985843],[103.34815169034829,15.726307626096116],[103.32519616327238,15.694387955439822],[103.31763696037746,15.71001588922195],[103.29998363283846,15.70639193793761],[103.3012038302926,15.694257862210634],[103.29131557935057,15.693012867749701],[103.29947897107769,15.684571796851003],[103.27737268100446,15.667525848039531],[103.27154990530397,15.649936284232183],[103.30147982503394,15.648626195042937],[103.29089179901734,15.617468438117953],[103.27381479391767,15.602051259558039],[103.29397806183812,15.593355099558266],[103.3030500053535,15.561961556580627],[103.35449802616301,15.541104049812077],[103.36060035162501,15.526060299443316],[103.38397537106658,15.538514824299739],[103.41602565476023,15.535403548634918],[103.41346203744314,15.492761661421582],[103.39156521925952,15.450162323832217],[103.39473186888068,15.431553392874832],[103.44854724256123,15.455529274556397],[103.48460968339026,15.450297258112016],[103.49199999720219,15.438036533559227],[103.5322768625872,15.426370226704648],[103.56563751425995,15.462228900943046],[103.61161462901197,15.468553857174811],[103.67130765772231,15.444637407190612],[103.70851840869767,15.447488664570244],[103.72425089586221,15.438094932834929],[103.74441253780844,15.447527451430801],[103.77713675275902,15.43529665541638],[103.82745315843658,15.45200766342299],[103.83215689422536,15.461273000748463],[103.84575694942373,15.456269436385412],[103.8520375681793,15.466290411972977],[103.85892199085725,15.449175890754816],[103.87757031391891,15.468885098168812],[103.88571236203592,15.454391092574895],[103.889795373158,15.469858650256526],[103.89813055068441,15.442439752792382],[103.92918586133851,15.432711218747784],[103.94474631359157,15.439236280430066],[103.94775437586384,15.414714507568533],[103.97367176434051,15.426319745959574],[103.97059868018499,15.408837624157059],[103.98324981302852,15.405154121565488],[103.99657883504528,15.450461197326433],[104.03117568041336,15.48950702033278],[104.06155269629994,15.500315350573032],[104.05527676571023,15.515278218614924],[104.06712083975503,15.527729942982546],[104.07378209296928,15.523090550988172],[104.07833980313944,15.545213754611154],[104.10455127262321,15.547986886085994],[104.09878959686245,15.567167647369104],[104.11780284502532,15.561148489411323],[104.1219591823704,15.578094626066218],[104.15986114777382,15.602278645942818],[104.2092509450751,15.609281410408812],[104.20981959989467,15.618706670576444],[104.18552550659689,15.609578400722683],[104.19012990417178,15.632764049921036],[104.16941582757846,15.633390625576965],[104.17765596295237,15.640332073366551],[104.1714368065634,15.659828459815628],[104.18300779157636,15.657135383291347],[104.18677639071791,15.66543099694303],[104.17444989694525,15.664406917345389],[104.17530834390499,15.672858450956824],[104.1519620290245,15.690970894990869],[104.14180029424824,15.7062699655865],[104.14718213774552,15.713711913973725],[104.1280682275667,15.696975786103678],[104.11808011500534,15.703510518195912],[104.1300668925731,15.706070116442788],[104.1275909141894,15.723648696829969],[104.14125907774428,15.729718546873471],[104.13173328416377,15.743381124739187],[104.14061783234712,15.754174632353454],[104.13181803627344,15.7550189032998],[104.1271011712821,15.769568694739519],[104.13791146474239,15.784050420090864],[104.13385932824548,15.799157328947615],[104.11171211811984,15.806047251879193],[104.07501770480332,15.839480579565134],[104.06941878295055,15.827905824594154],[104.07905039256161,15.82180876286418],[104.06826748885356,15.814183627972113],[104.03547847774962,15.796573306912649],[103.99979568662172,15.796611139592471],[103.99727586718757,15.81480754343346],[104.01369209721258,15.81814634128068],[104.01247504468762,15.844411625296345],[104.02105073780137,15.839892531115481],[104.02757595686495,15.851803583068943],[104.01915989431376,15.866675078192372],[104.03656767096129,15.868413804053887],[104.02303588240011,15.871207523708279],[104.03228383313245,15.875034057176038],[104.01533846989452,15.886155918960526],[104.0141482594347,15.911420950916181],[104.0228907246273,15.91198659300693],[104.03598147936185,15.940434007323631],[104.02685897865899,15.960770157316972],[104.01573270659918,15.94933124584037],[104.01136960612246,15.958680491711391],[104.02830313608092,15.984202042690185],[104.06159933783925,15.988290345423138],[104.09229626775863,15.976987174918236],[104.10264492842077,15.98398588074383],[104.10140223082834,16.005626186199606],[104.11441710436594,16.03573724917476],[104.09578305714246,16.073815315324566],[104.10892771544178,16.107103630028575],[104.11514525125239,16.114653240754535],[104.14027292255741,16.111392193794757],[104.1661667775748,16.14273785866527],[104.18913944213159,16.14690416589457],[104.20492178141512,16.163211840554027],[104.21704149766703,16.157971098887174],[104.243788585375,16.190691076232213],[104.2507313146985,16.218573682129772],[104.27645349723116,16.224917480057684],[104.29794507640423,16.2401729290375],[104.29692314438768,16.2526389571222],[104.33348181943046,16.27410750285901],[104.35212776198671,16.32397886013632],[104.32223266670428,16.33263387075658],[104.33031401597913,16.342795267387714],[104.31571968111842,16.39235421727335],[104.3143956416456,16.437535355572265]]]}},{"type":"Feature","properties":{"province_code":"46","province_th":"กาฬสินธุ์","province_en":"Kalasin"},"geometry":{"type":"Polygon","coordinates":[[[103.5893288810231,17.09720559426279],[103.57879583775775,17.102008438039036],[103.57373240192885,17.09164024859865],[103.54789558281493,17.088779306419895],[103.53635440673054,17.065696756400257],[103.50665048303341,17.044312845861214],[103.51781358143171,17.03432141210351],[103.51964478188125,16.998955499796523],[103.49358665579956,16.96990762613609],[103.48623166196171,16.940070889659864],[103.4913598813535,16.90428220156241],[103.45507697532219,16.86632581818202],[103.44215564656588,16.846977845950903],[103.4485789328715,16.833022332814437],[103.42116320911487,16.801578353158504],[103.41000193634034,16.80938947144699],[103.42341607918877,16.823453973422204],[103.40000339613988,16.853233583163387],[103.41144846257657,16.863321213803033],[103.40405131301776,16.88196942085216],[103.35104315192001,16.921339757024214],[103.28743679077536,16.926526471019884],[103.2533916686906,16.961576931730065],[103.23060795799091,16.958610615987197],[103.220454484387,16.967947429630215],[103.18576213641353,16.94813626697521],[103.17593906383678,16.956148667027435],[103.15984436932223,16.946611402594215],[103.11371178517084,16.958750475853833],[103.09735894655819,16.924739608046536],[103.0983874229413,16.91297901536933],[103.12393863356112,16.89373282301142],[103.10202939933737,16.840196622276324],[103.10596122722893,16.82690263964514],[103.12305083362912,16.818112007663046],[103.1378236821173,16.83091513672423],[103.13693490821947,16.87056799761507],[103.17422275537592,16.863420609573495],[103.17062328363767,16.8487090426882],[103.18425004870085,16.821447622809615],[103.1812207750188,16.787798694354308],[103.1699677624024,16.768723982026188],[103.1518461515787,16.76222711768736],[103.14650735233249,16.746152680401906],[103.15876348944352,16.732876526830296],[103.14575647687997,16.701247302121374],[103.15892716335799,16.673969760995703],[103.1520108363311,16.643857170971728],[103.18937932389673,16.642064053213517],[103.19543891897098,16.63000410410615],[103.16774129102782,16.606843046869187],[103.18702765430288,16.553041295219657],[103.15918509341736,16.491110153410887],[103.16614546294284,16.466703741084814],[103.18334445388348,16.448709425699462],[103.16311559480891,16.39132754043368],[103.17495289156278,16.363354895312227],[103.26183850064632,16.377448164801024],[103.29203124814364,16.392734676364284],[103.30010462312993,16.369726458908985],[103.34309108288721,16.36061754516362],[103.35161247673449,16.308537290163883],[103.39482042871987,16.297581524168038],[103.41210346939965,16.282909549036503],[103.40471675557387,16.256168897776433],[103.43841975936448,16.219832704216003],[103.4464396948361,16.22814150732478],[103.44012040882984,16.206041885724517],[103.45041370273026,16.204604855429807],[103.44413406243712,16.198213747766317],[103.45555544522767,16.191667874872564],[103.44805567942615,16.19196102328266],[103.45228186981251,16.181997558440628],[103.47970046060783,16.208187239149822],[103.49241900303463,16.202432073581406],[103.50368484358074,16.20906993003331],[103.50165188922335,16.200281377283773],[103.52078142242476,16.195532014391006],[103.54022470480635,16.222535526693264],[103.53803777932012,16.211564613416215],[103.56050483243212,16.218656947660065],[103.55068238038763,16.20389811510597],[103.58858004883024,16.194430944732346],[103.5965411281706,16.2023641657737],[103.59930810198739,16.192629944416467],[103.61973950367519,16.204811457582764],[103.60045351092083,16.215284775072348],[103.61667189998826,16.217797819913528],[103.6364131160725,16.18672264323544],[103.65069359113636,16.188689866144443],[103.65274860136691,16.2037054299617],[103.66110371776244,16.192579575187267],[103.67569390584913,16.201331277316626],[103.66309623860059,16.209359739260606],[103.66532652040263,16.22159109195536],[103.67418338025885,16.21179967731331],[103.68543401956441,16.217874427762695],[103.68518551080274,16.211001223227925],[103.69715176404276,16.216878596769902],[103.69064225433664,16.225591124430878],[103.73405445315058,16.22336035429697],[103.7336726999352,16.24832373834988],[103.75495272259013,16.269593354050073],[103.75627750490298,16.301247014238356],[103.72346504937258,16.32920891785733],[103.72378568466166,16.351578758752737],[103.69916765736156,16.37536373684702],[103.72791191810057,16.406776161990308],[103.76869651103522,16.425030224964985],[103.81670496136496,16.468240102398852],[103.84534031780146,16.462147378099075],[103.8664012710019,16.470579969290213],[103.89993218592173,16.44711277023822],[103.91002155225289,16.453581409354626],[103.91444304211274,16.438979843944708],[103.92900222697125,16.43440697839941],[103.94266673388273,16.44321978496515],[103.97400428956638,16.431578562900427],[103.99366238670984,16.444537075925382],[104.0299695591479,16.44426706077627],[104.04614136243401,16.38809219340004],[104.07151611977315,16.410143241717265],[104.13579911823479,16.424124661623864],[104.14680959268861,16.438144144436762],[104.1715925439608,16.445633270359167],[104.19018192635485,16.429793759374547],[104.22162610386164,16.436924476683316],[104.23794003240664,16.427843557933898],[104.23887466543351,16.455493760129002],[104.22633318962505,16.47535120999038],[104.23887851992782,16.49365890943119],[104.23892598884339,16.523249446604723],[104.22243652522553,16.53099580381337],[104.22574116412346,16.551034587576225],[104.20649466060019,16.56459432976453],[104.2066457179256,16.58241671366045],[104.17882761859977,16.596733295605134],[104.17496231985524,16.609274971063087],[104.17691878417463,16.635939673677058],[104.19915612615438,16.660643098799994],[104.16284184277686,16.678496813277377],[104.17053999632384,16.697106475383578],[104.15220897296581,16.700628627908884],[104.15098434994786,16.71594550238308],[104.13119405965818,16.738269905032155],[104.13668291978098,16.756769980250454],[104.11669032339978,16.761108530134607],[104.09304839956405,16.793646443328726],[104.09263904435647,16.809883311665544],[104.07932328014533,16.81179354273786],[104.06566494618039,16.836660273053212],[104.04699660510931,16.847988628172686],[104.03986328965914,16.84040858798602],[104.02299315740834,16.85748363256363],[103.99660005364962,16.83645837165659],[103.98093298586866,16.836393219371644],[103.96904651058804,16.810612802139133],[103.95721102327019,16.82184457007088],[103.95313223356578,16.779125218853835],[103.93801939997542,16.772797755312183],[103.9205353230468,16.796262447953666],[103.84500285619691,16.840143180063762],[103.83523699489149,16.86839345309545],[103.82575507383763,16.866922911363304],[103.80787594541863,16.88509224291272],[103.78770469691432,16.885802565236247],[103.77748057976498,16.939003623718293],[103.78285002340994,16.95875659484102],[103.74246743732243,16.972218925163304],[103.73977886820029,16.98961788755554],[103.72297913397989,16.98068669693356],[103.73032789012007,17.001472879369942],[103.72370511080226,17.014693013271994],[103.69457286814338,17.035080553224986],[103.67854340505414,17.031748209812065],[103.67203758796438,17.01984742541839],[103.64762924659254,17.02265178405264],[103.65229503009164,17.04676292826656],[103.63773577508601,17.070947565078143],[103.62000979041954,17.092365711008824],[103.5893288810231,17.09720559426279]]]}},{"type":"Feature","properties":{"province_code":"47","province_th":"สกลนคร","province_en":"Sakon Nakhon"},"geometry":{"type":"Polygon","coordinates":[[[103.54036757380453,18.068290426162264],[103.54685216599472,18.07828222414537],[103.54041427829634,18.08920762543164],[103.53631231396218,18.068251803877672],[103.51463786214771,18.07430880081057],[103.50399809183853,18.058611461849523],[103.49297694782791,18.06013193034437],[103.49441417957081,18.016678995839015],[103.5039179820293,18.001904304639993],[103.49731130507274,17.989696576236042],[103.47171680828416,18.005117054408572],[103.46450858740144,17.98909876179846],[103.44859817836328,17.994288478630438],[103.43906849611426,17.983781602938677],[103.45189110898752,17.977527200320083],[103.44629720984841,17.966840998913028],[103.40744098281516,17.993280120081522],[103.38727887142284,17.980745891909407],[103.38943042297569,17.95715857940496],[103.41079286399952,17.946753299225406],[103.40490184144687,17.94278000539299],[103.41310182568878,17.93132024583275],[103.39446453461062,17.929337368424854],[103.3982249589148,17.906300483280745],[103.4132743273484,17.90072264513401],[103.41788910939493,17.882365458698985],[103.40604868569835,17.87800045975348],[103.40706227290565,17.858365635265898],[103.39461338769775,17.854739209047295],[103.39875030058596,17.84545858324708],[103.42269498388646,17.84134815359448],[103.4132371295899,17.833934264954394],[103.40209733442452,17.842754535893164],[103.39992051192218,17.830791882639346],[103.3973885471438,17.842681635049473],[103.38110451206364,17.840002844255935],[103.39046089585372,17.829436132171793],[103.37562601123147,17.81370529706186],[103.38234379133297,17.809058348963674],[103.37659130394559,17.792597878589277],[103.36727587438213,17.789759611017303],[103.38398099902395,17.752985251568134],[103.40035054973816,17.758341500360018],[103.41067005797686,17.729386759591307],[103.40083187589045,17.718474138570684],[103.40717586087732,17.66854869876346],[103.39739238185302,17.61714589406779],[103.4108564919336,17.59515960233381],[103.37632852564099,17.592810376197974],[103.37480310817693,17.579257277301565],[103.36090537828062,17.59122780142195],[103.35051142955888,17.587295640781235],[103.33674568506535,17.576263326291553],[103.33052512123743,17.55048376611296],[103.3218790139054,17.55352713397008],[103.31665733876525,17.523290136230855],[103.28808083216472,17.499976723047382],[103.28893717830817,17.4679399939356],[103.27377441435777,17.440667256089057],[103.30200599677937,17.391354626015243],[103.25115471841559,17.312801224896646],[103.27328150943418,17.27281083405279],[103.3514672685996,17.255358858424643],[103.36122292799581,17.236544110422415],[103.37797857205351,17.236404007738827],[103.41694175006177,17.212986235426456],[103.42733341090826,17.220907515269687],[103.45128936900926,17.213007552056922],[103.47024583307882,17.22998102990067],[103.47414909040828,17.21770380998288],[103.56921688974774,17.15656079894177],[103.59870321258325,17.169776120571555],[103.62128146956422,17.14828722407617],[103.63801130757582,17.11240616841002],[103.65466042333992,17.115549181149845],[103.66705166919922,17.105781144384366],[103.65477250494723,17.076314769411113],[103.66518475757056,17.0541212316096],[103.6611544584116,17.02067734138626],[103.69457286814338,17.035080553224986],[103.72370511080226,17.014693013271994],[103.73032789012007,17.001472879369942],[103.72297913397989,16.98068669693356],[103.73977886820029,16.98961788755554],[103.74246743732243,16.972218925163304],[103.78285002340994,16.95875659484102],[103.77748057976498,16.939003623718293],[103.78770469691432,16.885802565236247],[103.80787594541863,16.88509224291272],[103.82575507383763,16.866922911363304],[103.83523699489149,16.86839345309545],[103.84500285619691,16.840143180063762],[103.9205353230468,16.796262447953666],[103.93882815039888,16.772443772262307],[103.95313223356578,16.779125218853835],[103.95721102327019,16.82184457007088],[103.96904651058804,16.810612802139133],[103.98093298586866,16.836393219371644],[103.99737247595908,16.836855163335144],[104.01979035683956,16.856480930750422],[104.03005918558301,16.856270496586205],[104.04015454769427,16.84026682875117],[104.04699660510931,16.847988628172686],[104.06566494618039,16.836660273053212],[104.07073418443514,16.82206061600465],[104.1087124492202,16.84080797330938],[104.12472029170817,16.861861832657496],[104.12581871196403,16.887409846187495],[104.17797287684687,16.888443854300476],[104.20851991316351,16.87303335770332],[104.21754506944944,16.89063840783632],[104.24320346576741,16.893479906672383],[104.26877092803596,16.92217777228643],[104.30201027555381,16.92785868083348],[104.31755018729137,16.97795796498815],[104.35128919903735,16.984691039859626],[104.35647472862587,17.005845854402708],[104.39824117798804,17.02560733940726],[104.39483196772119,17.03731037997011],[104.38406728157986,17.036800128023515],[104.3846966694158,17.04597657455929],[104.35191647526517,17.0665315592841],[104.36187134168915,17.0724448823255],[104.36609312180019,17.10483351165726],[104.3784690207288,17.106150256728995],[104.40090916432655,17.136021241187393],[104.389421618413,17.146054175060158],[104.39191505263761,17.180065768620352],[104.43531436686459,17.24025633736011],[104.40571444796348,17.278909067599443],[104.40260841894343,17.299106783151558],[104.42305949509966,17.334440945793062],[104.40648457340438,17.37967430502522],[104.41684687858066,17.421440537650767],[104.4096868271854,17.428832418981017],[104.28765454432181,17.432396267673653],[104.22814927426964,17.41361492678749],[104.17253441832878,17.429503513776183],[104.17635802720127,17.414367235759357],[104.14433966404431,17.41006957355205],[104.15325960684544,17.39497044293165],[104.14044979492218,17.39623068989448],[104.13969533387262,17.38456470139988],[104.12828947697784,17.38061360913082],[104.12595970317784,17.3989946222041],[104.1087735113885,17.39150526155862],[104.10954485900811,17.40187345999226],[104.0958418880927,17.40348727541749],[104.09566692858596,17.376202524427015],[104.0771115441625,17.3936879620299],[104.07244719238406,17.377236963315227],[104.0375981744163,17.420010710026304],[104.0085204261768,17.485873843403226],[104.02032939068891,17.488821698762422],[104.03172404113167,17.512593873208743],[104.03470114424249,17.563387305379877],[104.05038353916905,17.572349483042274],[104.05363340665645,17.58555793205295],[104.03134494631229,17.61753745708802],[104.03620703922354,17.63507960234182],[104.02829034682213,17.63892906222651],[104.06698703502371,17.645391824273304],[104.0718167316569,17.667778584114387],[104.08308726936207,17.671819815432173],[104.08237796237313,17.682318250986555],[104.0704030360713,17.680160936578034],[104.0667943768591,17.691064388111045],[104.07825312558134,17.69714201998829],[104.05940772058989,17.72637617741873],[104.06837326801195,17.724079966317447],[104.06484722232153,17.746380772554687],[104.04977790512629,17.739178095093052],[104.05808542670115,17.757792352734953],[104.03781861263894,17.769643687006578],[104.02405693667833,17.758380092067625],[104.00969954709649,17.793353619374102],[104.02131093595102,17.79729698826543],[104.01511609992815,17.810797473224852],[104.00046294041243,17.807226983038902],[104.00034880205561,17.788755726595582],[103.98679247279443,17.789188562202412],[103.9793576704202,17.771044705748636],[103.97324796332293,17.785354576052896],[103.95839244105838,17.775529385572725],[103.94194590208178,17.785500697898954],[103.93496649660659,17.807013029827488],[103.91780351991656,17.82016627485376],[103.92250638156429,17.855900648396243],[103.90076942866625,17.848396541567183],[103.9059618407664,17.88061734841193],[103.87527299395356,17.875741010239494],[103.8664247460053,17.863980390582583],[103.8634512266928,17.881608239428772],[103.8353909534298,17.870349686988504],[103.79621301821629,17.877253462177578],[103.8110833487176,17.858684308234274],[103.79467383842695,17.84223476911933],[103.76430866391377,17.884950300016385],[103.78697597626035,17.891101981171516],[103.77489592640592,17.90853483631372],[103.78259277593594,17.931713468102146],[103.75687128408254,17.922108521591042],[103.76558387469612,17.955665102262685],[103.74617075467665,17.911446976896514],[103.72103968933027,17.927430674386187],[103.71539664583861,17.942998916566808],[103.70471679724244,17.938992560058637],[103.68430840380984,17.95589679640011],[103.66208332678417,17.950440001604818],[103.66270278970205,17.973946267206543],[103.65231283756748,17.962981725626207],[103.6393442782159,17.96374293968495],[103.63830603339676,17.97653637675245],[103.62505876065336,17.968545169224228],[103.6213002447106,18.002932038183076],[103.6404696700393,18.013689770766348],[103.61169711123273,18.013628692410293],[103.59439584219444,18.05052228307693],[103.58090163000628,18.038940418065863],[103.55941944065472,18.062398236289596],[103.54036757380453,18.068290426162264]]]}},{"type":"Feature","properties":{"province_code":"48","province_th":"นครพนม","province_en":"Nakhon Phanom"},"geometry":{"type":"Polygon","coordinates":[[[104.15743085944666,18.02115959364039],[104.11278521436623,18.004380163413884],[104.11765498299116,17.96710747702849],[104.134362889236,17.953665962414277],[104.12297222458858,17.92341937340541],[104.07226296086702,17.878765107423817],[104.06168713055666,17.904221973765118],[104.03151880414953,17.910029334186447],[104.01336673688547,17.89311879989276],[104.00227035829045,17.89693812439498],[103.98403782058904,17.872678174757993],[103.98186502435146,17.857697486649727],[104.00176188790084,17.849659869607365],[103.99834089741455,17.84144492064661],[104.0125333891047,17.830163341964692],[104.00943484963864,17.81818290641604],[104.02151265478523,17.79906122789339],[104.00969954709649,17.793353619374102],[104.02296131241468,17.760141622937624],[104.0383710769637,17.76962156188563],[104.05808542670115,17.757792352734953],[104.04988308623552,17.73884313270446],[104.0647114642627,17.74664107142837],[104.06837326801195,17.724079966317447],[104.05959420760666,17.725694479616607],[104.07825312558134,17.69714201998829],[104.0667943768591,17.691064388111045],[104.0704030360713,17.680160936578034],[104.08258739379323,17.681578529825345],[104.06698703502371,17.645391824273304],[104.02829034682213,17.63892906222651],[104.03620703922354,17.63507960234182],[104.03134494631229,17.61753745708802],[104.05363340665645,17.58555793205295],[104.05038353916905,17.572349483042274],[104.03470114424249,17.563387305379877],[104.03172404113167,17.512593873208743],[104.02032939068891,17.488821698762422],[104.00853940007329,17.486287291425413],[104.01536241074672,17.46074654891413],[104.057075520419,17.390177085204357],[104.07429388725313,17.37684250178006],[104.0803592182034,17.392826895344967],[104.09065379273841,17.375239342421764],[104.10160916483113,17.38955422734574],[104.09153182783166,17.389419080825974],[104.0908025972621,17.402138651177836],[104.10874318355116,17.402381681269617],[104.1087735113885,17.39150526155862],[104.12595970317784,17.3989946222041],[104.13123364331807,17.38026864987836],[104.14099710073566,17.396633230039583],[104.15307842942605,17.394553960596852],[104.14480861912256,17.410436954701765],[104.17635802720127,17.414367235759357],[104.17220460365957,17.429455793050465],[104.1846925895914,17.42255294955902],[104.19881992360064,17.4281971648673],[104.20749441893236,17.41564772286415],[104.22814927426964,17.41361492678749],[104.28706582832535,17.432359015955853],[104.41045170058555,17.428623029828998],[104.41691306868324,17.41740655037205],[104.40655986464611,17.378660963332834],[104.42339843159243,17.339448334972758],[104.40260841894343,17.299106783151558],[104.40571444796348,17.278909067599443],[104.43531436686459,17.24025633736011],[104.39191505263761,17.180065768620352],[104.389421618413,17.146054175060158],[104.40090916432655,17.136021241187393],[104.3784690207288,17.106150256728995],[104.36609312180019,17.10483351165726],[104.36187134168915,17.0724448823255],[104.35205485664636,17.067482609434933],[104.3846966694158,17.04597657455929],[104.38406728157986,17.036800128023515],[104.39483196772119,17.03731037997011],[104.39729452732064,17.021991992836263],[104.35647472862587,17.005845854402708],[104.35128919903735,16.984691039859626],[104.31755018729137,16.97795796498815],[104.3031793033822,16.928980644441253],[104.26877092803596,16.92217777228643],[104.24579723105745,16.901906717920724],[104.24841161060738,16.872124483058485],[104.28705905373238,16.857110831199975],[104.29593659170041,16.83801637785359],[104.32323727328162,16.875832965219217],[104.35706372161354,16.880657187679105],[104.35813473143276,16.86969618133378],[104.38101403467005,16.86545337597255],[104.40143602944926,16.83806893693196],[104.40878917428103,16.840728639615065],[104.39815983340964,16.864879916075324],[104.40430819966372,16.87687204640787],[104.40877519072251,16.861177148206878],[104.41391804028541,16.86899671112934],[104.4196484079477,16.858008013758877],[104.43893260115868,16.87175606409113],[104.42849389767531,16.862167165981987],[104.43844594022801,16.861635232280207],[104.43241042630018,16.84764409070226],[104.43988381408678,16.843093449203366],[104.44871321044639,16.856493832424462],[104.44524903361605,16.833995357000163],[104.45274725528168,16.827720569448786],[104.45567140720976,16.86009038496337],[104.46811459341382,16.84010862271481],[104.47897289178559,16.841742821274238],[104.46775902036256,16.866010518570647],[104.49779236842312,16.850411294745527],[104.55166172570813,16.868362115319428],[104.62747297969429,16.862637338742218],[104.63720546266205,16.82412631287906],[104.66700536380654,16.787268592571536],[104.67344157786658,16.794933224788565],[104.69880048015807,16.791814490146635],[104.69365833836167,16.81524860224124],[104.70109453828235,16.827119571411117],[104.71250132057952,16.828470539284012],[104.72138405662895,16.808812027553074],[104.73718393179308,16.804685404707698],[104.75945683026856,16.861940717590073],[104.73659622213802,16.914905307434026],[104.7294756446853,17.00818290371808],[104.80099869283549,17.16290011015201],[104.80664967014621,17.24132950825026],[104.79928345366852,17.39568457388401],[104.7015665654447,17.52582719656789],[104.46033322739657,17.662553619254197],[104.39438982772845,17.75097085831851],[104.35453323981721,17.823371326425615],[104.27557895960138,17.862740483586492],[104.21003692826167,18.00360599641965],[104.19033172283082,18.023446039902865],[104.17441054261252,18.0152516242631],[104.17174472364013,18.002967604571325],[104.15743085944666,18.02115959364039]]]}},{"type":"Feature","properties":{"province_code":"49","province_th":"มุกดาหาร","province_en":"Mukdahan"},"geometry":{"type":"Polygon","coordinates":[[[104.24101824359713,16.89331529836238],[104.21882647026547,16.891682168197576],[104.20851991316351,16.87303335770332],[104.17797287684687,16.888443854300476],[104.12581871196403,16.887409846187495],[104.12472029170817,16.861861832657496],[104.1087124492202,16.84080797330938],[104.07073418443514,16.82206061600465],[104.09263904435647,16.809883311665544],[104.09304839956405,16.793646443328726],[104.11808432832913,16.759638513606546],[104.13668291978098,16.756769980250454],[104.13079980766503,16.739758396333002],[104.15098434994786,16.71594550238308],[104.15045836076479,16.703513038795734],[104.17067882736603,16.696773608415356],[104.16284184277686,16.678496813277377],[104.19915612615438,16.660643098799994],[104.17691878417463,16.635939673677058],[104.17496231985524,16.609274971063087],[104.17882761859977,16.596733295605134],[104.2066457179256,16.58241671366045],[104.20649466060019,16.56459432976453],[104.22574116412346,16.551034587576225],[104.22243652522553,16.53099580381337],[104.23892598884339,16.523249446604723],[104.23887851992782,16.49365890943119],[104.22633318962505,16.47535120999038],[104.23887466543351,16.455493760129002],[104.2380110689557,16.428367068585374],[104.28526892442136,16.451007670167883],[104.29144106695173,16.473013375566893],[104.31135285834779,16.452973380417234],[104.33031401597913,16.342795267387714],[104.32365654441406,16.33049243387876],[104.35153024162742,16.32541149274624],[104.39350889861686,16.347248502416505],[104.49886446282477,16.340854084348564],[104.51100942574448,16.316459654589437],[104.55075353544737,16.311992866777416],[104.56542847744237,16.274998625785997],[104.5597868180073,16.26192346709439],[104.57380875686869,16.25976045637998],[104.58422699717823,16.238134249595987],[104.59944200634357,16.240277619116853],[104.61585542059123,16.21492757424818],[104.64337416258758,16.21531775770842],[104.66641182834326,16.243568465112617],[104.7034405106711,16.20747832516463],[104.78944931583334,16.19997769061797],[104.8128563862133,16.186314773707863],[104.8267197826919,16.204684056024405],[104.85421129141804,16.20143331979193],[104.87949442133055,16.211196403990925],[104.88485838630555,16.23514202978089],[104.91247935423888,16.255465905826952],[104.94692192360793,16.261559434120613],[104.96030000634028,16.27356998077005],[104.95829701199756,16.28341499500607],[104.97993258342206,16.27830652292772],[104.95766977803788,16.292424762992482],[104.92867882786567,16.333333878755525],[104.89246521639666,16.34548456226281],[104.84679619858576,16.450537381395065],[104.7695817216192,16.498078860551004],[104.74053041524655,16.534683250831392],[104.7334422385685,16.569253403421897],[104.76400415057117,16.700226580592243],[104.73718393179308,16.804685404707698],[104.72138405662895,16.808812027553074],[104.71250132057952,16.828470539284012],[104.69414201174453,16.81657426768834],[104.69880048015807,16.791814490146635],[104.67344157786658,16.794933224788565],[104.66760367916652,16.787039385059643],[104.63720546266205,16.82412631287906],[104.62854851760005,16.862410789626267],[104.55166172570813,16.868362115319428],[104.49779236842312,16.850411294745527],[104.46775902036256,16.866010518570647],[104.47897289178559,16.841742821274238],[104.46811459341382,16.84010862271481],[104.45567140720976,16.86009038496337],[104.45274725528168,16.827720569448786],[104.44524903361605,16.833995357000163],[104.44871321044639,16.856493832424462],[104.43988381408678,16.843093449203366],[104.43241042630018,16.84764409070226],[104.43844594022801,16.861635232280207],[104.42849389767531,16.862167165981987],[104.43930926061392,16.87161039460409],[104.4196484079477,16.858008013758877],[104.41391804028541,16.86899671112934],[104.40877519072251,16.861177148206878],[104.40430819966372,16.87687204640787],[104.39815983340964,16.864879916075324],[104.40878917428103,16.840728639615065],[104.398949049659,16.83821332218713],[104.38101403467005,16.86545337597255],[104.35813473143276,16.86969618133378],[104.35681113712434,16.88076006832256],[104.31975307934118,16.874306899343992],[104.29559819659954,16.838018934626177],[104.28705905373238,16.857110831199975],[104.24841161060738,16.872124483058485],[104.24101824359713,16.89331529836238]]]}},{"type":"Feature","properties":{"province_code":"50","province_th":"เชียงใหม่","province_en":"Chiang Mai"},"geometry":{"type":"Polygon","coordinates":[[[99.52216841703887,20.1371825738168],[99.51052576325344,20.147259387410827],[99.49501297416947,20.13112190495201],[99.49892830040079,20.115946801403823],[99.4388657222753,20.090179929759984],[99.38022171316157,20.089124272267384],[99.3223871703317,20.069501898893577],[99.25823622022546,20.11316284838682],[99.23165890743269,20.12519404706768],[99.22189921187919,20.119997607803384],[99.21256871507421,20.130621374676764],[99.15980238077532,20.132956575885316],[99.1266380870781,20.118237555418887],[99.13097512340329,20.104148063981995],[99.0761308317725,20.10052946366386],[99.06686966280478,20.067571035574872],[99.04429573156284,20.037382171350202],[99.04364365383162,20.017111942562167],[99.05450758915396,20.002880661313498],[99.03784827957452,19.991973179918375],[99.03059810621767,19.97156965991195],[99.0434768421826,19.931784364856583],[99.0226704825568,19.926834388396344],[99.03109605723733,19.833033681659117],[99.00383069023422,19.78157176362606],[98.99405015109363,19.793413605553496],[98.98744693113105,19.739484731135462],[98.95587291939978,19.75102512391038],[98.94605527333226,19.762889260031386],[98.9515090410095,19.76916361860617],[98.93018669895707,19.7738954842892],[98.91976255459826,19.76239227488361],[98.89867965883923,19.765582026289508],[98.83943785237506,19.813346416803768],[98.82308600121803,19.78814597056015],[98.79630052055262,19.775856681740493],[98.77812814030148,19.752373613251677],[98.75083552024313,19.760060813955477],[98.73983615241656,19.753338236870206],[98.711943934565,19.768210339935308],[98.7039189053333,19.75737845914864],[98.66653117857112,19.748864482010276],[98.66110007021211,19.733956483405052],[98.65425706041509,19.7393033909388],[98.62662073206121,19.727882992905847],[98.62414165821104,19.71297606629247],[98.59094910871448,19.714848617569714],[98.57254497227274,19.703597465650546],[98.56720568289603,19.671044201928453],[98.51072476543561,19.717486821959312],[98.4671493774419,19.693949240165352],[98.47235137361707,19.657887697759122],[98.53975229823004,19.60972926929037],[98.54242734964254,19.5586745292062],[98.56602895057569,19.547040431570736],[98.5677308447028,19.50771343732532],[98.57513257271012,19.51214473878872],[98.59498957021253,19.489673262810868],[98.59888500883613,19.47011218542906],[98.58438773510596,19.44023234084989],[98.58613880326322,19.41530976803142],[98.59602036234992,19.406726409995883],[98.57331941715745,19.386336499429945],[98.59498834983253,19.355478941599927],[98.58876262659402,19.332451805106757],[98.60141898359927,19.31466869190666],[98.59385156359883,19.289319522078358],[98.60388688786963,19.27983549571161],[98.5873042526892,19.255263775402966],[98.59828026961878,19.22903261436369],[98.56899952101116,19.216699631982465],[98.56825042531693,19.20895121442703],[98.58238856468057,19.18863869861707],[98.633469100019,19.15568907668961],[98.64857489461576,19.080689636217812],[98.63256445398645,19.062330394831918],[98.59277397793682,19.043017381946697],[98.56881703058156,19.046087699787563],[98.54264465732513,19.025701777714914],[98.43900701676046,19.048055953319647],[98.4215071207571,19.027874666582647],[98.40089400025795,19.03610392465646],[98.38606861337587,19.061544889185313],[98.37298507660006,19.065119141235414],[98.37121659037342,19.085207429978936],[98.35119305371654,19.096490961988366],[98.34272424862525,19.153134936428216],[98.26477414511078,19.152554930365795],[98.25195713591313,19.16059126767294],[98.24043858137549,19.140308056271806],[98.2509472620066,19.10933402004906],[98.18492310591665,19.03161965941979],[98.18594493271252,19.015239028158646],[98.16350695558157,18.981322631434352],[98.17259659325822,18.95137195984813],[98.15668456184312,18.93746126262721],[98.15708705522349,18.920642979889635],[98.12436474863432,18.9078951618323],[98.08887115328116,18.861216022801273],[98.07835960741,18.821512779191437],[98.08968692381256,18.78303780175321],[98.12162371396329,18.774576097708803],[98.12020571332306,18.758320753699877],[98.09396825702947,18.737586505313004],[98.10216586256456,18.735725388915625],[98.10751915528482,18.71376429258811],[98.1002688614189,18.703265794980496],[98.11243481361583,18.669701656406346],[98.1057873218275,18.64841642307954],[98.11919161170357,18.634231439829136],[98.145742765916,18.637977838306654],[98.18256359603316,18.624968456029478],[98.18250457622526,18.60976202909444],[98.21074702785313,18.607492974820957],[98.21221227437701,18.591053848955994],[98.22717052440026,18.58683259584768],[98.23722902599883,18.570778958082485],[98.20918646938014,18.537277463584132],[98.17495867969939,18.54720327920802],[98.17513719782346,18.523173038005325],[98.16399134662339,18.52523883020791],[98.15404556155346,18.512112976732567],[98.12127158621479,18.50156498763414],[98.10537471287279,18.458429923002598],[98.08271871489683,18.44663193111876],[98.0738245691486,18.428797670775907],[98.08184369073382,18.416922027829344],[98.09457748386387,18.420495281631986],[98.12591873306314,18.405767609687473],[98.12279129478247,18.394985670052677],[98.14490010115878,18.362812341116694],[98.20047689419334,18.32923098771994],[98.20818199410382,18.30589171902767],[98.19733514410166,18.28731583365885],[98.13937036505035,18.280632279955796],[98.13984349568085,18.239615246446533],[98.14861677704266,18.22587195442719],[98.17204898437319,18.21856848904457],[98.16679908041328,18.20418283916672],[98.17693149099557,18.191422373943453],[98.15667236433819,18.16117556909728],[98.18232195269604,18.15220052213641],[98.19234680795887,18.097391631418702],[98.2129800480908,18.08736882571077],[98.23088627578107,18.098232295184346],[98.22886243425398,18.088521116256572],[98.24229410488908,18.08811697621752],[98.25272442039574,18.068652171260737],[98.22087858407946,18.02472170034622],[98.2415571176669,18.010520405192608],[98.24615250043763,17.988674231430707],[98.16207964066297,17.970931165940613],[98.14368840229798,17.93566865678315],[98.08987403765678,17.963474008218952],[98.04717344090164,17.94549649216941],[98.05994123559958,17.93313407587698],[98.04926367218081,17.924558453809652],[98.04503326577264,17.898641268579752],[98.05748998137761,17.887013873591457],[98.05457879227748,17.868128901127932],[98.06910329118398,17.85299829873253],[98.07295380507412,17.830030004880882],[98.10412303734836,17.797356430754746],[98.1318057131632,17.79636049993718],[98.14805471605234,17.77646461844745],[98.13555847704214,17.759785532776164],[98.15283518559539,17.729413886741554],[98.14543935534203,17.683730338584326],[98.08935512344027,17.63661965177556],[98.10672053842217,17.61130725342707],[98.10860900410233,17.582548286074598],[98.12687763969137,17.567370871268736],[98.13688275933191,17.541262402937605],[98.16693006936725,17.547209564769673],[98.17863239856638,17.537333200167097],[98.20920663937494,17.540135379744015],[98.23864198863691,17.54974988604846],[98.26538063980473,17.57872652890626],[98.29836320659678,17.575908595905048],[98.29887489476067,17.553044212420502],[98.32963244977782,17.47051527456034],[98.31977514360807,17.444241505441198],[98.3274993550113,17.429323810345636],[98.32282288217033,17.41671898359425],[98.29164302800342,17.407473729029448],[98.33416377114116,17.34879611944541],[98.3319619079158,17.328988240215153],[98.31726482820932,17.321547239713368],[98.32223074425349,17.310664475285364],[98.3609788278107,17.288473707395724],[98.35903693790442,17.272795270385473],[98.39260721974745,17.2423356050042],[98.46074527457483,17.27568263644457],[98.49009001803995,17.27028615288367],[98.51897866583283,17.28120089360641],[98.53244992462436,17.274350590307563],[98.57391387442584,17.284525458782923],[98.57890882238428,17.29459292482369],[98.5572510655843,17.29350450682756],[98.56185806489782,17.351320226847065],[98.53749740827885,17.36218338875244],[98.55528150084064,17.395299119059132],[98.5574309668657,17.420404642760104],[98.51815303963116,17.479007724626854],[98.51934959840531,17.510963728793115],[98.53882104035881,17.551016321246266],[98.5219190541211,17.57477994943514],[98.53252176067076,17.64084260370322],[98.5225606268715,17.678822039405645],[98.5263407571203,17.707727877739444],[98.49455800464824,17.780882752936748],[98.49422299729355,17.815042194141995],[98.50934043541281,17.812619966438376],[98.51886494656009,17.824925920594808],[98.55938926220477,17.79653288828223],[98.5715488472016,17.809788726168847],[98.58158775796869,17.80100815670113],[98.59046091084241,17.805534038964765],[98.62406131727602,17.77705634627341],[98.6392559523004,17.814575516147215],[98.66871922011597,17.833338129551066],[98.68518019501005,17.79107900729042],[98.72728891285311,17.793825585382535],[98.74343519607748,17.805431736585433],[98.76275487923436,17.80138019543972],[98.78478527102351,17.8326860653097],[98.79482284809603,17.823834346877675],[98.79928625265848,17.796355397183902],[98.82176404817233,17.797267482408415],[98.85685714304276,17.81513328017678],[98.8527725032485,17.847617939116674],[98.86020070459892,17.85655710222852],[98.8709405577606,17.849783777299535],[98.84178388501834,17.964879419249826],[98.83039726911875,17.974932656217163],[98.83409358165352,17.9887028442609],[98.80881268565696,18.00849222623532],[98.77767062370037,18.002890077615064],[98.81369779941394,18.079710849376227],[98.79761588156776,18.08737515873662],[98.81010545570228,18.11345383792434],[98.80482869438879,18.1561204268163],[98.78274764019147,18.17928942416762],[98.78513753906623,18.220928738170755],[98.77292807137343,18.229742920699266],[98.77569090740951,18.249743592093125],[98.73618782680683,18.266153197711958],[98.72076030964064,18.28624156019987],[98.67326606377787,18.311094944576098],[98.6717702852705,18.327127350247054],[98.70410673144056,18.33454415358989],[98.68109296426894,18.368860201836867],[98.70950106022582,18.41367977040511],[98.69276887858092,18.416155897176964],[98.70596728486237,18.439608216046395],[98.71752901495216,18.43350919919027],[98.7257256249377,18.44630118025532],[98.7427309972378,18.431351003446082],[98.76444227988736,18.434674729555184],[98.77855451967542,18.450528884200708],[98.81506845434575,18.46264753655464],[98.86474852402523,18.51458679314601],[98.87889026697229,18.51139679262792],[98.93429550083675,18.542181005349164],[98.93281579231501,18.554763268110378],[98.96980877065829,18.60338373317279],[98.96801622486896,18.61993329308706],[98.97888537535982,18.635554865065046],[99.00488472894716,18.6449120681375],[99.01208562035515,18.67422491984422],[99.06798997615653,18.663571857555212],[99.07649224232318,18.67234094357974],[99.09901266030607,18.669355957911193],[99.15558429957582,18.709998693584907],[99.18903025644124,18.707256565338298],[99.1883700668252,18.67914181744095],[99.20694824726388,18.659807526596126],[99.2343415913914,18.6511497352721],[99.23538155301634,18.61711697796619],[99.21905576061494,18.59165054913359],[99.26319934027737,18.572028809781784],[99.29628416088536,18.537163136369713],[99.31711564756915,18.53214145066744],[99.3322106610932,18.575756711003464],[99.35326285939351,18.57914156043472],[99.34888292540677,18.593049460764064],[99.35940360659123,18.606492359434867],[99.32734739096935,18.619359898840287],[99.33079295003466,18.64675126535866],[99.34893276043863,18.6553110332776],[99.32735805063356,18.684979061434603],[99.34814968835747,18.735133312152698],[99.37121751467663,18.75338789313679],[99.3711490259069,18.780898469288957],[99.35046267361355,18.83601168339254],[99.35274066984607,18.847195679337176],[99.38554835267439,18.867467004398804],[99.39135256906587,18.884284129708874],[99.37828136559261,18.919640721442192],[99.38682088257775,18.944036803255926],[99.37365454072454,18.981542891591232],[99.401001967267,18.999687534951818],[99.38353891109193,19.06401926587648],[99.34448378369973,19.08659066642616],[99.32086929458234,19.123698295739814],[99.31957700117772,19.164884215634117],[99.30611358897102,19.176584644565764],[99.3109128165733,19.22466573223778],[99.34270833672042,19.268184782202013],[99.31641804076003,19.350498639100977],[99.33297234729605,19.362179131861524],[99.323771010224,19.396107885270737],[99.32978461217016,19.398412859366033],[99.30914077262861,19.429288554723087],[99.31735835570362,19.454612315106317],[99.30795356140777,19.488251196335682],[99.29476492536105,19.49376093601842],[99.30005405325204,19.51455115641079],[99.32589527095007,19.539353870284913],[99.29762104537502,19.563172386796282],[99.2906930712283,19.59639931557598],[99.26649947986715,19.612355433556445],[99.25836950784657,19.650352077786238],[99.31335159180259,19.70764577643149],[99.34494528159951,19.711639722295388],[99.36047679276982,19.727118678883983],[99.36239411859378,19.77640259270555],[99.3767780183909,19.782311318412667],[99.39134587631122,19.813246708968506],[99.4201367291268,19.814428372271607],[99.40869916843195,19.831579469816745],[99.4141764102132,19.844829310124624],[99.38934384963903,19.862783540028374],[99.38344717304864,19.890373993065396],[99.40287108313402,19.914786483009834],[99.42006072742072,19.918404279334084],[99.4217155141597,19.962745101905],[99.44860370369804,19.97559237328943],[99.4784008619103,20.012362980767023],[99.46759464777483,20.033340585699534],[99.49611031613824,20.049017913845717],[99.4927536397687,20.07803408640399],[99.57110334714184,20.10801686198863],[99.57052246244177,20.12246851940671],[99.52216841703887,20.1371825738168]]]}},{"type":"Feature","properties":{"province_code":"51","province_th":"ลำพูน","province_en":"Lamphun"},"geometry":{"type":"Polygon","coordinates":[[[99.162669994125,18.70802918100196],[99.13598297393514,18.700817799901586],[99.12630497819225,18.683519364627045],[99.1049387267409,18.679492257161996],[99.09901266030607,18.669355957911193],[99.07649224232318,18.67234094357974],[99.06798997615653,18.663571857555212],[99.01208562035515,18.67422491984422],[99.00488472894716,18.6449120681375],[98.97888537535982,18.635554865065046],[98.96801622486896,18.61993329308706],[98.96980877065829,18.60338373317279],[98.93281579231501,18.554763268110378],[98.93429550083675,18.542181005349164],[98.87889026697229,18.51139679262792],[98.86474852402523,18.51458679314601],[98.81506845434575,18.46264753655464],[98.77855451967542,18.450528884200708],[98.76483766232832,18.434874059790104],[98.7427309972378,18.431351003446082],[98.72504031455895,18.446238051444993],[98.71752901495216,18.43350919919027],[98.70758432615577,18.441497429063133],[98.69284500529284,18.41811165372991],[98.70950106022582,18.41367977040511],[98.68109945107886,18.36822753867],[98.70410673144056,18.33454415358989],[98.6717702852705,18.327127350247054],[98.67326606377787,18.311094944576098],[98.72076030964064,18.28624156019987],[98.73618782680683,18.266153197711958],[98.77569090740951,18.249743592093125],[98.77292807137343,18.229742920699266],[98.78513753906623,18.220928738170755],[98.78274764019147,18.17928942416762],[98.80482869438879,18.1561204268163],[98.81010545570228,18.11345383792434],[98.79761588156776,18.08737515873662],[98.81369779941394,18.079710849376227],[98.77767062370037,18.002890077615064],[98.80881268565696,18.00849222623532],[98.83409358165352,17.9887028442609],[98.83039726911875,17.974932656217163],[98.84178388501834,17.964879419249826],[98.87105907581577,17.856034680656023],[98.85266803620095,17.84732974866904],[98.85685714304276,17.81513328017678],[98.82213346628652,17.79730736374387],[98.79928625265848,17.796355397183902],[98.79482284809603,17.823834346877675],[98.78478527102351,17.8326860653097],[98.76275487923436,17.80138019543972],[98.74343519607748,17.805431736585433],[98.72728891285311,17.793825585382535],[98.68518019501005,17.79107900729042],[98.70440103008355,17.761952156067196],[98.70352673616998,17.743284597406273],[98.74585563772757,17.692730938881766],[98.72284869011503,17.67557685828541],[98.68394419736688,17.665793565420756],[98.69218462142322,17.631337970271147],[98.6823918955696,17.597058215064635],[98.70189256459025,17.555965304854965],[98.69653988430827,17.514499290210097],[98.70560194697231,17.50091204135765],[98.70510084562756,17.485895770673324],[98.68257173479776,17.45931680312799],[98.69081670132977,17.42389211293073],[98.71760070800633,17.464535427767828],[98.7499706377348,17.46833787469319],[98.76190878086561,17.483200347817842],[98.8157351298724,17.500548197241585],[98.82314506599204,17.51220631397024],[98.85871196328651,17.511241651680905],[98.88028461724133,17.491350026682426],[98.8830151496295,17.510623597101358],[98.91088563626317,17.535439855664833],[98.90474743234819,17.56269693541526],[98.91090951955874,17.581636613638864],[98.88929302905012,17.588768791446626],[98.87996769974961,17.61057675841073],[98.88186337259663,17.626089391911933],[98.9060644571091,17.64847841444731],[98.98216481795203,17.640221400597227],[98.99991273888185,17.635411765140873],[99.01910198526849,17.614885508359578],[99.04997314534444,17.612377429574792],[99.06337613210286,17.642795480627],[99.06428779464608,17.69215924255502],[99.08719231667214,17.704256946101225],[99.08570408257742,17.738458589792117],[99.1037905263118,17.74073217844733],[99.11234458983103,17.767969513582216],[99.12546724621649,17.771814930115],[99.10383602930938,17.81232443482486],[99.13495594276259,17.820871969266022],[99.15875136468378,17.808530807550767],[99.17479212505657,17.81094179103087],[99.15999001532703,17.842590244144503],[99.18261497859845,17.849591259429133],[99.18341753539102,17.860540964893687],[99.14627668422168,17.898696670415063],[99.14682200703004,17.910670314283607],[99.10642792041227,17.912736523771628],[99.11534551778146,17.946500641891134],[99.09433296609359,17.957884922251424],[99.10065839357009,18.003249088774453],[99.07050711111435,18.062153579324274],[99.06486212778503,18.14068146307909],[99.05184065772022,18.161345203718213],[99.05673706336484,18.174972752090866],[99.02907645331572,18.21574020484661],[99.01864672866367,18.25325442665053],[99.02944091256813,18.265147628860007],[99.08096617524888,18.26903735588934],[99.08448690414735,18.279785875817538],[99.11320225258197,18.267270938103366],[99.12261194998155,18.31140629796232],[99.15202390697777,18.31570886327347],[99.16965592957757,18.348210486125083],[99.16690469209794,18.374175407369194],[99.18950290323647,18.38821045025213],[99.19876648418597,18.420710971434232],[99.23766274094282,18.449042816572785],[99.24232058792484,18.479323796556002],[99.25822691224226,18.495758956410782],[99.28309302742133,18.499645939608456],[99.29819993537876,18.48930688640371],[99.32031273294632,18.5015354494015],[99.31711564756915,18.53214145066744],[99.29628416088536,18.537163136369713],[99.26319934027737,18.572028809781784],[99.21905576061494,18.59165054913359],[99.23538155301634,18.61711697796619],[99.2343415913914,18.6511497352721],[99.20694824726388,18.659807526596126],[99.1883700668252,18.67914181744095],[99.18903025644124,18.707256565338298],[99.162669994125,18.70802918100196]]]}},{"type":"Feature","properties":{"province_code":"52","province_th":"ลำปาง","province_en":"Lampang"},"geometry":{"type":"Polygon","coordinates":[[[99.58354830501031,19.406145922796156],[99.56281532376823,19.414620200262107],[99.57599799461184,19.388970424845297],[99.58028098438001,19.310432090968277],[99.54558488263626,19.240759521135033],[99.53598277708358,19.162282897837542],[99.56045235239418,19.140119066441798],[99.53728940298362,19.10940313834419],[99.54004342206633,19.08490645656775],[99.52927549656698,19.07615511056997],[99.49336998563638,19.076950553725112],[99.43694197259401,19.007893107580912],[99.39559016825172,18.998357148963294],[99.37372672930519,18.98186906490548],[99.38682088257775,18.944036803255926],[99.37828136559261,18.919640721442192],[99.39150816437035,18.884847525293083],[99.38554835267439,18.867467004398804],[99.35274066984607,18.847195679337176],[99.35051922028583,18.836388902226133],[99.3711490259069,18.780898469288957],[99.37121751467663,18.75338789313679],[99.34814968835747,18.735133312152698],[99.32735805063356,18.684979061434603],[99.34893276043863,18.6553110332776],[99.33079295003466,18.64675126535866],[99.32729162131136,18.61963000572024],[99.34784979593138,18.61707606960499],[99.35959337163683,18.605291125984706],[99.34888292540677,18.593049460764064],[99.35326285939351,18.57914156043472],[99.33255787584534,18.57611761883311],[99.32795322825893,18.565820662893316],[99.31711564756915,18.53214145066744],[99.32031273294632,18.5015354494015],[99.29819993537876,18.48930688640371],[99.28309302742133,18.499645939608456],[99.25822691224226,18.495758956410782],[99.24232058792484,18.479323796556002],[99.23766274094282,18.449042816572785],[99.19876648418597,18.420710971434232],[99.18950290323647,18.38821045025213],[99.16690469209794,18.374175407369194],[99.16965592957757,18.348210486125083],[99.15202390697777,18.31570886327347],[99.12261194998155,18.31140629796232],[99.11320225258197,18.267270938103366],[99.08448690414735,18.279785875817538],[99.08096617524888,18.26903735588934],[99.02944091256813,18.265147628860007],[99.01864672866367,18.25325442665053],[99.02907645331572,18.21574020484661],[99.05673706336484,18.174972752090866],[99.05184065772022,18.161345203718213],[99.06486212778503,18.14068146307909],[99.07050711111435,18.062153579324274],[99.10065839357009,18.003249088774453],[99.09433296609359,17.957884922251424],[99.11534551778146,17.946500641891134],[99.10642792041227,17.912736523771628],[99.14682200703004,17.910670314283607],[99.14627668422168,17.898696670415063],[99.18341753539102,17.860540964893687],[99.18261497859845,17.849591259429133],[99.15999001532703,17.842590244144503],[99.17479212505657,17.81094179103087],[99.15875136468378,17.808530807550767],[99.13495594276259,17.820871969266022],[99.10383602930938,17.81232443482486],[99.12546724621649,17.771814930115],[99.11234458983103,17.767969513582216],[99.1037905263118,17.74073217844733],[99.08570408257742,17.738458589792117],[99.08719231667214,17.704256946101225],[99.06428779464608,17.69215924255502],[99.06337613210286,17.642795480627],[99.04936447159315,17.611948229926895],[99.01910198526849,17.614885508359578],[98.99991273888185,17.635411765140873],[98.98216481795203,17.640221400597227],[98.90704221622536,17.648618416406862],[98.88186337259663,17.626089391911933],[98.88001036808407,17.611085228800334],[98.88929302905012,17.588768791446626],[98.91090951955874,17.581636613638864],[98.90567532585567,17.545635013744914],[98.92619004883176,17.52421430294777],[98.93202891160507,17.474261691024253],[98.98116260537,17.46473837057937],[99.01207610912519,17.41469912696317],[99.0321969749105,17.41077161941473],[99.04715629602629,17.386389880888316],[99.07635039855211,17.372356490959362],[99.0880315676028,17.37649504511029],[99.10931217841437,17.358766511765168],[99.1138815527915,17.372669691553085],[99.1715054474185,17.336115732555072],[99.20752795924795,17.369767380560234],[99.2063195905767,17.381385120427012],[99.22627407458896,17.40504499383144],[99.270489340111,17.40000374068012],[99.2711595418794,17.3487153297487],[99.30316056430866,17.273046959149895],[99.34021913830264,17.267314558120404],[99.35860078359934,17.24854178957196],[99.37288361938357,17.21279624644967],[99.3931219402254,17.206429193852273],[99.40090447266334,17.220616707794875],[99.41938931426552,17.21876444612235],[99.42741448559008,17.232043058440468],[99.43908828379733,17.230384103343738],[99.44111292032505,17.252041969861068],[99.45570700427487,17.254491886791186],[99.45503448315492,17.309711961038204],[99.47703723967692,17.32784282318778],[99.46949014615336,17.368270688341624],[99.45570731364165,17.36882628320643],[99.4293199079874,17.392722299694412],[99.4272627735582,17.408890718831685],[99.44269826771097,17.434763889441967],[99.42047494436326,17.44278158740036],[99.40606410717288,17.470132365716154],[99.41914765743849,17.48725661759886],[99.42105838223858,17.518615375699085],[99.43898035256126,17.528458290018136],[99.43020877361607,17.549277105254248],[99.4350232240426,17.56342709318585],[99.4132553317682,17.573834537134246],[99.41894172258247,17.599834119149307],[99.44042536343983,17.6095470562517],[99.45386231939057,17.59872657167398],[99.44711628618774,17.643503157145062],[99.47636442178072,17.676951373107443],[99.47022028234022,17.69077389989559],[99.47803464178537,17.72376544192167],[99.46508471818527,17.737007681159582],[99.45025888613873,17.709713770574126],[99.42229045973698,17.70999504703383],[99.3861160739977,17.685724070809272],[99.38623977394644,17.72270651719208],[99.37414883959735,17.733010379925133],[99.38108115207359,17.751375149443618],[99.36871129299186,17.777194670997346],[99.38566457565969,17.790051208096827],[99.39335554092554,17.815354919893707],[99.41214961980916,17.824843496829942],[99.42129934388964,17.850513423355835],[99.47532577856191,17.894210375408534],[99.4817677275986,17.921015720299295],[99.59460690578413,18.008909954131127],[99.5860795107609,18.035760361351663],[99.63132889771055,18.062295270210598],[99.64957976629324,18.056826575586058],[99.6576443665943,18.039772586835454],[99.66863688518418,18.041647849568676],[99.69135236432021,18.055327069388795],[99.69023319580538,18.064906907727675],[99.7200448250087,18.07004804767928],[99.73915313510918,18.10853861126793],[99.76156591143774,18.123034030596102],[99.75365536590249,18.140905400563838],[99.79900323940802,18.19995504259117],[99.8011467959879,18.21474881560539],[99.85002349588768,18.255073363944632],[99.85847204374988,18.28427960641875],[99.90669400392522,18.280130196551397],[99.93630160393593,18.327701033176197],[99.93953887102214,18.351144413683812],[99.9691672165938,18.385134337179977],[99.96637924720454,18.393685339406943],[99.98720097534482,18.39179807342242],[100.00082222756379,18.40255116730259],[100.01401636656215,18.4374684815852],[100.0044563717642,18.445787156552058],[100.02137838140726,18.447707567050657],[100.02378499058489,18.469113575731],[100.05132097798082,18.502668504348037],[100.0558684205912,18.55767242744065],[100.09057772438251,18.57293141075604],[100.10767468993504,18.560234524004102],[100.11033836312504,18.59005372010313],[100.12052416106127,18.60137404427678],[100.09993474669125,18.628891416605654],[100.11147590209129,18.671481249260296],[100.09672193936609,18.72948855815048],[100.10144137641845,18.751930423949943],[100.12577237339639,18.784206432980568],[100.1218869631129,18.798227951858564],[100.0881680620065,18.827691967010708],[100.06714200430014,18.817349086291358],[100.06214990359524,18.835667732280058],[100.0703196031672,18.86524295220056],[100.03330722734671,18.902636388758367],[100.01715210288728,18.896068166812483],[99.97580277257993,18.91862870355186],[99.91107240276921,18.988044263332142],[99.88924255889702,18.98887562810779],[99.8821907606951,19.000359073112804],[99.83839022113187,19.001517122916937],[99.82927770020575,19.01240042603888],[99.83294607260325,19.040415341095184],[99.82063970385929,19.045544671149685],[99.81964550783397,19.060916370993766],[99.79433023974883,19.05348122957514],[99.77353183372719,19.064269368236808],[99.75846380256252,19.133053662396662],[99.7264085312288,19.16940977234316],[99.72922793462152,19.18118759782942],[99.70342450014061,19.24413890718489],[99.69806643291957,19.30623764035488],[99.70845686888947,19.33953678289629],[99.69232080915805,19.360268305438012],[99.69608051670252,19.38030440832182],[99.67628735128028,19.39198008701146],[99.63118712138862,19.38359672920575],[99.58354830501031,19.406145922796156]]]}},{"type":"Feature","properties":{"province_code":"53","province_th":"อุตรดิตถ์","province_en":"Uttaradit"},"geometry":{"type":"Polygon","coordinates":[[[101.09478776724171,18.381087104686173],[101.08580247160683,18.38072314905412],[101.07422724718975,18.357679063038404],[101.05634602604835,18.356746028106784],[100.9975427856711,18.307863176844194],[100.98015244867662,18.306225319842667],[100.95830675874998,18.27268110394982],[100.9193461959702,18.24350138697946],[100.91261679842654,18.2267382227908],[100.9254418151877,18.210826662620434],[100.90834580021857,18.19426807441215],[100.90632381579155,18.17732940842552],[100.91346549403738,18.158619830740633],[100.87574677179612,18.142354902656677],[100.87543278159762,18.118637022980295],[100.84710075839337,18.081259204948424],[100.7424361945748,18.080451436584553],[100.71944607867363,18.058874358864614],[100.71759884241271,18.065870042968186],[100.71138982498047,18.045393707553615],[100.70097512170457,18.055258273950244],[100.69790990571761,18.04543277500261],[100.67660920585024,18.049205375227928],[100.65904446692866,18.038702759624698],[100.6101375228285,18.05009069033315],[100.55965762939616,18.033173792436628],[100.48017983762946,18.054977582949164],[100.42350749317632,18.013367367410126],[100.40809460887914,18.024448025855747],[100.39187515501447,18.021340471585518],[100.35026931737514,17.983090643018784],[100.35954861487676,17.926139654421547],[100.33428180226343,17.888771621912895],[100.31311996041791,17.909609063907226],[100.30709370770853,17.932970269762166],[100.28797029439363,17.936503690792733],[100.27963504402214,17.957088270407382],[100.26244707157514,17.952987330401015],[100.24643363440475,17.961954333825474],[100.2251364526852,17.94857279859582],[100.21450102610152,17.92068511602531],[100.16072763007611,17.889548623570192],[100.12985342129844,17.856388559384584],[100.05741239376704,17.833667524236887],[100.04754292876322,17.848158795891777],[99.99608808120007,17.830370279564818],[99.97815687843723,17.83410591675471],[99.99022329726739,17.81046061326674],[99.9629855574376,17.798068557118256],[99.95815621603663,17.779618387078926],[99.94569671613061,17.778230609055413],[99.8946436685705,17.8055896170672],[99.92184634473307,17.786567139162173],[99.91396597055314,17.75760700785719],[99.96336047400672,17.71134795924098],[99.9776357878614,17.65690002221828],[99.96616530568434,17.632612760170787],[99.97610386290302,17.622402319911203],[99.92401610396007,17.58677810342681],[99.94238510299016,17.545135541072398],[99.93260887340085,17.50702335464416],[99.94009607657273,17.495401259360676],[99.95597324756739,17.50583461727382],[99.97231793562429,17.495949682132164],[99.98125771567112,17.47299878836344],[100.00448637494628,17.456760678062892],[100.01999356844851,17.45863117438921],[100.03093870715566,17.44408634810651],[100.01635004072187,17.41732127305835],[99.99633647484848,17.416481284683584],[99.9907507937142,17.407811001776338],[100.00985519985767,17.379869501076655],[99.99964917616859,17.369021451378956],[100.01085125478164,17.330779149238424],[99.99350307260875,17.31388834966765],[100.00238826740468,17.297525153563015],[99.9797666343228,17.28495856328709],[99.95487128757992,17.242799157854904],[99.97343254187837,17.241389957080912],[99.95822437565448,17.231074561441915],[99.98229862608076,17.216090546741384],[99.9712470616027,17.210984962386135],[99.98362984933812,17.189595654116204],[99.9739356136377,17.163214614762694],[100.00925289330644,17.150277011874664],[99.99612254142221,17.137546641564313],[100.01419232341703,17.139150372891436],[100.03659775408312,17.181447390784513],[100.1484932322769,17.185710114330334],[100.16057086385433,17.165843238674597],[100.16798910341447,17.201871373964764],[100.20622573802746,17.207159187046898],[100.24712277679475,17.236868164933924],[100.25324925265096,17.24969789144461],[100.23717780291332,17.320131207689144],[100.23943103001807,17.346475222853314],[100.25337169984414,17.357794796093003],[100.30587039860006,17.38198100222155],[100.32361797958617,17.36851512857038],[100.3298062019947,17.386515641183962],[100.36892233939449,17.389669581585963],[100.42700211835313,17.421433100257445],[100.48398910861056,17.41772648059265],[100.50032352640966,17.42873509255054],[100.51359972135015,17.403841086696843],[100.5306645604212,17.417079877934043],[100.59235647357247,17.420454604596387],[100.60341256343912,17.42803720065632],[100.61397891219713,17.465270878947933],[100.64534875893816,17.473829802403486],[100.64219118437569,17.493044006775563],[100.73992008214611,17.54208974144848],[100.77404177970442,17.583363404597492],[100.77605133640009,17.60078099015061],[100.80221773096355,17.63843650084391],[100.84277103085844,17.65374213559113],[100.87474150601577,17.711348539303685],[100.9044985994309,17.71513814660824],[100.90897974941595,17.70169770398587],[100.92529776088304,17.696129533551186],[100.9725282931463,17.710764244374445],[100.98841160561119,17.743274392799037],[100.97796232160391,17.763578320083468],[100.99917107208739,17.77053128279249],[101.0063628263834,17.784502745405405],[100.99264600590851,17.80398434160412],[100.99889581119277,17.820757924438738],[101.03235595396416,17.834120606281033],[101.03477702064305,17.86029488430154],[101.01735095628169,17.877928415064332],[101.01887185195449,17.891446628359233],[101.04718715856058,17.913304729829463],[101.07056515295949,17.913953895555892],[101.1173432749722,17.95136583476551],[101.12120431272893,17.998603490558708],[101.14963578566307,18.03604093274288],[101.1606050756638,18.03005486533982],[101.18381547060756,18.065327720298114],[101.17268690617584,18.075899161916823],[101.16098032857934,18.12391298209849],[101.19255508764724,18.213327920047504],[101.17923091927156,18.224577628554755],[101.16531199325397,18.217722800766694],[101.15964108426869,18.245715877585724],[101.14399603279077,18.259669210765537],[101.16306502722927,18.27822414462861],[101.14994053532752,18.298246201001405],[101.17990192143657,18.3276299075942],[101.18209031821368,18.340488275713426],[101.14761167164141,18.347467375419114],[101.1322349607749,18.36581615499159],[101.09478776724171,18.381087104686173]]]}},{"type":"Feature","properties":{"province_code":"54","province_th":"แพร่","province_en":"Phrae"},"geometry":{"type":"Polygon","coordinates":[[[100.15974553263027,18.82722600667489],[100.15694880564291,18.834407929582312],[100.13377281426403,18.817243454621803],[100.11745418856003,18.819571126706194],[100.11532483677183,18.799801788821526],[100.12577237339639,18.784206432980568],[100.09751199738082,18.733875737974984],[100.11147590209129,18.671481249260296],[100.09993474669125,18.628891416605654],[100.12052416106127,18.60137404427678],[100.11033836312504,18.59005372010313],[100.10880964065245,18.561564171649252],[100.09057772438251,18.57293141075604],[100.0558684205912,18.55767242744065],[100.05132097798082,18.502668504348037],[100.02378499058489,18.469113575731],[100.02137838140726,18.447707567050657],[100.0044563717642,18.445787156552058],[100.01401636656215,18.4374684815852],[100.00082222756379,18.40255116730259],[99.98720097534482,18.39179807342242],[99.96637924720454,18.393685339406943],[99.9691672165938,18.385134337179977],[99.93953887102214,18.351144413683812],[99.93630160393593,18.327701033176197],[99.90669400392522,18.280130196551397],[99.85847204374988,18.28427960641875],[99.85002349588768,18.255073363944632],[99.8011467959879,18.21474881560539],[99.79900323940802,18.19995504259117],[99.75365536590249,18.140905400563838],[99.76156591143774,18.123034030596102],[99.73915313510918,18.10853861126793],[99.7200448250087,18.07004804767928],[99.69023319580538,18.064906907727675],[99.69135236432021,18.055327069388795],[99.66863688518418,18.041647849568676],[99.6576443665943,18.039772586835454],[99.64957976629324,18.056826575586058],[99.63132889771055,18.062295270210598],[99.5860795107609,18.035760361351663],[99.59384286965275,18.008008472812833],[99.4817677275986,17.921015720299295],[99.47532577856191,17.894210375408534],[99.42129934388964,17.850513423355835],[99.41214961980916,17.824843496829942],[99.39335554092554,17.815354919893707],[99.38566457565969,17.790051208096827],[99.36737781513415,17.77402025393161],[99.38108115207359,17.751375149443618],[99.37414883959735,17.733010379925133],[99.38623977394644,17.72270651719208],[99.3861160739977,17.685724070809272],[99.42229045973698,17.70999504703383],[99.45340273434874,17.71201931933615],[99.46002414220044,17.731824631001984],[99.48144970484009,17.744740321908353],[99.51705913107412,17.79555213712149],[99.54766669266377,17.81203250859346],[99.59947486227514,17.821677075636558],[99.62926742764972,17.814688835221602],[99.6500176686805,17.796292836745067],[99.67067035575235,17.799027294673976],[99.69607604257538,17.756702481434445],[99.70764569659167,17.756485948967395],[99.71406364901827,17.729038986360194],[99.72949363842076,17.721512375795555],[99.75165201542825,17.738176753054745],[99.75047803323469,17.752321044680514],[99.76494019923086,17.760535713052775],[99.77689363982967,17.78733439666513],[99.80697846058757,17.80246848303409],[99.83708066703923,17.79687905532421],[99.89879512889212,17.80649734957308],[99.93912044255444,17.781205795710946],[99.95815621603663,17.779618387078926],[99.9629855574376,17.798068557118256],[99.99022329726739,17.81046061326674],[99.98056879541366,17.835247265249166],[99.99608808120007,17.830370279564818],[100.04754292876322,17.848158795891777],[100.05741239376704,17.833667524236887],[100.12985342129844,17.856388559384584],[100.16072763007611,17.889548623570192],[100.21450102610152,17.92068511602531],[100.2251364526852,17.94857279859582],[100.24643363440475,17.961954333825474],[100.26244707157514,17.952987330401015],[100.27963504402214,17.957088270407382],[100.28797029439363,17.936503690792733],[100.30725906155652,17.932748320678513],[100.32614457541189,17.892149792079294],[100.34221884272546,17.894040185905908],[100.35960856638229,17.926496181653533],[100.35026931737514,17.983090643018784],[100.39187515501447,18.021340471585518],[100.416745560859,18.028032200126006],[100.4031628670727,18.065072603318015],[100.40950503273115,18.07550918170341],[100.39531054904268,18.086851896298015],[100.39696581512032,18.135056329586007],[100.4172137973789,18.155668058833896],[100.44618728361633,18.15842526511392],[100.45965356555968,18.19442506726307],[100.45380749382082,18.214851513686483],[100.47640868441334,18.265108241252392],[100.49430437924377,18.279216125623748],[100.48308096961114,18.292062834931926],[100.48016085114244,18.31946606440738],[100.49336131597204,18.338988005092403],[100.48117073404222,18.35056547062004],[100.50409036018203,18.360291447892052],[100.51746890786387,18.392037479246312],[100.53642889637655,18.39069299368674],[100.55053383456885,18.41621775974187],[100.54966685664016,18.456026599947677],[100.54037104488788,18.489972244423598],[100.50609316656642,18.47311297508378],[100.48180106706565,18.48282484109359],[100.47650292976647,18.495563195585078],[100.44398197508815,18.49027509741785],[100.43545246755741,18.500827833138032],[100.41556246313723,18.482370894801022],[100.39933891465927,18.486280947407863],[100.38686363884591,18.511725657613056],[100.39597089244279,18.52707692396092],[100.38764936032976,18.55817354317452],[100.37057347578536,18.56592701132257],[100.38090358073572,18.619605125076532],[100.39679507343396,18.628143695075494],[100.3924118281434,18.638516673405775],[100.36189935007502,18.64448478674359],[100.35242405432672,18.680405854146898],[100.39180313100974,18.740362580268936],[100.35845503657072,18.75133743257652],[100.3624392059047,18.777893190418467],[100.33750249394501,18.78675803805305],[100.33849320689603,18.813522152625296],[100.22676169669501,18.82541623976772],[100.19930624538699,18.813949891774143],[100.1860053856401,18.822430816129327],[100.17294830062366,18.80947334901589],[100.15974553263027,18.82722600667489]]]}},{"type":"Feature","properties":{"province_code":"55","province_th":"น่าน","province_en":"Nan"},"geometry":{"type":"Polygon","coordinates":[[[100.910912551673,19.62701268318881],[100.8930990773606,19.634156539592652],[100.86020772790437,19.573572799844897],[100.77058161115247,19.4871484107706],[100.75789045218266,19.511604275017305],[100.70797350197557,19.535847169011674],[100.65139701086343,19.556785971795193],[100.61002120721298,19.54900621196714],[100.59869659866916,19.51021134118048],[100.60261894320973,19.47923590201532],[100.57156900240761,19.46336092266847],[100.56438806515712,19.43558285666353],[100.54038236915108,19.4160270124367],[100.48858802032095,19.39934355516101],[100.49631641896764,19.3714716197195],[100.51809215243094,19.37844234943492],[100.53446015361328,19.36635990198795],[100.5291204496491,19.35326594836488],[100.56437516078512,19.339834575405405],[100.55847209900821,19.319877697397885],[100.56990985035935,19.30524611441672],[100.60662261793954,19.33312810697663],[100.6141335209453,19.32809500078372],[100.60019213076231,19.251970006610577],[100.61652470944784,19.22642552741621],[100.61795254957059,19.182633206757146],[100.6290597101376,19.155168959180173],[100.62211242934518,19.110998744296637],[100.58544818558534,19.096444558769406],[100.57406513909496,19.104974020434724],[100.56377979340283,19.080423355053824],[100.61911752595313,19.033434446342653],[100.60476817720968,19.02032811355167],[100.5655344399625,19.03063250418677],[100.55636019676575,19.044581051174646],[100.53147551688164,19.041308388571338],[100.49404804997761,19.052355658786666],[100.45703223155232,19.008961135248228],[100.50335222272696,18.99264258868459],[100.48091225629565,18.965733927878546],[100.48182014258555,18.951595389215868],[100.45359937990753,18.934543037231435],[100.43828353695574,18.945603267576814],[100.40485322020004,18.945034485952817],[100.40734642419818,18.93589301674939],[100.390630653382,18.92591099259829],[100.38582835819221,18.888916383784135],[100.33852926341484,18.821600002638036],[100.34511664271895,18.813978308552123],[100.33750249394501,18.78675803805305],[100.36280078732653,18.776627787642326],[100.35845503657072,18.75133743257652],[100.39180313100974,18.740362580268936],[100.35242405432672,18.680405854146898],[100.36189935007502,18.64448478674359],[100.3924118281434,18.638516673405775],[100.39679507343396,18.628143695075494],[100.38090358073572,18.619605125076532],[100.37057347578536,18.56592701132257],[100.38764936032976,18.55817354317452],[100.39597089244279,18.52707692396092],[100.38686363884591,18.511725657613056],[100.39933891465927,18.486280947407863],[100.41556246313723,18.482370894801022],[100.43545246755741,18.500827833138032],[100.44398197508815,18.49027509741785],[100.47650292976647,18.495563195585078],[100.48180106706565,18.48282484109359],[100.50609316656642,18.47311297508378],[100.54081761134375,18.489872606735446],[100.55040317476676,18.450179084796957],[100.55053383456885,18.41621775974187],[100.53642889637655,18.39069299368674],[100.51746890786387,18.392037479246312],[100.50409036018203,18.360291447892052],[100.48117073404222,18.35056547062004],[100.49336131597204,18.338988005092403],[100.48016085114244,18.31946606440738],[100.48308096961114,18.292062834931926],[100.49430437924377,18.279216125623748],[100.47640868441334,18.265108241252392],[100.45380749382082,18.214851513686483],[100.45965356555968,18.19442506726307],[100.44618728361633,18.15842526511392],[100.41666056143583,18.15526663115014],[100.39162982625555,18.11832797635509],[100.42129749738166,18.013665988194873],[100.48132519620088,18.055254574139326],[100.55965762939616,18.033173792436628],[100.6101375228285,18.05009069033315],[100.65904446692866,18.038702759624698],[100.67660920585024,18.049205375227928],[100.69790990571761,18.04543277500261],[100.70097512170457,18.055258273950244],[100.71138982498047,18.045393707553615],[100.71759884241271,18.065870042968186],[100.71944607867363,18.058874358864614],[100.7424361945748,18.080451436584553],[100.7902538699202,18.075180337402685],[100.8186366301764,18.086522829864748],[100.84992454598108,18.082788780877593],[100.87543278159762,18.118637022980295],[100.87574677179612,18.142354902656677],[100.91377915598332,18.15932704140988],[100.90632381579155,18.17732940842552],[100.90834580021857,18.19426807441215],[100.9254418151877,18.210826662620434],[100.91261679842654,18.2267382227908],[100.9193461959702,18.24350138697946],[100.95830675874998,18.27268110394982],[100.98015244867662,18.306225319842667],[100.9975427856711,18.307863176844194],[101.08250272232283,18.37015906029245],[101.08397109758812,18.396418557170705],[101.05267563197492,18.425534458248706],[101.05403447790889,18.442273654605515],[101.09299105129605,18.479151158199443],[101.09145975136647,18.49900480932456],[101.10364318728335,18.52134054972663],[101.13830356255943,18.52828873613629],[101.14853596965935,18.552568656118638],[101.18307190664325,18.560641770301515],[101.18223080400844,18.61177968058786],[101.22611029955073,18.624356309096413],[101.27223041640065,18.688458951219673],[101.25664601879879,18.70576886903814],[101.23425571832678,18.712451074657395],[101.22408859661152,18.7326513739618],[101.23588190212814,18.741537684816365],[101.24358644535823,18.770275775306857],[101.25243659627193,18.77175278316446],[101.24911428929306,18.79167472700709],[101.25835973991013,18.809229151604086],[101.24298313696227,18.83212995313488],[101.25427707142978,18.848410969190923],[101.245678881775,18.888463638086478],[101.25352608356195,18.90567443622632],[101.27462889660637,18.918395200877853],[101.27408019144775,18.930228357153],[101.2960850469874,18.94172260661304],[101.29308644738171,18.981915966348822],[101.31027625534495,19.00239197081288],[101.33605229108042,19.004810378196453],[101.3570058454435,19.049849282418506],[101.25671701307976,19.12489180940952],[101.24504515740813,19.180321125319722],[101.25963563597588,19.230648709570346],[101.2272764252669,19.3060351454057],[101.24164807270046,19.326032004573392],[101.2285207713166,19.34670689410791],[101.20530892576636,19.350161964403185],[101.18686298793659,19.399083605224234],[101.19629763342908,19.399692386894174],[101.2150220697128,19.43196787881459],[101.20507760574696,19.458393890565674],[101.21128911430122,19.474218744399593],[101.26594440441079,19.470548654297033],[101.26746480905376,19.503953447393712],[101.2852886750324,19.527507770966906],[101.27409545833876,19.551616611117765],[101.2876610802947,19.568930236841027],[101.28076590891965,19.582230701785534],[101.24651341306361,19.594528440635088],[101.24368194976222,19.60342720889861],[101.20684708482514,19.605475278161634],[101.19739651773517,19.57702508314111],[101.1696894253268,19.585703958171166],[101.12261546503174,19.572835653442723],[101.11629632921228,19.58441030768961],[101.09628630936572,19.58486539342323],[101.0868129093883,19.59998044474179],[101.06738896333007,19.604664194896714],[101.0614126868461,19.620029288321064],[101.03483671943911,19.629224307655704],[101.0144364315961,19.620345091552792],[100.98193856611198,19.627545226630957],[100.97375400973982,19.61946491787171],[100.910912551673,19.62701268318881]]]}},{"type":"Feature","properties":{"province_code":"56","province_th":"พะเยา","province_en":"Phayao"},"geometry":{"type":"Polygon","coordinates":[[[100.41961163636796,19.72848046560108],[100.40663366471193,19.735951174307274],[100.3789393435759,19.708790109775805],[100.346934256211,19.714919635233002],[100.33417538008979,19.702191955694275],[100.34326101488398,19.686689986353826],[100.31716193727362,19.649073374037016],[100.2890516374232,19.64291171310515],[100.28003128261764,19.651412845226673],[100.26816651787055,19.641320864566296],[100.26122418874536,19.648527934316746],[100.23012697777784,19.6054680044449],[100.17619363642723,19.610098626250647],[100.1630608078101,19.574812658277608],[100.16918385994722,19.56571933877649],[100.16276873768714,19.542130161977468],[100.09901216457979,19.553519129604183],[100.07226184560773,19.54390082456348],[100.06890981783391,19.431481325802622],[100.05159536923094,19.431632152002237],[100.04017870158589,19.444531458160327],[100.01011075031096,19.438791701575838],[100.01085184743488,19.42617307472767],[99.99881315200543,19.43568026942893],[99.94664540016515,19.427875997679223],[99.92187477140362,19.406543599407655],[99.9145760544414,19.432507448659862],[99.89957247319114,19.425863850936025],[99.87733306097203,19.455506484936393],[99.8638376409944,19.445754981307402],[99.78631203996872,19.450694037300025],[99.71447764113032,19.419635623984902],[99.6827843208398,19.422018983889018],[99.69614306455082,19.38003758306803],[99.69232080915805,19.360268305438012],[99.70845686888947,19.33953678289629],[99.69806643291957,19.30623764035488],[99.70342450014061,19.24413890718489],[99.72922793462152,19.18118759782942],[99.7264085312288,19.16940977234316],[99.75846380256252,19.133053662396662],[99.77353183372719,19.064269368236808],[99.79433023974883,19.05348122957514],[99.81964550783397,19.060916370993766],[99.82063970385929,19.045544671149685],[99.83294607260325,19.040415341095184],[99.82927770020575,19.01240042603888],[99.83839022113187,19.001517122916937],[99.8821907606951,19.000359073112804],[99.88924255889702,18.98887562810779],[99.91107240276921,18.988044263332142],[99.97580277257993,18.91862870355186],[100.01715210288728,18.896068166812483],[100.03330722734671,18.902636388758367],[100.0703196031672,18.86524295220056],[100.06214990359524,18.835667732280058],[100.06739502855777,18.817218866257747],[100.0881680620065,18.827691967010708],[100.11417453732508,18.80914414858364],[100.11789770001889,18.81991072689857],[100.13377281426403,18.817243454621803],[100.15694880564291,18.834407929582312],[100.17294830062366,18.80947334901589],[100.1860053856401,18.822430816129327],[100.19930624538699,18.813949891774143],[100.22676169669501,18.82541623976772],[100.33849320689603,18.813522152625296],[100.34000232684599,18.805338892176167],[100.33947990617281,18.82518777419648],[100.38582835819221,18.888916383784135],[100.390630653382,18.92591099259829],[100.40734642419818,18.93589301674939],[100.40485322020004,18.945034485952817],[100.43828353695574,18.945603267576814],[100.45359937990753,18.934543037231435],[100.48182014258555,18.951595389215868],[100.48091225629565,18.965733927878546],[100.50335222272696,18.99264258868459],[100.45703223155232,19.008961135248228],[100.49404804997761,19.052355658786666],[100.53147551688164,19.041308388571338],[100.55636019676575,19.044581051174646],[100.5655344399625,19.03063250418677],[100.60476817720968,19.02032811355167],[100.61951214037305,19.034022766637406],[100.56374334657824,19.075178866811314],[100.57406513909496,19.104974020434724],[100.58505565579395,19.096454713014623],[100.60998980108849,19.102756291369815],[100.62507134996287,19.118297542197865],[100.62059005878427,19.20631462342118],[100.60019213076231,19.251970006610577],[100.61651937107217,19.32265764663316],[100.60662261793954,19.33312810697663],[100.57019557936258,19.305085548559248],[100.55847209900821,19.319877697397885],[100.56437516078512,19.339834575405405],[100.5291204496491,19.35326594836488],[100.53446015361328,19.36635990198795],[100.51809215243094,19.37844234943492],[100.49631641896764,19.3714716197195],[100.48638467411348,19.39026211840212],[100.48873464578736,19.399557895980138],[100.52575970744459,19.408592841386564],[100.56438806515712,19.43558285666353],[100.57132724395723,19.463107792290828],[100.6030362781018,19.47989962956433],[100.59869659866916,19.51021134118048],[100.57488770580306,19.499328178352812],[100.549333852975,19.519471666584195],[100.52345704011037,19.518871051657754],[100.48632106776313,19.54388965858095],[100.48146082026068,19.55947346712685],[100.49179064732056,19.57844042268738],[100.48276038468407,19.60943294537418],[100.4426224987294,19.63532412940509],[100.44335690130004,19.6625356548966],[100.42818442557086,19.673217482900554],[100.44541530017602,19.70646883277044],[100.41961163636796,19.72848046560108]]]}},{"type":"Feature","properties":{"province_code":"57","province_th":"เชียงราย","province_en":"Chiang Rai"},"geometry":{"type":"Polygon","coordinates":[[[99.96152648565885,20.46415850511096],[99.92148914840556,20.44580605540517],[99.86523828202115,20.4460406309704],[99.85880764915373,20.41971339355831],[99.84042469444415,20.401133718446374],[99.84055778511373,20.37396355727242],[99.81056383905002,20.335906411151996],[99.77707848558373,20.334920360286446],[99.73095969793178,20.350116455809825],[99.71792162458337,20.342047333717517],[99.71870195103429,20.327828526964993],[99.68130781120658,20.316638197095187],[99.64434233772874,20.343825055981597],[99.61269882009452,20.33187586557881],[99.55782120678333,20.35803136935226],[99.51635678663644,20.362484901157302],[99.49673084655137,20.3858173323041],[99.45891871982315,20.393937305662178],[99.45860379343037,20.36379146500417],[99.50728052637527,20.325944747652045],[99.5052411526571,20.294340054649865],[99.52309179864767,20.232588830310306],[99.56374028908311,20.206091003197287],[99.53821730188702,20.164974955230036],[99.53890904421706,20.147389449163825],[99.51284378471297,20.147007544862333],[99.57052246244177,20.12246851940671],[99.57110334714184,20.10801686198863],[99.49231964943232,20.077454709867027],[99.49611031613824,20.049017913845717],[99.46759464777483,20.033340585699534],[99.4784008619103,20.012362980767023],[99.44860370369804,19.97559237328943],[99.4217155141597,19.962745101905],[99.42006072742072,19.918404279334084],[99.40287108313402,19.914786483009834],[99.38344717304864,19.890373993065396],[99.38934384963903,19.862783540028374],[99.4141764102132,19.844829310124624],[99.40869916843195,19.831579469816745],[99.4201367291268,19.814428372271607],[99.39134587631122,19.813246708968506],[99.3767780183909,19.782311318412667],[99.36239411859378,19.77640259270555],[99.36047679276982,19.727118678883983],[99.34494528159951,19.711639722295388],[99.31335159180259,19.70764577643149],[99.25836950784657,19.650352077786238],[99.26649947986715,19.612355433556445],[99.2906930712283,19.59639931557598],[99.29762104537502,19.563172386796282],[99.32589527095007,19.539353870284913],[99.30005405325204,19.51455115641079],[99.29476492536105,19.49376093601842],[99.30795356140777,19.488251196335682],[99.31735835570362,19.454612315106317],[99.30914077262861,19.429288554723087],[99.32978461217016,19.398412859366033],[99.323771010224,19.396107885270737],[99.33297234729605,19.362179131861524],[99.31641804076003,19.350498639100977],[99.34270833672042,19.268184782202013],[99.3109128165733,19.22466573223778],[99.30611358897102,19.176584644565764],[99.31957700117772,19.164884215634117],[99.32086929458234,19.123698295739814],[99.34448378369973,19.08659066642616],[99.38353891109193,19.06401926587648],[99.401001967267,18.999687534951818],[99.43694197259401,19.007893107580912],[99.49336998563638,19.076950553725112],[99.52927549656698,19.07615511056997],[99.54004342206633,19.08490645656775],[99.53728940298362,19.10940313834419],[99.56045235239418,19.140119066441798],[99.53598277708358,19.162282897837542],[99.54558488263626,19.240759521135033],[99.58028098438001,19.310432090968277],[99.57599799461184,19.388970424845297],[99.56340545080099,19.40430494221937],[99.56484865584088,19.417322715171224],[99.63118712138862,19.38359672920575],[99.67628735128028,19.39198008701146],[99.68963107271588,19.38206629622266],[99.68289018813175,19.42228065243023],[99.71447764113032,19.419635623984902],[99.78631203996872,19.450694037300025],[99.8638376409944,19.445754981307402],[99.87733306097203,19.455506484936393],[99.89957247319114,19.425863850936025],[99.9145760544414,19.432507448659862],[99.92187477140362,19.406543599407655],[99.94664540016515,19.427875997679223],[99.99881315200543,19.43568026942893],[100.01085184743488,19.42617307472767],[100.01011075031096,19.438791701575838],[100.04017870158589,19.444531458160327],[100.05159536923094,19.431632152002237],[100.06890981783391,19.431481325802622],[100.06877396894356,19.540912524893145],[100.09901216457979,19.553519129604183],[100.16276873768714,19.542130161977468],[100.16918385994722,19.56571933877649],[100.1630608078101,19.574812658277608],[100.17619363642723,19.610098626250647],[100.23012697777784,19.6054680044449],[100.26122418874536,19.648527934316746],[100.26816651787055,19.641320864566296],[100.28003128261764,19.651412845226673],[100.2890516374232,19.64291171310515],[100.31716193727362,19.649073374037016],[100.34326101488398,19.686689986353826],[100.33568250804137,19.705187170251747],[100.3478778887536,19.71524006457736],[100.3858446080423,19.711969143061538],[100.40601291126688,19.734403859250733],[100.41537257398517,19.7818577813116],[100.43862164966947,19.79150427290392],[100.44874168558039,19.826429578562227],[100.44324411012764,19.8387499533477],[100.46169737293548,19.85686310964485],[100.49796701396656,19.866789001711084],[100.50056645487803,19.88336564111148],[100.52001263757325,19.903447524883404],[100.51616884611542,19.94040733622961],[100.56964602434459,20.098319121630198],[100.5765417955675,20.170106825869368],[100.55119622392664,20.175079470641094],[100.52774867686003,20.14344181658663],[100.50810382493165,20.15040479414597],[100.4751546463699,20.191218239130478],[100.45528298362285,20.199085579435973],[100.45340051102482,20.230036709926253],[100.41316815668512,20.256770395037734],[100.38203272543001,20.315798650287547],[100.37551852575939,20.350842385867452],[100.35923033581139,20.35513701825886],[100.35539700436834,20.378134511298697],[100.31435625843466,20.40209629520791],[100.26609786222662,20.399042947574003],[100.24953580893049,20.385657887001912],[100.24666895640729,20.368101143053366],[100.22610862161565,20.354184465340836],[100.22916010315629,20.331894579571212],[100.22102445101768,20.31678442236324],[100.16867672055429,20.29977006943318],[100.18084020591084,20.26493551076527],[100.17197166296194,20.245838583383943],[100.11161773237251,20.250563779694744],[100.09192911044016,20.267705229312924],[100.09636640678428,20.317481471592714],[100.07850600135095,20.38025335360942],[100.06676777211504,20.374934942893333],[100.06678728830275,20.39422817968682],[100.05646648144301,20.396373614051072],[100.05433001242022,20.388078741440836],[100.00843625402996,20.418541327820094],[99.98980907942553,20.418230283800597],[99.98972519785963,20.435583270151824],[99.97730067978262,20.439419372406178],[99.98035656530328,20.4501736506935],[99.96152648565885,20.46415850511096]]]}},{"type":"Feature","properties":{"province_code":"58","province_th":"แม่ฮ่องสอน","province_en":"Mae Hong Son"},"geometry":{"type":"Polygon","coordinates":[[[98.05504274262853,19.807175130427993],[98.0485465887541,19.81510921122117],[98.03451488055737,19.804967907243167],[98.0380639012281,19.764312917407267],[98.0252749203014,19.722374893586505],[98.03467341304764,19.700216009361384],[98.03184221144897,19.672507618331963],[98.04469113668665,19.655800937863035],[98.03859530882647,19.643447765701865],[97.97378608376084,19.634659188670696],[97.97529456429277,19.602937995692002],[97.96007931231048,19.593564133577956],[97.94323519205051,19.597675624430565],[97.90286393472286,19.578799289955327],[97.86211662138504,19.575470355872255],[97.85507630842494,19.53200887241161],[97.88850042435519,19.501070964653366],[97.86141515198773,19.48174040509565],[97.8132097618211,19.412717022572565],[97.78576585870746,19.398875828556697],[97.80439960106082,19.384997281199617],[97.79859722558155,19.35302208100427],[97.84338531428091,19.29138497523644],[97.81067803985974,19.27949263367816],[97.80196966616722,19.288524702153325],[97.78290418358125,19.26702892764297],[97.81016390643919,19.252892666963078],[97.84549252655893,19.21567800933269],[97.8368797382094,19.09486534475991],[97.81196817039483,19.091168751636644],[97.79216436329477,19.073803755738766],[97.76975851894053,19.073072805665504],[97.76919527624108,19.044675688632196],[97.7359530176177,19.04084499939728],[97.73798751790969,18.97882360882255],[97.70550107831218,18.96771025732255],[97.70767341229822,18.95788386804611],[97.69154692674931,18.948618787027442],[97.66856533372322,18.947546528949204],[97.66791662035581,18.93170809355371],[97.68984643556462,18.925355332982292],[97.70417261507419,18.89811141391067],[97.74162133115959,18.881300586552868],[97.7486873836159,18.844200761555953],[97.73911749357751,18.827881383119404],[97.7528137285708,18.8081139760792],[97.75382019674475,18.766534098270085],[97.76368540615664,18.757961502421438],[97.75218529041888,18.737659199312645],[97.75449786558409,18.721100966336564],[97.77371701982469,18.689321019749286],[97.7684204914126,18.578247751232766],[97.73195396900053,18.58607323709026],[97.7225207624233,18.573751221941393],[97.70104414706981,18.5692891501742],[97.65100582076207,18.576916836442877],[97.63586226183395,18.559054278931853],[97.6148832485631,18.56088826458182],[97.6209242105839,18.539486599626912],[97.57213166834185,18.534452512273674],[97.56400315682026,18.521481737891918],[97.54596316037163,18.52965369925886],[97.5331574673433,18.491352095822606],[97.50125588475134,18.493787368192557],[97.48279175723388,18.51024043534784],[97.44559897741095,18.494937788148434],[97.42743834500368,18.54413818912616],[97.40425755124505,18.56588827122681],[97.36252016257549,18.559577564752885],[97.36176337677847,18.599497319245927],[97.34370192160645,18.574224108855617],[97.3468609090038,18.544922159630005],[97.38429513791033,18.509774244785604],[97.39883531919469,18.457813753402036],[97.41731947191613,18.437344717784526],[97.425159083425,18.410097954157322],[97.45192389407254,18.390396061828824],[97.44160452343004,18.357722450830465],[97.44611217283858,18.334086711632494],[97.50086642794338,18.268357823654696],[97.5320200111147,18.28102507504724],[97.55888482817232,18.339030894660084],[97.61849749796124,18.319124836442086],[97.63689585535951,18.292011540300393],[97.63895306713039,18.279622710020078],[97.61154658930371,18.25134093283782],[97.60966097087714,18.236181313816644],[97.6500694619362,18.17930694296109],[97.67595571858163,18.160403050560376],[97.67816589783797,18.113653946072816],[97.690568960789,18.087743571408737],[97.6812261162923,18.064529182575768],[97.70687242032602,18.05653902185844],[97.73646946139661,17.986215737666214],[97.73520100991874,17.9574102735653],[97.68923624465702,17.927418421123264],[97.6720092146536,17.88219109814071],[97.69958287734795,17.819187686562543],[97.71818269097844,17.81854240860531],[97.72313155407801,17.800055721594333],[97.752626604834,17.777547055951914],[97.78589276833662,17.784788176733002],[97.79556214497705,17.777071362253594],[97.81687826192228,17.786098495249405],[97.84731947231586,17.778529423194357],[97.90287013015245,17.810120494165517],[97.89917060703795,17.831719577396655],[97.9123111383484,17.85443537399334],[97.97035207378923,17.867823244047543],[97.9703982171041,17.847710303088093],[97.9825271604002,17.836683584180093],[97.97521391578965,17.823030143426422],[97.99136481343544,17.810128141100904],[97.9894455783508,17.786205608102364],[98.0101367627015,17.769281907733898],[98.02163146272187,17.738776020796763],[98.0154353271787,17.732960830877687],[98.02755399122378,17.720916172043758],[98.02330900680528,17.710486895254064],[98.03154994077721,17.710022691294228],[98.04038915143826,17.67533224358823],[98.06205000640273,17.648519604296325],[98.08741399076314,17.63563347590423],[98.14543935534203,17.683730338584326],[98.15283518559539,17.729413886741554],[98.13555847704214,17.759785532776164],[98.14805471605234,17.77646461844745],[98.1318057131632,17.79636049993718],[98.10412303734836,17.797356430754746],[98.07295380507412,17.830030004880882],[98.06910329118398,17.85299829873253],[98.05457879227748,17.868128901127932],[98.05748998137761,17.887013873591457],[98.04503326577264,17.898641268579752],[98.04926367218081,17.924558453809652],[98.05994123559958,17.93313407587698],[98.04717344090164,17.94549649216941],[98.08987403765678,17.963474008218952],[98.14368840229798,17.93566865678315],[98.16207964066297,17.970931165940613],[98.24615250043763,17.988674231430707],[98.2415571176669,18.010520405192608],[98.22087858407946,18.02472170034622],[98.25272442039574,18.068652171260737],[98.24229410488908,18.08811697621752],[98.22886243425398,18.088521116256572],[98.23088627578107,18.098232295184346],[98.2129800480908,18.08736882571077],[98.19234680795887,18.097391631418702],[98.18232195269604,18.15220052213641],[98.15667236433819,18.16117556909728],[98.17693149099557,18.191422373943453],[98.16679908041328,18.20418283916672],[98.17204898437319,18.21856848904457],[98.14861677704266,18.22587195442719],[98.13984349568085,18.239615246446533],[98.13937036505035,18.280632279955796],[98.19733514410166,18.28731583365885],[98.20818199410382,18.30589171902767],[98.20047689419334,18.32923098771994],[98.14490010115878,18.362812341116694],[98.12279129478247,18.394985670052677],[98.12591873306314,18.405767609687473],[98.09457748386387,18.420495281631986],[98.08184369073382,18.416922027829344],[98.0738245691486,18.428797670775907],[98.08271871489683,18.44663193111876],[98.10537471287279,18.458429923002598],[98.12127158621479,18.50156498763414],[98.15404556155346,18.512112976732567],[98.16399134662339,18.52523883020791],[98.17513719782346,18.523173038005325],[98.17495867969939,18.54720327920802],[98.20918646938014,18.537277463584132],[98.23722902599883,18.570778958082485],[98.22717052440026,18.58683259584768],[98.21221227437701,18.591053848955994],[98.21074702785313,18.607492974820957],[98.18250457622526,18.60976202909444],[98.18256359603316,18.624968456029478],[98.145742765916,18.637977838306654],[98.11919161170357,18.634231439829136],[98.1057873218275,18.64841642307954],[98.11243481361583,18.669701656406346],[98.1002688614189,18.703265794980496],[98.10751915528482,18.71376429258811],[98.10216586256456,18.735725388915625],[98.09396825702947,18.737586505313004],[98.12020571332306,18.758320753699877],[98.12162371396329,18.774576097708803],[98.08968692381256,18.78303780175321],[98.07835960741,18.821512779191437],[98.08887115328116,18.861216022801273],[98.12436474863432,18.9078951618323],[98.15708705522349,18.920642979889635],[98.15668456184312,18.93746126262721],[98.17259659325822,18.95137195984813],[98.16350695558157,18.981322631434352],[98.18594493271252,19.015239028158646],[98.18492310591665,19.03161965941979],[98.2509472620066,19.10933402004906],[98.24043858137549,19.140308056271806],[98.25195713591313,19.16059126767294],[98.26477414511078,19.152554930365795],[98.34272424862525,19.153134936428216],[98.35119305371654,19.096490961988366],[98.37121659037342,19.085207429978936],[98.37298507660006,19.065119141235414],[98.38606861337587,19.061544889185313],[98.40089400025795,19.03610392465646],[98.4215071207571,19.027874666582647],[98.43900701676046,19.048055953319647],[98.54579407683525,19.026592956399895],[98.56697055065047,19.04532649202406],[98.59277397793682,19.043017381946697],[98.63292631329875,19.06255931276212],[98.65168143894732,19.09405745678623],[98.633469100019,19.15568907668961],[98.58238856468057,19.18863869861707],[98.56845712099937,19.207892076558153],[98.56899952101116,19.216699631982465],[98.59843093573915,19.22942945640432],[98.5873042526892,19.255263775402966],[98.60388688786963,19.27983549571161],[98.59385156359883,19.289319522078358],[98.60141898359927,19.31466869190666],[98.58876262659402,19.332451805106757],[98.5951741506666,19.354641156564185],[98.57331941715745,19.386336499429945],[98.59602036234992,19.406726409995883],[98.58613880326322,19.41530976803142],[98.58453658279711,19.44421125724375],[98.59888500883613,19.47011218542906],[98.58781946259819,19.50125455675243],[98.56432816621196,19.515629401275874],[98.56624599835419,19.546733474070606],[98.54242734964254,19.5586745292062],[98.53942643158462,19.610220398952322],[98.47235137361707,19.657887697759122],[98.46067651420981,19.697716287976334],[98.41460674860264,19.692972290438888],[98.39244841206465,19.70409955265228],[98.37074469271346,19.689548138835562],[98.32428032887412,19.69846550957567],[98.296433041152,19.68258983325427],[98.24765895479698,19.676746633950074],[98.23246826779638,19.693842483443916],[98.23795534906014,19.709476217853194],[98.22863751830687,19.72726512088866],[98.19259290473883,19.73736595717321],[98.18354273470948,19.75988506844118],[98.13644903519486,19.786935144041706],[98.10074836104809,19.77183609615895],[98.0837533678237,19.792128375424227],[98.0844897803791,19.80973430059754],[98.05504274262853,19.807175130427993]]]}},{"type":"Feature","properties":{"province_code":"60","province_th":"นครสวรรค์","province_en":"Nakhon Sawan"},"geometry":{"type":"Polygon","coordinates":[[[100.02826247673198,16.18782279378695],[100.01620464103144,16.1532576504203],[99.93263496902864,16.054459104404202],[99.88650184438467,16.051357804918837],[99.84509676510368,16.01732047006368],[99.84622548441865,15.981405077382476],[99.8252172153023,15.950059142715304],[99.80727018986744,15.94377332318038],[99.80494813674716,15.920555531312743],[99.78707245992615,15.926667364407365],[99.76964542699494,15.919179155793472],[99.77216333716831,15.899200078920558],[99.73975806138549,15.858232727558402],[99.70918246080197,15.879691888869615],[99.68244267019315,15.867214540118994],[99.65206603831706,15.904081896662262],[99.62850288340138,15.914952325089757],[99.55646456508765,15.90598213356867],[99.54032151942266,15.926308402710674],[99.47887308602418,15.922217870558313],[99.4766694133628,15.902908256211106],[99.46625107412785,15.900922915560159],[99.43146690087684,15.909019561403682],[99.42464966205233,15.921336920762315],[99.40471500539326,15.911007096400454],[99.35700558593908,15.926411244683266],[99.33006694083673,15.911491163686321],[99.31952353918007,15.92756331669375],[99.30908507671495,15.904136195029423],[99.289612027673,15.904806171967323],[99.2898621129462,15.891887062737794],[99.2082314233416,15.948691882724233],[99.20446782712855,15.936340591045507],[99.1942508730794,15.945076328409868],[99.18643020309145,15.928567450227717],[99.17219091338,15.937195975813665],[99.17339485468887,15.92844045156562],[99.14820125858125,15.909441434274811],[99.12868573815638,15.912732252391606],[99.09524443258454,15.883340782850894],[99.08672969102247,15.886771855636653],[99.0973311511118,15.871165079305001],[99.09624572875742,15.831410279360966],[99.13375476956702,15.798213739572475],[99.1638988781308,15.78985345837043],[99.16581309679702,15.777574587297408],[99.18656212104509,15.783689567119893],[99.20205201069177,15.766878328771895],[99.21668073832546,15.7681412467212],[99.24510744485275,15.722909308417911],[99.27609730644559,15.71782201627309],[99.28817459178407,15.696902308794563],[99.35462384841196,15.681780355179285],[99.37195177065774,15.663725853565325],[99.36801868641328,15.650310642322324],[99.3785001202844,15.625539699697413],[99.42252642655342,15.614494320756364],[99.47162021110393,15.564194646066085],[99.51809673827393,15.565298898425453],[99.5635723766639,15.591661444120405],[99.59582754030879,15.629712062062083],[99.70422453073758,15.685169819931275],[99.73627632439292,15.686305045841266],[99.79519076773983,15.641949843110808],[99.86100077366683,15.617254141365606],[99.8659387711574,15.654826979181792],[99.93193853763347,15.673380281674724],[99.94635291635404,15.502285724706496],[99.95860144160332,15.506880522917868],[100.0008283789266,15.482221816583603],[100.01318454313224,15.491488869815555],[100.00914128024596,15.502454368274527],[100.03504431284483,15.51002413100889],[100.01310393419925,15.473133092618184],[100.06080107161222,15.438539093604334],[100.05411348714779,15.42419236098874],[100.07737736477361,15.42662083088669],[100.12459632276216,15.412506676442035],[100.1443233358533,15.390727325006083],[100.21713153769036,15.36345045657339],[100.21305612763825,15.354227814562023],[100.2324932262814,15.368660155441887],[100.25209625343939,15.355818142393389],[100.26492562741583,15.323358129374242],[100.25153382192838,15.305415158982441],[100.25414655032307,15.291004551119215],[100.26352529395723,15.286951688869408],[100.26971163498405,15.25162961941146],[100.27821331389339,15.249329516943703],[100.27491676169927,15.224330499952657],[100.29540655726686,15.20774159110158],[100.2971286699522,15.18110026726356],[100.31805233984369,15.158164841834036],[100.33618927511503,15.161781691172166],[100.35633608903936,15.115671957894563],[100.3542893894438,15.101229765841083],[100.42305186605086,15.052671906183548],[100.45866203782282,15.11579323057316],[100.47693151967394,15.113824006672644],[100.50766392335146,15.131656312788664],[100.53220468809593,15.183100065415715],[100.61308932801012,15.243655786785155],[100.5974085752456,15.269209948080686],[100.58986438113635,15.267985851166145],[100.59562273120412,15.29014112191527],[100.61175016283983,15.294796455292214],[100.62317664658502,15.319787169742142],[100.63350723087405,15.323258089689148],[100.63545593314484,15.348026619432972],[100.62498607804514,15.358467278042497],[100.63037840134223,15.386094855992837],[100.64432683321684,15.396590096255977],[100.6440450135666,15.417346166692312],[100.679712491938,15.452216209010885],[100.7082165005911,15.440128857560751],[100.76721793895678,15.460461237596064],[100.76946691316755,15.494971999857967],[100.74544242133072,15.512655644442475],[100.76917168282694,15.534294909382595],[100.79418284606157,15.539091518159069],[100.83216152993072,15.563674641871273],[100.80838752986068,15.594275833562904],[100.82500554257177,15.614029695014437],[100.81835082113355,15.630974750684231],[100.83348197391405,15.680718119145922],[100.81899691657452,15.70674185155525],[100.81969279398731,15.74730939581201],[100.78991497659496,15.844007793724757],[100.80112869873051,15.869989275085004],[100.7983570898079,15.890230417999419],[100.76392958408309,15.91138290779503],[100.76791990388051,15.934839246633999],[100.75613036832192,15.942506212591695],[100.73781931171192,15.989251233257846],[100.7022542553297,15.989315499710585],[100.65370956624355,16.006740866198072],[100.62598670332375,16.002724186372177],[100.61675569402013,15.983374794111512],[100.53692415842323,15.923877658427216],[100.52002866259278,15.940748317680743],[100.45897107725347,15.941628066881833],[100.44897587173915,15.934303506101969],[100.41630691023579,15.945131286879416],[100.39878281257683,15.932687157286523],[100.37764155441425,15.941238976997226],[100.33332725644777,15.94007823012629],[100.34273208761579,15.965184922046546],[100.33891713471803,15.978508624573408],[100.32230031001137,15.987774074314132],[100.32345117423239,15.974112232093887],[100.306209131846,15.973516328715675],[100.30933902077925,15.961211432161917],[100.26794735218863,15.93983032840697],[100.25541284792467,15.955062026291557],[100.24070533967972,15.95269775179986],[100.24396960891039,15.94014116917964],[100.23290001932048,15.931440594407945],[100.18025337309473,15.929000810139314],[100.16051649084346,15.961010689991383],[100.16127591525134,15.979701263202799],[100.11582617823558,16.04715216943714],[100.11425466422145,16.08011402933903],[100.07737697896448,16.124953856935008],[100.08642599786157,16.14160837762455],[100.07683874101514,16.14729242930224],[100.07680566484959,16.16181367356222],[100.04439054328901,16.16839958427346],[100.02826247673198,16.18782279378695]]]}},{"type":"Feature","properties":{"province_code":"61","province_th":"อุทัยธานี","province_en":"Uthai Thani"},"geometry":{"type":"Polygon","coordinates":[[[99.13755654829612,15.797448566698051],[99.12761389736352,15.767133567160442],[99.13884618060683,15.731260253757739],[99.11164038019945,15.66820469768868],[99.11574326813735,15.633520109965161],[99.09756808469939,15.61136781237468],[99.09413004306708,15.582658655772377],[99.04830450095204,15.555350493630442],[99.05517131940093,15.525062126615921],[99.07838970392174,15.499819854702594],[99.05586207427535,15.444148443096196],[99.06828303463442,15.394621070206256],[99.04356401796514,15.37629562624221],[99.04293746928886,15.346178015303224],[99.0309478399709,15.335439306978458],[99.0390776618047,15.288932201959597],[99.02396484979806,15.278602687863781],[99.01932945439086,15.246863392431692],[99.00619746574051,15.239228956750992],[99.00220490213457,15.185179115423864],[98.9843579208814,15.18029303129839],[99.00660506007551,15.144370292954704],[98.99770413074111,15.105346926919196],[99.00988090178225,15.086117184060868],[99.00031158371269,15.071331127229769],[99.02812969742763,15.04956646442082],[99.06797738744655,15.047607544052937],[99.07721578558011,15.038649370172323],[99.11343388016951,15.04432123243896],[99.1191043224066,15.054997726563897],[99.14289050469307,15.05207144234322],[99.13561576455595,15.037363266801378],[99.15773602199988,15.01748659123325],[99.18080156943694,15.01740013670701],[99.19226829424645,15.028782344129922],[99.20399220717468,15.014217959391374],[99.23333734814014,15.012209225575361],[99.25720047372295,14.987519954882089],[99.27811075540711,14.991960871896765],[99.28479328118505,15.007008294197476],[99.3013346087053,15.014413173429261],[99.30734247837273,15.026059161001513],[99.29584537896113,15.037389385811537],[99.29903531113075,15.053825076266321],[99.32213473063337,15.072742749878046],[99.31954812304753,15.08115866583978],[99.33838340167273,15.081748848630525],[99.36470830444478,15.04871834977206],[99.41970708521387,15.048598504317567],[99.42620600989949,15.00688241878862],[99.44486676428983,14.983361516720663],[99.4513623138198,14.993482896218723],[99.52469999780669,14.982903365198183],[99.53240960511926,14.96888720358163],[99.5648973568276,14.962262794692265],[99.58343265309452,14.946869868149918],[99.63430336940502,14.937631150757056],[99.62740915221065,14.980035814801056],[99.63486964821573,14.99044258875449],[99.66673765371979,14.988420663682746],[99.70364577473276,14.975993472820562],[99.6952402018739,14.96594281600818],[99.72879888516047,14.962354812424678],[99.71958993442797,14.974843194058224],[99.72378089657116,14.98683026840223],[99.76918788701141,15.023388643970804],[99.77293027631129,15.05857048933666],[99.79105800342415,15.087490599011971],[99.76750412141814,15.129717160418693],[99.77086260632427,15.141126068713163],[99.7482186241902,15.163388107874937],[99.75989331542422,15.175309290691246],[99.7316601609877,15.208700741446137],[99.73498922996907,15.241775627243442],[99.72653202793083,15.259496412029819],[99.76333385537316,15.299723475657913],[99.7575495778508,15.312209755575793],[99.78728817041281,15.319260117560418],[99.85010195993755,15.311675548387882],[99.87598991630165,15.302741170568595],[99.88234063361341,15.287621789014395],[99.95773546372072,15.306729718701604],[99.9664556949744,15.298799799071503],[100.00286146728297,15.30204080374017],[100.03834396320337,15.291171900562802],[100.04805236502466,15.264814260669652],[100.05743573836867,15.263161877818447],[100.06083969299749,15.283066284881215],[100.07842384918138,15.295603892705515],[100.07888915660936,15.318606371586839],[100.0993424397019,15.334739474347316],[100.09895951736792,15.350353787897063],[100.0746801405761,15.372526448836595],[100.0817823134031,15.38076440425391],[100.10600906007011,15.3757595223841],[100.08765953855692,15.403631790574707],[100.1016475783731,15.418345875561783],[100.05411348714779,15.42419236098874],[100.06080107161222,15.438539093604334],[100.01310393419925,15.473133092618184],[100.03504431284483,15.51002413100889],[100.00914128024596,15.502454368274527],[100.01318454313224,15.491488869815555],[100.0008283789266,15.482221816583603],[99.95860144160332,15.506880522917868],[99.94589556163095,15.502935158430887],[99.93193853763347,15.673380281674724],[99.8659387711574,15.654826979181792],[99.86100077366683,15.617254141365606],[99.79519076773983,15.641949843110808],[99.73627632439292,15.686305045841266],[99.70422453073758,15.685169819931275],[99.59582754030879,15.629712062062083],[99.5635723766639,15.591661444120405],[99.51809673827393,15.565298898425453],[99.47162021110393,15.564194646066085],[99.42252642655342,15.614494320756364],[99.3785001202844,15.625539699697413],[99.36801868641328,15.650310642322324],[99.37195177065774,15.663725853565325],[99.35462384841196,15.681780355179285],[99.28817459178407,15.696902308794563],[99.27609730644559,15.71782201627309],[99.24510744485275,15.722909308417911],[99.21668073832546,15.7681412467212],[99.20205201069177,15.766878328771895],[99.18656212104509,15.783689567119893],[99.16581309679702,15.777574587297408],[99.16115358606919,15.791861967355942],[99.13755654829612,15.797448566698051]]]}},{"type":"Feature","properties":{"province_code":"62","province_th":"กำแพงเพชร","province_en":"Kamphaeng Phet"},"geometry":{"type":"Polygon","coordinates":[[[99.49075618435046,16.908159445102342],[99.466564530129,16.896059148810707],[99.46836448633206,16.866367296713406],[99.41715117778466,16.865708367946866],[99.41433552456488,16.847168399701957],[99.38248472758818,16.83590930497047],[99.38662731339986,16.811152366588487],[99.36801698039937,16.805324331652628],[99.32483353763769,16.81504909394056],[99.31648287918159,16.79631391705368],[99.29197862511353,16.78511383133832],[99.30633079682889,16.768255480206278],[99.30303888963311,16.739232778569942],[99.2817289132588,16.706506368374278],[99.28248142637676,16.688990260292314],[99.27125075381929,16.68368650672693],[99.27216279227912,16.668712616594007],[99.24672037624441,16.66211603272876],[99.24280380265344,16.62387090941496],[99.25715947093289,16.582230827390845],[99.24054855207407,16.53354705455297],[99.21944310671404,16.52739038575777],[99.1913642372698,16.538841670107047],[99.16463743556926,16.502819298571808],[99.13996538869179,16.500402123259448],[99.12198423938122,16.474688910564794],[99.10731161583846,16.48069160823121],[99.07482413212807,16.467468874389112],[99.0442317394033,16.418566311785924],[99.0199948600748,16.417609507772625],[99.01613987475548,16.386970682151286],[99.03711066192756,16.382765506223166],[99.04233124708946,16.338508547231697],[99.0521485523139,16.330267377637426],[99.05351319707643,16.30917519457961],[99.04221307077665,16.2922104581462],[99.04887327538142,16.259400986566334],[99.08308892781184,16.21331037377479],[99.0675919676952,16.165247212289046],[99.05059837921186,16.160375814991937],[99.05026793861452,16.13787794211339],[99.07721222876143,16.127463347655407],[99.09381136830007,16.103015020626742],[99.10798598956183,16.099793354979397],[99.11646566475866,16.074523375853175],[99.10571163918087,16.049814824594534],[99.0869369883514,16.041898226621925],[99.08145771859887,16.007282936158617],[99.08873535005642,15.97981689443418],[99.0744502111084,15.960388708971777],[99.09689403922857,15.93092364610942],[99.08546232142908,15.909898010185088],[99.08672969102247,15.886771855636653],[99.0942463676758,15.88329375730109],[99.12838523239265,15.912596822585328],[99.14820125858125,15.909441434274811],[99.17339485468887,15.92844045156562],[99.17219091338,15.937195975813665],[99.18643020309145,15.928567450227717],[99.1942508730794,15.945076328409868],[99.20446782712855,15.936340591045507],[99.2082314233416,15.948691882724233],[99.2898621129462,15.891887062737794],[99.289612027673,15.904806171967323],[99.30908507671495,15.904136195029423],[99.31952353918007,15.92756331669375],[99.33006694083673,15.911491163686321],[99.35700558593908,15.926411244683266],[99.40471500539326,15.911007096400454],[99.42464966205233,15.921336920762315],[99.43146690087684,15.909019561403682],[99.46625107412785,15.900922915560159],[99.4766694133628,15.902908256211106],[99.47887308602418,15.922217870558313],[99.54032151942266,15.926308402710674],[99.55646456508765,15.90598213356867],[99.62850288340138,15.914952325089757],[99.65206603831706,15.904081896662262],[99.68244267019315,15.867214540118994],[99.70918246080197,15.879691888869615],[99.73975806138549,15.858232727558402],[99.77216333716831,15.899200078920558],[99.76964542699494,15.919179155793472],[99.78707245992615,15.926667364407365],[99.80494813674716,15.920555531312743],[99.80727018986744,15.94377332318038],[99.8252172153023,15.950059142715304],[99.84622548441865,15.981405077382476],[99.84509676510368,16.01732047006368],[99.88650184438467,16.051357804918837],[99.93263496902864,16.054459104404202],[100.01620464103144,16.1532576504203],[100.02455738321675,16.191561375357253],[100.04571270677604,16.20579197312111],[100.02122730699466,16.251543687191486],[100.03308966515596,16.281437742857577],[100.018867919419,16.300965373553197],[100.02669713566434,16.33553307459175],[100.00503364118964,16.337219212596608],[99.98343854555247,16.373237509303635],[99.99396764169336,16.387413137806107],[100.00120489179238,16.4535821027319],[100.03481383908746,16.50245866143814],[100.02504123556463,16.52003544587916],[100.01050790711429,16.522130286183824],[100.01520005423919,16.581582162586756],[99.92809807096927,16.578905608407126],[99.89768351198455,16.63392957558949],[99.88598778111128,16.693950382903893],[99.89512825656385,16.706114560738456],[99.8726975900218,16.714441009445068],[99.85339774231204,16.735602774848246],[99.84495835314556,16.715174263581446],[99.81578464724373,16.72083848880527],[99.80378597704129,16.710676220731045],[99.80882859266546,16.697855423588976],[99.7686717508007,16.68302526940073],[99.76468289869689,16.71693389418391],[99.74169411828899,16.72891209671593],[99.74590620820499,16.74342399971789],[99.69774260863454,16.716985387565614],[99.69362959073311,16.731307253027353],[99.67624109644947,16.728020378437748],[99.6549908242672,16.746056738028074],[99.642027203093,16.743628605375875],[99.58183584744648,16.80332235444314],[99.57130103881195,16.859277192788284],[99.56088147919695,16.860206484741525],[99.5683285438273,16.85311158473189],[99.54553294229152,16.862822957913238],[99.53018721396882,16.82594745710952],[99.5131197740584,16.86969178814553],[99.51515538321445,16.890320191723504],[99.49075618435046,16.908159445102342]]]}},{"type":"Feature","properties":{"province_code":"63","province_th":"ตาก","province_en":"Tak"},"geometry":{"type":"Polygon","coordinates":[[[97.97330254527628,17.865011161136238],[97.9123111383484,17.85443537399334],[97.89917060703795,17.831719577396655],[97.90287013015245,17.810120494165517],[97.84820417138548,17.77879558205052],[97.81687826192228,17.786098495249405],[97.76231132930445,17.77629924301573],[97.7425888937625,17.78482550039655],[97.7457948527503,17.770007153407448],[97.75885115985318,17.769961518209527],[97.77445172906408,17.75106750216355],[97.76308605477766,17.74522866816858],[97.7629014068745,17.725255426996398],[97.79397167505283,17.679021845381897],[97.90509102662963,17.5849083157662],[97.92361654276931,17.539250754418845],[97.96230060359005,17.527840037587737],[97.97076555778432,17.50830353508013],[97.9916216840935,17.510780796796382],[98.03680947287893,17.452268985325475],[98.05675723355955,17.44121255641437],[98.04569125744564,17.429927677220576],[98.08074402221894,17.389836127934984],[98.08873755359531,17.39599620336213],[98.11043221497482,17.385382526882154],[98.1197031056139,17.373373224894465],[98.10521626941534,17.353788332565557],[98.11125975943042,17.32126696869568],[98.1264450406062,17.31972152512833],[98.13513779667204,17.292598699770224],[98.16166023373285,17.279024694334225],[98.16673578163108,17.263197873682998],[98.20590778581573,17.249314221773943],[98.21234476609811,17.22923979967709],[98.22870926711903,17.22116659915929],[98.24496445734388,17.226185473580813],[98.22772765800505,17.205674292134916],[98.2470139871059,17.210754374414876],[98.24923107855147,17.18249983679806],[98.26245107125999,17.18755495209939],[98.2590196918054,17.1752066938339],[98.27929427870805,17.1733096396282],[98.2672107808529,17.160980133126714],[98.27125630823213,17.152105081784157],[98.29671168259813,17.149700543745155],[98.29648804458765,17.141677760120558],[98.28468836107908,17.14375145376664],[98.28021237140388,17.115529784571947],[98.293218036783,17.113959901028636],[98.29814639713857,17.12745404936493],[98.301257174579,17.107755469239578],[98.32258901167359,17.111032244442583],[98.3156596345845,17.094876687409226],[98.30868511602534,17.10067861502614],[98.29962481693184,17.09111369104403],[98.31260434081776,17.08888708117388],[98.31810277872034,17.068934040573538],[98.34493212381852,17.04812078224836],[98.39018785098858,17.060581951296058],[98.39711029340538,17.047350157683695],[98.4110115027787,17.054082148872112],[98.42400674231737,17.03786023985822],[98.43778379308765,17.036040128049535],[98.43027616091615,17.0222358952704],[98.45539618888307,17.02216430024231],[98.4484755343185,16.996991772552292],[98.4726561376707,16.995238913844844],[98.4807478678199,16.979822873826606],[98.46971950764924,16.970711147901227],[98.48759808298519,16.971242703887697],[98.48883174958564,16.957800959946383],[98.50796336291893,16.94863575763418],[98.48289521504222,16.937728898569844],[98.4904323854463,16.922651007238244],[98.50554430532549,16.927874437855053],[98.50734686056921,16.910732459435508],[98.52160197205342,16.917285513415777],[98.51333964860595,16.901898150079603],[98.5357066413485,16.898951274082094],[98.52651161032264,16.883713493183222],[98.53999852631102,16.86137158702917],[98.5083885659796,16.879519469747777],[98.51550933858516,16.857421843743168],[98.50052218884798,16.863824819759657],[98.49210490231945,16.841509755670756],[98.50259274925605,16.83224514769546],[98.5153302098214,16.837463103239656],[98.52604707181496,16.82698086267675],[98.53788663396102,16.829213458434424],[98.54778335112081,16.813973413042618],[98.51485631656584,16.804558340395147],[98.52554857580617,16.79956635570278],[98.52043768635019,16.79027773133231],[98.51068613235918,16.79785699360542],[98.50299638927203,16.785629070025607],[98.48607610542797,16.790233257159116],[98.489347544054,16.772581665311634],[98.47697715257357,16.764067107211304],[98.47845508313566,16.746148576795406],[98.46295896568375,16.751414102878584],[98.46909648341602,16.738078129102405],[98.46305787042445,16.729354565860604],[98.47807068321549,16.719252108098374],[98.47099247732103,16.71427387493941],[98.5017780264348,16.714901562157422],[98.49692928306001,16.690305995425376],[98.51743255766644,16.701175959802754],[98.51245744425569,16.64409623595259],[98.52132952783552,16.650385868613],[98.5341786734071,16.635018802076104],[98.5712132373011,16.631808830313332],[98.57112760295655,16.606109920436552],[98.58719049024899,16.58672282230043],[98.57978810483723,16.57538121567063],[98.58697888786543,16.565888036903402],[98.57262079141645,16.569270457265816],[98.58528543027842,16.55917208602301],[98.58293679679582,16.547592543061455],[98.5981900757115,16.54653658069867],[98.61398221940397,16.50577308765793],[98.63395431394048,16.47813346059081],[98.65142531382725,16.471179959187793],[98.65783398884759,16.453203363144723],[98.6362423645935,16.411503150649935],[98.656289943726,16.399473076121637],[98.64912822498763,16.393554761842836],[98.65365343455841,16.370254940113455],[98.6646147421767,16.364412503434323],[98.65299775144513,16.35216031164913],[98.66663812055288,16.345809113200062],[98.66671881042481,16.29182945586473],[98.67509371370397,16.27206335823746],[98.68201664175467,16.28202700744049],[98.70185815922673,16.270403199847863],[98.70718198925744,16.294400801955476],[98.71999157455156,16.296853328718214],[98.72812675724413,16.332386409705066],[98.74737984830142,16.34657896614641],[98.77677194466958,16.345103565377315],[98.78477219578025,16.368265800726192],[98.81693547209443,16.38531642781095],[98.8133055322246,16.3938753152936],[98.82930409640699,16.42233458897016],[98.87918161763758,16.425753582062214],[98.9181917834241,16.38824135135735],[98.92040960511923,16.36994275575364],[98.90912725212104,16.347662184262447],[98.92647847310309,16.345352412284058],[98.92798516668216,16.306533357828243],[98.91104520027585,16.298421258034693],[98.90396376491589,16.25425340656949],[98.85310627223674,16.218470198940565],[98.86237546675443,16.170607125818265],[98.85085005758413,16.160942088406728],[98.84748106320058,16.12754259771276],[98.83113993466031,16.126071414764056],[98.80447194142704,16.103592540963064],[98.77998227795985,16.12621804382769],[98.74310606129575,16.118881351193465],[98.71863515678712,16.122935566922934],[98.70890072858583,16.134714369972244],[98.68666952357972,16.13305902565355],[98.67835174343827,16.12584724795221],[98.6824245067856,16.111631944958333],[98.66631360558847,16.109923642262345],[98.6749633290944,16.095488428048554],[98.65921709309441,16.08225273857306],[98.66160608725119,16.073786953405204],[98.62697455862906,16.061862979093235],[98.62514249213234,16.042444747327295],[98.60834398998321,16.0424881728909],[98.60843757343531,16.061125885751096],[98.59683817614098,16.074442043865304],[98.58666916674872,16.075384297747178],[98.56684114090598,16.055891775684927],[98.5616581815799,16.033510179751033],[98.59674930783433,16.008511574649503],[98.60717645502945,15.985358437741752],[98.58473908404153,15.91691300363226],[98.5958841015701,15.875455384158727],[98.61041060776341,15.87623293710044],[98.56948765233335,15.775260419432868],[98.54660501890658,15.682098608164267],[98.5585549071833,15.651111898695206],[98.5831291518889,15.660355353716625],[98.59022602591045,15.644854056169834],[98.6269912788245,15.638443797443358],[98.6258311875593,15.62631444405639],[98.64064918741013,15.63805694417266],[98.64791807475939,15.633221839016699],[98.66105699988071,15.598831639868308],[98.72368445797144,15.51756747076223],[98.71878834460648,15.506312332148468],[98.7034654006078,15.50986340327347],[98.70307388705032,15.500923834567345],[98.75920828943106,15.472472884116371],[98.75405264341481,15.441915224108357],[98.77901778744098,15.423210831914389],[98.83138904686706,15.345675430976428],[98.83955738756345,15.348577949712649],[98.87097967557162,15.32486917207467],[98.89075766313573,15.290453564380527],[98.88648624764227,15.275419425965765],[98.91150798780347,15.268374332209703],[98.92280728762626,15.246481835268526],[98.95510385875616,15.2476380306706],[98.97149947002458,15.191482594945853],[98.9843579208814,15.18029303129839],[99.00136730775512,15.184383503196159],[99.00619746574051,15.239228956750992],[99.01932945439086,15.246863392431692],[99.02396484979806,15.278602687863781],[99.0390776618047,15.288932201959597],[99.0309478399709,15.335439306978458],[99.04293746928886,15.346178015303224],[99.04356401796514,15.37629562624221],[99.06843846086633,15.395252759407356],[99.05586207427535,15.444148443096196],[99.07838970392174,15.499819854702594],[99.05517131940093,15.525062126615921],[99.04830450095204,15.555350493630442],[99.09413004306708,15.582658655772377],[99.09756808469939,15.61136781237468],[99.11574326813735,15.633520109965161],[99.11164038019945,15.66820469768868],[99.13884618060683,15.731260253757739],[99.12761389736352,15.767133567160442],[99.13617363200757,15.789384097698019],[99.13127106240967,15.807261492224143],[99.09624572875742,15.831410279360966],[99.0973311511118,15.871165079305001],[99.08614144986808,15.884983195817881],[99.08546232142908,15.909898010185088],[99.09689403922857,15.93092364610942],[99.07445608727869,15.959695980984804],[99.08873535005642,15.97981689443418],[99.08145771859887,16.007282936158617],[99.0869369883514,16.041898226621925],[99.10571163918087,16.049814824594534],[99.11646566475866,16.074523375853175],[99.10798598956183,16.099793354979397],[99.09381136830007,16.103015020626742],[99.07721222876143,16.127463347655407],[99.05026793861452,16.13787794211339],[99.05059837921186,16.160375814991937],[99.0675919676952,16.165247212289046],[99.08308892781184,16.21331037377479],[99.04887327538142,16.259400986566334],[99.04221307077665,16.2922104581462],[99.05351319707643,16.30917519457961],[99.0521485523139,16.330267377637426],[99.04233124708946,16.338508547231697],[99.03711066192756,16.382765506223166],[99.01613987475548,16.386970682151286],[99.01974304810324,16.416680662782426],[99.0442317394033,16.418566311785924],[99.07482413212807,16.467468874389112],[99.10731161583846,16.48069160823121],[99.12198423938122,16.474688910564794],[99.13996538869179,16.500402123259448],[99.16463743556926,16.502819298571808],[99.1913642372698,16.538841670107047],[99.21944310671404,16.52739038575777],[99.24054855207407,16.53354705455297],[99.25715947093289,16.582230827390845],[99.24280380265344,16.62387090941496],[99.24672037624441,16.66211603272876],[99.27216279227912,16.668712616594007],[99.27125075381929,16.68368650672693],[99.28248142637676,16.688990260292314],[99.2817289132588,16.706506368374278],[99.30303888963311,16.739232778569942],[99.30633079682889,16.768255480206278],[99.29197862511353,16.78511383133832],[99.31648287918159,16.79631391705368],[99.32483353763769,16.81504909394056],[99.36801698039937,16.805324331652628],[99.38662731339986,16.811152366588487],[99.38226988494728,16.83555264284024],[99.41433552456488,16.847168399701957],[99.41666202303401,16.865525182341344],[99.46836448633206,16.866367296713406],[99.44803019523738,16.890149196428297],[99.45310640233868,16.93888420813977],[99.44319677091431,16.94744252725087],[99.44526065385617,16.961164348855675],[99.41912501700597,17.015759948263053],[99.39263755907615,17.03037238737585],[99.3933320092649,17.083134847395343],[99.37039008443492,17.097544751988778],[99.33904868414953,17.093552990578075],[99.32183422486963,17.112864278563677],[99.3298748015809,17.137446252942254],[99.31435850064435,17.144567973433254],[99.31193715787361,17.18794575069586],[99.31919762936718,17.261912809928276],[99.30316056430866,17.273046959149895],[99.2966008049832,17.30326755415433],[99.27612611622732,17.331754335394294],[99.26798252667231,17.401942627750145],[99.22627407458896,17.40504499383144],[99.2063195905767,17.381385120427012],[99.20752795924795,17.369767380560234],[99.17207260306822,17.336231626388496],[99.1138815527915,17.372669691553085],[99.10931217841437,17.358766511765168],[99.0880315676028,17.37649504511029],[99.07635039855211,17.372356490959362],[99.042993018613,17.388944966337192],[99.0321969749105,17.41077161941473],[99.01207610912519,17.41469912696317],[98.97950605056383,17.465853413004652],[98.95912668544821,17.463042851746252],[98.95581809313057,17.47460209880785],[98.93202891160507,17.474261691024253],[98.92677231399114,17.52253082693619],[98.91088563626317,17.535439855664833],[98.8830151496295,17.510623597101358],[98.88003248241318,17.491149319585475],[98.85871196328651,17.511241651680905],[98.82314506599204,17.51220631397024],[98.8157351298724,17.500548197241585],[98.76190878086561,17.483200347817842],[98.7499706377348,17.46833787469319],[98.71760070800633,17.464535427767828],[98.69054522388302,17.42417246758538],[98.68257173479776,17.45931680312799],[98.70510084562756,17.485895770673324],[98.70560194697231,17.50091204135765],[98.69653988430827,17.514499290210097],[98.70189256459025,17.555965304854965],[98.6823918955696,17.597058215064635],[98.69218462142322,17.631337970271147],[98.68394419736688,17.665793565420756],[98.72284869011503,17.67557685828541],[98.74585563772757,17.692730938881766],[98.7027762789022,17.744612164919545],[98.7049261307364,17.760475105042133],[98.68677775788728,17.780370649286112],[98.67146845840267,17.833467220935574],[98.6392559523004,17.814575516147215],[98.62406131727602,17.77705634627341],[98.59737278532583,17.802825760300664],[98.5715488472016,17.809788726168847],[98.55938926220477,17.79653288828223],[98.51886494656009,17.824925920594808],[98.50934043541281,17.812619966438376],[98.49223540563952,17.812057712093804],[98.49455800464824,17.780882752936748],[98.52600564904151,17.70919811460135],[98.5225606268715,17.678822039405645],[98.53252176067076,17.64084260370322],[98.5219190541211,17.57477994943514],[98.53882104035881,17.551016321246266],[98.51934959840531,17.510963728793115],[98.51815303963116,17.479007724626854],[98.5574309668657,17.420404642760104],[98.55528150084064,17.395299119059132],[98.53749740827885,17.36218338875244],[98.56185806489782,17.351320226847065],[98.5572510655843,17.29350450682756],[98.57890882238428,17.29459292482369],[98.57391387442584,17.284525458782923],[98.53244992462436,17.274350590307563],[98.51897866583283,17.28120089360641],[98.49009001803995,17.27028615288367],[98.46074527457483,17.27568263644457],[98.39260721974745,17.2423356050042],[98.35903693790442,17.272795270385473],[98.3609788278107,17.288473707395724],[98.32223074425349,17.310664475285364],[98.31726482820932,17.321547239713368],[98.3319619079158,17.328988240215153],[98.33416377114116,17.34879611944541],[98.29164302800342,17.407473729029448],[98.32282288217033,17.41671898359425],[98.3274993550113,17.429323810345636],[98.31977514360807,17.444241505441198],[98.32963244977782,17.47051527456034],[98.29887489476067,17.553044212420502],[98.29836320659678,17.575908595905048],[98.26538063980473,17.57872652890626],[98.23864198863691,17.54974988604846],[98.20920663937494,17.540135379744015],[98.17863239856638,17.537333200167097],[98.16693006936725,17.547209564769673],[98.13607310688843,17.541663684031846],[98.12687763969137,17.567370871268736],[98.10653078596704,17.587313765717738],[98.10158154065562,17.622397018407696],[98.06205000640273,17.648519604296325],[98.04038915143826,17.67533224358823],[98.03154994077721,17.710022691294228],[98.02330900680528,17.710486895254064],[98.02755399122378,17.720916172043758],[98.0154353271787,17.732960830877687],[98.02163146272187,17.738776020796763],[98.0101367627015,17.769281907733898],[97.9894455783508,17.786205608102364],[97.99136481343544,17.810128141100904],[97.97521391578965,17.823030143426422],[97.9825271604002,17.836683584180093],[97.96717153863568,17.856677760670152],[97.97330254527628,17.865011161136238]]]}},{"type":"Feature","properties":{"province_code":"64","province_th":"สุโขทัย","province_en":"Sukhothai"},"geometry":{"type":"Polygon","coordinates":[[[99.60042719306057,17.820574853946425],[99.5436455216236,17.810770429711624],[99.48727656256335,17.76312857542348],[99.47134399512936,17.73787401787166],[99.47636442178072,17.676951373107443],[99.44711628618774,17.643503157145062],[99.45386231939057,17.59872657167398],[99.44042536343983,17.6095470562517],[99.41894172258247,17.599834119149307],[99.4132553317682,17.573834537134246],[99.4350232240426,17.56342709318585],[99.43020877361607,17.549277105254248],[99.43898035256126,17.528458290018136],[99.42105838223858,17.518615375699085],[99.41914765743849,17.48725661759886],[99.40606410717288,17.470132365716154],[99.42047494436326,17.44278158740036],[99.44269826771097,17.434763889441967],[99.4272627735582,17.408890718831685],[99.42946015905915,17.39230959361288],[99.4421830479094,17.389154324912226],[99.45570731364165,17.36882628320643],[99.46949014615336,17.368270688341624],[99.47652839696798,17.340130317859916],[99.4763508833866,17.32581067642161],[99.45473260322711,17.30868558187416],[99.45570700427487,17.254491886791186],[99.44111292032505,17.252041969861068],[99.43856271729561,17.22963499955563],[99.42741448559008,17.232043058440468],[99.41938931426552,17.21876444612235],[99.40090447266334,17.220616707794875],[99.3931219402254,17.206429193852273],[99.37288361938357,17.21279624644967],[99.35860078359934,17.24854178957196],[99.34021913830264,17.267314558120404],[99.31620485736835,17.26936247180066],[99.31435850064435,17.144567973433254],[99.32975485540231,17.138069031660507],[99.32042832910417,17.121117178015425],[99.3308760626802,17.099641513245274],[99.35974589665585,17.092072149809894],[99.37039008443492,17.097544751988778],[99.3933320092649,17.083134847395343],[99.39263755907615,17.03037238737585],[99.41912501700597,17.015759948263053],[99.44526065385617,16.961164348855675],[99.45345958499189,16.884086475310653],[99.46245472280725,16.881652890968212],[99.47014228863577,16.900975184856918],[99.48876463657876,16.913503095291674],[99.51515538321445,16.890320191723504],[99.5131197740584,16.86969178814553],[99.53112316630114,16.825006072872043],[99.54553294229152,16.862822957913238],[99.5683285438273,16.85311158473189],[99.56088147919695,16.860206484741525],[99.57130103881195,16.859277192788284],[99.58183584744648,16.80332235444314],[99.60099053288684,16.791092441562967],[99.62404916903398,16.756399839980702],[99.67624109644947,16.728020378437748],[99.69362959073311,16.731307253027353],[99.69774260863454,16.716985387565614],[99.74590620820499,16.74342399971789],[99.74169411828899,16.72891209671593],[99.76468289869689,16.71693389418391],[99.76442027507568,16.68416223819679],[99.78834136286366,16.685402519310855],[99.80966157082491,16.698814800562673],[99.80368746440502,16.71031025961082],[99.81519290772655,16.720557760032648],[99.84495835314556,16.715174263581446],[99.88810458286025,16.796605158901002],[99.93988526739122,16.825061882100215],[99.94419124383091,16.867296862959904],[99.9995967933574,16.861715101071127],[100.01221680426215,16.890512032404445],[100.08541747203878,16.88896673992315],[100.0997369767801,16.89992270556843],[100.10090047467725,16.914468055256577],[100.11067193336311,16.91483415757034],[100.09833138768346,16.96987836039807],[100.1075938759567,16.974360927714713],[100.09410852568794,16.99254200530936],[100.07723041465198,16.99241367924793],[100.06083122857842,17.012611029675327],[100.0435942385833,17.010781760070245],[100.0407057222913,17.0214837940419],[100.00505678794048,17.043814429892052],[100.01447004935335,17.0707279020711],[99.9975275846304,17.08560430929151],[99.98507295455329,17.078355400381497],[99.98251314496571,17.101189747408966],[99.96124755732899,17.112866584425376],[99.9521489309285,17.155875384241654],[99.95590118399252,17.1715759796478],[99.97316531642628,17.164746364353277],[99.98362984933812,17.189595654116204],[99.97124208115719,17.21065000359482],[99.98229862608076,17.216090546741384],[99.95822437565448,17.231074561441915],[99.97343254187837,17.241389957080912],[99.95487128757992,17.242799157854904],[99.98000591604023,17.28523023678605],[100.00026331869725,17.29353411340867],[99.99471099431702,17.318861820916368],[100.0119704646653,17.335446763757204],[99.99964917616859,17.369021451378956],[100.00972909602103,17.380582451219198],[99.9907507937142,17.407811001776338],[99.99633647484848,17.416481284683584],[100.01635004072187,17.41732127305835],[100.03093870715566,17.44408634810651],[100.01999356844851,17.45863117438921],[100.00448637494628,17.456760678062892],[99.98125771567112,17.47299878836344],[99.97231793562429,17.495949682132164],[99.95597324756739,17.50583461727382],[99.94009607657273,17.495401259360676],[99.93260887340085,17.50702335464416],[99.94238510299016,17.545135541072398],[99.92401610396007,17.58677810342681],[99.97610386290302,17.622402319911203],[99.96616530568434,17.632612760170787],[99.9776357878614,17.65690002221828],[99.96336047400672,17.71134795924098],[99.91411048441137,17.757274190351666],[99.92475273325209,17.774962887327433],[99.91614929335526,17.792092886777368],[99.88315618920683,17.80762829201211],[99.86014423506845,17.798049443826812],[99.80697846058757,17.80246848303409],[99.77689363982967,17.78733439666513],[99.76494019923086,17.760535713052775],[99.75047803323469,17.752321044680514],[99.75165201542825,17.738176753054745],[99.72618720357667,17.72158224772261],[99.67067035575235,17.799027294673976],[99.6500176686805,17.796292836745067],[99.62926742764972,17.814688835221602],[99.60042719306057,17.820574853946425]]]}},{"type":"Feature","properties":{"province_code":"65","province_th":"พิษณุโลก","province_en":"Phitsanulok"},"geometry":{"type":"Polygon","coordinates":[[[100.99659285967277,17.73459233956487],[100.98825392927546,17.743016249600316],[100.97674245959689,17.71595230555448],[100.95525634290595,17.700613171061036],[100.92462428108576,17.696173397084635],[100.90897974941595,17.70169770398587],[100.9044985994309,17.71513814660824],[100.87474150601577,17.711348539303685],[100.84277103085844,17.65374213559113],[100.80221773096355,17.63843650084391],[100.77605133640009,17.60078099015061],[100.77404177970442,17.583363404597492],[100.73992008214611,17.54208974144848],[100.64219118437569,17.493044006775563],[100.64534875893816,17.473829802403486],[100.61397891219713,17.465270878947933],[100.60341256343912,17.42803720065632],[100.59235647357247,17.420454604596387],[100.5306645604212,17.417079877934043],[100.51359972135015,17.403841086696843],[100.50032352640966,17.42873509255054],[100.48398910861056,17.41772648059265],[100.42700211835313,17.421433100257445],[100.36892233939449,17.389669581585963],[100.3298062019947,17.386515641183962],[100.32361797958617,17.36851512857038],[100.30587039860006,17.38198100222155],[100.243423222204,17.351952032060694],[100.23729224883829,17.317241875712057],[100.2527459533631,17.244584638570245],[100.20622573802746,17.207159187046898],[100.16798910341447,17.201871373964764],[100.16057086385433,17.165843238674597],[100.1484932322769,17.185710114330334],[100.03659775408312,17.181447390784513],[100.01419232341703,17.139150372891436],[99.99667216388929,17.13744430231276],[100.00848838413168,17.151357984383537],[99.95228433825167,17.169402394704775],[99.96146403134003,17.11246560640268],[99.98251314496571,17.101189747408966],[99.98527703590656,17.078183810634414],[99.9975275846304,17.08560430929151],[100.01447004935335,17.0707279020711],[100.00505678794048,17.043814429892052],[100.0407057222913,17.0214837940419],[100.0435942385833,17.010781760070245],[100.06083122857842,17.012611029675327],[100.07723041465198,16.99241367924793],[100.09410852568794,16.99254200530936],[100.1075938759567,16.974360927714713],[100.09833138768346,16.96987836039807],[100.111627705854,16.91897265326537],[100.08541747203878,16.88896673992315],[100.01221680426215,16.890512032404445],[99.9995967933574,16.861715101071127],[99.94419124383091,16.867296862959904],[99.93988526739122,16.825061882100215],[99.88810458286025,16.796605158901002],[99.85339774231204,16.735602774848246],[99.8726975900218,16.714441009445068],[99.89512825656385,16.706114560738456],[99.88598778111128,16.693950382903893],[99.89768351198455,16.63392957558949],[99.92809807096927,16.578905608407126],[99.9936714832524,16.57753944019305],[100.00700786442144,16.58646359811661],[100.01263218582676,16.575077501125804],[100.03428721138573,16.58331123782341],[100.04722415327211,16.571247451308864],[100.08110059491656,16.582076960583322],[100.08970445209883,16.588540894446794],[100.08594894618699,16.599476298892114],[100.11838413971634,16.61411395319641],[100.14705700327812,16.595181531602464],[100.18506617956058,16.585578809114793],[100.17583158465999,16.598755970711522],[100.19749459170208,16.609184546030008],[100.19492746343172,16.620048619847978],[100.20391899136843,16.624437303338937],[100.1918564818912,16.62782899571164],[100.19112770817725,16.645308636284597],[100.21588394688672,16.647665217076167],[100.21595133758422,16.632423061874874],[100.23180425476261,16.615999935848436],[100.23252580422252,16.558197646304393],[100.24675608902237,16.529643338569258],[100.26567591111444,16.537410165246968],[100.33334848944128,16.526349960082655],[100.3885252622311,16.55402763476758],[100.42541127970685,16.535833379406995],[100.43054541483906,16.515857879137855],[100.4712121624114,16.519783511599826],[100.48326805917367,16.543518650165595],[100.50465649869852,16.55347485837808],[100.5095765421238,16.573835942974426],[100.5327455790453,16.566449912633402],[100.57579419184856,16.58557989819377],[100.57703556384024,16.5242618170293],[100.58743227797731,16.52034001837717],[100.58539977238166,16.471747266822945],[100.567797697206,16.45873512902301],[100.59514603206378,16.41590406941731],[100.6063898446157,16.417479214893888],[100.63034649069806,16.398070351365675],[100.63555600880284,16.3751516011655],[100.62298969102147,16.360930222351953],[100.62129003710561,16.33762143528105],[100.62507887009383,16.32715332036946],[100.65184339115962,16.320440017093176],[100.66698727114573,16.350918837134657],[100.70688654267985,16.385659728713563],[100.7105484903206,16.419345872913766],[100.74102031813322,16.418871762921583],[100.76229032593784,16.431681977741107],[100.7721946378723,16.42630660576532],[100.78659472007035,16.4492159265738],[100.80509838088562,16.449662836570724],[100.79359557797358,16.47291259034381],[100.81678803324121,16.48296417525654],[100.81481754759182,16.49606455543494],[100.83349244292197,16.505530734755666],[100.83632907822442,16.522674388612188],[100.84846153876907,16.522567332416486],[100.84598216904192,16.539689952929052],[100.85817101617954,16.547567270313323],[100.84581173402438,16.57867054091281],[100.85377500321391,16.615267642187973],[100.86463110364258,16.618992672773686],[100.86226305559558,16.639760303095557],[100.88852977942582,16.6681673504429],[100.92475411980683,16.66585405671941],[100.9315776421945,16.680153684644893],[100.94222822864987,16.681435348062905],[100.92912741230032,16.685996552099255],[100.93361351665055,16.696334244629725],[100.92296190316938,16.711302674978526],[100.93142700665112,16.717740614837567],[100.91383469631427,16.73096072265929],[100.91982330969802,16.758701841816617],[100.89889746344721,16.7625143890279],[100.90294261131254,16.801968771341762],[100.91715901417723,16.791763913174123],[100.95274812742423,16.79284846138745],[100.95493458616227,16.825495518103708],[100.97851395495513,16.826147355715932],[100.97343983967693,16.84211284373282],[101.01258282543711,16.85781913724344],[101.03106368214327,16.893122227408924],[101.0487605305741,16.906225966555155],[101.0668294663069,16.902127666059016],[101.07244360918526,16.91980714768175],[101.06601288638564,16.928158211732125],[101.03548262242515,16.930923206141074],[101.02789026062709,16.942859262844763],[101.05212952585697,16.953020654079978],[101.04258508573321,16.984990064439955],[101.05627820907216,17.017232756286717],[101.05189330992835,17.11513115557841],[101.07059221086189,17.115237167661235],[101.07918727896981,17.1384857541143],[101.07704492658218,17.180263768757982],[101.10791720811272,17.2151220281591],[101.10945677910712,17.23435458589546],[101.08267610621738,17.281011428035015],[101.04973817457716,17.284139392419092],[101.02757683880014,17.309963575158918],[101.0109221364475,17.315587211280842],[101.00540484335892,17.33492989999496],[100.91440617680365,17.341975582806924],[100.9241608874151,17.419962068394796],[100.91611990960621,17.45159656313092],[100.89445593129625,17.465428336748403],[100.8756271250918,17.44952310510729],[100.85645268694202,17.45093733668881],[100.8335317190137,17.47456888144876],[100.84527011732212,17.50329630867776],[100.87278017456549,17.52894518027591],[100.86105122993035,17.547271660258957],[100.88289025318272,17.58628410582685],[100.90305050297837,17.593351736593434],[100.92763302414482,17.569560588250624],[100.96746000277699,17.571347138259853],[100.96837863236806,17.59334642969401],[100.99121653171761,17.619256771083144],[100.99211384018162,17.674194985210477],[101.00934228571799,17.699743566212646],[100.99957664384709,17.698992794182175],[101.00762301758823,17.731218830584623],[100.99659285967277,17.73459233956487]]]}},{"type":"Feature","properties":{"province_code":"66","province_th":"พิจิตร","province_en":"Phichit"},"geometry":{"type":"Polygon","coordinates":[[[100.21559440475801,16.64635298929909],[100.19112770817725,16.645308636284597],[100.1918564818912,16.62782899571164],[100.20391899136843,16.624437303338937],[100.19492746343172,16.620048619847978],[100.19749459170208,16.609184546030008],[100.17583158465999,16.598755970711522],[100.18506617956058,16.585578809114793],[100.14705700327812,16.595181531602464],[100.11838413971634,16.61411395319641],[100.08594894618699,16.599476298892114],[100.08970445209883,16.588540894446794],[100.07376222594604,16.578097537871145],[100.04374139105244,16.571563677222002],[100.03270484884973,16.583384418356275],[100.01263218582676,16.575077501125804],[100.01050790711429,16.522130286183824],[100.02504123556463,16.52003544587916],[100.03481383908746,16.50245866143814],[100.00120489179238,16.4535821027319],[99.99396764169336,16.387413137806107],[99.98340055908858,16.37511553835145],[100.00503364118964,16.337219212596608],[100.0274728953579,16.333397241389605],[100.018867919419,16.300965373553197],[100.03308966515596,16.281437742857577],[100.02122730699466,16.251543687191486],[100.04609184476288,16.207505253564648],[100.02520820819234,16.191754272741548],[100.04439054328901,16.16839958427346],[100.07680566484959,16.16181367356222],[100.07683874101514,16.14729242930224],[100.08642599786157,16.14160837762455],[100.07737697896448,16.124953856935008],[100.11425466422145,16.08011402933903],[100.11582617823558,16.04715216943714],[100.16127591525134,15.979701263202799],[100.16051649084346,15.961010689991383],[100.17507347596023,15.934120230564247],[100.22659927733486,15.929346762243313],[100.24247863817868,15.937143276441077],[100.24070533967972,15.95269775179986],[100.25541284792467,15.955062026291557],[100.26794735218863,15.93983032840697],[100.30933902077925,15.961211432161917],[100.306209131846,15.973516328715675],[100.32345117423239,15.974112232093887],[100.32230031001137,15.987774074314132],[100.33891713471803,15.978508624573408],[100.34273208761579,15.965184922046546],[100.33332725644777,15.94007823012629],[100.37764155441425,15.941238976997226],[100.39878281257683,15.932687157286523],[100.41630691023579,15.945131286879416],[100.44897587173915,15.934303506101969],[100.45897107725347,15.941628066881833],[100.52002866259278,15.940748317680743],[100.53692415842323,15.923877658427216],[100.61675569402013,15.983374794111512],[100.62598670332375,16.002724186372177],[100.65370956624355,16.006740866198072],[100.7022542553297,15.989315499710585],[100.73670595641482,15.99001142208948],[100.76714487713446,15.930590384338814],[100.79835592698453,15.935568614799763],[100.79113103986566,15.958240861726438],[100.7780405989945,15.966052607741688],[100.78503794144791,15.991988801941716],[100.7666266760803,16.005564472922117],[100.71760687695587,16.024899586646654],[100.6700346301941,16.029511301105686],[100.65613007264477,16.04791714985663],[100.63529116295689,16.04597941391887],[100.64416839155808,16.05211159687275],[100.65533522124355,16.10799104325207],[100.64422891143516,16.139954314839827],[100.71922599928052,16.25523392390653],[100.66916845176269,16.250479782016384],[100.67651541015812,16.262354061590713],[100.66773174702257,16.260720947613663],[100.65046439771385,16.295190127922126],[100.65361082158222,16.320286106218873],[100.62550739525017,16.326913926236784],[100.62129003710561,16.33762143528105],[100.62298969102147,16.360930222351953],[100.63555600880284,16.3751516011655],[100.63034649069806,16.398070351365675],[100.6063898446157,16.417479214893888],[100.59514603206378,16.41590406941731],[100.567797697206,16.45873512902301],[100.58539977238166,16.471747266822945],[100.57941335784022,16.58271708902248],[100.5327455790453,16.566449912633402],[100.5095765421238,16.573835942974426],[100.50465649869852,16.55347485837808],[100.48326805917367,16.543518650165595],[100.47033097429511,16.519402235924474],[100.43027034909738,16.51597069908854],[100.42541127970685,16.535833379406995],[100.3885252622311,16.55402763476758],[100.33334848944128,16.526349960082655],[100.26567591111444,16.537410165246968],[100.24675608902237,16.529643338569258],[100.23252580422252,16.558197646304393],[100.23180425476261,16.615999935848436],[100.21614473139431,16.63205701262109],[100.21559440475801,16.64635298929909]]]}},{"type":"Feature","properties":{"province_code":"67","province_th":"เพชรบูรณ์","province_en":"Phetchabun"},"geometry":{"type":"Polygon","coordinates":[[[101.4002767868443,17.17550377677793],[101.35207600570317,17.167887082023242],[101.27889488469123,17.097722083907115],[101.24334219578577,17.108841981572255],[101.22316617188136,17.0854230437385],[101.22368952425222,17.060532465201163],[101.1885088893738,17.065093131442893],[101.16815605335921,17.037955148911067],[101.12216362944798,17.024786388780853],[101.11111469908417,17.002665381302336],[101.11608850218266,16.932098120931585],[101.10375854781881,16.903548088573473],[101.04367187235908,16.903648850414186],[101.01258282543711,16.85781913724344],[100.97343983967693,16.84211284373282],[100.97851395495513,16.826147355715932],[100.95493458616227,16.825495518103708],[100.95274812742423,16.79284846138745],[100.91715901417723,16.791763913174123],[100.90294261131254,16.801968771341762],[100.89889746344721,16.7625143890279],[100.91982330969802,16.758701841816617],[100.91383469631427,16.73096072265929],[100.93116801898896,16.718500888205483],[100.92390341061395,16.70280275514307],[100.93361351665055,16.696334244629725],[100.92933304678274,16.685702109564772],[100.94204909359087,16.681024973024137],[100.9315776421945,16.680153684644893],[100.92475411980683,16.66585405671941],[100.88852977942582,16.6681673504429],[100.86793960333011,16.6483611007842],[100.84581173402438,16.57867054091281],[100.85817101617954,16.547567270313323],[100.84598216904192,16.539689952929052],[100.84846153876907,16.522567332416486],[100.83632907822442,16.522674388612188],[100.83349244292197,16.505530734755666],[100.81481754759182,16.49606455543494],[100.81678803324121,16.48296417525654],[100.79359557797358,16.47291259034381],[100.80509838088562,16.449662836570724],[100.78659472007035,16.4492159265738],[100.7721946378723,16.42630660576532],[100.76229032593784,16.431681977741107],[100.74102031813322,16.418871762921583],[100.7105484903206,16.419345872913766],[100.70688654267985,16.385659728713563],[100.66698727114573,16.350918837134657],[100.64937668568558,16.31008144140543],[100.66250077199311,16.268072997970535],[100.67160830258115,16.25725295406062],[100.67651541015812,16.262354061590713],[100.66916845176269,16.250479782016384],[100.71921454641426,16.253648063007745],[100.64422891143516,16.139954314839827],[100.65533522124355,16.10799104325207],[100.64416839155808,16.05211159687275],[100.63529116295689,16.04597941391887],[100.6568041405987,16.047708603369415],[100.67994546311269,16.02606872059505],[100.7270942937667,16.022413960336053],[100.78503794144791,15.991988801941716],[100.7780405989945,15.966052607741688],[100.79113103986566,15.958240861726438],[100.79898040092485,15.936243699886916],[100.76640666143834,15.931413135407922],[100.76281349124969,15.915652900560985],[100.77515121935335,15.89802490602466],[100.7983570898079,15.890230417999419],[100.80112869873051,15.869989275085004],[100.78991497659496,15.844007793724757],[100.81969279398731,15.74730939581201],[100.81899691657452,15.70674185155525],[100.83348197391405,15.680718119145922],[100.81835082113355,15.630974750684231],[100.82500554257177,15.614029695014437],[100.80838752986068,15.594275833562904],[100.8327754889977,15.552731585993968],[100.85491438758896,15.547578412214023],[100.85446407905408,15.526937756272503],[100.88417623604454,15.529720147167097],[100.91126468931401,15.489621487841418],[100.9270400867307,15.482976384652488],[100.93336211297122,15.469615080571543],[100.9243369818663,15.43483739862711],[100.93253404870745,15.41371342543431],[100.94824373356153,15.40609970923424],[100.97726152579884,15.414209914156288],[100.98392190487209,15.34801183008193],[100.9769341168161,15.338285318612634],[100.99442906295093,15.320495343585264],[101.02276811435706,15.338517194413043],[101.02919869956037,15.32252253508699],[101.05456030431463,15.320063301180483],[101.08226977542984,15.35228823681274],[101.11046153677057,15.336464276005586],[101.1473857241719,15.33938567870615],[101.20209215602824,15.32560115816699],[101.2784664359773,15.363222595346542],[101.30440578140173,15.390067602138174],[101.30746602593644,15.43494231893294],[101.29762472140385,15.455909926102265],[101.30686815034494,15.47234600056754],[101.30506391696628,15.52057107599444],[101.28862643686062,15.534796394737896],[101.30636204787027,15.550087767136802],[101.32097049938909,15.616495341986479],[101.35122650519912,15.658425173882733],[101.33607705391296,15.736853174434486],[101.34844209802446,15.750647889688423],[101.33544114689147,15.753906409553224],[101.33927690290682,15.767364566121898],[101.31709159659994,15.790397660623569],[101.33129475604824,15.803450392022],[101.33196825203328,15.830000259304597],[101.32447471043957,15.832867762037665],[101.3324340109209,15.881126276056818],[101.35253983644435,15.888622396006838],[101.3744898549229,15.920399584373342],[101.3604762779579,15.923481481884949],[101.37473481765778,15.967479071901721],[101.35807502064574,15.963159991440477],[101.34157304296161,15.985561565813668],[101.34143812217167,16.012460638048083],[101.32291742459955,16.040983706932593],[101.34079578140023,16.15365801600467],[101.36324751276254,16.185605258975556],[101.37950767443971,16.18819044922992],[101.36761756499868,16.22491876608825],[101.37198661808799,16.243798875917435],[101.35337207176377,16.26007067841914],[101.37066045621515,16.274143926301235],[101.36684120635664,16.29320507685287],[101.37855222840267,16.317254234395477],[101.38123203812813,16.35941629372701],[101.40728966958267,16.380067297268],[101.39843672627399,16.400834600236635],[101.41719138157708,16.41050398407168],[101.41791934590117,16.423460993430126],[101.44314074814707,16.43848793726852],[101.47223634882852,16.47713082442806],[101.46504420602537,16.512562759563764],[101.472314892918,16.529066857849273],[101.48363824960558,16.52432790640779],[101.50496123557264,16.53870012581018],[101.50293742462253,16.545625691572468],[101.51952662215592,16.549544729305865],[101.49721780655659,16.561198678576204],[101.49609447597936,16.57033773669724],[101.50007957071568,16.610583604249996],[101.5261427608798,16.619515368639384],[101.50900725038434,16.65541318407122],[101.51094915827707,16.678953938673374],[101.52700415401853,16.67939592398278],[101.57213544109777,16.648811322984216],[101.57765871557734,16.67273558268107],[101.5540172000338,16.71156484444208],[101.55474814111386,16.72919132362074],[101.58747735359702,16.72386800260631],[101.61852773596632,16.685185847448963],[101.68891218395021,16.686086088602167],[101.72461785203228,16.65144689775616],[101.76709938742687,16.680898679430584],[101.77640578599829,16.712572484432656],[101.79177343889313,16.727541106337014],[101.78294522334346,16.753836232556125],[101.78795103960886,16.764294102390977],[101.72774004366812,16.753321007358636],[101.68713797443803,16.79767698890197],[101.69980885099773,16.80903987259211],[101.71922302232468,16.79986515185533],[101.72138584598008,16.806883703020503],[101.67663522483582,16.86676743566869],[101.68356648240729,16.86872522738736],[101.67818534667646,16.883864549609314],[101.6916956918028,16.936149168349516],[101.67652624409095,16.94266262607937],[101.67532828507234,16.975621419293134],[101.64542115506231,17.028835585394006],[101.64983837404179,17.04192787976791],[101.62891169771672,17.045469841659894],[101.61244646003615,17.00412402500382],[101.57523097592883,16.983593435288867],[101.55103127457375,16.994858372016324],[101.53611065128558,17.02234340742234],[101.50399997811655,17.010369342671083],[101.47800697104492,17.08637757336635],[101.45901713673152,17.098656067623494],[101.45189033057437,17.14118487768002],[101.4002767868443,17.17550377677793]]]}},{"type":"Feature","properties":{"province_code":"70","province_th":"ราชบุรี","province_en":"Ratchaburi"},"geometry":{"type":"Polygon","coordinates":[[[99.89592468897325,13.940899241406896],[99.87622997593269,13.961940119041287],[99.87971325436325,13.950332021705492],[99.85493940692817,13.916728606140339],[99.83790458812632,13.86569236600991],[99.8201425001763,13.865098568843905],[99.81044482007246,13.80891514441845],[99.77832107885479,13.823346302689743],[99.69907187136982,13.830846236664513],[99.66651300127404,13.846425267112409],[99.63269077076251,13.810769809978808],[99.54787765742799,13.758687008998322],[99.50511896356937,13.766336242123941],[99.47039352863851,13.80663721743366],[99.45483300174169,13.782135292609723],[99.38067673324468,13.75673586776611],[99.35074118285934,13.753963601439125],[99.30603032344072,13.7758372971536],[99.288797553964,13.770235785253362],[99.2658034495696,13.743150517382503],[99.22168356344577,13.748608966930306],[99.19911848513004,13.728538411018917],[99.17133515089654,13.739618225900472],[99.1653844394404,13.613013257355988],[99.17839196281886,13.585375669051928],[99.16304950263248,13.57405918318483],[99.1918163984081,13.544802847573408],[99.18758114375481,13.497522102563039],[99.20507621399616,13.482275794292548],[99.20718413493995,13.45821908244477],[99.19730343200786,13.451062833383105],[99.21034554061424,13.41213517769637],[99.20099436120086,13.371958173930636],[99.2063656250736,13.338440105826294],[99.19219522702815,13.323140206955031],[99.18699583528962,13.29092353968963],[99.21132995381436,13.261711248375434],[99.19644033825108,13.255720819260432],[99.20997230487802,13.207568401860328],[99.22911893419155,13.202891389426156],[99.26944541157656,13.148875965153707],[99.32379611659758,13.177036576676699],[99.32343711443133,13.221117116561743],[99.33533711101893,13.222351604243215],[99.35015734928231,13.24350819674595],[99.37351140462766,13.218467016839384],[99.3982355096611,13.217255930416911],[99.41498186462144,13.197392668237114],[99.459891599218,13.181805643715506],[99.4782428087587,13.200711300586079],[99.5068490982074,13.180475443886678],[99.52169561106365,13.209488361798492],[99.59284097003479,13.198230786921329],[99.66101479359793,13.211750233186763],[99.66921001592954,13.258218577425453],[99.66182964772014,13.27831226569856],[99.70670676120812,13.322034887100415],[99.76101457036617,13.343612180657658],[99.8017359049881,13.32991760221563],[99.80930863818315,13.339953377046754],[99.82904607891345,13.339556150096314],[99.85633759910098,13.327735763294868],[99.89127698994122,13.432489526370603],[99.88916904921228,13.469848384895101],[99.91834848559421,13.51240629341578],[99.93580720703704,13.498297996255587],[99.96086922873201,13.496828504931614],[99.96632487779095,13.485869512168279],[100.00824058223714,13.516186367906585],[100.02981580825303,13.506133620170488],[100.02939595975579,13.529336090288382],[100.0436707196281,13.539948594052419],[100.03622428812048,13.576817260008568],[100.04252487362407,13.594671869311355],[100.03169845981614,13.612175114390084],[100.05330897792703,13.620261012435833],[100.068158385701,13.692938663288714],[100.03437063339805,13.691401397256755],[100.02658520604251,13.700253263177615],[100.028568881149,13.754256134712875],[99.96183034859177,13.721259421585103],[99.94264105993705,13.744295615150577],[99.93807214241548,13.76992430506266],[99.95261447218019,13.77494618591777],[99.9564730952572,13.795738686990887],[99.9687495543485,13.797690194247139],[99.97003689069004,13.808466353939139],[99.95803336684645,13.836156823278827],[99.94154946733408,13.829917822449602],[99.93237110794036,13.843201026706083],[99.90044518879449,13.841135998927257],[99.91154432111358,13.874130482635735],[99.90514265900657,13.899271608697859],[99.8959877197575,13.903569959785841],[99.92295011235785,13.918733635648834],[99.9268797126287,13.934829860809486],[99.89592468897325,13.940899241406896]]]}},{"type":"Feature","properties":{"province_code":"71","province_th":"กาญจนบุรี","province_en":"Kanchanaburi"},"geometry":{"type":"Polygon","coordinates":[[[98.58582275271795,15.65604587261896],[98.57608545118268,15.660428854408167],[98.5585549071833,15.651111898695206],[98.55302204503141,15.60230223066344],[98.58545514224107,15.471021327971982],[98.5803451089397,15.376159943726464],[98.5582083894057,15.335397621603022],[98.54964609079451,15.337789874003533],[98.53771159081731,15.370634158339783],[98.50900291625163,15.37587170741341],[98.50005513043999,15.389540487903218],[98.48322482556529,15.39188650885535],[98.4711643206769,15.372247933295512],[98.45325267457133,15.384927081819399],[98.45533562943581,15.367874821565806],[98.41642303919195,15.363384858224663],[98.41497403442423,15.32318777529565],[98.3999843297131,15.321563660834329],[98.40072456258855,15.309613999186752],[98.38809188473277,15.303521472737827],[98.40203659521273,15.305887137581408],[98.41409718104012,15.294422790579347],[98.40897097523037,15.287127098037217],[98.4169886902759,15.272813065670505],[98.40213633632294,15.254448584834392],[98.37510868711627,15.281889933873401],[98.29840420668887,15.313129152288582],[98.29446061656427,15.297638404688655],[98.3034854068261,15.280278499852955],[98.28018049403465,15.270128134305992],[98.25792149637999,15.223544899877254],[98.23642665356726,15.219448791028924],[98.21372779839925,15.235531280843986],[98.19771168934307,15.232525234851778],[98.21363899844107,15.180222063097801],[98.19019807308268,15.149193924559995],[98.19538002696675,15.134544447768121],[98.18280836001787,15.113664674685026],[98.18418830494636,15.09651552956808],[98.23510392620528,15.042798265627482],[98.21272186891917,15.019580396418235],[98.20881986524466,14.988083623860177],[98.23242695474022,14.967430567167014],[98.22850628024071,14.948374882694736],[98.24335867915977,14.93911525516495],[98.25009861855648,14.915770386394286],[98.2298837394431,14.889287362122104],[98.26061516196023,14.857375495782549],[98.24729673755445,14.829928674368887],[98.29424935142646,14.769879988970388],[98.30654860923102,14.731633504082993],[98.32365159844255,14.709543064560819],[98.33725733106104,14.710549174804612],[98.36328287020837,14.68838451873063],[98.36632535583055,14.666472893209516],[98.37939817358688,14.65423933357846],[98.43738411278662,14.613064383614471],[98.45967581338812,14.578126306683771],[98.46188094025325,14.530522875930046],[98.49209592079018,14.53995241687062],[98.51101220405002,14.47818157471994],[98.53319215759205,14.443285301875221],[98.54920972444927,14.43494284793411],[98.56483988944939,14.38498954443196],[98.57626435511594,14.368524200631384],[98.59350781843114,14.376866427943355],[98.60067853758449,14.323663833419232],[98.6144776793015,14.313086107338052],[98.63091273303627,14.315930565842962],[98.68105100909685,14.274143283685646],[98.69787173619176,14.27480546979666],[98.70541468833727,14.25345436742515],[98.86703950916609,14.147801197767137],[98.87549415623039,14.126451132313946],[98.89929032998481,14.108650738640733],[98.92034518308378,14.110024879344735],[98.94523459789843,14.092415569123261],[98.95926727826236,14.097050931255524],[98.97147632057579,14.033380905304568],[98.99814255923178,14.019150597122405],[99.01891465918425,13.946988976360217],[99.05957097641948,13.9299860619073],[99.08098704671488,13.891420262834913],[99.1097497894213,13.890301177057722],[99.09979610920311,13.838034503389679],[99.11415377127958,13.830850621758827],[99.12125642344523,13.813457087674522],[99.12153908126368,13.77401377781365],[99.15367835737038,13.756014494573321],[99.16162026136601,13.726201782586259],[99.17282298389364,13.74007638371819],[99.19911848513004,13.728538411018917],[99.22168356344577,13.748608966930306],[99.2658034495696,13.743150517382503],[99.30380325131904,13.775537780644129],[99.35382609579773,13.753179315273258],[99.38067673324468,13.75673586776611],[99.45483300174169,13.782135292609723],[99.47039352863851,13.80663721743366],[99.50511896356937,13.766336242123941],[99.54787765742799,13.758687008998322],[99.63269077076251,13.810769809978808],[99.66651300127404,13.846425267112409],[99.69907187136982,13.830846236664513],[99.77832107885479,13.823346302689743],[99.81099257194967,13.8091314592495],[99.8201425001763,13.865098568843905],[99.83790458812632,13.86569236600991],[99.85493940692817,13.916728606140339],[99.87971325436325,13.950332021705492],[99.87622997593269,13.961940119041287],[99.85200574826672,13.964802409303786],[99.8296478854416,13.998319768742363],[99.84914327993846,14.052045935071874],[99.81041887463141,14.065710132616573],[99.80879423766402,14.081091237570604],[99.79086097275575,14.099642209920091],[99.76776851220711,14.094756635710212],[99.76013200268983,14.170064908768552],[99.7967916742964,14.200310559784555],[99.79455536343931,14.218355483618723],[99.81830317255344,14.236369433003006],[99.82473862488769,14.266901197931986],[99.81401352420482,14.334345747758107],[99.81698919559494,14.381400469755931],[99.82935779742445,14.382069418768708],[99.81466791409304,14.43913473907702],[99.82140952443007,14.50113391369922],[99.81825261086937,14.527796178251094],[99.79631929280117,14.545193978719169],[99.79192002698773,14.563963015980448],[99.80316423434198,14.615746581039957],[99.82181109780396,14.63323873388049],[99.82086192633687,14.650763808203237],[99.79821233872849,14.678694133027875],[99.79305407028914,14.710452726112464],[99.80120865315689,14.735207526805993],[99.71423840258029,14.754864504293494],[99.65901181364433,14.804121469030633],[99.6370726463856,14.801529298238563],[99.61690525597282,14.782453456361964],[99.57524554804365,14.787984959638209],[99.57208693296565,14.732747691252996],[99.51562484371163,14.702451154797018],[99.49200893636339,14.703955625251979],[99.442282622645,14.732045553659418],[99.4291226210122,14.779024720914208],[99.38924181795562,14.765664613830893],[99.3585048547153,14.771539390130783],[99.32996509441364,14.807178749399839],[99.30884907032839,14.812776039882408],[99.28158997159994,14.861358456427695],[99.31809397955357,14.896630643189667],[99.3219627730636,14.923050521564392],[99.31060495075792,14.935532812988981],[99.32104627126847,14.948653635656797],[99.30430242181939,14.980981817057284],[99.28313023057575,14.99813100893897],[99.2556008495996,14.987923146136325],[99.23333734814014,15.012209225575361],[99.20399220717468,15.014217959391374],[99.19226829424645,15.028782344129922],[99.18080156943694,15.01740013670701],[99.15773602199988,15.01748659123325],[99.13561576455595,15.037363266801378],[99.14289050469307,15.05207144234322],[99.1191043224066,15.054997726563897],[99.11343388016951,15.04432123243896],[99.07721578558011,15.038649370172323],[99.06797738744655,15.047607544052937],[99.02812969742763,15.04956646442082],[99.00031158371269,15.071331127229769],[99.00988090178225,15.086117184060868],[98.99770413074111,15.105346926919196],[99.00653588242511,15.144688499174947],[99.00041640329442,15.164320269564826],[98.96418497985297,15.20566499894062],[98.95572953329139,15.246985160636711],[98.92280728762626,15.246481835268526],[98.91150798780347,15.268374332209703],[98.88648624764227,15.275419425965765],[98.89075766313573,15.290453564380527],[98.87097967557162,15.32486917207467],[98.83955738756345,15.348577949712649],[98.83138904686706,15.345675430976428],[98.77901778744098,15.423210831914389],[98.75405264341481,15.441915224108357],[98.75920828943106,15.472472884116371],[98.7026154279597,15.501522534837136],[98.7034654006078,15.50986340327347],[98.71878834460648,15.506312332148468],[98.72368445797144,15.51756747076223],[98.66105699988071,15.598831639868308],[98.64871884639768,15.632262558270497],[98.64064918741013,15.63805694417266],[98.6258311875593,15.62631444405639],[98.6269912788245,15.638443797443358],[98.59022602591045,15.644854056169834],[98.58582275271795,15.65604587261896]]]}},{"type":"Feature","properties":{"province_code":"72","province_th":"สุพรรณบุรี","province_en":"Suphan Buri"},"geometry":{"type":"Polygon","coordinates":[[[99.33605243177436,15.081538722034452],[99.31954812304753,15.08115866583978],[99.32191214842697,15.072454879589088],[99.30577096166058,15.063634460262165],[99.2957324223135,15.038120734284519],[99.30730417624682,15.025703217429566],[99.28443878642094,15.006454967422883],[99.28510245911127,14.993541091348334],[99.30430242181939,14.980981817057284],[99.32071637116366,14.94958986138306],[99.31060495075792,14.935532812988981],[99.32199401910873,14.92055876187743],[99.3134359572037,14.884140467408713],[99.28158997159994,14.861358456427695],[99.30884907032839,14.812776039882408],[99.32996509441364,14.807178749399839],[99.3585048547153,14.771539390130783],[99.38924181795562,14.765664613830893],[99.4291226210122,14.779024720914208],[99.442282622645,14.732045553659418],[99.49200893636339,14.703955625251979],[99.51562484371163,14.702451154797018],[99.57208693296565,14.732747691252996],[99.57524554804365,14.787984959638209],[99.61690525597282,14.782453456361964],[99.6370726463856,14.801529298238563],[99.65901181364433,14.804121469030633],[99.71423840258029,14.754864504293494],[99.78814076008808,14.74383429331806],[99.8015457424421,14.734506835322236],[99.79305407028914,14.710452726112464],[99.79821233872849,14.678694133027875],[99.82086192633687,14.650763808203237],[99.82181109780396,14.63323873388049],[99.80316423434198,14.615746581039957],[99.79192002698773,14.563963015980448],[99.79631929280117,14.545193978719169],[99.81825261086937,14.527796178251094],[99.82140952443007,14.50113391369922],[99.81466791409304,14.43913473907702],[99.82935779742445,14.382069418768708],[99.81698919559494,14.381400469755931],[99.81401352420482,14.334345747758107],[99.82473862488769,14.266901197931986],[99.81830317255344,14.236369433003006],[99.79455536343931,14.218355483618723],[99.7967916742964,14.200310559784555],[99.76024556008457,14.171470455597103],[99.76776851220711,14.094756635710212],[99.79086097275575,14.099642209920091],[99.82123141639681,14.060965422816082],[99.8188311771172,14.072593728817594],[99.85282711258122,14.079426363136179],[99.870024981168,14.07345890000829],[99.92653891274068,14.127084969995394],[99.96649007425759,14.131156039020027],[99.97394504213003,14.142905527767937],[100.00563410502997,14.139977188596447],[100.04865704308816,14.152274204391063],[100.06037766809499,14.145193073901282],[100.13068104399503,14.145773962198632],[100.1317352598744,14.137121930132992],[100.21185118988058,14.17852530160144],[100.23424302459597,14.175138570788476],[100.23562030843055,14.20361096557366],[100.22647798037457,14.19680619495],[100.2248712938752,14.231807870137175],[100.25111284028543,14.265642861129209],[100.260545858005,14.317796223816742],[100.27940250542133,14.33999661085494],[100.26838967744175,14.376601427414016],[100.28112189495954,14.398951434661058],[100.27256506242776,14.429681976741904],[100.24428249114413,14.455745489762592],[100.25221219943353,14.482823924584523],[100.23092871528803,14.485653912098428],[100.23203700740203,14.50121806686036],[100.20624360305987,14.52332613129596],[100.20818693727739,14.539541847578278],[100.19616355910102,14.56018432914351],[100.21515397797378,14.596997140006067],[100.19978080504018,14.599069939726007],[100.19137870716168,14.616681795928173],[100.21065062912328,14.62168449604269],[100.21376264493017,14.637456274587464],[100.24017185914403,14.650838228901193],[100.22950448144672,14.655128818839955],[100.21255285263209,14.711973793555785],[100.203354972554,14.715314453898998],[100.21072578456739,14.722808404684201],[100.20321883498133,14.773080091573036],[100.2298337394356,14.787586309960261],[100.20406040616285,14.809976812779723],[100.22444568701889,14.88267753843769],[100.21011524472283,14.884319701393167],[100.20645948531705,14.895918688596623],[100.2222512575895,14.905399982822985],[100.18674068843211,14.90690989867295],[100.18170051896385,14.924254801018321],[100.1816369081169,14.9350495901665],[100.19721373522577,14.93987592423457],[100.1994813083158,14.960516072958455],[100.1752148790635,14.943666761811642],[100.16626086544665,14.924007899345156],[100.13552484199789,14.912595397359723],[100.12657539513845,14.923524945419956],[100.13787895684845,14.935531008948942],[100.1328810438252,14.946068354570968],[100.03973316935037,14.960991060688968],[100.03993711310733,14.917846939884441],[99.96807942362653,14.90176181415643],[99.94990439397264,14.910626464839538],[99.88279268773243,14.91240897059754],[99.7934319231448,14.94307958995114],[99.76347372423305,14.96226859891675],[99.71410872483784,14.961494908563225],[99.69501553503898,14.966168999100091],[99.70364577473276,14.975993472820562],[99.63486964821573,14.99044258875449],[99.62740915221065,14.980035814801056],[99.63430336940502,14.937631150757056],[99.58343265309452,14.946869868149918],[99.5648973568276,14.962262794692265],[99.53240960511926,14.96888720358163],[99.52469999780669,14.982903365198183],[99.4513623138198,14.993482896218723],[99.44486676428983,14.983361516720663],[99.42620600989949,15.00688241878862],[99.41970708521387,15.048598504317567],[99.36498315794643,15.04860941579193],[99.33605243177436,15.081538722034452]]]}},{"type":"Feature","properties":{"province_code":"73","province_th":"นครปฐม","province_en":"Nakhon Pathom"},"geometry":{"type":"Polygon","coordinates":[[[100.23539973530961,14.174871581858042],[100.21185118988058,14.17852530160144],[100.1317352598744,14.137121930132992],[100.13068104399503,14.145773962198632],[100.06037766809499,14.145193073901282],[100.04865704308816,14.152274204391063],[100.00563410502997,14.139977188596447],[99.9742516866661,14.142983391970006],[99.96649007425759,14.131156039020027],[99.92653891274068,14.127084969995394],[99.870024981168,14.07345890000829],[99.85282711258122,14.079426363136179],[99.8188311771172,14.072593728817594],[99.82123141639681,14.060965422816082],[99.84914327993846,14.052045935071874],[99.8296478854416,13.998319768742363],[99.85110791010203,13.965793303018586],[99.87622997593269,13.961940119041287],[99.89164744857095,13.94178966825865],[99.92621878107195,13.937977784747034],[99.92295011235785,13.918733635648834],[99.8959877197575,13.903569959785841],[99.90514265900657,13.899271608697859],[99.91154432111358,13.874130482635735],[99.90044518879449,13.841135998927257],[99.91025221296934,13.847191434637068],[99.93641865339822,13.841319749307047],[99.94154946733408,13.829917822449602],[99.96212908718769,13.831628391437164],[99.97027209308271,13.80101232585821],[99.9564730952572,13.795738686990887],[99.95261447218019,13.77494618591777],[99.93807214241548,13.76992430506266],[99.94244172610485,13.744608295936132],[99.96183034859177,13.721259421585103],[100.028568881149,13.754256134712875],[100.02658520604251,13.700253263177615],[100.03437063339805,13.691401397256755],[100.06659091863605,13.695816345448009],[100.06309615856094,13.668317795030248],[100.07773778786867,13.650273157180493],[100.11870286844271,13.649498175400538],[100.13475505290342,13.682185237558713],[100.16996279244898,13.676066353779277],[100.1772124855678,13.688528959943596],[100.18981590128288,13.679625728344718],[100.21080920657965,13.685750267061223],[100.22666043483127,13.671918532114603],[100.24290360921424,13.674271447269518],[100.28570195238325,13.69398754259106],[100.29236775796574,13.717707800074947],[100.33598075560747,13.720962881831554],[100.32933962922056,13.802067351127391],[100.27707632531224,13.910501909835318],[100.26419265296863,13.920994551957051],[100.29805135188843,13.962865130221644],[100.26224756687179,13.998098143414609],[100.27196043382702,14.028434976692893],[100.27617582785223,14.021788995765576],[100.26415990415632,14.05978717423875],[100.27644488792129,14.080929268770774],[100.2836701527554,14.170051757082945],[100.23539973530961,14.174871581858042]]]}},{"type":"Feature","properties":{"province_code":"74","province_th":"สมุทรสาคร","province_en":"Samut Sakhon"},"geometry":{"type":"Polygon","coordinates":[[[100.31470527812616,13.722419026317084],[100.29236775796574,13.717707800074947],[100.28570195238325,13.69398754259106],[100.24290360921424,13.674271447269518],[100.22666043483127,13.671918532114603],[100.21080920657965,13.685750267061223],[100.18981590128288,13.679625728344718],[100.18041173831114,13.688858189154132],[100.16996279244898,13.676066353779277],[100.13475505290342,13.682185237558713],[100.12305538299961,13.653052505668654],[100.11234515440543,13.64834503139815],[100.07773778786867,13.650273157180493],[100.06309615856094,13.668317795030248],[100.05278303101215,13.619299247762115],[100.03169845981614,13.612175114390084],[100.04252487362407,13.594671869311355],[100.03622428812048,13.576817260008568],[100.0436707196281,13.539948594052419],[100.02722362397111,13.517640026665958],[100.07315408998932,13.456835896359564],[100.0796082662086,13.42420078443871],[100.24884770975405,13.473660413197535],[100.29384365066403,13.499932245177035],[100.34294571617193,13.483833470438356],[100.41067889621416,13.491494514360397],[100.40704901480024,13.535096971947723],[100.41931366129648,13.546558081390401],[100.41411910341395,13.557324306271767],[100.39519853308587,13.554265442196424],[100.37741995067023,13.62077847604587],[100.34531659978131,13.640261290825947],[100.33074049058126,13.697895861305028],[100.33625546971422,13.721999340597165],[100.31470527812616,13.722419026317084]]]}},{"type":"Feature","properties":{"province_code":"75","province_th":"สมุทรสงคราม","province_en":"Samut Songkhram"},"geometry":{"type":"Polygon","coordinates":[[[100.01581914933433,13.509972865555369],[100.00824058223714,13.516186367906585],[99.96632487779095,13.485869512168279],[99.96086922873201,13.496828504931614],[99.93580720703704,13.498297996255587],[99.92143591123835,13.51455132128649],[99.8962477812102,13.482839510035433],[99.88728399555998,13.455622660557367],[99.89127698994122,13.432489526370603],[99.85207240511744,13.307774221403236],[99.85999518592917,13.244191530414867],[99.87311498876579,13.25008961714218],[99.89184995431202,13.24308427342055],[99.88327718129693,13.260879717225237],[99.90722714361783,13.263634119419123],[99.90554346795676,13.280691340333135],[99.93279910879187,13.284432764660437],[99.95283636820386,13.296987741091414],[99.95027541827596,13.310078005695459],[99.99535576415724,13.329451610403567],[99.99648238985048,13.365750771680837],[100.02430691932892,13.362895709269594],[100.04766257636686,13.407693870375851],[100.0796082662086,13.42420078443871],[100.07339453542954,13.456363374570117],[100.0421259730353,13.503315059442514],[100.01581914933433,13.509972865555369]]]}},{"type":"Feature","properties":{"province_code":"76","province_th":"เพชรบุรี","province_en":"Phetchaburi"},"geometry":{"type":"Polygon","coordinates":[[[99.76569991771709,13.339699367132141],[99.70670676120812,13.322034887100415],[99.68422867611258,13.291939243001707],[99.66486107078185,13.28405283077359],[99.6642641880419,13.215331969394924],[99.63935601696664,13.21104007633852],[99.63718335292947,13.202211353571158],[99.57604297959989,13.1981142680591],[99.52296722275918,13.20963270478552],[99.50631063632687,13.18030357265178],[99.4782428087587,13.200711300586079],[99.459891599218,13.181805643715506],[99.4414830605948,13.184081231563653],[99.3982355096611,13.217255930416911],[99.37351140462766,13.218467016839384],[99.35015734928231,13.24350819674595],[99.33533711101893,13.222351604243215],[99.32343711443133,13.221117116561743],[99.32379611659758,13.177036576676699],[99.2708798770048,13.148622087439435],[99.22911893419155,13.202891389426156],[99.20997230487802,13.207568401860328],[99.19915551201734,13.193893150748352],[99.18300592558307,13.19224474919588],[99.15566512524538,13.208495395146429],[99.12299556839082,13.19362905763495],[99.11693796171761,13.17409871728205],[99.13429012069258,13.16442931366197],[99.13685716082938,13.151969479208162],[99.13126472308858,13.09789960278448],[99.10321427761687,13.084089477647296],[99.09946623787664,13.073495172564208],[99.12501050393166,13.038136155359325],[99.14645444421728,13.033027093325757],[99.1710043442751,13.014451900434892],[99.18060998236484,12.99325491488247],[99.19485655478621,12.990957969934414],[99.18716345003327,12.976295161592475],[99.19540539844047,12.956386257919519],[99.16315703906616,12.927762742856373],[99.1831061712129,12.910209324600714],[99.18605971298541,12.850322144851134],[99.22271772264486,12.823730350275468],[99.23465329101663,12.777954212417],[99.22812807644965,12.743072459126722],[99.24454189539222,12.719884174015476],[99.27032096993685,12.729340830415026],[99.28995271694441,12.715661978417643],[99.28938227157465,12.698933313121927],[99.30009505694136,12.689910211786867],[99.29533874858441,12.677586718152554],[99.33772886429568,12.66224593789974],[99.34360676933699,12.642131631769416],[99.36617317505204,12.634425351948494],[99.37932659184878,12.615386490194396],[99.4123380718446,12.615945344202316],[99.441050621589,12.581044395782271],[99.49685930031654,12.593599602439724],[99.49855128481403,12.574171649901757],[99.52009296521823,12.561581671856743],[99.5397494831522,12.575038488435553],[99.53664561070644,12.581103040572941],[99.57902191732768,12.57922405644507],[99.5872965740777,12.567938934434324],[99.61593435688513,12.581975436017615],[99.62820578606824,12.599427306425127],[99.61790400796366,12.60991579997426],[99.62241622772677,12.645236763266041],[99.68045475208521,12.635444388148017],[99.69570245430486,12.611247116761092],[99.71693651081137,12.600333341910243],[99.726634075802,12.61289640864237],[99.79247367931691,12.615296449171865],[99.82401838933725,12.632340436561947],[99.8834085902343,12.619874697159617],[99.90467346291007,12.636349215843666],[99.92136303827368,12.624010852818628],[99.94101999507677,12.636220063305302],[99.9555961393504,12.632947072449497],[99.96572351462856,12.739551963152621],[100.02308769134396,12.884311454110389],[100.02940810330136,12.934418422072554],[100.05841433295518,12.996469847305661],[100.10229849957614,13.055203406412147],[100.08509761106598,13.059724416148924],[100.06519291711948,13.081641893558583],[100.0700129136651,13.152643280962707],[100.01864390189462,13.183539551009517],[99.98955811911196,13.230364716558483],[99.94370490215954,13.265552426403417],[99.95305858528553,13.297451977426874],[99.90554346795676,13.280691340333135],[99.90722714361783,13.263634119419123],[99.8801063534255,13.25705534033176],[99.89010768602094,13.241688339445375],[99.87994768513761,13.24966605714286],[99.85999518592917,13.244191530414867],[99.85386152179188,13.330679709301194],[99.821815688843,13.340578788979997],[99.80294384558209,13.329917619302762],[99.76569991771709,13.339699367132141]]]}},{"type":"Feature","properties":{"province_code":"77","province_th":"ประจวบคีรีขันธ์","province_en":"Prachuap Khiri Khan"},"geometry":{"type":"Polygon","coordinates":[[[99.65653138901246,12.635753011192548],[99.62168014792053,12.644999982563206],[99.61790400796366,12.60991579997426],[99.62820578606824,12.599427306425127],[99.61593435688513,12.581975436017615],[99.5872965740777,12.567938934434324],[99.57902191732768,12.57922405644507],[99.53664561070644,12.581103040572941],[99.5397494831522,12.575038488435553],[99.52009296521823,12.561581671856743],[99.49855128481403,12.574171649901757],[99.49685930031654,12.593599602439724],[99.4544827868512,12.579127474653262],[99.4323909057158,12.582843342046658],[99.43344177791579,12.557906064413373],[99.42184587718555,12.5522445110754],[99.42542447835706,12.491205193664825],[99.40592871693678,12.480292203022827],[99.40186482899873,12.45972563862739],[99.42470057537133,12.448985046222958],[99.42582157940245,12.425766721057357],[99.4464770687618,12.40684848536938],[99.43235921990214,12.364682615610263],[99.44370512439201,12.351429998195897],[99.43392893437289,12.343008651228331],[99.46153412190228,12.28614075009557],[99.48407717402245,12.273362562832062],[99.47126014863699,12.236179784369597],[99.49609375332409,12.196993536722402],[99.4862203519877,12.16610435063535],[99.47306492340755,12.158012742793915],[99.47289081735738,12.132596961080935],[99.49130484184502,12.129038136001213],[99.49944932442685,12.143609987810748],[99.51549880012959,12.1484095328737],[99.57082997572286,12.145241035145716],[99.55520059493159,12.113925400436926],[99.55587936723907,12.093863326931057],[99.5336971402109,12.066091601146525],[99.53632040326409,12.017783140579525],[99.57437503757797,12.0082056081024],[99.59232814512785,11.992984992563379],[99.59336506164834,11.955146861038827],[99.57974627716902,11.9437098471318],[99.5882576705551,11.872839827296218],[99.59977285443375,11.879072305342675],[99.60963202669672,11.86863475479015],[99.62515164343364,11.850116927854003],[99.62165702275348,11.833010651620327],[99.6648365570615,11.823115796956529],[99.640112990722,11.78922730709462],[99.63637692095818,11.72750990715656],[99.61856200233461,11.72315063059716],[99.61565933700888,11.711092783205402],[99.59005413738856,11.692092680432893],[99.58682287867299,11.65920747514491],[99.56572459911104,11.626480935446864],[99.5300060401467,11.621395786386472],[99.51715649707472,11.636271645020429],[99.50583462336925,11.6361176541065],[99.46722054059552,11.614570251316081],[99.45783389641724,11.582760347412147],[99.4739485477873,11.532535451350043],[99.44840443012043,11.508619226196402],[99.45863580929523,11.491405505259934],[99.44436252610973,11.490808121597581],[99.44089860198898,11.478819417682018],[99.42008683743768,11.480876990081072],[99.40932131762474,11.46238661315175],[99.39475826927878,11.461501123578046],[99.4021235810385,11.389490272358216],[99.36543292958606,11.371978095212967],[99.34448359034548,11.348996198216014],[99.34301524385847,11.332916320931531],[99.3273103838672,11.337163956551422],[99.31210692109761,11.317624181410906],[99.326259580915,11.287261794796052],[99.29584697975434,11.248870033425362],[99.30948855485298,11.235490568435011],[99.30737012982769,11.217705863434901],[99.28662414798612,11.190774766342429],[99.27055920844077,11.204419939628565],[99.26276208360332,11.20049282508387],[99.25285736697396,11.169304554161897],[99.22462109908452,11.142139956194058],[99.22743369730733,11.11172088531066],[99.1788646141107,11.082216697442675],[99.17166524795289,11.043616014567476],[99.15074500357912,11.033450382129502],[99.14702926928538,11.0158949439965],[99.16871124572748,11.002283726412884],[99.19899510983652,10.997056621166166],[99.20176123559258,10.986077626581277],[99.23706502902792,10.979825662924043],[99.27994116175529,10.957838119333815],[99.29083728291431,10.969640486419337],[99.33540521577817,10.965550928232801],[99.34593621218653,10.975624265947147],[99.37518614372561,10.972621638278042],[99.38181982732323,10.96193999103781],[99.40793049359746,10.955608406802583],[99.47000596670205,10.992755228571014],[99.50228910825581,10.990922552333984],[99.48608486642348,11.117783410376148],[99.49146055496072,11.152826806911662],[99.53187122957365,11.203544426234316],[99.56070675441322,11.203127690290728],[99.56623852298952,11.183734706991174],[99.58125233582672,11.211758707898127],[99.56154234330455,11.229096864428811],[99.55060758097517,11.263570822835277],[99.55945692969362,11.33609768076343],[99.5723927186491,11.358637387405565],[99.58033550128243,11.357519695577537],[99.65625337439377,11.558153007655221],[99.72599549599539,11.682130351434637],[99.790314853148,11.74529646026349],[99.81094118199002,11.738055025618962],[99.79491987395306,11.770864598822243],[99.80350995442092,11.783208749883954],[99.81331147294617,11.78452490410109],[99.81288683016317,11.776960172174256],[99.81835005241305,11.785029296065204],[99.80140169982866,11.797989419775945],[99.79926527127532,11.818150585081469],[99.81577157559781,11.838947077345779],[99.83315438166943,11.831557282442702],[99.825285893829,11.86565079524803],[99.81663762542615,11.864716235066226],[99.81175730955226,11.880573055302307],[99.8415249232367,11.96087120414279],[99.93738933484997,12.07701217037544],[99.96214842530964,12.087136319785373],[99.96633644397178,12.141110392330802],[100.01986641240507,12.19055000577822],[99.97460917617258,12.26360528915285],[99.98652064181425,12.315270616745636],[100.00233004979202,12.335580077558575],[100.00152349281501,12.374678119699524],[99.97936591800277,12.432276990690639],[99.9749072339817,12.503615828907414],[99.98501340594402,12.513979482167429],[99.9660959014048,12.545508254402478],[99.9555961393504,12.632947072449497],[99.94101999507677,12.636220063305302],[99.92136303827368,12.624010852818628],[99.90467346291007,12.636349215843666],[99.8834085902343,12.619874697159617],[99.82401838933725,12.632340436561947],[99.79247367931691,12.615296449171865],[99.726634075802,12.61289640864237],[99.71693651081137,12.600333341910243],[99.69570245430486,12.611247116761092],[99.68045475208521,12.635444388148017],[99.65653138901246,12.635753011192548]]]}},{"type":"Feature","properties":{"province_code":"80","province_th":"นครศรีธรรมราช","province_en":"Nakhon Si Thammarat"},"geometry":{"type":"MultiPolygon","coordinates":[[[[99.78156354941831,9.311638932790572],[99.76910659009712,9.323138610558487],[99.76310956535423,9.290641443847619],[99.77266558335003,9.262850032802817],[99.74821071105555,9.26399515395326],[99.75406981217213,9.2212429711862],[99.73853552479471,9.200639974355397],[99.7373220974369,9.168731738578913],[99.72026177386181,9.154674368227575],[99.7352658191623,9.127780194600348],[99.72400159469788,9.11283968640248],[99.74080698025801,9.114630015362991],[99.77185605141568,9.098788534863047],[99.76304331769501,9.071425735309504],[99.74510863185793,9.070529140007864],[99.74463055405687,9.026489696442411],[99.72410769131699,8.978494422979281],[99.71297850905103,8.970458600983704],[99.69402031558513,8.97435139020456],[99.69628096029811,8.935078394852098],[99.65159513710597,8.921999045319751],[99.64309385659624,8.928337860104193],[99.62614875955768,8.912069492113403],[99.6066314458846,8.928592880856797],[99.57644584170231,8.911621281696853],[99.57387631404072,8.89133444692726],[99.55711464002866,8.87612559721856],[99.55980672639936,8.851018837849153],[99.53029812465877,8.850038022836543],[99.51687905802214,8.835358573439464],[99.52661026934851,8.810597975716064],[99.52541270513228,8.727597970270153],[99.49263524222272,8.697439057966221],[99.49480887123246,8.672800809409864],[99.47806214215422,8.657568232887684],[99.47993640034468,8.648042385347878],[99.46290717442662,8.649836740573164],[99.44819750511084,8.632628483018152],[99.45502268225107,8.602719155964337],[99.44136684210616,8.600439863808731],[99.41838747040549,8.569848907301264],[99.39307420511057,8.51354741268301],[99.37689618930773,8.515377954828807],[99.31397454139204,8.476165014403932],[99.28675969470419,8.470017298359664],[99.25962090098386,8.44863401644676],[99.24935925332693,8.411347116276431],[99.23420536658443,8.397625881029626],[99.24038577568308,8.366219517316893],[99.26134223755429,8.351170904313847],[99.27531670660079,8.352052813686441],[99.28315724441137,8.316830719162397],[99.29964472862139,8.315512587336059],[99.2985579842636,8.306772189684864],[99.32788522422379,8.294024019093229],[99.33594683068173,8.269388552140015],[99.31201177372446,8.234073434441484],[99.32042807459601,8.202262665389753],[99.30552067403994,8.19016450498799],[99.30435645218859,8.171618316132424],[99.28987515761247,8.165658960392761],[99.28862266100708,8.151573813580683],[99.2964131569417,8.131893897085718],[99.3868155406048,8.140524608923613],[99.39413269906487,8.087949841911723],[99.3851905753848,8.072109711294218],[99.41574833881486,8.001544540947862],[99.39779520878193,7.983306876211429],[99.39676638705919,7.9537909360029175],[99.38609105036176,7.941914368553341],[99.36881596868204,7.945020429948954],[99.39966452969435,7.922732262783768],[99.42341009410063,7.926466294683792],[99.42191443160579,7.8647945398361685],[99.4714288335739,7.905231346949165],[99.48108725467313,7.8807486559257995],[99.4894427415893,7.887228192127395],[99.51386093323555,7.875716560570879],[99.53246391427825,7.8785096147269655],[99.54054541194125,7.911653073830337],[99.56207199722496,7.924322117571705],[99.56955195186117,7.945615196584129],[99.5955925933236,7.95725516499391],[99.60220602059144,7.98555537917747],[99.61658168079998,7.988766340194502],[99.63103725386623,8.009581343204502],[99.65678456075892,8.01303959440179],[99.70339235027683,7.990516265313431],[99.74229608759441,8.006673669554232],[99.74630637413992,7.983669821904812],[99.7578238090216,7.986665923193868],[99.73328965069686,7.9438404169017645],[99.7424112089102,7.929225270829647],[99.73107261141195,7.900397934317255],[99.7353580770137,7.856072130424536],[99.78303317294262,7.857231411400562],[99.80610056668786,7.890858256103684],[99.81932252981096,7.884820637762289],[99.88260587606038,7.892451266612738],[99.91737644077017,7.87000141033684],[99.94085026332903,7.878470494217993],[99.95315811775299,7.897571163678322],[99.98798030894415,7.859976844655705],[100.04729738956291,7.8370256442181585],[100.07174058236205,7.842824808218381],[100.10733634069965,7.878820162320665],[100.14094132198449,7.868214777589969],[100.17311061296448,7.881175813213247],[100.23253940556918,7.882280978384472],[100.26683800516986,7.90602195714763],[100.26649450911435,7.91421247512568],[100.30746182360434,7.914420765306147],[100.31224380940432,7.936857593103468],[100.33690886135491,7.931888955710804],[100.29073357019814,8.202197510406847],[100.25317711083505,8.3376172172608],[100.21380872619181,8.444495893970384],[100.17157915115695,8.502703464793115],[100.1275750068811,8.516684409857703],[100.1620061215853,8.493374286394271],[100.17297174594938,8.457912072883914],[100.15527657925077,8.439201972692956],[100.17642847189654,8.382291862779311],[100.16248441702231,8.389546337593458],[100.14564385088306,8.376790293437352],[100.09366326504772,8.417441685085748],[100.08894384418312,8.411003495215198],[100.04308409905201,8.529401549342083],[100.01493901792139,8.559848780696711],[99.98075025342149,8.572169679786953],[99.96578543385073,8.588322884193815],[99.94818637230333,8.657303318693266],[99.91444814566546,8.919686140103352],[99.91534359073421,8.994640713398269],[99.92871578380641,9.006846650352657],[99.91429312682641,9.020878549205747],[99.9087212313998,9.098523974102193],[99.87534208157189,9.14059846194948],[99.87942743003191,9.218301257297242],[99.86100657519336,9.25188107465192],[99.84829529029548,9.254208640616298],[99.83744214593833,9.304359896592018],[99.82978796923948,9.310721081113059],[99.82423946877651,9.29853005491816],[99.80628248694728,9.299502041286246],[99.80083200089621,9.32008609120021],[99.79692138891102,9.309833089625442],[99.79546900179304,9.318233030929662],[99.78156354941831,9.311638932790572]]],[[[99.76907964191201,9.32642567580433],[99.77522114903684,9.321036424591398],[99.78255132698223,9.3227419007182],[99.76907964191201,9.32642567580433]]]]}},{"type":"Feature","properties":{"province_code":"81","province_th":"กระบี่","province_en":"Krabi"},"geometry":{"type":"MultiPolygon","coordinates":[[[[98.75384260675094,8.672145122699305],[98.74648197506315,8.674426488691552],[98.72155599021681,8.629685473206052],[98.70344430161327,8.632660263260561],[98.70675993921986,8.596530727611025],[98.69091159329548,8.576468526401413],[98.67196070592189,8.510012774869722],[98.64845855561788,8.484910308863732],[98.67041827058677,8.459120453246385],[98.66477670558055,8.42717654586096],[98.64373068472338,8.413239603724776],[98.66385282304941,8.385471913198273],[98.62908655080372,8.368283543250982],[98.60510365081291,8.30951087442736],[98.61993986193517,8.23787981680016],[98.66551619381733,8.204292137572168],[98.69553345840245,8.145238932430857],[98.68211273161734,8.130514375737903],[98.66335231255925,8.13077949317909],[98.67220043460242,8.094212463434474],[98.66801517506036,8.037320830991632],[98.69493995441542,8.046228651830859],[98.72473979800333,8.099757122892981],[98.74725704677536,8.114741975761603],[98.7399813362697,8.077893415049118],[98.76308862843752,8.041056550919166],[98.76482188642098,8.021085567045304],[98.77359265687568,8.022913156716868],[98.77303259058164,8.041247595700042],[98.79680838839647,8.048178185075244],[98.81615125157907,8.039367312951185],[98.84027470301521,8.003136274419603],[98.85603948663305,8.021813866816558],[98.85975482432576,7.990356691408238],[98.89427643870675,7.937340422922205],[98.95400726412402,8.002088062414202],[98.95906587239216,8.026875782791194],[98.96928496143187,8.004722263921394],[98.98167954197731,8.015485228760326],[98.98234048342664,7.995884493974245],[98.97021683803672,7.9865334467612],[98.95127329722493,7.997773664722899],[98.94132049294643,7.990320474810119],[98.97194994943067,7.933345200920314],[99.0008894880595,7.9402313071291815],[99.01871180180825,7.8932786500896555],[99.02961705558272,7.88592445934637],[99.05103120132895,7.896569026639327],[99.06675516471915,7.922987829424812],[99.08350883476498,7.9137081506107165],[99.06878536535237,7.876055997985986],[99.0261471707554,7.836747656579121],[99.03896266729333,7.819001317556797],[99.02760159393847,7.829522927740982],[99.01690372023057,7.823090303774563],[99.03070740262461,7.797166227939101],[99.02202729912062,7.780913879571926],[99.04960547101575,7.76743851807322],[99.04308905541563,7.759125641934872],[99.04463976721155,7.771251841399419],[99.01957971593123,7.765190271413928],[99.03974215557605,7.704141443672711],[99.06266703555531,7.698938529289762],[99.04689182699627,7.72489279176898],[99.067293041141,7.694718552319387],[99.10197308908687,7.696186167657572],[99.1087832430523,7.714452359788595],[99.10197726733708,7.748492825183803],[99.11094058533979,7.725203125324015],[99.11550502963348,7.7528238225614245],[99.09976890111398,7.771006437996789],[99.10509571599454,7.759786491653301],[99.12788509691973,7.751980909591339],[99.14428542333366,7.726023209903246],[99.17771493159887,7.612864989128013],[99.24941698710433,7.6526075717820845],[99.30782775524676,7.70123058102655],[99.30651744212634,7.754625250055312],[99.287307059873,7.771254310038444],[99.3032356001429,7.809476078857983],[99.28742649074002,7.810940736325961],[99.29387250741036,7.825300459648531],[99.27834540381741,7.850655196280343],[99.33453173125446,7.883915307345603],[99.34098409174248,7.894534440911741],[99.33202904120736,7.902079400344121],[99.33366350057014,7.928564798826471],[99.35736600813482,7.932426857313658],[99.36900788670465,7.946719619814644],[99.38706932928619,7.942556762384697],[99.39691995169449,7.954261716704934],[99.39779520878193,7.983306876211429],[99.41574833881486,8.001544540947862],[99.3851905753848,8.072109711294218],[99.39413269906487,8.087949841911723],[99.38514834861746,8.143121663933698],[99.35658510521847,8.133010656316799],[99.2964131569417,8.131893897085718],[99.28862266100708,8.151573813580683],[99.28987515761247,8.165658960392761],[99.30435645218859,8.171618316132424],[99.30552067403994,8.19016450498799],[99.32042807459601,8.202262665389753],[99.31201177372446,8.234073434441484],[99.33349579319633,8.257982827445574],[99.33091189616715,8.29111660174982],[99.2985579842636,8.306772189684864],[99.29964472862139,8.315512587336059],[99.27468901488618,8.300574622420925],[99.2314990637309,8.317725583269123],[99.20975999742598,8.33610718989496],[99.20365301257652,8.367503872405848],[99.17439672912582,8.373130532048492],[99.1517016358219,8.361019135424783],[99.11882040733599,8.366960789808672],[99.05202689742345,8.360417479982743],[99.0250612933441,8.370804073149486],[98.9390933803553,8.438522970159],[98.95022793607046,8.491066497420945],[98.9329708624154,8.543994094551863],[98.9369079504416,8.58102759544721],[98.91935649540602,8.592866382377679],[98.89073662439574,8.667551049341512],[98.86000940980648,8.655676429823416],[98.79971777075855,8.655516206607672],[98.7955020062127,8.640570624434815],[98.75384260675094,8.672145122699305]]],[[[99.061199428311,7.215490014752447],[99.05262642956615,7.204832687878309],[99.0591173242052,7.196756683274373],[99.06839565673425,7.208966864129536],[99.061199428311,7.215490014752447]]],[[[99.07931717294923,7.229542364188831],[99.0614291934026,7.219067657246626],[99.08281745126442,7.219063713719436],[99.07931717294923,7.229542364188831]]],[[[99.21761423730726,7.4064353018477505],[99.20140117492434,7.435161136377417],[99.19922683994679,7.401979792433508],[99.21761423730726,7.4064353018477505]]],[[[99.1206159118949,7.499873460391939],[99.1171562019972,7.493966946117723],[99.12205359509738,7.495917970438029],[99.1206159118949,7.499873460391939]]],[[[99.12333994758058,7.542447157410436],[99.11699613976009,7.542720273421935],[99.13516469699323,7.5245567254125945],[99.13635570964834,7.535122983339079],[99.12333994758058,7.542447157410436]]],[[[99.14592497285929,7.560271718564991],[99.1429336928357,7.563448345264987],[99.14278155092791,7.559943718727709],[99.14592497285929,7.560271718564991]]],[[[99.14273720985443,7.572813653027708],[99.14032871479839,7.579748045635824],[99.14046926804235,7.575870839867434],[99.14273720985443,7.572813653027708]]],[[[99.14694075261372,7.582645549752385],[99.14837812824805,7.589857370621189],[99.14201271421547,7.594531638324497],[99.14694075261372,7.582645549752385]]],[[[98.86454357662484,7.612159979999149],[98.86513298060265,7.616362487638753],[98.86241235784411,7.616929819555594],[98.86454357662484,7.612159979999149]]],[[[99.14940059715991,7.608799423054961],[99.1491445242005,7.617945342103894],[99.14681490958048,7.612519810440972],[99.14940059715991,7.608799423054961]]],[[[99.14551976622431,7.615587890768609],[99.14962161634458,7.630127550446161],[99.1399324204449,7.640884499719959],[99.14551976622431,7.615587890768609]]],[[[99.04568349339854,7.645846000992208],[99.01882372063824,7.647060707185915],[99.03160361481503,7.632564666426276],[99.03390449699498,7.566834914200001],[99.06732162339426,7.499194224034284],[99.09859194935905,7.46759231443383],[99.11058516877057,7.498148127234344],[99.07718359524677,7.558701746888175],[99.07948549725796,7.597034033393982],[99.06503076685647,7.617321616399522],[99.05918842010954,7.613390364074064],[99.04568349339854,7.645846000992208]]],[[[99.06933016475534,7.68747258059517],[99.0390285102576,7.684466990559201],[99.03793664066347,7.654988635717018],[99.07873344009624,7.6008373580576745],[99.10823984479305,7.6028852285704716],[99.11889582088548,7.587174040049945],[99.12480107610884,7.6097812920730235],[99.11747630488765,7.6253369977043235],[99.12999993544872,7.642352451404577],[99.12156131340396,7.670427272100994],[99.10938075441834,7.686236853647927],[99.09240189323282,7.679260913260578],[99.06933016475534,7.68747258059517]]],[[[98.76515592880315,7.695191559742739],[98.7636214389783,7.673218179575372],[98.77086503289502,7.6792770605879355],[98.76515592880315,7.695191559742739]]],[[[99.11940373999067,7.6964558689432465],[99.11969781740044,7.705317780291352],[99.11237388434733,7.71501057078126],[99.11940373999067,7.6964558689432465]]],[[[99.13063337203255,7.732992499804084],[99.1236755763668,7.74280532820336],[99.1221000549736,7.7360471289718475],[99.13063337203255,7.732992499804084]]],[[[99.12918346074815,7.742018835101192],[99.12532168374878,7.750238922788128],[99.12455395320245,7.745220027682194],[99.12918346074815,7.742018835101192]]],[[[98.77247456844663,7.762398634589374],[98.75660040838221,7.7875746156760215],[98.76586740765481,7.76475822810977],[98.75962602901808,7.760707947813614],[98.77386562629766,7.743709905887499],[98.75847151714686,7.745582396010832],[98.75584970559947,7.732346538362094],[98.76888195673695,7.717696975235242],[98.76806280475472,7.738262428967971],[98.79163879299597,7.728522216327292],[98.77247456844663,7.762398634589374]]],[[[98.99428877900402,7.804834674180938],[98.99318934611148,7.80132831375073],[98.99671117488089,7.796824722083329],[98.99428877900402,7.804834674180938]]],[[[98.99232390962078,7.805839281657597],[98.99260079109371,7.80843201272728],[98.98779119520754,7.809671163393546],[98.99232390962078,7.805839281657597]]],[[[98.79645006521838,7.814833215280714],[98.79735973486396,7.820558418136557],[98.79287208457907,7.818803646571098],[98.79645006521838,7.814833215280714]]],[[[98.77120792640471,7.8131903949208095],[98.77477310879198,7.82227469332247],[98.77199687465611,7.822394752815626],[98.77120792640471,7.8131903949208095]]],[[[99.02183994335877,7.835349260260216],[99.01567820868246,7.83504141512924],[99.01467202469422,7.830462632044885],[99.02183994335877,7.835349260260216]]],[[[98.99352863783645,7.819133663587763],[98.99082535040964,7.843603356709593],[98.98131118326455,7.830307566441093],[98.98817341427173,7.815165309731299],[98.99352863783645,7.819133663587763]]],[[[98.98348111606072,7.844232374024898],[98.98353334778585,7.849580074760695],[98.97979665389255,7.847607951445866],[98.98348111606072,7.844232374024898]]],[[[98.96692446499213,7.852988190552594],[98.93919804435433,7.85436060635692],[98.93486604063531,7.838925756118783],[98.95842756687875,7.823409153010061],[98.98672738536061,7.783388812044109],[98.99173309910333,7.796821262391404],[98.96692446499213,7.852988190552594]]],[[[99.04436754602551,7.866614472679828],[99.04932382043802,7.869433344573224],[99.04279855640829,7.870522369611706],[99.04436754602551,7.866614472679828]]],[[[99.04737030229768,7.879526283011614],[99.03947485368161,7.878909168223572],[99.04566876160413,7.877021385128842],[99.04737030229768,7.879526283011614]]],[[[99.02178213943426,7.884590694604924],[99.007535611979,7.88418700692489],[99.00255351982912,7.873430519902627],[99.0155560924398,7.836870979711989],[99.03098452241784,7.840625147432661],[99.03995093768566,7.862111863072073],[99.02178213943426,7.884590694604924]]],[[[99.05342337189114,7.8827356387387795],[99.05654207685541,7.894765403900294],[99.04438944541664,7.883252861330561],[99.05342337189114,7.8827356387387795]]],[[[99.07237319087011,7.914704120998408],[99.06498213871481,7.919259000102841],[99.06360976068197,7.875203130420175],[99.07986115576779,7.902380310802755],[99.07928913928242,7.9163271247970215],[99.07237319087011,7.914704120998408]]],[[[98.99094766540247,7.850280209564062],[98.99842021322235,7.901399130665425],[98.99095313957577,7.924493742392372],[98.97262124207674,7.926513515386489],[98.97033910716414,7.906819826673711],[98.99094766540247,7.850280209564062]]],[[[98.80785370078775,7.949880145952022],[98.80936617520888,7.958362785314364],[98.80287851722983,7.954309592114043],[98.80785370078775,7.949880145952022]]],[[[98.8090513342517,7.968378372164182],[98.81395629424765,7.97402448504198],[98.8050778317766,7.972635298680132],[98.8090513342517,7.968378372164182]]]]}},{"type":"Feature","properties":{"province_code":"82","province_th":"พังงา","province_en":"Phangnga"},"geometry":{"type":"MultiPolygon","coordinates":[[[[98.39616445302715,9.330500873616472],[98.29755320881361,9.356846590297948],[98.2976178278006,9.244078924402913],[98.27599022257078,9.207879473658807],[98.26398264728141,9.206396189432667],[98.26077826660378,9.143455100872245],[98.24939790908627,9.124642111044636],[98.2470804811793,9.00349271062015],[98.26331407058797,8.952319537017047],[98.24705380728744,8.911341694163923],[98.26816619091704,8.869655719735704],[98.26571748267577,8.828558850710465],[98.25112009911334,8.810123319835384],[98.26115976171371,8.766820975008045],[98.24993994037601,8.74309259484744],[98.23282508281136,8.733600605883282],[98.22130236441262,8.738013446063746],[98.2359402201651,8.722359756597541],[98.24656140418551,8.639641349568649],[98.22938394841054,8.621571358031815],[98.237599742734,8.615420775848179],[98.23828843726164,8.586411766389972],[98.21325167572434,8.588376785959952],[98.20381232407954,8.55357189142967],[98.28219785234904,8.248658509882375],[98.28156207662857,8.201657009763267],[98.29858863066084,8.202109896654463],[98.35211187306453,8.175081980349148],[98.36133219932162,8.141297702127304],[98.38283292100255,8.121242435589977],[98.4607666451646,8.118243002312738],[98.51139435386642,8.072331792578211],[98.50563111868126,7.752722617354948],[98.60429530868163,7.752795178254928],[98.6167008393723,7.743620801059194],[98.64847709334322,7.776364829873046],[98.6850025573222,7.860382750963254],[98.68986342895414,7.905650284433136],[98.68220074107143,7.941045130628311],[98.6969626987696,8.036123470022176],[98.66801717874984,8.034855678646693],[98.67220043460242,8.094212463434474],[98.66321396625159,8.129295695440021],[98.68211273161734,8.130514375737903],[98.69584284766933,8.14311462404072],[98.66690668599483,8.202585566071093],[98.61993986193517,8.23787981680016],[98.60451303994489,8.303905787721988],[98.62908655080372,8.368283543250982],[98.66385282304941,8.385471913198273],[98.64373068472338,8.413239603724776],[98.66477670558055,8.42717654586096],[98.67041827058677,8.459120453246385],[98.64845855561788,8.484910308863732],[98.67196070592189,8.510012774869722],[98.69091159329548,8.576468526401413],[98.70675993921986,8.596530727611025],[98.70344430161327,8.632660263260561],[98.67116430588806,8.66149101270014],[98.6485222725849,8.659868893834414],[98.63891805002805,8.644938712551607],[98.61162375902933,8.637996532713885],[98.60364039269001,8.626496506908325],[98.58684628282975,8.628381122590781],[98.53646266092312,8.661022427243267],[98.54567660379229,8.674250554319656],[98.56986687755443,8.682425346752382],[98.59436044587795,8.712308303885152],[98.59845866993174,8.797407461884916],[98.5546027752979,8.814237237058876],[98.55281511372658,8.828872715903174],[98.53263000397158,8.845508354427068],[98.53610067480633,8.857842621040163],[98.51447415685692,8.860278227058586],[98.50531616081224,8.881110190383026],[98.44543442016243,8.89551410279364],[98.4566047023452,8.932547744882584],[98.44284180240732,8.945416460601223],[98.4511768837063,8.9663880499686],[98.50525290339885,8.98331039326007],[98.51056027673542,8.995207106422868],[98.48781439691692,9.01600217416103],[98.47289338062507,9.064244527363087],[98.49413140044385,9.081737984220638],[98.48120836387494,9.145778618988118],[98.50252467507374,9.154241943610884],[98.49225590658489,9.187053381108683],[98.50184835971407,9.216650925799627],[98.52767220700679,9.243221771567562],[98.5274948076393,9.29501314544035],[98.50575051807203,9.309376258307736],[98.48000286134305,9.304961632973004],[98.4711029482425,9.321677702364127],[98.45568828778431,9.316527002619125],[98.46934975498726,9.329519470447224],[98.43917058275628,9.340893929311449],[98.41895903563108,9.33651536679082],[98.4044398166443,9.350889814713241],[98.39616445302715,9.330500873616472]]],[[[97.64708192039438,8.478907259562448],[97.62935002268546,8.488331410865953],[97.64036646773837,8.473651445258042],[97.64708192039438,8.478907259562448]]],[[[97.63164848119249,8.513350483637964],[97.62321600961121,8.51673835569062],[97.6398620910627,8.498254987177972],[97.63164848119249,8.513350483637964]]],[[[97.64974687961484,8.518198055196137],[97.64520802463068,8.520054148879922],[97.64689519955385,8.5171962374165],[97.64974687961484,8.518198055196137]]],[[[97.63836907886997,8.567716933989345],[97.63510389682745,8.57144352040217],[97.63625257929317,8.565792374918203],[97.63836907886997,8.567716933989345]]],[[[97.6250402250264,8.569672728313833],[97.61994768983408,8.575751137205259],[97.62771427729211,8.552894145248672],[97.63238046908344,8.567036219146246],[97.6250402250264,8.569672728313833]]],[[[97.62922029458099,8.587231877948852],[97.63431222542891,8.59293057418671],[97.62692830219947,8.600616187587036],[97.62922029458099,8.587231877948852]]],[[[97.63872950556231,8.664855757787052],[97.62572445711805,8.655975513759017],[97.64236407873932,8.61685999059614],[97.63872950556231,8.664855757787052]]],[[[97.64196581397118,8.674965901155474],[97.63102159616977,8.672806833968252],[97.64154249678887,8.668135895555167],[97.64196581397118,8.674965901155474]]],[[[97.80428646814607,8.829401778968986],[97.79798207761087,8.827636843265736],[97.80215388959039,8.825155911416232],[97.80428646814607,8.829401778968986]]],[[[97.81348252170108,9.059534949578335],[97.81919235244516,9.066886951371771],[97.80952825212717,9.082452408352026],[97.81348252170108,9.059534949578335]]],[[[97.86750246416744,9.37507451088004],[97.86319793833422,9.366228837690755],[97.86989173981198,9.368885229070088],[97.86750246416744,9.37507451088004]]],[[[97.89431837609226,9.396939025415747],[97.89125673580975,9.398047415555823],[97.89678926341384,9.395363594854075],[97.89431837609226,9.396939025415747]]],[[[97.90226904757856,9.405422752957747],[97.9018719636203,9.40626085455483],[97.90092351340945,9.406233034926686],[97.90226904757856,9.405422752957747]]],[[[97.83298203239497,9.419494393751336],[97.83180529827598,9.425994781633904],[97.82784631985186,9.419641263833284],[97.83298203239497,9.419494393751336]]],[[[97.88746664287135,9.462461190731403],[97.8543972168581,9.455371219006622],[97.85912679016928,9.43921902813571],[97.84647561235965,9.436439958437404],[97.8627447106,9.425603711442193],[97.83947882838527,9.415466190912014],[97.87189035805363,9.378788915975747],[97.88291638268498,9.382444596241157],[97.86980844190612,9.409611943436516],[97.87170152380634,9.417424606760221],[97.8812941756857,9.414052624828798],[97.87614244172039,9.431744694262306],[97.90458607528723,9.426327478630299],[97.90278305059735,9.4525272434376],[97.88746664287135,9.462461190731403]]],[[[97.87615314814934,9.472138746705866],[97.87502182709568,9.471661479193983],[97.87657629805778,9.47077174392092],[97.87615314814934,9.472138746705866]]],[[[97.9055617021109,9.47364082226619],[97.90541531136756,9.477621130810576],[97.90221455495782,9.47928526780089],[97.9055617021109,9.47364082226619]]],[[[97.87464523688823,9.494197741432686],[97.87431676041024,9.495150746709669],[97.87302147855843,9.495086666416569],[97.87464523688823,9.494197741432686]]]]}},{"type":"Feature","properties":{"province_code":"83","province_th":"ภูเก็ต","province_en":"Phuket"},"geometry":{"type":"MultiPolygon","coordinates":[[[[98.29448465903982,8.199687695930493],[98.28351366302519,8.19649445875234],[98.30153538435059,8.106500689255427],[98.29672637662105,8.089255064869405],[98.2709249764066,8.071420546421109],[98.27245173026319,8.038316687165434],[98.28940863540026,8.028302788343069],[98.29188147155276,7.9963631113685665],[98.28546874958317,7.984680698555451],[98.27001110962505,7.98831013210696],[98.28256305444148,7.953845109364352],[98.26271161564858,7.949298349339415],[98.25816015486731,7.935755666390946],[98.26223268798822,7.923889456433301],[98.27517489090854,7.925474670719552],[98.29661246039677,7.909733803672168],[98.28945034056085,7.887254479310798],[98.26355778956042,7.893836308898585],[98.26084663486438,7.8867637543438605],[98.2904922177417,7.857034611857898],[98.2891960419638,7.824658320325284],[98.29882057660836,7.804645854322757],[98.28457102743101,7.788991909449123],[98.28803409809524,7.7766244047924715],[98.30451772781095,7.778613834660803],[98.302341615773,7.759702428424362],[98.31040229682861,7.758682945261739],[98.33667337787415,7.7782951976652726],[98.33241845774569,7.788973237724804],[98.34491884802645,7.823839157551106],[98.36457805043676,7.839301378655762],[98.3759428937496,7.8407735067919475],[98.3888467181016,7.806035386923611],[98.39565637743993,7.814765042173008],[98.41229179113333,7.8020875627908595],[98.40015444457202,7.822175529577066],[98.41019742297277,7.837688404096639],[98.39640363132258,7.838927005277128],[98.39303604527731,7.8687187396781155],[98.41641189029656,7.879396703295242],[98.41603082596191,7.8698918099590855],[98.42562315678333,7.874931182628018],[98.43815863591237,7.8665261754426865],[98.42932895356842,7.876276066587252],[98.44467163678667,7.883544463806004],[98.44160982833097,7.915530907325547],[98.4263116075947,7.898786952655769],[98.41149615282524,7.913813204915527],[98.41213906196822,7.928717912002071],[98.39190134097419,7.949803094737092],[98.39313954195637,7.979258735402368],[98.4095388521364,7.9911807905610885],[98.42512512212676,7.9875261660997126],[98.40799631787581,8.008759545416751],[98.4104100532814,8.030535528891619],[98.42078891497653,8.046219026387007],[98.43226022812706,8.040261268742597],[98.4302695715835,8.057092422577284],[98.44372064689043,8.070637672190855],[98.4342530700232,8.076700511119725],[98.44049964044609,8.093381888263593],[98.43336713798311,8.099288434913376],[98.39761085425755,8.082134076426541],[98.37625040703074,8.09954631461079],[98.3728548745529,8.119064289285575],[98.34716334990873,8.116730436160765],[98.33815396413422,8.171520540040945],[98.29804629180296,8.18952407167859],[98.30418007285215,8.193969513182537],[98.29448465903982,8.199687695930493]]],[[[98.3229958964435,7.494461867321377],[98.32457037642178,7.498107816922243],[98.31406392880734,7.47850245962087],[98.3229958964435,7.494461867321377]]],[[[98.33342351758131,7.5233343551963685],[98.320965530335,7.507947991007029],[98.32470854736164,7.4994229800865355],[98.33342351758131,7.5233343551963685]]],[[[98.37828022185482,7.6105397623002204],[98.3757382161458,7.617748017357144],[98.36982834740036,7.609872348430201],[98.36249394084274,7.614703663843045],[98.36849688582271,7.607901371750927],[98.35429422190089,7.603583412744342],[98.35545850580547,7.589744792588135],[98.36693412311138,7.59132026182067],[98.37828022185482,7.6105397623002204]]],[[[98.29778009517531,7.737787246983885],[98.29546431572567,7.737782299813318],[98.29490759760762,7.734634259863242],[98.29778009517531,7.737787246983885]]],[[[98.30165348422099,7.749409752358247],[98.30033024694342,7.743799065574478],[98.30310105636869,7.747327795741228],[98.30165348422099,7.749409752358247]]],[[[98.3340877451534,7.763006769646722],[98.3276248302218,7.753451169835671],[98.33340613008892,7.755382066429263],[98.3340877451534,7.763006769646722]]],[[[98.39184156123912,7.757372150104686],[98.39998316958764,7.766286770717954],[98.39154316258697,7.761399396964634],[98.39184156123912,7.757372150104686]]],[[[98.30125952091021,7.765940720587821],[98.29973406477535,7.767942824601732],[98.29751906155553,7.765689491376975],[98.30125952091021,7.765940720587821]]],[[[98.37009440733107,7.795857776415289],[98.35505742256208,7.78749240594982],[98.38947238903955,7.780600857943284],[98.38271882581324,7.794504598908134],[98.37009440733107,7.795857776415289]]],[[[98.28672062205914,7.821410373789774],[98.28425999870007,7.819896539593685],[98.28577144519608,7.8197964954119925],[98.28672062205914,7.821410373789774]]],[[[98.4154347813901,7.8312015024474135],[98.40998533855259,7.827456818977055],[98.41617589380252,7.825766695176867],[98.4154347813901,7.8312015024474135]]],[[[98.42381873724497,7.831151982178255],[98.4230088446825,7.837180100980902],[98.42173697038493,7.83513582685697],[98.42381873724497,7.831151982178255]]],[[[98.45567389863157,7.92348670494755],[98.45587704828722,7.925420961408292],[98.45485763527171,7.9238282278904535],[98.45567389863157,7.92348670494755]]],[[[98.43801649986165,7.940817973570688],[98.41734111210269,7.943651776008721],[98.41477401261068,7.933466109373512],[98.43116323509526,7.926499403224909],[98.43801649986165,7.940817973570688]]],[[[98.45000058665778,7.954442272692802],[98.44698442958781,7.961776780873777],[98.44531038116924,7.955363173072044],[98.45000058665778,7.954442272692802]]],[[[98.45161599658104,7.963997939953003],[98.45259886294724,7.967294470563388],[98.45001752988514,7.965340677230529],[98.45161599658104,7.963997939953003]]],[[[98.46123809855948,8.032606742207463],[98.45945224102815,8.031496925742601],[98.46078039579868,8.022487927575867],[98.46123809855948,8.032606742207463]]],[[[98.46558393924744,8.0617583778469],[98.45718524440355,8.055799274816707],[98.46805560987855,8.03848653312707],[98.46558393924744,8.0617583778469]]],[[[98.45001121124847,8.063108130735714],[98.44235271870309,8.059805338145907],[98.44975971673762,8.056919407404791],[98.45001121124847,8.063108130735714]]],[[[98.40608229795976,8.108800712582877],[98.40169413517623,8.108391226074275],[98.39998690986806,8.104654787588402],[98.40608229795976,8.108800712582877]]],[[[98.42509334098497,8.114589150369056],[98.42608394691666,8.118705234059348],[98.4243071311692,8.115346700589782],[98.42509334098497,8.114589150369056]]]]}},{"type":"Feature","properties":{"province_code":"84","province_th":"สุราษฎร์ธานี","province_en":"Surat Thani"},"geometry":{"type":"MultiPolygon","coordinates":[[[[98.88238259797856,9.726042750872296],[98.8677435290407,9.729109227708761],[98.84663516897791,9.70497013076698],[98.82176164968047,9.703429532746782],[98.79172100811809,9.683667919139225],[98.78280687313872,9.692590685811524],[98.76830740056613,9.686594718671358],[98.76808318698954,9.635016905006182],[98.73773872026578,9.599530710174179],[98.7372567987623,9.584763127216604],[98.75811064169284,9.574675795151848],[98.7674776230939,9.54472921458165],[98.74698540655135,9.53578860356123],[98.715679907202,9.487297880093138],[98.70446929941869,9.486093319151394],[98.69367504356848,9.469664809783183],[98.6687976688774,9.465992536126691],[98.66635322612052,9.451182328002062],[98.68087170856256,9.43587425879008],[98.6712845245612,9.424901507298785],[98.66054446455547,9.419983518824381],[98.64745051183172,9.427510227415098],[98.65423322658222,9.400474507692422],[98.6482925281777,9.387914878169113],[98.67236210392804,9.388229938560869],[98.66195920515327,9.35029871641268],[98.63472046257937,9.356712517568667],[98.61063604441796,9.34209570415345],[98.58986338238924,9.355432297562515],[98.58665155982169,9.367738747245426],[98.54647816593467,9.361310297931936],[98.50646741803695,9.316391963118633],[98.52667936895779,9.297576006427619],[98.5304073502191,9.255288702111955],[98.49650051328814,9.201568196115431],[98.49362502097802,9.172151325223524],[98.50252467507374,9.154241943610884],[98.48224249969167,9.148639360618063],[98.48025649713969,9.123825648934599],[98.49413140044385,9.081737984220638],[98.47289338062507,9.064244527363087],[98.48781439691692,9.01600217416103],[98.51066140639887,8.995796567957314],[98.50525290339885,8.98331039326007],[98.45084124232955,8.965950294170796],[98.44284180240732,8.945416460601223],[98.4566047023452,8.932547744882584],[98.44543442016243,8.89551410279364],[98.50531616081224,8.881110190383026],[98.51447415685692,8.860278227058586],[98.53610067480633,8.857842621040163],[98.53263000397158,8.845508354427068],[98.55281511372658,8.828872715903174],[98.5546027752979,8.814237237058876],[98.59845866993174,8.797407461884916],[98.59436044587795,8.712308303885152],[98.56986687755443,8.682425346752382],[98.53632974562134,8.661819359675746],[98.5654783415523,8.637760904042523],[98.60364039269001,8.626496506908325],[98.61162375902933,8.637996532713885],[98.63891805002805,8.644938712551607],[98.6485222725849,8.659868893834414],[98.67410504221397,8.661422330576158],[98.70541424137417,8.630329957961237],[98.72155599021681,8.629685473206052],[98.74693890440699,8.674799003171529],[98.7955020062127,8.640570624434815],[98.79971777075855,8.655516206607672],[98.86000940980648,8.655676429823416],[98.89073662439574,8.667551049341512],[98.91935649540602,8.592866382377679],[98.93629944756151,8.583830424334678],[98.9329708624154,8.543994094551863],[98.9501627631011,8.49225200082924],[98.93861742495426,8.441298143094855],[98.94713835565068,8.4254478456416],[99.04860050291092,8.360858223328421],[99.1517016358219,8.361019135424783],[99.17439672912582,8.373130532048492],[99.20365301257652,8.367503872405848],[99.21458916525785,8.330481187656744],[99.27526573032924,8.300656762899337],[99.29247431883482,8.31271649706872],[99.28315724441137,8.316830719162397],[99.27531670660079,8.352052813686441],[99.26134223755429,8.351170904313847],[99.24038577568308,8.366219517316893],[99.23431833042667,8.38576214690562],[99.26202256478962,8.436956119129661],[99.25962090098386,8.44863401644676],[99.37689618930773,8.515377954828807],[99.39264567275967,8.513202998419672],[99.41838747040549,8.569848907301264],[99.44136684210616,8.600439863808731],[99.45502268225107,8.602719155964337],[99.44819750511084,8.632628483018152],[99.46290717442662,8.649836740573164],[99.47993640034468,8.648042385347878],[99.47806214215422,8.657568232887684],[99.49480887123246,8.672800809409864],[99.49263524222272,8.697439057966221],[99.52541270513228,8.727597970270153],[99.52661026934851,8.810597975716064],[99.51687905802214,8.835358573439464],[99.53029812465877,8.850038022836543],[99.55980672639936,8.851018837849153],[99.55711464002866,8.87612559721856],[99.57387631404072,8.89133444692726],[99.57644584170231,8.911621281696853],[99.6066314458846,8.928592880856797],[99.62614875955768,8.912069492113403],[99.64309385659624,8.928337860104193],[99.65159513710597,8.921999045319751],[99.69628096029811,8.935078394852098],[99.69402031558513,8.97435139020456],[99.71297850905103,8.970458600983704],[99.72509528811713,8.980360005409977],[99.74463055405687,9.026489696442411],[99.74510863185793,9.070529140007864],[99.76304331769501,9.071425735309504],[99.77177383269628,9.097576770351736],[99.74080698025801,9.114630015362991],[99.72400159469788,9.11283968640248],[99.7352658191623,9.127780194600348],[99.72026104181367,9.154310898229426],[99.7373220974369,9.168731738578913],[99.73853552479471,9.200639974355397],[99.75406981217213,9.2212429711862],[99.74821071105555,9.26399515395326],[99.77266558335003,9.262850032802817],[99.76310956535423,9.290641443847619],[99.76910659009712,9.323138610558487],[99.75925613136542,9.315246607245172],[99.74429554400422,9.32925777042982],[99.7292264480422,9.312423615557464],[99.68096498244802,9.33818871463751],[99.6816957355698,9.313258741297943],[99.64095212743877,9.301999355186126],[99.60753653258496,9.268678976053934],[99.5305137685956,9.285312914859162],[99.50869170206045,9.261402237623201],[99.49785028126553,9.221424589273397],[99.46638592207273,9.198249957669475],[99.4147770341329,9.20625998980671],[99.38327960866707,9.1928909335698],[99.38750334030698,9.199737551446901],[99.37671527269174,9.194409467622904],[99.3754708780786,9.201415026282461],[99.3671327300915,9.189871179211593],[99.36170192390472,9.21516784392088],[99.3387402409694,9.207096966351969],[99.34415445106714,9.221604507641985],[99.33490525207577,9.221300901015809],[99.33702224088375,9.227287350630775],[99.32232388144206,9.215510785094693],[99.31157147014727,9.22117953930433],[99.32264748809115,9.234779535147482],[99.31522308098045,9.235539112440108],[99.31862994671474,9.246311976116829],[99.26566571659959,9.215291339723592],[99.22294067267399,9.257426922114803],[99.22708379178363,9.278212449844716],[99.21252192694544,9.30608435920584],[99.21495448965806,9.330102854363304],[99.23894185927946,9.354405356322161],[99.26219576342379,9.361724344003335],[99.29082022996971,9.403322476251333],[99.31210992663188,9.391022136562412],[99.24109312214995,9.487200050941624],[99.21290050555393,9.555618157352114],[99.20932769601643,9.600563194835615],[99.17108569424943,9.654600475331733],[99.1592040591201,9.703797303302963],[99.15138807190203,9.69464532012546],[99.13448961640273,9.708164304139359],[99.04725650658258,9.706471185596797],[99.03395204235295,9.691820660195333],[99.00921548170919,9.699312019134425],[98.98209424275518,9.671054708907718],[98.97800645983034,9.68058166171437],[98.96678881035535,9.676177071015047],[98.94059415010003,9.686797262183973],[98.90983611934149,9.7232658683252],[98.89597460244602,9.717673960285083],[98.88238259797856,9.726042750872296]]],[[[99.66018356641854,9.309713537349921],[99.66000440707779,9.311034724173226],[99.65893209144292,9.310299924102253],[99.66018356641854,9.309713537349921]]],[[[99.96385967598331,9.310101827737185],[99.95051264504258,9.31198937520952],[99.96030919121625,9.303562573853753],[99.96385967598331,9.310101827737185]]],[[[99.91555975987507,9.30864085659033],[99.91541978129794,9.314452404255121],[99.90973117005751,9.315886861589433],[99.91555975987507,9.30864085659033]]],[[[99.65991419338536,9.313734847785042],[99.66094406101968,9.315503528265253],[99.66016491357993,9.316989105762673],[99.65991419338536,9.313734847785042]]],[[[99.89254551786144,9.30741430722452],[99.89048734741323,9.318240543866068],[99.89037762292901,9.308166982220484],[99.89254551786144,9.30741430722452]]],[[[99.70351979140531,9.329213521986503],[99.70467299296433,9.331570681042137],[99.70290530173833,9.333269425743424],[99.70351979140531,9.329213521986503]]],[[[99.71994450203721,9.34980509562871],[99.72148173209632,9.350468408590245],[99.71846399221954,9.350545186411296],[99.71994450203721,9.34980509562871]]],[[[99.68222838693055,9.35452833591404],[99.67958906918028,9.352405146280546],[99.68395521386208,9.3510344535772],[99.68222838693055,9.35452833591404]]],[[[99.98123688287592,9.377292205770743],[99.9718870119761,9.368149912788283],[99.97698783711905,9.36781483798444],[99.98123688287592,9.377292205770743]]],[[[99.95031224731241,9.374726151290872],[99.95124514644641,9.395627195139014],[99.92925129231332,9.359545991754146],[99.95707777062267,9.361836961606514],[99.95031224731241,9.374726151290872]]],[[[99.67024574084832,9.383532744440629],[99.67244985687546,9.40574547107667],[99.6623207602949,9.385071641842842],[99.67024574084832,9.383532744440629]]],[[[99.67270423371349,9.425428320260835],[99.67248032140975,9.434151451828086],[99.66649287084937,9.429871857000649],[99.67270423371349,9.425428320260835]]],[[[99.65337117673846,9.448453230032612],[99.64985850666483,9.448754248409898],[99.65265659342708,9.442352999091668],[99.65337117673846,9.448453230032612]]],[[[99.67433719210777,9.473265749214988],[99.66667602138136,9.46782129491686],[99.68048506733203,9.463435144816117],[99.67433719210777,9.473265749214988]]],[[[99.69595218974183,9.48323836106158],[99.69571282438739,9.481144520803014],[99.69911516383382,9.481341809576918],[99.69595218974183,9.48323836106158]]],[[[99.70438259378176,9.511293171842453],[99.70275872663399,9.509666217322149],[99.70516576478826,9.508069580746621],[99.70438259378176,9.511293171842453]]],[[[99.71115778930061,9.520000343141362],[99.71211787134274,9.52207799290511],[99.71091111605523,9.522700547692182],[99.71115778930061,9.520000343141362]]],[[[100.08324169275,9.536490769033833],[100.08086137525231,9.541478785017944],[100.08672360061371,9.534166527863022],[100.08324169275,9.536490769033833]]],[[[99.67371949455907,9.541115875297464],[99.67425943042844,9.54369372258725],[99.67215166506736,9.541939955564544],[99.67371949455907,9.541115875297464]]],[[[99.69411922032583,9.549946069355656],[99.6950807718602,9.551350137698762],[99.6939901343373,9.550979804974077],[99.69411922032583,9.549946069355656]]],[[[99.69035300618634,9.551893726614253],[99.66650247381017,9.536616939420242],[99.66170622566182,9.514288887322323],[99.68096512544025,9.507076353291097],[99.70047769069294,9.513312238868764],[99.7075117407743,9.546667308449571],[99.69035300618634,9.551893726614253]]],[[[99.68520361855224,9.5545284362384],[99.68476499940527,9.557177571887507],[99.68245409607971,9.557363565176445],[99.68520361855224,9.5545284362384]]],[[[99.66485188510649,9.545867887592976],[99.66546004804286,9.557974773217268],[99.65862082708958,9.545338204894279],[99.66485188510649,9.545867887592976]]],[[[100.06912986485145,9.589962583706324],[100.05215249384258,9.557292089758164],[100.02712340082434,9.561296324765635],[100.01646249105119,9.574342974948365],[99.99827649866154,9.570781158723548],[99.98217697568691,9.58761424520128],[99.911891701341,9.571042509804045],[99.9339944660718,9.538472684167061],[99.9339210256349,9.50136299720458],[99.91832923560582,9.491953526434145],[99.93443447287268,9.456698986169329],[99.93726086040044,9.429266201374162],[99.92902350303228,9.428699609599335],[99.92907468075197,9.417607244678663],[99.95079124691858,9.422829788563945],[99.96510997914226,9.40898732920192],[99.98601768336943,9.422717181752603],[100.00943854665167,9.420212504203732],[100.04915606699893,9.469116763827628],[100.07375083873029,9.471234806641064],[100.05633657887006,9.515793849706426],[100.09063392571517,9.570185985594833],[100.07999005179948,9.574667161660216],[100.07998496613334,9.58873181562086],[100.06912986485145,9.589962583706324]]],[[[99.72012944941463,9.590875007975285],[99.7221658796517,9.592667006976853],[99.72181898775614,9.595610476342472],[99.72012944941463,9.590875007975285]]],[[[99.71726736419754,9.603567499740393],[99.71674832767326,9.604663296673834],[99.71448445079682,9.602264111399677],[99.71726736419754,9.603567499740393]]],[[[99.71328732365112,9.602920022041417],[99.71164043206034,9.620418314553604],[99.70935615226466,9.610695925576579],[99.71328732365112,9.602920022041417]]],[[[99.67054244427845,9.640274555726194],[99.66188770615275,9.637469468641086],[99.67730482176017,9.606381634904551],[99.68185708383743,9.630951518797588],[99.67054244427845,9.640274555726194]]],[[[99.6755289871731,9.641707378093088],[99.67318162443246,9.642327824869255],[99.67361282507187,9.638875760108306],[99.6755289871731,9.641707378093088]]],[[[99.66780173785997,9.650876333276187],[99.66465956958353,9.661052657753999],[99.66243387162592,9.649966444196082],[99.67566973287194,9.646881247971294],[99.66780173785997,9.650876333276187]]],[[[99.65951359127928,9.662127517570923],[99.65852470035469,9.660689491726714],[99.66015505790966,9.661480190058796],[99.65951359127928,9.662127517570923]]],[[[99.67567014116412,9.662093910805368],[99.67713426623345,9.663703163969899],[99.67682758932187,9.66503100667569],[99.67567014116412,9.662093910805368]]],[[[99.68859280721233,9.664098714584043],[99.67918883489688,9.663021929318631],[99.67861776629695,9.652933104379315],[99.68859280721233,9.664098714584043]]],[[[99.66563123669226,9.66994465322324],[99.66293592715135,9.66564932565592],[99.66914877569548,9.665500502246402],[99.66563123669226,9.66994465322324]]],[[[99.67775350072355,9.669002078283313],[99.67859852170449,9.671196798193705],[99.67706801857423,9.671952746721956],[99.67775350072355,9.669002078283313]]],[[[99.6806831592005,9.670433530083415],[99.68151494755682,9.671781916002658],[99.68037286341695,9.67371069019623],[99.6806831592005,9.670433530083415]]],[[[99.66961235462651,9.67493611720812],[99.66789127796017,9.672458240355581],[99.66975606718881,9.67184610421441],[99.66961235462651,9.67493611720812]]],[[[99.679147020019,9.676537449144007],[99.67602546510318,9.675001000595728],[99.67814876895056,9.674186796683387],[99.679147020019,9.676537449144007]]],[[[99.66019160815625,9.677199576799069],[99.65931981525733,9.677218208053887],[99.65991805687287,9.676860900210443],[99.66019160815625,9.677199576799069]]],[[[99.66396243581784,9.675355820015113],[99.66449517890942,9.677936016334115],[99.66316425692497,9.676351607840502],[99.66396243581784,9.675355820015113]]],[[[99.67758322578533,9.680320468914545],[99.67744124082066,9.681309375127626],[99.67585510293071,9.680654392586177],[99.67758322578533,9.680320468914545]]],[[[99.66752044521246,9.680270061913859],[99.66736290467435,9.682136304446942],[99.66627388503184,9.682262400189643],[99.66752044521246,9.680270061913859]]],[[[99.68394945100641,9.681017234857563],[99.6796604186934,9.677158223273409],[99.68732398791178,9.679725093438378],[99.68394945100641,9.681017234857563]]],[[[99.67576153566642,9.685466800652364],[99.67435111721034,9.68802738905282],[99.67386210814982,9.68673785386892],[99.67576153566642,9.685466800652364]]],[[[99.66164591802476,9.696808059244574],[99.66181843857015,9.69580918944257],[99.66314140695044,9.695885060747003],[99.66164591802476,9.696808059244574]]],[[[99.67958553574391,9.697916657128076],[99.68072756772312,9.698989363068677],[99.6803073514032,9.699745388039275],[99.67958553574391,9.697916657128076]]],[[[99.6645401719914,9.701239378694424],[99.664464593866,9.703006095954606],[99.66248969164599,9.7023987271196],[99.6645401719914,9.701239378694424]]],[[[99.67727791944048,9.704219028685259],[99.67355992425115,9.691904385279202],[99.67984047555757,9.69544071291864],[99.67727791944048,9.704219028685259]]],[[[99.67489910740795,9.704614507353654],[99.67529039163833,9.705689995796718],[99.67426253488816,9.706806943885397],[99.67489910740795,9.704614507353654]]],[[[99.67694838805772,9.706786454631242],[99.67692853912087,9.707465832182436],[99.6754668242346,9.70680585300778],[99.67694838805772,9.706786454631242]]],[[[99.949063785965,9.707538160158037],[99.94294430503572,9.705815293840772],[99.94613143042125,9.703043680421558],[99.949063785965,9.707538160158037]]],[[[99.67469092244818,9.707287861745499],[99.67449049414103,9.707835047049855],[99.67427161714147,9.707333960094218],[99.67469092244818,9.707287861745499]]],[[[99.67646202480267,9.708086091000325],[99.67625232718319,9.710152538808643],[99.67571711455327,9.708953827057542],[99.67646202480267,9.708086091000325]]],[[[99.97204978207185,9.706199688364961],[99.97449210602593,9.708374506278517],[99.97278770099166,9.711781988048358],[99.97204978207185,9.706199688364961]]],[[[99.66858974721913,9.766603895553374],[99.66808493617094,9.767711386371445],[99.66810702981564,9.766716954723734],[99.66858974721913,9.766603895553374]]],[[[99.66815294200472,9.76879921441224],[99.6688918816551,9.770040277037197],[99.66706490981778,9.770881767279775],[99.66815294200472,9.76879921441224]]],[[[99.67121727395806,9.769864239243304],[99.67234245803809,9.772853094694597],[99.67052056377304,9.771679533383804],[99.67121727395806,9.769864239243304]]],[[[99.67337758760567,9.777240010118419],[99.67085649383216,9.77530727800854],[99.67361691069192,9.775389440070626],[99.67337758760567,9.777240010118419]]],[[[99.67357750959445,9.78030445358769],[99.67188994616413,9.789950186152225],[99.67088805194209,9.779204083601599],[99.67357750959445,9.78030445358769]]],[[[99.7136818175619,9.796239165005488],[99.71408511943275,9.796332338366767],[99.71323082824017,9.796649018437506],[99.7136818175619,9.796239165005488]]],[[[99.71354407919597,9.798721488106253],[99.71307362584719,9.80178728865252],[99.71252945686899,9.799557371075878],[99.71354407919597,9.798721488106253]]],[[[99.98084083044006,9.80044699573233],[99.9794844639369,9.803228959448973],[99.97714667268087,9.801211087621652],[99.98084083044006,9.80044699573233]]],[[[100.02741845669647,9.804498482019369],[100.00571296568086,9.787342119843004],[99.99133797996387,9.803935983059205],[99.97105785143873,9.792147183146028],[99.96353170222636,9.751584017688288],[99.97354867942806,9.750109736575155],[99.97605120759721,9.72345356223218],[99.99083107439463,9.706403621330082],[100.0383670847732,9.694775699339118],[100.07709429236775,9.66669788030299],[100.06782679756873,9.676593316828132],[100.08161492888593,9.697012154987021],[100.07276112942264,9.766913869379607],[100.05625954384294,9.772876527429844],[100.06230037815999,9.787339017181921],[100.03413946806205,9.793488266570307],[100.02741845669647,9.804498482019369]]],[[[99.82860946795262,10.123729189250753],[99.82023902441153,10.119470974006276],[99.82766520768325,10.093381824911319],[99.81529477393474,10.069203380831425],[99.82848651264248,10.058366264191761],[99.85603160027819,10.088180990660248],[99.84354203423754,10.124434345868394],[99.82860946795262,10.123729189250753]]]]}},{"type":"Feature","properties":{"province_code":"85","province_th":"ระนอง","province_en":"Ranong"},"geometry":{"type":"MultiPolygon","coordinates":[[[[98.87645986083396,10.786095760910712],[98.85463238397739,10.77393464616705],[98.77642394301063,10.677612534490947],[98.78088562177408,10.650277675973996],[98.7677792224332,10.619528342559022],[98.77732783720995,10.614322444225479],[98.77757905832692,10.599786599472054],[98.79601044782396,10.603403109765736],[98.79823584091139,10.584850207471163],[98.80737998110129,10.590734736019328],[98.79523843470605,10.557728105167996],[98.80906832963979,10.553223850700192],[98.81404132334848,10.545398299192186],[98.80578262506816,10.538254407714817],[98.81766836380399,10.527517810998233],[98.8120894779471,10.493093181305312],[98.7967832532446,10.482197969360868],[98.80601990399543,10.468961624279586],[98.79594039873047,10.445117515760785],[98.778117792702,10.439609592708564],[98.75150405466843,10.389659960239044],[98.74019885978959,10.324581559991032],[98.6951465844474,10.207485906749241],[98.65070296756795,10.163506509118122],[98.63603121007236,10.130130488930945],[98.62976430687735,10.086814078706823],[98.65160789868565,10.08487084971],[98.58797976675288,9.973711865909934],[98.59026386308688,9.95086727470499],[98.58127749905742,9.941002885474859],[98.59198369149425,9.932207832425547],[98.55675601577758,9.918838290554731],[98.55260111824708,9.89887167378879],[98.56333039807947,9.894609639123587],[98.55321689664254,9.87314505040382],[98.54638325508324,9.885951948523655],[98.53447502070571,9.884028563067773],[98.52338122946026,9.870442181161764],[98.53122959766785,9.857334174732443],[98.51187171670642,9.85235284880497],[98.53157189942368,9.798979585439554],[98.55943730848503,9.81942371253433],[98.56139001993353,9.811204152749497],[98.54397166186277,9.788237367060901],[98.50293232696538,9.78175018122596],[98.50885495709065,9.751874746022736],[98.49704628305955,9.738620302085337],[98.52387036622446,9.748969773935983],[98.54044490930517,9.741415884235721],[98.55471937240117,9.751313536690418],[98.554009394518,9.727601848846291],[98.53563013782065,9.70510845099426],[98.52588292755513,9.681165403560556],[98.53180188035253,9.675794237713944],[98.51754176324187,9.679174814466137],[98.50669842509228,9.670176637841621],[98.48125923672444,9.684164563443915],[98.49485080771865,9.65064889473075],[98.52124018378748,9.653036214349868],[98.50753615347077,9.651940723185874],[98.49666711179782,9.63252692687621],[98.51275153065865,9.632550764306359],[98.50757938388153,9.62593470022631],[98.51485322199864,9.618855992510078],[98.50082645467722,9.623254392276408],[98.49372066747486,9.614193138102905],[98.4749132444507,9.632833884376339],[98.46647142801407,9.62258607278909],[98.4598547047309,9.627037029835094],[98.46082523959319,9.602589091313575],[98.47729122461038,9.591171213180985],[98.50485066722456,9.5937806455604],[98.54349211906612,9.571154054516057],[98.48701427279053,9.563206999203715],[98.49590647780178,9.511101266410378],[98.47983884388759,9.493872301965212],[98.47994823652198,9.474428361279877],[98.47700630679566,9.494084045542309],[98.49343926870733,9.510608749094558],[98.48295654340978,9.535113806257186],[98.46632377552186,9.482652680276999],[98.4717986862604,9.45396651124554],[98.45888602876727,9.490793851555054],[98.47212488295702,9.523836105451949],[98.45656843988166,9.553770564959677],[98.46615790006712,9.562292809565577],[98.45225983922029,9.561585626775297],[98.4320773959551,9.49915225856995],[98.42305209937496,9.424383466323945],[98.40312324334309,9.395135927880801],[98.39389193096792,9.40140423581687],[98.38601851124537,9.331619620349272],[98.39561193384372,9.328459459336614],[98.4011390853006,9.349038090835279],[98.41565830428738,9.334663642912858],[98.43586985141258,9.339042205433486],[98.46604902364356,9.327667746569318],[98.45238755644061,9.314675278741163],[98.46780221689886,9.319825978486165],[98.47670212999935,9.303109909095099],[98.50244978672833,9.307524534429774],[98.54317743459097,9.359458574053974],[98.58335082847799,9.365887023367463],[98.5865626510456,9.353580573684553],[98.60733531307432,9.340243980275545],[98.63178595945453,9.354904416205898],[98.65577702169224,9.345401124562272],[98.66522416506325,9.357092436167022],[98.66906137258434,9.386378214682907],[98.644991796834,9.386063154291207],[98.65093249523852,9.39862278381446],[98.64414978048802,9.425658503537136],[98.65724373321177,9.418131794946419],[98.66798379321756,9.423049783420822],[98.67757097721886,9.434022534912117],[98.66305249477688,9.449330604124157],[98.6654969375337,9.46414081224873],[98.69037431222478,9.46781308590522],[98.70116856807499,9.484241595273431],[98.71237917585836,9.485446156215176],[98.74368467520765,9.533936879683324],[98.76424415834128,9.54320088781077],[98.75480991034914,9.572824071273942],[98.73470501652338,9.580861707202075],[98.73299023061469,9.608441938544672],[98.71856554296551,9.626765953486029],[98.64370852183089,9.661020541165101],[98.65640406409636,9.682425359143053],[98.64327924124404,9.689779707267746],[98.64715135145377,9.698663892124955],[98.63601850894707,9.711756869983617],[98.63890382724986,9.73644532948839],[98.62311443997947,9.76221226768206],[98.62951007932674,9.787066769915555],[98.71523575362721,9.862456984702135],[98.71709424850081,9.891456308461898],[98.74820589448649,9.916585247810985],[98.75213816124722,9.932283900681512],[98.77677321271364,9.94880215969198],[98.8111038110921,9.93495621995362],[98.84046610842421,9.99227587033522],[98.86179847521953,9.99175059341519],[98.90191796374307,10.026359146157745],[98.89970539229006,10.053034383430088],[98.88963472376355,10.062806781907511],[98.83231428107928,10.064134056241755],[98.85940601507559,10.092333451027969],[98.85583645568795,10.127512577743289],[98.86478909064408,10.132410248734061],[98.86570059580589,10.152080220525818],[98.88543211270189,10.15872746230258],[98.86744274808444,10.185866450276535],[98.90547972241131,10.264519270547964],[98.89671771495063,10.287526943014086],[98.94003420341579,10.349949647058622],[98.92807171024128,10.363179710375391],[98.93413567692,10.382137790526656],[98.92544828171287,10.393207405297574],[98.89791854100793,10.396969809009533],[98.90178689744744,10.40825784212575],[98.8901284425736,10.414670160299693],[98.89203663398354,10.43890976547334],[98.88119405576111,10.456694032503663],[98.91471157258104,10.505863866424363],[98.94150863201781,10.515963139687187],[98.95906353505416,10.537852998916833],[98.93810923335451,10.568012611792653],[98.95355221975922,10.578068978400665],[98.9615968092454,10.602696360448704],[98.95572645131472,10.614904444984177],[98.94152415251767,10.610607601159927],[98.94761938952325,10.635705916794677],[98.92487006260336,10.647278192334738],[98.92677480241525,10.67144960101831],[98.90563637981512,10.676611097124464],[98.90238869678097,10.68927532049969],[98.8907684352152,10.680662570821028],[98.88622672758146,10.693967864225613],[98.91121680081477,10.745646265262963],[98.89051478502938,10.754814836435628],[98.87645986083396,10.786095760910712]]],[[[98.38938466107334,9.398017437554756],[98.38844700722365,9.399667690811327],[98.38804064046326,9.399138455075672],[98.38938466107334,9.398017437554756]]],[[[98.34853256142861,9.430494052058918],[98.35064742963522,9.437088469457365],[98.3459730980801,9.43600725053426],[98.34853256142861,9.430494052058918]]],[[[98.32460403624731,9.454209235567816],[98.32232831979616,9.457271652864563],[98.32261324840277,9.453273841714463],[98.32460403624731,9.454209235567816]]],[[[98.37894126762546,9.477346814204168],[98.36761393143786,9.492530847120975],[98.3688730326644,9.476624591152017],[98.37894126762546,9.477346814204168]]],[[[98.37047258484199,9.49730010571534],[98.37089791290839,9.498640567708094],[98.37002506240674,9.49908641920291],[98.37047258484199,9.49730010571534]]],[[[98.36494315810035,9.497681331927993],[98.36650621309133,9.50037996896043],[98.36426609630337,9.49910233630385],[98.36494315810035,9.497681331927993]]],[[[98.3284157794647,9.466973823283354],[98.34867545021194,9.488576126986743],[98.35100622136008,9.506131568716967],[98.3284157794647,9.466973823283354]]],[[[98.35746181850817,9.511180580319547],[98.3534581698587,9.51668858700873],[98.3515743365864,9.509256624693535],[98.35746181850817,9.511180580319547]]],[[[98.47814977948877,9.533746545366796],[98.48210164787281,9.540984141704826],[98.47776411062529,9.549688712164368],[98.47814977948877,9.533746545366796]]],[[[98.38248130406896,9.570249689071943],[98.37967119067298,9.57037924090929],[98.37791147553423,9.562839893246519],[98.38248130406896,9.570249689071943]]],[[[98.51676399895945,9.57097794387704],[98.52301351646065,9.57262246395561],[98.508087731064,9.571952828760061],[98.51676399895945,9.57097794387704]]],[[[98.47687342386945,9.578277650093526],[98.46877287586761,9.577719922036806],[98.48360078085142,9.571326780106858],[98.47687342386945,9.578277650093526]]],[[[98.46775238366564,9.58448929984138],[98.46386350289839,9.59076360715477],[98.46194783992092,9.57129042771112],[98.46775238366564,9.58448929984138]]],[[[98.46601262178513,9.591485456089003],[98.46497642652093,9.595244595261931],[98.4643359419502,9.592780686679419],[98.46601262178513,9.591485456089003]]],[[[98.50938245173882,9.701959402004832],[98.49392141144403,9.70447856043728],[98.50457927881075,9.692191285199726],[98.50938245173882,9.701959402004832]]],[[[98.41924633664917,9.716242282755218],[98.41611805660307,9.715884824724924],[98.42089118498023,9.711789014451483],[98.41924633664917,9.716242282755218]]],[[[98.48325960055018,9.729949414833698],[98.48186493641776,9.737442323304606],[98.48025319482912,9.733473341721378],[98.48325960055018,9.729949414833698]]],[[[98.45765942364352,9.763006567798925],[98.46227685329421,9.772278318189876],[98.45538650048667,9.764726275697114],[98.45765942364352,9.763006567798925]]],[[[98.41107915607824,9.769295799361714],[98.41124361689947,9.775569648920225],[98.39629200207429,9.763572874488602],[98.40486926630365,9.76135487922437],[98.40183913286972,9.744679445699887],[98.38493525625711,9.748891326973194],[98.3762594820895,9.73081029356024],[98.39456257610209,9.717786449285256],[98.38681425747205,9.702677784052526],[98.42403679406283,9.73292077037729],[98.41107915607824,9.769295799361714]]],[[[98.47243005710152,9.775695297699883],[98.47430170635874,9.77844417355982],[98.4721816247822,9.777341451846553],[98.47243005710152,9.775695297699883]]],[[[98.44239373408362,9.77713278395089],[98.4451736230643,9.785142759430869],[98.44097305885964,9.78101282528172],[98.44239373408362,9.77713278395089]]],[[[98.46887317635606,9.860066945533163],[98.46784549137641,9.868607151398976],[98.46539899276934,9.861790657213135],[98.46887317635606,9.860066945533163]]],[[[98.4522866462118,9.860178313078734],[98.4468114764685,9.872435304545718],[98.4327693766055,9.853848690264897],[98.43815280380892,9.831548717699206],[98.42740810689867,9.827179368732914],[98.4294294824847,9.803065706417271],[98.44866225336034,9.78858297922119],[98.44680931449835,9.806700258010551],[98.4640358148011,9.82252170521258],[98.4576244382173,9.83911414929861],[98.46714920926865,9.855085696048093],[98.4522866462118,9.860178313078734]]],[[[98.43917239938679,9.874247112913963],[98.44010593703945,9.875463984675207],[98.43794195505723,9.87708243970286],[98.43917239938679,9.874247112913963]]],[[[98.51147725786922,9.902925782498926],[98.50352625003649,9.898723272161305],[98.51268826245342,9.899685118673347],[98.51147725786922,9.902925782498926]]],[[[98.47851429449918,9.912143522305769],[98.46329510978154,9.890203627495453],[98.48242629593688,9.899030725187856],[98.48715939369112,9.908774737464228],[98.47851429449918,9.912143522305769]]],[[[98.52274490785129,9.91137608853569],[98.52199045309698,9.914187261333097],[98.52102868932263,9.912785149914782],[98.52274490785129,9.91137608853569]]],[[[98.51751764072662,9.919157008489208],[98.509227254834,9.918508001043449],[98.50356762784384,9.905344703395372],[98.51751764072662,9.919157008489208]]],[[[98.5319668690758,9.91583176252584],[98.53214858069248,9.920434285014267],[98.52999685467114,9.91775472170309],[98.5319668690758,9.91583176252584]]],[[[98.51050168050818,9.922636036723759],[98.51122802695193,9.924177436039884],[98.50889887908005,9.924856340547706],[98.51050168050818,9.922636036723759]]],[[[98.47789298347448,9.925783745723322],[98.48096238760417,9.933166636531098],[98.47547597723462,9.930929851731321],[98.47789298347448,9.925783745723322]]]]}},{"type":"Feature","properties":{"province_code":"86","province_th":"ชุมพร","province_en":"Chumphon"},"geometry":{"type":"MultiPolygon","coordinates":[[[[99.15074500357912,11.033450382129502],[99.10239394032817,11.01268738511476],[99.09383018571458,10.972145662192588],[99.08052279059439,10.955044376296996],[99.05704963263452,10.94694543988021],[99.04911464082807,10.962442221031722],[99.02330514131927,10.970086894594544],[98.99741151922632,10.91126554277065],[99.01102493924958,10.856963003639748],[98.95842083275528,10.812107019723214],[98.93582075012756,10.813302527189933],[98.92306028310566,10.827203123225615],[98.90480401769133,10.781474183586738],[98.88877446736785,10.77439185070341],[98.89381551637302,10.756666560313533],[98.91451753215847,10.747497989140925],[98.88952745892516,10.695819588103575],[98.89406916655884,10.68251429469899],[98.90568942812467,10.691127044377652],[98.90893711115882,10.678462821002427],[98.93007553375895,10.673301324896272],[98.92817079394706,10.6491299162127],[98.95092012086695,10.63755764067264],[98.94482488386137,10.61245932503789],[98.95902718265842,10.616756168862139],[98.9648975405891,10.604548084326666],[98.95685295110286,10.579920702278628],[98.94140996469815,10.569864335670616],[98.96236426639786,10.539704722794795],[98.94480936336151,10.51781486356515],[98.91801230392474,10.507715590302325],[98.88449478710481,10.458545756381625],[98.89533736532718,10.440761489351303],[98.8934291739173,10.416521884177655],[98.90508762879108,10.410109566003712],[98.90121927235163,10.398821532887496],[98.92874901305657,10.395059129175536],[98.9374364082637,10.383989514404618],[98.93137244158498,10.365031434253353],[98.94333493475949,10.351801370936585],[98.90001844629433,10.289378666891992],[98.90878045375501,10.266370994425927],[98.87074347942809,10.18771817415444],[98.88873284404559,10.160579186180541],[98.86900132714959,10.15393194440378],[98.86808982198778,10.134261972612023],[98.85913718703159,10.129364301621251],[98.86270674641929,10.094185174905931],[98.83561501242292,10.065985780119718],[98.89293545510725,10.064658505785474],[98.90300612363376,10.05488610730805],[98.90521869508677,10.02821087003565],[98.86509920656317,9.993602317293153],[98.84376683976791,9.994127594213126],[98.81440454243574,9.936807943831582],[98.78007394405734,9.950653883569942],[98.75523747682814,9.933952325639382],[98.75150662583019,9.918436971688948],[98.72039497984451,9.89330803233986],[98.71853648497085,9.864308708580097],[98.63281081067043,9.788918493793517],[98.62641517132317,9.764063991560022],[98.64208924572216,9.738724223244333],[98.64657997258774,9.691631431145652],[98.65970479544,9.684277083021016],[98.64700925317453,9.662872265043063],[98.72186627430915,9.62861767736399],[98.73881691297021,9.600782837158249],[98.76577473611525,9.628298480090848],[98.76973028812233,9.688326610584681],[98.78280687313872,9.692590685811524],[98.79172100811809,9.683667919139225],[98.82176164968047,9.703429532746782],[98.84411571556785,9.703546705416159],[98.87175564840453,9.730483298265654],[98.89597460244602,9.717673960285083],[98.90983611934149,9.7232658683252],[98.94059415010003,9.686797262183973],[98.96678881035535,9.676177071015047],[98.97800645983034,9.68058166171437],[98.98209424275518,9.671054708907718],[99.00921548170919,9.699312019134425],[99.03395204235295,9.691820660195333],[99.04725650658258,9.706471185596797],[99.13448961640273,9.708164304139359],[99.156078381712,9.696628125587551],[99.13821520996402,9.81200749824751],[99.14328143279192,9.83616268316132],[99.16516445807332,9.859140261613845],[99.14918987611196,9.984149856230943],[99.15730801665171,10.009694866924633],[99.17805136078175,10.012176193576522],[99.17203991900709,10.028063908222862],[99.18182019104904,10.043374546797963],[99.16749688577272,10.044562408228614],[99.1519303945721,10.069010603056938],[99.14779217586829,10.123497989740486],[99.18236902031407,10.1759187415567],[99.19228886623824,10.213540090602748],[99.2254709116533,10.214729782153768],[99.24668027097778,10.235464830937246],[99.2378396232001,10.238477842178725],[99.22329038034684,10.226147805077176],[99.20328972963739,10.250521081882482],[99.206394729833,10.270375524410952],[99.19033894808405,10.264993430902166],[99.18825753375825,10.275638355225965],[99.16184466380025,10.278958456167857],[99.14521667760766,10.311018511894872],[99.15361544709526,10.329748395372178],[99.14633013992409,10.348066171716482],[99.16230175232408,10.368348501782009],[99.19468382739677,10.374512361556299],[99.22058819638823,10.366809614272313],[99.2387072414461,10.34379743080683],[99.25294686570533,10.362999038374994],[99.27124273096734,10.352713911218075],[99.28419704056103,10.363869473297598],[99.28340524235813,10.410858769616596],[99.22830305394285,10.469039667446737],[99.23194823912002,10.49575368258644],[99.25857702101274,10.500347039184533],[99.26738915488568,10.515397866318551],[99.24402603797131,10.507168885235899],[99.23906316343431,10.536312158079681],[99.27496528122282,10.544421409720314],[99.28348463540766,10.607599263695136],[99.31780364782014,10.668667572550476],[99.34364682783888,10.683656857278208],[99.35805744739332,10.677415412091648],[99.35861725558192,10.665245384167179],[99.36523383587291,10.670816239078192],[99.35945889870925,10.69187698273663],[99.38013061093898,10.707961299074725],[99.39389179856772,10.743973135951535],[99.4126431137887,10.763059996321829],[99.44062930899548,10.871455841014324],[99.46621508325956,10.871537364557753],[99.48361777963686,10.889487915335053],[99.49785904605818,10.861647499332662],[99.5188717524295,10.896143644913309],[99.49002395184397,10.94213189417161],[99.49074851942868,10.97537677791604],[99.50228910825581,10.990922552333984],[99.47000596670205,10.992755228571014],[99.40793049359746,10.955608406802583],[99.38181982732323,10.96193999103781],[99.37518614372561,10.972621638278042],[99.34593621218653,10.975624265947147],[99.33540521577817,10.965550928232801],[99.29083728291431,10.969640486419337],[99.27994116175529,10.957838119333815],[99.23706502902792,10.979825662924043],[99.20176123559258,10.986077626581277],[99.19899510983652,10.997056621166166],[99.16871124572748,11.002283726412884],[99.14702926928538,11.0158949439965],[99.15074500357912,11.033450382129502]]],[[[99.19035396586287,10.050889178392936],[99.18732184132995,10.057992014919591],[99.18192714382269,10.049009251775601],[99.19035396586287,10.050889178392936]]],[[[99.18584484156622,10.0709655628105],[99.18385152482807,10.072152077956105],[99.18181691212084,10.069427844419522],[99.18584484156622,10.0709655628105]]],[[[99.21587392594097,10.117280990825122],[99.21574053759582,10.118507455654594],[99.21540491060819,10.11737739455117],[99.21587392594097,10.117280990825122]]],[[[99.16558111577592,10.130878143911275],[99.16508778907024,10.131571617436236],[99.16498982412116,10.130772167801354],[99.16558111577592,10.130878143911275]]],[[[99.16330166444033,10.131296085845747],[99.16250680944177,10.13386286427982],[99.16188912718155,10.132529102236333],[99.16330166444033,10.131296085845747]]],[[[99.1799820936987,10.1422606373186],[99.17767228664678,10.1474031343472],[99.17639693107355,10.14130273343443],[99.1799820936987,10.1422606373186]]],[[[99.20408208631926,10.15168335060622],[99.20283003397896,10.151019355958567],[99.2045522860592,10.149545164777578],[99.20408208631926,10.15168335060622]]],[[[99.21775267804372,10.152724100936553],[99.2188364420482,10.15511753144898],[99.21808583909024,10.157370107444535],[99.21775267804372,10.152724100936553]]],[[[99.17724151588334,10.164481374216109],[99.17670077062411,10.16528182209845],[99.17620831536152,10.165185989441909],[99.17724151588334,10.164481374216109]]],[[[99.22125846740443,10.196222297421116],[99.22116331373599,10.197220815588196],[99.22069373003166,10.196451790018159],[99.22125846740443,10.196222297421116]]],[[[99.2493590518788,10.201986722409345],[99.24786393077585,10.201169336695557],[99.24891882744197,10.197967932773906],[99.2493590518788,10.201986722409345]]],[[[99.24966814526874,10.206869351339549],[99.24969119309412,10.20861830159339],[99.24817520232381,10.208894183020163],[99.24966814526874,10.206869351339549]]],[[[99.24365669270225,10.221607157744188],[99.24229929557612,10.223165633387339],[99.24226118500576,10.221916775438899],[99.24365669270225,10.221607157744188]]],[[[99.2490157563721,10.246249286875127],[99.24901702441622,10.247872758321193],[99.24806274839716,10.247088884944162],[99.2490157563721,10.246249286875127]]],[[[99.22518922959932,10.248095891812],[99.22436868996311,10.250337782063013],[99.22177512432256,10.246340226320456],[99.22518922959932,10.248095891812]]],[[[99.22555359981885,10.253634630134115],[99.2271448368648,10.257374961785104],[99.22562029264247,10.256405914401455],[99.22555359981885,10.253634630134115]]],[[[99.25997260065503,10.25923526429608],[99.25371045307503,10.258825867719679],[99.25581302485125,10.249160457089488],[99.25997260065503,10.25923526429608]]],[[[99.23315157788306,10.269548166115044],[99.23416494475646,10.273609507173092],[99.2323103088737,10.27114397801222],[99.23315157788306,10.269548166115044]]],[[[99.24154619879812,10.291366395243017],[99.24117210241064,10.291744332634892],[99.24147752027142,10.291051928403817],[99.24154619879812,10.291366395243017]]],[[[99.24784455578168,10.294726649115603],[99.24774513033356,10.2965631420754],[99.2458154217444,10.297036428288607],[99.24784455578168,10.294726649115603]]],[[[99.30011886559322,10.317216246432679],[99.30136700138604,10.319616921883494],[99.29950477432595,10.321278289861255],[99.30011886559322,10.317216246432679]]],[[[99.28058645859824,10.32086793280888],[99.2832230810804,10.328881468704878],[99.27940381413475,10.323461296101982],[99.28058645859824,10.32086793280888]]],[[[99.29483355442505,10.347615543922245],[99.29544354658248,10.349746430853145],[99.29404984832189,10.34862441958137],[99.29483355442505,10.347615543922245]]],[[[99.30934059299403,10.361117160228787],[99.31072168725615,10.365222622026408],[99.30787297495789,10.361621375925779],[99.30934059299403,10.361117160228787]]],[[[99.32281448140327,10.379223034715324],[99.32042776612855,10.376267941612241],[99.32148285884693,10.372901280969415],[99.32281448140327,10.379223034715324]]],[[[99.29365526717692,10.387497158167378],[99.29479129438278,10.391252330430746],[99.29317317929883,10.392803213997183],[99.29365526717692,10.387497158167378]]],[[[99.35357861406186,10.402383507392983],[99.35727252360812,10.40907215035952],[99.3407391397995,10.390507032573566],[99.35357861406186,10.402383507392983]]],[[[99.31323238396743,10.423555801159353],[99.3170266398676,10.425913102307902],[99.31284150263332,10.42430790778377],[99.31323238396743,10.423555801159353]]],[[[99.25287829959393,10.446703579007021],[99.25408990132792,10.449520936442127],[99.25282883868005,10.449020261376006],[99.25287829959393,10.446703579007021]]],[[[99.2978465593713,10.442677012034551],[99.29785932524771,10.452485509298867],[99.28803957296799,10.4366902125833],[99.29657777244631,10.434363678141267],[99.2978465593713,10.442677012034551]]],[[[99.40328310842875,10.45877635694336],[99.40342611412393,10.459400223841328],[99.40305226864734,10.459125980079989],[99.40328310842875,10.45877635694336]]],[[[99.35963664971166,10.466009660817235],[99.35907874988447,10.46727322897641],[99.35915876616417,10.46585870961178],[99.35963664971166,10.466009660817235]]],[[[99.36961737704036,10.476979908595979],[99.36916536788749,10.47790081167318],[99.36929004270138,10.476745749416864],[99.36961737704036,10.476979908595979]]],[[[99.41781338458009,10.485288646953563],[99.41772768458503,10.487823378046528],[99.41707618421856,10.485816434780702],[99.41781338458009,10.485288646953563]]],[[[99.41888147879729,10.492137041890999],[99.42218074694398,10.49868740779766],[99.42082644168698,10.49862589596836],[99.41888147879729,10.492137041890999]]],[[[99.42486314941488,10.504819420779711],[99.42508267122838,10.506528182129955],[99.4238788684151,10.50596566428402],[99.42486314941488,10.504819420779711]]],[[[99.37674805837628,10.554524906199504],[99.37969192883952,10.556034581031156],[99.38133288040814,10.560655852585569],[99.37674805837628,10.554524906199504]]],[[[99.41138981858529,10.70158054710464],[99.40712521455708,10.70216382759861],[99.40934477823896,10.698536531735613],[99.41138981858529,10.70158054710464]]],[[[99.53001771604482,10.781582488940785],[99.5296640549522,10.782354834807848],[99.52900094613682,10.782050738950488],[99.53001771604482,10.781582488940785]]],[[[99.53805819742792,10.799653049748486],[99.53803909133109,10.800374890588785],[99.53757363731359,10.80019595607854],[99.53805819742792,10.799653049748486]]],[[[99.49180527769147,10.820819199346602],[99.49202310338359,10.824667011673284],[99.49049436921985,10.821952897308392],[99.49180527769147,10.820819199346602]]],[[[99.49718379909314,10.839165324120472],[99.49740432994594,10.840481150984374],[99.496496549776,10.83949118357134],[99.49718379909314,10.839165324120472]]],[[[99.48956289011534,10.859540033445853],[99.46977645521929,10.8364837724082],[99.48925867284953,10.852507803592289],[99.48956289011534,10.859540033445853]]],[[[99.48634610958533,10.861459463683332],[99.48585566340819,10.862336874647099],[99.48567093186807,10.861327611380204],[99.48634610958533,10.861459463683332]]],[[[99.49003182091184,10.864820320101728],[99.48879730894873,10.866105377561155],[99.48743386478111,10.864060809358932],[99.49003182091184,10.864820320101728]]]]}},{"type":"Feature","properties":{"province_code":"91","province_th":"สตูล","province_en":"Satun"},"geometry":{"type":"MultiPolygon","coordinates":[[[[99.96736964539286,7.165964080777769],[99.95805409442096,7.177292988980298],[99.95928444072445,7.198004829859087],[99.89241785370103,7.186319467269641],[99.84916480790963,7.162872701713866],[99.83121417259605,7.138576547169976],[99.80086000128807,7.12871334684354],[99.78660113693297,7.140094019123751],[99.77430476775089,7.126080645405523],[99.7336176613261,7.130256535810531],[99.7336686178125,7.110079099071186],[99.71036817195363,7.103053259800163],[99.71609614562067,7.090332823401127],[99.70055658911537,7.066675400649274],[99.69541861477728,7.078903894399275],[99.66866584425338,7.042707156909785],[99.68421004126043,7.014674213144474],[99.67030927255496,7.002459440350947],[99.68567592900098,6.9732115709572895],[99.68254292031958,6.960351533696382],[99.69687597694485,6.9683378048458735],[99.70445506025288,6.962136135774074],[99.68139098680467,6.9458137895748],[99.67768363239378,6.899862836101079],[99.69690175960858,6.869954435348973],[99.71131760242548,6.873216746755531],[99.7015839944059,6.859841036434716],[99.72041550577103,6.861880443427765],[99.7542318637096,6.832898269739417],[99.77032026386917,6.842225666581271],[99.77947902793483,6.837411550702541],[99.79999906860218,6.807522090572093],[99.8079006703797,6.7728272442819275],[99.84010236303368,6.7789462773488935],[99.84121779936203,6.744868902877613],[99.85674380218478,6.743149325381125],[99.87000935185017,6.721576995182204],[99.91265733556764,6.712868731207038],[99.90680048455476,6.7053114411701245],[99.92160755404547,6.686591789279703],[99.91638795364122,6.644325892426025],[99.8437477370685,6.594196293024538],[99.8558134904003,6.569029501210537],[99.95459488814362,6.538479665304351],[99.97997639759274,6.557363012692917],[100.0095138765642,6.5568092560423565],[100.06219817830333,6.516830384614593],[100.07642986694486,6.558472330933398],[100.09993574314007,6.5517097097353485],[100.09821908933958,6.516839238440127],[100.08420845855358,6.496904332668862],[100.10136633338965,6.496617590129745],[100.12290110340325,6.422993404621991],[100.15856739107232,6.47998601204489],[100.15645352471046,6.57984112027151],[100.17455391243317,6.567561666437825],[100.1830446780695,6.574117467846918],[100.16571681158166,6.6313789356893835],[100.16767677876038,6.648414988361083],[100.1806015015581,6.655156528551004],[100.17101402527709,6.692494749433195],[100.18565552598182,6.717628704301319],[100.20600838537877,6.728519106671456],[100.21384599499675,6.75863313920803],[100.1929988214385,6.789772410568332],[100.19123334524272,6.809526749559893],[100.21864578467529,6.879153677000659],[100.19792585079745,6.908078850758386],[100.1217828261166,6.923616356809475],[100.09486946185626,6.964915805320231],[100.07863854163543,6.963432214425211],[100.08269779626636,6.999205687792312],[100.06284172776361,7.020206386415623],[100.06392213819618,7.0314620484348325],[100.07931901725891,7.040826855275213],[100.06392196642565,7.057124937765707],[100.05687896359336,7.107705704554689],[100.03836189028908,7.1087657804164905],[100.02774405984053,7.090459090914351],[100.02441714923214,7.104083584290038],[99.99502999463863,7.117939959761372],[99.96736964539286,7.165964080777769]]],[[[99.36651374831092,6.483704428116937],[99.36614887806832,6.4862270804154605],[99.36563795702614,6.4839752634476895],[99.36651374831092,6.483704428116937]]],[[[99.33533858320908,6.488479656411073],[99.33168704522103,6.4882945381624495],[99.33437139922074,6.486736660568454],[99.33533858320908,6.488479656411073]]],[[[99.30786975088836,6.494863836596835],[99.28320597327712,6.482093789996441],[99.30122754621436,6.487780204193143],[99.30905390081693,6.479394277923632],[99.30786975088836,6.494863836596835]]],[[[99.31863279396833,6.498423603266701],[99.31902419780852,6.500589048445875],[99.31724522278887,6.499163426950645],[99.31863279396833,6.498423603266701]]],[[[99.18121379707912,6.501753828776202],[99.18276638935743,6.50419930035747],[99.17972086672467,6.5017197579605295],[99.18121379707912,6.501753828776202]]],[[[99.17637211518104,6.503339071840742],[99.1792334710479,6.50756461291661],[99.1758622814192,6.505941158557675],[99.17637211518104,6.503339071840742]]],[[[99.17188824924335,6.506476226396785],[99.17288219165988,6.50670729640467],[99.17304548336244,6.5089579028849585],[99.17188824924335,6.506476226396785]]],[[[99.17290751387071,6.5125670935965445],[99.17298137339174,6.514476096194926],[99.17170304465986,6.513097554208798],[99.17290751387071,6.5125670935965445]]],[[[99.25911792455264,6.51237532216345],[99.26243320332975,6.515309361238053],[99.26048858128308,6.5147627955665826],[99.25911792455264,6.51237532216345]]],[[[99.1743553369293,6.514693120591119],[99.1735715795648,6.516219262009372],[99.17328170918358,6.514945264412461],[99.1743553369293,6.514693120591119]]],[[[99.70474242602222,6.523751612047306],[99.69766137197479,6.519939141278371],[99.70463740589162,6.519991920690643],[99.70474242602222,6.523751612047306]]],[[[99.2697396121934,6.52366158541389],[99.27035359284412,6.524824249639437],[99.26866490526123,6.524612002441984],[99.2697396121934,6.52366158541389]]],[[[99.69281076610406,6.527110764250438],[99.68921455440824,6.524270010952307],[99.69326127518775,6.5178415436523665],[99.69281076610406,6.527110764250438]]],[[[99.16431512304456,6.541287250706091],[99.16449692369412,6.54218908006203],[99.16323040216139,6.542506392356188],[99.16431512304456,6.541287250706091]]],[[[99.16162836155968,6.53844913332091],[99.1528005210273,6.534338704567631],[99.15748581711682,6.523167484391934],[99.18398493655565,6.521469707361177],[99.16162836155968,6.53844913332091]]],[[[99.26148228627852,6.544564457583704],[99.25454543762191,6.5429671366241],[99.2611252985937,6.5407887367108515],[99.26148228627852,6.544564457583704]]],[[[99.70626991642354,6.5462149257782585],[99.70596699957741,6.54627443032075],[99.70593973842824,6.545981619156464],[99.70626991642354,6.5462149257782585]]],[[[99.70701041190102,6.548797233705443],[99.70451669888661,6.548669575840279],[99.70443736968895,6.546721220707809],[99.70701041190102,6.548797233705443]]],[[[99.35091815055227,6.55034106298973],[99.34972683572494,6.551768014582251],[99.34979996769442,6.550843854160576],[99.35091815055227,6.55034106298973]]],[[[99.34669414461916,6.5573633958041455],[99.34944738219099,6.563285800199594],[99.34239868215354,6.571631117582058],[99.34669414461916,6.5573633958041455]]],[[[99.44416411588128,6.5557951499262686],[99.45693666259695,6.576270437630626],[99.44999737767688,6.574875172751092],[99.44416411588128,6.5557951499262686]]],[[[99.28804182756835,6.571769927939897],[99.27490990097124,6.577898125997763],[99.28321556904336,6.509374908625205],[99.31326249506816,6.509098236694342],[99.3257442990602,6.552776381225044],[99.31356142342099,6.557964144729567],[99.31607509598894,6.5653950458447525],[99.28804182756835,6.571769927939897]]],[[[99.24794419077182,6.582050813894],[99.19354528658579,6.578022438384892],[99.18300999591463,6.548511328435097],[99.16365064456164,6.548768187401947],[99.22138602004884,6.539727909015824],[99.25733739460514,6.556924162420216],[99.24794419077182,6.582050813894]]],[[[99.71872250234168,6.581499063630929],[99.71847636059562,6.583115452915877],[99.7180286960675,6.5823845406141],[99.71872250234168,6.581499063630929]]],[[[99.4573625950078,6.578366439859337],[99.45637463578089,6.5867297265956495],[99.45138134976952,6.586763096839491],[99.4573625950078,6.578366439859337]]],[[[99.70150230178984,6.6068990361616216],[99.699620215001,6.612417213283834],[99.69891989044066,6.610726682990048],[99.70150230178984,6.6068990361616216]]],[[[99.68948839437394,6.6161156374267875],[99.68866221059261,6.622243802209766],[99.68746057244749,6.618624985155009],[99.68948839437394,6.6161156374267875]]],[[[99.69322933306734,6.638492548792158],[99.69387944937716,6.6441877844387704],[99.6914323374325,6.641536907702175],[99.69322933306734,6.638492548792158]]],[[[99.83377636988365,6.65447557718619],[99.83108975858556,6.6530687587163015],[99.83296514812315,6.651194937596358],[99.83377636988365,6.65447557718619]]],[[[99.69227106405845,6.651185942577229],[99.69151031225118,6.654654510797059],[99.6911369569051,6.651897842311598],[99.69227106405845,6.651185942577229]]],[[[99.87724494090133,6.654549073381077],[99.87679751379426,6.655871586704393],[99.87527058816715,6.655513334572788],[99.87724494090133,6.654549073381077]]],[[[99.68895404059657,6.669448080564507],[99.68970128188869,6.662781334291196],[99.69100771533385,6.662281157449513],[99.68895404059657,6.669448080564507]]],[[[99.86427015644261,6.66857325874895],[99.84753566264078,6.667641790436335],[99.84367196379014,6.65170424795275],[99.86427015644261,6.66857325874895]]],[[[99.84399689603998,6.671541531416608],[99.8439039178316,6.672221775914295],[99.84326438924023,6.672365331994513],[99.84399689603998,6.671541531416608]]],[[[99.83248232999557,6.673957180579464],[99.83282582155448,6.676029421820431],[99.83202437272666,6.674381151568923],[99.83248232999557,6.673957180579464]]],[[[99.90611470293123,6.685129529404321],[99.90653904444139,6.6888055613276265],[99.90446682658285,6.686393213575968],[99.90611470293123,6.685129529404321]]],[[[99.86530194682746,6.678992882215766],[99.86359866774438,6.691276361415021],[99.85782604543573,6.678762296942523],[99.86530194682746,6.678992882215766]]],[[[99.85891025460461,6.69129332532674],[99.86089600534643,6.695554653124816],[99.85777186937634,6.696822478674505],[99.85891025460461,6.69129332532674]]],[[[99.8423240832899,6.701592550256066],[99.83758700243828,6.695303489564424],[99.84498915582492,6.700491527362146],[99.8423240832899,6.701592550256066]]],[[[99.87113672487999,6.70286090910372],[99.87072862692463,6.705659120871758],[99.87038216940164,6.703361707376928],[99.87113672487999,6.70286090910372]]],[[[99.79885165058329,6.704830791308041],[99.79835932662166,6.705870339244825],[99.79818903369699,6.705120988143165],[99.79885165058329,6.704830791308041]]],[[[99.87754867073465,6.700051445917552],[99.88699443724352,6.70907137624306],[99.87348922544743,6.705525324234372],[99.87754867073465,6.700051445917552]]],[[[99.79432041285685,6.709744845248451],[99.7946266526979,6.710737396413776],[99.79360798342174,6.710231094289611],[99.79432041285685,6.709744845248451]]],[[[99.67159552881066,6.711814791419556],[99.66964007173198,6.710988666094124],[99.67136384816314,6.706362906922664],[99.67159552881066,6.711814791419556]]],[[[99.90972698910934,6.702576122590017],[99.91199945990724,6.712734846436035],[99.9039228797372,6.706215315584416],[99.9082204070462,6.689754452206273],[99.90972698910934,6.702576122590017]]],[[[99.89949822606235,6.710072683207784],[99.90587753641921,6.7153381634255425],[99.8901512168053,6.709446966404414],[99.89949822606235,6.710072683207784]]],[[[99.875621468556,6.716558827627864],[99.87391683329525,6.711466642271773],[99.88735370470977,6.712989573110349],[99.875621468556,6.716558827627864]]],[[[99.88974312424585,6.714835181598403],[99.89272754783815,6.716182561176311],[99.8826934466453,6.716853676655887],[99.88974312424585,6.714835181598403]]],[[[99.821979397831,6.720403520206332],[99.80509004077282,6.715327489372157],[99.80958126136619,6.711861409576443],[99.821979397831,6.720403520206332]]],[[[99.66199500876269,6.726431824269298],[99.66266092526155,6.7273677712057065],[99.65733898560575,6.733507273741736],[99.66199500876269,6.726431824269298]]],[[[99.85592217886551,6.731885028970964],[99.84653853032898,6.732415807043935],[99.84687004471687,6.703956613407058],[99.8664763552996,6.708195891627156],[99.85592217886551,6.731885028970964]]],[[[99.70556662410047,6.735384550956326],[99.70559700859513,6.730383208818068],[99.708008435441,6.733581253771888],[99.70556662410047,6.735384550956326]]],[[[99.64872419896267,6.737124855128002],[99.63944000105528,6.735365003292316],[99.63928488598873,6.676427602951549],[99.61405424860476,6.660643763598841],[99.61254389658365,6.618724607554668],[99.59552704173967,6.598351161776748],[99.61371602797237,6.566597682237273],[99.6239772736323,6.567024008551186],[99.63911234296035,6.546912836558192],[99.65407396274327,6.503331477965389],[99.6733235428473,6.512383497900146],[99.66645260370478,6.531403675339391],[99.67610818294634,6.539490577028573],[99.69311822272783,6.52974514472271],[99.69835836814423,6.550935037322176],[99.69227083203333,6.605625241811481],[99.67782061083261,6.616803664657425],[99.68395967719738,6.68544583265907],[99.64872419896267,6.737124855128002]]],[[[99.69636233635282,6.852974101973302],[99.68317554031898,6.8410021272464405],[99.69099779131506,6.8150087181778645],[99.69636233635282,6.852974101973302]]]]}},{"type":"Feature","properties":{"province_code":"92","province_th":"ตรัง","province_en":"Trang"},"geometry":{"type":"MultiPolygon","coordinates":[[[[99.65852152664718,8.011726487987062],[99.63138404144041,8.009753800797341],[99.61658168079998,7.988766340194502],[99.60220602059144,7.98555537917747],[99.5955925933236,7.95725516499391],[99.56955195186117,7.945615196584129],[99.56207199722496,7.924322117571705],[99.54054541194125,7.911653073830337],[99.53855159967662,7.883226592133553],[99.53071867462717,7.877978720641465],[99.4894427415893,7.887228192127395],[99.48108725467313,7.8807486559257995],[99.4714288335739,7.905231346949165],[99.42191443160579,7.8647945398361685],[99.42341009410063,7.926466294683792],[99.39966452969435,7.922732262783768],[99.36900788670465,7.946719619814644],[99.35736600813482,7.932426857313658],[99.33366350057014,7.928564798826471],[99.33202904120736,7.902079400344121],[99.34046035356255,7.891643227552947],[99.27786620456175,7.848662756381145],[99.29387250741036,7.825300459648531],[99.28742649074002,7.810940736325961],[99.3032356001429,7.809476078857983],[99.287307059873,7.771254310038444],[99.30627154409655,7.755362807447682],[99.30953184641766,7.705883341443098],[99.26185891515689,7.662501826598088],[99.25128304527635,7.639952695060856],[99.25568033437997,7.62721928863931],[99.2325410982931,7.6326893070659025],[99.26127969600122,7.616704420672534],[99.27783891013763,7.633134650443822],[99.27805006555815,7.601165362391612],[99.31222172675137,7.537694047042692],[99.30428963256054,7.518874534432257],[99.28363972889042,7.516057479169376],[99.29607560360625,7.4975863917985635],[99.31305721941521,7.512797571650651],[99.3276281413257,7.494073524773398],[99.34602908967082,7.441002507359883],[99.34486772676422,7.415268370139245],[99.33641351137453,7.410813323875857],[99.3481537236155,7.405049242428618],[99.3366337643368,7.380070395432426],[99.3944537318543,7.307575856440678],[99.41312689059356,7.315873548425543],[99.41856704073638,7.304300372664102],[99.52116060977437,7.251809461137782],[99.5577135381493,7.207469558573337],[99.58446827908784,7.147184569112596],[99.60033925914956,7.155772102700439],[99.60106876671028,7.137497551370927],[99.6146174661232,7.138992574447798],[99.64024791241127,7.167151213757563],[99.65854729761975,7.162452864907834],[99.6676236379206,7.113698154446297],[99.714061838683,7.133994415909626],[99.76018037092746,7.124677757872291],[99.78348240139178,7.128014421628279],[99.78660113693297,7.140094019123751],[99.80086000128807,7.12871334684354],[99.83121417259605,7.138576547169976],[99.84916480790963,7.162872701713866],[99.89241785370103,7.186319467269641],[99.95928444072445,7.198004829859087],[99.94857164636443,7.203689160326519],[99.93264893639935,7.243202650581907],[99.94623292970601,7.265478654416427],[99.93914960487041,7.3170773800171105],[99.90453106065996,7.3296178917523775],[99.90504454476996,7.351430778907343],[99.89512106558476,7.3654322887691706],[99.90177918825901,7.388169425378749],[99.8616324457808,7.440644412609629],[99.8475185638307,7.469546953129452],[99.85185738441083,7.483947738597294],[99.82018656605726,7.5124349101430425],[99.8361889712441,7.54684485030964],[99.79705129687989,7.589936337392089],[99.80998614244658,7.62159282055228],[99.78511003220228,7.644113091945712],[99.81339668730732,7.64958490541909],[99.81795007983237,7.679256488596138],[99.78843321691949,7.700391405638925],[99.78370499439006,7.759886255246556],[99.76714310297189,7.768666848995906],[99.77073067398146,7.789031796180495],[99.74947392668042,7.835922775016115],[99.73235061458928,7.849291953560851],[99.73883358440247,7.875703318953072],[99.73107261141195,7.900397934317255],[99.7424112089102,7.929225270829647],[99.73328965069686,7.9438404169017645],[99.7578238090216,7.986665923193868],[99.74630637413992,7.983669821904812],[99.74229608759441,8.006673669554232],[99.70339235027683,7.990516265313431],[99.65852152664718,8.011726487987062]]],[[[99.47523292625863,6.972507320856209],[99.47544222098179,6.9786237297014395],[99.47368690802443,6.976802209554364],[99.47523292625863,6.972507320856209]]],[[[99.47318137571995,6.9833094367811555],[99.47376084758508,6.984498935877241],[99.47298278922437,6.983891389875794],[99.47318137571995,6.9833094367811555]]],[[[99.44521126938463,7.015143785157591],[99.44527153565292,7.016181054212325],[99.44445813303645,7.015321819446456],[99.44521126938463,7.015143785157591]]],[[[99.44885480430582,7.032322202307853],[99.44847732376951,7.033164904836553],[99.4482214441644,7.032521582005472],[99.44885480430582,7.032322202307853]]],[[[99.4754957414354,7.021482890423101],[99.47573622644575,7.037577299852558],[99.47025530194071,7.050811644841588],[99.4754957414354,7.021482890423101]]],[[[99.39845030373857,7.066222041613969],[99.39834015567368,7.06745858424631],[99.39790918526074,7.066783060290049],[99.39845030373857,7.066222041613969]]],[[[99.45197849511152,7.074238077625239],[99.45188381178855,7.075081825166137],[99.45091161497913,7.075025666101681],[99.45197849511152,7.074238077625239]]],[[[99.39470347178786,7.073963683677107],[99.39430654790891,7.076994802767956],[99.39247671892548,7.075089452316433],[99.39470347178786,7.073963683677107]]],[[[99.42895743803541,7.10361606902643],[99.43034937632274,7.109882157435663],[99.42722157291729,7.113573926595507],[99.42895743803541,7.10361606902643]]],[[[99.4262376075796,7.115525983337534],[99.42623173500664,7.120355287866289],[99.42300247008797,7.1245608514022365],[99.4262376075796,7.115525983337534]]],[[[99.5604859330794,7.121214558605061],[99.55340411910487,7.1286192552744865],[99.56495247177924,7.09344686268264],[99.61486077680348,7.081039499173585],[99.59654520559684,7.103931838083895],[99.5604859330794,7.121214558605061]]],[[[99.69807653590345,7.123442022831114],[99.70204945561795,7.1312904656824685],[99.69660877577445,7.126318957653837],[99.69807653590345,7.123442022831114]]],[[[99.58413353163724,7.134061065565788],[99.57860989293226,7.132229509884041],[99.58308809314104,7.132244233584572],[99.58413353163724,7.134061065565788]]],[[[99.63876096704507,7.142408939720838],[99.63943533986912,7.144827564740353],[99.63815634384025,7.1434624388405155],[99.63876096704507,7.142408939720838]]],[[[99.63093810990591,7.143085952055117],[99.63189557492092,7.1454033889552875],[99.63019215644294,7.14436125366899],[99.63093810990591,7.143085952055117]]],[[[99.65104926930837,7.148097743416201],[99.65108124110645,7.15569676829125],[99.64958832873845,7.150132178956937],[99.65104926930837,7.148097743416201]]],[[[99.4754129948139,7.271142626031406],[99.47519300085634,7.2722790255566565],[99.47423780483086,7.27187372629146],[99.4754129948139,7.271142626031406]]],[[[99.38979354483627,7.275043296910667],[99.38301175368952,7.281116504123418],[99.36727046935675,7.259764042876327],[99.36527465430191,7.22451600111259],[99.38350167915922,7.206260842763754],[99.39412147192843,7.211095533332241],[99.39230061817904,7.225278286263972],[99.408327740333,7.242735852977262],[99.45098811940625,7.254850140021972],[99.42664438263222,7.267608472053382],[99.39733318477869,7.262423055779436],[99.38979354483627,7.275043296910667]]],[[[99.45094849527692,7.29004929014269],[99.45139025215849,7.291862219965537],[99.44928048670516,7.291220666100912],[99.45094849527692,7.29004929014269]]],[[[99.39534537099212,7.3023245603302485],[99.39435152300445,7.303693922036928],[99.39342719620822,7.303090645117209],[99.39534537099212,7.3023245603302485]]],[[[99.40881762173592,7.311947971721565],[99.40980554678862,7.314259097179615],[99.40606617831156,7.314346151553707],[99.40881762173592,7.311947971721565]]],[[[99.25440219540508,7.298254869067023],[99.2593243720222,7.309107220222074],[99.24744821376413,7.333606251927051],[99.25440219540508,7.298254869067023]]],[[[99.24830944232696,7.381876860029138],[99.24603277799037,7.379824156559607],[99.2480722542312,7.3769815146852125],[99.24830944232696,7.381876860029138]]],[[[99.29350542123825,7.38927038442074],[99.27993853843287,7.387647464259089],[99.28752488466574,7.376159596388334],[99.28221103890837,7.36718221298878],[99.30074610135154,7.353173504054041],[99.31438833295528,7.374511922387342],[99.29350542123825,7.38927038442074]]],[[[99.31982724563096,7.469784982990632],[99.32096846192502,7.470787710884224],[99.31836788876711,7.470880050573896],[99.31982724563096,7.469784982990632]]],[[[99.30436420524393,7.495764809598313],[99.29700015163576,7.494319131422799],[99.30190423389337,7.490352075288115],[99.30436420524393,7.495764809598313]]],[[[99.28324219796912,7.547714356232575],[99.28357322942105,7.5499998797906755],[99.28188680093518,7.548250247850717],[99.28324219796912,7.547714356232575]]],[[[99.28045307205167,7.544603015816563],[99.27784282398721,7.550077056011389],[99.27721041622777,7.547190178284154],[99.28045307205167,7.544603015816563]]],[[[99.28916420486422,7.561210344581809],[99.28665809469538,7.5604733600575855],[99.28813229307093,7.556633619146282],[99.28916420486422,7.561210344581809]]]]}},{"type":"Feature","properties":{"province_code":"93","province_th":"พัทลุง","province_en":"Phatthalung"},"geometry":{"type":"Polygon","coordinates":[[[99.9608056898308,7.889264439802105],[99.95286260412593,7.8975119181405375],[99.94085026332903,7.878470494217993],[99.9163768982753,7.869965154168597],[99.88260587606038,7.892451266612738],[99.81932252981096,7.884820637762289],[99.80610056668786,7.890858256103684],[99.78303317294262,7.857231411400562],[99.74683865587934,7.859561132140584],[99.73235061458928,7.849291953560851],[99.74947392668042,7.835922775016115],[99.77073067398146,7.789031796180495],[99.76714310297189,7.768666848995906],[99.78370499439006,7.759886255246556],[99.78843321691949,7.700391405638925],[99.81795007983237,7.679256488596138],[99.81339668730732,7.64958490541909],[99.78511003220228,7.644113091945712],[99.80998614244658,7.62159282055228],[99.798905930964,7.585186597683389],[99.8361889712441,7.54684485030964],[99.82018656605726,7.5124349101430425],[99.85185738441083,7.483947738597294],[99.8475185638307,7.469546953129452],[99.8616324457808,7.440644412609629],[99.90177918825901,7.388169425378749],[99.89512106558476,7.3654322887691706],[99.90504454476996,7.351430778907343],[99.90453106065996,7.3296178917523775],[99.93914960487041,7.3170773800171105],[99.94623292970601,7.265478654416427],[99.93264893639935,7.243202650581907],[99.94857164636443,7.203689160326519],[99.95955620775283,7.197500017911523],[99.96138884441967,7.168584141345093],[99.99502999463863,7.117939959761372],[100.02441714923214,7.104083584290038],[100.02808548295872,7.0903130554032145],[100.03836189028908,7.1087657804164905],[100.0657548549027,7.109974580762355],[100.06258517906281,7.137979310097137],[100.11095808684627,7.165942172393386],[100.1559004740277,7.149101015399594],[100.17424859169921,7.176197110208534],[100.28022836904404,7.210838873115563],[100.3044261449507,7.208757682720943],[100.31638386991972,7.2315789167336675],[100.34060703638568,7.24940433943874],[100.34138283295147,7.270920544747412],[100.35977623058864,7.27929820804593],[100.35781762858073,7.300521713706189],[100.37641886224077,7.313430215432163],[100.38392009843386,7.277660011100693],[100.40063209119813,7.263620925765167],[100.42572440385823,7.281739981614919],[100.42774935694734,7.308605429996646],[100.41080018597984,7.339317598028799],[100.3990178692793,7.400060199418704],[100.38268006013675,7.425078920555791],[100.38528912289479,7.506094491867373],[100.3553229281107,7.527791698328258],[100.29938494396004,7.498723367789239],[100.25723802741311,7.50074425594272],[100.23716892300746,7.538818578214887],[100.2176395332379,7.784235253054533],[100.19537369623913,7.802750203958794],[100.17756698033196,7.876401741447239],[100.14094132198449,7.868214777589969],[100.10733634069965,7.878820162320665],[100.07174058236205,7.842824808218381],[100.04729738956291,7.8370256442181585],[99.98798030894415,7.859976844655705],[99.9608056898308,7.889264439802105]]]}}]}